fold,donor,model,seed,n_cells,n_present_classes,present_classes,present_class_macro_f1,fixed_ontology_macro_f1,accuracy,balanced_accuracy,predictive_error_auroc,predictive_error_auprc,latent_error_auroc,latent_error_auprc,nll,brier,ece_equal_frequency,ece_equal_width,full_aurc,paurc_0.5_1.0,e_aurc,risk_100,risk_90,risk_80,risk_70,risk_60,risk_50,error_prevalence
0,Donor01,scvi_matched,0,387,7,B;CD14_Mono;CD4T_Mem;CD4T_Naive;CD8T_Mem;CD8T_Naive;NK,0.8053957091024182,0.8053957091024182,0.7596899224806202,0.8111865450446689,0.7936873674200864,0.524851198358298,0.5860946529149295,0.35406013148895765,0.5743474960327148,0.3294002413749695,0.04480604222886632,0.03608855012159324,0.08882393345636268,0.15991689554517957,0.05700060781207963,0.24031007751937983,0.1954022988505747,0.16774193548387095,0.1439114391143912,0.125,0.08247422680412375,0.24031007751937986
0,Donor02,scvi_matched,0,289,7,B;CD14_Mono;CD4T_Mem;CD4T_Naive;CD8T_Mem;CD8T_Naive;NK,0.7716525021518265,0.7716525021518265,0.7785467128027682,0.7769611771677255,0.8310416666666667,0.5259920535917764,0.6038888888888889,0.3293616586429137,0.5267916917800903,0.2970188856124878,0.04991318465929131,0.052515962957098435,0.06901666448676833,0.12931624101696193,0.042071451895671894,0.22145328719723179,0.18461538461538463,0.1341991341991342,0.11386138613861385,0.08670520231213874,0.05555555555555558,0.22145328719723184
0,Donor01,scvi_matched,1,387,7,B;CD14_Mono;CD4T_Mem;CD4T_Naive;CD8T_Mem;CD8T_Naive;NK,0.7985460310072953,0.7985460310072953,0.751937984496124,0.8075577147866745,0.8106028064146621,0.5686000510754249,0.551725372279496,0.28221906732615976,0.5943798422813416,0.3370954990386963,0.03144498019255409,0.03362279383403078,0.08734791016947958,0.15916168052628807,0.05334431422530884,0.24806201550387597,0.20114942528735635,0.17096774193548392,0.1512915129151291,0.11206896551724133,0.07731958762886593,0.24806201550387597
0,Donor02,scvi_matched,1,289,7,B;CD14_Mono;CD4T_Mem;CD4T_Naive;CD8T_Mem;CD8T_Naive;NK,0.7785849713202294,0.7785849713202294,0.7785467128027682,0.7799895815119192,0.8210416666666667,0.526115062539714,0.6615277777777777,0.32942251678464385,0.5435040593147278,0.30488428473472595,0.04560782175163084,0.043613037332944006,0.07158811365396381,0.13441158989855476,0.04464290106286738,0.22145328719723179,0.1807692307692308,0.1428571428571429,0.1089108910891089,0.09248554913294793,0.05555555555555558,0.22145328719723184
0,Donor01,scvi_matched,2,387,7,B;CD14_Mono;CD4T_Mem;CD4T_Naive;CD8T_Mem;CD8T_Naive;NK,0.8177989644522771,0.8177989644522771,0.7829457364341085,0.8182093347043822,0.8250825082508251,0.5719859325586245,0.5591309130913091,0.23904668596172587,0.540653645992279,0.30486881732940674,0.05199018467304318,0.05404787439400528,0.07010077366503822,0.12670834748471765,0.04434682333235436,0.21705426356589153,0.16666666666666663,0.1387096774193548,0.1070110701107011,0.09051724137931039,0.0670103092783505,0.21705426356589147
0,Donor02,scvi_matched,2,289,7,B;CD14_Mono;CD4T_Mem;CD4T_Naive;CD8T_Mem;CD8T_Naive;NK,0.7850774199347051,0.7850774199347051,0.7854671280276817,0.7832857337141303,0.8016910615319028,0.48459297891701403,0.6537587039931789,0.3241955791421847,0.5586886405944824,0.31074467301368713,0.05882905036932869,0.06860692783623004,0.07223748006880734,0.13689297327772512,0.047005917487724105,0.2145328719723183,0.18846153846153846,0.16450216450216448,0.1188118811881188,0.08092485549132944,0.04861111111111116,0.21453287197231835
0,Donor01,scvi_matched,3,387,7,B;CD14_Mono;CD4T_Mem;CD4T_Naive;CD8T_Mem;CD8T_Naive;NK,0.8076014439640729,0.8076014439640729,0.7622739018087855,0.811139406083883,0.8391304347826087,0.5836761552667576,0.5643699336772292,0.28607234399230363,0.5618371367454529,0.31581956148147583,0.05142646927858199,0.05081001286050763,0.07454326523342994,0.13768906044959953,0.04342907820096695,0.23772609819121449,0.1839080459770115,0.14516129032258063,0.12177121771217714,0.09051724137931039,0.05670103092783507,0.23772609819121446
0,Donor02,scvi_matched,3,289,7,B;CD14_Mono;CD4T_Mem;CD4T_Naive;CD8T_Mem;CD8T_Naive;NK,0.7651399953920963,0.7651399953920963,0.7681660899653979,0.7663745118610479,0.8478553180045718,0.6160213518566828,0.6581282775312627,0.33081135574102605,0.5324500799179077,0.3022984266281128,0.08019784185713137,0.06006062762960018,0.06873031953830996,0.13315882166010076,0.03909911851407531,0.23183391003460208,0.16923076923076918,0.1428571428571429,0.11386138613861385,0.09826589595375723,0.04166666666666663,0.23183391003460208
0,Donor01,scvi_matched,4,387,7,B;CD14_Mono;CD4T_Mem;CD4T_Naive;CD8T_Mem;CD8T_Naive;NK,0.8245933232191398,0.8245933232191398,0.7881136950904393,0.8249278320585158,0.7764094362255098,0.44420954280986097,0.608076769292283,0.2800711095741036,0.5768426060676575,0.3185048997402191,0.05329897460703395,0.0551692339801049,0.07936753636373056,0.14341937983642006,0.05486779443721915,0.21188630490956073,0.18678160919540232,0.1483870967741936,0.12915129151291516,0.11206896551724133,0.0670103092783505,0.21188630490956073
0,Donor02,scvi_matched,4,289,7,B;CD14_Mono;CD4T_Mem;CD4T_Naive;CD8T_Mem;CD8T_Naive;NK,0.781335730168356,0.781335730168356,0.7854671280276817,0.7818498523440384,0.8343754440812846,0.5578433996561796,0.5142106011084269,0.22538949813646827,0.5419838428497314,0.2956664264202118,0.046708948884455814,0.04420259409297295,0.06464931299180472,0.12429163771409474,0.039417750410721486,0.2145328719723183,0.17307692307692313,0.1341991341991342,0.1089108910891089,0.08670520231213874,0.02777777777777779,0.21453287197231835
0,Donor01,scvi_matched,5,387,7,B;CD14_Mono;CD4T_Mem;CD4T_Naive;CD8T_Mem;CD8T_Naive;NK,0.8372672933295847,0.8372672933295847,0.7906976744186046,0.8422894459751561,0.7886710239651415,0.46104011465539096,0.4095860566448801,0.17421269037285303,0.5445696711540222,0.309306800365448,0.06105806853728085,0.05986976076774204,0.07596760827012276,0.136183041984954,0.052082248517326256,0.2093023255813954,0.1637931034482759,0.1483870967741936,0.1254612546125461,0.09913793103448276,0.0670103092783505,0.20930232558139536
0,Donor02,scvi_matched,5,289,7,B;CD14_Mono;CD4T_Mem;CD4T_Naive;CD8T_Mem;CD8T_Naive;NK,0.7694915137834386,0.7694915137834386,0.7854671280276817,0.7705486213253151,0.8124911183743072,0.4842517601776502,0.4099047889725735,0.17597734646588936,0.5231699347496033,0.3027251958847046,0.06952722850142877,0.06046445085103126,0.06965784687760475,0.13515937030644395,0.04442628429652151,0.2145328719723183,0.17307692307692313,0.1471861471861472,0.13861386138613863,0.08670520231213874,0.04166666666666663,0.21453287197231835
0,Donor01,scvi_matched,6,387,7,B;CD14_Mono;CD4T_Mem;CD4T_Naive;CD8T_Mem;CD8T_Naive;NK,0.8316047172466462,0.8316047172466462,0.7855297157622739,0.832286767229783,0.8046924540266329,0.4834406782911822,0.5667406467977172,0.27637681226420463,0.5407803058624268,0.30442649126052856,0.032359823777078044,0.037159667920696644,0.07278424953403324,0.13316564510779147,0.047661653370435875,0.21447028423772607,0.17816091954022983,0.15161290322580645,0.11439114391143912,0.0818965517241379,0.05670103092783507,0.2144702842377261
0,Donor02,scvi_matched,6,289,7,B;CD14_Mono;CD4T_Mem;CD4T_Naive;CD8T_Mem;CD8T_Naive;NK,0.7545664967738953,0.7545664967738953,0.7577854671280276,0.7524886943761592,0.846836268754077,0.5727266069383483,0.6424005218525767,0.4185046420369922,0.5559434294700623,0.3113904595375061,0.07111519822612351,0.0651926480775061,0.07320149623857938,0.13778898604701476,0.040744024298873,0.24221453287197237,0.2038461538461539,0.1558441558441559,0.10396039603960394,0.08670520231213874,0.04861111111111116,0.2422145328719723
0,Donor01,scvi_matched,7,387,7,B;CD14_Mono;CD4T_Mem;CD4T_Naive;CD8T_Mem;CD8T_Naive;NK,0.8022257107971393,0.8022257107971393,0.7545219638242894,0.8055953376869939,0.8062004325883201,0.5271415838753142,0.6334534967555876,0.3724922089314462,0.5878071188926697,0.3298097550868988,0.031813999325114015,0.03004182647981076,0.08776368160513764,0.15714270748408446,0.05449568160447105,0.24547803617571062,0.20402298850574707,0.17096774193548392,0.13653136531365317,0.11637931034482762,0.08247422680412375,0.2454780361757106
0,Donor02,scvi_matched,7,289,7,B;CD14_Mono;CD4T_Mem;CD4T_Naive;CD8T_Mem;CD8T_Naive;NK,0.7740584523639723,0.7740584523639723,0.7750865051903114,0.7736911318995162,0.8180631868131869,0.5627926512060024,0.6552884615384615,0.3855549458900155,0.5370902419090271,0.3063648045063019,0.05285635477118838,0.04124904029509597,0.07305272516539278,0.14071703744703773,0.045227653542213725,0.22491349480968859,0.17692307692307696,0.1558441558441559,0.12871287128712872,0.09248554913294793,0.03472222222222221,0.22491349480968859
0,Donor01,scvi_matched,8,387,7,B;CD14_Mono;CD4T_Mem;CD4T_Naive;CD8T_Mem;CD8T_Naive;NK,0.7889819868501391,0.7889819868501391,0.7390180878552972,0.7921494396768212,0.8401994045558402,0.639217497062127,0.5078238593090079,0.2937971067026639,0.5664606094360352,0.32524576783180237,0.06427846190541289,0.0513046066582357,0.08467592188143346,0.15456832730900327,0.04686053582730849,0.2609819121447028,0.2068965517241379,0.17096774193548392,0.12177121771217714,0.10344827586206895,0.07216494845360821,0.26098191214470284
0,Donor02,scvi_matched,8,289,7,B;CD14_Mono;CD4T_Mem;CD4T_Naive;CD8T_Mem;CD8T_Naive;NK,0.7792575071126026,0.7792575071126026,0.7820069204152249,0.779173588039867,0.8192161820480404,0.4871530299084263,0.5789436718640257,0.2696030143842535,0.5357713103294373,0.29743340611457825,0.03670515785167787,0.034399517164098344,0.07026344562980855,0.13228694508829075,0.044182713370294946,0.2179930795847751,0.17692307692307696,0.1428571428571429,0.1188118811881188,0.08092485549132944,0.05555555555555558,0.2179930795847751
0,Donor01,scvi_matched,9,387,7,B;CD14_Mono;CD4T_Mem;CD4T_Naive;CD8T_Mem;CD8T_Naive;NK,0.8314313559594508,0.8314313559594508,0.7932816537467701,0.8315075216978627,0.7708061889250815,0.43386550433106397,0.6343648208469055,0.30832033137556125,0.5611335635185242,0.31331250071525574,0.04806435123586531,0.04796908314529932,0.07928113872864868,0.14060268557179154,0.056001716772677665,0.20671834625322993,0.1724137931034483,0.15161290322580645,0.1328413284132841,0.09913793103448276,0.07731958762886593,0.20671834625322996
0,Donor02,scvi_matched,9,289,7,B;CD14_Mono;CD4T_Mem;CD4T_Naive;CD8T_Mem;CD8T_Naive;NK,0.7600200305937009,0.7600200305937009,0.7716262975778547,0.7651086291309669,0.864859355890746,0.6174525940341308,0.7240114145943742,0.45131631148953,0.5144412517547607,0.2937900722026825,0.07774250183550956,0.06163900616259723,0.06314881363230225,0.11936517889306685,0.03442843562162781,0.22837370242214527,0.17307692307692313,0.1298701298701299,0.08415841584158412,0.08092485549132944,0.03472222222222221,0.22837370242214533
0,Donor01,totalvi,0,387,7,B;CD14_Mono;CD4T_Mem;CD4T_Naive;CD8T_Mem;CD8T_Naive;NK,0.9073449734789351,0.9073449734789351,0.8863049095607235,0.9066563991659395,0.7975748741054863,0.3013355416681071,0.5976013782136231,0.15025600523161334,0.35165736079216003,0.1919972002506256,0.061265715178901205,0.0594854310193419,0.03526089368319796,0.06314204714786352,0.028390947664748114,0.1136950904392765,0.08908045977011492,0.06451612903225812,0.040590405904059046,0.03879310344827591,0.04123711340206182,0.11369509043927649
0,Donor02,totalvi,0,289,7,B;CD14_Mono;CD4T_Mem;CD4T_Naive;CD8T_Mem;CD8T_Naive;NK,0.8783839356856212,0.8783839356856212,0.8719723183391004,0.8740862573099415,0.7980480480480481,0.3270280268616587,0.6685971685971686,0.19142249404829262,0.3672843277454376,0.20360663533210754,0.04157802679134488,0.05745523569905632,0.0393693273515617,0.07591734004743712,0.03057853414901371,0.12802768166089962,0.09999999999999998,0.07359307359307354,0.0643564356435643,0.05780346820809246,0.04166666666666663,0.12802768166089964
0,Donor01,totalvi,1,387,7,B;CD14_Mono;CD4T_Mem;CD4T_Naive;CD8T_Mem;CD8T_Naive;NK,0.9033450183796836,0.9033450183796836,0.8811369509043928,0.9028667282225573,0.8210506183858217,0.3929137307835666,0.5814739257937014,0.1408482418673867,0.33577096462249756,0.1832941472530365,0.03312229678920381,0.03261540749276333,0.03367002559146803,0.060608160394245554,0.02615457000356844,0.11886304909560719,0.08333333333333337,0.06129032258064515,0.047970479704797064,0.03879310344827591,0.02577319587628868,0.11886304909560723
0,Donor02,totalvi,1,289,7,B;CD14_Mono;CD4T_Mem;CD4T_Naive;CD8T_Mem;CD8T_Naive;NK,0.8892997834411078,0.8892997834411078,0.8823529411764706,0.8918711507450797,0.7847750865051903,0.3348963271404065,0.658477508650519,0.18864858052692496,0.3641616702079773,0.19446171820163727,0.05408349292913523,0.05146549605993251,0.038256115249065456,0.07216923533536533,0.030843832529401507,0.11764705882352944,0.08846153846153848,0.08225108225108224,0.05940594059405946,0.052023121387283267,0.03472222222222221,0.11764705882352941
0,Donor01,totalvi,2,387,7,B;CD14_Mono;CD4T_Mem;CD4T_Naive;CD8T_Mem;CD8T_Naive;NK,0.8894825107074729,0.8894825107074729,0.8630490956072352,0.8869916829969862,0.8362896847813808,0.4278443160882135,0.6134900011298159,0.19034567390032606,0.3701745569705963,0.20505769550800323,0.03692805620743014,0.03341409340693354,0.03722092420915188,0.06641470917984273,0.027206309285842792,0.1369509043927648,0.0977011494252874,0.06774193548387097,0.047970479704797064,0.03879310344827591,0.02577319587628868,0.13695090439276486
0,Donor02,totalvi,2,289,7,B;CD14_Mono;CD4T_Mem;CD4T_Naive;CD8T_Mem;CD8T_Naive;NK,0.8885971953317195,0.8885971953317195,0.8823529411764706,0.8874329719647956,0.8115340253748559,0.288971718848039,0.7014994232987313,0.2135131901395219,0.35120126605033875,0.19456444680690765,0.04291673081968894,0.04280947308639338,0.03274010421048805,0.06404444496856179,0.0253278214908241,0.11764705882352944,0.09230769230769231,0.07792207792207795,0.054455445544554504,0.023121387283236983,0.01388888888888884,0.11764705882352941
0,Donor01,totalvi,3,387,7,B;CD14_Mono;CD4T_Mem;CD4T_Naive;CD8T_Mem;CD8T_Naive;NK,0.8833572004923059,0.8833572004923059,0.8578811369509044,0.8827752033991075,0.8556407447973713,0.45524194541501184,0.5874589266155531,0.17905011494044415,0.35085758566856384,0.20136108994483948,0.02075477579767389,0.023726139496771225,0.03437394599236475,0.0656621801232351,0.023576000899531442,0.1421188630490956,0.0977011494252874,0.07096774193548383,0.047970479704797064,0.025862068965517238,0.015463917525773141,0.1421188630490956
0,Donor02,totalvi,3,289,7,B;CD14_Mono;CD4T_Mem;CD4T_Naive;CD8T_Mem;CD8T_Naive;NK,0.8758183702879611,0.8758183702879611,0.8685121107266436,0.8781061180081987,0.8141119731599916,0.3808618675762864,0.6532816104005033,0.1902982339183274,0.3700888454914093,0.20619912445545197,0.031259362879096426,0.04746606213823733,0.03777618089792652,0.07266600273961082,0.028498494457002303,0.13148788927335642,0.10384615384615381,0.07792207792207795,0.05940594059405946,0.046242774566473965,0.02083333333333337,0.1314878892733564
0,Donor01,totalvi,4,387,7,B;CD14_Mono;CD4T_Mem;CD4T_Naive;CD8T_Mem;CD8T_Naive;NK,0.8921119210740318,0.8921119210740318,0.8630490956072352,0.8989068167691779,0.8550446277256807,0.5159859527316184,0.580499378601288,0.16007388609879397,0.3420853018760681,0.19479921460151672,0.02544822079882757,0.0253754235823333,0.03355178825422327,0.061500086197018314,0.023537173330914186,0.1369509043927648,0.09482758620689657,0.06774193548387097,0.040590405904059046,0.030172413793103425,0.02577319587628868,0.13695090439276486
0,Donor02,totalvi,4,289,7,B;CD14_Mono;CD4T_Mem;CD4T_Naive;CD8T_Mem;CD8T_Naive;NK,0.8774847159007704,0.8774847159007704,0.8719723183391004,0.8765202735520974,0.8038395538395539,0.3892208264137635,0.7402402402402403,0.30318282695104926,0.3869907557964325,0.20348072052001953,0.04003780379014856,0.05035097345348873,0.039287766958961516,0.07210360551771368,0.030496973756413526,0.12802768166089962,0.09230769230769231,0.08225108225108224,0.054455445544554504,0.040462427745664775,0.02777777777777779,0.12802768166089964
0,Donor01,totalvi,5,387,7,B;CD14_Mono;CD4T_Mem;CD4T_Naive;CD8T_Mem;CD8T_Naive;NK,0.8916082177031662,0.8916082177031662,0.8656330749354005,0.8932363418774873,0.859931113662457,0.48135871338481295,0.6614236509758897,0.20332708710430045,0.33109110593795776,0.18924754858016968,0.023660059893162062,0.024717388689055885,0.03140935284953934,0.060292596072464275,0.02177478669709689,0.13436692506459946,0.09195402298850575,0.06774193548387097,0.040590405904059046,0.03448275862068961,0.015463917525773141,0.1343669250645995
0,Donor02,totalvi,5,289,7,B;CD14_Mono;CD4T_Mem;CD4T_Naive;CD8T_Mem;CD8T_Naive;NK,0.8642895053294978,0.8642895053294978,0.8581314878892734,0.8616132142371432,0.8491345397324941,0.5133410398195629,0.7624901652242329,0.32348248587131784,0.37691086530685425,0.20123855769634247,0.04200891206833729,0.03854677761714766,0.03649675629672609,0.06812826062715092,0.02567545500056218,0.1418685121107266,0.09230769230769231,0.07359307359307354,0.054455445544554504,0.040462427745664775,0.02777777777777779,0.14186851211072665
0,Donor01,totalvi,6,387,7,B;CD14_Mono;CD4T_Mem;CD4T_Naive;CD8T_Mem;CD8T_Naive;NK,0.894953200861619,0.894953200861619,0.8682170542635659,0.8968666216730216,0.8345588235294118,0.47330439979553385,0.53828197945845,0.15299962534331757,0.3302835524082184,0.18893522024154663,0.032711517595197505,0.024929103078152173,0.0358028402388562,0.06500782388776591,0.02654060948615153,0.13178294573643412,0.08620689655172409,0.0741935483870968,0.05535055350553508,0.03879310344827591,0.030927835051546393,0.13178294573643412
0,Donor02,totalvi,6,289,7,B;CD14_Mono;CD4T_Mem;CD4T_Naive;CD8T_Mem;CD8T_Naive;NK,0.8834139980102714,0.8834139980102714,0.8788927335640139,0.8798686396223117,0.8150731158605173,0.37870171172927647,0.6307086614173228,0.1732276927500105,0.3656982183456421,0.19493035972118378,0.0271500019053687,0.033025257727679065,0.034123436037599715,0.06575703385875194,0.026265290636695287,0.12110726643598613,0.09615384615384615,0.07359307359307354,0.04950495049504955,0.034682080924855474,0.02777777777777779,0.12110726643598616
0,Donor01,totalvi,7,387,7,B;CD14_Mono;CD4T_Mem;CD4T_Naive;CD8T_Mem;CD8T_Naive;NK,0.895630995021239,0.895630995021239,0.8656330749354005,0.8962986928650284,0.843398392652124,0.45402688230361954,0.5990241102181402,0.19450207297350275,0.3529602289199829,0.19781355559825897,0.036154537545926214,0.023917381692610356,0.034203293464543726,0.06580179525678737,0.024568727312101274,0.13436692506459946,0.08908045977011492,0.07096774193548383,0.047970479704797064,0.0431034482758621,0.020618556701030966,0.1343669250645995
0,Donor02,totalvi,7,289,7,B;CD14_Mono;CD4T_Mem;CD4T_Naive;CD8T_Mem;CD8T_Naive;NK,0.8704956750427569,0.8704956750427569,0.8685121107266436,0.8698957908336734,0.8213461941706857,0.4359821521857721,0.6747745858670581,0.26177686298316083,0.3650130331516266,0.1997206211090088,0.03201578707018525,0.0336272073039547,0.03777937672427738,0.06983904592328796,0.028501690283353164,0.13148788927335642,0.09230769230769231,0.06926406926406925,0.054455445544554504,0.046242774566473965,0.03472222222222221,0.1314878892733564
0,Donor01,totalvi,8,387,7,B;CD14_Mono;CD4T_Mem;CD4T_Naive;CD8T_Mem;CD8T_Naive;NK,0.8904025475320404,0.8904025475320404,0.8656330749354005,0.8920273695880068,0.8587830080367393,0.5527643761296451,0.6739380022962111,0.21295369951548454,0.35011595487594604,0.19029180705547333,0.03794324636767386,0.044302126310900476,0.03298975856007279,0.05911811997073599,0.023355192407630336,0.13436692506459946,0.09195402298850575,0.058064516129032295,0.040590405904059046,0.03448275862068961,0.03608247422680411,0.1343669250645995
0,Donor02,totalvi,8,289,7,B;CD14_Mono;CD4T_Mem;CD4T_Naive;CD8T_Mem;CD8T_Naive;NK,0.8831688692307059,0.8831688692307059,0.8754325259515571,0.8795225709622895,0.8208168642951251,0.4119015748062877,0.7569169960474309,0.26799097234611224,0.36251845955848694,0.19177749752998352,0.030825468083153954,0.04373043414630692,0.03540456241679544,0.06604095655130347,0.027086931470034558,0.12456747404844293,0.08461538461538465,0.06926406926406925,0.054455445544554504,0.046242774566473965,0.03472222222222221,0.1245674740484429
0,Donor01,totalvi,9,387,7,B;CD14_Mono;CD4T_Mem;CD4T_Naive;CD8T_Mem;CD8T_Naive;NK,0.9167841209922541,0.9167841209922541,0.8940568475452196,0.9178531421335336,0.8124206964613,0.3944780615811103,0.5725363033977161,0.11905729809749742,0.3252374231815338,0.1768743246793747,0.05099770372844173,0.050648207658329045,0.030087672578325095,0.05704725344635275,0.024129544338312336,0.10594315245478036,0.07183908045977017,0.058064516129032295,0.05535055350553508,0.0431034482758621,0.020618556701030966,0.10594315245478036
0,Donor02,totalvi,9,289,7,B;CD14_Mono;CD4T_Mem;CD4T_Naive;CD8T_Mem;CD8T_Naive;NK,0.9042772214289546,0.9042772214289546,0.8996539792387543,0.9025883507217657,0.7749336870026525,0.3450675399938448,0.6683023872679045,0.15211062281349588,0.33872008323669434,0.1743660420179367,0.04713102752362156,0.0553765430994925,0.03417309912070883,0.06115120450183725,0.028787642136888357,0.10034602076124566,0.0692307692307692,0.06060606060606055,0.054455445544554504,0.046242774566473965,0.04166666666666663,0.10034602076124567
1,Donor03,scvi_matched,0,505,7,B;CD14_Mono;CD4T_Mem;CD4T_Naive;CD8T_Mem;CD8T_Naive;NK,0.8251993508948463,0.8251993508948463,0.805940594059406,0.8156148903618471,0.8255277540991827,0.46477214336251127,0.6125206839492554,0.24628722973853653,0.49178799986839294,0.2716650068759918,0.03255752153915934,0.03492188831367113,0.05872645129247599,0.1101673209955946,0.038352899398616414,0.194059405940594,0.15638766519823788,0.12128712871287128,0.09039548022598876,0.05940594059405946,0.04761904761904767,0.19405940594059407
1,Donor04,scvi_matched,0,522,7,B;CD14_Mono;CD4T_Mem;CD4T_Naive;CD8T_Mem;CD8T_Naive;NK,0.7605133598442908,0.7605133598442908,0.7241379310344828,0.7470485877755492,0.815329218106996,0.5596561859786596,0.6572971781305115,0.39262364316494147,0.5951647758483887,0.3462691605091095,0.03187811243351392,0.024035685592227508,0.09752547395010015,0.18063223887458735,0.05513182662495547,0.27586206896551724,0.24255319148936172,0.20334928229665072,0.1589041095890411,0.12460063897763574,0.07662835249042144,0.27586206896551724
1,Donor03,scvi_matched,1,505,7,B;CD14_Mono;CD4T_Mem;CD4T_Naive;CD8T_Mem;CD8T_Naive;NK,0.8122919854185556,0.8122919854185556,0.7940594059405941,0.8014785349152757,0.8239497410320353,0.5618238535235663,0.6264626894302706,0.30256435069071097,0.5367292761802673,0.291285902261734,0.04080214411905496,0.04756680408326709,0.06501563493246541,0.1193994539746063,0.04197900973102195,0.2059405940594059,0.16079295154185025,0.1311881188118812,0.10451977401129942,0.0726072607260726,0.051587301587301626,0.20594059405940593
1,Donor04,scvi_matched,1,522,7,B;CD14_Mono;CD4T_Mem;CD4T_Naive;CD8T_Mem;CD8T_Naive;NK,0.7850513958591543,0.7850513958591543,0.7509578544061303,0.7699918753850856,0.8029238618524333,0.4750441557573839,0.6754905808477237,0.36181379750861153,0.5804626941680908,0.3338173031806946,0.04697407673601903,0.025440042217572515,0.08774258930822926,0.16349545530847398,0.05354072126141096,0.24904214559386972,0.22765957446808516,0.17942583732057416,0.15068493150684936,0.10223642172523961,0.06513409961685823,0.24904214559386972
1,Donor03,scvi_matched,2,505,7,B;CD14_Mono;CD4T_Mem;CD4T_Naive;CD8T_Mem;CD8T_Naive;NK,0.8064932026308949,0.8064932026308949,0.7881188118811882,0.7943187301645737,0.8130841121495327,0.45730747329960514,0.5514018691588785,0.24231471017377984,0.5497600436210632,0.29936936497688293,0.03390693239646383,0.02328698245605619,0.06884317552556196,0.1284847575010949,0.04440851311342671,0.21188118811881185,0.18281938325991187,0.1534653465346535,0.10734463276836159,0.07920792079207917,0.051587301587301626,0.21188118811881188
1,Donor04,scvi_matched,2,522,7,B;CD14_Mono;CD4T_Mem;CD4T_Naive;CD8T_Mem;CD8T_Naive;NK,0.7832833389880237,0.7832833389880237,0.7298850574712644,0.7713431737497315,0.8161985071015059,0.5705837181487439,0.5786377766608961,0.3552274123320861,0.6025120615959167,0.3431706428527832,0.03583202565310101,0.033771453403878486,0.09580625477003145,0.17428426137823386,0.05525038080584873,0.2701149425287356,0.22765957446808516,0.1842105263157895,0.15616438356164386,0.12140575079872207,0.08812260536398464,0.27011494252873564
1,Donor03,scvi_matched,3,505,7,B;CD14_Mono;CD4T_Mem;CD4T_Naive;CD8T_Mem;CD8T_Naive;NK,0.8337678534384593,0.8337678534384593,0.8217821782178217,0.8225767567482993,0.7931191432396252,0.3551494684895969,0.6510307898259705,0.26870176962198267,0.5050457715988159,0.2750682830810547,0.05659420047656144,0.05177514145870021,0.057890051236992646,0.11277802491565063,0.04079523646109702,0.17821782178217827,0.1519823788546255,0.13366336633663367,0.10734463276836159,0.06600660066006603,0.023809523809523836,0.1782178217821782
1,Donor04,scvi_matched,3,522,7,B;CD14_Mono;CD4T_Mem;CD4T_Naive;CD8T_Mem;CD8T_Naive;NK,0.8075032608242372,0.8075032608242372,0.7624521072796935,0.7933902878903087,0.7960163721834982,0.5145489286474892,0.6964054141676124,0.3839127397539556,0.5743308663368225,0.3283456861972809,0.030911997874121102,0.031105223172469193,0.08587310714362566,0.15744625560195857,0.05488673853861757,0.23754789272030652,0.2021276595744681,0.1722488038277512,0.1424657534246575,0.10543130990415339,0.08045977011494254,0.23754789272030652
1,Donor03,scvi_matched,4,505,7,B;CD14_Mono;CD4T_Mem;CD4T_Naive;CD8T_Mem;CD8T_Naive;NK,0.7890853763223842,0.7890853763223842,0.7722772277227723,0.7766933789992809,0.8303232998885173,0.5531175381365409,0.6042140468227425,0.2745881909621182,0.5502476692199707,0.3054320812225342,0.03896250353001133,0.03496096358440891,0.072032028510129,0.13401074520862968,0.04364942258864096,0.2277227722772277,0.18502202643171806,0.14603960396039606,0.10451977401129942,0.08580858085808585,0.059523809523809534,0.22772277227722773
1,Donor04,scvi_matched,4,522,7,B;CD14_Mono;CD4T_Mem;CD4T_Naive;CD8T_Mem;CD8T_Naive;NK,0.8130386771023347,0.8130386771023347,0.7796934865900383,0.7933626417428643,0.7820745646832602,0.46679331558777887,0.6722786027133854,0.31386128203594066,0.5784500241279602,0.3288465142250061,0.05084697959295177,0.05469695161813976,0.08203610765283531,0.1472874155964403,0.055548883159309226,0.22030651340996166,0.18723404255319154,0.16507177033492826,0.1424657534246575,0.10223642172523961,0.06513409961685823,0.22030651340996169
1,Donor03,scvi_matched,5,505,7,B;CD14_Mono;CD4T_Mem;CD4T_Naive;CD8T_Mem;CD8T_Naive;NK,0.80257137608531,0.80257137608531,0.7900990099009901,0.7871827106932726,0.8146545609306285,0.5076409348403773,0.6229015936066582,0.29617066180283147,0.5473225712776184,0.2968229651451111,0.02962231240650214,0.03799821870161755,0.06788345485130831,0.12775823509644385,0.043919763609290334,0.20990099009900987,0.17180616740088106,0.13861386138613863,0.11016949152542377,0.07920792079207917,0.051587301587301626,0.2099009900990099
1,Donor04,scvi_matched,5,522,7,B;CD14_Mono;CD4T_Mem;CD4T_Naive;CD8T_Mem;CD8T_Naive;NK,0.7705769117046762,0.7705769117046762,0.7432950191570882,0.7543980538452096,0.792910447761194,0.5133399702526895,0.6416179412217264,0.3233990387588197,0.5900911688804626,0.3408428132534027,0.042456887062938736,0.027319470356250628,0.0964912971754923,0.17196266057988321,0.060048185967338914,0.2567049808429118,0.22127659574468084,0.19377990430622005,0.147945205479452,0.11182108626198084,0.10344827586206895,0.2567049808429119
1,Donor03,scvi_matched,6,505,7,B;CD14_Mono;CD4T_Mem;CD4T_Naive;CD8T_Mem;CD8T_Naive;NK,0.8118793473982223,0.8118793473982223,0.7881188118811882,0.8073240129174638,0.8003804067064293,0.47579871250345673,0.5241159066359836,0.20760806922966676,0.5471776127815247,0.3025134801864624,0.04070675455697693,0.03180756232526044,0.07194289186784446,0.13632766456741766,0.047508229455709206,0.21188118811881185,0.1806167400881057,0.14851485148514854,0.1271186440677966,0.09240924092409242,0.05555555555555558,0.21188118811881188
1,Donor04,scvi_matched,6,522,7,B;CD14_Mono;CD4T_Mem;CD4T_Naive;CD8T_Mem;CD8T_Naive;NK,0.7808685181007927,0.7808685181007927,0.7490421455938697,0.7709378971428424,0.8233537025829251,0.5867406064871026,0.5708791316061771,0.2797960879551845,0.5686383247375488,0.32280370593070984,0.04402631869489663,0.038563256747877916,0.0850715604130553,0.15290324232632418,0.05031674342144285,0.2509578544061303,0.2085106382978723,0.1722488038277512,0.1315068493150685,0.10223642172523961,0.07279693486590033,0.2509578544061303
1,Donor03,scvi_matched,7,505,7,B;CD14_Mono;CD4T_Mem;CD4T_Naive;CD8T_Mem;CD8T_Naive;NK,0.8029400741776785,0.8029400741776785,0.7900990099009901,0.7943274461666203,0.8171371825790892,0.4816652206787588,0.6242256584858372,0.27371011958413405,0.5335292816162109,0.29476460814476013,0.023091474618061922,0.02413534079447831,0.06637691566680408,0.12714666876221878,0.0424132244247861,0.20990099009900987,0.1784140969162996,0.14851485148514854,0.11299435028248583,0.07590759075907594,0.04761904761904767,0.2099009900990099
1,Donor04,scvi_matched,7,522,7,B;CD14_Mono;CD4T_Mem;CD4T_Naive;CD8T_Mem;CD8T_Naive;NK,0.809787478394247,0.809787478394247,0.764367816091954,0.7947202151594436,0.7882714917374738,0.47718497457581877,0.6469629357947715,0.33250857369260944,0.5706855654716492,0.32824331521987915,0.023029764892954482,0.02280502289647801,0.08726020500269961,0.1573929791607821,0.05679283520200132,0.23563218390804597,0.20638297872340428,0.1722488038277512,0.13972602739726026,0.11182108626198084,0.08045977011494254,0.23563218390804597
1,Donor03,scvi_matched,8,505,7,B;CD14_Mono;CD4T_Mem;CD4T_Naive;CD8T_Mem;CD8T_Naive;NK,0.8201627968667109,0.8201627968667109,0.80990099009901,0.8130592868600816,0.8125,0.4287804809480044,0.614659739201304,0.266112571887388,0.5283787250518799,0.28264930844306946,0.04931105233655119,0.03206676775866218,0.059939928162222544,0.1130236199894356,0.040415015982122646,0.19009900990099005,0.16079295154185025,0.12128712871287128,0.10734463276836159,0.06600660066006603,0.031746031746031744,0.1900990099009901
1,Donor04,scvi_matched,8,522,7,B;CD14_Mono;CD4T_Mem;CD4T_Naive;CD8T_Mem;CD8T_Naive;NK,0.7995768341931806,0.7995768341931806,0.7547892720306514,0.786588105698051,0.8015942258883249,0.4998149722109597,0.6420724936548223,0.3305936539307285,0.5716376900672913,0.3300949037075043,0.01970309789838463,0.020711727754366336,0.08710252527714599,0.16174579371904685,0.05399190651823323,0.24521072796934862,0.21702127659574466,0.18181818181818177,0.14520547945205475,0.11182108626198084,0.07279693486590033,0.24521072796934865
1,Donor03,scvi_matched,9,505,7,B;CD14_Mono;CD4T_Mem;CD4T_Naive;CD8T_Mem;CD8T_Naive;NK,0.8123990826380563,0.8123990826380563,0.803960396039604,0.8013195498652868,0.7930039309349655,0.43674621198789887,0.5717271234512613,0.2143880200606603,0.533375084400177,0.2946103513240814,0.05388749595915917,0.04684711977987008,0.06716130427842597,0.1265987265500252,0.046356140463026996,0.196039603960396,0.1651982378854625,0.1410891089108911,0.11864406779661019,0.09240924092409242,0.03968253968253965,0.19603960396039605
1,Donor04,scvi_matched,9,522,7,B;CD14_Mono;CD4T_Mem;CD4T_Naive;CD8T_Mem;CD8T_Naive;NK,0.7834347044618747,0.7834347044618747,0.7394636015325671,0.7745930849615131,0.813071472112161,0.5359348057763951,0.6665079244132887,0.34988547944186643,0.5894798636436462,0.3396988809108734,0.031446430760781886,0.03282275493345955,0.09181373012782745,0.16775667480678882,0.0542204235179775,0.26053639846743293,0.22765957446808516,0.18181818181818177,0.147945205479452,0.12140575079872207,0.08045977011494254,0.26053639846743293
1,Donor03,totalvi,0,505,7,B;CD14_Mono;CD4T_Mem;CD4T_Naive;CD8T_Mem;CD8T_Naive;NK,0.8945427005077649,0.8945427005077649,0.8792079207920792,0.8841755550061509,0.8612464923940334,0.38526709433842554,0.6325875055383252,0.1661537251371512,0.3381006717681885,0.18340089917182922,0.040320268361875314,0.044056609597536586,0.026796329003946334,0.051554333595418236,0.019068573444702905,0.12079207920792079,0.07929515418502198,0.05693069306930698,0.039548022598870025,0.01320132013201325,0.011904761904761862,0.12079207920792079
1,Donor04,totalvi,0,522,7,B;CD14_Mono;CD4T_Mem;CD4T_Naive;CD8T_Mem;CD8T_Naive;NK,0.8857810476085053,0.8857810476085053,0.8697318007662835,0.8769356768695147,0.8320160663384297,0.3738882867604989,0.6545737237626328,0.23310214812953078,0.3684667646884918,0.2021338790655136,0.03232628940622468,0.032502774591646896,0.03433914926970837,0.06552705816036532,0.02533506420422134,0.13026819923371646,0.09999999999999998,0.06937799043062198,0.049315068493150704,0.03194888178913735,0.019157088122605415,0.13026819923371646
1,Donor03,totalvi,1,505,7,B;CD14_Mono;CD4T_Mem;CD4T_Naive;CD8T_Mem;CD8T_Naive;NK,0.8998600729529315,0.8998600729529315,0.8871287128712871,0.8917439236571357,0.8536184210526315,0.41841343150178195,0.640859962406015,0.1938028692159226,0.3350183963775635,0.17351149022579193,0.04174925832465143,0.04126642033605289,0.02665362847528764,0.04955465626968962,0.019917810991874306,0.11287128712871286,0.07268722466960353,0.04702970297029707,0.03672316384180796,0.02640264026402639,0.015873015873015928,0.11287128712871287
1,Donor04,totalvi,1,522,7,B;CD14_Mono;CD4T_Mem;CD4T_Naive;CD8T_Mem;CD8T_Naive;NK,0.8866857347176792,0.8866857347176792,0.8773946360153256,0.8722791302676856,0.8492085152838428,0.3819042111568878,0.6315843340611353,0.21654562112674103,0.35006171464920044,0.19058506190776825,0.042727817977525256,0.04793450099298325,0.02998721851238525,0.054362026736953034,0.022026314537380028,0.12260536398467436,0.08723404255319145,0.05980861244019142,0.03561643835616435,0.019169329073482455,0.019157088122605415,0.12260536398467432
1,Donor03,totalvi,2,505,7,B;CD14_Mono;CD4T_Mem;CD4T_Naive;CD8T_Mem;CD8T_Naive;NK,0.9040019092622265,0.9040019092622265,0.8871287128712871,0.89578184638726,0.8515820802005013,0.38928764433531876,0.6633380325814536,0.1961697600197137,0.3452646732330322,0.17741352319717407,0.03454602980377649,0.04103162324074471,0.026159544020998474,0.05089843490463956,0.01942372653758514,0.11287128712871286,0.07268722466960353,0.051980198019802026,0.0423728813559322,0.02970297029702973,0.011904761904761862,0.11287128712871287
1,Donor04,totalvi,2,522,7,B;CD14_Mono;CD4T_Mem;CD4T_Naive;CD8T_Mem;CD8T_Naive;NK,0.8782445545957493,0.8782445545957493,0.8639846743295019,0.8687797616947022,0.8685237812685425,0.47727813448700124,0.6577558477249306,0.2203393649064305,0.3496114909648895,0.1925530582666397,0.03845848171647023,0.05152267468843424,0.03079033859658915,0.05698743805495632,0.020959593773742055,0.13601532567049812,0.09148936170212763,0.0574162679425837,0.03561643835616435,0.025559105431309903,0.019157088122605415,0.1360153256704981
1,Donor03,totalvi,3,505,7,B;CD14_Mono;CD4T_Mem;CD4T_Naive;CD8T_Mem;CD8T_Naive;NK,0.8981916357218004,0.8981916357218004,0.8831683168316832,0.8905283711844244,0.8671809683058448,0.4636623346329214,0.6097894656836665,0.19783490948532656,0.3387347459793091,0.1743028610944748,0.039646302355398025,0.04611249430344839,0.025990915136134274,0.047959749991890926,0.018768008448874503,0.11683168316831682,0.07268722466960353,0.04702970297029707,0.031073446327683607,0.02640264026402639,0.019841269841269882,0.11683168316831684
1,Donor04,totalvi,3,522,7,B;CD14_Mono;CD4T_Mem;CD4T_Naive;CD8T_Mem;CD8T_Naive;NK,0.8828358824042625,0.8828358824042625,0.8697318007662835,0.8670116923266661,0.8577999481731018,0.4733170802114681,0.6216960352422908,0.1731987777545782,0.35651931166648865,0.18685202300548553,0.04242711985248258,0.04110783155850523,0.03114265099499595,0.0577709210766253,0.02213856592950892,0.13026819923371646,0.08297872340425527,0.05980861244019142,0.043835616438356206,0.025559105431309903,0.02298850574712641,0.13026819923371646
1,Donor03,totalvi,4,505,7,B;CD14_Mono;CD4T_Mem;CD4T_Naive;CD8T_Mem;CD8T_Naive;NK,0.9028695456650236,0.9028695456650236,0.8831683168316832,0.8971853146417411,0.8634567150566239,0.4796745953685634,0.6611309569050696,0.20127442374854013,0.32042396068573,0.17307224869728088,0.03761616709208724,0.03729618604820553,0.025840312565391824,0.04976361583210212,0.018617405878132053,0.11683168316831682,0.07268722466960353,0.051980198019802026,0.03389830508474578,0.02310231023102305,0.015873015873015928,0.11683168316831684
1,Donor04,totalvi,4,522,7,B;CD14_Mono;CD4T_Mem;CD4T_Naive;CD8T_Mem;CD8T_Naive;NK,0.8870494992492065,0.8870494992492065,0.8716475095785441,0.8776463448303762,0.8476955879940955,0.40619728428576646,0.6885681482696407,0.24098619581433214,0.34112006425857544,0.19133776426315308,0.04182754257172917,0.041740148060623226,0.031281113008797476,0.05881782155758768,0.022544129516368215,0.1283524904214559,0.10212765957446812,0.06459330143540665,0.0328767123287671,0.022364217252396124,0.02298850574712641,0.12835249042145594
1,Donor03,totalvi,5,505,7,B;CD14_Mono;CD4T_Mem;CD4T_Naive;CD8T_Mem;CD8T_Naive;NK,0.9010759641712548,0.9010759641712548,0.8871287128712871,0.8925625645453091,0.8500939849624061,0.3916521770140418,0.671953320802005,0.19343296592819273,0.3234955966472626,0.1762572079896927,0.04151115854187768,0.04164858649272729,0.026752163794376744,0.05048430521519818,0.02001634631096341,0.11287128712871286,0.0770925110132159,0.04950495049504955,0.03672316384180796,0.02640264026402639,0.011904761904761862,0.11287128712871287
1,Donor04,totalvi,5,522,7,B;CD14_Mono;CD4T_Mem;CD4T_Naive;CD8T_Mem;CD8T_Naive;NK,0.8822077536090427,0.8822077536090427,0.8659003831417624,0.8786184876957195,0.8445638432364095,0.5025168530399011,0.6350821744627054,0.18741359283469297,0.3582168519496918,0.1960826814174652,0.039038691027411115,0.03636821647713464,0.034866176083039484,0.06353720764931958,0.025315219687792503,0.13409961685823757,0.08723404255319145,0.06937799043062198,0.043835616438356206,0.03833865814696491,0.026819923371647514,0.13409961685823754
1,Donor03,totalvi,6,505,7,B;CD14_Mono;CD4T_Mem;CD4T_Naive;CD8T_Mem;CD8T_Naive;NK,0.883927242348295,0.883927242348295,0.8633663366336634,0.8739391137065865,0.8782741656694588,0.49367418549576125,0.643631166068342,0.24913427630711843,0.34822991490364075,0.19168943166732788,0.028493251422844312,0.028197341154117393,0.02864113403763828,0.055628308191798044,0.01871477541180864,0.13663366336633664,0.09251101321585908,0.0643564356435643,0.03389830508474578,0.01980198019801982,0.007936507936507908,0.13663366336633664
1,Donor04,totalvi,6,522,7,B;CD14_Mono;CD4T_Mem;CD4T_Naive;CD8T_Mem;CD8T_Naive;NK,0.8844862455251875,0.8844862455251875,0.8582375478927203,0.8737856657087137,0.8509592181467182,0.4811961397390938,0.6214406370656371,0.17781228754316603,0.36943379044532776,0.20334818959236145,0.033100568014999915,0.029235711613834123,0.03628105075523786,0.06464155494687829,0.025585416702009367,0.14176245210727967,0.10212765957446812,0.06698564593301437,0.04109589041095896,0.03514376996805113,0.02298850574712641,0.1417624521072797
1,Donor03,totalvi,7,505,7,B;CD14_Mono;CD4T_Mem;CD4T_Naive;CD8T_Mem;CD8T_Naive;NK,0.9020782911159362,0.9020782911159362,0.8871287128712871,0.8949081659876714,0.8675595238095237,0.5036885542230012,0.6576206140350876,0.20526600591705413,0.3218274712562561,0.1706729680299759,0.03406660899077312,0.03757790946724392,0.02374674636356406,0.04688189110711036,0.017010928880150725,0.11287128712871286,0.07048458149779735,0.054455445544554504,0.03389830508474578,0.01650165016501648,0.003968253968253954,0.11287128712871287
1,Donor04,totalvi,7,522,7,B;CD14_Mono;CD4T_Mem;CD4T_Naive;CD8T_Mem;CD8T_Naive;NK,0.8761754619117527,0.8761754619117527,0.8505747126436781,0.8677041378165312,0.850918225918226,0.49230198135312403,0.6653095403095404,0.21702980676014938,0.37458133697509766,0.20792937278747559,0.03299081565319807,0.03086435035499118,0.03840726254908961,0.06971569200457194,0.026498531813761217,0.14942528735632188,0.10851063829787233,0.0717703349282297,0.043835616438356206,0.03514376996805113,0.03065134099616862,0.14942528735632185
1,Donor03,totalvi,8,505,7,B;CD14_Mono;CD4T_Mem;CD4T_Naive;CD8T_Mem;CD8T_Naive;NK,0.895985868637647,0.895985868637647,0.8811881188118812,0.8853628020870606,0.866441947565543,0.46494549013815256,0.6555805243445693,0.21381441427618098,0.3539605438709259,0.18055276572704315,0.04063113550148389,0.039442024136533825,0.026202531541112732,0.05001156331396546,0.018729425359456417,0.1188118811881188,0.07488986784140972,0.044554455445544594,0.03389830508474578,0.02640264026402639,0.023809523809523836,0.1188118811881188
1,Donor04,totalvi,8,522,7,B;CD14_Mono;CD4T_Mem;CD4T_Naive;CD8T_Mem;CD8T_Naive;NK,0.8915807212395414,0.8915807212395414,0.867816091954023,0.8811382935193552,0.8475221550372717,0.409965184830239,0.6543174328950314,0.22526797737361376,0.3735559582710266,0.19626815617084503,0.038154003378075195,0.03736847924546722,0.03342767281328401,0.05989667427546376,0.024152266551804708,0.13218390804597702,0.09999999999999998,0.05980861244019142,0.0383561643835616,0.025559105431309903,0.019157088122605415,0.13218390804597702
1,Donor03,totalvi,9,505,7,B;CD14_Mono;CD4T_Mem;CD4T_Naive;CD8T_Mem;CD8T_Naive;NK,0.8923806887283898,0.8923806887283898,0.8732673267326733,0.887654418950131,0.8774092970521542,0.483278639345249,0.6198979591836735,0.17680284867188295,0.33104613423347473,0.182006374001503,0.0367019545913923,0.052898905831988516,0.02607552483039813,0.05092176278601165,0.01755702139011238,0.12673267326732673,0.08370044052863435,0.054455445544554504,0.03389830508474578,0.01650165016501648,0.007936507936507908,0.12673267326732673
1,Donor04,totalvi,9,522,7,B;CD14_Mono;CD4T_Mem;CD4T_Naive;CD8T_Mem;CD8T_Naive;NK,0.8879250578553757,0.8879250578553757,0.8735632183908046,0.8779057885307916,0.8412081339712918,0.42451735575669575,0.6568979266347688,0.20858987683847893,0.35411936044692993,0.1924462765455246,0.04296482368675684,0.04047808336572173,0.03233913104174385,0.05980011191515322,0.023865038773334433,0.12643678160919536,0.09361702127659577,0.05980861244019142,0.046575342465753455,0.03514376996805113,0.019157088122605415,0.12643678160919541
2,Donor05,scvi_matched,0,577,7,B;CD14_Mono;CD4T_Mem;CD4T_Naive;CD8T_Mem;CD8T_Naive;NK,0.7648785410103857,0.7648785410103857,0.7400346620450606,0.7912709702183386,0.7712256049960968,0.47105596992717846,0.679984387197502,0.39628194344301265,0.6037077307701111,0.3505028188228607,0.05730325097227841,0.03380833925159593,0.10422384714980687,0.18732294153125967,0.06682693165876638,0.25996533795493937,0.23506743737957614,0.20995670995671,0.1633663366336634,0.1502890173410405,0.07986111111111116,0.25996533795493937
2,Donor06,scvi_matched,0,581,7,B;CD14_Mono;CD4T_Mem;CD4T_Naive;CD8T_Mem;CD8T_Naive;NK,0.7746055618413379,0.7746055618413379,0.7280550774526678,0.7677478436459791,0.7721668611784421,0.48726480946238554,0.6312206362031302,0.35506656923050517,0.6103200316429138,0.35771939158439636,0.032962136650249586,0.024243310376001515,0.11171091560578326,0.19302700362147185,0.07060120567527672,0.27194492254733216,0.24282982791586993,0.21075268817204296,0.1744471744471745,0.1404011461318052,0.10344827586206895,0.2719449225473322
2,Donor05,scvi_matched,1,577,7,B;CD14_Mono;CD4T_Mem;CD4T_Naive;CD8T_Mem;CD8T_Naive;NK,0.7911261344901899,0.7911261344901899,0.7469670710571924,0.7948136106030843,0.8153227600673808,0.5186548301337297,0.6513205987985888,0.34137012869977873,0.5852015614509583,0.3313286602497101,0.036368887903785375,0.024792563977233274,0.08634392286532122,0.16222668761234665,0.05100769935349156,0.2530329289428076,0.21579961464354525,0.17965367965367962,0.150990099009901,0.10693641618497107,0.06597222222222221,0.2530329289428076
2,Donor06,scvi_matched,1,581,7,B;CD14_Mono;CD4T_Mem;CD4T_Naive;CD8T_Mem;CD8T_Naive;NK,0.7628043549904664,0.7628043549904664,0.7263339070567987,0.7549443758582939,0.8103818295627292,0.5340230744894227,0.6332230468866435,0.36105921650311157,0.5980883240699768,0.3441332280635834,0.03525419099811022,0.04135888142963284,0.09905020215606725,0.17957592792425026,0.05739071354231556,0.2736660929432013,0.23518164435946465,0.19784946236559142,0.16216216216216217,0.1289398280802292,0.07241379310344831,0.2736660929432014
2,Donor05,scvi_matched,2,577,7,B;CD14_Mono;CD4T_Mem;CD4T_Naive;CD8T_Mem;CD8T_Naive;NK,0.7860723640003172,0.7860723640003172,0.7348353552859619,0.7858898372056267,0.8223270440251572,0.5628955286032513,0.45685349611542725,0.23939166505169868,0.5723546147346497,0.3316153883934021,0.03744501794851424,0.03213464428688458,0.09082384825478303,0.16740015549346543,0.051838829313354956,0.2651646447140381,0.22736030828516374,0.18614718614718617,0.14603960396039606,0.11560693641618502,0.06597222222222221,0.2651646447140381
2,Donor06,scvi_matched,2,581,7,B;CD14_Mono;CD4T_Mem;CD4T_Naive;CD8T_Mem;CD8T_Naive;NK,0.7984626085082723,0.7984626085082723,0.7624784853700516,0.7841305517217579,0.7509405568096313,0.4235182247549123,0.4972355808551706,0.2321577595725568,0.5988954901695251,0.3403821885585785,0.03499195625983088,0.02814997760851494,0.09934151914076111,0.17482672897587195,0.06838540063204403,0.23752151462994842,0.21223709369024857,0.1913978494623656,0.1646191646191646,0.13467048710601714,0.10689655172413792,0.23752151462994836
2,Donor05,scvi_matched,3,577,7,B;CD14_Mono;CD4T_Mem;CD4T_Naive;CD8T_Mem;CD8T_Naive;NK,0.7893986784795896,0.7893986784795896,0.7590987868284229,0.8069373885163358,0.7974935120396833,0.5225713894942728,0.6313688775007391,0.3064632880643917,0.5682879686355591,0.3267604410648346,0.03201713626058305,0.030203626618641493,0.08727219162286855,0.15962209194794774,0.05538772022733868,0.2409012131715771,0.20038535645472066,0.17316017316017318,0.1534653465346535,0.11849710982658956,0.07986111111111116,0.24090121317157712
2,Donor06,scvi_matched,3,581,7,B;CD14_Mono;CD4T_Mem;CD4T_Naive;CD8T_Mem;CD8T_Naive;NK,0.7801198606135793,0.7801198606135793,0.7504302925989673,0.7724464962554711,0.7730544131603923,0.4597523924683738,0.620436570705473,0.31039827350811255,0.5790823698043823,0.33737945556640625,0.028867887804307133,0.023204741605177628,0.09834796749747303,0.1762317992350684,0.06401855360782871,0.24956970740103268,0.21797323135755253,0.1913978494623656,0.16953316953316955,0.13180515759312317,0.09310344827586203,0.2495697074010327
2,Donor05,scvi_matched,4,577,7,B;CD14_Mono;CD4T_Mem;CD4T_Naive;CD8T_Mem;CD8T_Naive;NK,0.7934406328273563,0.7934406328273563,0.7625649913344887,0.8085325927431191,0.7938785666887856,0.5104359368734744,0.657879893828799,0.3447245147067009,0.5680733323097229,0.3260060250759125,0.03554428067942837,0.0271176545004291,0.08865378177959178,0.15506088941142626,0.05771977688894817,0.23743500866551126,0.19460500963391136,0.1601731601731602,0.13613861386138615,0.11849710982658956,0.07986111111111116,0.23743500866551126
2,Donor06,scvi_matched,4,581,7,B;CD14_Mono;CD4T_Mem;CD4T_Naive;CD8T_Mem;CD8T_Naive;NK,0.7771074668566417,0.7771074668566417,0.7349397590361446,0.759366775609356,0.8148058030962013,0.5605749791846754,0.6232093433498587,0.350197437982834,0.5749045014381409,0.3304290175437927,0.03292894799409756,0.03048116348286298,0.09432041876208945,0.16870352082201504,0.05536922969766701,0.2650602409638554,0.2237093690248566,0.18494623655913978,0.14742014742014742,0.11174785100286533,0.08275862068965523,0.26506024096385544
2,Donor05,scvi_matched,5,577,7,B;CD14_Mono;CD4T_Mem;CD4T_Naive;CD8T_Mem;CD8T_Naive;NK,0.7831639978188986,0.7831639978188986,0.7417677642980935,0.7934063763011131,0.8132252399172051,0.5343161589277585,0.5984758201091389,0.31148841664033405,0.5767901539802551,0.33548274636268616,0.04026149443158655,0.027485016313747893,0.089797006943388,0.16564105479225422,0.05292132897568218,0.25823223570190645,0.22543352601156075,0.18831168831168832,0.15841584158415845,0.09826589595375723,0.06597222222222221,0.2582322357019064
2,Donor06,scvi_matched,5,581,7,B;CD14_Mono;CD4T_Mem;CD4T_Naive;CD8T_Mem;CD8T_Naive;NK,0.7867258878237454,0.7867258878237454,0.7590361445783133,0.7758957253607072,0.7275672173631358,0.3824299902360752,0.5937803692905734,0.3109958373484246,0.6180417537689209,0.3543641269207001,0.04544694190796805,0.04137052808489117,0.10845432644769662,0.1868949470168562,0.07655396821554672,0.24096385542168675,0.2237093690248566,0.2021505376344086,0.17936117936117935,0.1547277936962751,0.11724137931034484,0.24096385542168675
2,Donor05,scvi_matched,6,577,7,B;CD14_Mono;CD4T_Mem;CD4T_Naive;CD8T_Mem;CD8T_Naive;NK,0.7987954907061908,0.7987954907061908,0.7625649913344887,0.8125764862606968,0.8020736562707367,0.517222307370324,0.6421201061712011,0.3047794259064538,0.5678435564041138,0.3209950029850006,0.05887408097447309,0.033069205501050636,0.08484242356094564,0.15355217214467476,0.05390841867030203,0.23743500866551126,0.19267822736030826,0.16666666666666663,0.14603960396039606,0.09537572254335258,0.07291666666666663,0.23743500866551126
2,Donor06,scvi_matched,6,581,7,B;CD14_Mono;CD4T_Mem;CD4T_Naive;CD8T_Mem;CD8T_Naive;NK,0.7870157389715644,0.7870157389715644,0.7452667814113597,0.776895160319036,0.7614225079583048,0.4609936053083543,0.6345733724486612,0.32347529543393777,0.5941005349159241,0.34669655561447144,0.04052251685096556,0.03374067641371501,0.1058561532794299,0.182975479239645,0.0700220060228193,0.2547332185886403,0.22944550669216057,0.20430107526881724,0.17690417690417692,0.13467048710601714,0.09999999999999998,0.2547332185886403
2,Donor05,scvi_matched,7,577,7,B;CD14_Mono;CD4T_Mem;CD4T_Naive;CD8T_Mem;CD8T_Naive;NK,0.7769473619412209,0.7769473619412209,0.7417677642980935,0.7919054392738604,0.7922912877124757,0.5171041158713343,0.6485291350435928,0.4006482983856551,0.5970101952552795,0.3412909507751465,0.029981061738739802,0.02792362602785925,0.09872524527764212,0.17391785436613974,0.06184956730993629,0.25823223570190645,0.22157996146435455,0.18181818181818177,0.16089108910891092,0.12716763005780352,0.08680555555555558,0.2582322357019064
2,Donor06,scvi_matched,7,581,7,B;CD14_Mono;CD4T_Mem;CD4T_Naive;CD8T_Mem;CD8T_Naive;NK,0.792466404160557,0.792466404160557,0.7487091222030982,0.7791670267536809,0.7941426547000472,0.4792943485929454,0.6471579278853725,0.3562268931454332,0.5833079218864441,0.3333628475666046,0.019614778471895838,0.01449439201420636,0.09263387086848111,0.16925155099862763,0.057806838942352244,0.25129087779690185,0.2217973231357553,0.18924731182795695,0.1547911547911548,0.1146131805157593,0.07241379310344831,0.2512908777969019
2,Donor05,scvi_matched,8,577,7,B;CD14_Mono;CD4T_Mem;CD4T_Naive;CD8T_Mem;CD8T_Naive;NK,0.7841336232541112,0.7841336232541112,0.7521663778162911,0.7988625843889002,0.7854887048435436,0.5020851266604175,0.5932132383745287,0.31188997280337016,0.5961322784423828,0.34394773840904236,0.023881248626180088,0.02860102041961829,0.09534044507039395,0.16757718515631964,0.0615074856844265,0.24783362218370886,0.21387283236994215,0.18398268398268403,0.1534653465346535,0.12138728323699421,0.08333333333333337,0.24783362218370883
2,Donor06,scvi_matched,8,581,7,B;CD14_Mono;CD4T_Mem;CD4T_Naive;CD8T_Mem;CD8T_Naive;NK,0.7657957000507762,0.7657957000507762,0.7246127366609294,0.753167713012763,0.802790973871734,0.5640164752299621,0.5931264845605702,0.316546305220284,0.5854792594909668,0.3452100157737732,0.018736771482608817,0.01486720285809595,0.10250465741938494,0.18529749467370119,0.06029131151955432,0.2753872633390706,0.23709369024856597,0.20430107526881724,0.16953316953316955,0.13180515759312317,0.09310344827586203,0.27538726333907054
2,Donor05,scvi_matched,9,577,7,B;CD14_Mono;CD4T_Mem;CD4T_Naive;CD8T_Mem;CD8T_Naive;NK,0.7864576156281854,0.7864576156281854,0.7504332755632582,0.8017058411795254,0.7881222735437515,0.4845234831905302,0.6189216063638696,0.3360376262013305,0.5988523960113525,0.3399677872657776,0.014339304466181443,0.01911341105837964,0.09418410761377077,0.16982191128957055,0.05985406581985223,0.24956672443674177,0.21772639691714835,0.18831168831168832,0.15594059405940597,0.11560693641618502,0.07986111111111116,0.24956672443674177
2,Donor06,scvi_matched,9,581,7,B;CD14_Mono;CD4T_Mem;CD4T_Naive;CD8T_Mem;CD8T_Naive;NK,0.7691407742890327,0.7691407742890327,0.7332185886402753,0.7570343306116589,0.7916704528244738,0.5029017566555878,0.5970467969104953,0.3188115669629797,0.5923061370849609,0.34153589606285095,0.038310035011649334,0.024900432092597673,0.10117376326157403,0.18184252054237698,0.06168901395758414,0.26678141135972466,0.23709369024856597,0.21075268817204296,0.16953316953316955,0.12034383954154726,0.07241379310344831,0.2667814113597246
2,Donor05,totalvi,0,577,7,B;CD14_Mono;CD4T_Mem;CD4T_Naive;CD8T_Mem;CD8T_Naive;NK,0.8923135084145376,0.8923135084145376,0.8648180242634316,0.8971832734990629,0.8194080468629567,0.39824030267542254,0.6168233903704845,0.2002574125252367,0.36301305890083313,0.20373527705669403,0.026691320760617834,0.022661332189520277,0.03851190105214724,0.07220817342102595,0.028815714429614323,0.13518197573656843,0.10211946050096343,0.08658008658008653,0.05940594059405946,0.040462427745664775,0.01736111111111116,0.13518197573656845
2,Donor06,totalvi,0,581,7,B;CD14_Mono;CD4T_Mem;CD4T_Naive;CD8T_Mem;CD8T_Naive;NK,0.8792866996948631,0.8792866996948631,0.8657487091222031,0.8645109699423086,0.8643013712596217,0.44379463837509425,0.6346026405668552,0.19335152061695654,0.35755911469459534,0.19455276429653168,0.03311151368687771,0.03353989421808372,0.030828517013400517,0.05788316242448216,0.021268604773156882,0.13425129087779686,0.09369024856596553,0.06021505376344083,0.03194103194103193,0.025787965616045794,0.024137931034482807,0.1342512908777969
2,Donor05,totalvi,1,577,7,B;CD14_Mono;CD4T_Mem;CD4T_Naive;CD8T_Mem;CD8T_Naive;NK,0.8961243651131258,0.8961243651131258,0.8700173310225303,0.9007439770597665,0.8346347941567065,0.3790444169726824,0.6126162018592298,0.1938304329169105,0.35479870438575745,0.19737331569194794,0.036358573924317523,0.03616774340436196,0.03421003175428269,0.06323479434055986,0.02525787701865135,0.12998266897746968,0.09826589595375723,0.07359307359307354,0.044554455445544594,0.026011560693641633,0.02430555555555558,0.12998266897746968
2,Donor06,totalvi,1,581,7,B;CD14_Mono;CD4T_Mem;CD4T_Naive;CD8T_Mem;CD8T_Naive;NK,0.8825989173047448,0.8825989173047448,0.8674698795180723,0.8715019598197602,0.8386672850958565,0.42064877607689444,0.6280921459492887,0.19944205039111243,0.354122132062912,0.19713497161865234,0.0238968862313617,0.025093298001461737,0.03407077854743157,0.06474731222886407,0.02475876169215325,0.1325301204819277,0.0994263862332696,0.07311827956989247,0.0491400491400491,0.034383954154727836,0.01379310344827589,0.13253012048192772
2,Donor05,totalvi,2,577,7,B;CD14_Mono;CD4T_Mem;CD4T_Naive;CD8T_Mem;CD8T_Naive;NK,0.8807700770486291,0.8807700770486291,0.8509532062391681,0.8792008173587121,0.8613650357599583,0.4650513128334593,0.6558044806517311,0.22575361594876203,0.3647480010986328,0.20587009191513062,0.03835521599655548,0.032181527885241965,0.035192071787107745,0.06680653755413003,0.02335846612685347,0.14904679376083185,0.10789980732177262,0.08225108225108224,0.044554455445544594,0.014450867052023142,0.01041666666666663,0.14904679376083188
2,Donor06,totalvi,2,581,7,B;CD14_Mono;CD4T_Mem;CD4T_Naive;CD8T_Mem;CD8T_Naive;NK,0.8761135089788893,0.8761135089788893,0.8605851979345955,0.8577140011709992,0.8525185185185185,0.4842636696570122,0.6573827160493827,0.20005992460453137,0.3544348180294037,0.1983502209186554,0.03252284621207521,0.03814526869179664,0.03454976587817959,0.06445817210163571,0.024225609330818354,0.13941480206540446,0.0994263862332696,0.06021505376344083,0.04422604422604426,0.04011461318051579,0.024137931034482807,0.13941480206540446
2,Donor05,totalvi,3,577,7,B;CD14_Mono;CD4T_Mem;CD4T_Naive;CD8T_Mem;CD8T_Naive;NK,0.8942957409112732,0.8942957409112732,0.8596187175043327,0.8930112443270337,0.867557745917961,0.532463699683246,0.6006073277578654,0.18154877514727633,0.3476937413215637,0.19606271386146545,0.035948218258042876,0.037783261085093764,0.0318569059178871,0.06095203033090576,0.021385428883801363,0.14038128249566728,0.09441233140655103,0.06926406926406925,0.04950495049504955,0.023121387283236983,0.01041666666666663,0.14038128249566725
2,Donor06,totalvi,3,581,7,B;CD14_Mono;CD4T_Mem;CD4T_Naive;CD8T_Mem;CD8T_Naive;NK,0.8640187806624839,0.8640187806624839,0.8588640275387264,0.8533725458044296,0.8603792951757173,0.4574737549841874,0.6318001857373283,0.18724865037709845,0.3496328592300415,0.20108911395072937,0.021860584847488,0.023215780570051543,0.03268641877085258,0.0630146609782953,0.02210063859166352,0.14113597246127363,0.10516252390057357,0.07096774193548383,0.041769041769041726,0.025787965616045794,0.010344827586206917,0.14113597246127366
2,Donor05,totalvi,4,577,7,B;CD14_Mono;CD4T_Mem;CD4T_Naive;CD8T_Mem;CD8T_Naive;NK,0.8642037525442242,0.8642037525442242,0.8318890814558059,0.8658605974395448,0.8619201030927834,0.5488212814750798,0.6554768041237113,0.2895076276839098,0.38313254714012146,0.2197437286376953,0.027530962404386638,0.031141493153117573,0.04194292410651808,0.0781019606636919,0.02680073356409379,0.16811091854419413,0.12524084778420042,0.08441558441558439,0.05940594059405946,0.034682080924855474,0.01736111111111116,0.1681109185441941
2,Donor06,totalvi,4,581,7,B;CD14_Mono;CD4T_Mem;CD4T_Naive;CD8T_Mem;CD8T_Naive;NK,0.8498973987425508,0.8498973987425508,0.8382099827882961,0.8476081497200708,0.8645637642535716,0.49308770138776653,0.6180916597492245,0.19608675129001157,0.3919525444507599,0.2172102928161621,0.03437294802033756,0.04215998114078673,0.03927619956707854,0.07415494715254463,0.02527989410667813,0.16179001721170394,0.11663479923518161,0.07526881720430112,0.05405405405405406,0.04011461318051579,0.020689655172413834,0.16179001721170397
2,Donor05,totalvi,5,577,7,B;CD14_Mono;CD4T_Mem;CD4T_Naive;CD8T_Mem;CD8T_Naive;NK,0.8783848025430023,0.8783848025430023,0.854419410745234,0.8839627221206169,0.8241813966966096,0.39285983984639045,0.6953781512605041,0.27652421136895866,0.3851955533027649,0.21303264796733856,0.025422269694726638,0.015978120951759968,0.04147338498501157,0.07689833874258557,0.030195169949021397,0.14558058925476602,0.11175337186897882,0.08441558441558439,0.061881188118811936,0.049132947976878616,0.02430555555555558,0.14558058925476602
2,Donor06,totalvi,5,581,7,B;CD14_Mono;CD4T_Mem;CD4T_Naive;CD8T_Mem;CD8T_Naive;NK,0.8838690212476548,0.8838690212476548,0.8691910499139415,0.8674266771439997,0.8410630536737884,0.42528344776747506,0.62313705054716,0.19637188758716717,0.3681124746799469,0.1992480605840683,0.03433295432959079,0.031952420733676726,0.03324360035889683,0.06257834516945171,0.0241760638679571,0.13080895008605853,0.09751434034416828,0.07096774193548383,0.05405405405405406,0.022922636103151817,0.017241379310344862,0.13080895008605853
2,Donor05,totalvi,6,577,7,B;CD14_Mono;CD4T_Mem;CD4T_Naive;CD8T_Mem;CD8T_Naive;NK,0.8943617331186153,0.8943617331186153,0.8682842287694974,0.8934368579105421,0.8483296564765206,0.4064958835831968,0.6122754491017964,0.1986302639873594,0.34392908215522766,0.19418856501579285,0.04253396448684112,0.03395454397027996,0.0325584440384061,0.06014834504986009,0.023361740265932386,0.1317157712305026,0.09826589595375723,0.0714285714285714,0.034653465346534684,0.026011560693641633,0.01388888888888884,0.1317157712305026
2,Donor06,totalvi,6,581,7,B;CD14_Mono;CD4T_Mem;CD4T_Naive;CD8T_Mem;CD8T_Naive;NK,0.876099255838229,0.876099255838229,0.8657487091222031,0.8595653670008144,0.868736300147831,0.4911611685540147,0.6169648774022531,0.19313409909753243,0.3349699079990387,0.19105522334575653,0.03160218035292503,0.03336750845490556,0.029391923871293402,0.05761363459742444,0.019832011631049765,0.13425129087779686,0.09751434034416828,0.058064516129032295,0.041769041769041726,0.022922636103151817,0.01379310344827589,0.1342512908777969
2,Donor05,totalvi,7,577,7,B;CD14_Mono;CD4T_Mem;CD4T_Naive;CD8T_Mem;CD8T_Naive;NK,0.8709699099770772,0.8709699099770772,0.8370883882149047,0.8757078507078507,0.8407559138363948,0.47210460263540727,0.644024492313114,0.24004104199021145,0.38905763626098633,0.22349800169467926,0.022735027341330278,0.019205391561964352,0.043780392508462676,0.0833304650561632,0.02958345462184722,0.16291161178509528,0.12331406551059731,0.09090909090909094,0.06683168316831678,0.037572254335260125,0.01736111111111116,0.16291161178509533
2,Donor06,totalvi,7,581,7,B;CD14_Mono;CD4T_Mem;CD4T_Naive;CD8T_Mem;CD8T_Naive;NK,0.8745159283506269,0.8745159283506269,0.8623063683304647,0.8600403395985492,0.8514471057884232,0.45526196432650656,0.6431387225548901,0.20844459166887763,0.36960187554359436,0.20592087507247925,0.03122932200998118,0.04029812352177198,0.03323511471670763,0.06426405160154826,0.02316913946038248,0.1376936316695353,0.10133843212237093,0.07096774193548383,0.0491400491400491,0.03151862464183386,0.006896551724137945,0.13769363166953527
2,Donor05,totalvi,8,577,7,B;CD14_Mono;CD4T_Mem;CD4T_Naive;CD8T_Mem;CD8T_Naive;NK,0.8862096725653065,0.8862096725653065,0.8492201039861352,0.8826158865632551,0.8569317382125264,0.49815372469285296,0.6958949096880132,0.25308711246418036,0.36554279923439026,0.20561635494232178,0.04312724102307853,0.05141886918962104,0.03715812741854005,0.06981339184635277,0.02504153542355337,0.15077989601386477,0.09826589595375723,0.08225108225108224,0.054455445544554504,0.026011560693641633,0.01736111111111116,0.15077989601386482
2,Donor06,totalvi,8,581,7,B;CD14_Mono;CD4T_Mem;CD4T_Naive;CD8T_Mem;CD8T_Naive;NK,0.8589978987417032,0.8589978987417032,0.8571428571428571,0.8456967274695792,0.8433009145013789,0.4288323396128272,0.6472395606522475,0.23486273045605288,0.3706514239311218,0.20673176646232605,0.022082934178501736,0.029476247945874168,0.03691590614335212,0.06875761047813611,0.026065053093064956,0.1428571428571429,0.10516252390057357,0.0795698924731183,0.051597051597051635,0.034383954154727836,0.020689655172413834,0.14285714285714285
2,Donor05,totalvi,9,577,7,B;CD14_Mono;CD4T_Mem;CD4T_Naive;CD8T_Mem;CD8T_Naive;NK,0.8655659827727042,0.8655659827727042,0.8336221837088388,0.8659125290704238,0.8472366597366597,0.4728180167241596,0.6342905405405405,0.23248394239286407,0.4041534960269928,0.22948385775089264,0.030894940606023023,0.021101200807859023,0.04461690848578789,0.08095472752128975,0.029793402793367292,0.16637781629116122,0.1310211946050096,0.09090909090909094,0.054455445544554504,0.034682080924855474,0.02777777777777779,0.1663778162911612
2,Donor06,totalvi,9,581,7,B;CD14_Mono;CD4T_Mem;CD4T_Naive;CD8T_Mem;CD8T_Naive;NK,0.8647417856390393,0.8647417856390393,0.8571428571428571,0.8535651920328815,0.8451154013644941,0.4223560377298968,0.6327478589055016,0.2397749345938147,0.36243441700935364,0.20497013628482819,0.03501296351165247,0.024694525282477363,0.03671663143427811,0.06705915509661389,0.02586577838399095,0.1428571428571429,0.11089866156787764,0.07096774193548383,0.041769041769041726,0.03151862464183386,0.020689655172413834,0.14285714285714285
3,Donor07,scvi_matched,0,575,7,B;CD14_Mono;CD4T_Mem;CD4T_Naive;CD8T_Mem;CD8T_Naive;NK,0.7680983435692571,0.7680983435692571,0.6956521739130435,0.7463943577472906,0.7621285714285715,0.5339632534658738,0.5911571428571428,0.38207142277553396,0.7235318422317505,0.40205928683280945,0.03175495785215627,0.030585947555044415,0.1350441296596319,0.22582392513516789,0.08288783588012212,0.30434782608695654,0.2702702702702703,0.24782608695652175,0.2064676616915423,0.1768115942028986,0.14236111111111116,0.30434782608695654
3,Donor08,scvi_matched,0,642,7,B;CD14_Mono;CD4T_Mem;CD4T_Naive;CD8T_Mem;CD8T_Naive;NK,0.7523092546958973,0.7523092546958973,0.7133956386292835,0.7368872126711848,0.7861448642490982,0.5300506065126387,0.6144745585722422,0.3531712312890627,0.6538474559783936,0.37146666646003723,0.03758828253760887,0.022104541507094087,0.11460110021558793,0.20205191496222583,0.06870101288659315,0.28660436137071654,0.25259515570934254,0.21011673151750976,0.18485523385300673,0.1584415584415585,0.11838006230529596,0.2866043613707165
3,Donor07,scvi_matched,1,575,7,B;CD14_Mono;CD4T_Mem;CD4T_Naive;CD8T_Mem;CD8T_Naive;NK,0.7871712639826293,0.7871712639826293,0.7026086956521739,0.7707472466641868,0.7660384459498581,0.5070317300482551,0.5633576515546291,0.32782546912756017,0.6994683146476746,0.3928866386413574,0.034107147299725075,0.027222004610559236,0.12851916005948316,0.21688578414536616,0.07885880280180546,0.2973913043478261,0.26833976833976836,0.241304347826087,0.20398009950248752,0.15362318840579714,0.11805555555555558,0.29739130434782607
3,Donor08,scvi_matched,1,642,7,B;CD14_Mono;CD4T_Mem;CD4T_Naive;CD8T_Mem;CD8T_Naive;NK,0.7905631255912748,0.7905631255912748,0.7523364485981309,0.7848256190466244,0.7642355821190931,0.463536749748783,0.6097634022162325,0.3275588262013421,0.6130395531654358,0.3430422842502594,0.04237015262199711,0.04274430123630716,0.10026693472022563,0.17915587441156863,0.06650424012487736,0.24766355140186913,0.2197231833910035,0.19649805447470814,0.1737193763919822,0.1324675324675325,0.10280373831775702,0.24766355140186916
3,Donor07,scvi_matched,2,575,7,B;CD14_Mono;CD4T_Mem;CD4T_Naive;CD8T_Mem;CD8T_Naive;NK,0.7765139475485521,0.7765139475485521,0.6904347826086956,0.7632425611589305,0.7283134746554213,0.4833552773773643,0.615501089632921,0.3851104139028323,0.7275344729423523,0.41613757610321045,0.03609138996704765,0.02835153714470243,0.1504382517652886,0.24678906165812478,0.09636439089496447,0.3095652173913044,0.28378378378378377,0.25652173913043474,0.23631840796019898,0.21449275362318843,0.16666666666666663,0.3095652173913043
3,Donor08,scvi_matched,2,642,7,B;CD14_Mono;CD4T_Mem;CD4T_Naive;CD8T_Mem;CD8T_Naive;NK,0.7755406075357831,0.7755406075357831,0.7289719626168224,0.7650947054918655,0.8034556439728854,0.5358246628766661,0.6571495235288339,0.4016647093980576,0.6225148439407349,0.3481827676296234,0.027035317131292043,0.020736377976393768,0.09960266647181265,0.18128167709748405,0.05880630051985376,0.2710280373831776,0.23702422145328716,0.2023346303501945,0.1670378619153675,0.1376623376623377,0.0809968847352025,0.27102803738317754
3,Donor07,scvi_matched,3,575,7,B;CD14_Mono;CD4T_Mem;CD4T_Naive;CD8T_Mem;CD8T_Naive;NK,0.7571296766166916,0.7571296766166916,0.6921739130434783,0.7621032100481223,0.778922862902081,0.5315092770995237,0.6001476308094142,0.3750834145029901,0.709166944026947,0.39573121070861816,0.03508359608442886,0.046665059379909356,0.13236500782774063,0.21861321955503904,0.07893470201162553,0.3078260869565217,0.277992277992278,0.22608695652173916,0.19402985074626866,0.16521739130434787,0.13194444444444442,0.30782608695652175
3,Donor08,scvi_matched,3,642,7,B;CD14_Mono;CD4T_Mem;CD4T_Naive;CD8T_Mem;CD8T_Naive;NK,0.7967570481795178,0.7967570481795178,0.7398753894080997,0.7869052218728675,0.8023826032146234,0.5160891544358365,0.6738985187519697,0.37526364268007506,0.6158096194267273,0.3447172939777374,0.024338164062143487,0.02290613758972501,0.09527877922110682,0.16986063298846762,0.05785655092157401,0.2601246105919003,0.22837370242214527,0.188715953307393,0.1492204899777283,0.11168831168831173,0.08411214953271029,0.2601246105919003
3,Donor07,scvi_matched,4,575,7,B;CD14_Mono;CD4T_Mem;CD4T_Naive;CD8T_Mem;CD8T_Naive;NK,0.787339383111639,0.787339383111639,0.7008695652173913,0.7693477137961225,0.7844364937388193,0.5622834022665556,0.5716861907784638,0.34545798488516133,0.6798157691955566,0.38550758361816406,0.02522130857343257,0.021444525200387695,0.12401273558578282,0.20993173905723234,0.07373487813621174,0.2991304347826087,0.2644787644787645,0.23043478260869565,0.19402985074626866,0.15652173913043477,0.12152777777777779,0.2991304347826087
3,Donor08,scvi_matched,4,642,7,B;CD14_Mono;CD4T_Mem;CD4T_Naive;CD8T_Mem;CD8T_Naive;NK,0.7884375827688747,0.7884375827688747,0.7429906542056075,0.7834835232794416,0.7781335366241026,0.5187919824989857,0.6283463566482435,0.3486155116380701,0.6156662106513977,0.3524191975593567,0.030860784037090905,0.03730153949275565,0.10243193490916995,0.1783065681180762,0.06594412851389599,0.2570093457943925,0.22318339100346019,0.188715953307393,0.16481069042316254,0.1350649350649351,0.10591900311526481,0.2570093457943925
3,Donor07,scvi_matched,5,575,7,B;CD14_Mono;CD4T_Mem;CD4T_Naive;CD8T_Mem;CD8T_Naive;NK,0.7700470483480292,0.7700470483480292,0.7008695652173913,0.7689490234802066,0.7506780541289169,0.5043135665836623,0.5543885971492873,0.3382267496389021,0.7102915048599243,0.40055686235427856,0.027381091687990265,0.017940974753835912,0.13517073962972123,0.22664477308014558,0.08489288218015015,0.2991304347826087,0.27413127413127414,0.24347826086956526,0.20895522388059706,0.1768115942028986,0.14236111111111116,0.2991304347826087
3,Donor08,scvi_matched,5,642,7,B;CD14_Mono;CD4T_Mem;CD4T_Naive;CD8T_Mem;CD8T_Naive;NK,0.7805443615932716,0.7805443615932716,0.7289719626168224,0.7694410036620091,0.7766234404165437,0.487618072374592,0.5885278514588859,0.3209307602188447,0.641910970211029,0.3607461452484131,0.023213856038274798,0.013201478392907032,0.10840307698531867,0.1934030389700739,0.06760671103335979,0.2710280373831776,0.24221453287197237,0.21400778210116733,0.1737193763919822,0.1454545454545455,0.10591900311526481,0.27102803738317754
3,Donor07,scvi_matched,6,575,7,B;CD14_Mono;CD4T_Mem;CD4T_Naive;CD8T_Mem;CD8T_Naive;NK,0.7866317898558745,0.7866317898558745,0.7182608695652174,0.7822181980523639,0.748572624278839,0.4860620499544701,0.5774967865363345,0.33027127086553404,0.695561945438385,0.39076343178749084,0.032442607672318165,0.021239263182101037,0.12600510040175336,0.21263058664752615,0.08170979443817476,0.2817391304347826,0.25482625482625487,0.2326086956521739,0.1990049751243781,0.16521739130434787,0.1284722222222222,0.2817391304347826
3,Donor08,scvi_matched,6,642,7,B;CD14_Mono;CD4T_Mem;CD4T_Naive;CD8T_Mem;CD8T_Naive;NK,0.802026069462016,0.802026069462016,0.7554517133956387,0.7907727828832856,0.7797754284588614,0.45326881969103905,0.6052137369492415,0.29208603748001816,0.5913233160972595,0.33637285232543945,0.02760566000440782,0.024481326016681588,0.09361513559089664,0.1704428455066917,0.06073494058035799,0.24454828660436134,0.2162629757785467,0.18287937743190663,0.155902004454343,0.11948051948051952,0.09034267912772587,0.24454828660436137
3,Donor07,scvi_matched,7,575,7,B;CD14_Mono;CD4T_Mem;CD4T_Naive;CD8T_Mem;CD8T_Naive;NK,0.8082908388599116,0.8082908388599116,0.7269565217391304,0.7856355266445175,0.748590497668607,0.5008689123243444,0.5939261877914241,0.3101638583118912,0.6771776080131531,0.38066208362579346,0.02931036451588507,0.027747717473817924,0.12338347404894603,0.20119018376703726,0.08192088365721646,0.2730434782608696,0.23938223938223935,0.2108695652173913,0.18905472636815923,0.16231884057971013,0.1284722222222222,0.27304347826086955
3,Donor08,scvi_matched,7,642,7,B;CD14_Mono;CD4T_Mem;CD4T_Naive;CD8T_Mem;CD8T_Naive;NK,0.7934762713684129,0.7934762713684129,0.7414330218068536,0.7844821347559027,0.8087475954237117,0.5288507113002244,0.6273666092943201,0.34143292707380457,0.6052989363670349,0.33769360184669495,0.03956363106442389,0.03516205643939079,0.09209164396107472,0.16689517248631502,0.055138262782157416,0.25856697819314645,0.2197231833910035,0.19066147859922178,0.1492204899777283,0.10649350649350653,0.05919003115264798,0.2585669781931464
3,Donor07,scvi_matched,8,575,7,B;CD14_Mono;CD4T_Mem;CD4T_Naive;CD8T_Mem;CD8T_Naive;NK,0.7729798203985396,0.7729798203985396,0.7043478260869566,0.7719226922166839,0.7841975308641975,0.5521191564906356,0.637124183006536,0.3969123049819132,0.6862642168998718,0.3861335515975952,0.04873211254244267,0.04352745144263556,0.12194735944562242,0.20797311944666552,0.07290019760153418,0.29565217391304344,0.25482625482625487,0.2195652173913043,0.19651741293532343,0.15652173913043477,0.13541666666666663,0.2956521739130435
3,Donor08,scvi_matched,8,642,7,B;CD14_Mono;CD4T_Mem;CD4T_Naive;CD8T_Mem;CD8T_Naive;NK,0.7736512887076998,0.7736512887076998,0.7180685358255452,0.7665880603202132,0.7797365803382029,0.5234039840848942,0.6601790486691195,0.3801135327222731,0.6528610587120056,0.3691447675228119,0.0283442064887638,0.02418311840834278,0.11302130978759341,0.20315600975959344,0.06868771478242604,0.2819314641744548,0.24913494809688586,0.22178988326848248,0.19153674832962142,0.1636363636363637,0.10591900311526481,0.2819314641744548
3,Donor07,scvi_matched,9,575,7,B;CD14_Mono;CD4T_Mem;CD4T_Naive;CD8T_Mem;CD8T_Naive;NK,0.7907655302738512,0.7907655302738512,0.6991304347826087,0.7740822994141103,0.7379576107899808,0.4678011439340197,0.5244442527248152,0.322576537479736,0.7018813490867615,0.40248116850852966,0.03778098780175913,0.041375410245812455,0.13965194593081184,0.23516807625043246,0.08875227282921141,0.3008695652173913,0.28378378378378377,0.26086956521739135,0.2213930348258707,0.18260869565217386,0.14236111111111116,0.3008695652173913
3,Donor08,scvi_matched,9,642,7,B;CD14_Mono;CD4T_Mem;CD4T_Naive;CD8T_Mem;CD8T_Naive;NK,0.7662919219223854,0.7662919219223854,0.7258566978193146,0.7594258845169221,0.7861514826375342,0.5248419335970307,0.540101931330472,0.31311896085774016,0.6516562104225159,0.3598887026309967,0.01875501049456195,0.01765080887209219,0.10775127153477417,0.19139120312415991,0.06596101760106318,0.2741433021806854,0.23875432525951557,0.2042801556420234,0.1737193763919822,0.1454545454545455,0.10591900311526481,0.27414330218068533
3,Donor07,totalvi,0,575,7,B;CD14_Mono;CD4T_Mem;CD4T_Naive;CD8T_Mem;CD8T_Naive;NK,0.8427232443527437,0.8427232443527437,0.7947826086956522,0.8370222256692929,0.8434521381151949,0.5416981261509849,0.6488335867670512,0.26975657337066716,0.487953245639801,0.26990440487861633,0.04746354652487713,0.04983058089795321,0.05921462449955627,0.10917923739257951,0.036369854887031504,0.2052173913043478,0.16795366795366795,0.13043478260869568,0.07462686567164178,0.05217391304347829,0.03819444444444442,0.20521739130434782
3,Donor08,totalvi,0,642,7,B;CD14_Mono;CD4T_Mem;CD4T_Naive;CD8T_Mem;CD8T_Naive;NK,0.882662623878417,0.882662623878417,0.8613707165109035,0.8800995281124175,0.8051079911412723,0.4141786868030471,0.6472153930552451,0.19343717214820613,0.40292543172836304,0.2197144478559494,0.04214113412245041,0.041697802109139,0.04316144915486263,0.07779516579500954,0.03296687180575786,0.13862928348909653,0.11072664359861595,0.08365758754863817,0.06681514476614703,0.04675324675324677,0.03738317757009346,0.13862928348909656
3,Donor07,totalvi,1,575,7,B;CD14_Mono;CD4T_Mem;CD4T_Naive;CD8T_Mem;CD8T_Naive;NK,0.8503812056771293,0.8503812056771293,0.8139130434782609,0.8428551135843844,0.8320153366882338,0.49925566193730325,0.6242511382698299,0.23242550360318068,0.4697188138961792,0.2593609392642975,0.031127736361130417,0.031845283300980264,0.05540940279314781,0.10058288464609665,0.03674685188821007,0.18608695652173912,0.14671814671814676,0.10652173913043483,0.07711442786069655,0.06376811594202902,0.03819444444444442,0.18608695652173912
3,Donor08,totalvi,1,642,7,B;CD14_Mono;CD4T_Mem;CD4T_Naive;CD8T_Mem;CD8T_Naive;NK,0.877759638278949,0.877759638278949,0.8489096573208723,0.8715576940066736,0.8154733755793058,0.43151121792259184,0.6929159179040955,0.25050474312198634,0.41446810960769653,0.2282296121120453,0.03587764436582167,0.03607896736292082,0.045723863085864395,0.08260465128927616,0.03356944713980489,0.1510903426791277,0.11764705882352944,0.08754863813229574,0.06904231625835189,0.051948051948051965,0.034267912772585674,0.15109034267912771
3,Donor07,totalvi,2,575,7,B;CD14_Mono;CD4T_Mem;CD4T_Naive;CD8T_Mem;CD8T_Naive;NK,0.8623686935949086,0.8623686935949086,0.8278260869565217,0.8569323854395925,0.8397207367795603,0.4706490075620204,0.5894024276377218,0.21078878778973387,0.44150543212890625,0.24295340478420258,0.03342191685800968,0.031881801615590656,0.04826917788335672,0.08768244961378496,0.032365193438231445,0.1721739130434783,0.13899613899613905,0.09782608695652173,0.062189054726368154,0.04347826086956519,0.03125,0.17217391304347826
3,Donor08,totalvi,2,642,7,B;CD14_Mono;CD4T_Mem;CD4T_Naive;CD8T_Mem;CD8T_Naive;NK,0.8699308450137522,0.8699308450137522,0.8520249221183801,0.8663211296401415,0.8062542095641296,0.42692298649350674,0.69662272683537,0.2600442955967292,0.4125611484050751,0.22567777335643768,0.03745149400932395,0.031822895149575606,0.046719477590890665,0.08376432332504381,0.03507206545010451,0.1479750778816199,0.10726643598615915,0.08754863813229574,0.07126948775055675,0.051948051948051965,0.04672897196261683,0.14797507788161993
3,Donor07,totalvi,3,575,7,B;CD14_Mono;CD4T_Mem;CD4T_Naive;CD8T_Mem;CD8T_Naive;NK,0.8569733400272612,0.8569733400272612,0.8208695652173913,0.849191969250482,0.8299325324995886,0.48734025345935456,0.6248971532005924,0.2201693160191307,0.45862942934036255,0.252793550491333,0.03676266950109729,0.03832036474476692,0.05387645791771823,0.095907163800438,0.0366226673605032,0.1791304347826087,0.13899613899613905,0.09782608695652173,0.07711442786069655,0.05797101449275366,0.03819444444444442,0.1791304347826087
3,Donor08,totalvi,3,642,7,B;CD14_Mono;CD4T_Mem;CD4T_Naive;CD8T_Mem;CD8T_Naive;NK,0.8875483749488572,0.8875483749488572,0.8660436137071651,0.8795544591462959,0.8124686297473649,0.3847881735305526,0.6610130500250962,0.20938915989564766,0.38265785574913025,0.20699834823608398,0.03398149843527893,0.041109710885356865,0.04002133477279998,0.07199209277006009,0.030515080131715284,0.1339563862928349,0.09861591695501726,0.0797665369649806,0.05122494432071267,0.04675324675324677,0.028037383177570097,0.13395638629283488
3,Donor07,totalvi,4,575,7,B;CD14_Mono;CD4T_Mem;CD4T_Naive;CD8T_Mem;CD8T_Naive;NK,0.8606185995745526,0.8606185995745526,0.8173913043478261,0.8451942187492351,0.8348328267477204,0.5031071892350164,0.6492198581560285,0.24508305821361376,0.46750694513320923,0.2575141489505768,0.03620100083558455,0.037513364605281665,0.053294218131079485,0.09845109434881823,0.03534344797179573,0.18260869565217386,0.13899613899613905,0.09999999999999998,0.07711442786069655,0.06376811594202902,0.04166666666666663,0.1826086956521739
3,Donor08,totalvi,4,642,7,B;CD14_Mono;CD4T_Mem;CD4T_Naive;CD8T_Mem;CD8T_Naive;NK,0.8728466394904977,0.8728466394904977,0.8473520249221184,0.8692504774137427,0.7917166866746699,0.3957059775386882,0.7137042316926772,0.26433479869858595,0.4074789881706238,0.2304127961397171,0.03953466148948371,0.031384435398184994,0.050875476973412104,0.09275635687752617,0.038463274680321735,0.15264797507788164,0.11764705882352944,0.0933852140077821,0.08463251670378624,0.07012987012987015,0.04361370716510904,0.1526479750778816
3,Donor07,totalvi,5,575,7,B;CD14_Mono;CD4T_Mem;CD4T_Naive;CD8T_Mem;CD8T_Naive;NK,0.860902000162285,0.860902000162285,0.8156521739130435,0.8438570254254569,0.8554733073178581,0.5034719686549545,0.6133282375186064,0.23576807183748372,0.46233949065208435,0.2517068684101105,0.04466804348904152,0.05463735611542412,0.048653914270113535,0.09124997957787977,0.030349107821621965,0.18434782608695655,0.1351351351351351,0.10217391304347823,0.07462686567164178,0.04057971014492756,0.02083333333333337,0.18434782608695652
3,Donor08,totalvi,5,642,7,B;CD14_Mono;CD4T_Mem;CD4T_Naive;CD8T_Mem;CD8T_Naive;NK,0.8833006529139166,0.8833006529139166,0.8598130841121495,0.8790121443182668,0.8048309178743961,0.375475822125318,0.6985708534621579,0.2439508336915421,0.398288369178772,0.22107884287834167,0.04830805469896192,0.04390839884214311,0.04364841764007344,0.0782544374786045,0.03321877277100711,0.14018691588785048,0.11245674740484424,0.08365758754863817,0.06458797327394206,0.04155844155844157,0.04361370716510904,0.14018691588785046
3,Donor07,totalvi,6,575,7,B;CD14_Mono;CD4T_Mem;CD4T_Naive;CD8T_Mem;CD8T_Naive;NK,0.8471950673116242,0.8471950673116242,0.8104347826086956,0.8226035060985825,0.8063157065795172,0.40186040588193817,0.6682285309288498,0.2753076019555405,0.4769432544708252,0.2682732939720154,0.03721555668374765,0.03993622282276984,0.06132232548932329,0.1128306195924666,0.041933129442107794,0.18956521739130439,0.16795366795366795,0.13043478260869568,0.09203980099502485,0.06666666666666665,0.03819444444444442,0.18956521739130436
3,Donor08,totalvi,6,642,7,B;CD14_Mono;CD4T_Mem;CD4T_Naive;CD8T_Mem;CD8T_Naive;NK,0.8935333655449416,0.8935333655449416,0.8691588785046729,0.8868305164223532,0.7857569551117938,0.3453650230204273,0.7003754906980714,0.2698664719476326,0.38341596722602844,0.21233271062374115,0.042565385222063636,0.04123089070260712,0.04351852765719614,0.07806153733394677,0.034457138892680234,0.13084112149532712,0.10726643598615915,0.0797665369649806,0.062360801781737196,0.051948051948051965,0.04361370716510904,0.1308411214953271
3,Donor07,totalvi,7,575,7,B;CD14_Mono;CD4T_Mem;CD4T_Naive;CD8T_Mem;CD8T_Naive;NK,0.8701833034569223,0.8701833034569223,0.8208695652173913,0.8514186683874139,0.8184342603258186,0.4850929094443549,0.6481405298667106,0.2668348751417202,0.4573042690753937,0.255756676197052,0.042697122718976896,0.03166316338207413,0.05565686057482997,0.1008269439881542,0.03840307001761494,0.1791304347826087,0.14864864864864868,0.10434782608695647,0.07960199004975121,0.05797101449275366,0.04513888888888884,0.1791304347826087
3,Donor08,totalvi,7,642,7,B;CD14_Mono;CD4T_Mem;CD4T_Naive;CD8T_Mem;CD8T_Naive;NK,0.8667163368655463,0.8667163368655463,0.8426791277258567,0.8591826540806132,0.8288647718745996,0.47458045281385824,0.6749510440877728,0.24999370641558552,0.4022290110588074,0.22483055293560028,0.03008091124790109,0.03038893366157081,0.045494415949720646,0.08162628947926998,0.032291653734564406,0.15732087227414326,0.11937716262975784,0.08754863813229574,0.07126948775055675,0.04415584415584417,0.031152647975077885,0.1573208722741433
3,Donor07,totalvi,8,575,7,B;CD14_Mono;CD4T_Mem;CD4T_Naive;CD8T_Mem;CD8T_Naive;NK,0.8571461653487141,0.8571461653487141,0.8052173913043478,0.8409314865715608,0.8684048133292193,0.5639651528043768,0.6342564023449552,0.2691381094452263,0.44908756017684937,0.2532445788383484,0.05423085440760072,0.042201407111209344,0.049198660611375164,0.09452776610861446,0.028691486403164525,0.19478260869565223,0.14092664092664098,0.11086956521739133,0.07213930348258701,0.04637681159420293,0.01388888888888884,0.19478260869565217
3,Donor08,totalvi,8,642,7,B;CD14_Mono;CD4T_Mem;CD4T_Naive;CD8T_Mem;CD8T_Naive;NK,0.8679938111477634,0.8679938111477634,0.8442367601246106,0.8589845528621038,0.8336162361623617,0.46645902807000794,0.7038007380073801,0.26629598750652006,0.3966204822063446,0.2221962809562683,0.036722087507307336,0.025272323892123957,0.043903917791692004,0.08057323556090909,0.030967547646885096,0.15576323987538943,0.11072664359861595,0.08560311284046696,0.057906458797327365,0.054545454545454564,0.031152647975077885,0.1557632398753894
3,Donor07,totalvi,9,575,7,B;CD14_Mono;CD4T_Mem;CD4T_Naive;CD8T_Mem;CD8T_Naive;NK,0.8648716527181007,0.8648716527181007,0.8243478260869566,0.8545710628270925,0.8527175502360362,0.5238358791822268,0.6694447925805239,0.27335582448151613,0.4298073351383209,0.2384709119796753,0.03584909667139468,0.02723755173061207,0.04643722001239329,0.08553769753311896,0.029865670630653974,0.17565217391304344,0.1351351351351351,0.09565217391304348,0.05970149253731338,0.04057971014492756,0.02430555555555558,0.17565217391304347
3,Donor08,totalvi,9,642,7,B;CD14_Mono;CD4T_Mem;CD4T_Naive;CD8T_Mem;CD8T_Naive;NK,0.8759816513255885,0.8759816513255885,0.8551401869158879,0.8670509762346497,0.833969876804356,0.4563005182210682,0.7216052647041542,0.27467494398546416,0.38909271359443665,0.21013382077217102,0.03330602424909763,0.03829156150141981,0.040563512088724635,0.0723298538233556,0.029411713369287294,0.1448598130841121,0.10034602076124566,0.07587548638132291,0.055679287305122505,0.04415584415584417,0.034267912772585674,0.14485981308411214
4,Donor09,scvi_matched,0,524,7,B;CD14_Mono;CD4T_Mem;CD4T_Naive;CD8T_Mem;CD8T_Naive;NK,0.8109539855075631,0.8109539855075631,0.8053435114503816,0.8087936700980178,0.8241334448471331,0.46068119502698446,0.6698726884118577,0.30291992632480635,0.46426355838775635,0.2696612775325775,0.027589731430279395,0.028053414844374618,0.05874590498873023,0.11308324795068081,0.03824970157659177,0.19465648854961837,0.1610169491525424,0.12410501193317425,0.10081743869209814,0.07006369426751591,0.03816793893129766,0.1946564885496183
4,Donor10,scvi_matched,0,605,7,B;CD14_Mono;CD4T_Mem;CD4T_Naive;CD8T_Mem;CD8T_Naive;NK,0.8339548938660132,0.8339548938660132,0.7834710743801653,0.8315964619622701,0.8071633330112411,0.4945681572372246,0.6194318291622379,0.28147974620481586,0.579014778137207,0.3144734799861908,0.05741653545828891,0.047232758703310625,0.07334549959259913,0.13368374544488992,0.04782123852299264,0.21652892561983472,0.18198529411764708,0.15289256198347112,0.10849056603773588,0.08539944903581265,0.056291390728476776,0.21652892561983472
4,Donor09,scvi_matched,1,524,7,B;CD14_Mono;CD4T_Mem;CD4T_Naive;CD8T_Mem;CD8T_Naive;NK,0.8092977110585231,0.8092977110585231,0.8072519083969466,0.8058926235944871,0.857079324953772,0.5547465252082043,0.6248624862486248,0.2911791789113869,0.46666696667671204,0.2585040330886841,0.03402547379031436,0.034000339341982655,0.050418627720578243,0.09807004180454572,0.030335126405921963,0.1927480916030534,0.15466101694915257,0.10978520286396176,0.07901907356948223,0.04458598726114649,0.01526717557251911,0.19274809160305342
4,Donor10,scvi_matched,1,605,7,B;CD14_Mono;CD4T_Mem;CD4T_Naive;CD8T_Mem;CD8T_Naive;NK,0.8020398143761708,0.8020398143761708,0.7603305785123967,0.789058888928243,0.7981109445277361,0.5313106386497981,0.5786806596701649,0.2862094468416452,0.604468047618866,0.33373111486434937,0.028677038860715123,0.03165778562057118,0.08635445354966664,0.15751798748034154,0.05481915975104189,0.23966942148760328,0.20036764705882348,0.17561983471074383,0.14386792452830188,0.11019283746556474,0.07284768211920534,0.2396694214876033
4,Donor09,scvi_matched,2,524,7,B;CD14_Mono;CD4T_Mem;CD4T_Naive;CD8T_Mem;CD8T_Naive;NK,0.8099272508318368,0.8099272508318368,0.8072519083969466,0.7972816210704409,0.8510872363832128,0.5089178163595618,0.6012920440980267,0.2398918694112579,0.4674626290798187,0.26255130767822266,0.0555508620752633,0.045326523312175536,0.05184221653236602,0.10107551349632425,0.031758715217709746,0.1927480916030534,0.14618644067796616,0.10739856801909309,0.08174386920980925,0.06369426751592355,0.011450381679389277,0.19274809160305342
4,Donor10,scvi_matched,2,605,7,B;CD14_Mono;CD4T_Mem;CD4T_Naive;CD8T_Mem;CD8T_Naive;NK,0.805812792711394,0.805812792711394,0.7636363636363637,0.8001454562671435,0.8118850846123573,0.49703227300546027,0.606772015862925,0.32543702326747265,0.5998525023460388,0.32446858286857605,0.048914213564770284,0.03931215252758059,0.08170182085414524,0.1451638633143458,0.051067872595229644,0.23636363636363633,0.20036764705882348,0.15909090909090906,0.12735849056603776,0.0826446280991735,0.0629139072847682,0.23636363636363636
4,Donor09,scvi_matched,3,524,7,B;CD14_Mono;CD4T_Mem;CD4T_Naive;CD8T_Mem;CD8T_Naive;NK,0.7935040599564676,0.7935040599564676,0.7977099236641222,0.7902990798021854,0.8397129186602871,0.5300744786536926,0.6431118533899072,0.2808717435035243,0.4977341890335083,0.27791833877563477,0.02599105000040913,0.024575719339701953,0.057906806269148084,0.111557524784629,0.0357144641172166,0.2022900763358778,0.1610169491525424,0.13365155131264916,0.0926430517711172,0.060509554140127375,0.03053435114503822,0.20229007633587787
4,Donor10,scvi_matched,3,605,7,B;CD14_Mono;CD4T_Mem;CD4T_Naive;CD8T_Mem;CD8T_Naive;NK,0.8018087648124689,0.8018087648124689,0.7603305785123967,0.7916136047528358,0.8088455772113943,0.5071657406265127,0.6241379310344828,0.3297597194086547,0.5843684673309326,0.3261066675186157,0.031449109906992644,0.028340687461135806,0.0822688179324561,0.15350737216151217,0.05073352413383135,0.23966942148760328,0.20588235294117652,0.16942148760330578,0.14150943396226412,0.10468319559228645,0.05960264900662249,0.2396694214876033
4,Donor09,scvi_matched,4,524,7,B;CD14_Mono;CD4T_Mem;CD4T_Naive;CD8T_Mem;CD8T_Naive;NK,0.8056992530317714,0.8056992530317714,0.8015267175572519,0.8005003760904381,0.8488095238095238,0.5431520712924504,0.6584935897435897,0.34359012697780755,0.4662274420261383,0.2649960219860077,0.028655089836084197,0.02902669374269383,0.0544365372314533,0.10528473762906954,0.03310135207968444,0.1984732824427481,0.15889830508474578,0.116945107398568,0.08991825613079019,0.05095541401273884,0.026717557251908386,0.1984732824427481
4,Donor10,scvi_matched,4,605,7,B;CD14_Mono;CD4T_Mem;CD4T_Naive;CD8T_Mem;CD8T_Naive;NK,0.7980814958932119,0.7980814958932119,0.7570247933884298,0.7851700456776979,0.8142916555268395,0.5323080223418926,0.5532929328936815,0.2589378764014295,0.5934849381446838,0.3289869725704193,0.05260026509111577,0.03730098122407581,0.08337323033232773,0.15247060376680605,0.05092221798123117,0.24297520661157024,0.20772058823529416,0.1673553719008265,0.125,0.09917355371900827,0.07947019867549665,0.24297520661157024
4,Donor09,scvi_matched,5,524,7,B;CD14_Mono;CD4T_Mem;CD4T_Naive;CD8T_Mem;CD8T_Naive;NK,0.8079370034064136,0.8079370034064136,0.8015267175572519,0.8012998595607292,0.8419871794871795,0.545948373063624,0.5988324175824177,0.2738550240418721,0.4853862524032593,0.2711051106452942,0.03429158947622503,0.030357831022666617,0.05619546104933643,0.10936560767575915,0.03486027589756757,0.1984732824427481,0.15254237288135597,0.12649164677804292,0.09809264305177112,0.06369426751592355,0.03053435114503822,0.1984732824427481
4,Donor10,scvi_matched,5,605,7,B;CD14_Mono;CD4T_Mem;CD4T_Naive;CD8T_Mem;CD8T_Naive;NK,0.7990112277989583,0.7990112277989583,0.7487603305785124,0.7881099678038834,0.7997414894853027,0.5025857122503251,0.5524282560706402,0.28861437563804293,0.6186356544494629,0.34219294786453247,0.02454219504821399,0.03139130478062907,0.09130583980911071,0.16537011671813584,0.05650223589695539,0.25123966942148757,0.21691176470588236,0.18595041322314054,0.15330188679245282,0.11294765840220389,0.06953642384105962,0.2512396694214876
4,Donor09,scvi_matched,6,524,7,B;CD14_Mono;CD4T_Mem;CD4T_Naive;CD8T_Mem;CD8T_Naive;NK,0.8139115267334418,0.8139115267334418,0.8091603053435115,0.8052441347472403,0.8281367924528302,0.4429348563774546,0.49525943396226413,0.20483575828481426,0.4761620759963989,0.267632395029068,0.03379167531055348,0.029931907833532535,0.05605648994494757,0.10806295865535802,0.036381179151067644,0.19083969465648853,0.14830508474576276,0.11933174224343679,0.0926430517711172,0.05095541401273884,0.026717557251908386,0.19083969465648856
4,Donor10,scvi_matched,6,605,7,B;CD14_Mono;CD4T_Mem;CD4T_Naive;CD8T_Mem;CD8T_Naive;NK,0.8162997297220181,0.8162997297220181,0.771900826446281,0.8083683031984636,0.8061167489060609,0.510908108143382,0.5081773888216492,0.22614464491724656,0.598790168762207,0.3250085115432739,0.02785892678686411,0.028843840094637307,0.07816668852150793,0.14529271801623345,0.04972362918884511,0.228099173553719,0.19301470588235292,0.16115702479338845,0.125,0.09917355371900827,0.0629139072847682,0.228099173553719
4,Donor09,scvi_matched,7,524,7,B;CD14_Mono;CD4T_Mem;CD4T_Naive;CD8T_Mem;CD8T_Naive;NK,0.822774423979714,0.822774423979714,0.8110687022900763,0.8112610646772137,0.8530718954248366,0.5157940902950077,0.6336541889483065,0.3201655749804621,0.46920791268348694,0.2582946717739105,0.03283228776382127,0.024006800740274753,0.04971560010866568,0.09585039899569654,0.03044397889936738,0.18893129770992367,0.14830508474576276,0.116945107398568,0.07356948228882831,0.031847133757961776,0.022900763358778664,0.18893129770992367
4,Donor10,scvi_matched,7,605,7,B;CD14_Mono;CD4T_Mem;CD4T_Naive;CD8T_Mem;CD8T_Naive;NK,0.8030108618839711,0.8030108618839711,0.768595041322314,0.7873262368596448,0.8054377880184331,0.5294698972846007,0.5996774193548386,0.2976735582428745,0.5921058058738708,0.32632309198379517,0.06480956018463639,0.0495808189072885,0.08138652250453259,0.14450793814272078,0.052077779118105724,0.23140495867768596,0.18933823529411764,0.17355371900826444,0.12735849056603776,0.09090909090909094,0.0629139072847682,0.23140495867768596
4,Donor09,scvi_matched,8,524,7,B;CD14_Mono;CD4T_Mem;CD4T_Naive;CD8T_Mem;CD8T_Naive;NK,0.8148212056281167,0.8148212056281167,0.8129770992366412,0.8081608315769806,0.824302960620868,0.5006169907032224,0.6351441985244802,0.2678783445256572,0.4709537923336029,0.2651385962963104,0.03742885282476441,0.04490037922185796,0.05619504233293048,0.10699675857269458,0.037322620362457176,0.1870229007633588,0.15254237288135597,0.11455847255369933,0.08991825613079019,0.06687898089171973,0.03435114503816794,0.18702290076335878
4,Donor10,scvi_matched,8,605,7,B;CD14_Mono;CD4T_Mem;CD4T_Naive;CD8T_Mem;CD8T_Naive;NK,0.8356887191214595,0.8356887191214595,0.7900826446280992,0.8250788506107656,0.7821632128619905,0.4262335434225777,0.5927420683293251,0.24107308746369502,0.5687289237976074,0.31270304322242737,0.05261368342667573,0.0543082399309174,0.07725011157789984,0.13784552697124564,0.05331685478583474,0.20991735537190082,0.18198529411764708,0.1549586776859504,0.12735849056603776,0.09366391184572997,0.06622516556291391,0.20991735537190082
4,Donor09,scvi_matched,9,524,7,B;CD14_Mono;CD4T_Mem;CD4T_Naive;CD8T_Mem;CD8T_Naive;NK,0.8262906367817549,0.8262906367817549,0.816793893129771,0.8246204037508386,0.831434968847352,0.4293977922629025,0.6382885514018692,0.2773106672232074,0.47896575927734375,0.26137831807136536,0.04253254836524717,0.03253925796456009,0.051786179951303336,0.10085671838915973,0.03369872753471008,0.18320610687022898,0.15677966101694918,0.11933174224343679,0.07356948228882831,0.04458598726114649,0.026717557251908386,0.183206106870229
4,Donor10,scvi_matched,9,605,7,B;CD14_Mono;CD4T_Mem;CD4T_Naive;CD8T_Mem;CD8T_Naive;NK,0.8002834111879223,0.8002834111879223,0.7570247933884298,0.792868998878704,0.8050381724742298,0.5355341585702806,0.6011199239521136,0.28566270814179406,0.6072733998298645,0.3336726427078247,0.04561474160714583,0.034104240482503705,0.08650759129207988,0.15596358899144608,0.05405657894098333,0.24297520661157024,0.20036764705882348,0.16942148760330578,0.14386792452830188,0.10192837465564741,0.07615894039735094,0.24297520661157024
4,Donor09,totalvi,0,524,7,B;CD14_Mono;CD4T_Mem;CD4T_Naive;CD8T_Mem;CD8T_Naive;NK,0.8952318322616032,0.8952318322616032,0.8912213740458015,0.8968981260285609,0.8720462827303805,0.4124010744692085,0.6734287538975919,0.2237236442772933,0.2849138677120209,0.15690292418003082,0.027804741195139992,0.030715334051437927,0.022256476494139015,0.04304714845440576,0.016009340318249434,0.10877862595419852,0.07203389830508478,0.04057279236276845,0.02997275204359673,0.015923566878980888,0.011450381679389277,0.10877862595419847
4,Donor10,totalvi,0,605,7,B;CD14_Mono;CD4T_Mem;CD4T_Naive;CD8T_Mem;CD8T_Naive;NK,0.885309090503973,0.885309090503973,0.8578512396694215,0.8806135799416873,0.836649191199534,0.48460704272804944,0.6089976251288255,0.20357729574836964,0.3864205777645111,0.2048034518957138,0.03906564545040289,0.03555827342774256,0.03927341604851743,0.07127970564540724,0.028536924112285346,0.14214876033057855,0.09558823529411764,0.06818181818181823,0.054245283018867885,0.052341597796143224,0.03642384105960261,0.14214876033057852
4,Donor09,totalvi,1,524,7,B;CD14_Mono;CD4T_Mem;CD4T_Naive;CD8T_Mem;CD8T_Naive;NK,0.8976126002612546,0.8976126002612546,0.8893129770992366,0.895999273328466,0.8419416900991563,0.40838462223071603,0.6486976468847122,0.1773004303737956,0.2979063093662262,0.17021547257900238,0.04120909974320243,0.03687735942711355,0.026668086769619046,0.05227217708805281,0.020197310579329306,0.11068702290076338,0.0805084745762712,0.054892601431980936,0.0463215258855586,0.02547770700636942,0.003816793893129722,0.11068702290076336
4,Donor10,totalvi,1,605,7,B;CD14_Mono;CD4T_Mem;CD4T_Naive;CD8T_Mem;CD8T_Naive;NK,0.897069812204823,0.897069812204823,0.8743801652892562,0.8922867181545792,0.8169087652969854,0.35999235498056426,0.6456820216893842,0.18332893283098234,0.3966861367225647,0.2047688066959381,0.04379003510987463,0.042084846122205734,0.03621343972440228,0.06513115757024908,0.027866664550497144,0.12561983471074378,0.1029411764705882,0.06818181818181823,0.047169811320754707,0.038567493112947604,0.026490066225165587,0.1256198347107438
4,Donor09,totalvi,2,524,7,B;CD14_Mono;CD4T_Mem;CD4T_Naive;CD8T_Mem;CD8T_Naive;NK,0.8987216099312316,0.8987216099312316,0.8912213740458015,0.8970065200499983,0.8236597918779819,0.3195905681312397,0.6730155152334798,0.1745563127813553,0.3193250000476837,0.17680402100086212,0.04194643729515657,0.03489156857929159,0.02875521568931708,0.05462205826948984,0.0225080795134275,0.10877862595419852,0.0826271186440678,0.059665871121718395,0.043596730245231585,0.02547770700636942,0.022900763358778664,0.10877862595419847
4,Donor10,totalvi,2,605,7,B;CD14_Mono;CD4T_Mem;CD4T_Naive;CD8T_Mem;CD8T_Naive;NK,0.8938654384962287,0.8938654384962287,0.8694214876033057,0.8850646019365691,0.8308466092313616,0.4109767999057701,0.6784665736150551,0.20613387048950538,0.38475412130355835,0.2040300965309143,0.03390152828752501,0.035999907442360854,0.035667473145162165,0.06449865062609046,0.02663686230438342,0.13057851239669427,0.09742647058823528,0.0723140495867769,0.04481132075471694,0.03305785123966942,0.0298013245033113,0.1305785123966942
4,Donor09,totalvi,3,524,7,B;CD14_Mono;CD4T_Mem;CD4T_Naive;CD8T_Mem;CD8T_Naive;NK,0.884275788223105,0.884275788223105,0.8816793893129771,0.8817224233155201,0.8542452171484429,0.4313365247834507,0.6819229157938835,0.2060330011506573,0.303093820810318,0.1757812798023224,0.030320240796067335,0.040533284763343475,0.026919740781570854,0.052680528199335566,0.01951336354907789,0.11832061068702293,0.0826271186440678,0.06682577565632464,0.03542234332425065,0.022292993630573243,0.007633587786259555,0.1183206106870229
4,Donor10,totalvi,3,605,7,B;CD14_Mono;CD4T_Mem;CD4T_Naive;CD8T_Mem;CD8T_Naive;NK,0.8937443338313436,0.8937443338313436,0.8727272727272727,0.8875278387223142,0.8139757969303425,0.3737607820127695,0.6401269185360094,0.1950860157870202,0.39366424083709717,0.20252615213394165,0.04342478838833896,0.04142879247665405,0.03774439173753634,0.06680365357453533,0.02917280379973929,0.12727272727272732,0.09191176470588236,0.07438016528925617,0.04481132075471694,0.0440771349862259,0.0331125827814569,0.12727272727272726
4,Donor09,totalvi,4,524,7,B;CD14_Mono;CD4T_Mem;CD4T_Naive;CD8T_Mem;CD8T_Naive;NK,0.8842789448568658,0.8842789448568658,0.8797709923664122,0.8866645500806991,0.8376545122749027,0.417855734964464,0.6299624694418621,0.16811897050186822,0.3136776387691498,0.18009182810783386,0.027433324292415878,0.03482764333714054,0.030772136357938122,0.05885207908874135,0.02312155429773716,0.12022900763358779,0.08686440677966101,0.059665871121718395,0.043596730245231585,0.03821656050955413,0.022900763358778664,0.12022900763358779
4,Donor10,totalvi,4,605,7,B;CD14_Mono;CD4T_Mem;CD4T_Naive;CD8T_Mem;CD8T_Naive;NK,0.9012097339861753,0.9012097339861753,0.8760330578512396,0.8943706156285477,0.8280251572327044,0.3842905008146884,0.627119496855346,0.18962676717852184,0.36633479595184326,0.19424046576023102,0.028802246003111535,0.026083455548798738,0.0340044519808341,0.061500275136827355,0.02587936501021221,0.12396694214876036,0.09191176470588236,0.06404958677685946,0.04952830188679247,0.03581267217630857,0.026490066225165587,0.12396694214876033
4,Donor09,totalvi,5,524,7,B;CD14_Mono;CD4T_Mem;CD4T_Naive;CD8T_Mem;CD8T_Naive;NK,0.9050982503369138,0.9050982503369138,0.8931297709923665,0.906635779679258,0.8604242979242979,0.43693975628228354,0.7100503663003663,0.24446177887941245,0.2804323732852936,0.1594943404197693,0.048151462815190074,0.04148495316732931,0.023521592211697605,0.04573194744577211,0.01749400954711061,0.10687022900763354,0.07203389830508478,0.04534606205250602,0.03542234332425065,0.031847133757961776,0.007633587786259555,0.10687022900763359
4,Donor10,totalvi,5,605,7,B;CD14_Mono;CD4T_Mem;CD4T_Naive;CD8T_Mem;CD8T_Naive;NK,0.8985864096776119,0.8985864096776119,0.8727272727272727,0.8957978620166003,0.8128935458480913,0.4270409944515775,0.6255165289256198,0.17457010702723877,0.36271801590919495,0.19790062308311462,0.03145791430118657,0.03874724403885771,0.03771247508110029,0.06858538997891583,0.029140887143303238,0.12727272727272732,0.09375,0.07024793388429751,0.05660377358490565,0.0440771349862259,0.0331125827814569,0.12727272727272726
4,Donor09,totalvi,6,524,7,B;CD14_Mono;CD4T_Mem;CD4T_Naive;CD8T_Mem;CD8T_Naive;NK,0.8982124813628809,0.8982124813628809,0.8931297709923665,0.8999093659963224,0.8434065934065934,0.3857493485523264,0.6922313797313797,0.2286554069990155,0.299714595079422,0.16646434366703033,0.043766436572293295,0.03342343741700851,0.025504389944056783,0.050184907918891575,0.01947680727946979,0.10687022900763354,0.07203389830508478,0.05250596658711215,0.04087193460490468,0.035031847133757954,0.011450381679389277,0.10687022900763359
4,Donor10,totalvi,6,605,7,B;CD14_Mono;CD4T_Mem;CD4T_Naive;CD8T_Mem;CD8T_Naive;NK,0.8923662384357224,0.8923662384357224,0.8710743801652893,0.881440579238265,0.8213156230234029,0.3770636819760359,0.6342626380577046,0.19084300744724117,0.38403749465942383,0.20262715220451355,0.0429787524475539,0.034987751265202684,0.036995129224064005,0.06605611672370391,0.02819559804403795,0.12892561983471074,0.09926470588235292,0.06198347107438018,0.04952830188679247,0.038567493112947604,0.0298013245033113,0.12892561983471074
4,Donor09,totalvi,7,524,7,B;CD14_Mono;CD4T_Mem;CD4T_Naive;CD8T_Mem;CD8T_Naive;NK,0.8935110052939794,0.8935110052939794,0.8893129770992366,0.8905991179283106,0.860182033446796,0.4626194108954157,0.6522125203492674,0.16441800944655255,0.2845495641231537,0.16204595565795898,0.03402919350689604,0.03572394971856633,0.02457057215695251,0.047953560169559886,0.01809979596666277,0.11068702290076338,0.06991525423728817,0.05011933174224348,0.032697547683923744,0.0286624203821656,0.011450381679389277,0.11068702290076336
4,Donor10,totalvi,7,605,7,B;CD14_Mono;CD4T_Mem;CD4T_Naive;CD8T_Mem;CD8T_Naive;NK,0.8917272024951945,0.8917272024951945,0.8661157024793389,0.8825678970322494,0.8321788709829422,0.40164389112899856,0.64058524173028,0.209630226782918,0.3896535634994507,0.20386171340942383,0.02754129969384058,0.03309181864596595,0.03659709028150246,0.0672883009762373,0.027094886989840507,0.1338842975206611,0.09558823529411764,0.06818181818181823,0.054245283018867885,0.038567493112947604,0.023178807947019875,0.13388429752066117
4,Donor09,totalvi,8,524,7,B;CD14_Mono;CD4T_Mem;CD4T_Naive;CD8T_Mem;CD8T_Naive;NK,0.8865483880058146,0.8865483880058146,0.8797709923664122,0.8807201080493007,0.8404434803567125,0.3865169601674988,0.6740350514753986,0.18144854867923071,0.31494513154029846,0.17759573459625244,0.02794376243161791,0.02162889362746523,0.030193588834345926,0.05745111051576456,0.022543006774144964,0.12022900763358779,0.08898305084745761,0.05727923627684961,0.043596730245231585,0.031847133757961776,0.022900763358778664,0.12022900763358779
4,Donor10,totalvi,8,605,7,B;CD14_Mono;CD4T_Mem;CD4T_Naive;CD8T_Mem;CD8T_Naive;NK,0.899878039084126,0.899878039084126,0.8743801652892562,0.8911275879360986,0.8309123470301463,0.41291439825839277,0.6447865883991644,0.1708150417221302,0.37077733874320984,0.19580918550491333,0.044526734825008164,0.04291845776818014,0.03428154519776046,0.06212392288493918,0.02593477002385532,0.12561983471074378,0.08272058823529416,0.06198347107438018,0.05188679245283023,0.03305785123966942,0.0331125827814569,0.1256198347107438
4,Donor09,totalvi,9,524,7,B;CD14_Mono;CD4T_Mem;CD4T_Naive;CD8T_Mem;CD8T_Naive;NK,0.8931127084630566,0.8931127084630566,0.8893129770992366,0.8987727248596814,0.8661758176705638,0.47836400389990413,0.6959449459819447,0.18551396996784947,0.2890831232070923,0.1621670126914978,0.02468690333020597,0.030188154173261355,0.023737756795768113,0.04592034034060031,0.017266980605478374,0.11068702290076338,0.07203389830508478,0.042959427207637235,0.027247956403269713,0.022292993630573243,0.011450381679389277,0.11068702290076336
4,Donor10,totalvi,9,605,7,B;CD14_Mono;CD4T_Mem;CD4T_Naive;CD8T_Mem;CD8T_Naive;NK,0.9057309442767157,0.9057309442767157,0.8776859504132232,0.9023673159544753,0.8409171883748155,0.3728749033403036,0.6721382399348501,0.19707069257442872,0.36118611693382263,0.19313719868659973,0.04196984275313448,0.041969805709586666,0.030684661787469647,0.058923227274205826,0.02277814435491972,0.12231404958677683,0.08823529411764708,0.05991735537190079,0.037735849056603765,0.03305785123966942,0.019867549668874163,0.12231404958677686
