true,predicted,normalized,direction,model,seed,label_level
B intermediate,B intermediate,0.6363636363636364,pbmc10k_to_pbmc5k,scvi_matched,0,l2
B memory,B intermediate,0.16455696202531644,pbmc10k_to_pbmc5k,scvi_matched,0,l2
B naive,B intermediate,0.2578125,pbmc10k_to_pbmc5k,scvi_matched,0,l2
CD14 Mono,B intermediate,0.0,pbmc10k_to_pbmc5k,scvi_matched,0,l2
CD16 Mono,B intermediate,0.0,pbmc10k_to_pbmc5k,scvi_matched,0,l2
CD4 CTL,B intermediate,0.0,pbmc10k_to_pbmc5k,scvi_matched,0,l2
CD4 Naive,B intermediate,0.0,pbmc10k_to_pbmc5k,scvi_matched,0,l2
CD4 TCM,B intermediate,0.0,pbmc10k_to_pbmc5k,scvi_matched,0,l2
CD4 TEM,B intermediate,0.0,pbmc10k_to_pbmc5k,scvi_matched,0,l2
CD8 Naive,B intermediate,0.0,pbmc10k_to_pbmc5k,scvi_matched,0,l2
CD8 TCM,B intermediate,0.0,pbmc10k_to_pbmc5k,scvi_matched,0,l2
CD8 TEM,B intermediate,0.0,pbmc10k_to_pbmc5k,scvi_matched,0,l2
Eryth,B intermediate,0.0,pbmc10k_to_pbmc5k,scvi_matched,0,l2
ILC,B intermediate,0.0,pbmc10k_to_pbmc5k,scvi_matched,0,l2
MAIT,B intermediate,0.0,pbmc10k_to_pbmc5k,scvi_matched,0,l2
NK,B intermediate,0.0,pbmc10k_to_pbmc5k,scvi_matched,0,l2
NK_CD56bright,B intermediate,0.0,pbmc10k_to_pbmc5k,scvi_matched,0,l2
Treg,B intermediate,0.0,pbmc10k_to_pbmc5k,scvi_matched,0,l2
cDC2,B intermediate,0.0,pbmc10k_to_pbmc5k,scvi_matched,0,l2
dnT,B intermediate,0.0,pbmc10k_to_pbmc5k,scvi_matched,0,l2
gdT,B intermediate,0.0,pbmc10k_to_pbmc5k,scvi_matched,0,l2
pDC,B intermediate,0.0,pbmc10k_to_pbmc5k,scvi_matched,0,l2
B intermediate,B memory,0.3484848484848485,pbmc10k_to_pbmc5k,scvi_matched,0,l2
B memory,B memory,0.8354430379746836,pbmc10k_to_pbmc5k,scvi_matched,0,l2
B naive,B memory,0.0390625,pbmc10k_to_pbmc5k,scvi_matched,0,l2
CD14 Mono,B memory,0.0,pbmc10k_to_pbmc5k,scvi_matched,0,l2
CD16 Mono,B memory,0.0,pbmc10k_to_pbmc5k,scvi_matched,0,l2
CD4 CTL,B memory,0.0,pbmc10k_to_pbmc5k,scvi_matched,0,l2
CD4 Naive,B memory,0.0,pbmc10k_to_pbmc5k,scvi_matched,0,l2
CD4 TCM,B memory,0.0,pbmc10k_to_pbmc5k,scvi_matched,0,l2
CD4 TEM,B memory,0.0,pbmc10k_to_pbmc5k,scvi_matched,0,l2
CD8 Naive,B memory,0.0,pbmc10k_to_pbmc5k,scvi_matched,0,l2
CD8 TCM,B memory,0.0,pbmc10k_to_pbmc5k,scvi_matched,0,l2
CD8 TEM,B memory,0.0,pbmc10k_to_pbmc5k,scvi_matched,0,l2
Eryth,B memory,0.0,pbmc10k_to_pbmc5k,scvi_matched,0,l2
ILC,B memory,0.0,pbmc10k_to_pbmc5k,scvi_matched,0,l2
MAIT,B memory,0.0,pbmc10k_to_pbmc5k,scvi_matched,0,l2
NK,B memory,0.0,pbmc10k_to_pbmc5k,scvi_matched,0,l2
NK_CD56bright,B memory,0.0,pbmc10k_to_pbmc5k,scvi_matched,0,l2
Treg,B memory,0.0,pbmc10k_to_pbmc5k,scvi_matched,0,l2
cDC2,B memory,0.0,pbmc10k_to_pbmc5k,scvi_matched,0,l2
dnT,B memory,0.0,pbmc10k_to_pbmc5k,scvi_matched,0,l2
gdT,B memory,0.0,pbmc10k_to_pbmc5k,scvi_matched,0,l2
pDC,B memory,0.0,pbmc10k_to_pbmc5k,scvi_matched,0,l2
B intermediate,B naive,0.015151515151515152,pbmc10k_to_pbmc5k,scvi_matched,0,l2
B memory,B naive,0.0,pbmc10k_to_pbmc5k,scvi_matched,0,l2
B naive,B naive,0.703125,pbmc10k_to_pbmc5k,scvi_matched,0,l2
CD14 Mono,B naive,0.0,pbmc10k_to_pbmc5k,scvi_matched,0,l2
CD16 Mono,B naive,0.0,pbmc10k_to_pbmc5k,scvi_matched,0,l2
CD4 CTL,B naive,0.0,pbmc10k_to_pbmc5k,scvi_matched,0,l2
CD4 Naive,B naive,0.0,pbmc10k_to_pbmc5k,scvi_matched,0,l2
CD4 TCM,B naive,0.0,pbmc10k_to_pbmc5k,scvi_matched,0,l2
CD4 TEM,B naive,0.0,pbmc10k_to_pbmc5k,scvi_matched,0,l2
CD8 Naive,B naive,0.0,pbmc10k_to_pbmc5k,scvi_matched,0,l2
CD8 TCM,B naive,0.0,pbmc10k_to_pbmc5k,scvi_matched,0,l2
CD8 TEM,B naive,0.0,pbmc10k_to_pbmc5k,scvi_matched,0,l2
Eryth,B naive,0.0,pbmc10k_to_pbmc5k,scvi_matched,0,l2
ILC,B naive,0.0,pbmc10k_to_pbmc5k,scvi_matched,0,l2
MAIT,B naive,0.0,pbmc10k_to_pbmc5k,scvi_matched,0,l2
NK,B naive,0.0,pbmc10k_to_pbmc5k,scvi_matched,0,l2
NK_CD56bright,B naive,0.0,pbmc10k_to_pbmc5k,scvi_matched,0,l2
Treg,B naive,0.0,pbmc10k_to_pbmc5k,scvi_matched,0,l2
cDC2,B naive,0.0,pbmc10k_to_pbmc5k,scvi_matched,0,l2
dnT,B naive,0.0,pbmc10k_to_pbmc5k,scvi_matched,0,l2
gdT,B naive,0.0,pbmc10k_to_pbmc5k,scvi_matched,0,l2
pDC,B naive,0.0,pbmc10k_to_pbmc5k,scvi_matched,0,l2
B intermediate,CD14 Mono,0.0,pbmc10k_to_pbmc5k,scvi_matched,0,l2
B memory,CD14 Mono,0.0,pbmc10k_to_pbmc5k,scvi_matched,0,l2
B naive,CD14 Mono,0.0,pbmc10k_to_pbmc5k,scvi_matched,0,l2
CD14 Mono,CD14 Mono,0.9946638207043756,pbmc10k_to_pbmc5k,scvi_matched,0,l2
CD16 Mono,CD14 Mono,0.17557251908396945,pbmc10k_to_pbmc5k,scvi_matched,0,l2
CD4 CTL,CD14 Mono,0.0,pbmc10k_to_pbmc5k,scvi_matched,0,l2
CD4 Naive,CD14 Mono,0.0,pbmc10k_to_pbmc5k,scvi_matched,0,l2
CD4 TCM,CD14 Mono,0.0,pbmc10k_to_pbmc5k,scvi_matched,0,l2
CD4 TEM,CD14 Mono,0.0,pbmc10k_to_pbmc5k,scvi_matched,0,l2
CD8 Naive,CD14 Mono,0.0,pbmc10k_to_pbmc5k,scvi_matched,0,l2
CD8 TCM,CD14 Mono,0.0,pbmc10k_to_pbmc5k,scvi_matched,0,l2
CD8 TEM,CD14 Mono,0.0,pbmc10k_to_pbmc5k,scvi_matched,0,l2
Eryth,CD14 Mono,0.5348837209302325,pbmc10k_to_pbmc5k,scvi_matched,0,l2
ILC,CD14 Mono,0.0,pbmc10k_to_pbmc5k,scvi_matched,0,l2
MAIT,CD14 Mono,0.0,pbmc10k_to_pbmc5k,scvi_matched,0,l2
NK,CD14 Mono,0.0,pbmc10k_to_pbmc5k,scvi_matched,0,l2
NK_CD56bright,CD14 Mono,0.0,pbmc10k_to_pbmc5k,scvi_matched,0,l2
Treg,CD14 Mono,0.0,pbmc10k_to_pbmc5k,scvi_matched,0,l2
cDC2,CD14 Mono,0.056,pbmc10k_to_pbmc5k,scvi_matched,0,l2
dnT,CD14 Mono,0.0,pbmc10k_to_pbmc5k,scvi_matched,0,l2
gdT,CD14 Mono,0.0,pbmc10k_to_pbmc5k,scvi_matched,0,l2
pDC,CD14 Mono,0.0,pbmc10k_to_pbmc5k,scvi_matched,0,l2
B intermediate,CD16 Mono,0.0,pbmc10k_to_pbmc5k,scvi_matched,0,l2
B memory,CD16 Mono,0.0,pbmc10k_to_pbmc5k,scvi_matched,0,l2
B naive,CD16 Mono,0.0,pbmc10k_to_pbmc5k,scvi_matched,0,l2
CD14 Mono,CD16 Mono,0.0010672358591248667,pbmc10k_to_pbmc5k,scvi_matched,0,l2
CD16 Mono,CD16 Mono,0.8091603053435115,pbmc10k_to_pbmc5k,scvi_matched,0,l2
CD4 CTL,CD16 Mono,0.0,pbmc10k_to_pbmc5k,scvi_matched,0,l2
CD4 Naive,CD16 Mono,0.0,pbmc10k_to_pbmc5k,scvi_matched,0,l2
CD4 TCM,CD16 Mono,0.0,pbmc10k_to_pbmc5k,scvi_matched,0,l2
CD4 TEM,CD16 Mono,0.0,pbmc10k_to_pbmc5k,scvi_matched,0,l2
CD8 Naive,CD16 Mono,0.0,pbmc10k_to_pbmc5k,scvi_matched,0,l2
CD8 TCM,CD16 Mono,0.0,pbmc10k_to_pbmc5k,scvi_matched,0,l2
CD8 TEM,CD16 Mono,0.0,pbmc10k_to_pbmc5k,scvi_matched,0,l2
Eryth,CD16 Mono,0.0,pbmc10k_to_pbmc5k,scvi_matched,0,l2
ILC,CD16 Mono,0.0,pbmc10k_to_pbmc5k,scvi_matched,0,l2
MAIT,CD16 Mono,0.0,pbmc10k_to_pbmc5k,scvi_matched,0,l2
NK,CD16 Mono,0.0,pbmc10k_to_pbmc5k,scvi_matched,0,l2
NK_CD56bright,CD16 Mono,0.0,pbmc10k_to_pbmc5k,scvi_matched,0,l2
Treg,CD16 Mono,0.0,pbmc10k_to_pbmc5k,scvi_matched,0,l2
cDC2,CD16 Mono,0.0,pbmc10k_to_pbmc5k,scvi_matched,0,l2
dnT,CD16 Mono,0.0,pbmc10k_to_pbmc5k,scvi_matched,0,l2
gdT,CD16 Mono,0.0,pbmc10k_to_pbmc5k,scvi_matched,0,l2
pDC,CD16 Mono,0.0,pbmc10k_to_pbmc5k,scvi_matched,0,l2
B intermediate,CD4 CTL,0.0,pbmc10k_to_pbmc5k,scvi_matched,0,l2
B memory,CD4 CTL,0.0,pbmc10k_to_pbmc5k,scvi_matched,0,l2
B naive,CD4 CTL,0.0,pbmc10k_to_pbmc5k,scvi_matched,0,l2
CD14 Mono,CD4 CTL,0.0,pbmc10k_to_pbmc5k,scvi_matched,0,l2
CD16 Mono,CD4 CTL,0.0,pbmc10k_to_pbmc5k,scvi_matched,0,l2
CD4 CTL,CD4 CTL,0.17073170731707318,pbmc10k_to_pbmc5k,scvi_matched,0,l2
CD4 Naive,CD4 CTL,0.0,pbmc10k_to_pbmc5k,scvi_matched,0,l2
CD4 TCM,CD4 CTL,0.0,pbmc10k_to_pbmc5k,scvi_matched,0,l2
CD4 TEM,CD4 CTL,0.0,pbmc10k_to_pbmc5k,scvi_matched,0,l2
CD8 Naive,CD4 CTL,0.0,pbmc10k_to_pbmc5k,scvi_matched,0,l2
CD8 TCM,CD4 CTL,0.0,pbmc10k_to_pbmc5k,scvi_matched,0,l2
CD8 TEM,CD4 CTL,0.013605442176870748,pbmc10k_to_pbmc5k,scvi_matched,0,l2
Eryth,CD4 CTL,0.0,pbmc10k_to_pbmc5k,scvi_matched,0,l2
ILC,CD4 CTL,0.0,pbmc10k_to_pbmc5k,scvi_matched,0,l2
MAIT,CD4 CTL,0.0,pbmc10k_to_pbmc5k,scvi_matched,0,l2
NK,CD4 CTL,0.0,pbmc10k_to_pbmc5k,scvi_matched,0,l2
NK_CD56bright,CD4 CTL,0.0,pbmc10k_to_pbmc5k,scvi_matched,0,l2
Treg,CD4 CTL,0.0,pbmc10k_to_pbmc5k,scvi_matched,0,l2
cDC2,CD4 CTL,0.0,pbmc10k_to_pbmc5k,scvi_matched,0,l2
dnT,CD4 CTL,0.0,pbmc10k_to_pbmc5k,scvi_matched,0,l2
gdT,CD4 CTL,0.0,pbmc10k_to_pbmc5k,scvi_matched,0,l2
pDC,CD4 CTL,0.0,pbmc10k_to_pbmc5k,scvi_matched,0,l2
B intermediate,CD4 Naive,0.0,pbmc10k_to_pbmc5k,scvi_matched,0,l2
B memory,CD4 Naive,0.0,pbmc10k_to_pbmc5k,scvi_matched,0,l2
B naive,CD4 Naive,0.0,pbmc10k_to_pbmc5k,scvi_matched,0,l2
CD14 Mono,CD4 Naive,0.0,pbmc10k_to_pbmc5k,scvi_matched,0,l2
CD16 Mono,CD4 Naive,0.0,pbmc10k_to_pbmc5k,scvi_matched,0,l2
CD4 CTL,CD4 Naive,0.0,pbmc10k_to_pbmc5k,scvi_matched,0,l2
CD4 Naive,CD4 Naive,0.7195767195767195,pbmc10k_to_pbmc5k,scvi_matched,0,l2
CD4 TCM,CD4 Naive,0.11009174311926606,pbmc10k_to_pbmc5k,scvi_matched,0,l2
CD4 TEM,CD4 Naive,0.003676470588235294,pbmc10k_to_pbmc5k,scvi_matched,0,l2
CD8 Naive,CD4 Naive,0.10416666666666667,pbmc10k_to_pbmc5k,scvi_matched,0,l2
CD8 TCM,CD4 Naive,0.058823529411764705,pbmc10k_to_pbmc5k,scvi_matched,0,l2
CD8 TEM,CD4 Naive,0.0,pbmc10k_to_pbmc5k,scvi_matched,0,l2
Eryth,CD4 Naive,0.0,pbmc10k_to_pbmc5k,scvi_matched,0,l2
ILC,CD4 Naive,0.02040816326530612,pbmc10k_to_pbmc5k,scvi_matched,0,l2
MAIT,CD4 Naive,0.0,pbmc10k_to_pbmc5k,scvi_matched,0,l2
NK,CD4 Naive,0.0,pbmc10k_to_pbmc5k,scvi_matched,0,l2
NK_CD56bright,CD4 Naive,0.0,pbmc10k_to_pbmc5k,scvi_matched,0,l2
Treg,CD4 Naive,0.1016949152542373,pbmc10k_to_pbmc5k,scvi_matched,0,l2
cDC2,CD4 Naive,0.0,pbmc10k_to_pbmc5k,scvi_matched,0,l2
dnT,CD4 Naive,0.5714285714285714,pbmc10k_to_pbmc5k,scvi_matched,0,l2
gdT,CD4 Naive,0.0,pbmc10k_to_pbmc5k,scvi_matched,0,l2
pDC,CD4 Naive,0.0,pbmc10k_to_pbmc5k,scvi_matched,0,l2
B intermediate,CD4 TCM,0.0,pbmc10k_to_pbmc5k,scvi_matched,0,l2
B memory,CD4 TCM,0.0,pbmc10k_to_pbmc5k,scvi_matched,0,l2
B naive,CD4 TCM,0.0,pbmc10k_to_pbmc5k,scvi_matched,0,l2
CD14 Mono,CD4 TCM,0.0,pbmc10k_to_pbmc5k,scvi_matched,0,l2
CD16 Mono,CD4 TCM,0.0,pbmc10k_to_pbmc5k,scvi_matched,0,l2
CD4 CTL,CD4 TCM,0.0,pbmc10k_to_pbmc5k,scvi_matched,0,l2
CD4 Naive,CD4 TCM,0.26455026455026454,pbmc10k_to_pbmc5k,scvi_matched,0,l2
CD4 TCM,CD4 TCM,0.7859327217125383,pbmc10k_to_pbmc5k,scvi_matched,0,l2
CD4 TEM,CD4 TCM,0.13602941176470587,pbmc10k_to_pbmc5k,scvi_matched,0,l2
CD8 Naive,CD4 TCM,0.020833333333333332,pbmc10k_to_pbmc5k,scvi_matched,0,l2
CD8 TCM,CD4 TCM,0.058823529411764705,pbmc10k_to_pbmc5k,scvi_matched,0,l2
CD8 TEM,CD4 TCM,0.0,pbmc10k_to_pbmc5k,scvi_matched,0,l2
Eryth,CD4 TCM,0.0,pbmc10k_to_pbmc5k,scvi_matched,0,l2
ILC,CD4 TCM,0.46938775510204084,pbmc10k_to_pbmc5k,scvi_matched,0,l2
MAIT,CD4 TCM,0.0,pbmc10k_to_pbmc5k,scvi_matched,0,l2
NK,CD4 TCM,0.0,pbmc10k_to_pbmc5k,scvi_matched,0,l2
NK_CD56bright,CD4 TCM,0.0,pbmc10k_to_pbmc5k,scvi_matched,0,l2
Treg,CD4 TCM,0.4915254237288136,pbmc10k_to_pbmc5k,scvi_matched,0,l2
cDC2,CD4 TCM,0.0,pbmc10k_to_pbmc5k,scvi_matched,0,l2
dnT,CD4 TCM,0.14285714285714285,pbmc10k_to_pbmc5k,scvi_matched,0,l2
gdT,CD4 TCM,0.0,pbmc10k_to_pbmc5k,scvi_matched,0,l2
pDC,CD4 TCM,0.0,pbmc10k_to_pbmc5k,scvi_matched,0,l2
B intermediate,CD4 TEM,0.0,pbmc10k_to_pbmc5k,scvi_matched,0,l2
B memory,CD4 TEM,0.0,pbmc10k_to_pbmc5k,scvi_matched,0,l2
B naive,CD4 TEM,0.0,pbmc10k_to_pbmc5k,scvi_matched,0,l2
CD14 Mono,CD4 TEM,0.0,pbmc10k_to_pbmc5k,scvi_matched,0,l2
CD16 Mono,CD4 TEM,0.0,pbmc10k_to_pbmc5k,scvi_matched,0,l2
CD4 CTL,CD4 TEM,0.7560975609756098,pbmc10k_to_pbmc5k,scvi_matched,0,l2
CD4 Naive,CD4 TEM,0.0,pbmc10k_to_pbmc5k,scvi_matched,0,l2
CD4 TCM,CD4 TEM,0.04892966360856269,pbmc10k_to_pbmc5k,scvi_matched,0,l2
CD4 TEM,CD4 TEM,0.7977941176470589,pbmc10k_to_pbmc5k,scvi_matched,0,l2
CD8 Naive,CD4 TEM,0.0,pbmc10k_to_pbmc5k,scvi_matched,0,l2
CD8 TCM,CD4 TEM,0.17647058823529413,pbmc10k_to_pbmc5k,scvi_matched,0,l2
CD8 TEM,CD4 TEM,0.1292517006802721,pbmc10k_to_pbmc5k,scvi_matched,0,l2
Eryth,CD4 TEM,0.0,pbmc10k_to_pbmc5k,scvi_matched,0,l2
ILC,CD4 TEM,0.21428571428571427,pbmc10k_to_pbmc5k,scvi_matched,0,l2
MAIT,CD4 TEM,0.25,pbmc10k_to_pbmc5k,scvi_matched,0,l2
NK,CD4 TEM,0.0,pbmc10k_to_pbmc5k,scvi_matched,0,l2
NK_CD56bright,CD4 TEM,0.0,pbmc10k_to_pbmc5k,scvi_matched,0,l2
Treg,CD4 TEM,0.05084745762711865,pbmc10k_to_pbmc5k,scvi_matched,0,l2
cDC2,CD4 TEM,0.0,pbmc10k_to_pbmc5k,scvi_matched,0,l2
dnT,CD4 TEM,0.0,pbmc10k_to_pbmc5k,scvi_matched,0,l2
gdT,CD4 TEM,0.08450704225352113,pbmc10k_to_pbmc5k,scvi_matched,0,l2
pDC,CD4 TEM,0.0,pbmc10k_to_pbmc5k,scvi_matched,0,l2
B intermediate,CD8 Naive,0.0,pbmc10k_to_pbmc5k,scvi_matched,0,l2
B memory,CD8 Naive,0.0,pbmc10k_to_pbmc5k,scvi_matched,0,l2
B naive,CD8 Naive,0.0,pbmc10k_to_pbmc5k,scvi_matched,0,l2
CD14 Mono,CD8 Naive,0.0,pbmc10k_to_pbmc5k,scvi_matched,0,l2
CD16 Mono,CD8 Naive,0.0,pbmc10k_to_pbmc5k,scvi_matched,0,l2
CD4 CTL,CD8 Naive,0.0,pbmc10k_to_pbmc5k,scvi_matched,0,l2
CD4 Naive,CD8 Naive,0.007936507936507936,pbmc10k_to_pbmc5k,scvi_matched,0,l2
CD4 TCM,CD8 Naive,0.0,pbmc10k_to_pbmc5k,scvi_matched,0,l2
CD4 TEM,CD8 Naive,0.0,pbmc10k_to_pbmc5k,scvi_matched,0,l2
CD8 Naive,CD8 Naive,0.7916666666666666,pbmc10k_to_pbmc5k,scvi_matched,0,l2
CD8 TCM,CD8 Naive,0.058823529411764705,pbmc10k_to_pbmc5k,scvi_matched,0,l2
CD8 TEM,CD8 Naive,0.0,pbmc10k_to_pbmc5k,scvi_matched,0,l2
Eryth,CD8 Naive,0.0,pbmc10k_to_pbmc5k,scvi_matched,0,l2
ILC,CD8 Naive,0.0,pbmc10k_to_pbmc5k,scvi_matched,0,l2
MAIT,CD8 Naive,0.0,pbmc10k_to_pbmc5k,scvi_matched,0,l2
NK,CD8 Naive,0.0,pbmc10k_to_pbmc5k,scvi_matched,0,l2
NK_CD56bright,CD8 Naive,0.0,pbmc10k_to_pbmc5k,scvi_matched,0,l2
Treg,CD8 Naive,0.0,pbmc10k_to_pbmc5k,scvi_matched,0,l2
cDC2,CD8 Naive,0.0,pbmc10k_to_pbmc5k,scvi_matched,0,l2
dnT,CD8 Naive,0.07142857142857142,pbmc10k_to_pbmc5k,scvi_matched,0,l2
gdT,CD8 Naive,0.0,pbmc10k_to_pbmc5k,scvi_matched,0,l2
pDC,CD8 Naive,0.0,pbmc10k_to_pbmc5k,scvi_matched,0,l2
B intermediate,CD8 TCM,0.0,pbmc10k_to_pbmc5k,scvi_matched,0,l2
B memory,CD8 TCM,0.0,pbmc10k_to_pbmc5k,scvi_matched,0,l2
B naive,CD8 TCM,0.0,pbmc10k_to_pbmc5k,scvi_matched,0,l2
CD14 Mono,CD8 TCM,0.0,pbmc10k_to_pbmc5k,scvi_matched,0,l2
CD16 Mono,CD8 TCM,0.0,pbmc10k_to_pbmc5k,scvi_matched,0,l2
CD4 CTL,CD8 TCM,0.0,pbmc10k_to_pbmc5k,scvi_matched,0,l2
CD4 Naive,CD8 TCM,0.0,pbmc10k_to_pbmc5k,scvi_matched,0,l2
CD4 TCM,CD8 TCM,0.0061162079510703364,pbmc10k_to_pbmc5k,scvi_matched,0,l2
CD4 TEM,CD8 TCM,0.022058823529411766,pbmc10k_to_pbmc5k,scvi_matched,0,l2
CD8 Naive,CD8 TCM,0.020833333333333332,pbmc10k_to_pbmc5k,scvi_matched,0,l2
CD8 TCM,CD8 TCM,0.4117647058823529,pbmc10k_to_pbmc5k,scvi_matched,0,l2
CD8 TEM,CD8 TCM,0.047619047619047616,pbmc10k_to_pbmc5k,scvi_matched,0,l2
Eryth,CD8 TCM,0.0,pbmc10k_to_pbmc5k,scvi_matched,0,l2
ILC,CD8 TCM,0.01020408163265306,pbmc10k_to_pbmc5k,scvi_matched,0,l2
MAIT,CD8 TCM,0.0,pbmc10k_to_pbmc5k,scvi_matched,0,l2
NK,CD8 TCM,0.0,pbmc10k_to_pbmc5k,scvi_matched,0,l2
NK_CD56bright,CD8 TCM,0.0,pbmc10k_to_pbmc5k,scvi_matched,0,l2
Treg,CD8 TCM,0.0,pbmc10k_to_pbmc5k,scvi_matched,0,l2
cDC2,CD8 TCM,0.0,pbmc10k_to_pbmc5k,scvi_matched,0,l2
dnT,CD8 TCM,0.07142857142857142,pbmc10k_to_pbmc5k,scvi_matched,0,l2
gdT,CD8 TCM,0.014084507042253521,pbmc10k_to_pbmc5k,scvi_matched,0,l2
pDC,CD8 TCM,0.0,pbmc10k_to_pbmc5k,scvi_matched,0,l2
B intermediate,CD8 TEM,0.0,pbmc10k_to_pbmc5k,scvi_matched,0,l2
B memory,CD8 TEM,0.0,pbmc10k_to_pbmc5k,scvi_matched,0,l2
B naive,CD8 TEM,0.0,pbmc10k_to_pbmc5k,scvi_matched,0,l2
CD14 Mono,CD8 TEM,0.0,pbmc10k_to_pbmc5k,scvi_matched,0,l2
CD16 Mono,CD8 TEM,0.0,pbmc10k_to_pbmc5k,scvi_matched,0,l2
CD4 CTL,CD8 TEM,0.07317073170731707,pbmc10k_to_pbmc5k,scvi_matched,0,l2
CD4 Naive,CD8 TEM,0.0,pbmc10k_to_pbmc5k,scvi_matched,0,l2
CD4 TCM,CD8 TEM,0.0,pbmc10k_to_pbmc5k,scvi_matched,0,l2
CD4 TEM,CD8 TEM,0.014705882352941176,pbmc10k_to_pbmc5k,scvi_matched,0,l2
CD8 Naive,CD8 TEM,0.0,pbmc10k_to_pbmc5k,scvi_matched,0,l2
CD8 TCM,CD8 TEM,0.029411764705882353,pbmc10k_to_pbmc5k,scvi_matched,0,l2
CD8 TEM,CD8 TEM,0.6462585034013606,pbmc10k_to_pbmc5k,scvi_matched,0,l2
Eryth,CD8 TEM,0.0,pbmc10k_to_pbmc5k,scvi_matched,0,l2
ILC,CD8 TEM,0.0,pbmc10k_to_pbmc5k,scvi_matched,0,l2
MAIT,CD8 TEM,0.0,pbmc10k_to_pbmc5k,scvi_matched,0,l2
NK,CD8 TEM,0.0,pbmc10k_to_pbmc5k,scvi_matched,0,l2
NK_CD56bright,CD8 TEM,0.0,pbmc10k_to_pbmc5k,scvi_matched,0,l2
Treg,CD8 TEM,0.0,pbmc10k_to_pbmc5k,scvi_matched,0,l2
cDC2,CD8 TEM,0.0,pbmc10k_to_pbmc5k,scvi_matched,0,l2
dnT,CD8 TEM,0.0,pbmc10k_to_pbmc5k,scvi_matched,0,l2
gdT,CD8 TEM,0.056338028169014086,pbmc10k_to_pbmc5k,scvi_matched,0,l2
pDC,CD8 TEM,0.0,pbmc10k_to_pbmc5k,scvi_matched,0,l2
B intermediate,Eryth,0.0,pbmc10k_to_pbmc5k,scvi_matched,0,l2
B memory,Eryth,0.0,pbmc10k_to_pbmc5k,scvi_matched,0,l2
B naive,Eryth,0.0,pbmc10k_to_pbmc5k,scvi_matched,0,l2
CD14 Mono,Eryth,0.0032017075773745998,pbmc10k_to_pbmc5k,scvi_matched,0,l2
CD16 Mono,Eryth,0.0,pbmc10k_to_pbmc5k,scvi_matched,0,l2
CD4 CTL,Eryth,0.0,pbmc10k_to_pbmc5k,scvi_matched,0,l2
CD4 Naive,Eryth,0.0,pbmc10k_to_pbmc5k,scvi_matched,0,l2
CD4 TCM,Eryth,0.027522935779816515,pbmc10k_to_pbmc5k,scvi_matched,0,l2
CD4 TEM,Eryth,0.0,pbmc10k_to_pbmc5k,scvi_matched,0,l2
CD8 Naive,Eryth,0.0,pbmc10k_to_pbmc5k,scvi_matched,0,l2
CD8 TCM,Eryth,0.0,pbmc10k_to_pbmc5k,scvi_matched,0,l2
CD8 TEM,Eryth,0.0,pbmc10k_to_pbmc5k,scvi_matched,0,l2
Eryth,Eryth,0.45348837209302323,pbmc10k_to_pbmc5k,scvi_matched,0,l2
ILC,Eryth,0.04081632653061224,pbmc10k_to_pbmc5k,scvi_matched,0,l2
MAIT,Eryth,0.041666666666666664,pbmc10k_to_pbmc5k,scvi_matched,0,l2
NK,Eryth,0.0,pbmc10k_to_pbmc5k,scvi_matched,0,l2
NK_CD56bright,Eryth,0.0,pbmc10k_to_pbmc5k,scvi_matched,0,l2
Treg,Eryth,0.05084745762711865,pbmc10k_to_pbmc5k,scvi_matched,0,l2
cDC2,Eryth,0.0,pbmc10k_to_pbmc5k,scvi_matched,0,l2
dnT,Eryth,0.0,pbmc10k_to_pbmc5k,scvi_matched,0,l2
gdT,Eryth,0.0,pbmc10k_to_pbmc5k,scvi_matched,0,l2
pDC,Eryth,0.0,pbmc10k_to_pbmc5k,scvi_matched,0,l2
B intermediate,ILC,0.0,pbmc10k_to_pbmc5k,scvi_matched,0,l2
B memory,ILC,0.0,pbmc10k_to_pbmc5k,scvi_matched,0,l2
B naive,ILC,0.0,pbmc10k_to_pbmc5k,scvi_matched,0,l2
CD14 Mono,ILC,0.0,pbmc10k_to_pbmc5k,scvi_matched,0,l2
CD16 Mono,ILC,0.0,pbmc10k_to_pbmc5k,scvi_matched,0,l2
CD4 CTL,ILC,0.0,pbmc10k_to_pbmc5k,scvi_matched,0,l2
CD4 Naive,ILC,0.005291005291005291,pbmc10k_to_pbmc5k,scvi_matched,0,l2
CD4 TCM,ILC,0.01529051987767584,pbmc10k_to_pbmc5k,scvi_matched,0,l2
CD4 TEM,ILC,0.011029411764705883,pbmc10k_to_pbmc5k,scvi_matched,0,l2
CD8 Naive,ILC,0.0,pbmc10k_to_pbmc5k,scvi_matched,0,l2
CD8 TCM,ILC,0.058823529411764705,pbmc10k_to_pbmc5k,scvi_matched,0,l2
CD8 TEM,ILC,0.0,pbmc10k_to_pbmc5k,scvi_matched,0,l2
Eryth,ILC,0.0,pbmc10k_to_pbmc5k,scvi_matched,0,l2
ILC,ILC,0.22448979591836735,pbmc10k_to_pbmc5k,scvi_matched,0,l2
MAIT,ILC,0.0,pbmc10k_to_pbmc5k,scvi_matched,0,l2
NK,ILC,0.0,pbmc10k_to_pbmc5k,scvi_matched,0,l2
NK_CD56bright,ILC,0.0,pbmc10k_to_pbmc5k,scvi_matched,0,l2
Treg,ILC,0.01694915254237288,pbmc10k_to_pbmc5k,scvi_matched,0,l2
cDC2,ILC,0.0,pbmc10k_to_pbmc5k,scvi_matched,0,l2
dnT,ILC,0.0,pbmc10k_to_pbmc5k,scvi_matched,0,l2
gdT,ILC,0.014084507042253521,pbmc10k_to_pbmc5k,scvi_matched,0,l2
pDC,ILC,0.0,pbmc10k_to_pbmc5k,scvi_matched,0,l2
B intermediate,MAIT,0.0,pbmc10k_to_pbmc5k,scvi_matched,0,l2
B memory,MAIT,0.0,pbmc10k_to_pbmc5k,scvi_matched,0,l2
B naive,MAIT,0.0,pbmc10k_to_pbmc5k,scvi_matched,0,l2
CD14 Mono,MAIT,0.0,pbmc10k_to_pbmc5k,scvi_matched,0,l2
CD16 Mono,MAIT,0.0,pbmc10k_to_pbmc5k,scvi_matched,0,l2
CD4 CTL,MAIT,0.0,pbmc10k_to_pbmc5k,scvi_matched,0,l2
CD4 Naive,MAIT,0.0,pbmc10k_to_pbmc5k,scvi_matched,0,l2
CD4 TCM,MAIT,0.0,pbmc10k_to_pbmc5k,scvi_matched,0,l2
CD4 TEM,MAIT,0.0,pbmc10k_to_pbmc5k,scvi_matched,0,l2
CD8 Naive,MAIT,0.0,pbmc10k_to_pbmc5k,scvi_matched,0,l2
CD8 TCM,MAIT,0.0,pbmc10k_to_pbmc5k,scvi_matched,0,l2
CD8 TEM,MAIT,0.02040816326530612,pbmc10k_to_pbmc5k,scvi_matched,0,l2
Eryth,MAIT,0.0,pbmc10k_to_pbmc5k,scvi_matched,0,l2
ILC,MAIT,0.0,pbmc10k_to_pbmc5k,scvi_matched,0,l2
MAIT,MAIT,0.6666666666666666,pbmc10k_to_pbmc5k,scvi_matched,0,l2
NK,MAIT,0.0,pbmc10k_to_pbmc5k,scvi_matched,0,l2
NK_CD56bright,MAIT,0.1,pbmc10k_to_pbmc5k,scvi_matched,0,l2
Treg,MAIT,0.0,pbmc10k_to_pbmc5k,scvi_matched,0,l2
cDC2,MAIT,0.0,pbmc10k_to_pbmc5k,scvi_matched,0,l2
dnT,MAIT,0.0,pbmc10k_to_pbmc5k,scvi_matched,0,l2
gdT,MAIT,0.2535211267605634,pbmc10k_to_pbmc5k,scvi_matched,0,l2
pDC,MAIT,0.0,pbmc10k_to_pbmc5k,scvi_matched,0,l2
B intermediate,NK,0.0,pbmc10k_to_pbmc5k,scvi_matched,0,l2
B memory,NK,0.0,pbmc10k_to_pbmc5k,scvi_matched,0,l2
B naive,NK,0.0,pbmc10k_to_pbmc5k,scvi_matched,0,l2
CD14 Mono,NK,0.0,pbmc10k_to_pbmc5k,scvi_matched,0,l2
CD16 Mono,NK,0.0,pbmc10k_to_pbmc5k,scvi_matched,0,l2
CD4 CTL,NK,0.0,pbmc10k_to_pbmc5k,scvi_matched,0,l2
CD4 Naive,NK,0.0,pbmc10k_to_pbmc5k,scvi_matched,0,l2
CD4 TCM,NK,0.0,pbmc10k_to_pbmc5k,scvi_matched,0,l2
CD4 TEM,NK,0.0,pbmc10k_to_pbmc5k,scvi_matched,0,l2
CD8 Naive,NK,0.0,pbmc10k_to_pbmc5k,scvi_matched,0,l2
CD8 TCM,NK,0.0,pbmc10k_to_pbmc5k,scvi_matched,0,l2
CD8 TEM,NK,0.061224489795918366,pbmc10k_to_pbmc5k,scvi_matched,0,l2
Eryth,NK,0.0,pbmc10k_to_pbmc5k,scvi_matched,0,l2
ILC,NK,0.0,pbmc10k_to_pbmc5k,scvi_matched,0,l2
MAIT,NK,0.0,pbmc10k_to_pbmc5k,scvi_matched,0,l2
NK,NK,0.9960159362549801,pbmc10k_to_pbmc5k,scvi_matched,0,l2
NK_CD56bright,NK,0.13333333333333333,pbmc10k_to_pbmc5k,scvi_matched,0,l2
Treg,NK,0.0,pbmc10k_to_pbmc5k,scvi_matched,0,l2
cDC2,NK,0.0,pbmc10k_to_pbmc5k,scvi_matched,0,l2
dnT,NK,0.0,pbmc10k_to_pbmc5k,scvi_matched,0,l2
gdT,NK,0.28169014084507044,pbmc10k_to_pbmc5k,scvi_matched,0,l2
pDC,NK,0.0,pbmc10k_to_pbmc5k,scvi_matched,0,l2
B intermediate,NK_CD56bright,0.0,pbmc10k_to_pbmc5k,scvi_matched,0,l2
B memory,NK_CD56bright,0.0,pbmc10k_to_pbmc5k,scvi_matched,0,l2
B naive,NK_CD56bright,0.0,pbmc10k_to_pbmc5k,scvi_matched,0,l2
CD14 Mono,NK_CD56bright,0.0,pbmc10k_to_pbmc5k,scvi_matched,0,l2
CD16 Mono,NK_CD56bright,0.0,pbmc10k_to_pbmc5k,scvi_matched,0,l2
CD4 CTL,NK_CD56bright,0.0,pbmc10k_to_pbmc5k,scvi_matched,0,l2
CD4 Naive,NK_CD56bright,0.0,pbmc10k_to_pbmc5k,scvi_matched,0,l2
CD4 TCM,NK_CD56bright,0.0,pbmc10k_to_pbmc5k,scvi_matched,0,l2
CD4 TEM,NK_CD56bright,0.0,pbmc10k_to_pbmc5k,scvi_matched,0,l2
CD8 Naive,NK_CD56bright,0.0,pbmc10k_to_pbmc5k,scvi_matched,0,l2
CD8 TCM,NK_CD56bright,0.0,pbmc10k_to_pbmc5k,scvi_matched,0,l2
CD8 TEM,NK_CD56bright,0.0,pbmc10k_to_pbmc5k,scvi_matched,0,l2
Eryth,NK_CD56bright,0.0,pbmc10k_to_pbmc5k,scvi_matched,0,l2
ILC,NK_CD56bright,0.0,pbmc10k_to_pbmc5k,scvi_matched,0,l2
MAIT,NK_CD56bright,0.0,pbmc10k_to_pbmc5k,scvi_matched,0,l2
NK,NK_CD56bright,0.00398406374501992,pbmc10k_to_pbmc5k,scvi_matched,0,l2
NK_CD56bright,NK_CD56bright,0.7333333333333333,pbmc10k_to_pbmc5k,scvi_matched,0,l2
Treg,NK_CD56bright,0.0,pbmc10k_to_pbmc5k,scvi_matched,0,l2
cDC2,NK_CD56bright,0.0,pbmc10k_to_pbmc5k,scvi_matched,0,l2
dnT,NK_CD56bright,0.0,pbmc10k_to_pbmc5k,scvi_matched,0,l2
gdT,NK_CD56bright,0.0,pbmc10k_to_pbmc5k,scvi_matched,0,l2
pDC,NK_CD56bright,0.0,pbmc10k_to_pbmc5k,scvi_matched,0,l2
B intermediate,Treg,0.0,pbmc10k_to_pbmc5k,scvi_matched,0,l2
B memory,Treg,0.0,pbmc10k_to_pbmc5k,scvi_matched,0,l2
B naive,Treg,0.0,pbmc10k_to_pbmc5k,scvi_matched,0,l2
CD14 Mono,Treg,0.0,pbmc10k_to_pbmc5k,scvi_matched,0,l2
CD16 Mono,Treg,0.0,pbmc10k_to_pbmc5k,scvi_matched,0,l2
CD4 CTL,Treg,0.0,pbmc10k_to_pbmc5k,scvi_matched,0,l2
CD4 Naive,Treg,0.0026455026455026454,pbmc10k_to_pbmc5k,scvi_matched,0,l2
CD4 TCM,Treg,0.0030581039755351682,pbmc10k_to_pbmc5k,scvi_matched,0,l2
CD4 TEM,Treg,0.003676470588235294,pbmc10k_to_pbmc5k,scvi_matched,0,l2
CD8 Naive,Treg,0.0,pbmc10k_to_pbmc5k,scvi_matched,0,l2
CD8 TCM,Treg,0.0,pbmc10k_to_pbmc5k,scvi_matched,0,l2
CD8 TEM,Treg,0.0,pbmc10k_to_pbmc5k,scvi_matched,0,l2
Eryth,Treg,0.0,pbmc10k_to_pbmc5k,scvi_matched,0,l2
ILC,Treg,0.01020408163265306,pbmc10k_to_pbmc5k,scvi_matched,0,l2
MAIT,Treg,0.0,pbmc10k_to_pbmc5k,scvi_matched,0,l2
NK,Treg,0.0,pbmc10k_to_pbmc5k,scvi_matched,0,l2
NK_CD56bright,Treg,0.0,pbmc10k_to_pbmc5k,scvi_matched,0,l2
Treg,Treg,0.2711864406779661,pbmc10k_to_pbmc5k,scvi_matched,0,l2
cDC2,Treg,0.0,pbmc10k_to_pbmc5k,scvi_matched,0,l2
dnT,Treg,0.07142857142857142,pbmc10k_to_pbmc5k,scvi_matched,0,l2
gdT,Treg,0.0,pbmc10k_to_pbmc5k,scvi_matched,0,l2
pDC,Treg,0.0,pbmc10k_to_pbmc5k,scvi_matched,0,l2
B intermediate,cDC2,0.0,pbmc10k_to_pbmc5k,scvi_matched,0,l2
B memory,cDC2,0.0,pbmc10k_to_pbmc5k,scvi_matched,0,l2
B naive,cDC2,0.0,pbmc10k_to_pbmc5k,scvi_matched,0,l2
CD14 Mono,cDC2,0.0010672358591248667,pbmc10k_to_pbmc5k,scvi_matched,0,l2
CD16 Mono,cDC2,0.015267175572519083,pbmc10k_to_pbmc5k,scvi_matched,0,l2
CD4 CTL,cDC2,0.0,pbmc10k_to_pbmc5k,scvi_matched,0,l2
CD4 Naive,cDC2,0.0,pbmc10k_to_pbmc5k,scvi_matched,0,l2
CD4 TCM,cDC2,0.0,pbmc10k_to_pbmc5k,scvi_matched,0,l2
CD4 TEM,cDC2,0.0,pbmc10k_to_pbmc5k,scvi_matched,0,l2
CD8 Naive,cDC2,0.0,pbmc10k_to_pbmc5k,scvi_matched,0,l2
CD8 TCM,cDC2,0.0,pbmc10k_to_pbmc5k,scvi_matched,0,l2
CD8 TEM,cDC2,0.0,pbmc10k_to_pbmc5k,scvi_matched,0,l2
Eryth,cDC2,0.0,pbmc10k_to_pbmc5k,scvi_matched,0,l2
ILC,cDC2,0.0,pbmc10k_to_pbmc5k,scvi_matched,0,l2
MAIT,cDC2,0.0,pbmc10k_to_pbmc5k,scvi_matched,0,l2
NK,cDC2,0.0,pbmc10k_to_pbmc5k,scvi_matched,0,l2
NK_CD56bright,cDC2,0.0,pbmc10k_to_pbmc5k,scvi_matched,0,l2
Treg,cDC2,0.0,pbmc10k_to_pbmc5k,scvi_matched,0,l2
cDC2,cDC2,0.944,pbmc10k_to_pbmc5k,scvi_matched,0,l2
dnT,cDC2,0.0,pbmc10k_to_pbmc5k,scvi_matched,0,l2
gdT,cDC2,0.0,pbmc10k_to_pbmc5k,scvi_matched,0,l2
pDC,cDC2,0.0,pbmc10k_to_pbmc5k,scvi_matched,0,l2
B intermediate,dnT,0.0,pbmc10k_to_pbmc5k,scvi_matched,0,l2
B memory,dnT,0.0,pbmc10k_to_pbmc5k,scvi_matched,0,l2
B naive,dnT,0.0,pbmc10k_to_pbmc5k,scvi_matched,0,l2
CD14 Mono,dnT,0.0,pbmc10k_to_pbmc5k,scvi_matched,0,l2
CD16 Mono,dnT,0.0,pbmc10k_to_pbmc5k,scvi_matched,0,l2
CD4 CTL,dnT,0.0,pbmc10k_to_pbmc5k,scvi_matched,0,l2
CD4 Naive,dnT,0.0,pbmc10k_to_pbmc5k,scvi_matched,0,l2
CD4 TCM,dnT,0.0030581039755351682,pbmc10k_to_pbmc5k,scvi_matched,0,l2
CD4 TEM,dnT,0.0,pbmc10k_to_pbmc5k,scvi_matched,0,l2
CD8 Naive,dnT,0.020833333333333332,pbmc10k_to_pbmc5k,scvi_matched,0,l2
CD8 TCM,dnT,0.029411764705882353,pbmc10k_to_pbmc5k,scvi_matched,0,l2
CD8 TEM,dnT,0.006802721088435374,pbmc10k_to_pbmc5k,scvi_matched,0,l2
Eryth,dnT,0.0,pbmc10k_to_pbmc5k,scvi_matched,0,l2
ILC,dnT,0.0,pbmc10k_to_pbmc5k,scvi_matched,0,l2
MAIT,dnT,0.0,pbmc10k_to_pbmc5k,scvi_matched,0,l2
NK,dnT,0.0,pbmc10k_to_pbmc5k,scvi_matched,0,l2
NK_CD56bright,dnT,0.0,pbmc10k_to_pbmc5k,scvi_matched,0,l2
Treg,dnT,0.01694915254237288,pbmc10k_to_pbmc5k,scvi_matched,0,l2
cDC2,dnT,0.0,pbmc10k_to_pbmc5k,scvi_matched,0,l2
dnT,dnT,0.07142857142857142,pbmc10k_to_pbmc5k,scvi_matched,0,l2
gdT,dnT,0.0,pbmc10k_to_pbmc5k,scvi_matched,0,l2
pDC,dnT,0.0,pbmc10k_to_pbmc5k,scvi_matched,0,l2
B intermediate,gdT,0.0,pbmc10k_to_pbmc5k,scvi_matched,0,l2
B memory,gdT,0.0,pbmc10k_to_pbmc5k,scvi_matched,0,l2
B naive,gdT,0.0,pbmc10k_to_pbmc5k,scvi_matched,0,l2
CD14 Mono,gdT,0.0,pbmc10k_to_pbmc5k,scvi_matched,0,l2
CD16 Mono,gdT,0.0,pbmc10k_to_pbmc5k,scvi_matched,0,l2
CD4 CTL,gdT,0.0,pbmc10k_to_pbmc5k,scvi_matched,0,l2
CD4 Naive,gdT,0.0,pbmc10k_to_pbmc5k,scvi_matched,0,l2
CD4 TCM,gdT,0.0,pbmc10k_to_pbmc5k,scvi_matched,0,l2
CD4 TEM,gdT,0.011029411764705883,pbmc10k_to_pbmc5k,scvi_matched,0,l2
CD8 Naive,gdT,0.041666666666666664,pbmc10k_to_pbmc5k,scvi_matched,0,l2
CD8 TCM,gdT,0.11764705882352941,pbmc10k_to_pbmc5k,scvi_matched,0,l2
CD8 TEM,gdT,0.07482993197278912,pbmc10k_to_pbmc5k,scvi_matched,0,l2
Eryth,gdT,0.0,pbmc10k_to_pbmc5k,scvi_matched,0,l2
ILC,gdT,0.01020408163265306,pbmc10k_to_pbmc5k,scvi_matched,0,l2
MAIT,gdT,0.041666666666666664,pbmc10k_to_pbmc5k,scvi_matched,0,l2
NK,gdT,0.0,pbmc10k_to_pbmc5k,scvi_matched,0,l2
NK_CD56bright,gdT,0.03333333333333333,pbmc10k_to_pbmc5k,scvi_matched,0,l2
Treg,gdT,0.0,pbmc10k_to_pbmc5k,scvi_matched,0,l2
cDC2,gdT,0.0,pbmc10k_to_pbmc5k,scvi_matched,0,l2
dnT,gdT,0.0,pbmc10k_to_pbmc5k,scvi_matched,0,l2
gdT,gdT,0.29577464788732394,pbmc10k_to_pbmc5k,scvi_matched,0,l2
pDC,gdT,0.0,pbmc10k_to_pbmc5k,scvi_matched,0,l2
B intermediate,pDC,0.0,pbmc10k_to_pbmc5k,scvi_matched,0,l2
B memory,pDC,0.0,pbmc10k_to_pbmc5k,scvi_matched,0,l2
B naive,pDC,0.0,pbmc10k_to_pbmc5k,scvi_matched,0,l2
CD14 Mono,pDC,0.0,pbmc10k_to_pbmc5k,scvi_matched,0,l2
CD16 Mono,pDC,0.0,pbmc10k_to_pbmc5k,scvi_matched,0,l2
CD4 CTL,pDC,0.0,pbmc10k_to_pbmc5k,scvi_matched,0,l2
CD4 Naive,pDC,0.0,pbmc10k_to_pbmc5k,scvi_matched,0,l2
CD4 TCM,pDC,0.0,pbmc10k_to_pbmc5k,scvi_matched,0,l2
CD4 TEM,pDC,0.0,pbmc10k_to_pbmc5k,scvi_matched,0,l2
CD8 Naive,pDC,0.0,pbmc10k_to_pbmc5k,scvi_matched,0,l2
CD8 TCM,pDC,0.0,pbmc10k_to_pbmc5k,scvi_matched,0,l2
CD8 TEM,pDC,0.0,pbmc10k_to_pbmc5k,scvi_matched,0,l2
Eryth,pDC,0.011627906976744186,pbmc10k_to_pbmc5k,scvi_matched,0,l2
ILC,pDC,0.0,pbmc10k_to_pbmc5k,scvi_matched,0,l2
MAIT,pDC,0.0,pbmc10k_to_pbmc5k,scvi_matched,0,l2
NK,pDC,0.0,pbmc10k_to_pbmc5k,scvi_matched,0,l2
NK_CD56bright,pDC,0.0,pbmc10k_to_pbmc5k,scvi_matched,0,l2
Treg,pDC,0.0,pbmc10k_to_pbmc5k,scvi_matched,0,l2
cDC2,pDC,0.0,pbmc10k_to_pbmc5k,scvi_matched,0,l2
dnT,pDC,0.0,pbmc10k_to_pbmc5k,scvi_matched,0,l2
gdT,pDC,0.0,pbmc10k_to_pbmc5k,scvi_matched,0,l2
pDC,pDC,1.0,pbmc10k_to_pbmc5k,scvi_matched,0,l2
B intermediate,B intermediate,0.7272727272727273,pbmc10k_to_pbmc5k,totalvi,0,l2
B memory,B intermediate,0.17721518987341772,pbmc10k_to_pbmc5k,totalvi,0,l2
B naive,B intermediate,0.0078125,pbmc10k_to_pbmc5k,totalvi,0,l2
CD14 Mono,B intermediate,0.0,pbmc10k_to_pbmc5k,totalvi,0,l2
CD16 Mono,B intermediate,0.0,pbmc10k_to_pbmc5k,totalvi,0,l2
CD4 CTL,B intermediate,0.0,pbmc10k_to_pbmc5k,totalvi,0,l2
CD4 Naive,B intermediate,0.0,pbmc10k_to_pbmc5k,totalvi,0,l2
CD4 TCM,B intermediate,0.0,pbmc10k_to_pbmc5k,totalvi,0,l2
CD4 TEM,B intermediate,0.0,pbmc10k_to_pbmc5k,totalvi,0,l2
CD8 Naive,B intermediate,0.0,pbmc10k_to_pbmc5k,totalvi,0,l2
CD8 TCM,B intermediate,0.0,pbmc10k_to_pbmc5k,totalvi,0,l2
CD8 TEM,B intermediate,0.0,pbmc10k_to_pbmc5k,totalvi,0,l2
Eryth,B intermediate,0.0,pbmc10k_to_pbmc5k,totalvi,0,l2
ILC,B intermediate,0.0,pbmc10k_to_pbmc5k,totalvi,0,l2
MAIT,B intermediate,0.0,pbmc10k_to_pbmc5k,totalvi,0,l2
NK,B intermediate,0.0,pbmc10k_to_pbmc5k,totalvi,0,l2
NK_CD56bright,B intermediate,0.0,pbmc10k_to_pbmc5k,totalvi,0,l2
Treg,B intermediate,0.0,pbmc10k_to_pbmc5k,totalvi,0,l2
cDC2,B intermediate,0.0,pbmc10k_to_pbmc5k,totalvi,0,l2
dnT,B intermediate,0.0,pbmc10k_to_pbmc5k,totalvi,0,l2
gdT,B intermediate,0.0,pbmc10k_to_pbmc5k,totalvi,0,l2
pDC,B intermediate,0.0,pbmc10k_to_pbmc5k,totalvi,0,l2
B intermediate,B memory,0.22727272727272727,pbmc10k_to_pbmc5k,totalvi,0,l2
B memory,B memory,0.8227848101265823,pbmc10k_to_pbmc5k,totalvi,0,l2
B naive,B memory,0.0,pbmc10k_to_pbmc5k,totalvi,0,l2
CD14 Mono,B memory,0.0,pbmc10k_to_pbmc5k,totalvi,0,l2
CD16 Mono,B memory,0.0,pbmc10k_to_pbmc5k,totalvi,0,l2
CD4 CTL,B memory,0.0,pbmc10k_to_pbmc5k,totalvi,0,l2
CD4 Naive,B memory,0.0,pbmc10k_to_pbmc5k,totalvi,0,l2
CD4 TCM,B memory,0.0,pbmc10k_to_pbmc5k,totalvi,0,l2
CD4 TEM,B memory,0.0,pbmc10k_to_pbmc5k,totalvi,0,l2
CD8 Naive,B memory,0.0,pbmc10k_to_pbmc5k,totalvi,0,l2
CD8 TCM,B memory,0.0,pbmc10k_to_pbmc5k,totalvi,0,l2
CD8 TEM,B memory,0.0,pbmc10k_to_pbmc5k,totalvi,0,l2
Eryth,B memory,0.0,pbmc10k_to_pbmc5k,totalvi,0,l2
ILC,B memory,0.0,pbmc10k_to_pbmc5k,totalvi,0,l2
MAIT,B memory,0.0,pbmc10k_to_pbmc5k,totalvi,0,l2
NK,B memory,0.0,pbmc10k_to_pbmc5k,totalvi,0,l2
NK_CD56bright,B memory,0.0,pbmc10k_to_pbmc5k,totalvi,0,l2
Treg,B memory,0.0,pbmc10k_to_pbmc5k,totalvi,0,l2
cDC2,B memory,0.0,pbmc10k_to_pbmc5k,totalvi,0,l2
dnT,B memory,0.0,pbmc10k_to_pbmc5k,totalvi,0,l2
gdT,B memory,0.0,pbmc10k_to_pbmc5k,totalvi,0,l2
pDC,B memory,0.0,pbmc10k_to_pbmc5k,totalvi,0,l2
B intermediate,B naive,0.045454545454545456,pbmc10k_to_pbmc5k,totalvi,0,l2
B memory,B naive,0.0,pbmc10k_to_pbmc5k,totalvi,0,l2
B naive,B naive,0.9921875,pbmc10k_to_pbmc5k,totalvi,0,l2
CD14 Mono,B naive,0.0,pbmc10k_to_pbmc5k,totalvi,0,l2
CD16 Mono,B naive,0.0,pbmc10k_to_pbmc5k,totalvi,0,l2
CD4 CTL,B naive,0.0,pbmc10k_to_pbmc5k,totalvi,0,l2
CD4 Naive,B naive,0.0,pbmc10k_to_pbmc5k,totalvi,0,l2
CD4 TCM,B naive,0.0,pbmc10k_to_pbmc5k,totalvi,0,l2
CD4 TEM,B naive,0.0,pbmc10k_to_pbmc5k,totalvi,0,l2
CD8 Naive,B naive,0.0,pbmc10k_to_pbmc5k,totalvi,0,l2
CD8 TCM,B naive,0.0,pbmc10k_to_pbmc5k,totalvi,0,l2
CD8 TEM,B naive,0.0,pbmc10k_to_pbmc5k,totalvi,0,l2
Eryth,B naive,0.0,pbmc10k_to_pbmc5k,totalvi,0,l2
ILC,B naive,0.0,pbmc10k_to_pbmc5k,totalvi,0,l2
MAIT,B naive,0.0,pbmc10k_to_pbmc5k,totalvi,0,l2
NK,B naive,0.0,pbmc10k_to_pbmc5k,totalvi,0,l2
NK_CD56bright,B naive,0.0,pbmc10k_to_pbmc5k,totalvi,0,l2
Treg,B naive,0.0,pbmc10k_to_pbmc5k,totalvi,0,l2
cDC2,B naive,0.0,pbmc10k_to_pbmc5k,totalvi,0,l2
dnT,B naive,0.0,pbmc10k_to_pbmc5k,totalvi,0,l2
gdT,B naive,0.0,pbmc10k_to_pbmc5k,totalvi,0,l2
pDC,B naive,0.0,pbmc10k_to_pbmc5k,totalvi,0,l2
B intermediate,CD14 Mono,0.0,pbmc10k_to_pbmc5k,totalvi,0,l2
B memory,CD14 Mono,0.0,pbmc10k_to_pbmc5k,totalvi,0,l2
B naive,CD14 Mono,0.0,pbmc10k_to_pbmc5k,totalvi,0,l2
CD14 Mono,CD14 Mono,0.9925293489861259,pbmc10k_to_pbmc5k,totalvi,0,l2
CD16 Mono,CD14 Mono,0.13740458015267176,pbmc10k_to_pbmc5k,totalvi,0,l2
CD4 CTL,CD14 Mono,0.0,pbmc10k_to_pbmc5k,totalvi,0,l2
CD4 Naive,CD14 Mono,0.0,pbmc10k_to_pbmc5k,totalvi,0,l2
CD4 TCM,CD14 Mono,0.0,pbmc10k_to_pbmc5k,totalvi,0,l2
CD4 TEM,CD14 Mono,0.0,pbmc10k_to_pbmc5k,totalvi,0,l2
CD8 Naive,CD14 Mono,0.0,pbmc10k_to_pbmc5k,totalvi,0,l2
CD8 TCM,CD14 Mono,0.0,pbmc10k_to_pbmc5k,totalvi,0,l2
CD8 TEM,CD14 Mono,0.0,pbmc10k_to_pbmc5k,totalvi,0,l2
Eryth,CD14 Mono,0.4186046511627907,pbmc10k_to_pbmc5k,totalvi,0,l2
ILC,CD14 Mono,0.0,pbmc10k_to_pbmc5k,totalvi,0,l2
MAIT,CD14 Mono,0.0,pbmc10k_to_pbmc5k,totalvi,0,l2
NK,CD14 Mono,0.0,pbmc10k_to_pbmc5k,totalvi,0,l2
NK_CD56bright,CD14 Mono,0.0,pbmc10k_to_pbmc5k,totalvi,0,l2
Treg,CD14 Mono,0.0,pbmc10k_to_pbmc5k,totalvi,0,l2
cDC2,CD14 Mono,0.144,pbmc10k_to_pbmc5k,totalvi,0,l2
dnT,CD14 Mono,0.0,pbmc10k_to_pbmc5k,totalvi,0,l2
gdT,CD14 Mono,0.0,pbmc10k_to_pbmc5k,totalvi,0,l2
pDC,CD14 Mono,0.0,pbmc10k_to_pbmc5k,totalvi,0,l2
B intermediate,CD16 Mono,0.0,pbmc10k_to_pbmc5k,totalvi,0,l2
B memory,CD16 Mono,0.0,pbmc10k_to_pbmc5k,totalvi,0,l2
B naive,CD16 Mono,0.0,pbmc10k_to_pbmc5k,totalvi,0,l2
CD14 Mono,CD16 Mono,0.0010672358591248667,pbmc10k_to_pbmc5k,totalvi,0,l2
CD16 Mono,CD16 Mono,0.8625954198473282,pbmc10k_to_pbmc5k,totalvi,0,l2
CD4 CTL,CD16 Mono,0.0,pbmc10k_to_pbmc5k,totalvi,0,l2
CD4 Naive,CD16 Mono,0.0,pbmc10k_to_pbmc5k,totalvi,0,l2
CD4 TCM,CD16 Mono,0.0,pbmc10k_to_pbmc5k,totalvi,0,l2
CD4 TEM,CD16 Mono,0.0,pbmc10k_to_pbmc5k,totalvi,0,l2
CD8 Naive,CD16 Mono,0.0,pbmc10k_to_pbmc5k,totalvi,0,l2
CD8 TCM,CD16 Mono,0.0,pbmc10k_to_pbmc5k,totalvi,0,l2
CD8 TEM,CD16 Mono,0.0,pbmc10k_to_pbmc5k,totalvi,0,l2
Eryth,CD16 Mono,0.0,pbmc10k_to_pbmc5k,totalvi,0,l2
ILC,CD16 Mono,0.0,pbmc10k_to_pbmc5k,totalvi,0,l2
MAIT,CD16 Mono,0.0,pbmc10k_to_pbmc5k,totalvi,0,l2
NK,CD16 Mono,0.0,pbmc10k_to_pbmc5k,totalvi,0,l2
NK_CD56bright,CD16 Mono,0.0,pbmc10k_to_pbmc5k,totalvi,0,l2
Treg,CD16 Mono,0.0,pbmc10k_to_pbmc5k,totalvi,0,l2
cDC2,CD16 Mono,0.0,pbmc10k_to_pbmc5k,totalvi,0,l2
dnT,CD16 Mono,0.0,pbmc10k_to_pbmc5k,totalvi,0,l2
gdT,CD16 Mono,0.0,pbmc10k_to_pbmc5k,totalvi,0,l2
pDC,CD16 Mono,0.0,pbmc10k_to_pbmc5k,totalvi,0,l2
B intermediate,CD4 CTL,0.0,pbmc10k_to_pbmc5k,totalvi,0,l2
B memory,CD4 CTL,0.0,pbmc10k_to_pbmc5k,totalvi,0,l2
B naive,CD4 CTL,0.0,pbmc10k_to_pbmc5k,totalvi,0,l2
CD14 Mono,CD4 CTL,0.0,pbmc10k_to_pbmc5k,totalvi,0,l2
CD16 Mono,CD4 CTL,0.0,pbmc10k_to_pbmc5k,totalvi,0,l2
CD4 CTL,CD4 CTL,0.17073170731707318,pbmc10k_to_pbmc5k,totalvi,0,l2
CD4 Naive,CD4 CTL,0.0,pbmc10k_to_pbmc5k,totalvi,0,l2
CD4 TCM,CD4 CTL,0.0,pbmc10k_to_pbmc5k,totalvi,0,l2
CD4 TEM,CD4 CTL,0.0,pbmc10k_to_pbmc5k,totalvi,0,l2
CD8 Naive,CD4 CTL,0.0,pbmc10k_to_pbmc5k,totalvi,0,l2
CD8 TCM,CD4 CTL,0.0,pbmc10k_to_pbmc5k,totalvi,0,l2
CD8 TEM,CD4 CTL,0.0,pbmc10k_to_pbmc5k,totalvi,0,l2
Eryth,CD4 CTL,0.0,pbmc10k_to_pbmc5k,totalvi,0,l2
ILC,CD4 CTL,0.0,pbmc10k_to_pbmc5k,totalvi,0,l2
MAIT,CD4 CTL,0.0,pbmc10k_to_pbmc5k,totalvi,0,l2
NK,CD4 CTL,0.0,pbmc10k_to_pbmc5k,totalvi,0,l2
NK_CD56bright,CD4 CTL,0.0,pbmc10k_to_pbmc5k,totalvi,0,l2
Treg,CD4 CTL,0.0,pbmc10k_to_pbmc5k,totalvi,0,l2
cDC2,CD4 CTL,0.0,pbmc10k_to_pbmc5k,totalvi,0,l2
dnT,CD4 CTL,0.0,pbmc10k_to_pbmc5k,totalvi,0,l2
gdT,CD4 CTL,0.0,pbmc10k_to_pbmc5k,totalvi,0,l2
pDC,CD4 CTL,0.0,pbmc10k_to_pbmc5k,totalvi,0,l2
B intermediate,CD4 Naive,0.0,pbmc10k_to_pbmc5k,totalvi,0,l2
B memory,CD4 Naive,0.0,pbmc10k_to_pbmc5k,totalvi,0,l2
B naive,CD4 Naive,0.0,pbmc10k_to_pbmc5k,totalvi,0,l2
CD14 Mono,CD4 Naive,0.0,pbmc10k_to_pbmc5k,totalvi,0,l2
CD16 Mono,CD4 Naive,0.0,pbmc10k_to_pbmc5k,totalvi,0,l2
CD4 CTL,CD4 Naive,0.0,pbmc10k_to_pbmc5k,totalvi,0,l2
CD4 Naive,CD4 Naive,0.8915343915343915,pbmc10k_to_pbmc5k,totalvi,0,l2
CD4 TCM,CD4 Naive,0.18654434250764526,pbmc10k_to_pbmc5k,totalvi,0,l2
CD4 TEM,CD4 Naive,0.003676470588235294,pbmc10k_to_pbmc5k,totalvi,0,l2
CD8 Naive,CD4 Naive,0.0625,pbmc10k_to_pbmc5k,totalvi,0,l2
CD8 TCM,CD4 Naive,0.029411764705882353,pbmc10k_to_pbmc5k,totalvi,0,l2
CD8 TEM,CD4 Naive,0.0,pbmc10k_to_pbmc5k,totalvi,0,l2
Eryth,CD4 Naive,0.0,pbmc10k_to_pbmc5k,totalvi,0,l2
ILC,CD4 Naive,0.030612244897959183,pbmc10k_to_pbmc5k,totalvi,0,l2
MAIT,CD4 Naive,0.0,pbmc10k_to_pbmc5k,totalvi,0,l2
NK,CD4 Naive,0.0,pbmc10k_to_pbmc5k,totalvi,0,l2
NK_CD56bright,CD4 Naive,0.0,pbmc10k_to_pbmc5k,totalvi,0,l2
Treg,CD4 Naive,0.2033898305084746,pbmc10k_to_pbmc5k,totalvi,0,l2
cDC2,CD4 Naive,0.0,pbmc10k_to_pbmc5k,totalvi,0,l2
dnT,CD4 Naive,0.7142857142857143,pbmc10k_to_pbmc5k,totalvi,0,l2
gdT,CD4 Naive,0.0,pbmc10k_to_pbmc5k,totalvi,0,l2
pDC,CD4 Naive,0.0,pbmc10k_to_pbmc5k,totalvi,0,l2
B intermediate,CD4 TCM,0.0,pbmc10k_to_pbmc5k,totalvi,0,l2
B memory,CD4 TCM,0.0,pbmc10k_to_pbmc5k,totalvi,0,l2
B naive,CD4 TCM,0.0,pbmc10k_to_pbmc5k,totalvi,0,l2
CD14 Mono,CD4 TCM,0.0,pbmc10k_to_pbmc5k,totalvi,0,l2
CD16 Mono,CD4 TCM,0.0,pbmc10k_to_pbmc5k,totalvi,0,l2
CD4 CTL,CD4 TCM,0.0,pbmc10k_to_pbmc5k,totalvi,0,l2
CD4 Naive,CD4 TCM,0.10317460317460317,pbmc10k_to_pbmc5k,totalvi,0,l2
CD4 TCM,CD4 TCM,0.7125382262996942,pbmc10k_to_pbmc5k,totalvi,0,l2
CD4 TEM,CD4 TCM,0.125,pbmc10k_to_pbmc5k,totalvi,0,l2
CD8 Naive,CD4 TCM,0.0,pbmc10k_to_pbmc5k,totalvi,0,l2
CD8 TCM,CD4 TCM,0.029411764705882353,pbmc10k_to_pbmc5k,totalvi,0,l2
CD8 TEM,CD4 TCM,0.0,pbmc10k_to_pbmc5k,totalvi,0,l2
Eryth,CD4 TCM,0.0,pbmc10k_to_pbmc5k,totalvi,0,l2
ILC,CD4 TCM,0.3877551020408163,pbmc10k_to_pbmc5k,totalvi,0,l2
MAIT,CD4 TCM,0.0,pbmc10k_to_pbmc5k,totalvi,0,l2
NK,CD4 TCM,0.0,pbmc10k_to_pbmc5k,totalvi,0,l2
NK_CD56bright,CD4 TCM,0.0,pbmc10k_to_pbmc5k,totalvi,0,l2
Treg,CD4 TCM,0.423728813559322,pbmc10k_to_pbmc5k,totalvi,0,l2
cDC2,CD4 TCM,0.0,pbmc10k_to_pbmc5k,totalvi,0,l2
dnT,CD4 TCM,0.0,pbmc10k_to_pbmc5k,totalvi,0,l2
gdT,CD4 TCM,0.0,pbmc10k_to_pbmc5k,totalvi,0,l2
pDC,CD4 TCM,0.0,pbmc10k_to_pbmc5k,totalvi,0,l2
B intermediate,CD4 TEM,0.0,pbmc10k_to_pbmc5k,totalvi,0,l2
B memory,CD4 TEM,0.0,pbmc10k_to_pbmc5k,totalvi,0,l2
B naive,CD4 TEM,0.0,pbmc10k_to_pbmc5k,totalvi,0,l2
CD14 Mono,CD4 TEM,0.0,pbmc10k_to_pbmc5k,totalvi,0,l2
CD16 Mono,CD4 TEM,0.0,pbmc10k_to_pbmc5k,totalvi,0,l2
CD4 CTL,CD4 TEM,0.7317073170731707,pbmc10k_to_pbmc5k,totalvi,0,l2
CD4 Naive,CD4 TEM,0.0,pbmc10k_to_pbmc5k,totalvi,0,l2
CD4 TCM,CD4 TEM,0.06116207951070336,pbmc10k_to_pbmc5k,totalvi,0,l2
CD4 TEM,CD4 TEM,0.8198529411764706,pbmc10k_to_pbmc5k,totalvi,0,l2
CD8 Naive,CD4 TEM,0.0,pbmc10k_to_pbmc5k,totalvi,0,l2
CD8 TCM,CD4 TEM,0.23529411764705882,pbmc10k_to_pbmc5k,totalvi,0,l2
CD8 TEM,CD4 TEM,0.05442176870748299,pbmc10k_to_pbmc5k,totalvi,0,l2
Eryth,CD4 TEM,0.0,pbmc10k_to_pbmc5k,totalvi,0,l2
ILC,CD4 TEM,0.3469387755102041,pbmc10k_to_pbmc5k,totalvi,0,l2
MAIT,CD4 TEM,0.125,pbmc10k_to_pbmc5k,totalvi,0,l2
NK,CD4 TEM,0.0,pbmc10k_to_pbmc5k,totalvi,0,l2
NK_CD56bright,CD4 TEM,0.0,pbmc10k_to_pbmc5k,totalvi,0,l2
Treg,CD4 TEM,0.06779661016949153,pbmc10k_to_pbmc5k,totalvi,0,l2
cDC2,CD4 TEM,0.0,pbmc10k_to_pbmc5k,totalvi,0,l2
dnT,CD4 TEM,0.0,pbmc10k_to_pbmc5k,totalvi,0,l2
gdT,CD4 TEM,0.04225352112676056,pbmc10k_to_pbmc5k,totalvi,0,l2
pDC,CD4 TEM,0.0,pbmc10k_to_pbmc5k,totalvi,0,l2
B intermediate,CD8 Naive,0.0,pbmc10k_to_pbmc5k,totalvi,0,l2
B memory,CD8 Naive,0.0,pbmc10k_to_pbmc5k,totalvi,0,l2
B naive,CD8 Naive,0.0,pbmc10k_to_pbmc5k,totalvi,0,l2
CD14 Mono,CD8 Naive,0.0,pbmc10k_to_pbmc5k,totalvi,0,l2
CD16 Mono,CD8 Naive,0.0,pbmc10k_to_pbmc5k,totalvi,0,l2
CD4 CTL,CD8 Naive,0.0,pbmc10k_to_pbmc5k,totalvi,0,l2
CD4 Naive,CD8 Naive,0.005291005291005291,pbmc10k_to_pbmc5k,totalvi,0,l2
CD4 TCM,CD8 Naive,0.0,pbmc10k_to_pbmc5k,totalvi,0,l2
CD4 TEM,CD8 Naive,0.0,pbmc10k_to_pbmc5k,totalvi,0,l2
CD8 Naive,CD8 Naive,0.9375,pbmc10k_to_pbmc5k,totalvi,0,l2
CD8 TCM,CD8 Naive,0.2647058823529412,pbmc10k_to_pbmc5k,totalvi,0,l2
CD8 TEM,CD8 Naive,0.0,pbmc10k_to_pbmc5k,totalvi,0,l2
Eryth,CD8 Naive,0.0,pbmc10k_to_pbmc5k,totalvi,0,l2
ILC,CD8 Naive,0.01020408163265306,pbmc10k_to_pbmc5k,totalvi,0,l2
MAIT,CD8 Naive,0.0,pbmc10k_to_pbmc5k,totalvi,0,l2
NK,CD8 Naive,0.0,pbmc10k_to_pbmc5k,totalvi,0,l2
NK_CD56bright,CD8 Naive,0.0,pbmc10k_to_pbmc5k,totalvi,0,l2
Treg,CD8 Naive,0.0,pbmc10k_to_pbmc5k,totalvi,0,l2
cDC2,CD8 Naive,0.0,pbmc10k_to_pbmc5k,totalvi,0,l2
dnT,CD8 Naive,0.21428571428571427,pbmc10k_to_pbmc5k,totalvi,0,l2
gdT,CD8 Naive,0.014084507042253521,pbmc10k_to_pbmc5k,totalvi,0,l2
pDC,CD8 Naive,0.0,pbmc10k_to_pbmc5k,totalvi,0,l2
B intermediate,CD8 TCM,0.0,pbmc10k_to_pbmc5k,totalvi,0,l2
B memory,CD8 TCM,0.0,pbmc10k_to_pbmc5k,totalvi,0,l2
B naive,CD8 TCM,0.0,pbmc10k_to_pbmc5k,totalvi,0,l2
CD14 Mono,CD8 TCM,0.0,pbmc10k_to_pbmc5k,totalvi,0,l2
CD16 Mono,CD8 TCM,0.0,pbmc10k_to_pbmc5k,totalvi,0,l2
CD4 CTL,CD8 TCM,0.0,pbmc10k_to_pbmc5k,totalvi,0,l2
CD4 Naive,CD8 TCM,0.0,pbmc10k_to_pbmc5k,totalvi,0,l2
CD4 TCM,CD8 TCM,0.0,pbmc10k_to_pbmc5k,totalvi,0,l2
CD4 TEM,CD8 TCM,0.0,pbmc10k_to_pbmc5k,totalvi,0,l2
CD8 Naive,CD8 TCM,0.0,pbmc10k_to_pbmc5k,totalvi,0,l2
CD8 TCM,CD8 TCM,0.23529411764705882,pbmc10k_to_pbmc5k,totalvi,0,l2
CD8 TEM,CD8 TCM,0.0,pbmc10k_to_pbmc5k,totalvi,0,l2
Eryth,CD8 TCM,0.0,pbmc10k_to_pbmc5k,totalvi,0,l2
ILC,CD8 TCM,0.0,pbmc10k_to_pbmc5k,totalvi,0,l2
MAIT,CD8 TCM,0.0,pbmc10k_to_pbmc5k,totalvi,0,l2
NK,CD8 TCM,0.0,pbmc10k_to_pbmc5k,totalvi,0,l2
NK_CD56bright,CD8 TCM,0.0,pbmc10k_to_pbmc5k,totalvi,0,l2
Treg,CD8 TCM,0.0,pbmc10k_to_pbmc5k,totalvi,0,l2
cDC2,CD8 TCM,0.0,pbmc10k_to_pbmc5k,totalvi,0,l2
dnT,CD8 TCM,0.0,pbmc10k_to_pbmc5k,totalvi,0,l2
gdT,CD8 TCM,0.028169014084507043,pbmc10k_to_pbmc5k,totalvi,0,l2
pDC,CD8 TCM,0.0,pbmc10k_to_pbmc5k,totalvi,0,l2
B intermediate,CD8 TEM,0.0,pbmc10k_to_pbmc5k,totalvi,0,l2
B memory,CD8 TEM,0.0,pbmc10k_to_pbmc5k,totalvi,0,l2
B naive,CD8 TEM,0.0,pbmc10k_to_pbmc5k,totalvi,0,l2
CD14 Mono,CD8 TEM,0.0,pbmc10k_to_pbmc5k,totalvi,0,l2
CD16 Mono,CD8 TEM,0.0,pbmc10k_to_pbmc5k,totalvi,0,l2
CD4 CTL,CD8 TEM,0.07317073170731707,pbmc10k_to_pbmc5k,totalvi,0,l2
CD4 Naive,CD8 TEM,0.0,pbmc10k_to_pbmc5k,totalvi,0,l2
CD4 TCM,CD8 TEM,0.0,pbmc10k_to_pbmc5k,totalvi,0,l2
CD4 TEM,CD8 TEM,0.025735294117647058,pbmc10k_to_pbmc5k,totalvi,0,l2
CD8 Naive,CD8 TEM,0.0,pbmc10k_to_pbmc5k,totalvi,0,l2
CD8 TCM,CD8 TEM,0.08823529411764706,pbmc10k_to_pbmc5k,totalvi,0,l2
CD8 TEM,CD8 TEM,0.891156462585034,pbmc10k_to_pbmc5k,totalvi,0,l2
Eryth,CD8 TEM,0.0,pbmc10k_to_pbmc5k,totalvi,0,l2
ILC,CD8 TEM,0.01020408163265306,pbmc10k_to_pbmc5k,totalvi,0,l2
MAIT,CD8 TEM,0.041666666666666664,pbmc10k_to_pbmc5k,totalvi,0,l2
NK,CD8 TEM,0.00398406374501992,pbmc10k_to_pbmc5k,totalvi,0,l2
NK_CD56bright,CD8 TEM,0.0,pbmc10k_to_pbmc5k,totalvi,0,l2
Treg,CD8 TEM,0.01694915254237288,pbmc10k_to_pbmc5k,totalvi,0,l2
cDC2,CD8 TEM,0.0,pbmc10k_to_pbmc5k,totalvi,0,l2
dnT,CD8 TEM,0.0,pbmc10k_to_pbmc5k,totalvi,0,l2
gdT,CD8 TEM,0.2676056338028169,pbmc10k_to_pbmc5k,totalvi,0,l2
pDC,CD8 TEM,0.0,pbmc10k_to_pbmc5k,totalvi,0,l2
B intermediate,Eryth,0.0,pbmc10k_to_pbmc5k,totalvi,0,l2
B memory,Eryth,0.0,pbmc10k_to_pbmc5k,totalvi,0,l2
B naive,Eryth,0.0,pbmc10k_to_pbmc5k,totalvi,0,l2
CD14 Mono,Eryth,0.0064034151547491995,pbmc10k_to_pbmc5k,totalvi,0,l2
CD16 Mono,Eryth,0.0,pbmc10k_to_pbmc5k,totalvi,0,l2
CD4 CTL,Eryth,0.0,pbmc10k_to_pbmc5k,totalvi,0,l2
CD4 Naive,Eryth,0.0,pbmc10k_to_pbmc5k,totalvi,0,l2
CD4 TCM,Eryth,0.024464831804281346,pbmc10k_to_pbmc5k,totalvi,0,l2
CD4 TEM,Eryth,0.0,pbmc10k_to_pbmc5k,totalvi,0,l2
CD8 Naive,Eryth,0.0,pbmc10k_to_pbmc5k,totalvi,0,l2
CD8 TCM,Eryth,0.0,pbmc10k_to_pbmc5k,totalvi,0,l2
CD8 TEM,Eryth,0.0,pbmc10k_to_pbmc5k,totalvi,0,l2
Eryth,Eryth,0.5697674418604651,pbmc10k_to_pbmc5k,totalvi,0,l2
ILC,Eryth,0.14285714285714285,pbmc10k_to_pbmc5k,totalvi,0,l2
MAIT,Eryth,0.0,pbmc10k_to_pbmc5k,totalvi,0,l2
NK,Eryth,0.0,pbmc10k_to_pbmc5k,totalvi,0,l2
NK_CD56bright,Eryth,0.0,pbmc10k_to_pbmc5k,totalvi,0,l2
Treg,Eryth,0.06779661016949153,pbmc10k_to_pbmc5k,totalvi,0,l2
cDC2,Eryth,0.0,pbmc10k_to_pbmc5k,totalvi,0,l2
dnT,Eryth,0.0,pbmc10k_to_pbmc5k,totalvi,0,l2
gdT,Eryth,0.014084507042253521,pbmc10k_to_pbmc5k,totalvi,0,l2
pDC,Eryth,0.0,pbmc10k_to_pbmc5k,totalvi,0,l2
B intermediate,ILC,0.0,pbmc10k_to_pbmc5k,totalvi,0,l2
B memory,ILC,0.0,pbmc10k_to_pbmc5k,totalvi,0,l2
B naive,ILC,0.0,pbmc10k_to_pbmc5k,totalvi,0,l2
CD14 Mono,ILC,0.0,pbmc10k_to_pbmc5k,totalvi,0,l2
CD16 Mono,ILC,0.0,pbmc10k_to_pbmc5k,totalvi,0,l2
CD4 CTL,ILC,0.0,pbmc10k_to_pbmc5k,totalvi,0,l2
CD4 Naive,ILC,0.0,pbmc10k_to_pbmc5k,totalvi,0,l2
CD4 TCM,ILC,0.009174311926605505,pbmc10k_to_pbmc5k,totalvi,0,l2
CD4 TEM,ILC,0.0,pbmc10k_to_pbmc5k,totalvi,0,l2
CD8 Naive,ILC,0.0,pbmc10k_to_pbmc5k,totalvi,0,l2
CD8 TCM,ILC,0.0,pbmc10k_to_pbmc5k,totalvi,0,l2
CD8 TEM,ILC,0.0,pbmc10k_to_pbmc5k,totalvi,0,l2
Eryth,ILC,0.0,pbmc10k_to_pbmc5k,totalvi,0,l2
ILC,ILC,0.07142857142857142,pbmc10k_to_pbmc5k,totalvi,0,l2
MAIT,ILC,0.0,pbmc10k_to_pbmc5k,totalvi,0,l2
NK,ILC,0.0,pbmc10k_to_pbmc5k,totalvi,0,l2
NK_CD56bright,ILC,0.0,pbmc10k_to_pbmc5k,totalvi,0,l2
Treg,ILC,0.0,pbmc10k_to_pbmc5k,totalvi,0,l2
cDC2,ILC,0.0,pbmc10k_to_pbmc5k,totalvi,0,l2
dnT,ILC,0.0,pbmc10k_to_pbmc5k,totalvi,0,l2
gdT,ILC,0.0,pbmc10k_to_pbmc5k,totalvi,0,l2
pDC,ILC,0.0,pbmc10k_to_pbmc5k,totalvi,0,l2
B intermediate,MAIT,0.0,pbmc10k_to_pbmc5k,totalvi,0,l2
B memory,MAIT,0.0,pbmc10k_to_pbmc5k,totalvi,0,l2
B naive,MAIT,0.0,pbmc10k_to_pbmc5k,totalvi,0,l2
CD14 Mono,MAIT,0.0,pbmc10k_to_pbmc5k,totalvi,0,l2
CD16 Mono,MAIT,0.0,pbmc10k_to_pbmc5k,totalvi,0,l2
CD4 CTL,MAIT,0.024390243902439025,pbmc10k_to_pbmc5k,totalvi,0,l2
CD4 Naive,MAIT,0.0,pbmc10k_to_pbmc5k,totalvi,0,l2
CD4 TCM,MAIT,0.0,pbmc10k_to_pbmc5k,totalvi,0,l2
CD4 TEM,MAIT,0.022058823529411766,pbmc10k_to_pbmc5k,totalvi,0,l2
CD8 Naive,MAIT,0.0,pbmc10k_to_pbmc5k,totalvi,0,l2
CD8 TCM,MAIT,0.029411764705882353,pbmc10k_to_pbmc5k,totalvi,0,l2
CD8 TEM,MAIT,0.013605442176870748,pbmc10k_to_pbmc5k,totalvi,0,l2
Eryth,MAIT,0.0,pbmc10k_to_pbmc5k,totalvi,0,l2
ILC,MAIT,0.0,pbmc10k_to_pbmc5k,totalvi,0,l2
MAIT,MAIT,0.7916666666666666,pbmc10k_to_pbmc5k,totalvi,0,l2
NK,MAIT,0.0,pbmc10k_to_pbmc5k,totalvi,0,l2
NK_CD56bright,MAIT,0.23333333333333334,pbmc10k_to_pbmc5k,totalvi,0,l2
Treg,MAIT,0.0,pbmc10k_to_pbmc5k,totalvi,0,l2
cDC2,MAIT,0.0,pbmc10k_to_pbmc5k,totalvi,0,l2
dnT,MAIT,0.0,pbmc10k_to_pbmc5k,totalvi,0,l2
gdT,MAIT,0.43661971830985913,pbmc10k_to_pbmc5k,totalvi,0,l2
pDC,MAIT,0.0,pbmc10k_to_pbmc5k,totalvi,0,l2
B intermediate,NK,0.0,pbmc10k_to_pbmc5k,totalvi,0,l2
B memory,NK,0.0,pbmc10k_to_pbmc5k,totalvi,0,l2
B naive,NK,0.0,pbmc10k_to_pbmc5k,totalvi,0,l2
CD14 Mono,NK,0.0,pbmc10k_to_pbmc5k,totalvi,0,l2
CD16 Mono,NK,0.0,pbmc10k_to_pbmc5k,totalvi,0,l2
CD4 CTL,NK,0.0,pbmc10k_to_pbmc5k,totalvi,0,l2
CD4 Naive,NK,0.0,pbmc10k_to_pbmc5k,totalvi,0,l2
CD4 TCM,NK,0.0030581039755351682,pbmc10k_to_pbmc5k,totalvi,0,l2
CD4 TEM,NK,0.003676470588235294,pbmc10k_to_pbmc5k,totalvi,0,l2
CD8 Naive,NK,0.0,pbmc10k_to_pbmc5k,totalvi,0,l2
CD8 TCM,NK,0.0,pbmc10k_to_pbmc5k,totalvi,0,l2
CD8 TEM,NK,0.034013605442176874,pbmc10k_to_pbmc5k,totalvi,0,l2
Eryth,NK,0.0,pbmc10k_to_pbmc5k,totalvi,0,l2
ILC,NK,0.0,pbmc10k_to_pbmc5k,totalvi,0,l2
MAIT,NK,0.041666666666666664,pbmc10k_to_pbmc5k,totalvi,0,l2
NK,NK,0.9960159362549801,pbmc10k_to_pbmc5k,totalvi,0,l2
NK_CD56bright,NK,0.23333333333333334,pbmc10k_to_pbmc5k,totalvi,0,l2
Treg,NK,0.01694915254237288,pbmc10k_to_pbmc5k,totalvi,0,l2
cDC2,NK,0.0,pbmc10k_to_pbmc5k,totalvi,0,l2
dnT,NK,0.0,pbmc10k_to_pbmc5k,totalvi,0,l2
gdT,NK,0.1267605633802817,pbmc10k_to_pbmc5k,totalvi,0,l2
pDC,NK,0.0,pbmc10k_to_pbmc5k,totalvi,0,l2
B intermediate,NK_CD56bright,0.0,pbmc10k_to_pbmc5k,totalvi,0,l2
B memory,NK_CD56bright,0.0,pbmc10k_to_pbmc5k,totalvi,0,l2
B naive,NK_CD56bright,0.0,pbmc10k_to_pbmc5k,totalvi,0,l2
CD14 Mono,NK_CD56bright,0.0,pbmc10k_to_pbmc5k,totalvi,0,l2
CD16 Mono,NK_CD56bright,0.0,pbmc10k_to_pbmc5k,totalvi,0,l2
CD4 CTL,NK_CD56bright,0.0,pbmc10k_to_pbmc5k,totalvi,0,l2
CD4 Naive,NK_CD56bright,0.0,pbmc10k_to_pbmc5k,totalvi,0,l2
CD4 TCM,NK_CD56bright,0.0,pbmc10k_to_pbmc5k,totalvi,0,l2
CD4 TEM,NK_CD56bright,0.0,pbmc10k_to_pbmc5k,totalvi,0,l2
CD8 Naive,NK_CD56bright,0.0,pbmc10k_to_pbmc5k,totalvi,0,l2
CD8 TCM,NK_CD56bright,0.0,pbmc10k_to_pbmc5k,totalvi,0,l2
CD8 TEM,NK_CD56bright,0.0,pbmc10k_to_pbmc5k,totalvi,0,l2
Eryth,NK_CD56bright,0.0,pbmc10k_to_pbmc5k,totalvi,0,l2
ILC,NK_CD56bright,0.0,pbmc10k_to_pbmc5k,totalvi,0,l2
MAIT,NK_CD56bright,0.0,pbmc10k_to_pbmc5k,totalvi,0,l2
NK,NK_CD56bright,0.0,pbmc10k_to_pbmc5k,totalvi,0,l2
NK_CD56bright,NK_CD56bright,0.4,pbmc10k_to_pbmc5k,totalvi,0,l2
Treg,NK_CD56bright,0.0,pbmc10k_to_pbmc5k,totalvi,0,l2
cDC2,NK_CD56bright,0.0,pbmc10k_to_pbmc5k,totalvi,0,l2
dnT,NK_CD56bright,0.0,pbmc10k_to_pbmc5k,totalvi,0,l2
gdT,NK_CD56bright,0.0,pbmc10k_to_pbmc5k,totalvi,0,l2
pDC,NK_CD56bright,0.0,pbmc10k_to_pbmc5k,totalvi,0,l2
B intermediate,Treg,0.0,pbmc10k_to_pbmc5k,totalvi,0,l2
B memory,Treg,0.0,pbmc10k_to_pbmc5k,totalvi,0,l2
B naive,Treg,0.0,pbmc10k_to_pbmc5k,totalvi,0,l2
CD14 Mono,Treg,0.0,pbmc10k_to_pbmc5k,totalvi,0,l2
CD16 Mono,Treg,0.0,pbmc10k_to_pbmc5k,totalvi,0,l2
CD4 CTL,Treg,0.0,pbmc10k_to_pbmc5k,totalvi,0,l2
CD4 Naive,Treg,0.0,pbmc10k_to_pbmc5k,totalvi,0,l2
CD4 TCM,Treg,0.0030581039755351682,pbmc10k_to_pbmc5k,totalvi,0,l2
CD4 TEM,Treg,0.0,pbmc10k_to_pbmc5k,totalvi,0,l2
CD8 Naive,Treg,0.0,pbmc10k_to_pbmc5k,totalvi,0,l2
CD8 TCM,Treg,0.0,pbmc10k_to_pbmc5k,totalvi,0,l2
CD8 TEM,Treg,0.0,pbmc10k_to_pbmc5k,totalvi,0,l2
Eryth,Treg,0.0,pbmc10k_to_pbmc5k,totalvi,0,l2
ILC,Treg,0.0,pbmc10k_to_pbmc5k,totalvi,0,l2
MAIT,Treg,0.0,pbmc10k_to_pbmc5k,totalvi,0,l2
NK,Treg,0.0,pbmc10k_to_pbmc5k,totalvi,0,l2
NK_CD56bright,Treg,0.0,pbmc10k_to_pbmc5k,totalvi,0,l2
Treg,Treg,0.2033898305084746,pbmc10k_to_pbmc5k,totalvi,0,l2
cDC2,Treg,0.0,pbmc10k_to_pbmc5k,totalvi,0,l2
dnT,Treg,0.07142857142857142,pbmc10k_to_pbmc5k,totalvi,0,l2
gdT,Treg,0.0,pbmc10k_to_pbmc5k,totalvi,0,l2
pDC,Treg,0.0,pbmc10k_to_pbmc5k,totalvi,0,l2
B intermediate,cDC2,0.0,pbmc10k_to_pbmc5k,totalvi,0,l2
B memory,cDC2,0.0,pbmc10k_to_pbmc5k,totalvi,0,l2
B naive,cDC2,0.0,pbmc10k_to_pbmc5k,totalvi,0,l2
CD14 Mono,cDC2,0.0,pbmc10k_to_pbmc5k,totalvi,0,l2
CD16 Mono,cDC2,0.0,pbmc10k_to_pbmc5k,totalvi,0,l2
CD4 CTL,cDC2,0.0,pbmc10k_to_pbmc5k,totalvi,0,l2
CD4 Naive,cDC2,0.0,pbmc10k_to_pbmc5k,totalvi,0,l2
CD4 TCM,cDC2,0.0,pbmc10k_to_pbmc5k,totalvi,0,l2
CD4 TEM,cDC2,0.0,pbmc10k_to_pbmc5k,totalvi,0,l2
CD8 Naive,cDC2,0.0,pbmc10k_to_pbmc5k,totalvi,0,l2
CD8 TCM,cDC2,0.0,pbmc10k_to_pbmc5k,totalvi,0,l2
CD8 TEM,cDC2,0.0,pbmc10k_to_pbmc5k,totalvi,0,l2
Eryth,cDC2,0.0,pbmc10k_to_pbmc5k,totalvi,0,l2
ILC,cDC2,0.0,pbmc10k_to_pbmc5k,totalvi,0,l2
MAIT,cDC2,0.0,pbmc10k_to_pbmc5k,totalvi,0,l2
NK,cDC2,0.0,pbmc10k_to_pbmc5k,totalvi,0,l2
NK_CD56bright,cDC2,0.0,pbmc10k_to_pbmc5k,totalvi,0,l2
Treg,cDC2,0.0,pbmc10k_to_pbmc5k,totalvi,0,l2
cDC2,cDC2,0.856,pbmc10k_to_pbmc5k,totalvi,0,l2
dnT,cDC2,0.0,pbmc10k_to_pbmc5k,totalvi,0,l2
gdT,cDC2,0.0,pbmc10k_to_pbmc5k,totalvi,0,l2
pDC,cDC2,0.0,pbmc10k_to_pbmc5k,totalvi,0,l2
B intermediate,dnT,0.0,pbmc10k_to_pbmc5k,totalvi,0,l2
B memory,dnT,0.0,pbmc10k_to_pbmc5k,totalvi,0,l2
B naive,dnT,0.0,pbmc10k_to_pbmc5k,totalvi,0,l2
CD14 Mono,dnT,0.0,pbmc10k_to_pbmc5k,totalvi,0,l2
CD16 Mono,dnT,0.0,pbmc10k_to_pbmc5k,totalvi,0,l2
CD4 CTL,dnT,0.0,pbmc10k_to_pbmc5k,totalvi,0,l2
CD4 Naive,dnT,0.0,pbmc10k_to_pbmc5k,totalvi,0,l2
CD4 TCM,dnT,0.0,pbmc10k_to_pbmc5k,totalvi,0,l2
CD4 TEM,dnT,0.0,pbmc10k_to_pbmc5k,totalvi,0,l2
CD8 Naive,dnT,0.0,pbmc10k_to_pbmc5k,totalvi,0,l2
CD8 TCM,dnT,0.0,pbmc10k_to_pbmc5k,totalvi,0,l2
CD8 TEM,dnT,0.0,pbmc10k_to_pbmc5k,totalvi,0,l2
Eryth,dnT,0.0,pbmc10k_to_pbmc5k,totalvi,0,l2
ILC,dnT,0.0,pbmc10k_to_pbmc5k,totalvi,0,l2
MAIT,dnT,0.0,pbmc10k_to_pbmc5k,totalvi,0,l2
NK,dnT,0.0,pbmc10k_to_pbmc5k,totalvi,0,l2
NK_CD56bright,dnT,0.0,pbmc10k_to_pbmc5k,totalvi,0,l2
Treg,dnT,0.0,pbmc10k_to_pbmc5k,totalvi,0,l2
cDC2,dnT,0.0,pbmc10k_to_pbmc5k,totalvi,0,l2
dnT,dnT,0.0,pbmc10k_to_pbmc5k,totalvi,0,l2
gdT,dnT,0.0,pbmc10k_to_pbmc5k,totalvi,0,l2
pDC,dnT,0.0,pbmc10k_to_pbmc5k,totalvi,0,l2
B intermediate,gdT,0.0,pbmc10k_to_pbmc5k,totalvi,0,l2
B memory,gdT,0.0,pbmc10k_to_pbmc5k,totalvi,0,l2
B naive,gdT,0.0,pbmc10k_to_pbmc5k,totalvi,0,l2
CD14 Mono,gdT,0.0,pbmc10k_to_pbmc5k,totalvi,0,l2
CD16 Mono,gdT,0.0,pbmc10k_to_pbmc5k,totalvi,0,l2
CD4 CTL,gdT,0.0,pbmc10k_to_pbmc5k,totalvi,0,l2
CD4 Naive,gdT,0.0,pbmc10k_to_pbmc5k,totalvi,0,l2
CD4 TCM,gdT,0.0,pbmc10k_to_pbmc5k,totalvi,0,l2
CD4 TEM,gdT,0.0,pbmc10k_to_pbmc5k,totalvi,0,l2
CD8 Naive,gdT,0.0,pbmc10k_to_pbmc5k,totalvi,0,l2
CD8 TCM,gdT,0.08823529411764706,pbmc10k_to_pbmc5k,totalvi,0,l2
CD8 TEM,gdT,0.006802721088435374,pbmc10k_to_pbmc5k,totalvi,0,l2
Eryth,gdT,0.0,pbmc10k_to_pbmc5k,totalvi,0,l2
ILC,gdT,0.0,pbmc10k_to_pbmc5k,totalvi,0,l2
MAIT,gdT,0.0,pbmc10k_to_pbmc5k,totalvi,0,l2
NK,gdT,0.0,pbmc10k_to_pbmc5k,totalvi,0,l2
NK_CD56bright,gdT,0.13333333333333333,pbmc10k_to_pbmc5k,totalvi,0,l2
Treg,gdT,0.0,pbmc10k_to_pbmc5k,totalvi,0,l2
cDC2,gdT,0.0,pbmc10k_to_pbmc5k,totalvi,0,l2
dnT,gdT,0.0,pbmc10k_to_pbmc5k,totalvi,0,l2
gdT,gdT,0.07042253521126761,pbmc10k_to_pbmc5k,totalvi,0,l2
pDC,gdT,0.0,pbmc10k_to_pbmc5k,totalvi,0,l2
B intermediate,pDC,0.0,pbmc10k_to_pbmc5k,totalvi,0,l2
B memory,pDC,0.0,pbmc10k_to_pbmc5k,totalvi,0,l2
B naive,pDC,0.0,pbmc10k_to_pbmc5k,totalvi,0,l2
CD14 Mono,pDC,0.0,pbmc10k_to_pbmc5k,totalvi,0,l2
CD16 Mono,pDC,0.0,pbmc10k_to_pbmc5k,totalvi,0,l2
CD4 CTL,pDC,0.0,pbmc10k_to_pbmc5k,totalvi,0,l2
CD4 Naive,pDC,0.0,pbmc10k_to_pbmc5k,totalvi,0,l2
CD4 TCM,pDC,0.0,pbmc10k_to_pbmc5k,totalvi,0,l2
CD4 TEM,pDC,0.0,pbmc10k_to_pbmc5k,totalvi,0,l2
CD8 Naive,pDC,0.0,pbmc10k_to_pbmc5k,totalvi,0,l2
CD8 TCM,pDC,0.0,pbmc10k_to_pbmc5k,totalvi,0,l2
CD8 TEM,pDC,0.0,pbmc10k_to_pbmc5k,totalvi,0,l2
Eryth,pDC,0.011627906976744186,pbmc10k_to_pbmc5k,totalvi,0,l2
ILC,pDC,0.0,pbmc10k_to_pbmc5k,totalvi,0,l2
MAIT,pDC,0.0,pbmc10k_to_pbmc5k,totalvi,0,l2
NK,pDC,0.0,pbmc10k_to_pbmc5k,totalvi,0,l2
NK_CD56bright,pDC,0.0,pbmc10k_to_pbmc5k,totalvi,0,l2
Treg,pDC,0.0,pbmc10k_to_pbmc5k,totalvi,0,l2
cDC2,pDC,0.0,pbmc10k_to_pbmc5k,totalvi,0,l2
dnT,pDC,0.0,pbmc10k_to_pbmc5k,totalvi,0,l2
gdT,pDC,0.0,pbmc10k_to_pbmc5k,totalvi,0,l2
pDC,pDC,1.0,pbmc10k_to_pbmc5k,totalvi,0,l2
B,B,0.9963503649635036,pbmc10k_to_pbmc5k,scvi_matched,0,l1
CD4 T,B,0.0,pbmc10k_to_pbmc5k,scvi_matched,0,l1
CD8 T,B,0.0,pbmc10k_to_pbmc5k,scvi_matched,0,l1
DC,B,0.0,pbmc10k_to_pbmc5k,scvi_matched,0,l1
Mono,B,0.0,pbmc10k_to_pbmc5k,scvi_matched,0,l1
NK,B,0.0,pbmc10k_to_pbmc5k,scvi_matched,0,l1
other,B,0.0,pbmc10k_to_pbmc5k,scvi_matched,0,l1
other T,B,0.0,pbmc10k_to_pbmc5k,scvi_matched,0,l1
B,CD4 T,0.0,pbmc10k_to_pbmc5k,scvi_matched,0,l1
CD4 T,CD4 T,0.9518072289156626,pbmc10k_to_pbmc5k,scvi_matched,0,l1
CD8 T,CD4 T,0.11016949152542373,pbmc10k_to_pbmc5k,scvi_matched,0,l1
DC,CD4 T,0.0,pbmc10k_to_pbmc5k,scvi_matched,0,l1
Mono,CD4 T,0.0,pbmc10k_to_pbmc5k,scvi_matched,0,l1
NK,CD4 T,0.0034482758620689655,pbmc10k_to_pbmc5k,scvi_matched,0,l1
other,CD4 T,0.44324324324324327,pbmc10k_to_pbmc5k,scvi_matched,0,l1
other T,CD4 T,0.1559633027522936,pbmc10k_to_pbmc5k,scvi_matched,0,l1
B,CD8 T,0.0,pbmc10k_to_pbmc5k,scvi_matched,0,l1
CD4 T,CD8 T,0.03985171455050973,pbmc10k_to_pbmc5k,scvi_matched,0,l1
CD8 T,CD8 T,0.7923728813559322,pbmc10k_to_pbmc5k,scvi_matched,0,l1
DC,CD8 T,0.0,pbmc10k_to_pbmc5k,scvi_matched,0,l1
Mono,CD8 T,0.0,pbmc10k_to_pbmc5k,scvi_matched,0,l1
NK,CD8 T,0.006896551724137931,pbmc10k_to_pbmc5k,scvi_matched,0,l1
other,CD8 T,0.010810810810810811,pbmc10k_to_pbmc5k,scvi_matched,0,l1
other T,CD8 T,0.1743119266055046,pbmc10k_to_pbmc5k,scvi_matched,0,l1
B,DC,0.0,pbmc10k_to_pbmc5k,scvi_matched,0,l1
CD4 T,DC,0.0,pbmc10k_to_pbmc5k,scvi_matched,0,l1
CD8 T,DC,0.0,pbmc10k_to_pbmc5k,scvi_matched,0,l1
DC,DC,0.9403973509933775,pbmc10k_to_pbmc5k,scvi_matched,0,l1
Mono,DC,0.0018726591760299626,pbmc10k_to_pbmc5k,scvi_matched,0,l1
NK,DC,0.0,pbmc10k_to_pbmc5k,scvi_matched,0,l1
other,DC,0.005405405405405406,pbmc10k_to_pbmc5k,scvi_matched,0,l1
other T,DC,0.0,pbmc10k_to_pbmc5k,scvi_matched,0,l1
B,Mono,0.0,pbmc10k_to_pbmc5k,scvi_matched,0,l1
CD4 T,Mono,0.0,pbmc10k_to_pbmc5k,scvi_matched,0,l1
CD8 T,Mono,0.0,pbmc10k_to_pbmc5k,scvi_matched,0,l1
DC,Mono,0.052980132450331126,pbmc10k_to_pbmc5k,scvi_matched,0,l1
Mono,Mono,0.9915730337078652,pbmc10k_to_pbmc5k,scvi_matched,0,l1
NK,Mono,0.0,pbmc10k_to_pbmc5k,scvi_matched,0,l1
other,Mono,0.23783783783783785,pbmc10k_to_pbmc5k,scvi_matched,0,l1
other T,Mono,0.0,pbmc10k_to_pbmc5k,scvi_matched,0,l1
B,NK,0.0,pbmc10k_to_pbmc5k,scvi_matched,0,l1
CD4 T,NK,0.0009267840593141798,pbmc10k_to_pbmc5k,scvi_matched,0,l1
CD8 T,NK,0.025423728813559324,pbmc10k_to_pbmc5k,scvi_matched,0,l1
DC,NK,0.0,pbmc10k_to_pbmc5k,scvi_matched,0,l1
Mono,NK,0.0,pbmc10k_to_pbmc5k,scvi_matched,0,l1
NK,NK,0.9862068965517241,pbmc10k_to_pbmc5k,scvi_matched,0,l1
other,NK,0.0,pbmc10k_to_pbmc5k,scvi_matched,0,l1
other T,NK,0.1926605504587156,pbmc10k_to_pbmc5k,scvi_matched,0,l1
B,other,0.0036496350364963502,pbmc10k_to_pbmc5k,scvi_matched,0,l1
CD4 T,other,0.0018535681186283596,pbmc10k_to_pbmc5k,scvi_matched,0,l1
CD8 T,other,0.0,pbmc10k_to_pbmc5k,scvi_matched,0,l1
DC,other,0.006622516556291391,pbmc10k_to_pbmc5k,scvi_matched,0,l1
Mono,other,0.006554307116104869,pbmc10k_to_pbmc5k,scvi_matched,0,l1
NK,other,0.0,pbmc10k_to_pbmc5k,scvi_matched,0,l1
other,other,0.2918918918918919,pbmc10k_to_pbmc5k,scvi_matched,0,l1
other T,other,0.0,pbmc10k_to_pbmc5k,scvi_matched,0,l1
B,other T,0.0,pbmc10k_to_pbmc5k,scvi_matched,0,l1
CD4 T,other T,0.005560704355885079,pbmc10k_to_pbmc5k,scvi_matched,0,l1
CD8 T,other T,0.07203389830508475,pbmc10k_to_pbmc5k,scvi_matched,0,l1
DC,other T,0.0,pbmc10k_to_pbmc5k,scvi_matched,0,l1
Mono,other T,0.0,pbmc10k_to_pbmc5k,scvi_matched,0,l1
NK,other T,0.0034482758620689655,pbmc10k_to_pbmc5k,scvi_matched,0,l1
other,other T,0.010810810810810811,pbmc10k_to_pbmc5k,scvi_matched,0,l1
other T,other T,0.47706422018348627,pbmc10k_to_pbmc5k,scvi_matched,0,l1
B,B,1.0,pbmc10k_to_pbmc5k,totalvi,0,l1
CD4 T,B,0.0,pbmc10k_to_pbmc5k,totalvi,0,l1
CD8 T,B,0.0,pbmc10k_to_pbmc5k,totalvi,0,l1
DC,B,0.0,pbmc10k_to_pbmc5k,totalvi,0,l1
Mono,B,0.0,pbmc10k_to_pbmc5k,totalvi,0,l1
NK,B,0.0,pbmc10k_to_pbmc5k,totalvi,0,l1
other,B,0.0,pbmc10k_to_pbmc5k,totalvi,0,l1
other T,B,0.0,pbmc10k_to_pbmc5k,totalvi,0,l1
B,CD4 T,0.0,pbmc10k_to_pbmc5k,totalvi,0,l1
CD4 T,CD4 T,0.953660797034291,pbmc10k_to_pbmc5k,totalvi,0,l1
CD8 T,CD4 T,0.038135593220338986,pbmc10k_to_pbmc5k,totalvi,0,l1
DC,CD4 T,0.0,pbmc10k_to_pbmc5k,totalvi,0,l1
Mono,CD4 T,0.0,pbmc10k_to_pbmc5k,totalvi,0,l1
NK,CD4 T,0.0034482758620689655,pbmc10k_to_pbmc5k,totalvi,0,l1
other,CD4 T,0.3945945945945946,pbmc10k_to_pbmc5k,totalvi,0,l1
other T,CD4 T,0.11926605504587157,pbmc10k_to_pbmc5k,totalvi,0,l1
B,CD8 T,0.0,pbmc10k_to_pbmc5k,totalvi,0,l1
CD4 T,CD8 T,0.020389249304911955,pbmc10k_to_pbmc5k,totalvi,0,l1
CD8 T,CD8 T,0.8898305084745762,pbmc10k_to_pbmc5k,totalvi,0,l1
DC,CD8 T,0.0,pbmc10k_to_pbmc5k,totalvi,0,l1
Mono,CD8 T,0.0,pbmc10k_to_pbmc5k,totalvi,0,l1
NK,CD8 T,0.0034482758620689655,pbmc10k_to_pbmc5k,totalvi,0,l1
other,CD8 T,0.005405405405405406,pbmc10k_to_pbmc5k,totalvi,0,l1
other T,CD8 T,0.27522935779816515,pbmc10k_to_pbmc5k,totalvi,0,l1
B,DC,0.0,pbmc10k_to_pbmc5k,totalvi,0,l1
CD4 T,DC,0.0,pbmc10k_to_pbmc5k,totalvi,0,l1
CD8 T,DC,0.0,pbmc10k_to_pbmc5k,totalvi,0,l1
DC,DC,0.8543046357615894,pbmc10k_to_pbmc5k,totalvi,0,l1
Mono,DC,0.0,pbmc10k_to_pbmc5k,totalvi,0,l1
NK,DC,0.0,pbmc10k_to_pbmc5k,totalvi,0,l1
other,DC,0.005405405405405406,pbmc10k_to_pbmc5k,totalvi,0,l1
other T,DC,0.0,pbmc10k_to_pbmc5k,totalvi,0,l1
B,Mono,0.0,pbmc10k_to_pbmc5k,totalvi,0,l1
CD4 T,Mono,0.0,pbmc10k_to_pbmc5k,totalvi,0,l1
CD8 T,Mono,0.0,pbmc10k_to_pbmc5k,totalvi,0,l1
DC,Mono,0.1390728476821192,pbmc10k_to_pbmc5k,totalvi,0,l1
Mono,Mono,0.9971910112359551,pbmc10k_to_pbmc5k,totalvi,0,l1
NK,Mono,0.0,pbmc10k_to_pbmc5k,totalvi,0,l1
other,Mono,0.1837837837837838,pbmc10k_to_pbmc5k,totalvi,0,l1
other T,Mono,0.0,pbmc10k_to_pbmc5k,totalvi,0,l1
B,NK,0.0,pbmc10k_to_pbmc5k,totalvi,0,l1
CD4 T,NK,0.0027803521779425394,pbmc10k_to_pbmc5k,totalvi,0,l1
CD8 T,NK,0.025423728813559324,pbmc10k_to_pbmc5k,totalvi,0,l1
DC,NK,0.0,pbmc10k_to_pbmc5k,totalvi,0,l1
Mono,NK,0.0,pbmc10k_to_pbmc5k,totalvi,0,l1
NK,NK,0.9689655172413794,pbmc10k_to_pbmc5k,totalvi,0,l1
other,NK,0.0,pbmc10k_to_pbmc5k,totalvi,0,l1
other T,NK,0.11926605504587157,pbmc10k_to_pbmc5k,totalvi,0,l1
B,other,0.0,pbmc10k_to_pbmc5k,totalvi,0,l1
CD4 T,other,0.012974976830398516,pbmc10k_to_pbmc5k,totalvi,0,l1
CD8 T,other,0.0,pbmc10k_to_pbmc5k,totalvi,0,l1
DC,other,0.006622516556291391,pbmc10k_to_pbmc5k,totalvi,0,l1
Mono,other,0.0028089887640449437,pbmc10k_to_pbmc5k,totalvi,0,l1
NK,other,0.0,pbmc10k_to_pbmc5k,totalvi,0,l1
other,other,0.3837837837837838,pbmc10k_to_pbmc5k,totalvi,0,l1
other T,other,0.0,pbmc10k_to_pbmc5k,totalvi,0,l1
B,other T,0.0,pbmc10k_to_pbmc5k,totalvi,0,l1
CD4 T,other T,0.010194624652455977,pbmc10k_to_pbmc5k,totalvi,0,l1
CD8 T,other T,0.046610169491525424,pbmc10k_to_pbmc5k,totalvi,0,l1
DC,other T,0.0,pbmc10k_to_pbmc5k,totalvi,0,l1
Mono,other T,0.0,pbmc10k_to_pbmc5k,totalvi,0,l1
NK,other T,0.02413793103448276,pbmc10k_to_pbmc5k,totalvi,0,l1
other,other T,0.02702702702702703,pbmc10k_to_pbmc5k,totalvi,0,l1
other T,other T,0.48623853211009177,pbmc10k_to_pbmc5k,totalvi,0,l1
B intermediate,B intermediate,0.6515151515151515,pbmc10k_to_pbmc5k,scvi_matched,1,l2
B memory,B intermediate,0.13924050632911392,pbmc10k_to_pbmc5k,scvi_matched,1,l2
B naive,B intermediate,0.1171875,pbmc10k_to_pbmc5k,scvi_matched,1,l2
CD14 Mono,B intermediate,0.0,pbmc10k_to_pbmc5k,scvi_matched,1,l2
CD16 Mono,B intermediate,0.0,pbmc10k_to_pbmc5k,scvi_matched,1,l2
CD4 CTL,B intermediate,0.0,pbmc10k_to_pbmc5k,scvi_matched,1,l2
CD4 Naive,B intermediate,0.0,pbmc10k_to_pbmc5k,scvi_matched,1,l2
CD4 TCM,B intermediate,0.0,pbmc10k_to_pbmc5k,scvi_matched,1,l2
CD4 TEM,B intermediate,0.0,pbmc10k_to_pbmc5k,scvi_matched,1,l2
CD8 Naive,B intermediate,0.0,pbmc10k_to_pbmc5k,scvi_matched,1,l2
CD8 TCM,B intermediate,0.0,pbmc10k_to_pbmc5k,scvi_matched,1,l2
CD8 TEM,B intermediate,0.0,pbmc10k_to_pbmc5k,scvi_matched,1,l2
Eryth,B intermediate,0.0,pbmc10k_to_pbmc5k,scvi_matched,1,l2
ILC,B intermediate,0.0,pbmc10k_to_pbmc5k,scvi_matched,1,l2
MAIT,B intermediate,0.0,pbmc10k_to_pbmc5k,scvi_matched,1,l2
NK,B intermediate,0.0,pbmc10k_to_pbmc5k,scvi_matched,1,l2
NK_CD56bright,B intermediate,0.0,pbmc10k_to_pbmc5k,scvi_matched,1,l2
Treg,B intermediate,0.0,pbmc10k_to_pbmc5k,scvi_matched,1,l2
cDC2,B intermediate,0.0,pbmc10k_to_pbmc5k,scvi_matched,1,l2
dnT,B intermediate,0.0,pbmc10k_to_pbmc5k,scvi_matched,1,l2
gdT,B intermediate,0.0,pbmc10k_to_pbmc5k,scvi_matched,1,l2
pDC,B intermediate,0.043478260869565216,pbmc10k_to_pbmc5k,scvi_matched,1,l2
B intermediate,B memory,0.3333333333333333,pbmc10k_to_pbmc5k,scvi_matched,1,l2
B memory,B memory,0.8481012658227848,pbmc10k_to_pbmc5k,scvi_matched,1,l2
B naive,B memory,0.03125,pbmc10k_to_pbmc5k,scvi_matched,1,l2
CD14 Mono,B memory,0.0,pbmc10k_to_pbmc5k,scvi_matched,1,l2
CD16 Mono,B memory,0.0,pbmc10k_to_pbmc5k,scvi_matched,1,l2
CD4 CTL,B memory,0.0,pbmc10k_to_pbmc5k,scvi_matched,1,l2
CD4 Naive,B memory,0.0026455026455026454,pbmc10k_to_pbmc5k,scvi_matched,1,l2
CD4 TCM,B memory,0.0,pbmc10k_to_pbmc5k,scvi_matched,1,l2
CD4 TEM,B memory,0.0,pbmc10k_to_pbmc5k,scvi_matched,1,l2
CD8 Naive,B memory,0.0,pbmc10k_to_pbmc5k,scvi_matched,1,l2
CD8 TCM,B memory,0.0,pbmc10k_to_pbmc5k,scvi_matched,1,l2
CD8 TEM,B memory,0.0,pbmc10k_to_pbmc5k,scvi_matched,1,l2
Eryth,B memory,0.0,pbmc10k_to_pbmc5k,scvi_matched,1,l2
ILC,B memory,0.0,pbmc10k_to_pbmc5k,scvi_matched,1,l2
MAIT,B memory,0.0,pbmc10k_to_pbmc5k,scvi_matched,1,l2
NK,B memory,0.0,pbmc10k_to_pbmc5k,scvi_matched,1,l2
NK_CD56bright,B memory,0.0,pbmc10k_to_pbmc5k,scvi_matched,1,l2
Treg,B memory,0.01694915254237288,pbmc10k_to_pbmc5k,scvi_matched,1,l2
cDC2,B memory,0.0,pbmc10k_to_pbmc5k,scvi_matched,1,l2
dnT,B memory,0.0,pbmc10k_to_pbmc5k,scvi_matched,1,l2
gdT,B memory,0.0,pbmc10k_to_pbmc5k,scvi_matched,1,l2
pDC,B memory,0.0,pbmc10k_to_pbmc5k,scvi_matched,1,l2
B intermediate,B naive,0.015151515151515152,pbmc10k_to_pbmc5k,scvi_matched,1,l2
B memory,B naive,0.0,pbmc10k_to_pbmc5k,scvi_matched,1,l2
B naive,B naive,0.8515625,pbmc10k_to_pbmc5k,scvi_matched,1,l2
CD14 Mono,B naive,0.0,pbmc10k_to_pbmc5k,scvi_matched,1,l2
CD16 Mono,B naive,0.0,pbmc10k_to_pbmc5k,scvi_matched,1,l2
CD4 CTL,B naive,0.0,pbmc10k_to_pbmc5k,scvi_matched,1,l2
CD4 Naive,B naive,0.0,pbmc10k_to_pbmc5k,scvi_matched,1,l2
CD4 TCM,B naive,0.0,pbmc10k_to_pbmc5k,scvi_matched,1,l2
CD4 TEM,B naive,0.0,pbmc10k_to_pbmc5k,scvi_matched,1,l2
CD8 Naive,B naive,0.0,pbmc10k_to_pbmc5k,scvi_matched,1,l2
CD8 TCM,B naive,0.0,pbmc10k_to_pbmc5k,scvi_matched,1,l2
CD8 TEM,B naive,0.0,pbmc10k_to_pbmc5k,scvi_matched,1,l2
Eryth,B naive,0.0,pbmc10k_to_pbmc5k,scvi_matched,1,l2
ILC,B naive,0.0,pbmc10k_to_pbmc5k,scvi_matched,1,l2
MAIT,B naive,0.0,pbmc10k_to_pbmc5k,scvi_matched,1,l2
NK,B naive,0.0,pbmc10k_to_pbmc5k,scvi_matched,1,l2
NK_CD56bright,B naive,0.0,pbmc10k_to_pbmc5k,scvi_matched,1,l2
Treg,B naive,0.0,pbmc10k_to_pbmc5k,scvi_matched,1,l2
cDC2,B naive,0.0,pbmc10k_to_pbmc5k,scvi_matched,1,l2
dnT,B naive,0.0,pbmc10k_to_pbmc5k,scvi_matched,1,l2
gdT,B naive,0.0,pbmc10k_to_pbmc5k,scvi_matched,1,l2
pDC,B naive,0.0,pbmc10k_to_pbmc5k,scvi_matched,1,l2
B intermediate,CD14 Mono,0.0,pbmc10k_to_pbmc5k,scvi_matched,1,l2
B memory,CD14 Mono,0.0,pbmc10k_to_pbmc5k,scvi_matched,1,l2
B naive,CD14 Mono,0.0,pbmc10k_to_pbmc5k,scvi_matched,1,l2
CD14 Mono,CD14 Mono,0.9861259338313767,pbmc10k_to_pbmc5k,scvi_matched,1,l2
CD16 Mono,CD14 Mono,0.07633587786259542,pbmc10k_to_pbmc5k,scvi_matched,1,l2
CD4 CTL,CD14 Mono,0.0,pbmc10k_to_pbmc5k,scvi_matched,1,l2
CD4 Naive,CD14 Mono,0.0,pbmc10k_to_pbmc5k,scvi_matched,1,l2
CD4 TCM,CD14 Mono,0.0,pbmc10k_to_pbmc5k,scvi_matched,1,l2
CD4 TEM,CD14 Mono,0.0,pbmc10k_to_pbmc5k,scvi_matched,1,l2
CD8 Naive,CD14 Mono,0.0,pbmc10k_to_pbmc5k,scvi_matched,1,l2
CD8 TCM,CD14 Mono,0.0,pbmc10k_to_pbmc5k,scvi_matched,1,l2
CD8 TEM,CD14 Mono,0.0,pbmc10k_to_pbmc5k,scvi_matched,1,l2
Eryth,CD14 Mono,0.4069767441860465,pbmc10k_to_pbmc5k,scvi_matched,1,l2
ILC,CD14 Mono,0.0,pbmc10k_to_pbmc5k,scvi_matched,1,l2
MAIT,CD14 Mono,0.0,pbmc10k_to_pbmc5k,scvi_matched,1,l2
NK,CD14 Mono,0.0,pbmc10k_to_pbmc5k,scvi_matched,1,l2
NK_CD56bright,CD14 Mono,0.0,pbmc10k_to_pbmc5k,scvi_matched,1,l2
Treg,CD14 Mono,0.0,pbmc10k_to_pbmc5k,scvi_matched,1,l2
cDC2,CD14 Mono,0.016,pbmc10k_to_pbmc5k,scvi_matched,1,l2
dnT,CD14 Mono,0.0,pbmc10k_to_pbmc5k,scvi_matched,1,l2
gdT,CD14 Mono,0.0,pbmc10k_to_pbmc5k,scvi_matched,1,l2
pDC,CD14 Mono,0.0,pbmc10k_to_pbmc5k,scvi_matched,1,l2
B intermediate,CD16 Mono,0.0,pbmc10k_to_pbmc5k,scvi_matched,1,l2
B memory,CD16 Mono,0.0,pbmc10k_to_pbmc5k,scvi_matched,1,l2
B naive,CD16 Mono,0.0,pbmc10k_to_pbmc5k,scvi_matched,1,l2
CD14 Mono,CD16 Mono,0.0,pbmc10k_to_pbmc5k,scvi_matched,1,l2
CD16 Mono,CD16 Mono,0.9007633587786259,pbmc10k_to_pbmc5k,scvi_matched,1,l2
CD4 CTL,CD16 Mono,0.0,pbmc10k_to_pbmc5k,scvi_matched,1,l2
CD4 Naive,CD16 Mono,0.0,pbmc10k_to_pbmc5k,scvi_matched,1,l2
CD4 TCM,CD16 Mono,0.0,pbmc10k_to_pbmc5k,scvi_matched,1,l2
CD4 TEM,CD16 Mono,0.0,pbmc10k_to_pbmc5k,scvi_matched,1,l2
CD8 Naive,CD16 Mono,0.0,pbmc10k_to_pbmc5k,scvi_matched,1,l2
CD8 TCM,CD16 Mono,0.0,pbmc10k_to_pbmc5k,scvi_matched,1,l2
CD8 TEM,CD16 Mono,0.0,pbmc10k_to_pbmc5k,scvi_matched,1,l2
Eryth,CD16 Mono,0.0,pbmc10k_to_pbmc5k,scvi_matched,1,l2
ILC,CD16 Mono,0.0,pbmc10k_to_pbmc5k,scvi_matched,1,l2
MAIT,CD16 Mono,0.0,pbmc10k_to_pbmc5k,scvi_matched,1,l2
NK,CD16 Mono,0.0,pbmc10k_to_pbmc5k,scvi_matched,1,l2
NK_CD56bright,CD16 Mono,0.0,pbmc10k_to_pbmc5k,scvi_matched,1,l2
Treg,CD16 Mono,0.0,pbmc10k_to_pbmc5k,scvi_matched,1,l2
cDC2,CD16 Mono,0.0,pbmc10k_to_pbmc5k,scvi_matched,1,l2
dnT,CD16 Mono,0.0,pbmc10k_to_pbmc5k,scvi_matched,1,l2
gdT,CD16 Mono,0.0,pbmc10k_to_pbmc5k,scvi_matched,1,l2
pDC,CD16 Mono,0.0,pbmc10k_to_pbmc5k,scvi_matched,1,l2
B intermediate,CD4 CTL,0.0,pbmc10k_to_pbmc5k,scvi_matched,1,l2
B memory,CD4 CTL,0.0,pbmc10k_to_pbmc5k,scvi_matched,1,l2
B naive,CD4 CTL,0.0,pbmc10k_to_pbmc5k,scvi_matched,1,l2
CD14 Mono,CD4 CTL,0.0,pbmc10k_to_pbmc5k,scvi_matched,1,l2
CD16 Mono,CD4 CTL,0.0,pbmc10k_to_pbmc5k,scvi_matched,1,l2
CD4 CTL,CD4 CTL,0.1951219512195122,pbmc10k_to_pbmc5k,scvi_matched,1,l2
CD4 Naive,CD4 CTL,0.0,pbmc10k_to_pbmc5k,scvi_matched,1,l2
CD4 TCM,CD4 CTL,0.0,pbmc10k_to_pbmc5k,scvi_matched,1,l2
CD4 TEM,CD4 CTL,0.0,pbmc10k_to_pbmc5k,scvi_matched,1,l2
CD8 Naive,CD4 CTL,0.0,pbmc10k_to_pbmc5k,scvi_matched,1,l2
CD8 TCM,CD4 CTL,0.0,pbmc10k_to_pbmc5k,scvi_matched,1,l2
CD8 TEM,CD4 CTL,0.013605442176870748,pbmc10k_to_pbmc5k,scvi_matched,1,l2
Eryth,CD4 CTL,0.0,pbmc10k_to_pbmc5k,scvi_matched,1,l2
ILC,CD4 CTL,0.0,pbmc10k_to_pbmc5k,scvi_matched,1,l2
MAIT,CD4 CTL,0.0,pbmc10k_to_pbmc5k,scvi_matched,1,l2
NK,CD4 CTL,0.0,pbmc10k_to_pbmc5k,scvi_matched,1,l2
NK_CD56bright,CD4 CTL,0.0,pbmc10k_to_pbmc5k,scvi_matched,1,l2
Treg,CD4 CTL,0.0,pbmc10k_to_pbmc5k,scvi_matched,1,l2
cDC2,CD4 CTL,0.0,pbmc10k_to_pbmc5k,scvi_matched,1,l2
dnT,CD4 CTL,0.0,pbmc10k_to_pbmc5k,scvi_matched,1,l2
gdT,CD4 CTL,0.0,pbmc10k_to_pbmc5k,scvi_matched,1,l2
pDC,CD4 CTL,0.0,pbmc10k_to_pbmc5k,scvi_matched,1,l2
B intermediate,CD4 Naive,0.0,pbmc10k_to_pbmc5k,scvi_matched,1,l2
B memory,CD4 Naive,0.0,pbmc10k_to_pbmc5k,scvi_matched,1,l2
B naive,CD4 Naive,0.0,pbmc10k_to_pbmc5k,scvi_matched,1,l2
CD14 Mono,CD4 Naive,0.0,pbmc10k_to_pbmc5k,scvi_matched,1,l2
CD16 Mono,CD4 Naive,0.0,pbmc10k_to_pbmc5k,scvi_matched,1,l2
CD4 CTL,CD4 Naive,0.0,pbmc10k_to_pbmc5k,scvi_matched,1,l2
CD4 Naive,CD4 Naive,0.5026455026455027,pbmc10k_to_pbmc5k,scvi_matched,1,l2
CD4 TCM,CD4 Naive,0.045871559633027525,pbmc10k_to_pbmc5k,scvi_matched,1,l2
CD4 TEM,CD4 Naive,0.0,pbmc10k_to_pbmc5k,scvi_matched,1,l2
CD8 Naive,CD4 Naive,0.041666666666666664,pbmc10k_to_pbmc5k,scvi_matched,1,l2
CD8 TCM,CD4 Naive,0.029411764705882353,pbmc10k_to_pbmc5k,scvi_matched,1,l2
CD8 TEM,CD4 Naive,0.0,pbmc10k_to_pbmc5k,scvi_matched,1,l2
Eryth,CD4 Naive,0.0,pbmc10k_to_pbmc5k,scvi_matched,1,l2
ILC,CD4 Naive,0.0,pbmc10k_to_pbmc5k,scvi_matched,1,l2
MAIT,CD4 Naive,0.0,pbmc10k_to_pbmc5k,scvi_matched,1,l2
NK,CD4 Naive,0.0,pbmc10k_to_pbmc5k,scvi_matched,1,l2
NK_CD56bright,CD4 Naive,0.0,pbmc10k_to_pbmc5k,scvi_matched,1,l2
Treg,CD4 Naive,0.06779661016949153,pbmc10k_to_pbmc5k,scvi_matched,1,l2
cDC2,CD4 Naive,0.0,pbmc10k_to_pbmc5k,scvi_matched,1,l2
dnT,CD4 Naive,0.35714285714285715,pbmc10k_to_pbmc5k,scvi_matched,1,l2
gdT,CD4 Naive,0.0,pbmc10k_to_pbmc5k,scvi_matched,1,l2
pDC,CD4 Naive,0.0,pbmc10k_to_pbmc5k,scvi_matched,1,l2
B intermediate,CD4 TCM,0.0,pbmc10k_to_pbmc5k,scvi_matched,1,l2
B memory,CD4 TCM,0.0,pbmc10k_to_pbmc5k,scvi_matched,1,l2
B naive,CD4 TCM,0.0,pbmc10k_to_pbmc5k,scvi_matched,1,l2
CD14 Mono,CD4 TCM,0.0,pbmc10k_to_pbmc5k,scvi_matched,1,l2
CD16 Mono,CD4 TCM,0.0,pbmc10k_to_pbmc5k,scvi_matched,1,l2
CD4 CTL,CD4 TCM,0.0,pbmc10k_to_pbmc5k,scvi_matched,1,l2
CD4 Naive,CD4 TCM,0.4126984126984127,pbmc10k_to_pbmc5k,scvi_matched,1,l2
CD4 TCM,CD4 TCM,0.8195718654434251,pbmc10k_to_pbmc5k,scvi_matched,1,l2
CD4 TEM,CD4 TCM,0.20220588235294118,pbmc10k_to_pbmc5k,scvi_matched,1,l2
CD8 Naive,CD4 TCM,0.0,pbmc10k_to_pbmc5k,scvi_matched,1,l2
CD8 TCM,CD4 TCM,0.0,pbmc10k_to_pbmc5k,scvi_matched,1,l2
CD8 TEM,CD4 TCM,0.0,pbmc10k_to_pbmc5k,scvi_matched,1,l2
Eryth,CD4 TCM,0.0,pbmc10k_to_pbmc5k,scvi_matched,1,l2
ILC,CD4 TCM,0.5102040816326531,pbmc10k_to_pbmc5k,scvi_matched,1,l2
MAIT,CD4 TCM,0.0,pbmc10k_to_pbmc5k,scvi_matched,1,l2
NK,CD4 TCM,0.0,pbmc10k_to_pbmc5k,scvi_matched,1,l2
NK_CD56bright,CD4 TCM,0.0,pbmc10k_to_pbmc5k,scvi_matched,1,l2
Treg,CD4 TCM,0.559322033898305,pbmc10k_to_pbmc5k,scvi_matched,1,l2
cDC2,CD4 TCM,0.0,pbmc10k_to_pbmc5k,scvi_matched,1,l2
dnT,CD4 TCM,0.21428571428571427,pbmc10k_to_pbmc5k,scvi_matched,1,l2
gdT,CD4 TCM,0.0,pbmc10k_to_pbmc5k,scvi_matched,1,l2
pDC,CD4 TCM,0.0,pbmc10k_to_pbmc5k,scvi_matched,1,l2
B intermediate,CD4 TEM,0.0,pbmc10k_to_pbmc5k,scvi_matched,1,l2
B memory,CD4 TEM,0.0,pbmc10k_to_pbmc5k,scvi_matched,1,l2
B naive,CD4 TEM,0.0,pbmc10k_to_pbmc5k,scvi_matched,1,l2
CD14 Mono,CD4 TEM,0.0,pbmc10k_to_pbmc5k,scvi_matched,1,l2
CD16 Mono,CD4 TEM,0.0,pbmc10k_to_pbmc5k,scvi_matched,1,l2
CD4 CTL,CD4 TEM,0.4878048780487805,pbmc10k_to_pbmc5k,scvi_matched,1,l2
CD4 Naive,CD4 TEM,0.0,pbmc10k_to_pbmc5k,scvi_matched,1,l2
CD4 TCM,CD4 TEM,0.0061162079510703364,pbmc10k_to_pbmc5k,scvi_matched,1,l2
CD4 TEM,CD4 TEM,0.6691176470588235,pbmc10k_to_pbmc5k,scvi_matched,1,l2
CD8 Naive,CD4 TEM,0.0,pbmc10k_to_pbmc5k,scvi_matched,1,l2
CD8 TCM,CD4 TEM,0.23529411764705882,pbmc10k_to_pbmc5k,scvi_matched,1,l2
CD8 TEM,CD4 TEM,0.08163265306122448,pbmc10k_to_pbmc5k,scvi_matched,1,l2
Eryth,CD4 TEM,0.0,pbmc10k_to_pbmc5k,scvi_matched,1,l2
ILC,CD4 TEM,0.061224489795918366,pbmc10k_to_pbmc5k,scvi_matched,1,l2
MAIT,CD4 TEM,0.041666666666666664,pbmc10k_to_pbmc5k,scvi_matched,1,l2
NK,CD4 TEM,0.0,pbmc10k_to_pbmc5k,scvi_matched,1,l2
NK_CD56bright,CD4 TEM,0.0,pbmc10k_to_pbmc5k,scvi_matched,1,l2
Treg,CD4 TEM,0.0,pbmc10k_to_pbmc5k,scvi_matched,1,l2
cDC2,CD4 TEM,0.0,pbmc10k_to_pbmc5k,scvi_matched,1,l2
dnT,CD4 TEM,0.0,pbmc10k_to_pbmc5k,scvi_matched,1,l2
gdT,CD4 TEM,0.0,pbmc10k_to_pbmc5k,scvi_matched,1,l2
pDC,CD4 TEM,0.0,pbmc10k_to_pbmc5k,scvi_matched,1,l2
B intermediate,CD8 Naive,0.0,pbmc10k_to_pbmc5k,scvi_matched,1,l2
B memory,CD8 Naive,0.0,pbmc10k_to_pbmc5k,scvi_matched,1,l2
B naive,CD8 Naive,0.0,pbmc10k_to_pbmc5k,scvi_matched,1,l2
CD14 Mono,CD8 Naive,0.0,pbmc10k_to_pbmc5k,scvi_matched,1,l2
CD16 Mono,CD8 Naive,0.0,pbmc10k_to_pbmc5k,scvi_matched,1,l2
CD4 CTL,CD8 Naive,0.0,pbmc10k_to_pbmc5k,scvi_matched,1,l2
CD4 Naive,CD8 Naive,0.0291005291005291,pbmc10k_to_pbmc5k,scvi_matched,1,l2
CD4 TCM,CD8 Naive,0.0,pbmc10k_to_pbmc5k,scvi_matched,1,l2
CD4 TEM,CD8 Naive,0.003676470588235294,pbmc10k_to_pbmc5k,scvi_matched,1,l2
CD8 Naive,CD8 Naive,0.9583333333333334,pbmc10k_to_pbmc5k,scvi_matched,1,l2
CD8 TCM,CD8 Naive,0.17647058823529413,pbmc10k_to_pbmc5k,scvi_matched,1,l2
CD8 TEM,CD8 Naive,0.0,pbmc10k_to_pbmc5k,scvi_matched,1,l2
Eryth,CD8 Naive,0.0,pbmc10k_to_pbmc5k,scvi_matched,1,l2
ILC,CD8 Naive,0.0,pbmc10k_to_pbmc5k,scvi_matched,1,l2
MAIT,CD8 Naive,0.0,pbmc10k_to_pbmc5k,scvi_matched,1,l2
NK,CD8 Naive,0.0,pbmc10k_to_pbmc5k,scvi_matched,1,l2
NK_CD56bright,CD8 Naive,0.0,pbmc10k_to_pbmc5k,scvi_matched,1,l2
Treg,CD8 Naive,0.0,pbmc10k_to_pbmc5k,scvi_matched,1,l2
cDC2,CD8 Naive,0.0,pbmc10k_to_pbmc5k,scvi_matched,1,l2
dnT,CD8 Naive,0.14285714285714285,pbmc10k_to_pbmc5k,scvi_matched,1,l2
gdT,CD8 Naive,0.028169014084507043,pbmc10k_to_pbmc5k,scvi_matched,1,l2
pDC,CD8 Naive,0.0,pbmc10k_to_pbmc5k,scvi_matched,1,l2
B intermediate,CD8 TCM,0.0,pbmc10k_to_pbmc5k,scvi_matched,1,l2
B memory,CD8 TCM,0.0,pbmc10k_to_pbmc5k,scvi_matched,1,l2
B naive,CD8 TCM,0.0,pbmc10k_to_pbmc5k,scvi_matched,1,l2
CD14 Mono,CD8 TCM,0.0,pbmc10k_to_pbmc5k,scvi_matched,1,l2
CD16 Mono,CD8 TCM,0.0,pbmc10k_to_pbmc5k,scvi_matched,1,l2
CD4 CTL,CD8 TCM,0.0,pbmc10k_to_pbmc5k,scvi_matched,1,l2
CD4 Naive,CD8 TCM,0.007936507936507936,pbmc10k_to_pbmc5k,scvi_matched,1,l2
CD4 TCM,CD8 TCM,0.0030581039755351682,pbmc10k_to_pbmc5k,scvi_matched,1,l2
CD4 TEM,CD8 TCM,0.01838235294117647,pbmc10k_to_pbmc5k,scvi_matched,1,l2
CD8 Naive,CD8 TCM,0.0,pbmc10k_to_pbmc5k,scvi_matched,1,l2
CD8 TCM,CD8 TCM,0.38235294117647056,pbmc10k_to_pbmc5k,scvi_matched,1,l2
CD8 TEM,CD8 TCM,0.02040816326530612,pbmc10k_to_pbmc5k,scvi_matched,1,l2
Eryth,CD8 TCM,0.0,pbmc10k_to_pbmc5k,scvi_matched,1,l2
ILC,CD8 TCM,0.01020408163265306,pbmc10k_to_pbmc5k,scvi_matched,1,l2
MAIT,CD8 TCM,0.0,pbmc10k_to_pbmc5k,scvi_matched,1,l2
NK,CD8 TCM,0.0,pbmc10k_to_pbmc5k,scvi_matched,1,l2
NK_CD56bright,CD8 TCM,0.0,pbmc10k_to_pbmc5k,scvi_matched,1,l2
Treg,CD8 TCM,0.0,pbmc10k_to_pbmc5k,scvi_matched,1,l2
cDC2,CD8 TCM,0.0,pbmc10k_to_pbmc5k,scvi_matched,1,l2
dnT,CD8 TCM,0.07142857142857142,pbmc10k_to_pbmc5k,scvi_matched,1,l2
gdT,CD8 TCM,0.04225352112676056,pbmc10k_to_pbmc5k,scvi_matched,1,l2
pDC,CD8 TCM,0.0,pbmc10k_to_pbmc5k,scvi_matched,1,l2
B intermediate,CD8 TEM,0.0,pbmc10k_to_pbmc5k,scvi_matched,1,l2
B memory,CD8 TEM,0.0,pbmc10k_to_pbmc5k,scvi_matched,1,l2
B naive,CD8 TEM,0.0,pbmc10k_to_pbmc5k,scvi_matched,1,l2
CD14 Mono,CD8 TEM,0.0,pbmc10k_to_pbmc5k,scvi_matched,1,l2
CD16 Mono,CD8 TEM,0.0,pbmc10k_to_pbmc5k,scvi_matched,1,l2
CD4 CTL,CD8 TEM,0.17073170731707318,pbmc10k_to_pbmc5k,scvi_matched,1,l2
CD4 Naive,CD8 TEM,0.0,pbmc10k_to_pbmc5k,scvi_matched,1,l2
CD4 TCM,CD8 TEM,0.0,pbmc10k_to_pbmc5k,scvi_matched,1,l2
CD4 TEM,CD8 TEM,0.01838235294117647,pbmc10k_to_pbmc5k,scvi_matched,1,l2
CD8 Naive,CD8 TEM,0.0,pbmc10k_to_pbmc5k,scvi_matched,1,l2
CD8 TCM,CD8 TEM,0.029411764705882353,pbmc10k_to_pbmc5k,scvi_matched,1,l2
CD8 TEM,CD8 TEM,0.7551020408163265,pbmc10k_to_pbmc5k,scvi_matched,1,l2
Eryth,CD8 TEM,0.0,pbmc10k_to_pbmc5k,scvi_matched,1,l2
ILC,CD8 TEM,0.01020408163265306,pbmc10k_to_pbmc5k,scvi_matched,1,l2
MAIT,CD8 TEM,0.041666666666666664,pbmc10k_to_pbmc5k,scvi_matched,1,l2
NK,CD8 TEM,0.0,pbmc10k_to_pbmc5k,scvi_matched,1,l2
NK_CD56bright,CD8 TEM,0.0,pbmc10k_to_pbmc5k,scvi_matched,1,l2
Treg,CD8 TEM,0.0,pbmc10k_to_pbmc5k,scvi_matched,1,l2
cDC2,CD8 TEM,0.008,pbmc10k_to_pbmc5k,scvi_matched,1,l2
dnT,CD8 TEM,0.0,pbmc10k_to_pbmc5k,scvi_matched,1,l2
gdT,CD8 TEM,0.15492957746478872,pbmc10k_to_pbmc5k,scvi_matched,1,l2
pDC,CD8 TEM,0.0,pbmc10k_to_pbmc5k,scvi_matched,1,l2
B intermediate,Eryth,0.0,pbmc10k_to_pbmc5k,scvi_matched,1,l2
B memory,Eryth,0.0,pbmc10k_to_pbmc5k,scvi_matched,1,l2
B naive,Eryth,0.0,pbmc10k_to_pbmc5k,scvi_matched,1,l2
CD14 Mono,Eryth,0.010672358591248666,pbmc10k_to_pbmc5k,scvi_matched,1,l2
CD16 Mono,Eryth,0.0,pbmc10k_to_pbmc5k,scvi_matched,1,l2
CD4 CTL,Eryth,0.0,pbmc10k_to_pbmc5k,scvi_matched,1,l2
CD4 Naive,Eryth,0.0,pbmc10k_to_pbmc5k,scvi_matched,1,l2
CD4 TCM,Eryth,0.024464831804281346,pbmc10k_to_pbmc5k,scvi_matched,1,l2
CD4 TEM,Eryth,0.0,pbmc10k_to_pbmc5k,scvi_matched,1,l2
CD8 Naive,Eryth,0.0,pbmc10k_to_pbmc5k,scvi_matched,1,l2
CD8 TCM,Eryth,0.0,pbmc10k_to_pbmc5k,scvi_matched,1,l2
CD8 TEM,Eryth,0.0,pbmc10k_to_pbmc5k,scvi_matched,1,l2
Eryth,Eryth,0.5813953488372093,pbmc10k_to_pbmc5k,scvi_matched,1,l2
ILC,Eryth,0.061224489795918366,pbmc10k_to_pbmc5k,scvi_matched,1,l2
MAIT,Eryth,0.041666666666666664,pbmc10k_to_pbmc5k,scvi_matched,1,l2
NK,Eryth,0.0,pbmc10k_to_pbmc5k,scvi_matched,1,l2
NK_CD56bright,Eryth,0.0,pbmc10k_to_pbmc5k,scvi_matched,1,l2
Treg,Eryth,0.06779661016949153,pbmc10k_to_pbmc5k,scvi_matched,1,l2
cDC2,Eryth,0.0,pbmc10k_to_pbmc5k,scvi_matched,1,l2
dnT,Eryth,0.0,pbmc10k_to_pbmc5k,scvi_matched,1,l2
gdT,Eryth,0.014084507042253521,pbmc10k_to_pbmc5k,scvi_matched,1,l2
pDC,Eryth,0.0,pbmc10k_to_pbmc5k,scvi_matched,1,l2
B intermediate,ILC,0.0,pbmc10k_to_pbmc5k,scvi_matched,1,l2
B memory,ILC,0.0,pbmc10k_to_pbmc5k,scvi_matched,1,l2
B naive,ILC,0.0,pbmc10k_to_pbmc5k,scvi_matched,1,l2
CD14 Mono,ILC,0.0,pbmc10k_to_pbmc5k,scvi_matched,1,l2
CD16 Mono,ILC,0.007633587786259542,pbmc10k_to_pbmc5k,scvi_matched,1,l2
CD4 CTL,ILC,0.024390243902439025,pbmc10k_to_pbmc5k,scvi_matched,1,l2
CD4 Naive,ILC,0.0291005291005291,pbmc10k_to_pbmc5k,scvi_matched,1,l2
CD4 TCM,ILC,0.0856269113149847,pbmc10k_to_pbmc5k,scvi_matched,1,l2
CD4 TEM,ILC,0.051470588235294115,pbmc10k_to_pbmc5k,scvi_matched,1,l2
CD8 Naive,ILC,0.0,pbmc10k_to_pbmc5k,scvi_matched,1,l2
CD8 TCM,ILC,0.08823529411764706,pbmc10k_to_pbmc5k,scvi_matched,1,l2
CD8 TEM,ILC,0.0,pbmc10k_to_pbmc5k,scvi_matched,1,l2
Eryth,ILC,0.0,pbmc10k_to_pbmc5k,scvi_matched,1,l2
ILC,ILC,0.336734693877551,pbmc10k_to_pbmc5k,scvi_matched,1,l2
MAIT,ILC,0.0,pbmc10k_to_pbmc5k,scvi_matched,1,l2
NK,ILC,0.0,pbmc10k_to_pbmc5k,scvi_matched,1,l2
NK_CD56bright,ILC,0.0,pbmc10k_to_pbmc5k,scvi_matched,1,l2
Treg,ILC,0.1016949152542373,pbmc10k_to_pbmc5k,scvi_matched,1,l2
cDC2,ILC,0.0,pbmc10k_to_pbmc5k,scvi_matched,1,l2
dnT,ILC,0.0,pbmc10k_to_pbmc5k,scvi_matched,1,l2
gdT,ILC,0.014084507042253521,pbmc10k_to_pbmc5k,scvi_matched,1,l2
pDC,ILC,0.0,pbmc10k_to_pbmc5k,scvi_matched,1,l2
B intermediate,MAIT,0.0,pbmc10k_to_pbmc5k,scvi_matched,1,l2
B memory,MAIT,0.0,pbmc10k_to_pbmc5k,scvi_matched,1,l2
B naive,MAIT,0.0,pbmc10k_to_pbmc5k,scvi_matched,1,l2
CD14 Mono,MAIT,0.0,pbmc10k_to_pbmc5k,scvi_matched,1,l2
CD16 Mono,MAIT,0.0,pbmc10k_to_pbmc5k,scvi_matched,1,l2
CD4 CTL,MAIT,0.12195121951219512,pbmc10k_to_pbmc5k,scvi_matched,1,l2
CD4 Naive,MAIT,0.0,pbmc10k_to_pbmc5k,scvi_matched,1,l2
CD4 TCM,MAIT,0.0,pbmc10k_to_pbmc5k,scvi_matched,1,l2
CD4 TEM,MAIT,0.03308823529411765,pbmc10k_to_pbmc5k,scvi_matched,1,l2
CD8 Naive,MAIT,0.0,pbmc10k_to_pbmc5k,scvi_matched,1,l2
CD8 TCM,MAIT,0.0,pbmc10k_to_pbmc5k,scvi_matched,1,l2
CD8 TEM,MAIT,0.06802721088435375,pbmc10k_to_pbmc5k,scvi_matched,1,l2
Eryth,MAIT,0.0,pbmc10k_to_pbmc5k,scvi_matched,1,l2
ILC,MAIT,0.0,pbmc10k_to_pbmc5k,scvi_matched,1,l2
MAIT,MAIT,0.875,pbmc10k_to_pbmc5k,scvi_matched,1,l2
NK,MAIT,0.0,pbmc10k_to_pbmc5k,scvi_matched,1,l2
NK_CD56bright,MAIT,0.03333333333333333,pbmc10k_to_pbmc5k,scvi_matched,1,l2
Treg,MAIT,0.0,pbmc10k_to_pbmc5k,scvi_matched,1,l2
cDC2,MAIT,0.0,pbmc10k_to_pbmc5k,scvi_matched,1,l2
dnT,MAIT,0.0,pbmc10k_to_pbmc5k,scvi_matched,1,l2
gdT,MAIT,0.4788732394366197,pbmc10k_to_pbmc5k,scvi_matched,1,l2
pDC,MAIT,0.0,pbmc10k_to_pbmc5k,scvi_matched,1,l2
B intermediate,NK,0.0,pbmc10k_to_pbmc5k,scvi_matched,1,l2
B memory,NK,0.0,pbmc10k_to_pbmc5k,scvi_matched,1,l2
B naive,NK,0.0,pbmc10k_to_pbmc5k,scvi_matched,1,l2
CD14 Mono,NK,0.0,pbmc10k_to_pbmc5k,scvi_matched,1,l2
CD16 Mono,NK,0.0,pbmc10k_to_pbmc5k,scvi_matched,1,l2
CD4 CTL,NK,0.0,pbmc10k_to_pbmc5k,scvi_matched,1,l2
CD4 Naive,NK,0.0,pbmc10k_to_pbmc5k,scvi_matched,1,l2
CD4 TCM,NK,0.0,pbmc10k_to_pbmc5k,scvi_matched,1,l2
CD4 TEM,NK,0.0,pbmc10k_to_pbmc5k,scvi_matched,1,l2
CD8 Naive,NK,0.0,pbmc10k_to_pbmc5k,scvi_matched,1,l2
CD8 TCM,NK,0.0,pbmc10k_to_pbmc5k,scvi_matched,1,l2
CD8 TEM,NK,0.04081632653061224,pbmc10k_to_pbmc5k,scvi_matched,1,l2
Eryth,NK,0.0,pbmc10k_to_pbmc5k,scvi_matched,1,l2
ILC,NK,0.0,pbmc10k_to_pbmc5k,scvi_matched,1,l2
MAIT,NK,0.0,pbmc10k_to_pbmc5k,scvi_matched,1,l2
NK,NK,0.9960159362549801,pbmc10k_to_pbmc5k,scvi_matched,1,l2
NK_CD56bright,NK,0.06666666666666667,pbmc10k_to_pbmc5k,scvi_matched,1,l2
Treg,NK,0.0,pbmc10k_to_pbmc5k,scvi_matched,1,l2
cDC2,NK,0.0,pbmc10k_to_pbmc5k,scvi_matched,1,l2
dnT,NK,0.0,pbmc10k_to_pbmc5k,scvi_matched,1,l2
gdT,NK,0.18309859154929578,pbmc10k_to_pbmc5k,scvi_matched,1,l2
pDC,NK,0.0,pbmc10k_to_pbmc5k,scvi_matched,1,l2
B intermediate,NK_CD56bright,0.0,pbmc10k_to_pbmc5k,scvi_matched,1,l2
B memory,NK_CD56bright,0.0,pbmc10k_to_pbmc5k,scvi_matched,1,l2
B naive,NK_CD56bright,0.0,pbmc10k_to_pbmc5k,scvi_matched,1,l2
CD14 Mono,NK_CD56bright,0.0,pbmc10k_to_pbmc5k,scvi_matched,1,l2
CD16 Mono,NK_CD56bright,0.0,pbmc10k_to_pbmc5k,scvi_matched,1,l2
CD4 CTL,NK_CD56bright,0.0,pbmc10k_to_pbmc5k,scvi_matched,1,l2
CD4 Naive,NK_CD56bright,0.0,pbmc10k_to_pbmc5k,scvi_matched,1,l2
CD4 TCM,NK_CD56bright,0.0,pbmc10k_to_pbmc5k,scvi_matched,1,l2
CD4 TEM,NK_CD56bright,0.0,pbmc10k_to_pbmc5k,scvi_matched,1,l2
CD8 Naive,NK_CD56bright,0.0,pbmc10k_to_pbmc5k,scvi_matched,1,l2
CD8 TCM,NK_CD56bright,0.0,pbmc10k_to_pbmc5k,scvi_matched,1,l2
CD8 TEM,NK_CD56bright,0.006802721088435374,pbmc10k_to_pbmc5k,scvi_matched,1,l2
Eryth,NK_CD56bright,0.0,pbmc10k_to_pbmc5k,scvi_matched,1,l2
ILC,NK_CD56bright,0.0,pbmc10k_to_pbmc5k,scvi_matched,1,l2
MAIT,NK_CD56bright,0.0,pbmc10k_to_pbmc5k,scvi_matched,1,l2
NK,NK_CD56bright,0.00398406374501992,pbmc10k_to_pbmc5k,scvi_matched,1,l2
NK_CD56bright,NK_CD56bright,0.8666666666666667,pbmc10k_to_pbmc5k,scvi_matched,1,l2
Treg,NK_CD56bright,0.0,pbmc10k_to_pbmc5k,scvi_matched,1,l2
cDC2,NK_CD56bright,0.0,pbmc10k_to_pbmc5k,scvi_matched,1,l2
dnT,NK_CD56bright,0.0,pbmc10k_to_pbmc5k,scvi_matched,1,l2
gdT,NK_CD56bright,0.0,pbmc10k_to_pbmc5k,scvi_matched,1,l2
pDC,NK_CD56bright,0.0,pbmc10k_to_pbmc5k,scvi_matched,1,l2
B intermediate,Treg,0.0,pbmc10k_to_pbmc5k,scvi_matched,1,l2
B memory,Treg,0.012658227848101266,pbmc10k_to_pbmc5k,scvi_matched,1,l2
B naive,Treg,0.0,pbmc10k_to_pbmc5k,scvi_matched,1,l2
CD14 Mono,Treg,0.0,pbmc10k_to_pbmc5k,scvi_matched,1,l2
CD16 Mono,Treg,0.0,pbmc10k_to_pbmc5k,scvi_matched,1,l2
CD4 CTL,Treg,0.0,pbmc10k_to_pbmc5k,scvi_matched,1,l2
CD4 Naive,Treg,0.0,pbmc10k_to_pbmc5k,scvi_matched,1,l2
CD4 TCM,Treg,0.0061162079510703364,pbmc10k_to_pbmc5k,scvi_matched,1,l2
CD4 TEM,Treg,0.0,pbmc10k_to_pbmc5k,scvi_matched,1,l2
CD8 Naive,Treg,0.0,pbmc10k_to_pbmc5k,scvi_matched,1,l2
CD8 TCM,Treg,0.0,pbmc10k_to_pbmc5k,scvi_matched,1,l2
CD8 TEM,Treg,0.0,pbmc10k_to_pbmc5k,scvi_matched,1,l2
Eryth,Treg,0.0,pbmc10k_to_pbmc5k,scvi_matched,1,l2
ILC,Treg,0.0,pbmc10k_to_pbmc5k,scvi_matched,1,l2
MAIT,Treg,0.0,pbmc10k_to_pbmc5k,scvi_matched,1,l2
NK,Treg,0.0,pbmc10k_to_pbmc5k,scvi_matched,1,l2
NK_CD56bright,Treg,0.0,pbmc10k_to_pbmc5k,scvi_matched,1,l2
Treg,Treg,0.1694915254237288,pbmc10k_to_pbmc5k,scvi_matched,1,l2
cDC2,Treg,0.0,pbmc10k_to_pbmc5k,scvi_matched,1,l2
dnT,Treg,0.07142857142857142,pbmc10k_to_pbmc5k,scvi_matched,1,l2
gdT,Treg,0.0,pbmc10k_to_pbmc5k,scvi_matched,1,l2
pDC,Treg,0.0,pbmc10k_to_pbmc5k,scvi_matched,1,l2
B intermediate,cDC2,0.0,pbmc10k_to_pbmc5k,scvi_matched,1,l2
B memory,cDC2,0.0,pbmc10k_to_pbmc5k,scvi_matched,1,l2
B naive,cDC2,0.0,pbmc10k_to_pbmc5k,scvi_matched,1,l2
CD14 Mono,cDC2,0.0032017075773745998,pbmc10k_to_pbmc5k,scvi_matched,1,l2
CD16 Mono,cDC2,0.015267175572519083,pbmc10k_to_pbmc5k,scvi_matched,1,l2
CD4 CTL,cDC2,0.0,pbmc10k_to_pbmc5k,scvi_matched,1,l2
CD4 Naive,cDC2,0.0,pbmc10k_to_pbmc5k,scvi_matched,1,l2
CD4 TCM,cDC2,0.0,pbmc10k_to_pbmc5k,scvi_matched,1,l2
CD4 TEM,cDC2,0.0,pbmc10k_to_pbmc5k,scvi_matched,1,l2
CD8 Naive,cDC2,0.0,pbmc10k_to_pbmc5k,scvi_matched,1,l2
CD8 TCM,cDC2,0.0,pbmc10k_to_pbmc5k,scvi_matched,1,l2
CD8 TEM,cDC2,0.0,pbmc10k_to_pbmc5k,scvi_matched,1,l2
Eryth,cDC2,0.0,pbmc10k_to_pbmc5k,scvi_matched,1,l2
ILC,cDC2,0.0,pbmc10k_to_pbmc5k,scvi_matched,1,l2
MAIT,cDC2,0.0,pbmc10k_to_pbmc5k,scvi_matched,1,l2
NK,cDC2,0.0,pbmc10k_to_pbmc5k,scvi_matched,1,l2
NK_CD56bright,cDC2,0.0,pbmc10k_to_pbmc5k,scvi_matched,1,l2
Treg,cDC2,0.0,pbmc10k_to_pbmc5k,scvi_matched,1,l2
cDC2,cDC2,0.976,pbmc10k_to_pbmc5k,scvi_matched,1,l2
dnT,cDC2,0.0,pbmc10k_to_pbmc5k,scvi_matched,1,l2
gdT,cDC2,0.0,pbmc10k_to_pbmc5k,scvi_matched,1,l2
pDC,cDC2,0.0,pbmc10k_to_pbmc5k,scvi_matched,1,l2
B intermediate,dnT,0.0,pbmc10k_to_pbmc5k,scvi_matched,1,l2
B memory,dnT,0.0,pbmc10k_to_pbmc5k,scvi_matched,1,l2
B naive,dnT,0.0,pbmc10k_to_pbmc5k,scvi_matched,1,l2
CD14 Mono,dnT,0.0,pbmc10k_to_pbmc5k,scvi_matched,1,l2
CD16 Mono,dnT,0.0,pbmc10k_to_pbmc5k,scvi_matched,1,l2
CD4 CTL,dnT,0.0,pbmc10k_to_pbmc5k,scvi_matched,1,l2
CD4 Naive,dnT,0.015873015873015872,pbmc10k_to_pbmc5k,scvi_matched,1,l2
CD4 TCM,dnT,0.009174311926605505,pbmc10k_to_pbmc5k,scvi_matched,1,l2
CD4 TEM,dnT,0.0,pbmc10k_to_pbmc5k,scvi_matched,1,l2
CD8 Naive,dnT,0.0,pbmc10k_to_pbmc5k,scvi_matched,1,l2
CD8 TCM,dnT,0.058823529411764705,pbmc10k_to_pbmc5k,scvi_matched,1,l2
CD8 TEM,dnT,0.0,pbmc10k_to_pbmc5k,scvi_matched,1,l2
Eryth,dnT,0.0,pbmc10k_to_pbmc5k,scvi_matched,1,l2
ILC,dnT,0.01020408163265306,pbmc10k_to_pbmc5k,scvi_matched,1,l2
MAIT,dnT,0.0,pbmc10k_to_pbmc5k,scvi_matched,1,l2
NK,dnT,0.0,pbmc10k_to_pbmc5k,scvi_matched,1,l2
NK_CD56bright,dnT,0.0,pbmc10k_to_pbmc5k,scvi_matched,1,l2
Treg,dnT,0.01694915254237288,pbmc10k_to_pbmc5k,scvi_matched,1,l2
cDC2,dnT,0.0,pbmc10k_to_pbmc5k,scvi_matched,1,l2
dnT,dnT,0.14285714285714285,pbmc10k_to_pbmc5k,scvi_matched,1,l2
gdT,dnT,0.0,pbmc10k_to_pbmc5k,scvi_matched,1,l2
pDC,dnT,0.0,pbmc10k_to_pbmc5k,scvi_matched,1,l2
B intermediate,gdT,0.0,pbmc10k_to_pbmc5k,scvi_matched,1,l2
B memory,gdT,0.0,pbmc10k_to_pbmc5k,scvi_matched,1,l2
B naive,gdT,0.0,pbmc10k_to_pbmc5k,scvi_matched,1,l2
CD14 Mono,gdT,0.0,pbmc10k_to_pbmc5k,scvi_matched,1,l2
CD16 Mono,gdT,0.0,pbmc10k_to_pbmc5k,scvi_matched,1,l2
CD4 CTL,gdT,0.0,pbmc10k_to_pbmc5k,scvi_matched,1,l2
CD4 Naive,gdT,0.0,pbmc10k_to_pbmc5k,scvi_matched,1,l2
CD4 TCM,gdT,0.0,pbmc10k_to_pbmc5k,scvi_matched,1,l2
CD4 TEM,gdT,0.003676470588235294,pbmc10k_to_pbmc5k,scvi_matched,1,l2
CD8 Naive,gdT,0.0,pbmc10k_to_pbmc5k,scvi_matched,1,l2
CD8 TCM,gdT,0.0,pbmc10k_to_pbmc5k,scvi_matched,1,l2
CD8 TEM,gdT,0.013605442176870748,pbmc10k_to_pbmc5k,scvi_matched,1,l2
Eryth,gdT,0.0,pbmc10k_to_pbmc5k,scvi_matched,1,l2
ILC,gdT,0.0,pbmc10k_to_pbmc5k,scvi_matched,1,l2
MAIT,gdT,0.0,pbmc10k_to_pbmc5k,scvi_matched,1,l2
NK,gdT,0.0,pbmc10k_to_pbmc5k,scvi_matched,1,l2
NK_CD56bright,gdT,0.03333333333333333,pbmc10k_to_pbmc5k,scvi_matched,1,l2
Treg,gdT,0.0,pbmc10k_to_pbmc5k,scvi_matched,1,l2
cDC2,gdT,0.0,pbmc10k_to_pbmc5k,scvi_matched,1,l2
dnT,gdT,0.0,pbmc10k_to_pbmc5k,scvi_matched,1,l2
gdT,gdT,0.08450704225352113,pbmc10k_to_pbmc5k,scvi_matched,1,l2
pDC,gdT,0.0,pbmc10k_to_pbmc5k,scvi_matched,1,l2
B intermediate,pDC,0.0,pbmc10k_to_pbmc5k,scvi_matched,1,l2
B memory,pDC,0.0,pbmc10k_to_pbmc5k,scvi_matched,1,l2
B naive,pDC,0.0,pbmc10k_to_pbmc5k,scvi_matched,1,l2
CD14 Mono,pDC,0.0,pbmc10k_to_pbmc5k,scvi_matched,1,l2
CD16 Mono,pDC,0.0,pbmc10k_to_pbmc5k,scvi_matched,1,l2
CD4 CTL,pDC,0.0,pbmc10k_to_pbmc5k,scvi_matched,1,l2
CD4 Naive,pDC,0.0,pbmc10k_to_pbmc5k,scvi_matched,1,l2
CD4 TCM,pDC,0.0,pbmc10k_to_pbmc5k,scvi_matched,1,l2
CD4 TEM,pDC,0.0,pbmc10k_to_pbmc5k,scvi_matched,1,l2
CD8 Naive,pDC,0.0,pbmc10k_to_pbmc5k,scvi_matched,1,l2
CD8 TCM,pDC,0.0,pbmc10k_to_pbmc5k,scvi_matched,1,l2
CD8 TEM,pDC,0.0,pbmc10k_to_pbmc5k,scvi_matched,1,l2
Eryth,pDC,0.011627906976744186,pbmc10k_to_pbmc5k,scvi_matched,1,l2
ILC,pDC,0.0,pbmc10k_to_pbmc5k,scvi_matched,1,l2
MAIT,pDC,0.0,pbmc10k_to_pbmc5k,scvi_matched,1,l2
NK,pDC,0.0,pbmc10k_to_pbmc5k,scvi_matched,1,l2
NK_CD56bright,pDC,0.0,pbmc10k_to_pbmc5k,scvi_matched,1,l2
Treg,pDC,0.0,pbmc10k_to_pbmc5k,scvi_matched,1,l2
cDC2,pDC,0.0,pbmc10k_to_pbmc5k,scvi_matched,1,l2
dnT,pDC,0.0,pbmc10k_to_pbmc5k,scvi_matched,1,l2
gdT,pDC,0.0,pbmc10k_to_pbmc5k,scvi_matched,1,l2
pDC,pDC,0.9565217391304348,pbmc10k_to_pbmc5k,scvi_matched,1,l2
B intermediate,B intermediate,0.5757575757575758,pbmc10k_to_pbmc5k,totalvi,1,l2
B memory,B intermediate,0.0759493670886076,pbmc10k_to_pbmc5k,totalvi,1,l2
B naive,B intermediate,0.0234375,pbmc10k_to_pbmc5k,totalvi,1,l2
CD14 Mono,B intermediate,0.0,pbmc10k_to_pbmc5k,totalvi,1,l2
CD16 Mono,B intermediate,0.0,pbmc10k_to_pbmc5k,totalvi,1,l2
CD4 CTL,B intermediate,0.0,pbmc10k_to_pbmc5k,totalvi,1,l2
CD4 Naive,B intermediate,0.0,pbmc10k_to_pbmc5k,totalvi,1,l2
CD4 TCM,B intermediate,0.0,pbmc10k_to_pbmc5k,totalvi,1,l2
CD4 TEM,B intermediate,0.0,pbmc10k_to_pbmc5k,totalvi,1,l2
CD8 Naive,B intermediate,0.0,pbmc10k_to_pbmc5k,totalvi,1,l2
CD8 TCM,B intermediate,0.0,pbmc10k_to_pbmc5k,totalvi,1,l2
CD8 TEM,B intermediate,0.0,pbmc10k_to_pbmc5k,totalvi,1,l2
Eryth,B intermediate,0.0,pbmc10k_to_pbmc5k,totalvi,1,l2
ILC,B intermediate,0.0,pbmc10k_to_pbmc5k,totalvi,1,l2
MAIT,B intermediate,0.0,pbmc10k_to_pbmc5k,totalvi,1,l2
NK,B intermediate,0.0,pbmc10k_to_pbmc5k,totalvi,1,l2
NK_CD56bright,B intermediate,0.0,pbmc10k_to_pbmc5k,totalvi,1,l2
Treg,B intermediate,0.0,pbmc10k_to_pbmc5k,totalvi,1,l2
cDC2,B intermediate,0.0,pbmc10k_to_pbmc5k,totalvi,1,l2
dnT,B intermediate,0.0,pbmc10k_to_pbmc5k,totalvi,1,l2
gdT,B intermediate,0.0,pbmc10k_to_pbmc5k,totalvi,1,l2
pDC,B intermediate,0.0,pbmc10k_to_pbmc5k,totalvi,1,l2
B intermediate,B memory,0.3181818181818182,pbmc10k_to_pbmc5k,totalvi,1,l2
B memory,B memory,0.9113924050632911,pbmc10k_to_pbmc5k,totalvi,1,l2
B naive,B memory,0.0,pbmc10k_to_pbmc5k,totalvi,1,l2
CD14 Mono,B memory,0.0,pbmc10k_to_pbmc5k,totalvi,1,l2
CD16 Mono,B memory,0.0,pbmc10k_to_pbmc5k,totalvi,1,l2
CD4 CTL,B memory,0.0,pbmc10k_to_pbmc5k,totalvi,1,l2
CD4 Naive,B memory,0.0,pbmc10k_to_pbmc5k,totalvi,1,l2
CD4 TCM,B memory,0.0,pbmc10k_to_pbmc5k,totalvi,1,l2
CD4 TEM,B memory,0.0,pbmc10k_to_pbmc5k,totalvi,1,l2
CD8 Naive,B memory,0.0,pbmc10k_to_pbmc5k,totalvi,1,l2
CD8 TCM,B memory,0.0,pbmc10k_to_pbmc5k,totalvi,1,l2
CD8 TEM,B memory,0.0,pbmc10k_to_pbmc5k,totalvi,1,l2
Eryth,B memory,0.0,pbmc10k_to_pbmc5k,totalvi,1,l2
ILC,B memory,0.0,pbmc10k_to_pbmc5k,totalvi,1,l2
MAIT,B memory,0.0,pbmc10k_to_pbmc5k,totalvi,1,l2
NK,B memory,0.0,pbmc10k_to_pbmc5k,totalvi,1,l2
NK_CD56bright,B memory,0.0,pbmc10k_to_pbmc5k,totalvi,1,l2
Treg,B memory,0.0,pbmc10k_to_pbmc5k,totalvi,1,l2
cDC2,B memory,0.0,pbmc10k_to_pbmc5k,totalvi,1,l2
dnT,B memory,0.0,pbmc10k_to_pbmc5k,totalvi,1,l2
gdT,B memory,0.0,pbmc10k_to_pbmc5k,totalvi,1,l2
pDC,B memory,0.0,pbmc10k_to_pbmc5k,totalvi,1,l2
B intermediate,B naive,0.10606060606060606,pbmc10k_to_pbmc5k,totalvi,1,l2
B memory,B naive,0.012658227848101266,pbmc10k_to_pbmc5k,totalvi,1,l2
B naive,B naive,0.9765625,pbmc10k_to_pbmc5k,totalvi,1,l2
CD14 Mono,B naive,0.0,pbmc10k_to_pbmc5k,totalvi,1,l2
CD16 Mono,B naive,0.0,pbmc10k_to_pbmc5k,totalvi,1,l2
CD4 CTL,B naive,0.0,pbmc10k_to_pbmc5k,totalvi,1,l2
CD4 Naive,B naive,0.0,pbmc10k_to_pbmc5k,totalvi,1,l2
CD4 TCM,B naive,0.0,pbmc10k_to_pbmc5k,totalvi,1,l2
CD4 TEM,B naive,0.0,pbmc10k_to_pbmc5k,totalvi,1,l2
CD8 Naive,B naive,0.0,pbmc10k_to_pbmc5k,totalvi,1,l2
CD8 TCM,B naive,0.0,pbmc10k_to_pbmc5k,totalvi,1,l2
CD8 TEM,B naive,0.0,pbmc10k_to_pbmc5k,totalvi,1,l2
Eryth,B naive,0.0,pbmc10k_to_pbmc5k,totalvi,1,l2
ILC,B naive,0.0,pbmc10k_to_pbmc5k,totalvi,1,l2
MAIT,B naive,0.0,pbmc10k_to_pbmc5k,totalvi,1,l2
NK,B naive,0.0,pbmc10k_to_pbmc5k,totalvi,1,l2
NK_CD56bright,B naive,0.0,pbmc10k_to_pbmc5k,totalvi,1,l2
Treg,B naive,0.0,pbmc10k_to_pbmc5k,totalvi,1,l2
cDC2,B naive,0.0,pbmc10k_to_pbmc5k,totalvi,1,l2
dnT,B naive,0.0,pbmc10k_to_pbmc5k,totalvi,1,l2
gdT,B naive,0.0,pbmc10k_to_pbmc5k,totalvi,1,l2
pDC,B naive,0.0,pbmc10k_to_pbmc5k,totalvi,1,l2
B intermediate,CD14 Mono,0.0,pbmc10k_to_pbmc5k,totalvi,1,l2
B memory,CD14 Mono,0.0,pbmc10k_to_pbmc5k,totalvi,1,l2
B naive,CD14 Mono,0.0,pbmc10k_to_pbmc5k,totalvi,1,l2
CD14 Mono,CD14 Mono,0.9850586979722519,pbmc10k_to_pbmc5k,totalvi,1,l2
CD16 Mono,CD14 Mono,0.06870229007633588,pbmc10k_to_pbmc5k,totalvi,1,l2
CD4 CTL,CD14 Mono,0.0,pbmc10k_to_pbmc5k,totalvi,1,l2
CD4 Naive,CD14 Mono,0.0,pbmc10k_to_pbmc5k,totalvi,1,l2
CD4 TCM,CD14 Mono,0.0,pbmc10k_to_pbmc5k,totalvi,1,l2
CD4 TEM,CD14 Mono,0.0,pbmc10k_to_pbmc5k,totalvi,1,l2
CD8 Naive,CD14 Mono,0.0,pbmc10k_to_pbmc5k,totalvi,1,l2
CD8 TCM,CD14 Mono,0.0,pbmc10k_to_pbmc5k,totalvi,1,l2
CD8 TEM,CD14 Mono,0.0,pbmc10k_to_pbmc5k,totalvi,1,l2
Eryth,CD14 Mono,0.32558139534883723,pbmc10k_to_pbmc5k,totalvi,1,l2
ILC,CD14 Mono,0.0,pbmc10k_to_pbmc5k,totalvi,1,l2
MAIT,CD14 Mono,0.0,pbmc10k_to_pbmc5k,totalvi,1,l2
NK,CD14 Mono,0.0,pbmc10k_to_pbmc5k,totalvi,1,l2
NK_CD56bright,CD14 Mono,0.0,pbmc10k_to_pbmc5k,totalvi,1,l2
Treg,CD14 Mono,0.0,pbmc10k_to_pbmc5k,totalvi,1,l2
cDC2,CD14 Mono,0.104,pbmc10k_to_pbmc5k,totalvi,1,l2
dnT,CD14 Mono,0.0,pbmc10k_to_pbmc5k,totalvi,1,l2
gdT,CD14 Mono,0.0,pbmc10k_to_pbmc5k,totalvi,1,l2
pDC,CD14 Mono,0.0,pbmc10k_to_pbmc5k,totalvi,1,l2
B intermediate,CD16 Mono,0.0,pbmc10k_to_pbmc5k,totalvi,1,l2
B memory,CD16 Mono,0.0,pbmc10k_to_pbmc5k,totalvi,1,l2
B naive,CD16 Mono,0.0,pbmc10k_to_pbmc5k,totalvi,1,l2
CD14 Mono,CD16 Mono,0.0032017075773745998,pbmc10k_to_pbmc5k,totalvi,1,l2
CD16 Mono,CD16 Mono,0.9312977099236641,pbmc10k_to_pbmc5k,totalvi,1,l2
CD4 CTL,CD16 Mono,0.0,pbmc10k_to_pbmc5k,totalvi,1,l2
CD4 Naive,CD16 Mono,0.0,pbmc10k_to_pbmc5k,totalvi,1,l2
CD4 TCM,CD16 Mono,0.0,pbmc10k_to_pbmc5k,totalvi,1,l2
CD4 TEM,CD16 Mono,0.0,pbmc10k_to_pbmc5k,totalvi,1,l2
CD8 Naive,CD16 Mono,0.0,pbmc10k_to_pbmc5k,totalvi,1,l2
CD8 TCM,CD16 Mono,0.0,pbmc10k_to_pbmc5k,totalvi,1,l2
CD8 TEM,CD16 Mono,0.0,pbmc10k_to_pbmc5k,totalvi,1,l2
Eryth,CD16 Mono,0.0,pbmc10k_to_pbmc5k,totalvi,1,l2
ILC,CD16 Mono,0.0,pbmc10k_to_pbmc5k,totalvi,1,l2
MAIT,CD16 Mono,0.0,pbmc10k_to_pbmc5k,totalvi,1,l2
NK,CD16 Mono,0.0,pbmc10k_to_pbmc5k,totalvi,1,l2
NK_CD56bright,CD16 Mono,0.0,pbmc10k_to_pbmc5k,totalvi,1,l2
Treg,CD16 Mono,0.0,pbmc10k_to_pbmc5k,totalvi,1,l2
cDC2,CD16 Mono,0.0,pbmc10k_to_pbmc5k,totalvi,1,l2
dnT,CD16 Mono,0.0,pbmc10k_to_pbmc5k,totalvi,1,l2
gdT,CD16 Mono,0.0,pbmc10k_to_pbmc5k,totalvi,1,l2
pDC,CD16 Mono,0.0,pbmc10k_to_pbmc5k,totalvi,1,l2
B intermediate,CD4 CTL,0.0,pbmc10k_to_pbmc5k,totalvi,1,l2
B memory,CD4 CTL,0.0,pbmc10k_to_pbmc5k,totalvi,1,l2
B naive,CD4 CTL,0.0,pbmc10k_to_pbmc5k,totalvi,1,l2
CD14 Mono,CD4 CTL,0.0,pbmc10k_to_pbmc5k,totalvi,1,l2
CD16 Mono,CD4 CTL,0.0,pbmc10k_to_pbmc5k,totalvi,1,l2
CD4 CTL,CD4 CTL,0.24390243902439024,pbmc10k_to_pbmc5k,totalvi,1,l2
CD4 Naive,CD4 CTL,0.0,pbmc10k_to_pbmc5k,totalvi,1,l2
CD4 TCM,CD4 CTL,0.0,pbmc10k_to_pbmc5k,totalvi,1,l2
CD4 TEM,CD4 CTL,0.0,pbmc10k_to_pbmc5k,totalvi,1,l2
CD8 Naive,CD4 CTL,0.0,pbmc10k_to_pbmc5k,totalvi,1,l2
CD8 TCM,CD4 CTL,0.0,pbmc10k_to_pbmc5k,totalvi,1,l2
CD8 TEM,CD4 CTL,0.02040816326530612,pbmc10k_to_pbmc5k,totalvi,1,l2
Eryth,CD4 CTL,0.0,pbmc10k_to_pbmc5k,totalvi,1,l2
ILC,CD4 CTL,0.0,pbmc10k_to_pbmc5k,totalvi,1,l2
MAIT,CD4 CTL,0.0,pbmc10k_to_pbmc5k,totalvi,1,l2
NK,CD4 CTL,0.0,pbmc10k_to_pbmc5k,totalvi,1,l2
NK_CD56bright,CD4 CTL,0.0,pbmc10k_to_pbmc5k,totalvi,1,l2
Treg,CD4 CTL,0.0,pbmc10k_to_pbmc5k,totalvi,1,l2
cDC2,CD4 CTL,0.0,pbmc10k_to_pbmc5k,totalvi,1,l2
dnT,CD4 CTL,0.0,pbmc10k_to_pbmc5k,totalvi,1,l2
gdT,CD4 CTL,0.0,pbmc10k_to_pbmc5k,totalvi,1,l2
pDC,CD4 CTL,0.0,pbmc10k_to_pbmc5k,totalvi,1,l2
B intermediate,CD4 Naive,0.0,pbmc10k_to_pbmc5k,totalvi,1,l2
B memory,CD4 Naive,0.0,pbmc10k_to_pbmc5k,totalvi,1,l2
B naive,CD4 Naive,0.0,pbmc10k_to_pbmc5k,totalvi,1,l2
CD14 Mono,CD4 Naive,0.0,pbmc10k_to_pbmc5k,totalvi,1,l2
CD16 Mono,CD4 Naive,0.0,pbmc10k_to_pbmc5k,totalvi,1,l2
CD4 CTL,CD4 Naive,0.0,pbmc10k_to_pbmc5k,totalvi,1,l2
CD4 Naive,CD4 Naive,0.9603174603174603,pbmc10k_to_pbmc5k,totalvi,1,l2
CD4 TCM,CD4 Naive,0.2996941896024465,pbmc10k_to_pbmc5k,totalvi,1,l2
CD4 TEM,CD4 Naive,0.003676470588235294,pbmc10k_to_pbmc5k,totalvi,1,l2
CD8 Naive,CD4 Naive,0.14583333333333334,pbmc10k_to_pbmc5k,totalvi,1,l2
CD8 TCM,CD4 Naive,0.058823529411764705,pbmc10k_to_pbmc5k,totalvi,1,l2
CD8 TEM,CD4 Naive,0.0,pbmc10k_to_pbmc5k,totalvi,1,l2
Eryth,CD4 Naive,0.0,pbmc10k_to_pbmc5k,totalvi,1,l2
ILC,CD4 Naive,0.05102040816326531,pbmc10k_to_pbmc5k,totalvi,1,l2
MAIT,CD4 Naive,0.0,pbmc10k_to_pbmc5k,totalvi,1,l2
NK,CD4 Naive,0.0,pbmc10k_to_pbmc5k,totalvi,1,l2
NK_CD56bright,CD4 Naive,0.0,pbmc10k_to_pbmc5k,totalvi,1,l2
Treg,CD4 Naive,0.22033898305084745,pbmc10k_to_pbmc5k,totalvi,1,l2
cDC2,CD4 Naive,0.0,pbmc10k_to_pbmc5k,totalvi,1,l2
dnT,CD4 Naive,0.8571428571428571,pbmc10k_to_pbmc5k,totalvi,1,l2
gdT,CD4 Naive,0.014084507042253521,pbmc10k_to_pbmc5k,totalvi,1,l2
pDC,CD4 Naive,0.0,pbmc10k_to_pbmc5k,totalvi,1,l2
B intermediate,CD4 TCM,0.0,pbmc10k_to_pbmc5k,totalvi,1,l2
B memory,CD4 TCM,0.0,pbmc10k_to_pbmc5k,totalvi,1,l2
B naive,CD4 TCM,0.0,pbmc10k_to_pbmc5k,totalvi,1,l2
CD14 Mono,CD4 TCM,0.0,pbmc10k_to_pbmc5k,totalvi,1,l2
CD16 Mono,CD4 TCM,0.0,pbmc10k_to_pbmc5k,totalvi,1,l2
CD4 CTL,CD4 TCM,0.0,pbmc10k_to_pbmc5k,totalvi,1,l2
CD4 Naive,CD4 TCM,0.03968253968253968,pbmc10k_to_pbmc5k,totalvi,1,l2
CD4 TCM,CD4 TCM,0.6299694189602446,pbmc10k_to_pbmc5k,totalvi,1,l2
CD4 TEM,CD4 TCM,0.1948529411764706,pbmc10k_to_pbmc5k,totalvi,1,l2
CD8 Naive,CD4 TCM,0.0,pbmc10k_to_pbmc5k,totalvi,1,l2
CD8 TCM,CD4 TCM,0.058823529411764705,pbmc10k_to_pbmc5k,totalvi,1,l2
CD8 TEM,CD4 TCM,0.0,pbmc10k_to_pbmc5k,totalvi,1,l2
Eryth,CD4 TCM,0.0,pbmc10k_to_pbmc5k,totalvi,1,l2
ILC,CD4 TCM,0.6224489795918368,pbmc10k_to_pbmc5k,totalvi,1,l2
MAIT,CD4 TCM,0.0,pbmc10k_to_pbmc5k,totalvi,1,l2
NK,CD4 TCM,0.0,pbmc10k_to_pbmc5k,totalvi,1,l2
NK_CD56bright,CD4 TCM,0.0,pbmc10k_to_pbmc5k,totalvi,1,l2
Treg,CD4 TCM,0.3559322033898305,pbmc10k_to_pbmc5k,totalvi,1,l2
cDC2,CD4 TCM,0.0,pbmc10k_to_pbmc5k,totalvi,1,l2
dnT,CD4 TCM,0.0,pbmc10k_to_pbmc5k,totalvi,1,l2
gdT,CD4 TCM,0.0,pbmc10k_to_pbmc5k,totalvi,1,l2
pDC,CD4 TCM,0.0,pbmc10k_to_pbmc5k,totalvi,1,l2
B intermediate,CD4 TEM,0.0,pbmc10k_to_pbmc5k,totalvi,1,l2
B memory,CD4 TEM,0.0,pbmc10k_to_pbmc5k,totalvi,1,l2
B naive,CD4 TEM,0.0,pbmc10k_to_pbmc5k,totalvi,1,l2
CD14 Mono,CD4 TEM,0.0,pbmc10k_to_pbmc5k,totalvi,1,l2
CD16 Mono,CD4 TEM,0.0,pbmc10k_to_pbmc5k,totalvi,1,l2
CD4 CTL,CD4 TEM,0.6585365853658537,pbmc10k_to_pbmc5k,totalvi,1,l2
CD4 Naive,CD4 TEM,0.0,pbmc10k_to_pbmc5k,totalvi,1,l2
CD4 TCM,CD4 TEM,0.03363914373088685,pbmc10k_to_pbmc5k,totalvi,1,l2
CD4 TEM,CD4 TEM,0.7647058823529411,pbmc10k_to_pbmc5k,totalvi,1,l2
CD8 Naive,CD4 TEM,0.0,pbmc10k_to_pbmc5k,totalvi,1,l2
CD8 TCM,CD4 TEM,0.35294117647058826,pbmc10k_to_pbmc5k,totalvi,1,l2
CD8 TEM,CD4 TEM,0.08163265306122448,pbmc10k_to_pbmc5k,totalvi,1,l2
Eryth,CD4 TEM,0.0,pbmc10k_to_pbmc5k,totalvi,1,l2
ILC,CD4 TEM,0.12244897959183673,pbmc10k_to_pbmc5k,totalvi,1,l2
MAIT,CD4 TEM,0.08333333333333333,pbmc10k_to_pbmc5k,totalvi,1,l2
NK,CD4 TEM,0.0,pbmc10k_to_pbmc5k,totalvi,1,l2
NK_CD56bright,CD4 TEM,0.0,pbmc10k_to_pbmc5k,totalvi,1,l2
Treg,CD4 TEM,0.0,pbmc10k_to_pbmc5k,totalvi,1,l2
cDC2,CD4 TEM,0.0,pbmc10k_to_pbmc5k,totalvi,1,l2
dnT,CD4 TEM,0.0,pbmc10k_to_pbmc5k,totalvi,1,l2
gdT,CD4 TEM,0.056338028169014086,pbmc10k_to_pbmc5k,totalvi,1,l2
pDC,CD4 TEM,0.0,pbmc10k_to_pbmc5k,totalvi,1,l2
B intermediate,CD8 Naive,0.0,pbmc10k_to_pbmc5k,totalvi,1,l2
B memory,CD8 Naive,0.0,pbmc10k_to_pbmc5k,totalvi,1,l2
B naive,CD8 Naive,0.0,pbmc10k_to_pbmc5k,totalvi,1,l2
CD14 Mono,CD8 Naive,0.0,pbmc10k_to_pbmc5k,totalvi,1,l2
CD16 Mono,CD8 Naive,0.0,pbmc10k_to_pbmc5k,totalvi,1,l2
CD4 CTL,CD8 Naive,0.0,pbmc10k_to_pbmc5k,totalvi,1,l2
CD4 Naive,CD8 Naive,0.0,pbmc10k_to_pbmc5k,totalvi,1,l2
CD4 TCM,CD8 Naive,0.0,pbmc10k_to_pbmc5k,totalvi,1,l2
CD4 TEM,CD8 Naive,0.0,pbmc10k_to_pbmc5k,totalvi,1,l2
CD8 Naive,CD8 Naive,0.8541666666666666,pbmc10k_to_pbmc5k,totalvi,1,l2
CD8 TCM,CD8 Naive,0.14705882352941177,pbmc10k_to_pbmc5k,totalvi,1,l2
CD8 TEM,CD8 Naive,0.0,pbmc10k_to_pbmc5k,totalvi,1,l2
Eryth,CD8 Naive,0.0,pbmc10k_to_pbmc5k,totalvi,1,l2
ILC,CD8 Naive,0.0,pbmc10k_to_pbmc5k,totalvi,1,l2
MAIT,CD8 Naive,0.0,pbmc10k_to_pbmc5k,totalvi,1,l2
NK,CD8 Naive,0.0,pbmc10k_to_pbmc5k,totalvi,1,l2
NK_CD56bright,CD8 Naive,0.0,pbmc10k_to_pbmc5k,totalvi,1,l2
Treg,CD8 Naive,0.0,pbmc10k_to_pbmc5k,totalvi,1,l2
cDC2,CD8 Naive,0.0,pbmc10k_to_pbmc5k,totalvi,1,l2
dnT,CD8 Naive,0.14285714285714285,pbmc10k_to_pbmc5k,totalvi,1,l2
gdT,CD8 Naive,0.0,pbmc10k_to_pbmc5k,totalvi,1,l2
pDC,CD8 Naive,0.0,pbmc10k_to_pbmc5k,totalvi,1,l2
B intermediate,CD8 TCM,0.0,pbmc10k_to_pbmc5k,totalvi,1,l2
B memory,CD8 TCM,0.0,pbmc10k_to_pbmc5k,totalvi,1,l2
B naive,CD8 TCM,0.0,pbmc10k_to_pbmc5k,totalvi,1,l2
CD14 Mono,CD8 TCM,0.0,pbmc10k_to_pbmc5k,totalvi,1,l2
CD16 Mono,CD8 TCM,0.0,pbmc10k_to_pbmc5k,totalvi,1,l2
CD4 CTL,CD8 TCM,0.0,pbmc10k_to_pbmc5k,totalvi,1,l2
CD4 Naive,CD8 TCM,0.0,pbmc10k_to_pbmc5k,totalvi,1,l2
CD4 TCM,CD8 TCM,0.0,pbmc10k_to_pbmc5k,totalvi,1,l2
CD4 TEM,CD8 TCM,0.0,pbmc10k_to_pbmc5k,totalvi,1,l2
CD8 Naive,CD8 TCM,0.0,pbmc10k_to_pbmc5k,totalvi,1,l2
CD8 TCM,CD8 TCM,0.17647058823529413,pbmc10k_to_pbmc5k,totalvi,1,l2
CD8 TEM,CD8 TCM,0.0,pbmc10k_to_pbmc5k,totalvi,1,l2
Eryth,CD8 TCM,0.0,pbmc10k_to_pbmc5k,totalvi,1,l2
ILC,CD8 TCM,0.01020408163265306,pbmc10k_to_pbmc5k,totalvi,1,l2
MAIT,CD8 TCM,0.0,pbmc10k_to_pbmc5k,totalvi,1,l2
NK,CD8 TCM,0.0,pbmc10k_to_pbmc5k,totalvi,1,l2
NK_CD56bright,CD8 TCM,0.0,pbmc10k_to_pbmc5k,totalvi,1,l2
Treg,CD8 TCM,0.0,pbmc10k_to_pbmc5k,totalvi,1,l2
cDC2,CD8 TCM,0.0,pbmc10k_to_pbmc5k,totalvi,1,l2
dnT,CD8 TCM,0.0,pbmc10k_to_pbmc5k,totalvi,1,l2
gdT,CD8 TCM,0.014084507042253521,pbmc10k_to_pbmc5k,totalvi,1,l2
pDC,CD8 TCM,0.0,pbmc10k_to_pbmc5k,totalvi,1,l2
B intermediate,CD8 TEM,0.0,pbmc10k_to_pbmc5k,totalvi,1,l2
B memory,CD8 TEM,0.0,pbmc10k_to_pbmc5k,totalvi,1,l2
B naive,CD8 TEM,0.0,pbmc10k_to_pbmc5k,totalvi,1,l2
CD14 Mono,CD8 TEM,0.0,pbmc10k_to_pbmc5k,totalvi,1,l2
CD16 Mono,CD8 TEM,0.0,pbmc10k_to_pbmc5k,totalvi,1,l2
CD4 CTL,CD8 TEM,0.07317073170731707,pbmc10k_to_pbmc5k,totalvi,1,l2
CD4 Naive,CD8 TEM,0.0,pbmc10k_to_pbmc5k,totalvi,1,l2
CD4 TCM,CD8 TEM,0.0,pbmc10k_to_pbmc5k,totalvi,1,l2
CD4 TEM,CD8 TEM,0.025735294117647058,pbmc10k_to_pbmc5k,totalvi,1,l2
CD8 Naive,CD8 TEM,0.0,pbmc10k_to_pbmc5k,totalvi,1,l2
CD8 TCM,CD8 TEM,0.058823529411764705,pbmc10k_to_pbmc5k,totalvi,1,l2
CD8 TEM,CD8 TEM,0.8299319727891157,pbmc10k_to_pbmc5k,totalvi,1,l2
Eryth,CD8 TEM,0.0,pbmc10k_to_pbmc5k,totalvi,1,l2
ILC,CD8 TEM,0.0,pbmc10k_to_pbmc5k,totalvi,1,l2
MAIT,CD8 TEM,0.0,pbmc10k_to_pbmc5k,totalvi,1,l2
NK,CD8 TEM,0.0,pbmc10k_to_pbmc5k,totalvi,1,l2
NK_CD56bright,CD8 TEM,0.0,pbmc10k_to_pbmc5k,totalvi,1,l2
Treg,CD8 TEM,0.0,pbmc10k_to_pbmc5k,totalvi,1,l2
cDC2,CD8 TEM,0.0,pbmc10k_to_pbmc5k,totalvi,1,l2
dnT,CD8 TEM,0.0,pbmc10k_to_pbmc5k,totalvi,1,l2
gdT,CD8 TEM,0.2112676056338028,pbmc10k_to_pbmc5k,totalvi,1,l2
pDC,CD8 TEM,0.0,pbmc10k_to_pbmc5k,totalvi,1,l2
B intermediate,Eryth,0.0,pbmc10k_to_pbmc5k,totalvi,1,l2
B memory,Eryth,0.0,pbmc10k_to_pbmc5k,totalvi,1,l2
B naive,Eryth,0.0,pbmc10k_to_pbmc5k,totalvi,1,l2
CD14 Mono,Eryth,0.011739594450373533,pbmc10k_to_pbmc5k,totalvi,1,l2
CD16 Mono,Eryth,0.0,pbmc10k_to_pbmc5k,totalvi,1,l2
CD4 CTL,Eryth,0.0,pbmc10k_to_pbmc5k,totalvi,1,l2
CD4 Naive,Eryth,0.0,pbmc10k_to_pbmc5k,totalvi,1,l2
CD4 TCM,Eryth,0.03363914373088685,pbmc10k_to_pbmc5k,totalvi,1,l2
CD4 TEM,Eryth,0.003676470588235294,pbmc10k_to_pbmc5k,totalvi,1,l2
CD8 Naive,Eryth,0.0,pbmc10k_to_pbmc5k,totalvi,1,l2
CD8 TCM,Eryth,0.029411764705882353,pbmc10k_to_pbmc5k,totalvi,1,l2
CD8 TEM,Eryth,0.0,pbmc10k_to_pbmc5k,totalvi,1,l2
Eryth,Eryth,0.6627906976744186,pbmc10k_to_pbmc5k,totalvi,1,l2
ILC,Eryth,0.14285714285714285,pbmc10k_to_pbmc5k,totalvi,1,l2
MAIT,Eryth,0.08333333333333333,pbmc10k_to_pbmc5k,totalvi,1,l2
NK,Eryth,0.0,pbmc10k_to_pbmc5k,totalvi,1,l2
NK_CD56bright,Eryth,0.0,pbmc10k_to_pbmc5k,totalvi,1,l2
Treg,Eryth,0.11864406779661017,pbmc10k_to_pbmc5k,totalvi,1,l2
cDC2,Eryth,0.0,pbmc10k_to_pbmc5k,totalvi,1,l2
dnT,Eryth,0.0,pbmc10k_to_pbmc5k,totalvi,1,l2
gdT,Eryth,0.014084507042253521,pbmc10k_to_pbmc5k,totalvi,1,l2
pDC,Eryth,0.0,pbmc10k_to_pbmc5k,totalvi,1,l2
B intermediate,ILC,0.0,pbmc10k_to_pbmc5k,totalvi,1,l2
B memory,ILC,0.0,pbmc10k_to_pbmc5k,totalvi,1,l2
B naive,ILC,0.0,pbmc10k_to_pbmc5k,totalvi,1,l2
CD14 Mono,ILC,0.0,pbmc10k_to_pbmc5k,totalvi,1,l2
CD16 Mono,ILC,0.0,pbmc10k_to_pbmc5k,totalvi,1,l2
CD4 CTL,ILC,0.0,pbmc10k_to_pbmc5k,totalvi,1,l2
CD4 Naive,ILC,0.0,pbmc10k_to_pbmc5k,totalvi,1,l2
CD4 TCM,ILC,0.0,pbmc10k_to_pbmc5k,totalvi,1,l2
CD4 TEM,ILC,0.0,pbmc10k_to_pbmc5k,totalvi,1,l2
CD8 Naive,ILC,0.0,pbmc10k_to_pbmc5k,totalvi,1,l2
CD8 TCM,ILC,0.0,pbmc10k_to_pbmc5k,totalvi,1,l2
CD8 TEM,ILC,0.0,pbmc10k_to_pbmc5k,totalvi,1,l2
Eryth,ILC,0.0,pbmc10k_to_pbmc5k,totalvi,1,l2
ILC,ILC,0.05102040816326531,pbmc10k_to_pbmc5k,totalvi,1,l2
MAIT,ILC,0.0,pbmc10k_to_pbmc5k,totalvi,1,l2
NK,ILC,0.0,pbmc10k_to_pbmc5k,totalvi,1,l2
NK_CD56bright,ILC,0.0,pbmc10k_to_pbmc5k,totalvi,1,l2
Treg,ILC,0.0,pbmc10k_to_pbmc5k,totalvi,1,l2
cDC2,ILC,0.0,pbmc10k_to_pbmc5k,totalvi,1,l2
dnT,ILC,0.0,pbmc10k_to_pbmc5k,totalvi,1,l2
gdT,ILC,0.0,pbmc10k_to_pbmc5k,totalvi,1,l2
pDC,ILC,0.0,pbmc10k_to_pbmc5k,totalvi,1,l2
B intermediate,MAIT,0.0,pbmc10k_to_pbmc5k,totalvi,1,l2
B memory,MAIT,0.0,pbmc10k_to_pbmc5k,totalvi,1,l2
B naive,MAIT,0.0,pbmc10k_to_pbmc5k,totalvi,1,l2
CD14 Mono,MAIT,0.0,pbmc10k_to_pbmc5k,totalvi,1,l2
CD16 Mono,MAIT,0.0,pbmc10k_to_pbmc5k,totalvi,1,l2
CD4 CTL,MAIT,0.024390243902439025,pbmc10k_to_pbmc5k,totalvi,1,l2
CD4 Naive,MAIT,0.0,pbmc10k_to_pbmc5k,totalvi,1,l2
CD4 TCM,MAIT,0.0,pbmc10k_to_pbmc5k,totalvi,1,l2
CD4 TEM,MAIT,0.0,pbmc10k_to_pbmc5k,totalvi,1,l2
CD8 Naive,MAIT,0.0,pbmc10k_to_pbmc5k,totalvi,1,l2
CD8 TCM,MAIT,0.029411764705882353,pbmc10k_to_pbmc5k,totalvi,1,l2
CD8 TEM,MAIT,0.027210884353741496,pbmc10k_to_pbmc5k,totalvi,1,l2
Eryth,MAIT,0.0,pbmc10k_to_pbmc5k,totalvi,1,l2
ILC,MAIT,0.0,pbmc10k_to_pbmc5k,totalvi,1,l2
MAIT,MAIT,0.8333333333333334,pbmc10k_to_pbmc5k,totalvi,1,l2
NK,MAIT,0.0,pbmc10k_to_pbmc5k,totalvi,1,l2
NK_CD56bright,MAIT,0.1,pbmc10k_to_pbmc5k,totalvi,1,l2
Treg,MAIT,0.0,pbmc10k_to_pbmc5k,totalvi,1,l2
cDC2,MAIT,0.0,pbmc10k_to_pbmc5k,totalvi,1,l2
dnT,MAIT,0.0,pbmc10k_to_pbmc5k,totalvi,1,l2
gdT,MAIT,0.323943661971831,pbmc10k_to_pbmc5k,totalvi,1,l2
pDC,MAIT,0.0,pbmc10k_to_pbmc5k,totalvi,1,l2
B intermediate,NK,0.0,pbmc10k_to_pbmc5k,totalvi,1,l2
B memory,NK,0.0,pbmc10k_to_pbmc5k,totalvi,1,l2
B naive,NK,0.0,pbmc10k_to_pbmc5k,totalvi,1,l2
CD14 Mono,NK,0.0,pbmc10k_to_pbmc5k,totalvi,1,l2
CD16 Mono,NK,0.0,pbmc10k_to_pbmc5k,totalvi,1,l2
CD4 CTL,NK,0.0,pbmc10k_to_pbmc5k,totalvi,1,l2
CD4 Naive,NK,0.0,pbmc10k_to_pbmc5k,totalvi,1,l2
CD4 TCM,NK,0.0,pbmc10k_to_pbmc5k,totalvi,1,l2
CD4 TEM,NK,0.003676470588235294,pbmc10k_to_pbmc5k,totalvi,1,l2
CD8 Naive,NK,0.0,pbmc10k_to_pbmc5k,totalvi,1,l2
CD8 TCM,NK,0.0,pbmc10k_to_pbmc5k,totalvi,1,l2
CD8 TEM,NK,0.034013605442176874,pbmc10k_to_pbmc5k,totalvi,1,l2
Eryth,NK,0.0,pbmc10k_to_pbmc5k,totalvi,1,l2
ILC,NK,0.0,pbmc10k_to_pbmc5k,totalvi,1,l2
MAIT,NK,0.0,pbmc10k_to_pbmc5k,totalvi,1,l2
NK,NK,0.9960159362549801,pbmc10k_to_pbmc5k,totalvi,1,l2
NK_CD56bright,NK,0.23333333333333334,pbmc10k_to_pbmc5k,totalvi,1,l2
Treg,NK,0.0,pbmc10k_to_pbmc5k,totalvi,1,l2
cDC2,NK,0.0,pbmc10k_to_pbmc5k,totalvi,1,l2
dnT,NK,0.0,pbmc10k_to_pbmc5k,totalvi,1,l2
gdT,NK,0.2112676056338028,pbmc10k_to_pbmc5k,totalvi,1,l2
pDC,NK,0.0,pbmc10k_to_pbmc5k,totalvi,1,l2
B intermediate,NK_CD56bright,0.0,pbmc10k_to_pbmc5k,totalvi,1,l2
B memory,NK_CD56bright,0.0,pbmc10k_to_pbmc5k,totalvi,1,l2
B naive,NK_CD56bright,0.0,pbmc10k_to_pbmc5k,totalvi,1,l2
CD14 Mono,NK_CD56bright,0.0,pbmc10k_to_pbmc5k,totalvi,1,l2
CD16 Mono,NK_CD56bright,0.0,pbmc10k_to_pbmc5k,totalvi,1,l2
CD4 CTL,NK_CD56bright,0.0,pbmc10k_to_pbmc5k,totalvi,1,l2
CD4 Naive,NK_CD56bright,0.0,pbmc10k_to_pbmc5k,totalvi,1,l2
CD4 TCM,NK_CD56bright,0.0,pbmc10k_to_pbmc5k,totalvi,1,l2
CD4 TEM,NK_CD56bright,0.0,pbmc10k_to_pbmc5k,totalvi,1,l2
CD8 Naive,NK_CD56bright,0.0,pbmc10k_to_pbmc5k,totalvi,1,l2
CD8 TCM,NK_CD56bright,0.0,pbmc10k_to_pbmc5k,totalvi,1,l2
CD8 TEM,NK_CD56bright,0.0,pbmc10k_to_pbmc5k,totalvi,1,l2
Eryth,NK_CD56bright,0.0,pbmc10k_to_pbmc5k,totalvi,1,l2
ILC,NK_CD56bright,0.0,pbmc10k_to_pbmc5k,totalvi,1,l2
MAIT,NK_CD56bright,0.0,pbmc10k_to_pbmc5k,totalvi,1,l2
NK,NK_CD56bright,0.00398406374501992,pbmc10k_to_pbmc5k,totalvi,1,l2
NK_CD56bright,NK_CD56bright,0.6333333333333333,pbmc10k_to_pbmc5k,totalvi,1,l2
Treg,NK_CD56bright,0.0,pbmc10k_to_pbmc5k,totalvi,1,l2
cDC2,NK_CD56bright,0.0,pbmc10k_to_pbmc5k,totalvi,1,l2
dnT,NK_CD56bright,0.0,pbmc10k_to_pbmc5k,totalvi,1,l2
gdT,NK_CD56bright,0.0,pbmc10k_to_pbmc5k,totalvi,1,l2
pDC,NK_CD56bright,0.0,pbmc10k_to_pbmc5k,totalvi,1,l2
B intermediate,Treg,0.0,pbmc10k_to_pbmc5k,totalvi,1,l2
B memory,Treg,0.0,pbmc10k_to_pbmc5k,totalvi,1,l2
B naive,Treg,0.0,pbmc10k_to_pbmc5k,totalvi,1,l2
CD14 Mono,Treg,0.0,pbmc10k_to_pbmc5k,totalvi,1,l2
CD16 Mono,Treg,0.0,pbmc10k_to_pbmc5k,totalvi,1,l2
CD4 CTL,Treg,0.0,pbmc10k_to_pbmc5k,totalvi,1,l2
CD4 Naive,Treg,0.0,pbmc10k_to_pbmc5k,totalvi,1,l2
CD4 TCM,Treg,0.0030581039755351682,pbmc10k_to_pbmc5k,totalvi,1,l2
CD4 TEM,Treg,0.003676470588235294,pbmc10k_to_pbmc5k,totalvi,1,l2
CD8 Naive,Treg,0.0,pbmc10k_to_pbmc5k,totalvi,1,l2
CD8 TCM,Treg,0.0,pbmc10k_to_pbmc5k,totalvi,1,l2
CD8 TEM,Treg,0.0,pbmc10k_to_pbmc5k,totalvi,1,l2
Eryth,Treg,0.0,pbmc10k_to_pbmc5k,totalvi,1,l2
ILC,Treg,0.0,pbmc10k_to_pbmc5k,totalvi,1,l2
MAIT,Treg,0.0,pbmc10k_to_pbmc5k,totalvi,1,l2
NK,Treg,0.0,pbmc10k_to_pbmc5k,totalvi,1,l2
NK_CD56bright,Treg,0.0,pbmc10k_to_pbmc5k,totalvi,1,l2
Treg,Treg,0.3050847457627119,pbmc10k_to_pbmc5k,totalvi,1,l2
cDC2,Treg,0.0,pbmc10k_to_pbmc5k,totalvi,1,l2
dnT,Treg,0.0,pbmc10k_to_pbmc5k,totalvi,1,l2
gdT,Treg,0.0,pbmc10k_to_pbmc5k,totalvi,1,l2
pDC,Treg,0.0,pbmc10k_to_pbmc5k,totalvi,1,l2
B intermediate,cDC2,0.0,pbmc10k_to_pbmc5k,totalvi,1,l2
B memory,cDC2,0.0,pbmc10k_to_pbmc5k,totalvi,1,l2
B naive,cDC2,0.0,pbmc10k_to_pbmc5k,totalvi,1,l2
CD14 Mono,cDC2,0.0,pbmc10k_to_pbmc5k,totalvi,1,l2
CD16 Mono,cDC2,0.0,pbmc10k_to_pbmc5k,totalvi,1,l2
CD4 CTL,cDC2,0.0,pbmc10k_to_pbmc5k,totalvi,1,l2
CD4 Naive,cDC2,0.0,pbmc10k_to_pbmc5k,totalvi,1,l2
CD4 TCM,cDC2,0.0,pbmc10k_to_pbmc5k,totalvi,1,l2
CD4 TEM,cDC2,0.0,pbmc10k_to_pbmc5k,totalvi,1,l2
CD8 Naive,cDC2,0.0,pbmc10k_to_pbmc5k,totalvi,1,l2
CD8 TCM,cDC2,0.0,pbmc10k_to_pbmc5k,totalvi,1,l2
CD8 TEM,cDC2,0.0,pbmc10k_to_pbmc5k,totalvi,1,l2
Eryth,cDC2,0.0,pbmc10k_to_pbmc5k,totalvi,1,l2
ILC,cDC2,0.0,pbmc10k_to_pbmc5k,totalvi,1,l2
MAIT,cDC2,0.0,pbmc10k_to_pbmc5k,totalvi,1,l2
NK,cDC2,0.0,pbmc10k_to_pbmc5k,totalvi,1,l2
NK_CD56bright,cDC2,0.0,pbmc10k_to_pbmc5k,totalvi,1,l2
Treg,cDC2,0.0,pbmc10k_to_pbmc5k,totalvi,1,l2
cDC2,cDC2,0.896,pbmc10k_to_pbmc5k,totalvi,1,l2
dnT,cDC2,0.0,pbmc10k_to_pbmc5k,totalvi,1,l2
gdT,cDC2,0.0,pbmc10k_to_pbmc5k,totalvi,1,l2
pDC,cDC2,0.0,pbmc10k_to_pbmc5k,totalvi,1,l2
B intermediate,dnT,0.0,pbmc10k_to_pbmc5k,totalvi,1,l2
B memory,dnT,0.0,pbmc10k_to_pbmc5k,totalvi,1,l2
B naive,dnT,0.0,pbmc10k_to_pbmc5k,totalvi,1,l2
CD14 Mono,dnT,0.0,pbmc10k_to_pbmc5k,totalvi,1,l2
CD16 Mono,dnT,0.0,pbmc10k_to_pbmc5k,totalvi,1,l2
CD4 CTL,dnT,0.0,pbmc10k_to_pbmc5k,totalvi,1,l2
CD4 Naive,dnT,0.0,pbmc10k_to_pbmc5k,totalvi,1,l2
CD4 TCM,dnT,0.0,pbmc10k_to_pbmc5k,totalvi,1,l2
CD4 TEM,dnT,0.0,pbmc10k_to_pbmc5k,totalvi,1,l2
CD8 Naive,dnT,0.0,pbmc10k_to_pbmc5k,totalvi,1,l2
CD8 TCM,dnT,0.08823529411764706,pbmc10k_to_pbmc5k,totalvi,1,l2
CD8 TEM,dnT,0.006802721088435374,pbmc10k_to_pbmc5k,totalvi,1,l2
Eryth,dnT,0.0,pbmc10k_to_pbmc5k,totalvi,1,l2
ILC,dnT,0.0,pbmc10k_to_pbmc5k,totalvi,1,l2
MAIT,dnT,0.0,pbmc10k_to_pbmc5k,totalvi,1,l2
NK,dnT,0.0,pbmc10k_to_pbmc5k,totalvi,1,l2
NK_CD56bright,dnT,0.0,pbmc10k_to_pbmc5k,totalvi,1,l2
Treg,dnT,0.0,pbmc10k_to_pbmc5k,totalvi,1,l2
cDC2,dnT,0.0,pbmc10k_to_pbmc5k,totalvi,1,l2
dnT,dnT,0.0,pbmc10k_to_pbmc5k,totalvi,1,l2
gdT,dnT,0.028169014084507043,pbmc10k_to_pbmc5k,totalvi,1,l2
pDC,dnT,0.0,pbmc10k_to_pbmc5k,totalvi,1,l2
B intermediate,gdT,0.0,pbmc10k_to_pbmc5k,totalvi,1,l2
B memory,gdT,0.0,pbmc10k_to_pbmc5k,totalvi,1,l2
B naive,gdT,0.0,pbmc10k_to_pbmc5k,totalvi,1,l2
CD14 Mono,gdT,0.0,pbmc10k_to_pbmc5k,totalvi,1,l2
CD16 Mono,gdT,0.0,pbmc10k_to_pbmc5k,totalvi,1,l2
CD4 CTL,gdT,0.0,pbmc10k_to_pbmc5k,totalvi,1,l2
CD4 Naive,gdT,0.0,pbmc10k_to_pbmc5k,totalvi,1,l2
CD4 TCM,gdT,0.0,pbmc10k_to_pbmc5k,totalvi,1,l2
CD4 TEM,gdT,0.0,pbmc10k_to_pbmc5k,totalvi,1,l2
CD8 Naive,gdT,0.0,pbmc10k_to_pbmc5k,totalvi,1,l2
CD8 TCM,gdT,0.0,pbmc10k_to_pbmc5k,totalvi,1,l2
CD8 TEM,gdT,0.0,pbmc10k_to_pbmc5k,totalvi,1,l2
Eryth,gdT,0.0,pbmc10k_to_pbmc5k,totalvi,1,l2
ILC,gdT,0.0,pbmc10k_to_pbmc5k,totalvi,1,l2
MAIT,gdT,0.0,pbmc10k_to_pbmc5k,totalvi,1,l2
NK,gdT,0.0,pbmc10k_to_pbmc5k,totalvi,1,l2
NK_CD56bright,gdT,0.03333333333333333,pbmc10k_to_pbmc5k,totalvi,1,l2
Treg,gdT,0.0,pbmc10k_to_pbmc5k,totalvi,1,l2
cDC2,gdT,0.0,pbmc10k_to_pbmc5k,totalvi,1,l2
dnT,gdT,0.0,pbmc10k_to_pbmc5k,totalvi,1,l2
gdT,gdT,0.1267605633802817,pbmc10k_to_pbmc5k,totalvi,1,l2
pDC,gdT,0.0,pbmc10k_to_pbmc5k,totalvi,1,l2
B intermediate,pDC,0.0,pbmc10k_to_pbmc5k,totalvi,1,l2
B memory,pDC,0.0,pbmc10k_to_pbmc5k,totalvi,1,l2
B naive,pDC,0.0,pbmc10k_to_pbmc5k,totalvi,1,l2
CD14 Mono,pDC,0.0,pbmc10k_to_pbmc5k,totalvi,1,l2
CD16 Mono,pDC,0.0,pbmc10k_to_pbmc5k,totalvi,1,l2
CD4 CTL,pDC,0.0,pbmc10k_to_pbmc5k,totalvi,1,l2
CD4 Naive,pDC,0.0,pbmc10k_to_pbmc5k,totalvi,1,l2
CD4 TCM,pDC,0.0,pbmc10k_to_pbmc5k,totalvi,1,l2
CD4 TEM,pDC,0.0,pbmc10k_to_pbmc5k,totalvi,1,l2
CD8 Naive,pDC,0.0,pbmc10k_to_pbmc5k,totalvi,1,l2
CD8 TCM,pDC,0.0,pbmc10k_to_pbmc5k,totalvi,1,l2
CD8 TEM,pDC,0.0,pbmc10k_to_pbmc5k,totalvi,1,l2
Eryth,pDC,0.011627906976744186,pbmc10k_to_pbmc5k,totalvi,1,l2
ILC,pDC,0.0,pbmc10k_to_pbmc5k,totalvi,1,l2
MAIT,pDC,0.0,pbmc10k_to_pbmc5k,totalvi,1,l2
NK,pDC,0.0,pbmc10k_to_pbmc5k,totalvi,1,l2
NK_CD56bright,pDC,0.0,pbmc10k_to_pbmc5k,totalvi,1,l2
Treg,pDC,0.0,pbmc10k_to_pbmc5k,totalvi,1,l2
cDC2,pDC,0.0,pbmc10k_to_pbmc5k,totalvi,1,l2
dnT,pDC,0.0,pbmc10k_to_pbmc5k,totalvi,1,l2
gdT,pDC,0.0,pbmc10k_to_pbmc5k,totalvi,1,l2
pDC,pDC,1.0,pbmc10k_to_pbmc5k,totalvi,1,l2
B,B,1.0,pbmc10k_to_pbmc5k,scvi_matched,1,l1
CD4 T,B,0.0,pbmc10k_to_pbmc5k,scvi_matched,1,l1
CD8 T,B,0.0,pbmc10k_to_pbmc5k,scvi_matched,1,l1
DC,B,0.0,pbmc10k_to_pbmc5k,scvi_matched,1,l1
Mono,B,0.0,pbmc10k_to_pbmc5k,scvi_matched,1,l1
NK,B,0.0,pbmc10k_to_pbmc5k,scvi_matched,1,l1
other,B,0.0,pbmc10k_to_pbmc5k,scvi_matched,1,l1
other T,B,0.0,pbmc10k_to_pbmc5k,scvi_matched,1,l1
B,CD4 T,0.0,pbmc10k_to_pbmc5k,scvi_matched,1,l1
CD4 T,CD4 T,0.9156626506024096,pbmc10k_to_pbmc5k,scvi_matched,1,l1
CD8 T,CD4 T,0.059322033898305086,pbmc10k_to_pbmc5k,scvi_matched,1,l1
DC,CD4 T,0.0,pbmc10k_to_pbmc5k,scvi_matched,1,l1
Mono,CD4 T,0.0,pbmc10k_to_pbmc5k,scvi_matched,1,l1
NK,CD4 T,0.0034482758620689655,pbmc10k_to_pbmc5k,scvi_matched,1,l1
other,CD4 T,0.42162162162162165,pbmc10k_to_pbmc5k,scvi_matched,1,l1
other T,CD4 T,0.11009174311926606,pbmc10k_to_pbmc5k,scvi_matched,1,l1
B,CD8 T,0.0,pbmc10k_to_pbmc5k,scvi_matched,1,l1
CD4 T,CD8 T,0.03521779425393883,pbmc10k_to_pbmc5k,scvi_matched,1,l1
CD8 T,CD8 T,0.8050847457627118,pbmc10k_to_pbmc5k,scvi_matched,1,l1
DC,CD8 T,0.0,pbmc10k_to_pbmc5k,scvi_matched,1,l1
Mono,CD8 T,0.0,pbmc10k_to_pbmc5k,scvi_matched,1,l1
NK,CD8 T,0.006896551724137931,pbmc10k_to_pbmc5k,scvi_matched,1,l1
other,CD8 T,0.021621621621621623,pbmc10k_to_pbmc5k,scvi_matched,1,l1
other T,CD8 T,0.1834862385321101,pbmc10k_to_pbmc5k,scvi_matched,1,l1
B,DC,0.0,pbmc10k_to_pbmc5k,scvi_matched,1,l1
CD4 T,DC,0.0,pbmc10k_to_pbmc5k,scvi_matched,1,l1
CD8 T,DC,0.00423728813559322,pbmc10k_to_pbmc5k,scvi_matched,1,l1
DC,DC,0.9668874172185431,pbmc10k_to_pbmc5k,scvi_matched,1,l1
Mono,DC,0.0018726591760299626,pbmc10k_to_pbmc5k,scvi_matched,1,l1
NK,DC,0.0,pbmc10k_to_pbmc5k,scvi_matched,1,l1
other,DC,0.005405405405405406,pbmc10k_to_pbmc5k,scvi_matched,1,l1
other T,DC,0.0,pbmc10k_to_pbmc5k,scvi_matched,1,l1
B,Mono,0.0,pbmc10k_to_pbmc5k,scvi_matched,1,l1
CD4 T,Mono,0.0,pbmc10k_to_pbmc5k,scvi_matched,1,l1
CD8 T,Mono,0.0,pbmc10k_to_pbmc5k,scvi_matched,1,l1
DC,Mono,0.026490066225165563,pbmc10k_to_pbmc5k,scvi_matched,1,l1
Mono,Mono,0.9906367041198502,pbmc10k_to_pbmc5k,scvi_matched,1,l1
NK,Mono,0.0,pbmc10k_to_pbmc5k,scvi_matched,1,l1
other,Mono,0.2,pbmc10k_to_pbmc5k,scvi_matched,1,l1
other T,Mono,0.0,pbmc10k_to_pbmc5k,scvi_matched,1,l1
B,NK,0.0,pbmc10k_to_pbmc5k,scvi_matched,1,l1
CD4 T,NK,0.0,pbmc10k_to_pbmc5k,scvi_matched,1,l1
CD8 T,NK,0.029661016949152543,pbmc10k_to_pbmc5k,scvi_matched,1,l1
DC,NK,0.0,pbmc10k_to_pbmc5k,scvi_matched,1,l1
Mono,NK,0.0,pbmc10k_to_pbmc5k,scvi_matched,1,l1
NK,NK,0.9862068965517241,pbmc10k_to_pbmc5k,scvi_matched,1,l1
other,NK,0.0,pbmc10k_to_pbmc5k,scvi_matched,1,l1
other T,NK,0.1559633027522936,pbmc10k_to_pbmc5k,scvi_matched,1,l1
B,other,0.0,pbmc10k_to_pbmc5k,scvi_matched,1,l1
CD4 T,other,0.012048192771084338,pbmc10k_to_pbmc5k,scvi_matched,1,l1
CD8 T,other,0.00423728813559322,pbmc10k_to_pbmc5k,scvi_matched,1,l1
DC,other,0.006622516556291391,pbmc10k_to_pbmc5k,scvi_matched,1,l1
Mono,other,0.00749063670411985,pbmc10k_to_pbmc5k,scvi_matched,1,l1
NK,other,0.0,pbmc10k_to_pbmc5k,scvi_matched,1,l1
other,other,0.35135135135135137,pbmc10k_to_pbmc5k,scvi_matched,1,l1
other T,other,0.0,pbmc10k_to_pbmc5k,scvi_matched,1,l1
B,other T,0.0,pbmc10k_to_pbmc5k,scvi_matched,1,l1
CD4 T,other T,0.03707136237256719,pbmc10k_to_pbmc5k,scvi_matched,1,l1
CD8 T,other T,0.09745762711864407,pbmc10k_to_pbmc5k,scvi_matched,1,l1
DC,other T,0.0,pbmc10k_to_pbmc5k,scvi_matched,1,l1
Mono,other T,0.0,pbmc10k_to_pbmc5k,scvi_matched,1,l1
NK,other T,0.0034482758620689655,pbmc10k_to_pbmc5k,scvi_matched,1,l1
other,other T,0.0,pbmc10k_to_pbmc5k,scvi_matched,1,l1
other T,other T,0.5504587155963303,pbmc10k_to_pbmc5k,scvi_matched,1,l1
B,B,0.9963503649635036,pbmc10k_to_pbmc5k,totalvi,1,l1
CD4 T,B,0.0,pbmc10k_to_pbmc5k,totalvi,1,l1
CD8 T,B,0.0,pbmc10k_to_pbmc5k,totalvi,1,l1
DC,B,0.013245033112582781,pbmc10k_to_pbmc5k,totalvi,1,l1
Mono,B,0.0,pbmc10k_to_pbmc5k,totalvi,1,l1
NK,B,0.0,pbmc10k_to_pbmc5k,totalvi,1,l1
other,B,0.0,pbmc10k_to_pbmc5k,totalvi,1,l1
other T,B,0.0,pbmc10k_to_pbmc5k,totalvi,1,l1
B,CD4 T,0.0,pbmc10k_to_pbmc5k,totalvi,1,l1
CD4 T,CD4 T,0.9703429101019463,pbmc10k_to_pbmc5k,totalvi,1,l1
CD8 T,CD4 T,0.09745762711864407,pbmc10k_to_pbmc5k,totalvi,1,l1
DC,CD4 T,0.0,pbmc10k_to_pbmc5k,totalvi,1,l1
Mono,CD4 T,0.0,pbmc10k_to_pbmc5k,totalvi,1,l1
NK,CD4 T,0.0034482758620689655,pbmc10k_to_pbmc5k,totalvi,1,l1
other,CD4 T,0.44324324324324327,pbmc10k_to_pbmc5k,totalvi,1,l1
other T,CD4 T,0.1559633027522936,pbmc10k_to_pbmc5k,totalvi,1,l1
B,CD8 T,0.0,pbmc10k_to_pbmc5k,totalvi,1,l1
CD4 T,CD8 T,0.009267840593141797,pbmc10k_to_pbmc5k,totalvi,1,l1
CD8 T,CD8 T,0.8008474576271186,pbmc10k_to_pbmc5k,totalvi,1,l1
DC,CD8 T,0.0,pbmc10k_to_pbmc5k,totalvi,1,l1
Mono,CD8 T,0.0,pbmc10k_to_pbmc5k,totalvi,1,l1
NK,CD8 T,0.0,pbmc10k_to_pbmc5k,totalvi,1,l1
other,CD8 T,0.0,pbmc10k_to_pbmc5k,totalvi,1,l1
other T,CD8 T,0.10091743119266056,pbmc10k_to_pbmc5k,totalvi,1,l1
B,DC,0.0,pbmc10k_to_pbmc5k,totalvi,1,l1
CD4 T,DC,0.0,pbmc10k_to_pbmc5k,totalvi,1,l1
CD8 T,DC,0.0,pbmc10k_to_pbmc5k,totalvi,1,l1
DC,DC,0.8675496688741722,pbmc10k_to_pbmc5k,totalvi,1,l1
Mono,DC,0.0,pbmc10k_to_pbmc5k,totalvi,1,l1
NK,DC,0.0,pbmc10k_to_pbmc5k,totalvi,1,l1
other,DC,0.005405405405405406,pbmc10k_to_pbmc5k,totalvi,1,l1
other T,DC,0.0,pbmc10k_to_pbmc5k,totalvi,1,l1
B,Mono,0.0,pbmc10k_to_pbmc5k,totalvi,1,l1
CD4 T,Mono,0.0,pbmc10k_to_pbmc5k,totalvi,1,l1
CD8 T,Mono,0.0,pbmc10k_to_pbmc5k,totalvi,1,l1
DC,Mono,0.11920529801324503,pbmc10k_to_pbmc5k,totalvi,1,l1
Mono,Mono,0.9840823970037453,pbmc10k_to_pbmc5k,totalvi,1,l1
NK,Mono,0.0,pbmc10k_to_pbmc5k,totalvi,1,l1
other,Mono,0.14054054054054055,pbmc10k_to_pbmc5k,totalvi,1,l1
other T,Mono,0.0,pbmc10k_to_pbmc5k,totalvi,1,l1
B,NK,0.0,pbmc10k_to_pbmc5k,totalvi,1,l1
CD4 T,NK,0.0,pbmc10k_to_pbmc5k,totalvi,1,l1
CD8 T,NK,0.029661016949152543,pbmc10k_to_pbmc5k,totalvi,1,l1
DC,NK,0.0,pbmc10k_to_pbmc5k,totalvi,1,l1
Mono,NK,0.0,pbmc10k_to_pbmc5k,totalvi,1,l1
NK,NK,0.9862068965517241,pbmc10k_to_pbmc5k,totalvi,1,l1
other,NK,0.0,pbmc10k_to_pbmc5k,totalvi,1,l1
other T,NK,0.1743119266055046,pbmc10k_to_pbmc5k,totalvi,1,l1
B,other,0.0036496350364963502,pbmc10k_to_pbmc5k,totalvi,1,l1
CD4 T,other,0.009267840593141797,pbmc10k_to_pbmc5k,totalvi,1,l1
CD8 T,other,0.0,pbmc10k_to_pbmc5k,totalvi,1,l1
DC,other,0.0,pbmc10k_to_pbmc5k,totalvi,1,l1
Mono,other,0.015917602996254682,pbmc10k_to_pbmc5k,totalvi,1,l1
NK,other,0.0,pbmc10k_to_pbmc5k,totalvi,1,l1
other,other,0.40540540540540543,pbmc10k_to_pbmc5k,totalvi,1,l1
other T,other,0.01834862385321101,pbmc10k_to_pbmc5k,totalvi,1,l1
B,other T,0.0,pbmc10k_to_pbmc5k,totalvi,1,l1
CD4 T,other T,0.011121408711770158,pbmc10k_to_pbmc5k,totalvi,1,l1
CD8 T,other T,0.07203389830508475,pbmc10k_to_pbmc5k,totalvi,1,l1
DC,other T,0.0,pbmc10k_to_pbmc5k,totalvi,1,l1
Mono,other T,0.0,pbmc10k_to_pbmc5k,totalvi,1,l1
NK,other T,0.010344827586206896,pbmc10k_to_pbmc5k,totalvi,1,l1
other,other T,0.005405405405405406,pbmc10k_to_pbmc5k,totalvi,1,l1
other T,other T,0.5504587155963303,pbmc10k_to_pbmc5k,totalvi,1,l1
B intermediate,B intermediate,0.7424242424242424,pbmc10k_to_pbmc5k,scvi_matched,2,l2
B memory,B intermediate,0.16455696202531644,pbmc10k_to_pbmc5k,scvi_matched,2,l2
B naive,B intermediate,0.0703125,pbmc10k_to_pbmc5k,scvi_matched,2,l2
CD14 Mono,B intermediate,0.0,pbmc10k_to_pbmc5k,scvi_matched,2,l2
CD16 Mono,B intermediate,0.0,pbmc10k_to_pbmc5k,scvi_matched,2,l2
CD4 CTL,B intermediate,0.0,pbmc10k_to_pbmc5k,scvi_matched,2,l2
CD4 Naive,B intermediate,0.0,pbmc10k_to_pbmc5k,scvi_matched,2,l2
CD4 TCM,B intermediate,0.0,pbmc10k_to_pbmc5k,scvi_matched,2,l2
CD4 TEM,B intermediate,0.0,pbmc10k_to_pbmc5k,scvi_matched,2,l2
CD8 Naive,B intermediate,0.0,pbmc10k_to_pbmc5k,scvi_matched,2,l2
CD8 TCM,B intermediate,0.0,pbmc10k_to_pbmc5k,scvi_matched,2,l2
CD8 TEM,B intermediate,0.0,pbmc10k_to_pbmc5k,scvi_matched,2,l2
Eryth,B intermediate,0.0,pbmc10k_to_pbmc5k,scvi_matched,2,l2
ILC,B intermediate,0.0,pbmc10k_to_pbmc5k,scvi_matched,2,l2
MAIT,B intermediate,0.0,pbmc10k_to_pbmc5k,scvi_matched,2,l2
NK,B intermediate,0.0,pbmc10k_to_pbmc5k,scvi_matched,2,l2
NK_CD56bright,B intermediate,0.0,pbmc10k_to_pbmc5k,scvi_matched,2,l2
Treg,B intermediate,0.0,pbmc10k_to_pbmc5k,scvi_matched,2,l2
cDC2,B intermediate,0.0,pbmc10k_to_pbmc5k,scvi_matched,2,l2
dnT,B intermediate,0.0,pbmc10k_to_pbmc5k,scvi_matched,2,l2
gdT,B intermediate,0.0,pbmc10k_to_pbmc5k,scvi_matched,2,l2
pDC,B intermediate,0.0,pbmc10k_to_pbmc5k,scvi_matched,2,l2
B intermediate,B memory,0.24242424242424243,pbmc10k_to_pbmc5k,scvi_matched,2,l2
B memory,B memory,0.8354430379746836,pbmc10k_to_pbmc5k,scvi_matched,2,l2
B naive,B memory,0.0078125,pbmc10k_to_pbmc5k,scvi_matched,2,l2
CD14 Mono,B memory,0.0,pbmc10k_to_pbmc5k,scvi_matched,2,l2
CD16 Mono,B memory,0.0,pbmc10k_to_pbmc5k,scvi_matched,2,l2
CD4 CTL,B memory,0.0,pbmc10k_to_pbmc5k,scvi_matched,2,l2
CD4 Naive,B memory,0.0,pbmc10k_to_pbmc5k,scvi_matched,2,l2
CD4 TCM,B memory,0.0,pbmc10k_to_pbmc5k,scvi_matched,2,l2
CD4 TEM,B memory,0.0,pbmc10k_to_pbmc5k,scvi_matched,2,l2
CD8 Naive,B memory,0.0,pbmc10k_to_pbmc5k,scvi_matched,2,l2
CD8 TCM,B memory,0.0,pbmc10k_to_pbmc5k,scvi_matched,2,l2
CD8 TEM,B memory,0.0,pbmc10k_to_pbmc5k,scvi_matched,2,l2
Eryth,B memory,0.0,pbmc10k_to_pbmc5k,scvi_matched,2,l2
ILC,B memory,0.0,pbmc10k_to_pbmc5k,scvi_matched,2,l2
MAIT,B memory,0.0,pbmc10k_to_pbmc5k,scvi_matched,2,l2
NK,B memory,0.0,pbmc10k_to_pbmc5k,scvi_matched,2,l2
NK_CD56bright,B memory,0.0,pbmc10k_to_pbmc5k,scvi_matched,2,l2
Treg,B memory,0.01694915254237288,pbmc10k_to_pbmc5k,scvi_matched,2,l2
cDC2,B memory,0.0,pbmc10k_to_pbmc5k,scvi_matched,2,l2
dnT,B memory,0.0,pbmc10k_to_pbmc5k,scvi_matched,2,l2
gdT,B memory,0.0,pbmc10k_to_pbmc5k,scvi_matched,2,l2
pDC,B memory,0.0,pbmc10k_to_pbmc5k,scvi_matched,2,l2
B intermediate,B naive,0.015151515151515152,pbmc10k_to_pbmc5k,scvi_matched,2,l2
B memory,B naive,0.0,pbmc10k_to_pbmc5k,scvi_matched,2,l2
B naive,B naive,0.921875,pbmc10k_to_pbmc5k,scvi_matched,2,l2
CD14 Mono,B naive,0.0,pbmc10k_to_pbmc5k,scvi_matched,2,l2
CD16 Mono,B naive,0.0,pbmc10k_to_pbmc5k,scvi_matched,2,l2
CD4 CTL,B naive,0.0,pbmc10k_to_pbmc5k,scvi_matched,2,l2
CD4 Naive,B naive,0.0,pbmc10k_to_pbmc5k,scvi_matched,2,l2
CD4 TCM,B naive,0.0,pbmc10k_to_pbmc5k,scvi_matched,2,l2
CD4 TEM,B naive,0.0,pbmc10k_to_pbmc5k,scvi_matched,2,l2
CD8 Naive,B naive,0.0,pbmc10k_to_pbmc5k,scvi_matched,2,l2
CD8 TCM,B naive,0.0,pbmc10k_to_pbmc5k,scvi_matched,2,l2
CD8 TEM,B naive,0.0,pbmc10k_to_pbmc5k,scvi_matched,2,l2
Eryth,B naive,0.0,pbmc10k_to_pbmc5k,scvi_matched,2,l2
ILC,B naive,0.0,pbmc10k_to_pbmc5k,scvi_matched,2,l2
MAIT,B naive,0.0,pbmc10k_to_pbmc5k,scvi_matched,2,l2
NK,B naive,0.0,pbmc10k_to_pbmc5k,scvi_matched,2,l2
NK_CD56bright,B naive,0.0,pbmc10k_to_pbmc5k,scvi_matched,2,l2
Treg,B naive,0.0,pbmc10k_to_pbmc5k,scvi_matched,2,l2
cDC2,B naive,0.0,pbmc10k_to_pbmc5k,scvi_matched,2,l2
dnT,B naive,0.0,pbmc10k_to_pbmc5k,scvi_matched,2,l2
gdT,B naive,0.0,pbmc10k_to_pbmc5k,scvi_matched,2,l2
pDC,B naive,0.0,pbmc10k_to_pbmc5k,scvi_matched,2,l2
B intermediate,CD14 Mono,0.0,pbmc10k_to_pbmc5k,scvi_matched,2,l2
B memory,CD14 Mono,0.0,pbmc10k_to_pbmc5k,scvi_matched,2,l2
B naive,CD14 Mono,0.0,pbmc10k_to_pbmc5k,scvi_matched,2,l2
CD14 Mono,CD14 Mono,0.991462113127001,pbmc10k_to_pbmc5k,scvi_matched,2,l2
CD16 Mono,CD14 Mono,0.0916030534351145,pbmc10k_to_pbmc5k,scvi_matched,2,l2
CD4 CTL,CD14 Mono,0.0,pbmc10k_to_pbmc5k,scvi_matched,2,l2
CD4 Naive,CD14 Mono,0.0,pbmc10k_to_pbmc5k,scvi_matched,2,l2
CD4 TCM,CD14 Mono,0.0,pbmc10k_to_pbmc5k,scvi_matched,2,l2
CD4 TEM,CD14 Mono,0.0,pbmc10k_to_pbmc5k,scvi_matched,2,l2
CD8 Naive,CD14 Mono,0.0,pbmc10k_to_pbmc5k,scvi_matched,2,l2
CD8 TCM,CD14 Mono,0.0,pbmc10k_to_pbmc5k,scvi_matched,2,l2
CD8 TEM,CD14 Mono,0.0,pbmc10k_to_pbmc5k,scvi_matched,2,l2
Eryth,CD14 Mono,0.5116279069767442,pbmc10k_to_pbmc5k,scvi_matched,2,l2
ILC,CD14 Mono,0.0,pbmc10k_to_pbmc5k,scvi_matched,2,l2
MAIT,CD14 Mono,0.0,pbmc10k_to_pbmc5k,scvi_matched,2,l2
NK,CD14 Mono,0.0,pbmc10k_to_pbmc5k,scvi_matched,2,l2
NK_CD56bright,CD14 Mono,0.0,pbmc10k_to_pbmc5k,scvi_matched,2,l2
Treg,CD14 Mono,0.0,pbmc10k_to_pbmc5k,scvi_matched,2,l2
cDC2,CD14 Mono,0.024,pbmc10k_to_pbmc5k,scvi_matched,2,l2
dnT,CD14 Mono,0.0,pbmc10k_to_pbmc5k,scvi_matched,2,l2
gdT,CD14 Mono,0.0,pbmc10k_to_pbmc5k,scvi_matched,2,l2
pDC,CD14 Mono,0.0,pbmc10k_to_pbmc5k,scvi_matched,2,l2
B intermediate,CD16 Mono,0.0,pbmc10k_to_pbmc5k,scvi_matched,2,l2
B memory,CD16 Mono,0.0,pbmc10k_to_pbmc5k,scvi_matched,2,l2
B naive,CD16 Mono,0.0,pbmc10k_to_pbmc5k,scvi_matched,2,l2
CD14 Mono,CD16 Mono,0.0021344717182497333,pbmc10k_to_pbmc5k,scvi_matched,2,l2
CD16 Mono,CD16 Mono,0.8854961832061069,pbmc10k_to_pbmc5k,scvi_matched,2,l2
CD4 CTL,CD16 Mono,0.0,pbmc10k_to_pbmc5k,scvi_matched,2,l2
CD4 Naive,CD16 Mono,0.0,pbmc10k_to_pbmc5k,scvi_matched,2,l2
CD4 TCM,CD16 Mono,0.0,pbmc10k_to_pbmc5k,scvi_matched,2,l2
CD4 TEM,CD16 Mono,0.0,pbmc10k_to_pbmc5k,scvi_matched,2,l2
CD8 Naive,CD16 Mono,0.0,pbmc10k_to_pbmc5k,scvi_matched,2,l2
CD8 TCM,CD16 Mono,0.0,pbmc10k_to_pbmc5k,scvi_matched,2,l2
CD8 TEM,CD16 Mono,0.0,pbmc10k_to_pbmc5k,scvi_matched,2,l2
Eryth,CD16 Mono,0.0,pbmc10k_to_pbmc5k,scvi_matched,2,l2
ILC,CD16 Mono,0.0,pbmc10k_to_pbmc5k,scvi_matched,2,l2
MAIT,CD16 Mono,0.0,pbmc10k_to_pbmc5k,scvi_matched,2,l2
NK,CD16 Mono,0.0,pbmc10k_to_pbmc5k,scvi_matched,2,l2
NK_CD56bright,CD16 Mono,0.0,pbmc10k_to_pbmc5k,scvi_matched,2,l2
Treg,CD16 Mono,0.0,pbmc10k_to_pbmc5k,scvi_matched,2,l2
cDC2,CD16 Mono,0.008,pbmc10k_to_pbmc5k,scvi_matched,2,l2
dnT,CD16 Mono,0.0,pbmc10k_to_pbmc5k,scvi_matched,2,l2
gdT,CD16 Mono,0.0,pbmc10k_to_pbmc5k,scvi_matched,2,l2
pDC,CD16 Mono,0.0,pbmc10k_to_pbmc5k,scvi_matched,2,l2
B intermediate,CD4 CTL,0.0,pbmc10k_to_pbmc5k,scvi_matched,2,l2
B memory,CD4 CTL,0.0,pbmc10k_to_pbmc5k,scvi_matched,2,l2
B naive,CD4 CTL,0.0,pbmc10k_to_pbmc5k,scvi_matched,2,l2
CD14 Mono,CD4 CTL,0.0,pbmc10k_to_pbmc5k,scvi_matched,2,l2
CD16 Mono,CD4 CTL,0.0,pbmc10k_to_pbmc5k,scvi_matched,2,l2
CD4 CTL,CD4 CTL,0.4634146341463415,pbmc10k_to_pbmc5k,scvi_matched,2,l2
CD4 Naive,CD4 CTL,0.0,pbmc10k_to_pbmc5k,scvi_matched,2,l2
CD4 TCM,CD4 CTL,0.0,pbmc10k_to_pbmc5k,scvi_matched,2,l2
CD4 TEM,CD4 CTL,0.0,pbmc10k_to_pbmc5k,scvi_matched,2,l2
CD8 Naive,CD4 CTL,0.0,pbmc10k_to_pbmc5k,scvi_matched,2,l2
CD8 TCM,CD4 CTL,0.0,pbmc10k_to_pbmc5k,scvi_matched,2,l2
CD8 TEM,CD4 CTL,0.013605442176870748,pbmc10k_to_pbmc5k,scvi_matched,2,l2
Eryth,CD4 CTL,0.0,pbmc10k_to_pbmc5k,scvi_matched,2,l2
ILC,CD4 CTL,0.0,pbmc10k_to_pbmc5k,scvi_matched,2,l2
MAIT,CD4 CTL,0.0,pbmc10k_to_pbmc5k,scvi_matched,2,l2
NK,CD4 CTL,0.0,pbmc10k_to_pbmc5k,scvi_matched,2,l2
NK_CD56bright,CD4 CTL,0.0,pbmc10k_to_pbmc5k,scvi_matched,2,l2
Treg,CD4 CTL,0.0,pbmc10k_to_pbmc5k,scvi_matched,2,l2
cDC2,CD4 CTL,0.0,pbmc10k_to_pbmc5k,scvi_matched,2,l2
dnT,CD4 CTL,0.0,pbmc10k_to_pbmc5k,scvi_matched,2,l2
gdT,CD4 CTL,0.0,pbmc10k_to_pbmc5k,scvi_matched,2,l2
pDC,CD4 CTL,0.0,pbmc10k_to_pbmc5k,scvi_matched,2,l2
B intermediate,CD4 Naive,0.0,pbmc10k_to_pbmc5k,scvi_matched,2,l2
B memory,CD4 Naive,0.0,pbmc10k_to_pbmc5k,scvi_matched,2,l2
B naive,CD4 Naive,0.0,pbmc10k_to_pbmc5k,scvi_matched,2,l2
CD14 Mono,CD4 Naive,0.0,pbmc10k_to_pbmc5k,scvi_matched,2,l2
CD16 Mono,CD4 Naive,0.0,pbmc10k_to_pbmc5k,scvi_matched,2,l2
CD4 CTL,CD4 Naive,0.0,pbmc10k_to_pbmc5k,scvi_matched,2,l2
CD4 Naive,CD4 Naive,0.7936507936507936,pbmc10k_to_pbmc5k,scvi_matched,2,l2
CD4 TCM,CD4 Naive,0.1559633027522936,pbmc10k_to_pbmc5k,scvi_matched,2,l2
CD4 TEM,CD4 Naive,0.003676470588235294,pbmc10k_to_pbmc5k,scvi_matched,2,l2
CD8 Naive,CD4 Naive,0.020833333333333332,pbmc10k_to_pbmc5k,scvi_matched,2,l2
CD8 TCM,CD4 Naive,0.029411764705882353,pbmc10k_to_pbmc5k,scvi_matched,2,l2
CD8 TEM,CD4 Naive,0.0,pbmc10k_to_pbmc5k,scvi_matched,2,l2
Eryth,CD4 Naive,0.0,pbmc10k_to_pbmc5k,scvi_matched,2,l2
ILC,CD4 Naive,0.030612244897959183,pbmc10k_to_pbmc5k,scvi_matched,2,l2
MAIT,CD4 Naive,0.0,pbmc10k_to_pbmc5k,scvi_matched,2,l2
NK,CD4 Naive,0.0,pbmc10k_to_pbmc5k,scvi_matched,2,l2
NK_CD56bright,CD4 Naive,0.0,pbmc10k_to_pbmc5k,scvi_matched,2,l2
Treg,CD4 Naive,0.0847457627118644,pbmc10k_to_pbmc5k,scvi_matched,2,l2
cDC2,CD4 Naive,0.0,pbmc10k_to_pbmc5k,scvi_matched,2,l2
dnT,CD4 Naive,0.7142857142857143,pbmc10k_to_pbmc5k,scvi_matched,2,l2
gdT,CD4 Naive,0.0,pbmc10k_to_pbmc5k,scvi_matched,2,l2
pDC,CD4 Naive,0.0,pbmc10k_to_pbmc5k,scvi_matched,2,l2
B intermediate,CD4 TCM,0.0,pbmc10k_to_pbmc5k,scvi_matched,2,l2
B memory,CD4 TCM,0.0,pbmc10k_to_pbmc5k,scvi_matched,2,l2
B naive,CD4 TCM,0.0,pbmc10k_to_pbmc5k,scvi_matched,2,l2
CD14 Mono,CD4 TCM,0.0,pbmc10k_to_pbmc5k,scvi_matched,2,l2
CD16 Mono,CD4 TCM,0.0,pbmc10k_to_pbmc5k,scvi_matched,2,l2
CD4 CTL,CD4 TCM,0.0,pbmc10k_to_pbmc5k,scvi_matched,2,l2
CD4 Naive,CD4 TCM,0.19047619047619047,pbmc10k_to_pbmc5k,scvi_matched,2,l2
CD4 TCM,CD4 TCM,0.7553516819571865,pbmc10k_to_pbmc5k,scvi_matched,2,l2
CD4 TEM,CD4 TCM,0.17279411764705882,pbmc10k_to_pbmc5k,scvi_matched,2,l2
CD8 Naive,CD4 TCM,0.0,pbmc10k_to_pbmc5k,scvi_matched,2,l2
CD8 TCM,CD4 TCM,0.058823529411764705,pbmc10k_to_pbmc5k,scvi_matched,2,l2
CD8 TEM,CD4 TCM,0.0,pbmc10k_to_pbmc5k,scvi_matched,2,l2
Eryth,CD4 TCM,0.0,pbmc10k_to_pbmc5k,scvi_matched,2,l2
ILC,CD4 TCM,0.5714285714285714,pbmc10k_to_pbmc5k,scvi_matched,2,l2
MAIT,CD4 TCM,0.0,pbmc10k_to_pbmc5k,scvi_matched,2,l2
NK,CD4 TCM,0.0,pbmc10k_to_pbmc5k,scvi_matched,2,l2
NK_CD56bright,CD4 TCM,0.0,pbmc10k_to_pbmc5k,scvi_matched,2,l2
Treg,CD4 TCM,0.5932203389830508,pbmc10k_to_pbmc5k,scvi_matched,2,l2
cDC2,CD4 TCM,0.0,pbmc10k_to_pbmc5k,scvi_matched,2,l2
dnT,CD4 TCM,0.07142857142857142,pbmc10k_to_pbmc5k,scvi_matched,2,l2
gdT,CD4 TCM,0.0,pbmc10k_to_pbmc5k,scvi_matched,2,l2
pDC,CD4 TCM,0.0,pbmc10k_to_pbmc5k,scvi_matched,2,l2
B intermediate,CD4 TEM,0.0,pbmc10k_to_pbmc5k,scvi_matched,2,l2
B memory,CD4 TEM,0.0,pbmc10k_to_pbmc5k,scvi_matched,2,l2
B naive,CD4 TEM,0.0,pbmc10k_to_pbmc5k,scvi_matched,2,l2
CD14 Mono,CD4 TEM,0.0,pbmc10k_to_pbmc5k,scvi_matched,2,l2
CD16 Mono,CD4 TEM,0.0,pbmc10k_to_pbmc5k,scvi_matched,2,l2
CD4 CTL,CD4 TEM,0.43902439024390244,pbmc10k_to_pbmc5k,scvi_matched,2,l2
CD4 Naive,CD4 TEM,0.0,pbmc10k_to_pbmc5k,scvi_matched,2,l2
CD4 TCM,CD4 TEM,0.03058103975535168,pbmc10k_to_pbmc5k,scvi_matched,2,l2
CD4 TEM,CD4 TEM,0.7169117647058824,pbmc10k_to_pbmc5k,scvi_matched,2,l2
CD8 Naive,CD4 TEM,0.0,pbmc10k_to_pbmc5k,scvi_matched,2,l2
CD8 TCM,CD4 TEM,0.17647058823529413,pbmc10k_to_pbmc5k,scvi_matched,2,l2
CD8 TEM,CD4 TEM,0.04081632653061224,pbmc10k_to_pbmc5k,scvi_matched,2,l2
Eryth,CD4 TEM,0.0,pbmc10k_to_pbmc5k,scvi_matched,2,l2
ILC,CD4 TEM,0.1326530612244898,pbmc10k_to_pbmc5k,scvi_matched,2,l2
MAIT,CD4 TEM,0.08333333333333333,pbmc10k_to_pbmc5k,scvi_matched,2,l2
NK,CD4 TEM,0.0,pbmc10k_to_pbmc5k,scvi_matched,2,l2
NK_CD56bright,CD4 TEM,0.0,pbmc10k_to_pbmc5k,scvi_matched,2,l2
Treg,CD4 TEM,0.01694915254237288,pbmc10k_to_pbmc5k,scvi_matched,2,l2
cDC2,CD4 TEM,0.0,pbmc10k_to_pbmc5k,scvi_matched,2,l2
dnT,CD4 TEM,0.0,pbmc10k_to_pbmc5k,scvi_matched,2,l2
gdT,CD4 TEM,0.04225352112676056,pbmc10k_to_pbmc5k,scvi_matched,2,l2
pDC,CD4 TEM,0.0,pbmc10k_to_pbmc5k,scvi_matched,2,l2
B intermediate,CD8 Naive,0.0,pbmc10k_to_pbmc5k,scvi_matched,2,l2
B memory,CD8 Naive,0.0,pbmc10k_to_pbmc5k,scvi_matched,2,l2
B naive,CD8 Naive,0.0,pbmc10k_to_pbmc5k,scvi_matched,2,l2
CD14 Mono,CD8 Naive,0.0,pbmc10k_to_pbmc5k,scvi_matched,2,l2
CD16 Mono,CD8 Naive,0.0,pbmc10k_to_pbmc5k,scvi_matched,2,l2
CD4 CTL,CD8 Naive,0.0,pbmc10k_to_pbmc5k,scvi_matched,2,l2
CD4 Naive,CD8 Naive,0.013227513227513227,pbmc10k_to_pbmc5k,scvi_matched,2,l2
CD4 TCM,CD8 Naive,0.0,pbmc10k_to_pbmc5k,scvi_matched,2,l2
CD4 TEM,CD8 Naive,0.0,pbmc10k_to_pbmc5k,scvi_matched,2,l2
CD8 Naive,CD8 Naive,0.9791666666666666,pbmc10k_to_pbmc5k,scvi_matched,2,l2
CD8 TCM,CD8 Naive,0.23529411764705882,pbmc10k_to_pbmc5k,scvi_matched,2,l2
CD8 TEM,CD8 Naive,0.0,pbmc10k_to_pbmc5k,scvi_matched,2,l2
Eryth,CD8 Naive,0.0,pbmc10k_to_pbmc5k,scvi_matched,2,l2
ILC,CD8 Naive,0.0,pbmc10k_to_pbmc5k,scvi_matched,2,l2
MAIT,CD8 Naive,0.0,pbmc10k_to_pbmc5k,scvi_matched,2,l2
NK,CD8 Naive,0.0,pbmc10k_to_pbmc5k,scvi_matched,2,l2
NK_CD56bright,CD8 Naive,0.0,pbmc10k_to_pbmc5k,scvi_matched,2,l2
Treg,CD8 Naive,0.0,pbmc10k_to_pbmc5k,scvi_matched,2,l2
cDC2,CD8 Naive,0.0,pbmc10k_to_pbmc5k,scvi_matched,2,l2
dnT,CD8 Naive,0.07142857142857142,pbmc10k_to_pbmc5k,scvi_matched,2,l2
gdT,CD8 Naive,0.028169014084507043,pbmc10k_to_pbmc5k,scvi_matched,2,l2
pDC,CD8 Naive,0.0,pbmc10k_to_pbmc5k,scvi_matched,2,l2
B intermediate,CD8 TCM,0.0,pbmc10k_to_pbmc5k,scvi_matched,2,l2
B memory,CD8 TCM,0.0,pbmc10k_to_pbmc5k,scvi_matched,2,l2
B naive,CD8 TCM,0.0,pbmc10k_to_pbmc5k,scvi_matched,2,l2
CD14 Mono,CD8 TCM,0.0,pbmc10k_to_pbmc5k,scvi_matched,2,l2
CD16 Mono,CD8 TCM,0.0,pbmc10k_to_pbmc5k,scvi_matched,2,l2
CD4 CTL,CD8 TCM,0.0,pbmc10k_to_pbmc5k,scvi_matched,2,l2
CD4 Naive,CD8 TCM,0.0,pbmc10k_to_pbmc5k,scvi_matched,2,l2
CD4 TCM,CD8 TCM,0.012232415902140673,pbmc10k_to_pbmc5k,scvi_matched,2,l2
CD4 TEM,CD8 TCM,0.04044117647058824,pbmc10k_to_pbmc5k,scvi_matched,2,l2
CD8 Naive,CD8 TCM,0.0,pbmc10k_to_pbmc5k,scvi_matched,2,l2
CD8 TCM,CD8 TCM,0.4411764705882353,pbmc10k_to_pbmc5k,scvi_matched,2,l2
CD8 TEM,CD8 TCM,0.047619047619047616,pbmc10k_to_pbmc5k,scvi_matched,2,l2
Eryth,CD8 TCM,0.0,pbmc10k_to_pbmc5k,scvi_matched,2,l2
ILC,CD8 TCM,0.030612244897959183,pbmc10k_to_pbmc5k,scvi_matched,2,l2
MAIT,CD8 TCM,0.0,pbmc10k_to_pbmc5k,scvi_matched,2,l2
NK,CD8 TCM,0.0,pbmc10k_to_pbmc5k,scvi_matched,2,l2
NK_CD56bright,CD8 TCM,0.0,pbmc10k_to_pbmc5k,scvi_matched,2,l2
Treg,CD8 TCM,0.0,pbmc10k_to_pbmc5k,scvi_matched,2,l2
cDC2,CD8 TCM,0.0,pbmc10k_to_pbmc5k,scvi_matched,2,l2
dnT,CD8 TCM,0.0,pbmc10k_to_pbmc5k,scvi_matched,2,l2
gdT,CD8 TCM,0.028169014084507043,pbmc10k_to_pbmc5k,scvi_matched,2,l2
pDC,CD8 TCM,0.0,pbmc10k_to_pbmc5k,scvi_matched,2,l2
B intermediate,CD8 TEM,0.0,pbmc10k_to_pbmc5k,scvi_matched,2,l2
B memory,CD8 TEM,0.0,pbmc10k_to_pbmc5k,scvi_matched,2,l2
B naive,CD8 TEM,0.0,pbmc10k_to_pbmc5k,scvi_matched,2,l2
CD14 Mono,CD8 TEM,0.0,pbmc10k_to_pbmc5k,scvi_matched,2,l2
CD16 Mono,CD8 TEM,0.0,pbmc10k_to_pbmc5k,scvi_matched,2,l2
CD4 CTL,CD8 TEM,0.0975609756097561,pbmc10k_to_pbmc5k,scvi_matched,2,l2
CD4 Naive,CD8 TEM,0.0,pbmc10k_to_pbmc5k,scvi_matched,2,l2
CD4 TCM,CD8 TEM,0.0061162079510703364,pbmc10k_to_pbmc5k,scvi_matched,2,l2
CD4 TEM,CD8 TEM,0.03308823529411765,pbmc10k_to_pbmc5k,scvi_matched,2,l2
CD8 Naive,CD8 TEM,0.0,pbmc10k_to_pbmc5k,scvi_matched,2,l2
CD8 TCM,CD8 TEM,0.058823529411764705,pbmc10k_to_pbmc5k,scvi_matched,2,l2
CD8 TEM,CD8 TEM,0.8639455782312925,pbmc10k_to_pbmc5k,scvi_matched,2,l2
Eryth,CD8 TEM,0.0,pbmc10k_to_pbmc5k,scvi_matched,2,l2
ILC,CD8 TEM,0.02040816326530612,pbmc10k_to_pbmc5k,scvi_matched,2,l2
MAIT,CD8 TEM,0.08333333333333333,pbmc10k_to_pbmc5k,scvi_matched,2,l2
NK,CD8 TEM,0.0,pbmc10k_to_pbmc5k,scvi_matched,2,l2
NK_CD56bright,CD8 TEM,0.0,pbmc10k_to_pbmc5k,scvi_matched,2,l2
Treg,CD8 TEM,0.06779661016949153,pbmc10k_to_pbmc5k,scvi_matched,2,l2
cDC2,CD8 TEM,0.0,pbmc10k_to_pbmc5k,scvi_matched,2,l2
dnT,CD8 TEM,0.0,pbmc10k_to_pbmc5k,scvi_matched,2,l2
gdT,CD8 TEM,0.14084507042253522,pbmc10k_to_pbmc5k,scvi_matched,2,l2
pDC,CD8 TEM,0.0,pbmc10k_to_pbmc5k,scvi_matched,2,l2
B intermediate,Eryth,0.0,pbmc10k_to_pbmc5k,scvi_matched,2,l2
B memory,Eryth,0.0,pbmc10k_to_pbmc5k,scvi_matched,2,l2
B naive,Eryth,0.0,pbmc10k_to_pbmc5k,scvi_matched,2,l2
CD14 Mono,Eryth,0.0032017075773745998,pbmc10k_to_pbmc5k,scvi_matched,2,l2
CD16 Mono,Eryth,0.0,pbmc10k_to_pbmc5k,scvi_matched,2,l2
CD4 CTL,Eryth,0.0,pbmc10k_to_pbmc5k,scvi_matched,2,l2
CD4 Naive,Eryth,0.0,pbmc10k_to_pbmc5k,scvi_matched,2,l2
CD4 TCM,Eryth,0.01529051987767584,pbmc10k_to_pbmc5k,scvi_matched,2,l2
CD4 TEM,Eryth,0.0,pbmc10k_to_pbmc5k,scvi_matched,2,l2
CD8 Naive,Eryth,0.0,pbmc10k_to_pbmc5k,scvi_matched,2,l2
CD8 TCM,Eryth,0.0,pbmc10k_to_pbmc5k,scvi_matched,2,l2
CD8 TEM,Eryth,0.0,pbmc10k_to_pbmc5k,scvi_matched,2,l2
Eryth,Eryth,0.47674418604651164,pbmc10k_to_pbmc5k,scvi_matched,2,l2
ILC,Eryth,0.05102040816326531,pbmc10k_to_pbmc5k,scvi_matched,2,l2
MAIT,Eryth,0.0,pbmc10k_to_pbmc5k,scvi_matched,2,l2
NK,Eryth,0.0,pbmc10k_to_pbmc5k,scvi_matched,2,l2
NK_CD56bright,Eryth,0.0,pbmc10k_to_pbmc5k,scvi_matched,2,l2
Treg,Eryth,0.01694915254237288,pbmc10k_to_pbmc5k,scvi_matched,2,l2
cDC2,Eryth,0.0,pbmc10k_to_pbmc5k,scvi_matched,2,l2
dnT,Eryth,0.0,pbmc10k_to_pbmc5k,scvi_matched,2,l2
gdT,Eryth,0.0,pbmc10k_to_pbmc5k,scvi_matched,2,l2
pDC,Eryth,0.0,pbmc10k_to_pbmc5k,scvi_matched,2,l2
B intermediate,ILC,0.0,pbmc10k_to_pbmc5k,scvi_matched,2,l2
B memory,ILC,0.0,pbmc10k_to_pbmc5k,scvi_matched,2,l2
B naive,ILC,0.0,pbmc10k_to_pbmc5k,scvi_matched,2,l2
CD14 Mono,ILC,0.0,pbmc10k_to_pbmc5k,scvi_matched,2,l2
CD16 Mono,ILC,0.007633587786259542,pbmc10k_to_pbmc5k,scvi_matched,2,l2
CD4 CTL,ILC,0.0,pbmc10k_to_pbmc5k,scvi_matched,2,l2
CD4 Naive,ILC,0.0026455026455026454,pbmc10k_to_pbmc5k,scvi_matched,2,l2
CD4 TCM,ILC,0.021406727828746176,pbmc10k_to_pbmc5k,scvi_matched,2,l2
CD4 TEM,ILC,0.011029411764705883,pbmc10k_to_pbmc5k,scvi_matched,2,l2
CD8 Naive,ILC,0.0,pbmc10k_to_pbmc5k,scvi_matched,2,l2
CD8 TCM,ILC,0.0,pbmc10k_to_pbmc5k,scvi_matched,2,l2
CD8 TEM,ILC,0.0,pbmc10k_to_pbmc5k,scvi_matched,2,l2
Eryth,ILC,0.0,pbmc10k_to_pbmc5k,scvi_matched,2,l2
ILC,ILC,0.15306122448979592,pbmc10k_to_pbmc5k,scvi_matched,2,l2
MAIT,ILC,0.0,pbmc10k_to_pbmc5k,scvi_matched,2,l2
NK,ILC,0.0,pbmc10k_to_pbmc5k,scvi_matched,2,l2
NK_CD56bright,ILC,0.0,pbmc10k_to_pbmc5k,scvi_matched,2,l2
Treg,ILC,0.0,pbmc10k_to_pbmc5k,scvi_matched,2,l2
cDC2,ILC,0.0,pbmc10k_to_pbmc5k,scvi_matched,2,l2
dnT,ILC,0.0,pbmc10k_to_pbmc5k,scvi_matched,2,l2
gdT,ILC,0.0,pbmc10k_to_pbmc5k,scvi_matched,2,l2
pDC,ILC,0.0,pbmc10k_to_pbmc5k,scvi_matched,2,l2
B intermediate,MAIT,0.0,pbmc10k_to_pbmc5k,scvi_matched,2,l2
B memory,MAIT,0.0,pbmc10k_to_pbmc5k,scvi_matched,2,l2
B naive,MAIT,0.0,pbmc10k_to_pbmc5k,scvi_matched,2,l2
CD14 Mono,MAIT,0.0,pbmc10k_to_pbmc5k,scvi_matched,2,l2
CD16 Mono,MAIT,0.0,pbmc10k_to_pbmc5k,scvi_matched,2,l2
CD4 CTL,MAIT,0.0,pbmc10k_to_pbmc5k,scvi_matched,2,l2
CD4 Naive,MAIT,0.0,pbmc10k_to_pbmc5k,scvi_matched,2,l2
CD4 TCM,MAIT,0.0,pbmc10k_to_pbmc5k,scvi_matched,2,l2
CD4 TEM,MAIT,0.011029411764705883,pbmc10k_to_pbmc5k,scvi_matched,2,l2
CD8 Naive,MAIT,0.0,pbmc10k_to_pbmc5k,scvi_matched,2,l2
CD8 TCM,MAIT,0.0,pbmc10k_to_pbmc5k,scvi_matched,2,l2
CD8 TEM,MAIT,0.006802721088435374,pbmc10k_to_pbmc5k,scvi_matched,2,l2
Eryth,MAIT,0.0,pbmc10k_to_pbmc5k,scvi_matched,2,l2
ILC,MAIT,0.0,pbmc10k_to_pbmc5k,scvi_matched,2,l2
MAIT,MAIT,0.7916666666666666,pbmc10k_to_pbmc5k,scvi_matched,2,l2
NK,MAIT,0.0,pbmc10k_to_pbmc5k,scvi_matched,2,l2
NK_CD56bright,MAIT,0.03333333333333333,pbmc10k_to_pbmc5k,scvi_matched,2,l2
Treg,MAIT,0.0,pbmc10k_to_pbmc5k,scvi_matched,2,l2
cDC2,MAIT,0.0,pbmc10k_to_pbmc5k,scvi_matched,2,l2
dnT,MAIT,0.0,pbmc10k_to_pbmc5k,scvi_matched,2,l2
gdT,MAIT,0.2676056338028169,pbmc10k_to_pbmc5k,scvi_matched,2,l2
pDC,MAIT,0.0,pbmc10k_to_pbmc5k,scvi_matched,2,l2
B intermediate,NK,0.0,pbmc10k_to_pbmc5k,scvi_matched,2,l2
B memory,NK,0.0,pbmc10k_to_pbmc5k,scvi_matched,2,l2
B naive,NK,0.0,pbmc10k_to_pbmc5k,scvi_matched,2,l2
CD14 Mono,NK,0.0,pbmc10k_to_pbmc5k,scvi_matched,2,l2
CD16 Mono,NK,0.0,pbmc10k_to_pbmc5k,scvi_matched,2,l2
CD4 CTL,NK,0.0,pbmc10k_to_pbmc5k,scvi_matched,2,l2
CD4 Naive,NK,0.0,pbmc10k_to_pbmc5k,scvi_matched,2,l2
CD4 TCM,NK,0.0,pbmc10k_to_pbmc5k,scvi_matched,2,l2
CD4 TEM,NK,0.0,pbmc10k_to_pbmc5k,scvi_matched,2,l2
CD8 Naive,NK,0.0,pbmc10k_to_pbmc5k,scvi_matched,2,l2
CD8 TCM,NK,0.0,pbmc10k_to_pbmc5k,scvi_matched,2,l2
CD8 TEM,NK,0.02040816326530612,pbmc10k_to_pbmc5k,scvi_matched,2,l2
Eryth,NK,0.0,pbmc10k_to_pbmc5k,scvi_matched,2,l2
ILC,NK,0.0,pbmc10k_to_pbmc5k,scvi_matched,2,l2
MAIT,NK,0.0,pbmc10k_to_pbmc5k,scvi_matched,2,l2
NK,NK,1.0,pbmc10k_to_pbmc5k,scvi_matched,2,l2
NK_CD56bright,NK,0.06666666666666667,pbmc10k_to_pbmc5k,scvi_matched,2,l2
Treg,NK,0.0,pbmc10k_to_pbmc5k,scvi_matched,2,l2
cDC2,NK,0.0,pbmc10k_to_pbmc5k,scvi_matched,2,l2
dnT,NK,0.0,pbmc10k_to_pbmc5k,scvi_matched,2,l2
gdT,NK,0.2535211267605634,pbmc10k_to_pbmc5k,scvi_matched,2,l2
pDC,NK,0.0,pbmc10k_to_pbmc5k,scvi_matched,2,l2
B intermediate,NK_CD56bright,0.0,pbmc10k_to_pbmc5k,scvi_matched,2,l2
B memory,NK_CD56bright,0.0,pbmc10k_to_pbmc5k,scvi_matched,2,l2
B naive,NK_CD56bright,0.0,pbmc10k_to_pbmc5k,scvi_matched,2,l2
CD14 Mono,NK_CD56bright,0.0,pbmc10k_to_pbmc5k,scvi_matched,2,l2
CD16 Mono,NK_CD56bright,0.0,pbmc10k_to_pbmc5k,scvi_matched,2,l2
CD4 CTL,NK_CD56bright,0.0,pbmc10k_to_pbmc5k,scvi_matched,2,l2
CD4 Naive,NK_CD56bright,0.0,pbmc10k_to_pbmc5k,scvi_matched,2,l2
CD4 TCM,NK_CD56bright,0.0,pbmc10k_to_pbmc5k,scvi_matched,2,l2
CD4 TEM,NK_CD56bright,0.0,pbmc10k_to_pbmc5k,scvi_matched,2,l2
CD8 Naive,NK_CD56bright,0.0,pbmc10k_to_pbmc5k,scvi_matched,2,l2
CD8 TCM,NK_CD56bright,0.0,pbmc10k_to_pbmc5k,scvi_matched,2,l2
CD8 TEM,NK_CD56bright,0.0,pbmc10k_to_pbmc5k,scvi_matched,2,l2
Eryth,NK_CD56bright,0.0,pbmc10k_to_pbmc5k,scvi_matched,2,l2
ILC,NK_CD56bright,0.0,pbmc10k_to_pbmc5k,scvi_matched,2,l2
MAIT,NK_CD56bright,0.0,pbmc10k_to_pbmc5k,scvi_matched,2,l2
NK,NK_CD56bright,0.0,pbmc10k_to_pbmc5k,scvi_matched,2,l2
NK_CD56bright,NK_CD56bright,0.8666666666666667,pbmc10k_to_pbmc5k,scvi_matched,2,l2
Treg,NK_CD56bright,0.0,pbmc10k_to_pbmc5k,scvi_matched,2,l2
cDC2,NK_CD56bright,0.0,pbmc10k_to_pbmc5k,scvi_matched,2,l2
dnT,NK_CD56bright,0.0,pbmc10k_to_pbmc5k,scvi_matched,2,l2
gdT,NK_CD56bright,0.0,pbmc10k_to_pbmc5k,scvi_matched,2,l2
pDC,NK_CD56bright,0.0,pbmc10k_to_pbmc5k,scvi_matched,2,l2
B intermediate,Treg,0.0,pbmc10k_to_pbmc5k,scvi_matched,2,l2
B memory,Treg,0.0,pbmc10k_to_pbmc5k,scvi_matched,2,l2
B naive,Treg,0.0,pbmc10k_to_pbmc5k,scvi_matched,2,l2
CD14 Mono,Treg,0.0,pbmc10k_to_pbmc5k,scvi_matched,2,l2
CD16 Mono,Treg,0.0,pbmc10k_to_pbmc5k,scvi_matched,2,l2
CD4 CTL,Treg,0.0,pbmc10k_to_pbmc5k,scvi_matched,2,l2
CD4 Naive,Treg,0.0,pbmc10k_to_pbmc5k,scvi_matched,2,l2
CD4 TCM,Treg,0.0030581039755351682,pbmc10k_to_pbmc5k,scvi_matched,2,l2
CD4 TEM,Treg,0.003676470588235294,pbmc10k_to_pbmc5k,scvi_matched,2,l2
CD8 Naive,Treg,0.0,pbmc10k_to_pbmc5k,scvi_matched,2,l2
CD8 TCM,Treg,0.0,pbmc10k_to_pbmc5k,scvi_matched,2,l2
CD8 TEM,Treg,0.0,pbmc10k_to_pbmc5k,scvi_matched,2,l2
Eryth,Treg,0.0,pbmc10k_to_pbmc5k,scvi_matched,2,l2
ILC,Treg,0.0,pbmc10k_to_pbmc5k,scvi_matched,2,l2
MAIT,Treg,0.0,pbmc10k_to_pbmc5k,scvi_matched,2,l2
NK,Treg,0.0,pbmc10k_to_pbmc5k,scvi_matched,2,l2
NK_CD56bright,Treg,0.0,pbmc10k_to_pbmc5k,scvi_matched,2,l2
Treg,Treg,0.1694915254237288,pbmc10k_to_pbmc5k,scvi_matched,2,l2
cDC2,Treg,0.0,pbmc10k_to_pbmc5k,scvi_matched,2,l2
dnT,Treg,0.07142857142857142,pbmc10k_to_pbmc5k,scvi_matched,2,l2
gdT,Treg,0.0,pbmc10k_to_pbmc5k,scvi_matched,2,l2
pDC,Treg,0.0,pbmc10k_to_pbmc5k,scvi_matched,2,l2
B intermediate,cDC2,0.0,pbmc10k_to_pbmc5k,scvi_matched,2,l2
B memory,cDC2,0.0,pbmc10k_to_pbmc5k,scvi_matched,2,l2
B naive,cDC2,0.0,pbmc10k_to_pbmc5k,scvi_matched,2,l2
CD14 Mono,cDC2,0.0032017075773745998,pbmc10k_to_pbmc5k,scvi_matched,2,l2
CD16 Mono,cDC2,0.015267175572519083,pbmc10k_to_pbmc5k,scvi_matched,2,l2
CD4 CTL,cDC2,0.0,pbmc10k_to_pbmc5k,scvi_matched,2,l2
CD4 Naive,cDC2,0.0,pbmc10k_to_pbmc5k,scvi_matched,2,l2
CD4 TCM,cDC2,0.0,pbmc10k_to_pbmc5k,scvi_matched,2,l2
CD4 TEM,cDC2,0.0,pbmc10k_to_pbmc5k,scvi_matched,2,l2
CD8 Naive,cDC2,0.0,pbmc10k_to_pbmc5k,scvi_matched,2,l2
CD8 TCM,cDC2,0.0,pbmc10k_to_pbmc5k,scvi_matched,2,l2
CD8 TEM,cDC2,0.0,pbmc10k_to_pbmc5k,scvi_matched,2,l2
Eryth,cDC2,0.0,pbmc10k_to_pbmc5k,scvi_matched,2,l2
ILC,cDC2,0.01020408163265306,pbmc10k_to_pbmc5k,scvi_matched,2,l2
MAIT,cDC2,0.0,pbmc10k_to_pbmc5k,scvi_matched,2,l2
NK,cDC2,0.0,pbmc10k_to_pbmc5k,scvi_matched,2,l2
NK_CD56bright,cDC2,0.0,pbmc10k_to_pbmc5k,scvi_matched,2,l2
Treg,cDC2,0.0,pbmc10k_to_pbmc5k,scvi_matched,2,l2
cDC2,cDC2,0.968,pbmc10k_to_pbmc5k,scvi_matched,2,l2
dnT,cDC2,0.0,pbmc10k_to_pbmc5k,scvi_matched,2,l2
gdT,cDC2,0.0,pbmc10k_to_pbmc5k,scvi_matched,2,l2
pDC,cDC2,0.0,pbmc10k_to_pbmc5k,scvi_matched,2,l2
B intermediate,dnT,0.0,pbmc10k_to_pbmc5k,scvi_matched,2,l2
B memory,dnT,0.0,pbmc10k_to_pbmc5k,scvi_matched,2,l2
B naive,dnT,0.0,pbmc10k_to_pbmc5k,scvi_matched,2,l2
CD14 Mono,dnT,0.0,pbmc10k_to_pbmc5k,scvi_matched,2,l2
CD16 Mono,dnT,0.0,pbmc10k_to_pbmc5k,scvi_matched,2,l2
CD4 CTL,dnT,0.0,pbmc10k_to_pbmc5k,scvi_matched,2,l2
CD4 Naive,dnT,0.0,pbmc10k_to_pbmc5k,scvi_matched,2,l2
CD4 TCM,dnT,0.0,pbmc10k_to_pbmc5k,scvi_matched,2,l2
CD4 TEM,dnT,0.0,pbmc10k_to_pbmc5k,scvi_matched,2,l2
CD8 Naive,dnT,0.0,pbmc10k_to_pbmc5k,scvi_matched,2,l2
CD8 TCM,dnT,0.0,pbmc10k_to_pbmc5k,scvi_matched,2,l2
CD8 TEM,dnT,0.0,pbmc10k_to_pbmc5k,scvi_matched,2,l2
Eryth,dnT,0.0,pbmc10k_to_pbmc5k,scvi_matched,2,l2
ILC,dnT,0.0,pbmc10k_to_pbmc5k,scvi_matched,2,l2
MAIT,dnT,0.0,pbmc10k_to_pbmc5k,scvi_matched,2,l2
NK,dnT,0.0,pbmc10k_to_pbmc5k,scvi_matched,2,l2
NK_CD56bright,dnT,0.0,pbmc10k_to_pbmc5k,scvi_matched,2,l2
Treg,dnT,0.03389830508474576,pbmc10k_to_pbmc5k,scvi_matched,2,l2
cDC2,dnT,0.0,pbmc10k_to_pbmc5k,scvi_matched,2,l2
dnT,dnT,0.0,pbmc10k_to_pbmc5k,scvi_matched,2,l2
gdT,dnT,0.0,pbmc10k_to_pbmc5k,scvi_matched,2,l2
pDC,dnT,0.0,pbmc10k_to_pbmc5k,scvi_matched,2,l2
B intermediate,gdT,0.0,pbmc10k_to_pbmc5k,scvi_matched,2,l2
B memory,gdT,0.0,pbmc10k_to_pbmc5k,scvi_matched,2,l2
B naive,gdT,0.0,pbmc10k_to_pbmc5k,scvi_matched,2,l2
CD14 Mono,gdT,0.0,pbmc10k_to_pbmc5k,scvi_matched,2,l2
CD16 Mono,gdT,0.0,pbmc10k_to_pbmc5k,scvi_matched,2,l2
CD4 CTL,gdT,0.0,pbmc10k_to_pbmc5k,scvi_matched,2,l2
CD4 Naive,gdT,0.0,pbmc10k_to_pbmc5k,scvi_matched,2,l2
CD4 TCM,gdT,0.0,pbmc10k_to_pbmc5k,scvi_matched,2,l2
CD4 TEM,gdT,0.007352941176470588,pbmc10k_to_pbmc5k,scvi_matched,2,l2
CD8 Naive,gdT,0.0,pbmc10k_to_pbmc5k,scvi_matched,2,l2
CD8 TCM,gdT,0.0,pbmc10k_to_pbmc5k,scvi_matched,2,l2
CD8 TEM,gdT,0.006802721088435374,pbmc10k_to_pbmc5k,scvi_matched,2,l2
Eryth,gdT,0.0,pbmc10k_to_pbmc5k,scvi_matched,2,l2
ILC,gdT,0.0,pbmc10k_to_pbmc5k,scvi_matched,2,l2
MAIT,gdT,0.041666666666666664,pbmc10k_to_pbmc5k,scvi_matched,2,l2
NK,gdT,0.0,pbmc10k_to_pbmc5k,scvi_matched,2,l2
NK_CD56bright,gdT,0.03333333333333333,pbmc10k_to_pbmc5k,scvi_matched,2,l2
Treg,gdT,0.0,pbmc10k_to_pbmc5k,scvi_matched,2,l2
cDC2,gdT,0.0,pbmc10k_to_pbmc5k,scvi_matched,2,l2
dnT,gdT,0.07142857142857142,pbmc10k_to_pbmc5k,scvi_matched,2,l2
gdT,gdT,0.23943661971830985,pbmc10k_to_pbmc5k,scvi_matched,2,l2
pDC,gdT,0.0,pbmc10k_to_pbmc5k,scvi_matched,2,l2
B intermediate,pDC,0.0,pbmc10k_to_pbmc5k,scvi_matched,2,l2
B memory,pDC,0.0,pbmc10k_to_pbmc5k,scvi_matched,2,l2
B naive,pDC,0.0,pbmc10k_to_pbmc5k,scvi_matched,2,l2
CD14 Mono,pDC,0.0,pbmc10k_to_pbmc5k,scvi_matched,2,l2
CD16 Mono,pDC,0.0,pbmc10k_to_pbmc5k,scvi_matched,2,l2
CD4 CTL,pDC,0.0,pbmc10k_to_pbmc5k,scvi_matched,2,l2
CD4 Naive,pDC,0.0,pbmc10k_to_pbmc5k,scvi_matched,2,l2
CD4 TCM,pDC,0.0,pbmc10k_to_pbmc5k,scvi_matched,2,l2
CD4 TEM,pDC,0.0,pbmc10k_to_pbmc5k,scvi_matched,2,l2
CD8 Naive,pDC,0.0,pbmc10k_to_pbmc5k,scvi_matched,2,l2
CD8 TCM,pDC,0.0,pbmc10k_to_pbmc5k,scvi_matched,2,l2
CD8 TEM,pDC,0.0,pbmc10k_to_pbmc5k,scvi_matched,2,l2
Eryth,pDC,0.011627906976744186,pbmc10k_to_pbmc5k,scvi_matched,2,l2
ILC,pDC,0.0,pbmc10k_to_pbmc5k,scvi_matched,2,l2
MAIT,pDC,0.0,pbmc10k_to_pbmc5k,scvi_matched,2,l2
NK,pDC,0.0,pbmc10k_to_pbmc5k,scvi_matched,2,l2
NK_CD56bright,pDC,0.0,pbmc10k_to_pbmc5k,scvi_matched,2,l2
Treg,pDC,0.0,pbmc10k_to_pbmc5k,scvi_matched,2,l2
cDC2,pDC,0.0,pbmc10k_to_pbmc5k,scvi_matched,2,l2
dnT,pDC,0.0,pbmc10k_to_pbmc5k,scvi_matched,2,l2
gdT,pDC,0.0,pbmc10k_to_pbmc5k,scvi_matched,2,l2
pDC,pDC,1.0,pbmc10k_to_pbmc5k,scvi_matched,2,l2
B intermediate,B intermediate,0.6515151515151515,pbmc10k_to_pbmc5k,totalvi,2,l2
B memory,B intermediate,0.17721518987341772,pbmc10k_to_pbmc5k,totalvi,2,l2
B naive,B intermediate,0.0390625,pbmc10k_to_pbmc5k,totalvi,2,l2
CD14 Mono,B intermediate,0.0,pbmc10k_to_pbmc5k,totalvi,2,l2
CD16 Mono,B intermediate,0.0,pbmc10k_to_pbmc5k,totalvi,2,l2
CD4 CTL,B intermediate,0.0,pbmc10k_to_pbmc5k,totalvi,2,l2
CD4 Naive,B intermediate,0.0,pbmc10k_to_pbmc5k,totalvi,2,l2
CD4 TCM,B intermediate,0.0,pbmc10k_to_pbmc5k,totalvi,2,l2
CD4 TEM,B intermediate,0.0,pbmc10k_to_pbmc5k,totalvi,2,l2
CD8 Naive,B intermediate,0.0,pbmc10k_to_pbmc5k,totalvi,2,l2
CD8 TCM,B intermediate,0.0,pbmc10k_to_pbmc5k,totalvi,2,l2
CD8 TEM,B intermediate,0.0,pbmc10k_to_pbmc5k,totalvi,2,l2
Eryth,B intermediate,0.0,pbmc10k_to_pbmc5k,totalvi,2,l2
ILC,B intermediate,0.0,pbmc10k_to_pbmc5k,totalvi,2,l2
MAIT,B intermediate,0.0,pbmc10k_to_pbmc5k,totalvi,2,l2
NK,B intermediate,0.0,pbmc10k_to_pbmc5k,totalvi,2,l2
NK_CD56bright,B intermediate,0.0,pbmc10k_to_pbmc5k,totalvi,2,l2
Treg,B intermediate,0.0,pbmc10k_to_pbmc5k,totalvi,2,l2
cDC2,B intermediate,0.0,pbmc10k_to_pbmc5k,totalvi,2,l2
dnT,B intermediate,0.0,pbmc10k_to_pbmc5k,totalvi,2,l2
gdT,B intermediate,0.0,pbmc10k_to_pbmc5k,totalvi,2,l2
pDC,B intermediate,0.0,pbmc10k_to_pbmc5k,totalvi,2,l2
B intermediate,B memory,0.3333333333333333,pbmc10k_to_pbmc5k,totalvi,2,l2
B memory,B memory,0.810126582278481,pbmc10k_to_pbmc5k,totalvi,2,l2
B naive,B memory,0.0,pbmc10k_to_pbmc5k,totalvi,2,l2
CD14 Mono,B memory,0.0,pbmc10k_to_pbmc5k,totalvi,2,l2
CD16 Mono,B memory,0.0,pbmc10k_to_pbmc5k,totalvi,2,l2
CD4 CTL,B memory,0.0,pbmc10k_to_pbmc5k,totalvi,2,l2
CD4 Naive,B memory,0.0,pbmc10k_to_pbmc5k,totalvi,2,l2
CD4 TCM,B memory,0.0,pbmc10k_to_pbmc5k,totalvi,2,l2
CD4 TEM,B memory,0.0,pbmc10k_to_pbmc5k,totalvi,2,l2
CD8 Naive,B memory,0.0,pbmc10k_to_pbmc5k,totalvi,2,l2
CD8 TCM,B memory,0.0,pbmc10k_to_pbmc5k,totalvi,2,l2
CD8 TEM,B memory,0.0,pbmc10k_to_pbmc5k,totalvi,2,l2
Eryth,B memory,0.0,pbmc10k_to_pbmc5k,totalvi,2,l2
ILC,B memory,0.0,pbmc10k_to_pbmc5k,totalvi,2,l2
MAIT,B memory,0.0,pbmc10k_to_pbmc5k,totalvi,2,l2
NK,B memory,0.0,pbmc10k_to_pbmc5k,totalvi,2,l2
NK_CD56bright,B memory,0.0,pbmc10k_to_pbmc5k,totalvi,2,l2
Treg,B memory,0.0,pbmc10k_to_pbmc5k,totalvi,2,l2
cDC2,B memory,0.0,pbmc10k_to_pbmc5k,totalvi,2,l2
dnT,B memory,0.0,pbmc10k_to_pbmc5k,totalvi,2,l2
gdT,B memory,0.0,pbmc10k_to_pbmc5k,totalvi,2,l2
pDC,B memory,0.0,pbmc10k_to_pbmc5k,totalvi,2,l2
B intermediate,B naive,0.015151515151515152,pbmc10k_to_pbmc5k,totalvi,2,l2
B memory,B naive,0.012658227848101266,pbmc10k_to_pbmc5k,totalvi,2,l2
B naive,B naive,0.9609375,pbmc10k_to_pbmc5k,totalvi,2,l2
CD14 Mono,B naive,0.0,pbmc10k_to_pbmc5k,totalvi,2,l2
CD16 Mono,B naive,0.0,pbmc10k_to_pbmc5k,totalvi,2,l2
CD4 CTL,B naive,0.0,pbmc10k_to_pbmc5k,totalvi,2,l2
CD4 Naive,B naive,0.0,pbmc10k_to_pbmc5k,totalvi,2,l2
CD4 TCM,B naive,0.0,pbmc10k_to_pbmc5k,totalvi,2,l2
CD4 TEM,B naive,0.0,pbmc10k_to_pbmc5k,totalvi,2,l2
CD8 Naive,B naive,0.0,pbmc10k_to_pbmc5k,totalvi,2,l2
CD8 TCM,B naive,0.0,pbmc10k_to_pbmc5k,totalvi,2,l2
CD8 TEM,B naive,0.0,pbmc10k_to_pbmc5k,totalvi,2,l2
Eryth,B naive,0.0,pbmc10k_to_pbmc5k,totalvi,2,l2
ILC,B naive,0.0,pbmc10k_to_pbmc5k,totalvi,2,l2
MAIT,B naive,0.0,pbmc10k_to_pbmc5k,totalvi,2,l2
NK,B naive,0.0,pbmc10k_to_pbmc5k,totalvi,2,l2
NK_CD56bright,B naive,0.0,pbmc10k_to_pbmc5k,totalvi,2,l2
Treg,B naive,0.0,pbmc10k_to_pbmc5k,totalvi,2,l2
cDC2,B naive,0.0,pbmc10k_to_pbmc5k,totalvi,2,l2
dnT,B naive,0.0,pbmc10k_to_pbmc5k,totalvi,2,l2
gdT,B naive,0.0,pbmc10k_to_pbmc5k,totalvi,2,l2
pDC,B naive,0.0,pbmc10k_to_pbmc5k,totalvi,2,l2
B intermediate,CD14 Mono,0.0,pbmc10k_to_pbmc5k,totalvi,2,l2
B memory,CD14 Mono,0.0,pbmc10k_to_pbmc5k,totalvi,2,l2
B naive,CD14 Mono,0.0,pbmc10k_to_pbmc5k,totalvi,2,l2
CD14 Mono,CD14 Mono,0.9989327641408752,pbmc10k_to_pbmc5k,totalvi,2,l2
CD16 Mono,CD14 Mono,0.1450381679389313,pbmc10k_to_pbmc5k,totalvi,2,l2
CD4 CTL,CD14 Mono,0.0,pbmc10k_to_pbmc5k,totalvi,2,l2
CD4 Naive,CD14 Mono,0.0,pbmc10k_to_pbmc5k,totalvi,2,l2
CD4 TCM,CD14 Mono,0.0,pbmc10k_to_pbmc5k,totalvi,2,l2
CD4 TEM,CD14 Mono,0.0,pbmc10k_to_pbmc5k,totalvi,2,l2
CD8 Naive,CD14 Mono,0.0,pbmc10k_to_pbmc5k,totalvi,2,l2
CD8 TCM,CD14 Mono,0.0,pbmc10k_to_pbmc5k,totalvi,2,l2
CD8 TEM,CD14 Mono,0.0,pbmc10k_to_pbmc5k,totalvi,2,l2
Eryth,CD14 Mono,0.5930232558139535,pbmc10k_to_pbmc5k,totalvi,2,l2
ILC,CD14 Mono,0.0,pbmc10k_to_pbmc5k,totalvi,2,l2
MAIT,CD14 Mono,0.0,pbmc10k_to_pbmc5k,totalvi,2,l2
NK,CD14 Mono,0.0,pbmc10k_to_pbmc5k,totalvi,2,l2
NK_CD56bright,CD14 Mono,0.0,pbmc10k_to_pbmc5k,totalvi,2,l2
Treg,CD14 Mono,0.0,pbmc10k_to_pbmc5k,totalvi,2,l2
cDC2,CD14 Mono,0.112,pbmc10k_to_pbmc5k,totalvi,2,l2
dnT,CD14 Mono,0.0,pbmc10k_to_pbmc5k,totalvi,2,l2
gdT,CD14 Mono,0.0,pbmc10k_to_pbmc5k,totalvi,2,l2
pDC,CD14 Mono,0.0,pbmc10k_to_pbmc5k,totalvi,2,l2
B intermediate,CD16 Mono,0.0,pbmc10k_to_pbmc5k,totalvi,2,l2
B memory,CD16 Mono,0.0,pbmc10k_to_pbmc5k,totalvi,2,l2
B naive,CD16 Mono,0.0,pbmc10k_to_pbmc5k,totalvi,2,l2
CD14 Mono,CD16 Mono,0.0,pbmc10k_to_pbmc5k,totalvi,2,l2
CD16 Mono,CD16 Mono,0.8549618320610687,pbmc10k_to_pbmc5k,totalvi,2,l2
CD4 CTL,CD16 Mono,0.0,pbmc10k_to_pbmc5k,totalvi,2,l2
CD4 Naive,CD16 Mono,0.0,pbmc10k_to_pbmc5k,totalvi,2,l2
CD4 TCM,CD16 Mono,0.0,pbmc10k_to_pbmc5k,totalvi,2,l2
CD4 TEM,CD16 Mono,0.0,pbmc10k_to_pbmc5k,totalvi,2,l2
CD8 Naive,CD16 Mono,0.0,pbmc10k_to_pbmc5k,totalvi,2,l2
CD8 TCM,CD16 Mono,0.0,pbmc10k_to_pbmc5k,totalvi,2,l2
CD8 TEM,CD16 Mono,0.0,pbmc10k_to_pbmc5k,totalvi,2,l2
Eryth,CD16 Mono,0.0,pbmc10k_to_pbmc5k,totalvi,2,l2
ILC,CD16 Mono,0.0,pbmc10k_to_pbmc5k,totalvi,2,l2
MAIT,CD16 Mono,0.0,pbmc10k_to_pbmc5k,totalvi,2,l2
NK,CD16 Mono,0.0,pbmc10k_to_pbmc5k,totalvi,2,l2
NK_CD56bright,CD16 Mono,0.0,pbmc10k_to_pbmc5k,totalvi,2,l2
Treg,CD16 Mono,0.0,pbmc10k_to_pbmc5k,totalvi,2,l2
cDC2,CD16 Mono,0.0,pbmc10k_to_pbmc5k,totalvi,2,l2
dnT,CD16 Mono,0.0,pbmc10k_to_pbmc5k,totalvi,2,l2
gdT,CD16 Mono,0.0,pbmc10k_to_pbmc5k,totalvi,2,l2
pDC,CD16 Mono,0.0,pbmc10k_to_pbmc5k,totalvi,2,l2
B intermediate,CD4 CTL,0.0,pbmc10k_to_pbmc5k,totalvi,2,l2
B memory,CD4 CTL,0.0,pbmc10k_to_pbmc5k,totalvi,2,l2
B naive,CD4 CTL,0.0,pbmc10k_to_pbmc5k,totalvi,2,l2
CD14 Mono,CD4 CTL,0.0,pbmc10k_to_pbmc5k,totalvi,2,l2
CD16 Mono,CD4 CTL,0.0,pbmc10k_to_pbmc5k,totalvi,2,l2
CD4 CTL,CD4 CTL,0.12195121951219512,pbmc10k_to_pbmc5k,totalvi,2,l2
CD4 Naive,CD4 CTL,0.0,pbmc10k_to_pbmc5k,totalvi,2,l2
CD4 TCM,CD4 CTL,0.0,pbmc10k_to_pbmc5k,totalvi,2,l2
CD4 TEM,CD4 CTL,0.0,pbmc10k_to_pbmc5k,totalvi,2,l2
CD8 Naive,CD4 CTL,0.0,pbmc10k_to_pbmc5k,totalvi,2,l2
CD8 TCM,CD4 CTL,0.0,pbmc10k_to_pbmc5k,totalvi,2,l2
CD8 TEM,CD4 CTL,0.0,pbmc10k_to_pbmc5k,totalvi,2,l2
Eryth,CD4 CTL,0.0,pbmc10k_to_pbmc5k,totalvi,2,l2
ILC,CD4 CTL,0.0,pbmc10k_to_pbmc5k,totalvi,2,l2
MAIT,CD4 CTL,0.0,pbmc10k_to_pbmc5k,totalvi,2,l2
NK,CD4 CTL,0.0,pbmc10k_to_pbmc5k,totalvi,2,l2
NK_CD56bright,CD4 CTL,0.0,pbmc10k_to_pbmc5k,totalvi,2,l2
Treg,CD4 CTL,0.0,pbmc10k_to_pbmc5k,totalvi,2,l2
cDC2,CD4 CTL,0.0,pbmc10k_to_pbmc5k,totalvi,2,l2
dnT,CD4 CTL,0.0,pbmc10k_to_pbmc5k,totalvi,2,l2
gdT,CD4 CTL,0.0,pbmc10k_to_pbmc5k,totalvi,2,l2
pDC,CD4 CTL,0.0,pbmc10k_to_pbmc5k,totalvi,2,l2
B intermediate,CD4 Naive,0.0,pbmc10k_to_pbmc5k,totalvi,2,l2
B memory,CD4 Naive,0.0,pbmc10k_to_pbmc5k,totalvi,2,l2
B naive,CD4 Naive,0.0,pbmc10k_to_pbmc5k,totalvi,2,l2
CD14 Mono,CD4 Naive,0.0,pbmc10k_to_pbmc5k,totalvi,2,l2
CD16 Mono,CD4 Naive,0.0,pbmc10k_to_pbmc5k,totalvi,2,l2
CD4 CTL,CD4 Naive,0.0,pbmc10k_to_pbmc5k,totalvi,2,l2
CD4 Naive,CD4 Naive,0.8862433862433863,pbmc10k_to_pbmc5k,totalvi,2,l2
CD4 TCM,CD4 Naive,0.1926605504587156,pbmc10k_to_pbmc5k,totalvi,2,l2
CD4 TEM,CD4 Naive,0.003676470588235294,pbmc10k_to_pbmc5k,totalvi,2,l2
CD8 Naive,CD4 Naive,0.041666666666666664,pbmc10k_to_pbmc5k,totalvi,2,l2
CD8 TCM,CD4 Naive,0.029411764705882353,pbmc10k_to_pbmc5k,totalvi,2,l2
CD8 TEM,CD4 Naive,0.0,pbmc10k_to_pbmc5k,totalvi,2,l2
Eryth,CD4 Naive,0.0,pbmc10k_to_pbmc5k,totalvi,2,l2
ILC,CD4 Naive,0.030612244897959183,pbmc10k_to_pbmc5k,totalvi,2,l2
MAIT,CD4 Naive,0.0,pbmc10k_to_pbmc5k,totalvi,2,l2
NK,CD4 Naive,0.0,pbmc10k_to_pbmc5k,totalvi,2,l2
NK_CD56bright,CD4 Naive,0.0,pbmc10k_to_pbmc5k,totalvi,2,l2
Treg,CD4 Naive,0.2033898305084746,pbmc10k_to_pbmc5k,totalvi,2,l2
cDC2,CD4 Naive,0.0,pbmc10k_to_pbmc5k,totalvi,2,l2
dnT,CD4 Naive,0.7142857142857143,pbmc10k_to_pbmc5k,totalvi,2,l2
gdT,CD4 Naive,0.0,pbmc10k_to_pbmc5k,totalvi,2,l2
pDC,CD4 Naive,0.0,pbmc10k_to_pbmc5k,totalvi,2,l2
B intermediate,CD4 TCM,0.0,pbmc10k_to_pbmc5k,totalvi,2,l2
B memory,CD4 TCM,0.0,pbmc10k_to_pbmc5k,totalvi,2,l2
B naive,CD4 TCM,0.0,pbmc10k_to_pbmc5k,totalvi,2,l2
CD14 Mono,CD4 TCM,0.0,pbmc10k_to_pbmc5k,totalvi,2,l2
CD16 Mono,CD4 TCM,0.0,pbmc10k_to_pbmc5k,totalvi,2,l2
CD4 CTL,CD4 TCM,0.0,pbmc10k_to_pbmc5k,totalvi,2,l2
CD4 Naive,CD4 TCM,0.11375661375661375,pbmc10k_to_pbmc5k,totalvi,2,l2
CD4 TCM,CD4 TCM,0.709480122324159,pbmc10k_to_pbmc5k,totalvi,2,l2
CD4 TEM,CD4 TCM,0.11764705882352941,pbmc10k_to_pbmc5k,totalvi,2,l2
CD8 Naive,CD4 TCM,0.0,pbmc10k_to_pbmc5k,totalvi,2,l2
CD8 TCM,CD4 TCM,0.058823529411764705,pbmc10k_to_pbmc5k,totalvi,2,l2
CD8 TEM,CD4 TCM,0.0,pbmc10k_to_pbmc5k,totalvi,2,l2
Eryth,CD4 TCM,0.0,pbmc10k_to_pbmc5k,totalvi,2,l2
ILC,CD4 TCM,0.40816326530612246,pbmc10k_to_pbmc5k,totalvi,2,l2
MAIT,CD4 TCM,0.0,pbmc10k_to_pbmc5k,totalvi,2,l2
NK,CD4 TCM,0.0,pbmc10k_to_pbmc5k,totalvi,2,l2
NK_CD56bright,CD4 TCM,0.0,pbmc10k_to_pbmc5k,totalvi,2,l2
Treg,CD4 TCM,0.3559322033898305,pbmc10k_to_pbmc5k,totalvi,2,l2
cDC2,CD4 TCM,0.0,pbmc10k_to_pbmc5k,totalvi,2,l2
dnT,CD4 TCM,0.0,pbmc10k_to_pbmc5k,totalvi,2,l2
gdT,CD4 TCM,0.0,pbmc10k_to_pbmc5k,totalvi,2,l2
pDC,CD4 TCM,0.0,pbmc10k_to_pbmc5k,totalvi,2,l2
B intermediate,CD4 TEM,0.0,pbmc10k_to_pbmc5k,totalvi,2,l2
B memory,CD4 TEM,0.0,pbmc10k_to_pbmc5k,totalvi,2,l2
B naive,CD4 TEM,0.0,pbmc10k_to_pbmc5k,totalvi,2,l2
CD14 Mono,CD4 TEM,0.0,pbmc10k_to_pbmc5k,totalvi,2,l2
CD16 Mono,CD4 TEM,0.0,pbmc10k_to_pbmc5k,totalvi,2,l2
CD4 CTL,CD4 TEM,0.8048780487804879,pbmc10k_to_pbmc5k,totalvi,2,l2
CD4 Naive,CD4 TEM,0.0,pbmc10k_to_pbmc5k,totalvi,2,l2
CD4 TCM,CD4 TEM,0.04892966360856269,pbmc10k_to_pbmc5k,totalvi,2,l2
CD4 TEM,CD4 TEM,0.8455882352941176,pbmc10k_to_pbmc5k,totalvi,2,l2
CD8 Naive,CD4 TEM,0.0,pbmc10k_to_pbmc5k,totalvi,2,l2
CD8 TCM,CD4 TEM,0.14705882352941177,pbmc10k_to_pbmc5k,totalvi,2,l2
CD8 TEM,CD4 TEM,0.061224489795918366,pbmc10k_to_pbmc5k,totalvi,2,l2
Eryth,CD4 TEM,0.0,pbmc10k_to_pbmc5k,totalvi,2,l2
ILC,CD4 TEM,0.23469387755102042,pbmc10k_to_pbmc5k,totalvi,2,l2
MAIT,CD4 TEM,0.08333333333333333,pbmc10k_to_pbmc5k,totalvi,2,l2
NK,CD4 TEM,0.0,pbmc10k_to_pbmc5k,totalvi,2,l2
NK_CD56bright,CD4 TEM,0.0,pbmc10k_to_pbmc5k,totalvi,2,l2
Treg,CD4 TEM,0.15254237288135594,pbmc10k_to_pbmc5k,totalvi,2,l2
cDC2,CD4 TEM,0.0,pbmc10k_to_pbmc5k,totalvi,2,l2
dnT,CD4 TEM,0.0,pbmc10k_to_pbmc5k,totalvi,2,l2
gdT,CD4 TEM,0.028169014084507043,pbmc10k_to_pbmc5k,totalvi,2,l2
pDC,CD4 TEM,0.0,pbmc10k_to_pbmc5k,totalvi,2,l2
B intermediate,CD8 Naive,0.0,pbmc10k_to_pbmc5k,totalvi,2,l2
B memory,CD8 Naive,0.0,pbmc10k_to_pbmc5k,totalvi,2,l2
B naive,CD8 Naive,0.0,pbmc10k_to_pbmc5k,totalvi,2,l2
CD14 Mono,CD8 Naive,0.0,pbmc10k_to_pbmc5k,totalvi,2,l2
CD16 Mono,CD8 Naive,0.0,pbmc10k_to_pbmc5k,totalvi,2,l2
CD4 CTL,CD8 Naive,0.0,pbmc10k_to_pbmc5k,totalvi,2,l2
CD4 Naive,CD8 Naive,0.0,pbmc10k_to_pbmc5k,totalvi,2,l2
CD4 TCM,CD8 Naive,0.0,pbmc10k_to_pbmc5k,totalvi,2,l2
CD4 TEM,CD8 Naive,0.0,pbmc10k_to_pbmc5k,totalvi,2,l2
CD8 Naive,CD8 Naive,0.9583333333333334,pbmc10k_to_pbmc5k,totalvi,2,l2
CD8 TCM,CD8 Naive,0.17647058823529413,pbmc10k_to_pbmc5k,totalvi,2,l2
CD8 TEM,CD8 Naive,0.0,pbmc10k_to_pbmc5k,totalvi,2,l2
Eryth,CD8 Naive,0.0,pbmc10k_to_pbmc5k,totalvi,2,l2
ILC,CD8 Naive,0.0,pbmc10k_to_pbmc5k,totalvi,2,l2
MAIT,CD8 Naive,0.0,pbmc10k_to_pbmc5k,totalvi,2,l2
NK,CD8 Naive,0.0,pbmc10k_to_pbmc5k,totalvi,2,l2
NK_CD56bright,CD8 Naive,0.0,pbmc10k_to_pbmc5k,totalvi,2,l2
Treg,CD8 Naive,0.0,pbmc10k_to_pbmc5k,totalvi,2,l2
cDC2,CD8 Naive,0.0,pbmc10k_to_pbmc5k,totalvi,2,l2
dnT,CD8 Naive,0.07142857142857142,pbmc10k_to_pbmc5k,totalvi,2,l2
gdT,CD8 Naive,0.0,pbmc10k_to_pbmc5k,totalvi,2,l2
pDC,CD8 Naive,0.0,pbmc10k_to_pbmc5k,totalvi,2,l2
B intermediate,CD8 TCM,0.0,pbmc10k_to_pbmc5k,totalvi,2,l2
B memory,CD8 TCM,0.0,pbmc10k_to_pbmc5k,totalvi,2,l2
B naive,CD8 TCM,0.0,pbmc10k_to_pbmc5k,totalvi,2,l2
CD14 Mono,CD8 TCM,0.0,pbmc10k_to_pbmc5k,totalvi,2,l2
CD16 Mono,CD8 TCM,0.0,pbmc10k_to_pbmc5k,totalvi,2,l2
CD4 CTL,CD8 TCM,0.0,pbmc10k_to_pbmc5k,totalvi,2,l2
CD4 Naive,CD8 TCM,0.0,pbmc10k_to_pbmc5k,totalvi,2,l2
CD4 TCM,CD8 TCM,0.0,pbmc10k_to_pbmc5k,totalvi,2,l2
CD4 TEM,CD8 TCM,0.011029411764705883,pbmc10k_to_pbmc5k,totalvi,2,l2
CD8 Naive,CD8 TCM,0.0,pbmc10k_to_pbmc5k,totalvi,2,l2
CD8 TCM,CD8 TCM,0.4411764705882353,pbmc10k_to_pbmc5k,totalvi,2,l2
CD8 TEM,CD8 TCM,0.05442176870748299,pbmc10k_to_pbmc5k,totalvi,2,l2
Eryth,CD8 TCM,0.0,pbmc10k_to_pbmc5k,totalvi,2,l2
ILC,CD8 TCM,0.01020408163265306,pbmc10k_to_pbmc5k,totalvi,2,l2
MAIT,CD8 TCM,0.0,pbmc10k_to_pbmc5k,totalvi,2,l2
NK,CD8 TCM,0.0,pbmc10k_to_pbmc5k,totalvi,2,l2
NK_CD56bright,CD8 TCM,0.0,pbmc10k_to_pbmc5k,totalvi,2,l2
Treg,CD8 TCM,0.0,pbmc10k_to_pbmc5k,totalvi,2,l2
cDC2,CD8 TCM,0.0,pbmc10k_to_pbmc5k,totalvi,2,l2
dnT,CD8 TCM,0.0,pbmc10k_to_pbmc5k,totalvi,2,l2
gdT,CD8 TCM,0.028169014084507043,pbmc10k_to_pbmc5k,totalvi,2,l2
pDC,CD8 TCM,0.0,pbmc10k_to_pbmc5k,totalvi,2,l2
B intermediate,CD8 TEM,0.0,pbmc10k_to_pbmc5k,totalvi,2,l2
B memory,CD8 TEM,0.0,pbmc10k_to_pbmc5k,totalvi,2,l2
B naive,CD8 TEM,0.0,pbmc10k_to_pbmc5k,totalvi,2,l2
CD14 Mono,CD8 TEM,0.0,pbmc10k_to_pbmc5k,totalvi,2,l2
CD16 Mono,CD8 TEM,0.0,pbmc10k_to_pbmc5k,totalvi,2,l2
CD4 CTL,CD8 TEM,0.04878048780487805,pbmc10k_to_pbmc5k,totalvi,2,l2
CD4 Naive,CD8 TEM,0.0,pbmc10k_to_pbmc5k,totalvi,2,l2
CD4 TCM,CD8 TEM,0.0,pbmc10k_to_pbmc5k,totalvi,2,l2
CD4 TEM,CD8 TEM,0.0,pbmc10k_to_pbmc5k,totalvi,2,l2
CD8 Naive,CD8 TEM,0.0,pbmc10k_to_pbmc5k,totalvi,2,l2
CD8 TCM,CD8 TEM,0.0,pbmc10k_to_pbmc5k,totalvi,2,l2
CD8 TEM,CD8 TEM,0.7687074829931972,pbmc10k_to_pbmc5k,totalvi,2,l2
Eryth,CD8 TEM,0.0,pbmc10k_to_pbmc5k,totalvi,2,l2
ILC,CD8 TEM,0.01020408163265306,pbmc10k_to_pbmc5k,totalvi,2,l2
MAIT,CD8 TEM,0.0,pbmc10k_to_pbmc5k,totalvi,2,l2
NK,CD8 TEM,0.0,pbmc10k_to_pbmc5k,totalvi,2,l2
NK_CD56bright,CD8 TEM,0.0,pbmc10k_to_pbmc5k,totalvi,2,l2
Treg,CD8 TEM,0.0,pbmc10k_to_pbmc5k,totalvi,2,l2
cDC2,CD8 TEM,0.0,pbmc10k_to_pbmc5k,totalvi,2,l2
dnT,CD8 TEM,0.0,pbmc10k_to_pbmc5k,totalvi,2,l2
gdT,CD8 TEM,0.2112676056338028,pbmc10k_to_pbmc5k,totalvi,2,l2
pDC,CD8 TEM,0.0,pbmc10k_to_pbmc5k,totalvi,2,l2
B intermediate,Eryth,0.0,pbmc10k_to_pbmc5k,totalvi,2,l2
B memory,Eryth,0.0,pbmc10k_to_pbmc5k,totalvi,2,l2
B naive,Eryth,0.0,pbmc10k_to_pbmc5k,totalvi,2,l2
CD14 Mono,Eryth,0.0,pbmc10k_to_pbmc5k,totalvi,2,l2
CD16 Mono,Eryth,0.0,pbmc10k_to_pbmc5k,totalvi,2,l2
CD4 CTL,Eryth,0.0,pbmc10k_to_pbmc5k,totalvi,2,l2
CD4 Naive,Eryth,0.0,pbmc10k_to_pbmc5k,totalvi,2,l2
CD4 TCM,Eryth,0.03058103975535168,pbmc10k_to_pbmc5k,totalvi,2,l2
CD4 TEM,Eryth,0.0,pbmc10k_to_pbmc5k,totalvi,2,l2
CD8 Naive,Eryth,0.0,pbmc10k_to_pbmc5k,totalvi,2,l2
CD8 TCM,Eryth,0.029411764705882353,pbmc10k_to_pbmc5k,totalvi,2,l2
CD8 TEM,Eryth,0.0,pbmc10k_to_pbmc5k,totalvi,2,l2
Eryth,Eryth,0.3953488372093023,pbmc10k_to_pbmc5k,totalvi,2,l2
ILC,Eryth,0.11224489795918367,pbmc10k_to_pbmc5k,totalvi,2,l2
MAIT,Eryth,0.041666666666666664,pbmc10k_to_pbmc5k,totalvi,2,l2
NK,Eryth,0.0,pbmc10k_to_pbmc5k,totalvi,2,l2
NK_CD56bright,Eryth,0.0,pbmc10k_to_pbmc5k,totalvi,2,l2
Treg,Eryth,0.0847457627118644,pbmc10k_to_pbmc5k,totalvi,2,l2
cDC2,Eryth,0.0,pbmc10k_to_pbmc5k,totalvi,2,l2
dnT,Eryth,0.0,pbmc10k_to_pbmc5k,totalvi,2,l2
gdT,Eryth,0.014084507042253521,pbmc10k_to_pbmc5k,totalvi,2,l2
pDC,Eryth,0.0,pbmc10k_to_pbmc5k,totalvi,2,l2
B intermediate,ILC,0.0,pbmc10k_to_pbmc5k,totalvi,2,l2
B memory,ILC,0.0,pbmc10k_to_pbmc5k,totalvi,2,l2
B naive,ILC,0.0,pbmc10k_to_pbmc5k,totalvi,2,l2
CD14 Mono,ILC,0.0,pbmc10k_to_pbmc5k,totalvi,2,l2
CD16 Mono,ILC,0.0,pbmc10k_to_pbmc5k,totalvi,2,l2
CD4 CTL,ILC,0.0,pbmc10k_to_pbmc5k,totalvi,2,l2
CD4 Naive,ILC,0.0,pbmc10k_to_pbmc5k,totalvi,2,l2
CD4 TCM,ILC,0.01529051987767584,pbmc10k_to_pbmc5k,totalvi,2,l2
CD4 TEM,ILC,0.0,pbmc10k_to_pbmc5k,totalvi,2,l2
CD8 Naive,ILC,0.0,pbmc10k_to_pbmc5k,totalvi,2,l2
CD8 TCM,ILC,0.029411764705882353,pbmc10k_to_pbmc5k,totalvi,2,l2
CD8 TEM,ILC,0.0,pbmc10k_to_pbmc5k,totalvi,2,l2
Eryth,ILC,0.0,pbmc10k_to_pbmc5k,totalvi,2,l2
ILC,ILC,0.17346938775510204,pbmc10k_to_pbmc5k,totalvi,2,l2
MAIT,ILC,0.0,pbmc10k_to_pbmc5k,totalvi,2,l2
NK,ILC,0.0,pbmc10k_to_pbmc5k,totalvi,2,l2
NK_CD56bright,ILC,0.0,pbmc10k_to_pbmc5k,totalvi,2,l2
Treg,ILC,0.0,pbmc10k_to_pbmc5k,totalvi,2,l2
cDC2,ILC,0.0,pbmc10k_to_pbmc5k,totalvi,2,l2
dnT,ILC,0.0,pbmc10k_to_pbmc5k,totalvi,2,l2
gdT,ILC,0.0,pbmc10k_to_pbmc5k,totalvi,2,l2
pDC,ILC,0.0,pbmc10k_to_pbmc5k,totalvi,2,l2
B intermediate,MAIT,0.0,pbmc10k_to_pbmc5k,totalvi,2,l2
B memory,MAIT,0.0,pbmc10k_to_pbmc5k,totalvi,2,l2
B naive,MAIT,0.0,pbmc10k_to_pbmc5k,totalvi,2,l2
CD14 Mono,MAIT,0.0,pbmc10k_to_pbmc5k,totalvi,2,l2
CD16 Mono,MAIT,0.0,pbmc10k_to_pbmc5k,totalvi,2,l2
CD4 CTL,MAIT,0.024390243902439025,pbmc10k_to_pbmc5k,totalvi,2,l2
CD4 Naive,MAIT,0.0,pbmc10k_to_pbmc5k,totalvi,2,l2
CD4 TCM,MAIT,0.0,pbmc10k_to_pbmc5k,totalvi,2,l2
CD4 TEM,MAIT,0.01838235294117647,pbmc10k_to_pbmc5k,totalvi,2,l2
CD8 Naive,MAIT,0.0,pbmc10k_to_pbmc5k,totalvi,2,l2
CD8 TCM,MAIT,0.0,pbmc10k_to_pbmc5k,totalvi,2,l2
CD8 TEM,MAIT,0.07482993197278912,pbmc10k_to_pbmc5k,totalvi,2,l2
Eryth,MAIT,0.0,pbmc10k_to_pbmc5k,totalvi,2,l2
ILC,MAIT,0.0,pbmc10k_to_pbmc5k,totalvi,2,l2
MAIT,MAIT,0.875,pbmc10k_to_pbmc5k,totalvi,2,l2
NK,MAIT,0.0,pbmc10k_to_pbmc5k,totalvi,2,l2
NK_CD56bright,MAIT,0.16666666666666666,pbmc10k_to_pbmc5k,totalvi,2,l2
Treg,MAIT,0.0,pbmc10k_to_pbmc5k,totalvi,2,l2
cDC2,MAIT,0.0,pbmc10k_to_pbmc5k,totalvi,2,l2
dnT,MAIT,0.0,pbmc10k_to_pbmc5k,totalvi,2,l2
gdT,MAIT,0.39436619718309857,pbmc10k_to_pbmc5k,totalvi,2,l2
pDC,MAIT,0.0,pbmc10k_to_pbmc5k,totalvi,2,l2
B intermediate,NK,0.0,pbmc10k_to_pbmc5k,totalvi,2,l2
B memory,NK,0.0,pbmc10k_to_pbmc5k,totalvi,2,l2
B naive,NK,0.0,pbmc10k_to_pbmc5k,totalvi,2,l2
CD14 Mono,NK,0.0,pbmc10k_to_pbmc5k,totalvi,2,l2
CD16 Mono,NK,0.0,pbmc10k_to_pbmc5k,totalvi,2,l2
CD4 CTL,NK,0.0,pbmc10k_to_pbmc5k,totalvi,2,l2
CD4 Naive,NK,0.0,pbmc10k_to_pbmc5k,totalvi,2,l2
CD4 TCM,NK,0.0,pbmc10k_to_pbmc5k,totalvi,2,l2
CD4 TEM,NK,0.0,pbmc10k_to_pbmc5k,totalvi,2,l2
CD8 Naive,NK,0.0,pbmc10k_to_pbmc5k,totalvi,2,l2
CD8 TCM,NK,0.0,pbmc10k_to_pbmc5k,totalvi,2,l2
CD8 TEM,NK,0.034013605442176874,pbmc10k_to_pbmc5k,totalvi,2,l2
Eryth,NK,0.0,pbmc10k_to_pbmc5k,totalvi,2,l2
ILC,NK,0.0,pbmc10k_to_pbmc5k,totalvi,2,l2
MAIT,NK,0.0,pbmc10k_to_pbmc5k,totalvi,2,l2
NK,NK,0.9960159362549801,pbmc10k_to_pbmc5k,totalvi,2,l2
NK_CD56bright,NK,0.2,pbmc10k_to_pbmc5k,totalvi,2,l2
Treg,NK,0.0,pbmc10k_to_pbmc5k,totalvi,2,l2
cDC2,NK,0.0,pbmc10k_to_pbmc5k,totalvi,2,l2
dnT,NK,0.0,pbmc10k_to_pbmc5k,totalvi,2,l2
gdT,NK,0.14084507042253522,pbmc10k_to_pbmc5k,totalvi,2,l2
pDC,NK,0.0,pbmc10k_to_pbmc5k,totalvi,2,l2
B intermediate,NK_CD56bright,0.0,pbmc10k_to_pbmc5k,totalvi,2,l2
B memory,NK_CD56bright,0.0,pbmc10k_to_pbmc5k,totalvi,2,l2
B naive,NK_CD56bright,0.0,pbmc10k_to_pbmc5k,totalvi,2,l2
CD14 Mono,NK_CD56bright,0.0,pbmc10k_to_pbmc5k,totalvi,2,l2
CD16 Mono,NK_CD56bright,0.0,pbmc10k_to_pbmc5k,totalvi,2,l2
CD4 CTL,NK_CD56bright,0.0,pbmc10k_to_pbmc5k,totalvi,2,l2
CD4 Naive,NK_CD56bright,0.0,pbmc10k_to_pbmc5k,totalvi,2,l2
CD4 TCM,NK_CD56bright,0.0,pbmc10k_to_pbmc5k,totalvi,2,l2
CD4 TEM,NK_CD56bright,0.0,pbmc10k_to_pbmc5k,totalvi,2,l2
CD8 Naive,NK_CD56bright,0.0,pbmc10k_to_pbmc5k,totalvi,2,l2
CD8 TCM,NK_CD56bright,0.0,pbmc10k_to_pbmc5k,totalvi,2,l2
CD8 TEM,NK_CD56bright,0.0,pbmc10k_to_pbmc5k,totalvi,2,l2
Eryth,NK_CD56bright,0.0,pbmc10k_to_pbmc5k,totalvi,2,l2
ILC,NK_CD56bright,0.0,pbmc10k_to_pbmc5k,totalvi,2,l2
MAIT,NK_CD56bright,0.0,pbmc10k_to_pbmc5k,totalvi,2,l2
NK,NK_CD56bright,0.00398406374501992,pbmc10k_to_pbmc5k,totalvi,2,l2
NK_CD56bright,NK_CD56bright,0.6333333333333333,pbmc10k_to_pbmc5k,totalvi,2,l2
Treg,NK_CD56bright,0.0,pbmc10k_to_pbmc5k,totalvi,2,l2
cDC2,NK_CD56bright,0.0,pbmc10k_to_pbmc5k,totalvi,2,l2
dnT,NK_CD56bright,0.0,pbmc10k_to_pbmc5k,totalvi,2,l2
gdT,NK_CD56bright,0.0,pbmc10k_to_pbmc5k,totalvi,2,l2
pDC,NK_CD56bright,0.0,pbmc10k_to_pbmc5k,totalvi,2,l2
B intermediate,Treg,0.0,pbmc10k_to_pbmc5k,totalvi,2,l2
B memory,Treg,0.0,pbmc10k_to_pbmc5k,totalvi,2,l2
B naive,Treg,0.0,pbmc10k_to_pbmc5k,totalvi,2,l2
CD14 Mono,Treg,0.0,pbmc10k_to_pbmc5k,totalvi,2,l2
CD16 Mono,Treg,0.0,pbmc10k_to_pbmc5k,totalvi,2,l2
CD4 CTL,Treg,0.0,pbmc10k_to_pbmc5k,totalvi,2,l2
CD4 Naive,Treg,0.0,pbmc10k_to_pbmc5k,totalvi,2,l2
CD4 TCM,Treg,0.0030581039755351682,pbmc10k_to_pbmc5k,totalvi,2,l2
CD4 TEM,Treg,0.0,pbmc10k_to_pbmc5k,totalvi,2,l2
CD8 Naive,Treg,0.0,pbmc10k_to_pbmc5k,totalvi,2,l2
CD8 TCM,Treg,0.0,pbmc10k_to_pbmc5k,totalvi,2,l2
CD8 TEM,Treg,0.0,pbmc10k_to_pbmc5k,totalvi,2,l2
Eryth,Treg,0.0,pbmc10k_to_pbmc5k,totalvi,2,l2
ILC,Treg,0.0,pbmc10k_to_pbmc5k,totalvi,2,l2
MAIT,Treg,0.0,pbmc10k_to_pbmc5k,totalvi,2,l2
NK,Treg,0.0,pbmc10k_to_pbmc5k,totalvi,2,l2
NK_CD56bright,Treg,0.0,pbmc10k_to_pbmc5k,totalvi,2,l2
Treg,Treg,0.2033898305084746,pbmc10k_to_pbmc5k,totalvi,2,l2
cDC2,Treg,0.0,pbmc10k_to_pbmc5k,totalvi,2,l2
dnT,Treg,0.07142857142857142,pbmc10k_to_pbmc5k,totalvi,2,l2
gdT,Treg,0.0,pbmc10k_to_pbmc5k,totalvi,2,l2
pDC,Treg,0.0,pbmc10k_to_pbmc5k,totalvi,2,l2
B intermediate,cDC2,0.0,pbmc10k_to_pbmc5k,totalvi,2,l2
B memory,cDC2,0.0,pbmc10k_to_pbmc5k,totalvi,2,l2
B naive,cDC2,0.0,pbmc10k_to_pbmc5k,totalvi,2,l2
CD14 Mono,cDC2,0.0010672358591248667,pbmc10k_to_pbmc5k,totalvi,2,l2
CD16 Mono,cDC2,0.0,pbmc10k_to_pbmc5k,totalvi,2,l2
CD4 CTL,cDC2,0.0,pbmc10k_to_pbmc5k,totalvi,2,l2
CD4 Naive,cDC2,0.0,pbmc10k_to_pbmc5k,totalvi,2,l2
CD4 TCM,cDC2,0.0,pbmc10k_to_pbmc5k,totalvi,2,l2
CD4 TEM,cDC2,0.0,pbmc10k_to_pbmc5k,totalvi,2,l2
CD8 Naive,cDC2,0.0,pbmc10k_to_pbmc5k,totalvi,2,l2
CD8 TCM,cDC2,0.0,pbmc10k_to_pbmc5k,totalvi,2,l2
CD8 TEM,cDC2,0.0,pbmc10k_to_pbmc5k,totalvi,2,l2
Eryth,cDC2,0.0,pbmc10k_to_pbmc5k,totalvi,2,l2
ILC,cDC2,0.0,pbmc10k_to_pbmc5k,totalvi,2,l2
MAIT,cDC2,0.0,pbmc10k_to_pbmc5k,totalvi,2,l2
NK,cDC2,0.0,pbmc10k_to_pbmc5k,totalvi,2,l2
NK_CD56bright,cDC2,0.0,pbmc10k_to_pbmc5k,totalvi,2,l2
Treg,cDC2,0.0,pbmc10k_to_pbmc5k,totalvi,2,l2
cDC2,cDC2,0.888,pbmc10k_to_pbmc5k,totalvi,2,l2
dnT,cDC2,0.0,pbmc10k_to_pbmc5k,totalvi,2,l2
gdT,cDC2,0.0,pbmc10k_to_pbmc5k,totalvi,2,l2
pDC,cDC2,0.0,pbmc10k_to_pbmc5k,totalvi,2,l2
B intermediate,dnT,0.0,pbmc10k_to_pbmc5k,totalvi,2,l2
B memory,dnT,0.0,pbmc10k_to_pbmc5k,totalvi,2,l2
B naive,dnT,0.0,pbmc10k_to_pbmc5k,totalvi,2,l2
CD14 Mono,dnT,0.0,pbmc10k_to_pbmc5k,totalvi,2,l2
CD16 Mono,dnT,0.0,pbmc10k_to_pbmc5k,totalvi,2,l2
CD4 CTL,dnT,0.0,pbmc10k_to_pbmc5k,totalvi,2,l2
CD4 Naive,dnT,0.0,pbmc10k_to_pbmc5k,totalvi,2,l2
CD4 TCM,dnT,0.0,pbmc10k_to_pbmc5k,totalvi,2,l2
CD4 TEM,dnT,0.0,pbmc10k_to_pbmc5k,totalvi,2,l2
CD8 Naive,dnT,0.0,pbmc10k_to_pbmc5k,totalvi,2,l2
CD8 TCM,dnT,0.0,pbmc10k_to_pbmc5k,totalvi,2,l2
CD8 TEM,dnT,0.0,pbmc10k_to_pbmc5k,totalvi,2,l2
Eryth,dnT,0.0,pbmc10k_to_pbmc5k,totalvi,2,l2
ILC,dnT,0.0,pbmc10k_to_pbmc5k,totalvi,2,l2
MAIT,dnT,0.0,pbmc10k_to_pbmc5k,totalvi,2,l2
NK,dnT,0.0,pbmc10k_to_pbmc5k,totalvi,2,l2
NK_CD56bright,dnT,0.0,pbmc10k_to_pbmc5k,totalvi,2,l2
Treg,dnT,0.0,pbmc10k_to_pbmc5k,totalvi,2,l2
cDC2,dnT,0.0,pbmc10k_to_pbmc5k,totalvi,2,l2
dnT,dnT,0.14285714285714285,pbmc10k_to_pbmc5k,totalvi,2,l2
gdT,dnT,0.014084507042253521,pbmc10k_to_pbmc5k,totalvi,2,l2
pDC,dnT,0.0,pbmc10k_to_pbmc5k,totalvi,2,l2
B intermediate,gdT,0.0,pbmc10k_to_pbmc5k,totalvi,2,l2
B memory,gdT,0.0,pbmc10k_to_pbmc5k,totalvi,2,l2
B naive,gdT,0.0,pbmc10k_to_pbmc5k,totalvi,2,l2
CD14 Mono,gdT,0.0,pbmc10k_to_pbmc5k,totalvi,2,l2
CD16 Mono,gdT,0.0,pbmc10k_to_pbmc5k,totalvi,2,l2
CD4 CTL,gdT,0.0,pbmc10k_to_pbmc5k,totalvi,2,l2
CD4 Naive,gdT,0.0,pbmc10k_to_pbmc5k,totalvi,2,l2
CD4 TCM,gdT,0.0,pbmc10k_to_pbmc5k,totalvi,2,l2
CD4 TEM,gdT,0.003676470588235294,pbmc10k_to_pbmc5k,totalvi,2,l2
CD8 Naive,gdT,0.0,pbmc10k_to_pbmc5k,totalvi,2,l2
CD8 TCM,gdT,0.08823529411764706,pbmc10k_to_pbmc5k,totalvi,2,l2
CD8 TEM,gdT,0.006802721088435374,pbmc10k_to_pbmc5k,totalvi,2,l2
Eryth,gdT,0.0,pbmc10k_to_pbmc5k,totalvi,2,l2
ILC,gdT,0.02040816326530612,pbmc10k_to_pbmc5k,totalvi,2,l2
MAIT,gdT,0.0,pbmc10k_to_pbmc5k,totalvi,2,l2
NK,gdT,0.0,pbmc10k_to_pbmc5k,totalvi,2,l2
NK_CD56bright,gdT,0.0,pbmc10k_to_pbmc5k,totalvi,2,l2
Treg,gdT,0.0,pbmc10k_to_pbmc5k,totalvi,2,l2
cDC2,gdT,0.0,pbmc10k_to_pbmc5k,totalvi,2,l2
dnT,gdT,0.0,pbmc10k_to_pbmc5k,totalvi,2,l2
gdT,gdT,0.16901408450704225,pbmc10k_to_pbmc5k,totalvi,2,l2
pDC,gdT,0.0,pbmc10k_to_pbmc5k,totalvi,2,l2
B intermediate,pDC,0.0,pbmc10k_to_pbmc5k,totalvi,2,l2
B memory,pDC,0.0,pbmc10k_to_pbmc5k,totalvi,2,l2
B naive,pDC,0.0,pbmc10k_to_pbmc5k,totalvi,2,l2
CD14 Mono,pDC,0.0,pbmc10k_to_pbmc5k,totalvi,2,l2
CD16 Mono,pDC,0.0,pbmc10k_to_pbmc5k,totalvi,2,l2
CD4 CTL,pDC,0.0,pbmc10k_to_pbmc5k,totalvi,2,l2
CD4 Naive,pDC,0.0,pbmc10k_to_pbmc5k,totalvi,2,l2
CD4 TCM,pDC,0.0,pbmc10k_to_pbmc5k,totalvi,2,l2
CD4 TEM,pDC,0.0,pbmc10k_to_pbmc5k,totalvi,2,l2
CD8 Naive,pDC,0.0,pbmc10k_to_pbmc5k,totalvi,2,l2
CD8 TCM,pDC,0.0,pbmc10k_to_pbmc5k,totalvi,2,l2
CD8 TEM,pDC,0.0,pbmc10k_to_pbmc5k,totalvi,2,l2
Eryth,pDC,0.011627906976744186,pbmc10k_to_pbmc5k,totalvi,2,l2
ILC,pDC,0.0,pbmc10k_to_pbmc5k,totalvi,2,l2
MAIT,pDC,0.0,pbmc10k_to_pbmc5k,totalvi,2,l2
NK,pDC,0.0,pbmc10k_to_pbmc5k,totalvi,2,l2
NK_CD56bright,pDC,0.0,pbmc10k_to_pbmc5k,totalvi,2,l2
Treg,pDC,0.0,pbmc10k_to_pbmc5k,totalvi,2,l2
cDC2,pDC,0.0,pbmc10k_to_pbmc5k,totalvi,2,l2
dnT,pDC,0.0,pbmc10k_to_pbmc5k,totalvi,2,l2
gdT,pDC,0.0,pbmc10k_to_pbmc5k,totalvi,2,l2
pDC,pDC,1.0,pbmc10k_to_pbmc5k,totalvi,2,l2
B,B,0.9963503649635036,pbmc10k_to_pbmc5k,scvi_matched,2,l1
CD4 T,B,0.0,pbmc10k_to_pbmc5k,scvi_matched,2,l1
CD8 T,B,0.0,pbmc10k_to_pbmc5k,scvi_matched,2,l1
DC,B,0.0,pbmc10k_to_pbmc5k,scvi_matched,2,l1
Mono,B,0.0,pbmc10k_to_pbmc5k,scvi_matched,2,l1
NK,B,0.0,pbmc10k_to_pbmc5k,scvi_matched,2,l1
other,B,0.0,pbmc10k_to_pbmc5k,scvi_matched,2,l1
other T,B,0.0,pbmc10k_to_pbmc5k,scvi_matched,2,l1
B,CD4 T,0.0,pbmc10k_to_pbmc5k,scvi_matched,2,l1
CD4 T,CD4 T,0.9230769230769231,pbmc10k_to_pbmc5k,scvi_matched,2,l1
CD8 T,CD4 T,0.046610169491525424,pbmc10k_to_pbmc5k,scvi_matched,2,l1
DC,CD4 T,0.0,pbmc10k_to_pbmc5k,scvi_matched,2,l1
Mono,CD4 T,0.0,pbmc10k_to_pbmc5k,scvi_matched,2,l1
NK,CD4 T,0.0034482758620689655,pbmc10k_to_pbmc5k,scvi_matched,2,l1
other,CD4 T,0.41081081081081083,pbmc10k_to_pbmc5k,scvi_matched,2,l1
other T,CD4 T,0.11926605504587157,pbmc10k_to_pbmc5k,scvi_matched,2,l1
B,CD8 T,0.0,pbmc10k_to_pbmc5k,scvi_matched,2,l1
CD4 T,CD8 T,0.05282669138090825,pbmc10k_to_pbmc5k,scvi_matched,2,l1
CD8 T,CD8 T,0.9110169491525424,pbmc10k_to_pbmc5k,scvi_matched,2,l1
DC,CD8 T,0.0,pbmc10k_to_pbmc5k,scvi_matched,2,l1
Mono,CD8 T,0.0,pbmc10k_to_pbmc5k,scvi_matched,2,l1
NK,CD8 T,0.0,pbmc10k_to_pbmc5k,scvi_matched,2,l1
other,CD8 T,0.021621621621621623,pbmc10k_to_pbmc5k,scvi_matched,2,l1
other T,CD8 T,0.3302752293577982,pbmc10k_to_pbmc5k,scvi_matched,2,l1
B,DC,0.0,pbmc10k_to_pbmc5k,scvi_matched,2,l1
CD4 T,DC,0.0,pbmc10k_to_pbmc5k,scvi_matched,2,l1
CD8 T,DC,0.0,pbmc10k_to_pbmc5k,scvi_matched,2,l1
DC,DC,0.9470198675496688,pbmc10k_to_pbmc5k,scvi_matched,2,l1
Mono,DC,0.0,pbmc10k_to_pbmc5k,scvi_matched,2,l1
NK,DC,0.0,pbmc10k_to_pbmc5k,scvi_matched,2,l1
other,DC,0.005405405405405406,pbmc10k_to_pbmc5k,scvi_matched,2,l1
other T,DC,0.0,pbmc10k_to_pbmc5k,scvi_matched,2,l1
B,Mono,0.0,pbmc10k_to_pbmc5k,scvi_matched,2,l1
CD4 T,Mono,0.0,pbmc10k_to_pbmc5k,scvi_matched,2,l1
CD8 T,Mono,0.0,pbmc10k_to_pbmc5k,scvi_matched,2,l1
DC,Mono,0.052980132450331126,pbmc10k_to_pbmc5k,scvi_matched,2,l1
Mono,Mono,0.9971910112359551,pbmc10k_to_pbmc5k,scvi_matched,2,l1
NK,Mono,0.0,pbmc10k_to_pbmc5k,scvi_matched,2,l1
other,Mono,0.23243243243243245,pbmc10k_to_pbmc5k,scvi_matched,2,l1
other T,Mono,0.0,pbmc10k_to_pbmc5k,scvi_matched,2,l1
B,NK,0.0,pbmc10k_to_pbmc5k,scvi_matched,2,l1
CD4 T,NK,0.0,pbmc10k_to_pbmc5k,scvi_matched,2,l1
CD8 T,NK,0.0211864406779661,pbmc10k_to_pbmc5k,scvi_matched,2,l1
DC,NK,0.0,pbmc10k_to_pbmc5k,scvi_matched,2,l1
Mono,NK,0.0,pbmc10k_to_pbmc5k,scvi_matched,2,l1
NK,NK,0.9896551724137931,pbmc10k_to_pbmc5k,scvi_matched,2,l1
other,NK,0.0,pbmc10k_to_pbmc5k,scvi_matched,2,l1
other T,NK,0.1559633027522936,pbmc10k_to_pbmc5k,scvi_matched,2,l1
B,other,0.0036496350364963502,pbmc10k_to_pbmc5k,scvi_matched,2,l1
CD4 T,other,0.009267840593141797,pbmc10k_to_pbmc5k,scvi_matched,2,l1
CD8 T,other,0.0,pbmc10k_to_pbmc5k,scvi_matched,2,l1
DC,other,0.0,pbmc10k_to_pbmc5k,scvi_matched,2,l1
Mono,other,0.0028089887640449437,pbmc10k_to_pbmc5k,scvi_matched,2,l1
NK,other,0.0,pbmc10k_to_pbmc5k,scvi_matched,2,l1
other,other,0.32432432432432434,pbmc10k_to_pbmc5k,scvi_matched,2,l1
other T,other,0.0,pbmc10k_to_pbmc5k,scvi_matched,2,l1
B,other T,0.0,pbmc10k_to_pbmc5k,scvi_matched,2,l1
CD4 T,other T,0.014828544949026877,pbmc10k_to_pbmc5k,scvi_matched,2,l1
CD8 T,other T,0.0211864406779661,pbmc10k_to_pbmc5k,scvi_matched,2,l1
DC,other T,0.0,pbmc10k_to_pbmc5k,scvi_matched,2,l1
Mono,other T,0.0,pbmc10k_to_pbmc5k,scvi_matched,2,l1
NK,other T,0.006896551724137931,pbmc10k_to_pbmc5k,scvi_matched,2,l1
other,other T,0.005405405405405406,pbmc10k_to_pbmc5k,scvi_matched,2,l1
other T,other T,0.3944954128440367,pbmc10k_to_pbmc5k,scvi_matched,2,l1
B,B,1.0,pbmc10k_to_pbmc5k,totalvi,2,l1
CD4 T,B,0.0,pbmc10k_to_pbmc5k,totalvi,2,l1
CD8 T,B,0.0,pbmc10k_to_pbmc5k,totalvi,2,l1
DC,B,0.0,pbmc10k_to_pbmc5k,totalvi,2,l1
Mono,B,0.0,pbmc10k_to_pbmc5k,totalvi,2,l1
NK,B,0.0,pbmc10k_to_pbmc5k,totalvi,2,l1
other,B,0.0,pbmc10k_to_pbmc5k,totalvi,2,l1
other T,B,0.0,pbmc10k_to_pbmc5k,totalvi,2,l1
B,CD4 T,0.0,pbmc10k_to_pbmc5k,totalvi,2,l1
CD4 T,CD4 T,0.9360518999073216,pbmc10k_to_pbmc5k,totalvi,2,l1
CD8 T,CD4 T,0.059322033898305086,pbmc10k_to_pbmc5k,totalvi,2,l1
DC,CD4 T,0.0,pbmc10k_to_pbmc5k,totalvi,2,l1
Mono,CD4 T,0.0,pbmc10k_to_pbmc5k,totalvi,2,l1
NK,CD4 T,0.006896551724137931,pbmc10k_to_pbmc5k,totalvi,2,l1
other,CD4 T,0.4,pbmc10k_to_pbmc5k,totalvi,2,l1
other T,CD4 T,0.12844036697247707,pbmc10k_to_pbmc5k,totalvi,2,l1
B,CD8 T,0.0,pbmc10k_to_pbmc5k,totalvi,2,l1
CD4 T,CD8 T,0.0009267840593141798,pbmc10k_to_pbmc5k,totalvi,2,l1
CD8 T,CD8 T,0.7288135593220338,pbmc10k_to_pbmc5k,totalvi,2,l1
DC,CD8 T,0.0,pbmc10k_to_pbmc5k,totalvi,2,l1
Mono,CD8 T,0.0,pbmc10k_to_pbmc5k,totalvi,2,l1
NK,CD8 T,0.0,pbmc10k_to_pbmc5k,totalvi,2,l1
other,CD8 T,0.005405405405405406,pbmc10k_to_pbmc5k,totalvi,2,l1
other T,CD8 T,0.11926605504587157,pbmc10k_to_pbmc5k,totalvi,2,l1
B,DC,0.0,pbmc10k_to_pbmc5k,totalvi,2,l1
CD4 T,DC,0.0,pbmc10k_to_pbmc5k,totalvi,2,l1
CD8 T,DC,0.0,pbmc10k_to_pbmc5k,totalvi,2,l1
DC,DC,0.9139072847682119,pbmc10k_to_pbmc5k,totalvi,2,l1
Mono,DC,0.0,pbmc10k_to_pbmc5k,totalvi,2,l1
NK,DC,0.0,pbmc10k_to_pbmc5k,totalvi,2,l1
other,DC,0.005405405405405406,pbmc10k_to_pbmc5k,totalvi,2,l1
other T,DC,0.0,pbmc10k_to_pbmc5k,totalvi,2,l1
B,Mono,0.0,pbmc10k_to_pbmc5k,totalvi,2,l1
CD4 T,Mono,0.0,pbmc10k_to_pbmc5k,totalvi,2,l1
CD8 T,Mono,0.0,pbmc10k_to_pbmc5k,totalvi,2,l1
DC,Mono,0.07947019867549669,pbmc10k_to_pbmc5k,totalvi,2,l1
Mono,Mono,0.99812734082397,pbmc10k_to_pbmc5k,totalvi,2,l1
NK,Mono,0.0,pbmc10k_to_pbmc5k,totalvi,2,l1
other,Mono,0.3081081081081081,pbmc10k_to_pbmc5k,totalvi,2,l1
other T,Mono,0.0,pbmc10k_to_pbmc5k,totalvi,2,l1
B,NK,0.0,pbmc10k_to_pbmc5k,totalvi,2,l1
CD4 T,NK,0.0,pbmc10k_to_pbmc5k,totalvi,2,l1
CD8 T,NK,0.0211864406779661,pbmc10k_to_pbmc5k,totalvi,2,l1
DC,NK,0.0,pbmc10k_to_pbmc5k,totalvi,2,l1
Mono,NK,0.0,pbmc10k_to_pbmc5k,totalvi,2,l1
NK,NK,0.9689655172413794,pbmc10k_to_pbmc5k,totalvi,2,l1
other,NK,0.0,pbmc10k_to_pbmc5k,totalvi,2,l1
other T,NK,0.11926605504587157,pbmc10k_to_pbmc5k,totalvi,2,l1
B,other,0.0,pbmc10k_to_pbmc5k,totalvi,2,l1
CD4 T,other,0.004633920296570899,pbmc10k_to_pbmc5k,totalvi,2,l1
CD8 T,other,0.0,pbmc10k_to_pbmc5k,totalvi,2,l1
DC,other,0.006622516556291391,pbmc10k_to_pbmc5k,totalvi,2,l1
Mono,other,0.0018726591760299626,pbmc10k_to_pbmc5k,totalvi,2,l1
NK,other,0.0,pbmc10k_to_pbmc5k,totalvi,2,l1
other,other,0.20540540540540542,pbmc10k_to_pbmc5k,totalvi,2,l1
other T,other,0.0,pbmc10k_to_pbmc5k,totalvi,2,l1
B,other T,0.0,pbmc10k_to_pbmc5k,totalvi,2,l1
CD4 T,other T,0.05838739573679333,pbmc10k_to_pbmc5k,totalvi,2,l1
CD8 T,other T,0.1906779661016949,pbmc10k_to_pbmc5k,totalvi,2,l1
DC,other T,0.0,pbmc10k_to_pbmc5k,totalvi,2,l1
Mono,other T,0.0,pbmc10k_to_pbmc5k,totalvi,2,l1
NK,other T,0.02413793103448276,pbmc10k_to_pbmc5k,totalvi,2,l1
other,other T,0.07567567567567568,pbmc10k_to_pbmc5k,totalvi,2,l1
other T,other T,0.6330275229357798,pbmc10k_to_pbmc5k,totalvi,2,l1
B intermediate,B intermediate,0.6212121212121212,pbmc10k_to_pbmc5k,scvi_matched,3,l2
B memory,B intermediate,0.13924050632911392,pbmc10k_to_pbmc5k,scvi_matched,3,l2
B naive,B intermediate,0.0078125,pbmc10k_to_pbmc5k,scvi_matched,3,l2
CD14 Mono,B intermediate,0.0,pbmc10k_to_pbmc5k,scvi_matched,3,l2
CD16 Mono,B intermediate,0.0,pbmc10k_to_pbmc5k,scvi_matched,3,l2
CD4 CTL,B intermediate,0.0,pbmc10k_to_pbmc5k,scvi_matched,3,l2
CD4 Naive,B intermediate,0.0,pbmc10k_to_pbmc5k,scvi_matched,3,l2
CD4 TCM,B intermediate,0.0,pbmc10k_to_pbmc5k,scvi_matched,3,l2
CD4 TEM,B intermediate,0.0,pbmc10k_to_pbmc5k,scvi_matched,3,l2
CD8 Naive,B intermediate,0.0,pbmc10k_to_pbmc5k,scvi_matched,3,l2
CD8 TCM,B intermediate,0.0,pbmc10k_to_pbmc5k,scvi_matched,3,l2
CD8 TEM,B intermediate,0.0,pbmc10k_to_pbmc5k,scvi_matched,3,l2
Eryth,B intermediate,0.0,pbmc10k_to_pbmc5k,scvi_matched,3,l2
ILC,B intermediate,0.0,pbmc10k_to_pbmc5k,scvi_matched,3,l2
MAIT,B intermediate,0.0,pbmc10k_to_pbmc5k,scvi_matched,3,l2
NK,B intermediate,0.0,pbmc10k_to_pbmc5k,scvi_matched,3,l2
NK_CD56bright,B intermediate,0.0,pbmc10k_to_pbmc5k,scvi_matched,3,l2
Treg,B intermediate,0.0,pbmc10k_to_pbmc5k,scvi_matched,3,l2
cDC2,B intermediate,0.0,pbmc10k_to_pbmc5k,scvi_matched,3,l2
dnT,B intermediate,0.0,pbmc10k_to_pbmc5k,scvi_matched,3,l2
gdT,B intermediate,0.0,pbmc10k_to_pbmc5k,scvi_matched,3,l2
pDC,B intermediate,0.0,pbmc10k_to_pbmc5k,scvi_matched,3,l2
B intermediate,B memory,0.2878787878787879,pbmc10k_to_pbmc5k,scvi_matched,3,l2
B memory,B memory,0.8481012658227848,pbmc10k_to_pbmc5k,scvi_matched,3,l2
B naive,B memory,0.0078125,pbmc10k_to_pbmc5k,scvi_matched,3,l2
CD14 Mono,B memory,0.0,pbmc10k_to_pbmc5k,scvi_matched,3,l2
CD16 Mono,B memory,0.0,pbmc10k_to_pbmc5k,scvi_matched,3,l2
CD4 CTL,B memory,0.0,pbmc10k_to_pbmc5k,scvi_matched,3,l2
CD4 Naive,B memory,0.0,pbmc10k_to_pbmc5k,scvi_matched,3,l2
CD4 TCM,B memory,0.0,pbmc10k_to_pbmc5k,scvi_matched,3,l2
CD4 TEM,B memory,0.0,pbmc10k_to_pbmc5k,scvi_matched,3,l2
CD8 Naive,B memory,0.0,pbmc10k_to_pbmc5k,scvi_matched,3,l2
CD8 TCM,B memory,0.0,pbmc10k_to_pbmc5k,scvi_matched,3,l2
CD8 TEM,B memory,0.0,pbmc10k_to_pbmc5k,scvi_matched,3,l2
Eryth,B memory,0.0,pbmc10k_to_pbmc5k,scvi_matched,3,l2
ILC,B memory,0.0,pbmc10k_to_pbmc5k,scvi_matched,3,l2
MAIT,B memory,0.0,pbmc10k_to_pbmc5k,scvi_matched,3,l2
NK,B memory,0.0,pbmc10k_to_pbmc5k,scvi_matched,3,l2
NK_CD56bright,B memory,0.0,pbmc10k_to_pbmc5k,scvi_matched,3,l2
Treg,B memory,0.0,pbmc10k_to_pbmc5k,scvi_matched,3,l2
cDC2,B memory,0.0,pbmc10k_to_pbmc5k,scvi_matched,3,l2
dnT,B memory,0.0,pbmc10k_to_pbmc5k,scvi_matched,3,l2
gdT,B memory,0.0,pbmc10k_to_pbmc5k,scvi_matched,3,l2
pDC,B memory,0.0,pbmc10k_to_pbmc5k,scvi_matched,3,l2
B intermediate,B naive,0.09090909090909091,pbmc10k_to_pbmc5k,scvi_matched,3,l2
B memory,B naive,0.012658227848101266,pbmc10k_to_pbmc5k,scvi_matched,3,l2
B naive,B naive,0.984375,pbmc10k_to_pbmc5k,scvi_matched,3,l2
CD14 Mono,B naive,0.0,pbmc10k_to_pbmc5k,scvi_matched,3,l2
CD16 Mono,B naive,0.007633587786259542,pbmc10k_to_pbmc5k,scvi_matched,3,l2
CD4 CTL,B naive,0.0,pbmc10k_to_pbmc5k,scvi_matched,3,l2
CD4 Naive,B naive,0.0,pbmc10k_to_pbmc5k,scvi_matched,3,l2
CD4 TCM,B naive,0.0,pbmc10k_to_pbmc5k,scvi_matched,3,l2
CD4 TEM,B naive,0.0,pbmc10k_to_pbmc5k,scvi_matched,3,l2
CD8 Naive,B naive,0.0,pbmc10k_to_pbmc5k,scvi_matched,3,l2
CD8 TCM,B naive,0.0,pbmc10k_to_pbmc5k,scvi_matched,3,l2
CD8 TEM,B naive,0.0,pbmc10k_to_pbmc5k,scvi_matched,3,l2
Eryth,B naive,0.023255813953488372,pbmc10k_to_pbmc5k,scvi_matched,3,l2
ILC,B naive,0.05102040816326531,pbmc10k_to_pbmc5k,scvi_matched,3,l2
MAIT,B naive,0.0,pbmc10k_to_pbmc5k,scvi_matched,3,l2
NK,B naive,0.0,pbmc10k_to_pbmc5k,scvi_matched,3,l2
NK_CD56bright,B naive,0.0,pbmc10k_to_pbmc5k,scvi_matched,3,l2
Treg,B naive,0.01694915254237288,pbmc10k_to_pbmc5k,scvi_matched,3,l2
cDC2,B naive,0.0,pbmc10k_to_pbmc5k,scvi_matched,3,l2
dnT,B naive,0.07142857142857142,pbmc10k_to_pbmc5k,scvi_matched,3,l2
gdT,B naive,0.0,pbmc10k_to_pbmc5k,scvi_matched,3,l2
pDC,B naive,0.0,pbmc10k_to_pbmc5k,scvi_matched,3,l2
B intermediate,CD14 Mono,0.0,pbmc10k_to_pbmc5k,scvi_matched,3,l2
B memory,CD14 Mono,0.0,pbmc10k_to_pbmc5k,scvi_matched,3,l2
B naive,CD14 Mono,0.0,pbmc10k_to_pbmc5k,scvi_matched,3,l2
CD14 Mono,CD14 Mono,0.9903948772678762,pbmc10k_to_pbmc5k,scvi_matched,3,l2
CD16 Mono,CD14 Mono,0.06870229007633588,pbmc10k_to_pbmc5k,scvi_matched,3,l2
CD4 CTL,CD14 Mono,0.0,pbmc10k_to_pbmc5k,scvi_matched,3,l2
CD4 Naive,CD14 Mono,0.0,pbmc10k_to_pbmc5k,scvi_matched,3,l2
CD4 TCM,CD14 Mono,0.0,pbmc10k_to_pbmc5k,scvi_matched,3,l2
CD4 TEM,CD14 Mono,0.0,pbmc10k_to_pbmc5k,scvi_matched,3,l2
CD8 Naive,CD14 Mono,0.0,pbmc10k_to_pbmc5k,scvi_matched,3,l2
CD8 TCM,CD14 Mono,0.0,pbmc10k_to_pbmc5k,scvi_matched,3,l2
CD8 TEM,CD14 Mono,0.0,pbmc10k_to_pbmc5k,scvi_matched,3,l2
Eryth,CD14 Mono,0.38372093023255816,pbmc10k_to_pbmc5k,scvi_matched,3,l2
ILC,CD14 Mono,0.0,pbmc10k_to_pbmc5k,scvi_matched,3,l2
MAIT,CD14 Mono,0.0,pbmc10k_to_pbmc5k,scvi_matched,3,l2
NK,CD14 Mono,0.0,pbmc10k_to_pbmc5k,scvi_matched,3,l2
NK_CD56bright,CD14 Mono,0.0,pbmc10k_to_pbmc5k,scvi_matched,3,l2
Treg,CD14 Mono,0.0,pbmc10k_to_pbmc5k,scvi_matched,3,l2
cDC2,CD14 Mono,0.048,pbmc10k_to_pbmc5k,scvi_matched,3,l2
dnT,CD14 Mono,0.0,pbmc10k_to_pbmc5k,scvi_matched,3,l2
gdT,CD14 Mono,0.0,pbmc10k_to_pbmc5k,scvi_matched,3,l2
pDC,CD14 Mono,0.0,pbmc10k_to_pbmc5k,scvi_matched,3,l2
B intermediate,CD16 Mono,0.0,pbmc10k_to_pbmc5k,scvi_matched,3,l2
B memory,CD16 Mono,0.0,pbmc10k_to_pbmc5k,scvi_matched,3,l2
B naive,CD16 Mono,0.0,pbmc10k_to_pbmc5k,scvi_matched,3,l2
CD14 Mono,CD16 Mono,0.0021344717182497333,pbmc10k_to_pbmc5k,scvi_matched,3,l2
CD16 Mono,CD16 Mono,0.9007633587786259,pbmc10k_to_pbmc5k,scvi_matched,3,l2
CD4 CTL,CD16 Mono,0.0,pbmc10k_to_pbmc5k,scvi_matched,3,l2
CD4 Naive,CD16 Mono,0.0,pbmc10k_to_pbmc5k,scvi_matched,3,l2
CD4 TCM,CD16 Mono,0.0,pbmc10k_to_pbmc5k,scvi_matched,3,l2
CD4 TEM,CD16 Mono,0.0,pbmc10k_to_pbmc5k,scvi_matched,3,l2
CD8 Naive,CD16 Mono,0.0,pbmc10k_to_pbmc5k,scvi_matched,3,l2
CD8 TCM,CD16 Mono,0.0,pbmc10k_to_pbmc5k,scvi_matched,3,l2
CD8 TEM,CD16 Mono,0.0,pbmc10k_to_pbmc5k,scvi_matched,3,l2
Eryth,CD16 Mono,0.0,pbmc10k_to_pbmc5k,scvi_matched,3,l2
ILC,CD16 Mono,0.0,pbmc10k_to_pbmc5k,scvi_matched,3,l2
MAIT,CD16 Mono,0.0,pbmc10k_to_pbmc5k,scvi_matched,3,l2
NK,CD16 Mono,0.0,pbmc10k_to_pbmc5k,scvi_matched,3,l2
NK_CD56bright,CD16 Mono,0.0,pbmc10k_to_pbmc5k,scvi_matched,3,l2
Treg,CD16 Mono,0.0,pbmc10k_to_pbmc5k,scvi_matched,3,l2
cDC2,CD16 Mono,0.0,pbmc10k_to_pbmc5k,scvi_matched,3,l2
dnT,CD16 Mono,0.0,pbmc10k_to_pbmc5k,scvi_matched,3,l2
gdT,CD16 Mono,0.0,pbmc10k_to_pbmc5k,scvi_matched,3,l2
pDC,CD16 Mono,0.0,pbmc10k_to_pbmc5k,scvi_matched,3,l2
B intermediate,CD4 CTL,0.0,pbmc10k_to_pbmc5k,scvi_matched,3,l2
B memory,CD4 CTL,0.0,pbmc10k_to_pbmc5k,scvi_matched,3,l2
B naive,CD4 CTL,0.0,pbmc10k_to_pbmc5k,scvi_matched,3,l2
CD14 Mono,CD4 CTL,0.0,pbmc10k_to_pbmc5k,scvi_matched,3,l2
CD16 Mono,CD4 CTL,0.0,pbmc10k_to_pbmc5k,scvi_matched,3,l2
CD4 CTL,CD4 CTL,0.07317073170731707,pbmc10k_to_pbmc5k,scvi_matched,3,l2
CD4 Naive,CD4 CTL,0.0,pbmc10k_to_pbmc5k,scvi_matched,3,l2
CD4 TCM,CD4 CTL,0.0,pbmc10k_to_pbmc5k,scvi_matched,3,l2
CD4 TEM,CD4 CTL,0.0,pbmc10k_to_pbmc5k,scvi_matched,3,l2
CD8 Naive,CD4 CTL,0.0,pbmc10k_to_pbmc5k,scvi_matched,3,l2
CD8 TCM,CD4 CTL,0.0,pbmc10k_to_pbmc5k,scvi_matched,3,l2
CD8 TEM,CD4 CTL,0.0,pbmc10k_to_pbmc5k,scvi_matched,3,l2
Eryth,CD4 CTL,0.0,pbmc10k_to_pbmc5k,scvi_matched,3,l2
ILC,CD4 CTL,0.0,pbmc10k_to_pbmc5k,scvi_matched,3,l2
MAIT,CD4 CTL,0.0,pbmc10k_to_pbmc5k,scvi_matched,3,l2
NK,CD4 CTL,0.0,pbmc10k_to_pbmc5k,scvi_matched,3,l2
NK_CD56bright,CD4 CTL,0.0,pbmc10k_to_pbmc5k,scvi_matched,3,l2
Treg,CD4 CTL,0.0,pbmc10k_to_pbmc5k,scvi_matched,3,l2
cDC2,CD4 CTL,0.0,pbmc10k_to_pbmc5k,scvi_matched,3,l2
dnT,CD4 CTL,0.0,pbmc10k_to_pbmc5k,scvi_matched,3,l2
gdT,CD4 CTL,0.0,pbmc10k_to_pbmc5k,scvi_matched,3,l2
pDC,CD4 CTL,0.0,pbmc10k_to_pbmc5k,scvi_matched,3,l2
B intermediate,CD4 Naive,0.0,pbmc10k_to_pbmc5k,scvi_matched,3,l2
B memory,CD4 Naive,0.0,pbmc10k_to_pbmc5k,scvi_matched,3,l2
B naive,CD4 Naive,0.0,pbmc10k_to_pbmc5k,scvi_matched,3,l2
CD14 Mono,CD4 Naive,0.0,pbmc10k_to_pbmc5k,scvi_matched,3,l2
CD16 Mono,CD4 Naive,0.0,pbmc10k_to_pbmc5k,scvi_matched,3,l2
CD4 CTL,CD4 Naive,0.0,pbmc10k_to_pbmc5k,scvi_matched,3,l2
CD4 Naive,CD4 Naive,0.6613756613756614,pbmc10k_to_pbmc5k,scvi_matched,3,l2
CD4 TCM,CD4 Naive,0.10397553516819572,pbmc10k_to_pbmc5k,scvi_matched,3,l2
CD4 TEM,CD4 Naive,0.003676470588235294,pbmc10k_to_pbmc5k,scvi_matched,3,l2
CD8 Naive,CD4 Naive,0.0,pbmc10k_to_pbmc5k,scvi_matched,3,l2
CD8 TCM,CD4 Naive,0.029411764705882353,pbmc10k_to_pbmc5k,scvi_matched,3,l2
CD8 TEM,CD4 Naive,0.0,pbmc10k_to_pbmc5k,scvi_matched,3,l2
Eryth,CD4 Naive,0.0,pbmc10k_to_pbmc5k,scvi_matched,3,l2
ILC,CD4 Naive,0.0,pbmc10k_to_pbmc5k,scvi_matched,3,l2
MAIT,CD4 Naive,0.0,pbmc10k_to_pbmc5k,scvi_matched,3,l2
NK,CD4 Naive,0.0,pbmc10k_to_pbmc5k,scvi_matched,3,l2
NK_CD56bright,CD4 Naive,0.0,pbmc10k_to_pbmc5k,scvi_matched,3,l2
Treg,CD4 Naive,0.05084745762711865,pbmc10k_to_pbmc5k,scvi_matched,3,l2
cDC2,CD4 Naive,0.0,pbmc10k_to_pbmc5k,scvi_matched,3,l2
dnT,CD4 Naive,0.5,pbmc10k_to_pbmc5k,scvi_matched,3,l2
gdT,CD4 Naive,0.0,pbmc10k_to_pbmc5k,scvi_matched,3,l2
pDC,CD4 Naive,0.0,pbmc10k_to_pbmc5k,scvi_matched,3,l2
B intermediate,CD4 TCM,0.0,pbmc10k_to_pbmc5k,scvi_matched,3,l2
B memory,CD4 TCM,0.0,pbmc10k_to_pbmc5k,scvi_matched,3,l2
B naive,CD4 TCM,0.0,pbmc10k_to_pbmc5k,scvi_matched,3,l2
CD14 Mono,CD4 TCM,0.0,pbmc10k_to_pbmc5k,scvi_matched,3,l2
CD16 Mono,CD4 TCM,0.0,pbmc10k_to_pbmc5k,scvi_matched,3,l2
CD4 CTL,CD4 TCM,0.0,pbmc10k_to_pbmc5k,scvi_matched,3,l2
CD4 Naive,CD4 TCM,0.29365079365079366,pbmc10k_to_pbmc5k,scvi_matched,3,l2
CD4 TCM,CD4 TCM,0.7798165137614679,pbmc10k_to_pbmc5k,scvi_matched,3,l2
CD4 TEM,CD4 TCM,0.18382352941176472,pbmc10k_to_pbmc5k,scvi_matched,3,l2
CD8 Naive,CD4 TCM,0.0,pbmc10k_to_pbmc5k,scvi_matched,3,l2
CD8 TCM,CD4 TCM,0.058823529411764705,pbmc10k_to_pbmc5k,scvi_matched,3,l2
CD8 TEM,CD4 TCM,0.0,pbmc10k_to_pbmc5k,scvi_matched,3,l2
Eryth,CD4 TCM,0.0,pbmc10k_to_pbmc5k,scvi_matched,3,l2
ILC,CD4 TCM,0.4489795918367347,pbmc10k_to_pbmc5k,scvi_matched,3,l2
MAIT,CD4 TCM,0.0,pbmc10k_to_pbmc5k,scvi_matched,3,l2
NK,CD4 TCM,0.0,pbmc10k_to_pbmc5k,scvi_matched,3,l2
NK_CD56bright,CD4 TCM,0.0,pbmc10k_to_pbmc5k,scvi_matched,3,l2
Treg,CD4 TCM,0.3728813559322034,pbmc10k_to_pbmc5k,scvi_matched,3,l2
cDC2,CD4 TCM,0.0,pbmc10k_to_pbmc5k,scvi_matched,3,l2
dnT,CD4 TCM,0.14285714285714285,pbmc10k_to_pbmc5k,scvi_matched,3,l2
gdT,CD4 TCM,0.0,pbmc10k_to_pbmc5k,scvi_matched,3,l2
pDC,CD4 TCM,0.0,pbmc10k_to_pbmc5k,scvi_matched,3,l2
B intermediate,CD4 TEM,0.0,pbmc10k_to_pbmc5k,scvi_matched,3,l2
B memory,CD4 TEM,0.0,pbmc10k_to_pbmc5k,scvi_matched,3,l2
B naive,CD4 TEM,0.0,pbmc10k_to_pbmc5k,scvi_matched,3,l2
CD14 Mono,CD4 TEM,0.0,pbmc10k_to_pbmc5k,scvi_matched,3,l2
CD16 Mono,CD4 TEM,0.0,pbmc10k_to_pbmc5k,scvi_matched,3,l2
CD4 CTL,CD4 TEM,0.6829268292682927,pbmc10k_to_pbmc5k,scvi_matched,3,l2
CD4 Naive,CD4 TEM,0.0,pbmc10k_to_pbmc5k,scvi_matched,3,l2
CD4 TCM,CD4 TEM,0.03363914373088685,pbmc10k_to_pbmc5k,scvi_matched,3,l2
CD4 TEM,CD4 TEM,0.7352941176470589,pbmc10k_to_pbmc5k,scvi_matched,3,l2
CD8 Naive,CD4 TEM,0.0,pbmc10k_to_pbmc5k,scvi_matched,3,l2
CD8 TCM,CD4 TEM,0.20588235294117646,pbmc10k_to_pbmc5k,scvi_matched,3,l2
CD8 TEM,CD4 TEM,0.07482993197278912,pbmc10k_to_pbmc5k,scvi_matched,3,l2
Eryth,CD4 TEM,0.0,pbmc10k_to_pbmc5k,scvi_matched,3,l2
ILC,CD4 TEM,0.12244897959183673,pbmc10k_to_pbmc5k,scvi_matched,3,l2
MAIT,CD4 TEM,0.041666666666666664,pbmc10k_to_pbmc5k,scvi_matched,3,l2
NK,CD4 TEM,0.0,pbmc10k_to_pbmc5k,scvi_matched,3,l2
NK_CD56bright,CD4 TEM,0.0,pbmc10k_to_pbmc5k,scvi_matched,3,l2
Treg,CD4 TEM,0.03389830508474576,pbmc10k_to_pbmc5k,scvi_matched,3,l2
cDC2,CD4 TEM,0.0,pbmc10k_to_pbmc5k,scvi_matched,3,l2
dnT,CD4 TEM,0.0,pbmc10k_to_pbmc5k,scvi_matched,3,l2
gdT,CD4 TEM,0.014084507042253521,pbmc10k_to_pbmc5k,scvi_matched,3,l2
pDC,CD4 TEM,0.0,pbmc10k_to_pbmc5k,scvi_matched,3,l2
B intermediate,CD8 Naive,0.0,pbmc10k_to_pbmc5k,scvi_matched,3,l2
B memory,CD8 Naive,0.0,pbmc10k_to_pbmc5k,scvi_matched,3,l2
B naive,CD8 Naive,0.0,pbmc10k_to_pbmc5k,scvi_matched,3,l2
CD14 Mono,CD8 Naive,0.0,pbmc10k_to_pbmc5k,scvi_matched,3,l2
CD16 Mono,CD8 Naive,0.0,pbmc10k_to_pbmc5k,scvi_matched,3,l2
CD4 CTL,CD8 Naive,0.0,pbmc10k_to_pbmc5k,scvi_matched,3,l2
CD4 Naive,CD8 Naive,0.031746031746031744,pbmc10k_to_pbmc5k,scvi_matched,3,l2
CD4 TCM,CD8 Naive,0.0,pbmc10k_to_pbmc5k,scvi_matched,3,l2
CD4 TEM,CD8 Naive,0.0,pbmc10k_to_pbmc5k,scvi_matched,3,l2
CD8 Naive,CD8 Naive,0.9791666666666666,pbmc10k_to_pbmc5k,scvi_matched,3,l2
CD8 TCM,CD8 Naive,0.20588235294117646,pbmc10k_to_pbmc5k,scvi_matched,3,l2
CD8 TEM,CD8 Naive,0.0,pbmc10k_to_pbmc5k,scvi_matched,3,l2
Eryth,CD8 Naive,0.0,pbmc10k_to_pbmc5k,scvi_matched,3,l2
ILC,CD8 Naive,0.0,pbmc10k_to_pbmc5k,scvi_matched,3,l2
MAIT,CD8 Naive,0.0,pbmc10k_to_pbmc5k,scvi_matched,3,l2
NK,CD8 Naive,0.0,pbmc10k_to_pbmc5k,scvi_matched,3,l2
NK_CD56bright,CD8 Naive,0.0,pbmc10k_to_pbmc5k,scvi_matched,3,l2
Treg,CD8 Naive,0.0,pbmc10k_to_pbmc5k,scvi_matched,3,l2
cDC2,CD8 Naive,0.0,pbmc10k_to_pbmc5k,scvi_matched,3,l2
dnT,CD8 Naive,0.14285714285714285,pbmc10k_to_pbmc5k,scvi_matched,3,l2
gdT,CD8 Naive,0.028169014084507043,pbmc10k_to_pbmc5k,scvi_matched,3,l2
pDC,CD8 Naive,0.0,pbmc10k_to_pbmc5k,scvi_matched,3,l2
B intermediate,CD8 TCM,0.0,pbmc10k_to_pbmc5k,scvi_matched,3,l2
B memory,CD8 TCM,0.0,pbmc10k_to_pbmc5k,scvi_matched,3,l2
B naive,CD8 TCM,0.0,pbmc10k_to_pbmc5k,scvi_matched,3,l2
CD14 Mono,CD8 TCM,0.0,pbmc10k_to_pbmc5k,scvi_matched,3,l2
CD16 Mono,CD8 TCM,0.0,pbmc10k_to_pbmc5k,scvi_matched,3,l2
CD4 CTL,CD8 TCM,0.0,pbmc10k_to_pbmc5k,scvi_matched,3,l2
CD4 Naive,CD8 TCM,0.0026455026455026454,pbmc10k_to_pbmc5k,scvi_matched,3,l2
CD4 TCM,CD8 TCM,0.012232415902140673,pbmc10k_to_pbmc5k,scvi_matched,3,l2
CD4 TEM,CD8 TCM,0.014705882352941176,pbmc10k_to_pbmc5k,scvi_matched,3,l2
CD8 Naive,CD8 TCM,0.0,pbmc10k_to_pbmc5k,scvi_matched,3,l2
CD8 TCM,CD8 TCM,0.2647058823529412,pbmc10k_to_pbmc5k,scvi_matched,3,l2
CD8 TEM,CD8 TCM,0.047619047619047616,pbmc10k_to_pbmc5k,scvi_matched,3,l2
Eryth,CD8 TCM,0.0,pbmc10k_to_pbmc5k,scvi_matched,3,l2
ILC,CD8 TCM,0.01020408163265306,pbmc10k_to_pbmc5k,scvi_matched,3,l2
MAIT,CD8 TCM,0.0,pbmc10k_to_pbmc5k,scvi_matched,3,l2
NK,CD8 TCM,0.0,pbmc10k_to_pbmc5k,scvi_matched,3,l2
NK_CD56bright,CD8 TCM,0.0,pbmc10k_to_pbmc5k,scvi_matched,3,l2
Treg,CD8 TCM,0.0,pbmc10k_to_pbmc5k,scvi_matched,3,l2
cDC2,CD8 TCM,0.0,pbmc10k_to_pbmc5k,scvi_matched,3,l2
dnT,CD8 TCM,0.07142857142857142,pbmc10k_to_pbmc5k,scvi_matched,3,l2
gdT,CD8 TCM,0.028169014084507043,pbmc10k_to_pbmc5k,scvi_matched,3,l2
pDC,CD8 TCM,0.0,pbmc10k_to_pbmc5k,scvi_matched,3,l2
B intermediate,CD8 TEM,0.0,pbmc10k_to_pbmc5k,scvi_matched,3,l2
B memory,CD8 TEM,0.0,pbmc10k_to_pbmc5k,scvi_matched,3,l2
B naive,CD8 TEM,0.0,pbmc10k_to_pbmc5k,scvi_matched,3,l2
CD14 Mono,CD8 TEM,0.0,pbmc10k_to_pbmc5k,scvi_matched,3,l2
CD16 Mono,CD8 TEM,0.0,pbmc10k_to_pbmc5k,scvi_matched,3,l2
CD4 CTL,CD8 TEM,0.14634146341463414,pbmc10k_to_pbmc5k,scvi_matched,3,l2
CD4 Naive,CD8 TEM,0.0,pbmc10k_to_pbmc5k,scvi_matched,3,l2
CD4 TCM,CD8 TEM,0.0,pbmc10k_to_pbmc5k,scvi_matched,3,l2
CD4 TEM,CD8 TEM,0.014705882352941176,pbmc10k_to_pbmc5k,scvi_matched,3,l2
CD8 Naive,CD8 TEM,0.0,pbmc10k_to_pbmc5k,scvi_matched,3,l2
CD8 TCM,CD8 TEM,0.029411764705882353,pbmc10k_to_pbmc5k,scvi_matched,3,l2
CD8 TEM,CD8 TEM,0.6938775510204082,pbmc10k_to_pbmc5k,scvi_matched,3,l2
Eryth,CD8 TEM,0.0,pbmc10k_to_pbmc5k,scvi_matched,3,l2
ILC,CD8 TEM,0.01020408163265306,pbmc10k_to_pbmc5k,scvi_matched,3,l2
MAIT,CD8 TEM,0.041666666666666664,pbmc10k_to_pbmc5k,scvi_matched,3,l2
NK,CD8 TEM,0.0,pbmc10k_to_pbmc5k,scvi_matched,3,l2
NK_CD56bright,CD8 TEM,0.0,pbmc10k_to_pbmc5k,scvi_matched,3,l2
Treg,CD8 TEM,0.01694915254237288,pbmc10k_to_pbmc5k,scvi_matched,3,l2
cDC2,CD8 TEM,0.0,pbmc10k_to_pbmc5k,scvi_matched,3,l2
dnT,CD8 TEM,0.0,pbmc10k_to_pbmc5k,scvi_matched,3,l2
gdT,CD8 TEM,0.1267605633802817,pbmc10k_to_pbmc5k,scvi_matched,3,l2
pDC,CD8 TEM,0.0,pbmc10k_to_pbmc5k,scvi_matched,3,l2
B intermediate,Eryth,0.0,pbmc10k_to_pbmc5k,scvi_matched,3,l2
B memory,Eryth,0.0,pbmc10k_to_pbmc5k,scvi_matched,3,l2
B naive,Eryth,0.0,pbmc10k_to_pbmc5k,scvi_matched,3,l2
CD14 Mono,Eryth,0.0032017075773745998,pbmc10k_to_pbmc5k,scvi_matched,3,l2
CD16 Mono,Eryth,0.0,pbmc10k_to_pbmc5k,scvi_matched,3,l2
CD4 CTL,Eryth,0.0,pbmc10k_to_pbmc5k,scvi_matched,3,l2
CD4 Naive,Eryth,0.0,pbmc10k_to_pbmc5k,scvi_matched,3,l2
CD4 TCM,Eryth,0.027522935779816515,pbmc10k_to_pbmc5k,scvi_matched,3,l2
CD4 TEM,Eryth,0.0,pbmc10k_to_pbmc5k,scvi_matched,3,l2
CD8 Naive,Eryth,0.0,pbmc10k_to_pbmc5k,scvi_matched,3,l2
CD8 TCM,Eryth,0.0,pbmc10k_to_pbmc5k,scvi_matched,3,l2
CD8 TEM,Eryth,0.0,pbmc10k_to_pbmc5k,scvi_matched,3,l2
Eryth,Eryth,0.5813953488372093,pbmc10k_to_pbmc5k,scvi_matched,3,l2
ILC,Eryth,0.05102040816326531,pbmc10k_to_pbmc5k,scvi_matched,3,l2
MAIT,Eryth,0.0,pbmc10k_to_pbmc5k,scvi_matched,3,l2
NK,Eryth,0.0,pbmc10k_to_pbmc5k,scvi_matched,3,l2
NK_CD56bright,Eryth,0.0,pbmc10k_to_pbmc5k,scvi_matched,3,l2
Treg,Eryth,0.06779661016949153,pbmc10k_to_pbmc5k,scvi_matched,3,l2
cDC2,Eryth,0.0,pbmc10k_to_pbmc5k,scvi_matched,3,l2
dnT,Eryth,0.0,pbmc10k_to_pbmc5k,scvi_matched,3,l2
gdT,Eryth,0.0,pbmc10k_to_pbmc5k,scvi_matched,3,l2
pDC,Eryth,0.0,pbmc10k_to_pbmc5k,scvi_matched,3,l2
B intermediate,ILC,0.0,pbmc10k_to_pbmc5k,scvi_matched,3,l2
B memory,ILC,0.0,pbmc10k_to_pbmc5k,scvi_matched,3,l2
B naive,ILC,0.0,pbmc10k_to_pbmc5k,scvi_matched,3,l2
CD14 Mono,ILC,0.0,pbmc10k_to_pbmc5k,scvi_matched,3,l2
CD16 Mono,ILC,0.0,pbmc10k_to_pbmc5k,scvi_matched,3,l2
CD4 CTL,ILC,0.024390243902439025,pbmc10k_to_pbmc5k,scvi_matched,3,l2
CD4 Naive,ILC,0.0026455026455026454,pbmc10k_to_pbmc5k,scvi_matched,3,l2
CD4 TCM,ILC,0.024464831804281346,pbmc10k_to_pbmc5k,scvi_matched,3,l2
CD4 TEM,ILC,0.025735294117647058,pbmc10k_to_pbmc5k,scvi_matched,3,l2
CD8 Naive,ILC,0.0,pbmc10k_to_pbmc5k,scvi_matched,3,l2
CD8 TCM,ILC,0.08823529411764706,pbmc10k_to_pbmc5k,scvi_matched,3,l2
CD8 TEM,ILC,0.0,pbmc10k_to_pbmc5k,scvi_matched,3,l2
Eryth,ILC,0.0,pbmc10k_to_pbmc5k,scvi_matched,3,l2
ILC,ILC,0.24489795918367346,pbmc10k_to_pbmc5k,scvi_matched,3,l2
MAIT,ILC,0.0,pbmc10k_to_pbmc5k,scvi_matched,3,l2
NK,ILC,0.0,pbmc10k_to_pbmc5k,scvi_matched,3,l2
NK_CD56bright,ILC,0.0,pbmc10k_to_pbmc5k,scvi_matched,3,l2
Treg,ILC,0.0,pbmc10k_to_pbmc5k,scvi_matched,3,l2
cDC2,ILC,0.0,pbmc10k_to_pbmc5k,scvi_matched,3,l2
dnT,ILC,0.0,pbmc10k_to_pbmc5k,scvi_matched,3,l2
gdT,ILC,0.0,pbmc10k_to_pbmc5k,scvi_matched,3,l2
pDC,ILC,0.0,pbmc10k_to_pbmc5k,scvi_matched,3,l2
B intermediate,MAIT,0.0,pbmc10k_to_pbmc5k,scvi_matched,3,l2
B memory,MAIT,0.0,pbmc10k_to_pbmc5k,scvi_matched,3,l2
B naive,MAIT,0.0,pbmc10k_to_pbmc5k,scvi_matched,3,l2
CD14 Mono,MAIT,0.0,pbmc10k_to_pbmc5k,scvi_matched,3,l2
CD16 Mono,MAIT,0.0,pbmc10k_to_pbmc5k,scvi_matched,3,l2
CD4 CTL,MAIT,0.07317073170731707,pbmc10k_to_pbmc5k,scvi_matched,3,l2
CD4 Naive,MAIT,0.0,pbmc10k_to_pbmc5k,scvi_matched,3,l2
CD4 TCM,MAIT,0.0,pbmc10k_to_pbmc5k,scvi_matched,3,l2
CD4 TEM,MAIT,0.0,pbmc10k_to_pbmc5k,scvi_matched,3,l2
CD8 Naive,MAIT,0.0,pbmc10k_to_pbmc5k,scvi_matched,3,l2
CD8 TCM,MAIT,0.0,pbmc10k_to_pbmc5k,scvi_matched,3,l2
CD8 TEM,MAIT,0.06802721088435375,pbmc10k_to_pbmc5k,scvi_matched,3,l2
Eryth,MAIT,0.0,pbmc10k_to_pbmc5k,scvi_matched,3,l2
ILC,MAIT,0.01020408163265306,pbmc10k_to_pbmc5k,scvi_matched,3,l2
MAIT,MAIT,0.875,pbmc10k_to_pbmc5k,scvi_matched,3,l2
NK,MAIT,0.0,pbmc10k_to_pbmc5k,scvi_matched,3,l2
NK_CD56bright,MAIT,0.03333333333333333,pbmc10k_to_pbmc5k,scvi_matched,3,l2
Treg,MAIT,0.0,pbmc10k_to_pbmc5k,scvi_matched,3,l2
cDC2,MAIT,0.0,pbmc10k_to_pbmc5k,scvi_matched,3,l2
dnT,MAIT,0.0,pbmc10k_to_pbmc5k,scvi_matched,3,l2
gdT,MAIT,0.2535211267605634,pbmc10k_to_pbmc5k,scvi_matched,3,l2
pDC,MAIT,0.0,pbmc10k_to_pbmc5k,scvi_matched,3,l2
B intermediate,NK,0.0,pbmc10k_to_pbmc5k,scvi_matched,3,l2
B memory,NK,0.0,pbmc10k_to_pbmc5k,scvi_matched,3,l2
B naive,NK,0.0,pbmc10k_to_pbmc5k,scvi_matched,3,l2
CD14 Mono,NK,0.0,pbmc10k_to_pbmc5k,scvi_matched,3,l2
CD16 Mono,NK,0.0,pbmc10k_to_pbmc5k,scvi_matched,3,l2
CD4 CTL,NK,0.0,pbmc10k_to_pbmc5k,scvi_matched,3,l2
CD4 Naive,NK,0.0,pbmc10k_to_pbmc5k,scvi_matched,3,l2
CD4 TCM,NK,0.0,pbmc10k_to_pbmc5k,scvi_matched,3,l2
CD4 TEM,NK,0.0,pbmc10k_to_pbmc5k,scvi_matched,3,l2
CD8 Naive,NK,0.0,pbmc10k_to_pbmc5k,scvi_matched,3,l2
CD8 TCM,NK,0.0,pbmc10k_to_pbmc5k,scvi_matched,3,l2
CD8 TEM,NK,0.047619047619047616,pbmc10k_to_pbmc5k,scvi_matched,3,l2
Eryth,NK,0.0,pbmc10k_to_pbmc5k,scvi_matched,3,l2
ILC,NK,0.0,pbmc10k_to_pbmc5k,scvi_matched,3,l2
MAIT,NK,0.0,pbmc10k_to_pbmc5k,scvi_matched,3,l2
NK,NK,0.9920318725099602,pbmc10k_to_pbmc5k,scvi_matched,3,l2
NK_CD56bright,NK,0.06666666666666667,pbmc10k_to_pbmc5k,scvi_matched,3,l2
Treg,NK,0.0,pbmc10k_to_pbmc5k,scvi_matched,3,l2
cDC2,NK,0.0,pbmc10k_to_pbmc5k,scvi_matched,3,l2
dnT,NK,0.0,pbmc10k_to_pbmc5k,scvi_matched,3,l2
gdT,NK,0.22535211267605634,pbmc10k_to_pbmc5k,scvi_matched,3,l2
pDC,NK,0.0,pbmc10k_to_pbmc5k,scvi_matched,3,l2
B intermediate,NK_CD56bright,0.0,pbmc10k_to_pbmc5k,scvi_matched,3,l2
B memory,NK_CD56bright,0.0,pbmc10k_to_pbmc5k,scvi_matched,3,l2
B naive,NK_CD56bright,0.0,pbmc10k_to_pbmc5k,scvi_matched,3,l2
CD14 Mono,NK_CD56bright,0.0,pbmc10k_to_pbmc5k,scvi_matched,3,l2
CD16 Mono,NK_CD56bright,0.0,pbmc10k_to_pbmc5k,scvi_matched,3,l2
CD4 CTL,NK_CD56bright,0.0,pbmc10k_to_pbmc5k,scvi_matched,3,l2
CD4 Naive,NK_CD56bright,0.0,pbmc10k_to_pbmc5k,scvi_matched,3,l2
CD4 TCM,NK_CD56bright,0.0,pbmc10k_to_pbmc5k,scvi_matched,3,l2
CD4 TEM,NK_CD56bright,0.0,pbmc10k_to_pbmc5k,scvi_matched,3,l2
CD8 Naive,NK_CD56bright,0.0,pbmc10k_to_pbmc5k,scvi_matched,3,l2
CD8 TCM,NK_CD56bright,0.0,pbmc10k_to_pbmc5k,scvi_matched,3,l2
CD8 TEM,NK_CD56bright,0.0,pbmc10k_to_pbmc5k,scvi_matched,3,l2
Eryth,NK_CD56bright,0.0,pbmc10k_to_pbmc5k,scvi_matched,3,l2
ILC,NK_CD56bright,0.01020408163265306,pbmc10k_to_pbmc5k,scvi_matched,3,l2
MAIT,NK_CD56bright,0.0,pbmc10k_to_pbmc5k,scvi_matched,3,l2
NK,NK_CD56bright,0.00796812749003984,pbmc10k_to_pbmc5k,scvi_matched,3,l2
NK_CD56bright,NK_CD56bright,0.8666666666666667,pbmc10k_to_pbmc5k,scvi_matched,3,l2
Treg,NK_CD56bright,0.0,pbmc10k_to_pbmc5k,scvi_matched,3,l2
cDC2,NK_CD56bright,0.0,pbmc10k_to_pbmc5k,scvi_matched,3,l2
dnT,NK_CD56bright,0.0,pbmc10k_to_pbmc5k,scvi_matched,3,l2
gdT,NK_CD56bright,0.014084507042253521,pbmc10k_to_pbmc5k,scvi_matched,3,l2
pDC,NK_CD56bright,0.0,pbmc10k_to_pbmc5k,scvi_matched,3,l2
B intermediate,Treg,0.0,pbmc10k_to_pbmc5k,scvi_matched,3,l2
B memory,Treg,0.0,pbmc10k_to_pbmc5k,scvi_matched,3,l2
B naive,Treg,0.0,pbmc10k_to_pbmc5k,scvi_matched,3,l2
CD14 Mono,Treg,0.0,pbmc10k_to_pbmc5k,scvi_matched,3,l2
CD16 Mono,Treg,0.0,pbmc10k_to_pbmc5k,scvi_matched,3,l2
CD4 CTL,Treg,0.0,pbmc10k_to_pbmc5k,scvi_matched,3,l2
CD4 Naive,Treg,0.005291005291005291,pbmc10k_to_pbmc5k,scvi_matched,3,l2
CD4 TCM,Treg,0.01834862385321101,pbmc10k_to_pbmc5k,scvi_matched,3,l2
CD4 TEM,Treg,0.011029411764705883,pbmc10k_to_pbmc5k,scvi_matched,3,l2
CD8 Naive,Treg,0.0,pbmc10k_to_pbmc5k,scvi_matched,3,l2
CD8 TCM,Treg,0.0,pbmc10k_to_pbmc5k,scvi_matched,3,l2
CD8 TEM,Treg,0.0,pbmc10k_to_pbmc5k,scvi_matched,3,l2
Eryth,Treg,0.0,pbmc10k_to_pbmc5k,scvi_matched,3,l2
ILC,Treg,0.02040816326530612,pbmc10k_to_pbmc5k,scvi_matched,3,l2
MAIT,Treg,0.0,pbmc10k_to_pbmc5k,scvi_matched,3,l2
NK,Treg,0.0,pbmc10k_to_pbmc5k,scvi_matched,3,l2
NK_CD56bright,Treg,0.0,pbmc10k_to_pbmc5k,scvi_matched,3,l2
Treg,Treg,0.3898305084745763,pbmc10k_to_pbmc5k,scvi_matched,3,l2
cDC2,Treg,0.0,pbmc10k_to_pbmc5k,scvi_matched,3,l2
dnT,Treg,0.0,pbmc10k_to_pbmc5k,scvi_matched,3,l2
gdT,Treg,0.0,pbmc10k_to_pbmc5k,scvi_matched,3,l2
pDC,Treg,0.0,pbmc10k_to_pbmc5k,scvi_matched,3,l2
B intermediate,cDC2,0.0,pbmc10k_to_pbmc5k,scvi_matched,3,l2
B memory,cDC2,0.0,pbmc10k_to_pbmc5k,scvi_matched,3,l2
B naive,cDC2,0.0,pbmc10k_to_pbmc5k,scvi_matched,3,l2
CD14 Mono,cDC2,0.004268943436499467,pbmc10k_to_pbmc5k,scvi_matched,3,l2
CD16 Mono,cDC2,0.022900763358778626,pbmc10k_to_pbmc5k,scvi_matched,3,l2
CD4 CTL,cDC2,0.0,pbmc10k_to_pbmc5k,scvi_matched,3,l2
CD4 Naive,cDC2,0.0,pbmc10k_to_pbmc5k,scvi_matched,3,l2
CD4 TCM,cDC2,0.0,pbmc10k_to_pbmc5k,scvi_matched,3,l2
CD4 TEM,cDC2,0.0,pbmc10k_to_pbmc5k,scvi_matched,3,l2
CD8 Naive,cDC2,0.0,pbmc10k_to_pbmc5k,scvi_matched,3,l2
CD8 TCM,cDC2,0.0,pbmc10k_to_pbmc5k,scvi_matched,3,l2
CD8 TEM,cDC2,0.0,pbmc10k_to_pbmc5k,scvi_matched,3,l2
Eryth,cDC2,0.0,pbmc10k_to_pbmc5k,scvi_matched,3,l2
ILC,cDC2,0.01020408163265306,pbmc10k_to_pbmc5k,scvi_matched,3,l2
MAIT,cDC2,0.0,pbmc10k_to_pbmc5k,scvi_matched,3,l2
NK,cDC2,0.0,pbmc10k_to_pbmc5k,scvi_matched,3,l2
NK_CD56bright,cDC2,0.0,pbmc10k_to_pbmc5k,scvi_matched,3,l2
Treg,cDC2,0.0,pbmc10k_to_pbmc5k,scvi_matched,3,l2
cDC2,cDC2,0.952,pbmc10k_to_pbmc5k,scvi_matched,3,l2
dnT,cDC2,0.0,pbmc10k_to_pbmc5k,scvi_matched,3,l2
gdT,cDC2,0.0,pbmc10k_to_pbmc5k,scvi_matched,3,l2
pDC,cDC2,0.0,pbmc10k_to_pbmc5k,scvi_matched,3,l2
B intermediate,dnT,0.0,pbmc10k_to_pbmc5k,scvi_matched,3,l2
B memory,dnT,0.0,pbmc10k_to_pbmc5k,scvi_matched,3,l2
B naive,dnT,0.0,pbmc10k_to_pbmc5k,scvi_matched,3,l2
CD14 Mono,dnT,0.0,pbmc10k_to_pbmc5k,scvi_matched,3,l2
CD16 Mono,dnT,0.0,pbmc10k_to_pbmc5k,scvi_matched,3,l2
CD4 CTL,dnT,0.0,pbmc10k_to_pbmc5k,scvi_matched,3,l2
CD4 Naive,dnT,0.0026455026455026454,pbmc10k_to_pbmc5k,scvi_matched,3,l2
CD4 TCM,dnT,0.0,pbmc10k_to_pbmc5k,scvi_matched,3,l2
CD4 TEM,dnT,0.0,pbmc10k_to_pbmc5k,scvi_matched,3,l2
CD8 Naive,dnT,0.020833333333333332,pbmc10k_to_pbmc5k,scvi_matched,3,l2
CD8 TCM,dnT,0.0,pbmc10k_to_pbmc5k,scvi_matched,3,l2
CD8 TEM,dnT,0.006802721088435374,pbmc10k_to_pbmc5k,scvi_matched,3,l2
Eryth,dnT,0.0,pbmc10k_to_pbmc5k,scvi_matched,3,l2
ILC,dnT,0.0,pbmc10k_to_pbmc5k,scvi_matched,3,l2
MAIT,dnT,0.0,pbmc10k_to_pbmc5k,scvi_matched,3,l2
NK,dnT,0.0,pbmc10k_to_pbmc5k,scvi_matched,3,l2
NK_CD56bright,dnT,0.0,pbmc10k_to_pbmc5k,scvi_matched,3,l2
Treg,dnT,0.05084745762711865,pbmc10k_to_pbmc5k,scvi_matched,3,l2
cDC2,dnT,0.0,pbmc10k_to_pbmc5k,scvi_matched,3,l2
dnT,dnT,0.07142857142857142,pbmc10k_to_pbmc5k,scvi_matched,3,l2
gdT,dnT,0.0,pbmc10k_to_pbmc5k,scvi_matched,3,l2
pDC,dnT,0.0,pbmc10k_to_pbmc5k,scvi_matched,3,l2
B intermediate,gdT,0.0,pbmc10k_to_pbmc5k,scvi_matched,3,l2
B memory,gdT,0.0,pbmc10k_to_pbmc5k,scvi_matched,3,l2
B naive,gdT,0.0,pbmc10k_to_pbmc5k,scvi_matched,3,l2
CD14 Mono,gdT,0.0,pbmc10k_to_pbmc5k,scvi_matched,3,l2
CD16 Mono,gdT,0.0,pbmc10k_to_pbmc5k,scvi_matched,3,l2
CD4 CTL,gdT,0.0,pbmc10k_to_pbmc5k,scvi_matched,3,l2
CD4 Naive,gdT,0.0,pbmc10k_to_pbmc5k,scvi_matched,3,l2
CD4 TCM,gdT,0.0,pbmc10k_to_pbmc5k,scvi_matched,3,l2
CD4 TEM,gdT,0.011029411764705883,pbmc10k_to_pbmc5k,scvi_matched,3,l2
CD8 Naive,gdT,0.0,pbmc10k_to_pbmc5k,scvi_matched,3,l2
CD8 TCM,gdT,0.11764705882352941,pbmc10k_to_pbmc5k,scvi_matched,3,l2
CD8 TEM,gdT,0.061224489795918366,pbmc10k_to_pbmc5k,scvi_matched,3,l2
Eryth,gdT,0.0,pbmc10k_to_pbmc5k,scvi_matched,3,l2
ILC,gdT,0.01020408163265306,pbmc10k_to_pbmc5k,scvi_matched,3,l2
MAIT,gdT,0.041666666666666664,pbmc10k_to_pbmc5k,scvi_matched,3,l2
NK,gdT,0.0,pbmc10k_to_pbmc5k,scvi_matched,3,l2
NK_CD56bright,gdT,0.03333333333333333,pbmc10k_to_pbmc5k,scvi_matched,3,l2
Treg,gdT,0.0,pbmc10k_to_pbmc5k,scvi_matched,3,l2
cDC2,gdT,0.0,pbmc10k_to_pbmc5k,scvi_matched,3,l2
dnT,gdT,0.0,pbmc10k_to_pbmc5k,scvi_matched,3,l2
gdT,gdT,0.30985915492957744,pbmc10k_to_pbmc5k,scvi_matched,3,l2
pDC,gdT,0.0,pbmc10k_to_pbmc5k,scvi_matched,3,l2
B intermediate,pDC,0.0,pbmc10k_to_pbmc5k,scvi_matched,3,l2
B memory,pDC,0.0,pbmc10k_to_pbmc5k,scvi_matched,3,l2
B naive,pDC,0.0,pbmc10k_to_pbmc5k,scvi_matched,3,l2
CD14 Mono,pDC,0.0,pbmc10k_to_pbmc5k,scvi_matched,3,l2
CD16 Mono,pDC,0.0,pbmc10k_to_pbmc5k,scvi_matched,3,l2
CD4 CTL,pDC,0.0,pbmc10k_to_pbmc5k,scvi_matched,3,l2
CD4 Naive,pDC,0.0,pbmc10k_to_pbmc5k,scvi_matched,3,l2
CD4 TCM,pDC,0.0,pbmc10k_to_pbmc5k,scvi_matched,3,l2
CD4 TEM,pDC,0.0,pbmc10k_to_pbmc5k,scvi_matched,3,l2
CD8 Naive,pDC,0.0,pbmc10k_to_pbmc5k,scvi_matched,3,l2
CD8 TCM,pDC,0.0,pbmc10k_to_pbmc5k,scvi_matched,3,l2
CD8 TEM,pDC,0.0,pbmc10k_to_pbmc5k,scvi_matched,3,l2
Eryth,pDC,0.011627906976744186,pbmc10k_to_pbmc5k,scvi_matched,3,l2
ILC,pDC,0.0,pbmc10k_to_pbmc5k,scvi_matched,3,l2
MAIT,pDC,0.0,pbmc10k_to_pbmc5k,scvi_matched,3,l2
NK,pDC,0.0,pbmc10k_to_pbmc5k,scvi_matched,3,l2
NK_CD56bright,pDC,0.0,pbmc10k_to_pbmc5k,scvi_matched,3,l2
Treg,pDC,0.0,pbmc10k_to_pbmc5k,scvi_matched,3,l2
cDC2,pDC,0.0,pbmc10k_to_pbmc5k,scvi_matched,3,l2
dnT,pDC,0.0,pbmc10k_to_pbmc5k,scvi_matched,3,l2
gdT,pDC,0.0,pbmc10k_to_pbmc5k,scvi_matched,3,l2
pDC,pDC,1.0,pbmc10k_to_pbmc5k,scvi_matched,3,l2
B intermediate,B intermediate,0.7727272727272727,pbmc10k_to_pbmc5k,totalvi,3,l2
B memory,B intermediate,0.20253164556962025,pbmc10k_to_pbmc5k,totalvi,3,l2
B naive,B intermediate,0.015625,pbmc10k_to_pbmc5k,totalvi,3,l2
CD14 Mono,B intermediate,0.0,pbmc10k_to_pbmc5k,totalvi,3,l2
CD16 Mono,B intermediate,0.0,pbmc10k_to_pbmc5k,totalvi,3,l2
CD4 CTL,B intermediate,0.0,pbmc10k_to_pbmc5k,totalvi,3,l2
CD4 Naive,B intermediate,0.0,pbmc10k_to_pbmc5k,totalvi,3,l2
CD4 TCM,B intermediate,0.0,pbmc10k_to_pbmc5k,totalvi,3,l2
CD4 TEM,B intermediate,0.0,pbmc10k_to_pbmc5k,totalvi,3,l2
CD8 Naive,B intermediate,0.0,pbmc10k_to_pbmc5k,totalvi,3,l2
CD8 TCM,B intermediate,0.0,pbmc10k_to_pbmc5k,totalvi,3,l2
CD8 TEM,B intermediate,0.0,pbmc10k_to_pbmc5k,totalvi,3,l2
Eryth,B intermediate,0.0,pbmc10k_to_pbmc5k,totalvi,3,l2
ILC,B intermediate,0.0,pbmc10k_to_pbmc5k,totalvi,3,l2
MAIT,B intermediate,0.0,pbmc10k_to_pbmc5k,totalvi,3,l2
NK,B intermediate,0.0,pbmc10k_to_pbmc5k,totalvi,3,l2
NK_CD56bright,B intermediate,0.0,pbmc10k_to_pbmc5k,totalvi,3,l2
Treg,B intermediate,0.0,pbmc10k_to_pbmc5k,totalvi,3,l2
cDC2,B intermediate,0.0,pbmc10k_to_pbmc5k,totalvi,3,l2
dnT,B intermediate,0.0,pbmc10k_to_pbmc5k,totalvi,3,l2
gdT,B intermediate,0.0,pbmc10k_to_pbmc5k,totalvi,3,l2
pDC,B intermediate,0.0,pbmc10k_to_pbmc5k,totalvi,3,l2
B intermediate,B memory,0.16666666666666666,pbmc10k_to_pbmc5k,totalvi,3,l2
B memory,B memory,0.7848101265822784,pbmc10k_to_pbmc5k,totalvi,3,l2
B naive,B memory,0.0,pbmc10k_to_pbmc5k,totalvi,3,l2
CD14 Mono,B memory,0.0,pbmc10k_to_pbmc5k,totalvi,3,l2
CD16 Mono,B memory,0.0,pbmc10k_to_pbmc5k,totalvi,3,l2
CD4 CTL,B memory,0.0,pbmc10k_to_pbmc5k,totalvi,3,l2
CD4 Naive,B memory,0.0,pbmc10k_to_pbmc5k,totalvi,3,l2
CD4 TCM,B memory,0.0,pbmc10k_to_pbmc5k,totalvi,3,l2
CD4 TEM,B memory,0.0,pbmc10k_to_pbmc5k,totalvi,3,l2
CD8 Naive,B memory,0.0,pbmc10k_to_pbmc5k,totalvi,3,l2
CD8 TCM,B memory,0.0,pbmc10k_to_pbmc5k,totalvi,3,l2
CD8 TEM,B memory,0.0,pbmc10k_to_pbmc5k,totalvi,3,l2
Eryth,B memory,0.0,pbmc10k_to_pbmc5k,totalvi,3,l2
ILC,B memory,0.0,pbmc10k_to_pbmc5k,totalvi,3,l2
MAIT,B memory,0.0,pbmc10k_to_pbmc5k,totalvi,3,l2
NK,B memory,0.0,pbmc10k_to_pbmc5k,totalvi,3,l2
NK_CD56bright,B memory,0.0,pbmc10k_to_pbmc5k,totalvi,3,l2
Treg,B memory,0.0,pbmc10k_to_pbmc5k,totalvi,3,l2
cDC2,B memory,0.0,pbmc10k_to_pbmc5k,totalvi,3,l2
dnT,B memory,0.0,pbmc10k_to_pbmc5k,totalvi,3,l2
gdT,B memory,0.0,pbmc10k_to_pbmc5k,totalvi,3,l2
pDC,B memory,0.0,pbmc10k_to_pbmc5k,totalvi,3,l2
B intermediate,B naive,0.06060606060606061,pbmc10k_to_pbmc5k,totalvi,3,l2
B memory,B naive,0.012658227848101266,pbmc10k_to_pbmc5k,totalvi,3,l2
B naive,B naive,0.984375,pbmc10k_to_pbmc5k,totalvi,3,l2
CD14 Mono,B naive,0.0,pbmc10k_to_pbmc5k,totalvi,3,l2
CD16 Mono,B naive,0.0,pbmc10k_to_pbmc5k,totalvi,3,l2
CD4 CTL,B naive,0.0,pbmc10k_to_pbmc5k,totalvi,3,l2
CD4 Naive,B naive,0.0,pbmc10k_to_pbmc5k,totalvi,3,l2
CD4 TCM,B naive,0.0,pbmc10k_to_pbmc5k,totalvi,3,l2
CD4 TEM,B naive,0.0,pbmc10k_to_pbmc5k,totalvi,3,l2
CD8 Naive,B naive,0.0,pbmc10k_to_pbmc5k,totalvi,3,l2
CD8 TCM,B naive,0.0,pbmc10k_to_pbmc5k,totalvi,3,l2
CD8 TEM,B naive,0.0,pbmc10k_to_pbmc5k,totalvi,3,l2
Eryth,B naive,0.0,pbmc10k_to_pbmc5k,totalvi,3,l2
ILC,B naive,0.0,pbmc10k_to_pbmc5k,totalvi,3,l2
MAIT,B naive,0.0,pbmc10k_to_pbmc5k,totalvi,3,l2
NK,B naive,0.0,pbmc10k_to_pbmc5k,totalvi,3,l2
NK_CD56bright,B naive,0.0,pbmc10k_to_pbmc5k,totalvi,3,l2
Treg,B naive,0.0,pbmc10k_to_pbmc5k,totalvi,3,l2
cDC2,B naive,0.0,pbmc10k_to_pbmc5k,totalvi,3,l2
dnT,B naive,0.0,pbmc10k_to_pbmc5k,totalvi,3,l2
gdT,B naive,0.0,pbmc10k_to_pbmc5k,totalvi,3,l2
pDC,B naive,0.0,pbmc10k_to_pbmc5k,totalvi,3,l2
B intermediate,CD14 Mono,0.0,pbmc10k_to_pbmc5k,totalvi,3,l2
B memory,CD14 Mono,0.0,pbmc10k_to_pbmc5k,totalvi,3,l2
B naive,CD14 Mono,0.0,pbmc10k_to_pbmc5k,totalvi,3,l2
CD14 Mono,CD14 Mono,0.991462113127001,pbmc10k_to_pbmc5k,totalvi,3,l2
CD16 Mono,CD14 Mono,0.061068702290076333,pbmc10k_to_pbmc5k,totalvi,3,l2
CD4 CTL,CD14 Mono,0.0,pbmc10k_to_pbmc5k,totalvi,3,l2
CD4 Naive,CD14 Mono,0.0,pbmc10k_to_pbmc5k,totalvi,3,l2
CD4 TCM,CD14 Mono,0.0,pbmc10k_to_pbmc5k,totalvi,3,l2
CD4 TEM,CD14 Mono,0.0,pbmc10k_to_pbmc5k,totalvi,3,l2
CD8 Naive,CD14 Mono,0.0,pbmc10k_to_pbmc5k,totalvi,3,l2
CD8 TCM,CD14 Mono,0.0,pbmc10k_to_pbmc5k,totalvi,3,l2
CD8 TEM,CD14 Mono,0.0,pbmc10k_to_pbmc5k,totalvi,3,l2
Eryth,CD14 Mono,0.47674418604651164,pbmc10k_to_pbmc5k,totalvi,3,l2
ILC,CD14 Mono,0.0,pbmc10k_to_pbmc5k,totalvi,3,l2
MAIT,CD14 Mono,0.0,pbmc10k_to_pbmc5k,totalvi,3,l2
NK,CD14 Mono,0.0,pbmc10k_to_pbmc5k,totalvi,3,l2
NK_CD56bright,CD14 Mono,0.0,pbmc10k_to_pbmc5k,totalvi,3,l2
Treg,CD14 Mono,0.0,pbmc10k_to_pbmc5k,totalvi,3,l2
cDC2,CD14 Mono,0.056,pbmc10k_to_pbmc5k,totalvi,3,l2
dnT,CD14 Mono,0.0,pbmc10k_to_pbmc5k,totalvi,3,l2
gdT,CD14 Mono,0.0,pbmc10k_to_pbmc5k,totalvi,3,l2
pDC,CD14 Mono,0.0,pbmc10k_to_pbmc5k,totalvi,3,l2
B intermediate,CD16 Mono,0.0,pbmc10k_to_pbmc5k,totalvi,3,l2
B memory,CD16 Mono,0.0,pbmc10k_to_pbmc5k,totalvi,3,l2
B naive,CD16 Mono,0.0,pbmc10k_to_pbmc5k,totalvi,3,l2
CD14 Mono,CD16 Mono,0.005336179295624333,pbmc10k_to_pbmc5k,totalvi,3,l2
CD16 Mono,CD16 Mono,0.9389312977099237,pbmc10k_to_pbmc5k,totalvi,3,l2
CD4 CTL,CD16 Mono,0.0,pbmc10k_to_pbmc5k,totalvi,3,l2
CD4 Naive,CD16 Mono,0.0,pbmc10k_to_pbmc5k,totalvi,3,l2
CD4 TCM,CD16 Mono,0.0,pbmc10k_to_pbmc5k,totalvi,3,l2
CD4 TEM,CD16 Mono,0.0,pbmc10k_to_pbmc5k,totalvi,3,l2
CD8 Naive,CD16 Mono,0.0,pbmc10k_to_pbmc5k,totalvi,3,l2
CD8 TCM,CD16 Mono,0.0,pbmc10k_to_pbmc5k,totalvi,3,l2
CD8 TEM,CD16 Mono,0.0,pbmc10k_to_pbmc5k,totalvi,3,l2
Eryth,CD16 Mono,0.0,pbmc10k_to_pbmc5k,totalvi,3,l2
ILC,CD16 Mono,0.0,pbmc10k_to_pbmc5k,totalvi,3,l2
MAIT,CD16 Mono,0.0,pbmc10k_to_pbmc5k,totalvi,3,l2
NK,CD16 Mono,0.0,pbmc10k_to_pbmc5k,totalvi,3,l2
NK_CD56bright,CD16 Mono,0.0,pbmc10k_to_pbmc5k,totalvi,3,l2
Treg,CD16 Mono,0.0,pbmc10k_to_pbmc5k,totalvi,3,l2
cDC2,CD16 Mono,0.0,pbmc10k_to_pbmc5k,totalvi,3,l2
dnT,CD16 Mono,0.0,pbmc10k_to_pbmc5k,totalvi,3,l2
gdT,CD16 Mono,0.0,pbmc10k_to_pbmc5k,totalvi,3,l2
pDC,CD16 Mono,0.0,pbmc10k_to_pbmc5k,totalvi,3,l2
B intermediate,CD4 CTL,0.0,pbmc10k_to_pbmc5k,totalvi,3,l2
B memory,CD4 CTL,0.0,pbmc10k_to_pbmc5k,totalvi,3,l2
B naive,CD4 CTL,0.0,pbmc10k_to_pbmc5k,totalvi,3,l2
CD14 Mono,CD4 CTL,0.0,pbmc10k_to_pbmc5k,totalvi,3,l2
CD16 Mono,CD4 CTL,0.0,pbmc10k_to_pbmc5k,totalvi,3,l2
CD4 CTL,CD4 CTL,0.12195121951219512,pbmc10k_to_pbmc5k,totalvi,3,l2
CD4 Naive,CD4 CTL,0.0,pbmc10k_to_pbmc5k,totalvi,3,l2
CD4 TCM,CD4 CTL,0.0,pbmc10k_to_pbmc5k,totalvi,3,l2
CD4 TEM,CD4 CTL,0.0,pbmc10k_to_pbmc5k,totalvi,3,l2
CD8 Naive,CD4 CTL,0.0,pbmc10k_to_pbmc5k,totalvi,3,l2
CD8 TCM,CD4 CTL,0.0,pbmc10k_to_pbmc5k,totalvi,3,l2
CD8 TEM,CD4 CTL,0.02040816326530612,pbmc10k_to_pbmc5k,totalvi,3,l2
Eryth,CD4 CTL,0.0,pbmc10k_to_pbmc5k,totalvi,3,l2
ILC,CD4 CTL,0.0,pbmc10k_to_pbmc5k,totalvi,3,l2
MAIT,CD4 CTL,0.0,pbmc10k_to_pbmc5k,totalvi,3,l2
NK,CD4 CTL,0.0,pbmc10k_to_pbmc5k,totalvi,3,l2
NK_CD56bright,CD4 CTL,0.0,pbmc10k_to_pbmc5k,totalvi,3,l2
Treg,CD4 CTL,0.0,pbmc10k_to_pbmc5k,totalvi,3,l2
cDC2,CD4 CTL,0.0,pbmc10k_to_pbmc5k,totalvi,3,l2
dnT,CD4 CTL,0.0,pbmc10k_to_pbmc5k,totalvi,3,l2
gdT,CD4 CTL,0.028169014084507043,pbmc10k_to_pbmc5k,totalvi,3,l2
pDC,CD4 CTL,0.0,pbmc10k_to_pbmc5k,totalvi,3,l2
B intermediate,CD4 Naive,0.0,pbmc10k_to_pbmc5k,totalvi,3,l2
B memory,CD4 Naive,0.0,pbmc10k_to_pbmc5k,totalvi,3,l2
B naive,CD4 Naive,0.0,pbmc10k_to_pbmc5k,totalvi,3,l2
CD14 Mono,CD4 Naive,0.0,pbmc10k_to_pbmc5k,totalvi,3,l2
CD16 Mono,CD4 Naive,0.0,pbmc10k_to_pbmc5k,totalvi,3,l2
CD4 CTL,CD4 Naive,0.0,pbmc10k_to_pbmc5k,totalvi,3,l2
CD4 Naive,CD4 Naive,0.8968253968253969,pbmc10k_to_pbmc5k,totalvi,3,l2
CD4 TCM,CD4 Naive,0.22629969418960244,pbmc10k_to_pbmc5k,totalvi,3,l2
CD4 TEM,CD4 Naive,0.003676470588235294,pbmc10k_to_pbmc5k,totalvi,3,l2
CD8 Naive,CD4 Naive,0.08333333333333333,pbmc10k_to_pbmc5k,totalvi,3,l2
CD8 TCM,CD4 Naive,0.029411764705882353,pbmc10k_to_pbmc5k,totalvi,3,l2
CD8 TEM,CD4 Naive,0.0,pbmc10k_to_pbmc5k,totalvi,3,l2
Eryth,CD4 Naive,0.0,pbmc10k_to_pbmc5k,totalvi,3,l2
ILC,CD4 Naive,0.030612244897959183,pbmc10k_to_pbmc5k,totalvi,3,l2
MAIT,CD4 Naive,0.0,pbmc10k_to_pbmc5k,totalvi,3,l2
NK,CD4 Naive,0.0,pbmc10k_to_pbmc5k,totalvi,3,l2
NK_CD56bright,CD4 Naive,0.0,pbmc10k_to_pbmc5k,totalvi,3,l2
Treg,CD4 Naive,0.1016949152542373,pbmc10k_to_pbmc5k,totalvi,3,l2
cDC2,CD4 Naive,0.0,pbmc10k_to_pbmc5k,totalvi,3,l2
dnT,CD4 Naive,0.8571428571428571,pbmc10k_to_pbmc5k,totalvi,3,l2
gdT,CD4 Naive,0.0,pbmc10k_to_pbmc5k,totalvi,3,l2
pDC,CD4 Naive,0.0,pbmc10k_to_pbmc5k,totalvi,3,l2
B intermediate,CD4 TCM,0.0,pbmc10k_to_pbmc5k,totalvi,3,l2
B memory,CD4 TCM,0.0,pbmc10k_to_pbmc5k,totalvi,3,l2
B naive,CD4 TCM,0.0,pbmc10k_to_pbmc5k,totalvi,3,l2
CD14 Mono,CD4 TCM,0.0,pbmc10k_to_pbmc5k,totalvi,3,l2
CD16 Mono,CD4 TCM,0.0,pbmc10k_to_pbmc5k,totalvi,3,l2
CD4 CTL,CD4 TCM,0.0,pbmc10k_to_pbmc5k,totalvi,3,l2
CD4 Naive,CD4 TCM,0.10317460317460317,pbmc10k_to_pbmc5k,totalvi,3,l2
CD4 TCM,CD4 TCM,0.691131498470948,pbmc10k_to_pbmc5k,totalvi,3,l2
CD4 TEM,CD4 TCM,0.15808823529411764,pbmc10k_to_pbmc5k,totalvi,3,l2
CD8 Naive,CD4 TCM,0.0,pbmc10k_to_pbmc5k,totalvi,3,l2
CD8 TCM,CD4 TCM,0.0,pbmc10k_to_pbmc5k,totalvi,3,l2
CD8 TEM,CD4 TCM,0.0,pbmc10k_to_pbmc5k,totalvi,3,l2
Eryth,CD4 TCM,0.0,pbmc10k_to_pbmc5k,totalvi,3,l2
ILC,CD4 TCM,0.47959183673469385,pbmc10k_to_pbmc5k,totalvi,3,l2
MAIT,CD4 TCM,0.0,pbmc10k_to_pbmc5k,totalvi,3,l2
NK,CD4 TCM,0.0,pbmc10k_to_pbmc5k,totalvi,3,l2
NK_CD56bright,CD4 TCM,0.0,pbmc10k_to_pbmc5k,totalvi,3,l2
Treg,CD4 TCM,0.6610169491525424,pbmc10k_to_pbmc5k,totalvi,3,l2
cDC2,CD4 TCM,0.0,pbmc10k_to_pbmc5k,totalvi,3,l2
dnT,CD4 TCM,0.0,pbmc10k_to_pbmc5k,totalvi,3,l2
gdT,CD4 TCM,0.0,pbmc10k_to_pbmc5k,totalvi,3,l2
pDC,CD4 TCM,0.0,pbmc10k_to_pbmc5k,totalvi,3,l2
B intermediate,CD4 TEM,0.0,pbmc10k_to_pbmc5k,totalvi,3,l2
B memory,CD4 TEM,0.0,pbmc10k_to_pbmc5k,totalvi,3,l2
B naive,CD4 TEM,0.0,pbmc10k_to_pbmc5k,totalvi,3,l2
CD14 Mono,CD4 TEM,0.0,pbmc10k_to_pbmc5k,totalvi,3,l2
CD16 Mono,CD4 TEM,0.0,pbmc10k_to_pbmc5k,totalvi,3,l2
CD4 CTL,CD4 TEM,0.8292682926829268,pbmc10k_to_pbmc5k,totalvi,3,l2
CD4 Naive,CD4 TEM,0.0,pbmc10k_to_pbmc5k,totalvi,3,l2
CD4 TCM,CD4 TEM,0.05198776758409786,pbmc10k_to_pbmc5k,totalvi,3,l2
CD4 TEM,CD4 TEM,0.8345588235294118,pbmc10k_to_pbmc5k,totalvi,3,l2
CD8 Naive,CD4 TEM,0.0,pbmc10k_to_pbmc5k,totalvi,3,l2
CD8 TCM,CD4 TEM,0.29411764705882354,pbmc10k_to_pbmc5k,totalvi,3,l2
CD8 TEM,CD4 TEM,0.10884353741496598,pbmc10k_to_pbmc5k,totalvi,3,l2
Eryth,CD4 TEM,0.0,pbmc10k_to_pbmc5k,totalvi,3,l2
ILC,CD4 TEM,0.2857142857142857,pbmc10k_to_pbmc5k,totalvi,3,l2
MAIT,CD4 TEM,0.20833333333333334,pbmc10k_to_pbmc5k,totalvi,3,l2
NK,CD4 TEM,0.0,pbmc10k_to_pbmc5k,totalvi,3,l2
NK_CD56bright,CD4 TEM,0.0,pbmc10k_to_pbmc5k,totalvi,3,l2
Treg,CD4 TEM,0.0847457627118644,pbmc10k_to_pbmc5k,totalvi,3,l2
cDC2,CD4 TEM,0.0,pbmc10k_to_pbmc5k,totalvi,3,l2
dnT,CD4 TEM,0.0,pbmc10k_to_pbmc5k,totalvi,3,l2
gdT,CD4 TEM,0.07042253521126761,pbmc10k_to_pbmc5k,totalvi,3,l2
pDC,CD4 TEM,0.0,pbmc10k_to_pbmc5k,totalvi,3,l2
B intermediate,CD8 Naive,0.0,pbmc10k_to_pbmc5k,totalvi,3,l2
B memory,CD8 Naive,0.0,pbmc10k_to_pbmc5k,totalvi,3,l2
B naive,CD8 Naive,0.0,pbmc10k_to_pbmc5k,totalvi,3,l2
CD14 Mono,CD8 Naive,0.0,pbmc10k_to_pbmc5k,totalvi,3,l2
CD16 Mono,CD8 Naive,0.0,pbmc10k_to_pbmc5k,totalvi,3,l2
CD4 CTL,CD8 Naive,0.0,pbmc10k_to_pbmc5k,totalvi,3,l2
CD4 Naive,CD8 Naive,0.0,pbmc10k_to_pbmc5k,totalvi,3,l2
CD4 TCM,CD8 Naive,0.0,pbmc10k_to_pbmc5k,totalvi,3,l2
CD4 TEM,CD8 Naive,0.0,pbmc10k_to_pbmc5k,totalvi,3,l2
CD8 Naive,CD8 Naive,0.8958333333333334,pbmc10k_to_pbmc5k,totalvi,3,l2
CD8 TCM,CD8 Naive,0.23529411764705882,pbmc10k_to_pbmc5k,totalvi,3,l2
CD8 TEM,CD8 Naive,0.0,pbmc10k_to_pbmc5k,totalvi,3,l2
Eryth,CD8 Naive,0.0,pbmc10k_to_pbmc5k,totalvi,3,l2
ILC,CD8 Naive,0.0,pbmc10k_to_pbmc5k,totalvi,3,l2
MAIT,CD8 Naive,0.0,pbmc10k_to_pbmc5k,totalvi,3,l2
NK,CD8 Naive,0.0,pbmc10k_to_pbmc5k,totalvi,3,l2
NK_CD56bright,CD8 Naive,0.0,pbmc10k_to_pbmc5k,totalvi,3,l2
Treg,CD8 Naive,0.0,pbmc10k_to_pbmc5k,totalvi,3,l2
cDC2,CD8 Naive,0.0,pbmc10k_to_pbmc5k,totalvi,3,l2
dnT,CD8 Naive,0.14285714285714285,pbmc10k_to_pbmc5k,totalvi,3,l2
gdT,CD8 Naive,0.0,pbmc10k_to_pbmc5k,totalvi,3,l2
pDC,CD8 Naive,0.0,pbmc10k_to_pbmc5k,totalvi,3,l2
B intermediate,CD8 TCM,0.0,pbmc10k_to_pbmc5k,totalvi,3,l2
B memory,CD8 TCM,0.0,pbmc10k_to_pbmc5k,totalvi,3,l2
B naive,CD8 TCM,0.0,pbmc10k_to_pbmc5k,totalvi,3,l2
CD14 Mono,CD8 TCM,0.0,pbmc10k_to_pbmc5k,totalvi,3,l2
CD16 Mono,CD8 TCM,0.0,pbmc10k_to_pbmc5k,totalvi,3,l2
CD4 CTL,CD8 TCM,0.0,pbmc10k_to_pbmc5k,totalvi,3,l2
CD4 Naive,CD8 TCM,0.0,pbmc10k_to_pbmc5k,totalvi,3,l2
CD4 TCM,CD8 TCM,0.0,pbmc10k_to_pbmc5k,totalvi,3,l2
CD4 TEM,CD8 TCM,0.0,pbmc10k_to_pbmc5k,totalvi,3,l2
CD8 Naive,CD8 TCM,0.0,pbmc10k_to_pbmc5k,totalvi,3,l2
CD8 TCM,CD8 TCM,0.2647058823529412,pbmc10k_to_pbmc5k,totalvi,3,l2
CD8 TEM,CD8 TCM,0.006802721088435374,pbmc10k_to_pbmc5k,totalvi,3,l2
Eryth,CD8 TCM,0.0,pbmc10k_to_pbmc5k,totalvi,3,l2
ILC,CD8 TCM,0.01020408163265306,pbmc10k_to_pbmc5k,totalvi,3,l2
MAIT,CD8 TCM,0.0,pbmc10k_to_pbmc5k,totalvi,3,l2
NK,CD8 TCM,0.0,pbmc10k_to_pbmc5k,totalvi,3,l2
NK_CD56bright,CD8 TCM,0.0,pbmc10k_to_pbmc5k,totalvi,3,l2
Treg,CD8 TCM,0.0,pbmc10k_to_pbmc5k,totalvi,3,l2
cDC2,CD8 TCM,0.0,pbmc10k_to_pbmc5k,totalvi,3,l2
dnT,CD8 TCM,0.0,pbmc10k_to_pbmc5k,totalvi,3,l2
gdT,CD8 TCM,0.0,pbmc10k_to_pbmc5k,totalvi,3,l2
pDC,CD8 TCM,0.0,pbmc10k_to_pbmc5k,totalvi,3,l2
B intermediate,CD8 TEM,0.0,pbmc10k_to_pbmc5k,totalvi,3,l2
B memory,CD8 TEM,0.0,pbmc10k_to_pbmc5k,totalvi,3,l2
B naive,CD8 TEM,0.0,pbmc10k_to_pbmc5k,totalvi,3,l2
CD14 Mono,CD8 TEM,0.0,pbmc10k_to_pbmc5k,totalvi,3,l2
CD16 Mono,CD8 TEM,0.0,pbmc10k_to_pbmc5k,totalvi,3,l2
CD4 CTL,CD8 TEM,0.0,pbmc10k_to_pbmc5k,totalvi,3,l2
CD4 Naive,CD8 TEM,0.0,pbmc10k_to_pbmc5k,totalvi,3,l2
CD4 TCM,CD8 TEM,0.0,pbmc10k_to_pbmc5k,totalvi,3,l2
CD4 TEM,CD8 TEM,0.003676470588235294,pbmc10k_to_pbmc5k,totalvi,3,l2
CD8 Naive,CD8 TEM,0.0,pbmc10k_to_pbmc5k,totalvi,3,l2
CD8 TCM,CD8 TEM,0.0,pbmc10k_to_pbmc5k,totalvi,3,l2
CD8 TEM,CD8 TEM,0.7619047619047619,pbmc10k_to_pbmc5k,totalvi,3,l2
Eryth,CD8 TEM,0.0,pbmc10k_to_pbmc5k,totalvi,3,l2
ILC,CD8 TEM,0.0,pbmc10k_to_pbmc5k,totalvi,3,l2
MAIT,CD8 TEM,0.0,pbmc10k_to_pbmc5k,totalvi,3,l2
NK,CD8 TEM,0.0,pbmc10k_to_pbmc5k,totalvi,3,l2
NK_CD56bright,CD8 TEM,0.0,pbmc10k_to_pbmc5k,totalvi,3,l2
Treg,CD8 TEM,0.0,pbmc10k_to_pbmc5k,totalvi,3,l2
cDC2,CD8 TEM,0.0,pbmc10k_to_pbmc5k,totalvi,3,l2
dnT,CD8 TEM,0.0,pbmc10k_to_pbmc5k,totalvi,3,l2
gdT,CD8 TEM,0.11267605633802817,pbmc10k_to_pbmc5k,totalvi,3,l2
pDC,CD8 TEM,0.0,pbmc10k_to_pbmc5k,totalvi,3,l2
B intermediate,Eryth,0.0,pbmc10k_to_pbmc5k,totalvi,3,l2
B memory,Eryth,0.0,pbmc10k_to_pbmc5k,totalvi,3,l2
B naive,Eryth,0.0,pbmc10k_to_pbmc5k,totalvi,3,l2
CD14 Mono,Eryth,0.0032017075773745998,pbmc10k_to_pbmc5k,totalvi,3,l2
CD16 Mono,Eryth,0.0,pbmc10k_to_pbmc5k,totalvi,3,l2
CD4 CTL,Eryth,0.0,pbmc10k_to_pbmc5k,totalvi,3,l2
CD4 Naive,Eryth,0.0,pbmc10k_to_pbmc5k,totalvi,3,l2
CD4 TCM,Eryth,0.03058103975535168,pbmc10k_to_pbmc5k,totalvi,3,l2
CD4 TEM,Eryth,0.0,pbmc10k_to_pbmc5k,totalvi,3,l2
CD8 Naive,Eryth,0.0,pbmc10k_to_pbmc5k,totalvi,3,l2
CD8 TCM,Eryth,0.0,pbmc10k_to_pbmc5k,totalvi,3,l2
CD8 TEM,Eryth,0.0,pbmc10k_to_pbmc5k,totalvi,3,l2
Eryth,Eryth,0.5116279069767442,pbmc10k_to_pbmc5k,totalvi,3,l2
ILC,Eryth,0.1326530612244898,pbmc10k_to_pbmc5k,totalvi,3,l2
MAIT,Eryth,0.041666666666666664,pbmc10k_to_pbmc5k,totalvi,3,l2
NK,Eryth,0.0,pbmc10k_to_pbmc5k,totalvi,3,l2
NK_CD56bright,Eryth,0.0,pbmc10k_to_pbmc5k,totalvi,3,l2
Treg,Eryth,0.0847457627118644,pbmc10k_to_pbmc5k,totalvi,3,l2
cDC2,Eryth,0.0,pbmc10k_to_pbmc5k,totalvi,3,l2
dnT,Eryth,0.0,pbmc10k_to_pbmc5k,totalvi,3,l2
gdT,Eryth,0.014084507042253521,pbmc10k_to_pbmc5k,totalvi,3,l2
pDC,Eryth,0.0,pbmc10k_to_pbmc5k,totalvi,3,l2
B intermediate,ILC,0.0,pbmc10k_to_pbmc5k,totalvi,3,l2
B memory,ILC,0.0,pbmc10k_to_pbmc5k,totalvi,3,l2
B naive,ILC,0.0,pbmc10k_to_pbmc5k,totalvi,3,l2
CD14 Mono,ILC,0.0,pbmc10k_to_pbmc5k,totalvi,3,l2
CD16 Mono,ILC,0.0,pbmc10k_to_pbmc5k,totalvi,3,l2
CD4 CTL,ILC,0.0,pbmc10k_to_pbmc5k,totalvi,3,l2
CD4 Naive,ILC,0.0,pbmc10k_to_pbmc5k,totalvi,3,l2
CD4 TCM,ILC,0.0,pbmc10k_to_pbmc5k,totalvi,3,l2
CD4 TEM,ILC,0.0,pbmc10k_to_pbmc5k,totalvi,3,l2
CD8 Naive,ILC,0.0,pbmc10k_to_pbmc5k,totalvi,3,l2
CD8 TCM,ILC,0.029411764705882353,pbmc10k_to_pbmc5k,totalvi,3,l2
CD8 TEM,ILC,0.0,pbmc10k_to_pbmc5k,totalvi,3,l2
Eryth,ILC,0.0,pbmc10k_to_pbmc5k,totalvi,3,l2
ILC,ILC,0.04081632653061224,pbmc10k_to_pbmc5k,totalvi,3,l2
MAIT,ILC,0.0,pbmc10k_to_pbmc5k,totalvi,3,l2
NK,ILC,0.0,pbmc10k_to_pbmc5k,totalvi,3,l2
NK_CD56bright,ILC,0.0,pbmc10k_to_pbmc5k,totalvi,3,l2
Treg,ILC,0.0,pbmc10k_to_pbmc5k,totalvi,3,l2
cDC2,ILC,0.0,pbmc10k_to_pbmc5k,totalvi,3,l2
dnT,ILC,0.0,pbmc10k_to_pbmc5k,totalvi,3,l2
gdT,ILC,0.0,pbmc10k_to_pbmc5k,totalvi,3,l2
pDC,ILC,0.0,pbmc10k_to_pbmc5k,totalvi,3,l2
B intermediate,MAIT,0.0,pbmc10k_to_pbmc5k,totalvi,3,l2
B memory,MAIT,0.0,pbmc10k_to_pbmc5k,totalvi,3,l2
B naive,MAIT,0.0,pbmc10k_to_pbmc5k,totalvi,3,l2
CD14 Mono,MAIT,0.0,pbmc10k_to_pbmc5k,totalvi,3,l2
CD16 Mono,MAIT,0.0,pbmc10k_to_pbmc5k,totalvi,3,l2
CD4 CTL,MAIT,0.0,pbmc10k_to_pbmc5k,totalvi,3,l2
CD4 Naive,MAIT,0.0,pbmc10k_to_pbmc5k,totalvi,3,l2
CD4 TCM,MAIT,0.0,pbmc10k_to_pbmc5k,totalvi,3,l2
CD4 TEM,MAIT,0.0,pbmc10k_to_pbmc5k,totalvi,3,l2
CD8 Naive,MAIT,0.0,pbmc10k_to_pbmc5k,totalvi,3,l2
CD8 TCM,MAIT,0.0,pbmc10k_to_pbmc5k,totalvi,3,l2
CD8 TEM,MAIT,0.034013605442176874,pbmc10k_to_pbmc5k,totalvi,3,l2
Eryth,MAIT,0.0,pbmc10k_to_pbmc5k,totalvi,3,l2
ILC,MAIT,0.0,pbmc10k_to_pbmc5k,totalvi,3,l2
MAIT,MAIT,0.75,pbmc10k_to_pbmc5k,totalvi,3,l2
NK,MAIT,0.0,pbmc10k_to_pbmc5k,totalvi,3,l2
NK_CD56bright,MAIT,0.13333333333333333,pbmc10k_to_pbmc5k,totalvi,3,l2
Treg,MAIT,0.0,pbmc10k_to_pbmc5k,totalvi,3,l2
cDC2,MAIT,0.0,pbmc10k_to_pbmc5k,totalvi,3,l2
dnT,MAIT,0.0,pbmc10k_to_pbmc5k,totalvi,3,l2
gdT,MAIT,0.323943661971831,pbmc10k_to_pbmc5k,totalvi,3,l2
pDC,MAIT,0.0,pbmc10k_to_pbmc5k,totalvi,3,l2
B intermediate,NK,0.0,pbmc10k_to_pbmc5k,totalvi,3,l2
B memory,NK,0.0,pbmc10k_to_pbmc5k,totalvi,3,l2
B naive,NK,0.0,pbmc10k_to_pbmc5k,totalvi,3,l2
CD14 Mono,NK,0.0,pbmc10k_to_pbmc5k,totalvi,3,l2
CD16 Mono,NK,0.0,pbmc10k_to_pbmc5k,totalvi,3,l2
CD4 CTL,NK,0.024390243902439025,pbmc10k_to_pbmc5k,totalvi,3,l2
CD4 Naive,NK,0.0,pbmc10k_to_pbmc5k,totalvi,3,l2
CD4 TCM,NK,0.0,pbmc10k_to_pbmc5k,totalvi,3,l2
CD4 TEM,NK,0.0,pbmc10k_to_pbmc5k,totalvi,3,l2
CD8 Naive,NK,0.0,pbmc10k_to_pbmc5k,totalvi,3,l2
CD8 TCM,NK,0.0,pbmc10k_to_pbmc5k,totalvi,3,l2
CD8 TEM,NK,0.04081632653061224,pbmc10k_to_pbmc5k,totalvi,3,l2
Eryth,NK,0.0,pbmc10k_to_pbmc5k,totalvi,3,l2
ILC,NK,0.0,pbmc10k_to_pbmc5k,totalvi,3,l2
MAIT,NK,0.0,pbmc10k_to_pbmc5k,totalvi,3,l2
NK,NK,1.0,pbmc10k_to_pbmc5k,totalvi,3,l2
NK_CD56bright,NK,0.16666666666666666,pbmc10k_to_pbmc5k,totalvi,3,l2
Treg,NK,0.0,pbmc10k_to_pbmc5k,totalvi,3,l2
cDC2,NK,0.0,pbmc10k_to_pbmc5k,totalvi,3,l2
dnT,NK,0.0,pbmc10k_to_pbmc5k,totalvi,3,l2
gdT,NK,0.22535211267605634,pbmc10k_to_pbmc5k,totalvi,3,l2
pDC,NK,0.0,pbmc10k_to_pbmc5k,totalvi,3,l2
B intermediate,NK_CD56bright,0.0,pbmc10k_to_pbmc5k,totalvi,3,l2
B memory,NK_CD56bright,0.0,pbmc10k_to_pbmc5k,totalvi,3,l2
B naive,NK_CD56bright,0.0,pbmc10k_to_pbmc5k,totalvi,3,l2
CD14 Mono,NK_CD56bright,0.0,pbmc10k_to_pbmc5k,totalvi,3,l2
CD16 Mono,NK_CD56bright,0.0,pbmc10k_to_pbmc5k,totalvi,3,l2
CD4 CTL,NK_CD56bright,0.0,pbmc10k_to_pbmc5k,totalvi,3,l2
CD4 Naive,NK_CD56bright,0.0,pbmc10k_to_pbmc5k,totalvi,3,l2
CD4 TCM,NK_CD56bright,0.0,pbmc10k_to_pbmc5k,totalvi,3,l2
CD4 TEM,NK_CD56bright,0.0,pbmc10k_to_pbmc5k,totalvi,3,l2
CD8 Naive,NK_CD56bright,0.0,pbmc10k_to_pbmc5k,totalvi,3,l2
CD8 TCM,NK_CD56bright,0.0,pbmc10k_to_pbmc5k,totalvi,3,l2
CD8 TEM,NK_CD56bright,0.0,pbmc10k_to_pbmc5k,totalvi,3,l2
Eryth,NK_CD56bright,0.0,pbmc10k_to_pbmc5k,totalvi,3,l2
ILC,NK_CD56bright,0.01020408163265306,pbmc10k_to_pbmc5k,totalvi,3,l2
MAIT,NK_CD56bright,0.0,pbmc10k_to_pbmc5k,totalvi,3,l2
NK,NK_CD56bright,0.0,pbmc10k_to_pbmc5k,totalvi,3,l2
NK_CD56bright,NK_CD56bright,0.6333333333333333,pbmc10k_to_pbmc5k,totalvi,3,l2
Treg,NK_CD56bright,0.0,pbmc10k_to_pbmc5k,totalvi,3,l2
cDC2,NK_CD56bright,0.0,pbmc10k_to_pbmc5k,totalvi,3,l2
dnT,NK_CD56bright,0.0,pbmc10k_to_pbmc5k,totalvi,3,l2
gdT,NK_CD56bright,0.0,pbmc10k_to_pbmc5k,totalvi,3,l2
pDC,NK_CD56bright,0.0,pbmc10k_to_pbmc5k,totalvi,3,l2
B intermediate,Treg,0.0,pbmc10k_to_pbmc5k,totalvi,3,l2
B memory,Treg,0.0,pbmc10k_to_pbmc5k,totalvi,3,l2
B naive,Treg,0.0,pbmc10k_to_pbmc5k,totalvi,3,l2
CD14 Mono,Treg,0.0,pbmc10k_to_pbmc5k,totalvi,3,l2
CD16 Mono,Treg,0.0,pbmc10k_to_pbmc5k,totalvi,3,l2
CD4 CTL,Treg,0.0,pbmc10k_to_pbmc5k,totalvi,3,l2
CD4 Naive,Treg,0.0,pbmc10k_to_pbmc5k,totalvi,3,l2
CD4 TCM,Treg,0.0,pbmc10k_to_pbmc5k,totalvi,3,l2
CD4 TEM,Treg,0.0,pbmc10k_to_pbmc5k,totalvi,3,l2
CD8 Naive,Treg,0.0,pbmc10k_to_pbmc5k,totalvi,3,l2
CD8 TCM,Treg,0.0,pbmc10k_to_pbmc5k,totalvi,3,l2
CD8 TEM,Treg,0.0,pbmc10k_to_pbmc5k,totalvi,3,l2
Eryth,Treg,0.0,pbmc10k_to_pbmc5k,totalvi,3,l2
ILC,Treg,0.0,pbmc10k_to_pbmc5k,totalvi,3,l2
MAIT,Treg,0.0,pbmc10k_to_pbmc5k,totalvi,3,l2
NK,Treg,0.0,pbmc10k_to_pbmc5k,totalvi,3,l2
NK_CD56bright,Treg,0.0,pbmc10k_to_pbmc5k,totalvi,3,l2
Treg,Treg,0.05084745762711865,pbmc10k_to_pbmc5k,totalvi,3,l2
cDC2,Treg,0.0,pbmc10k_to_pbmc5k,totalvi,3,l2
dnT,Treg,0.0,pbmc10k_to_pbmc5k,totalvi,3,l2
gdT,Treg,0.0,pbmc10k_to_pbmc5k,totalvi,3,l2
pDC,Treg,0.0,pbmc10k_to_pbmc5k,totalvi,3,l2
B intermediate,cDC2,0.0,pbmc10k_to_pbmc5k,totalvi,3,l2
B memory,cDC2,0.0,pbmc10k_to_pbmc5k,totalvi,3,l2
B naive,cDC2,0.0,pbmc10k_to_pbmc5k,totalvi,3,l2
CD14 Mono,cDC2,0.0,pbmc10k_to_pbmc5k,totalvi,3,l2
CD16 Mono,cDC2,0.0,pbmc10k_to_pbmc5k,totalvi,3,l2
CD4 CTL,cDC2,0.0,pbmc10k_to_pbmc5k,totalvi,3,l2
CD4 Naive,cDC2,0.0,pbmc10k_to_pbmc5k,totalvi,3,l2
CD4 TCM,cDC2,0.0,pbmc10k_to_pbmc5k,totalvi,3,l2
CD4 TEM,cDC2,0.0,pbmc10k_to_pbmc5k,totalvi,3,l2
CD8 Naive,cDC2,0.0,pbmc10k_to_pbmc5k,totalvi,3,l2
CD8 TCM,cDC2,0.0,pbmc10k_to_pbmc5k,totalvi,3,l2
CD8 TEM,cDC2,0.0,pbmc10k_to_pbmc5k,totalvi,3,l2
Eryth,cDC2,0.0,pbmc10k_to_pbmc5k,totalvi,3,l2
ILC,cDC2,0.0,pbmc10k_to_pbmc5k,totalvi,3,l2
MAIT,cDC2,0.0,pbmc10k_to_pbmc5k,totalvi,3,l2
NK,cDC2,0.0,pbmc10k_to_pbmc5k,totalvi,3,l2
NK_CD56bright,cDC2,0.0,pbmc10k_to_pbmc5k,totalvi,3,l2
Treg,cDC2,0.0,pbmc10k_to_pbmc5k,totalvi,3,l2
cDC2,cDC2,0.944,pbmc10k_to_pbmc5k,totalvi,3,l2
dnT,cDC2,0.0,pbmc10k_to_pbmc5k,totalvi,3,l2
gdT,cDC2,0.0,pbmc10k_to_pbmc5k,totalvi,3,l2
pDC,cDC2,0.0,pbmc10k_to_pbmc5k,totalvi,3,l2
B intermediate,dnT,0.0,pbmc10k_to_pbmc5k,totalvi,3,l2
B memory,dnT,0.0,pbmc10k_to_pbmc5k,totalvi,3,l2
B naive,dnT,0.0,pbmc10k_to_pbmc5k,totalvi,3,l2
CD14 Mono,dnT,0.0,pbmc10k_to_pbmc5k,totalvi,3,l2
CD16 Mono,dnT,0.0,pbmc10k_to_pbmc5k,totalvi,3,l2
CD4 CTL,dnT,0.0,pbmc10k_to_pbmc5k,totalvi,3,l2
CD4 Naive,dnT,0.0,pbmc10k_to_pbmc5k,totalvi,3,l2
CD4 TCM,dnT,0.0,pbmc10k_to_pbmc5k,totalvi,3,l2
CD4 TEM,dnT,0.0,pbmc10k_to_pbmc5k,totalvi,3,l2
CD8 Naive,dnT,0.0,pbmc10k_to_pbmc5k,totalvi,3,l2
CD8 TCM,dnT,0.058823529411764705,pbmc10k_to_pbmc5k,totalvi,3,l2
CD8 TEM,dnT,0.013605442176870748,pbmc10k_to_pbmc5k,totalvi,3,l2
Eryth,dnT,0.0,pbmc10k_to_pbmc5k,totalvi,3,l2
ILC,dnT,0.0,pbmc10k_to_pbmc5k,totalvi,3,l2
MAIT,dnT,0.0,pbmc10k_to_pbmc5k,totalvi,3,l2
NK,dnT,0.0,pbmc10k_to_pbmc5k,totalvi,3,l2
NK_CD56bright,dnT,0.0,pbmc10k_to_pbmc5k,totalvi,3,l2
Treg,dnT,0.01694915254237288,pbmc10k_to_pbmc5k,totalvi,3,l2
cDC2,dnT,0.0,pbmc10k_to_pbmc5k,totalvi,3,l2
dnT,dnT,0.0,pbmc10k_to_pbmc5k,totalvi,3,l2
gdT,dnT,0.028169014084507043,pbmc10k_to_pbmc5k,totalvi,3,l2
pDC,dnT,0.0,pbmc10k_to_pbmc5k,totalvi,3,l2
B intermediate,gdT,0.0,pbmc10k_to_pbmc5k,totalvi,3,l2
B memory,gdT,0.0,pbmc10k_to_pbmc5k,totalvi,3,l2
B naive,gdT,0.0,pbmc10k_to_pbmc5k,totalvi,3,l2
CD14 Mono,gdT,0.0,pbmc10k_to_pbmc5k,totalvi,3,l2
CD16 Mono,gdT,0.0,pbmc10k_to_pbmc5k,totalvi,3,l2
CD4 CTL,gdT,0.024390243902439025,pbmc10k_to_pbmc5k,totalvi,3,l2
CD4 Naive,gdT,0.0,pbmc10k_to_pbmc5k,totalvi,3,l2
CD4 TCM,gdT,0.0,pbmc10k_to_pbmc5k,totalvi,3,l2
CD4 TEM,gdT,0.0,pbmc10k_to_pbmc5k,totalvi,3,l2
CD8 Naive,gdT,0.020833333333333332,pbmc10k_to_pbmc5k,totalvi,3,l2
CD8 TCM,gdT,0.08823529411764706,pbmc10k_to_pbmc5k,totalvi,3,l2
CD8 TEM,gdT,0.013605442176870748,pbmc10k_to_pbmc5k,totalvi,3,l2
Eryth,gdT,0.0,pbmc10k_to_pbmc5k,totalvi,3,l2
ILC,gdT,0.01020408163265306,pbmc10k_to_pbmc5k,totalvi,3,l2
MAIT,gdT,0.0,pbmc10k_to_pbmc5k,totalvi,3,l2
NK,gdT,0.0,pbmc10k_to_pbmc5k,totalvi,3,l2
NK_CD56bright,gdT,0.06666666666666667,pbmc10k_to_pbmc5k,totalvi,3,l2
Treg,gdT,0.0,pbmc10k_to_pbmc5k,totalvi,3,l2
cDC2,gdT,0.0,pbmc10k_to_pbmc5k,totalvi,3,l2
dnT,gdT,0.0,pbmc10k_to_pbmc5k,totalvi,3,l2
gdT,gdT,0.19718309859154928,pbmc10k_to_pbmc5k,totalvi,3,l2
pDC,gdT,0.0,pbmc10k_to_pbmc5k,totalvi,3,l2
B intermediate,pDC,0.0,pbmc10k_to_pbmc5k,totalvi,3,l2
B memory,pDC,0.0,pbmc10k_to_pbmc5k,totalvi,3,l2
B naive,pDC,0.0,pbmc10k_to_pbmc5k,totalvi,3,l2
CD14 Mono,pDC,0.0,pbmc10k_to_pbmc5k,totalvi,3,l2
CD16 Mono,pDC,0.0,pbmc10k_to_pbmc5k,totalvi,3,l2
CD4 CTL,pDC,0.0,pbmc10k_to_pbmc5k,totalvi,3,l2
CD4 Naive,pDC,0.0,pbmc10k_to_pbmc5k,totalvi,3,l2
CD4 TCM,pDC,0.0,pbmc10k_to_pbmc5k,totalvi,3,l2
CD4 TEM,pDC,0.0,pbmc10k_to_pbmc5k,totalvi,3,l2
CD8 Naive,pDC,0.0,pbmc10k_to_pbmc5k,totalvi,3,l2
CD8 TCM,pDC,0.0,pbmc10k_to_pbmc5k,totalvi,3,l2
CD8 TEM,pDC,0.0,pbmc10k_to_pbmc5k,totalvi,3,l2
Eryth,pDC,0.011627906976744186,pbmc10k_to_pbmc5k,totalvi,3,l2
ILC,pDC,0.0,pbmc10k_to_pbmc5k,totalvi,3,l2
MAIT,pDC,0.0,pbmc10k_to_pbmc5k,totalvi,3,l2
NK,pDC,0.0,pbmc10k_to_pbmc5k,totalvi,3,l2
NK_CD56bright,pDC,0.0,pbmc10k_to_pbmc5k,totalvi,3,l2
Treg,pDC,0.0,pbmc10k_to_pbmc5k,totalvi,3,l2
cDC2,pDC,0.0,pbmc10k_to_pbmc5k,totalvi,3,l2
dnT,pDC,0.0,pbmc10k_to_pbmc5k,totalvi,3,l2
gdT,pDC,0.0,pbmc10k_to_pbmc5k,totalvi,3,l2
pDC,pDC,1.0,pbmc10k_to_pbmc5k,totalvi,3,l2
B,B,0.9963503649635036,pbmc10k_to_pbmc5k,scvi_matched,3,l1
CD4 T,B,0.0,pbmc10k_to_pbmc5k,scvi_matched,3,l1
CD8 T,B,0.0,pbmc10k_to_pbmc5k,scvi_matched,3,l1
DC,B,0.0,pbmc10k_to_pbmc5k,scvi_matched,3,l1
Mono,B,0.0,pbmc10k_to_pbmc5k,scvi_matched,3,l1
NK,B,0.0,pbmc10k_to_pbmc5k,scvi_matched,3,l1
other,B,0.0,pbmc10k_to_pbmc5k,scvi_matched,3,l1
other T,B,0.0,pbmc10k_to_pbmc5k,scvi_matched,3,l1
B,CD4 T,0.0,pbmc10k_to_pbmc5k,scvi_matched,3,l1
CD4 T,CD4 T,0.93790546802595,pbmc10k_to_pbmc5k,scvi_matched,3,l1
CD8 T,CD4 T,0.05084745762711865,pbmc10k_to_pbmc5k,scvi_matched,3,l1
DC,CD4 T,0.0,pbmc10k_to_pbmc5k,scvi_matched,3,l1
Mono,CD4 T,0.0,pbmc10k_to_pbmc5k,scvi_matched,3,l1
NK,CD4 T,0.0034482758620689655,pbmc10k_to_pbmc5k,scvi_matched,3,l1
other,CD4 T,0.41081081081081083,pbmc10k_to_pbmc5k,scvi_matched,3,l1
other T,CD4 T,0.11009174311926606,pbmc10k_to_pbmc5k,scvi_matched,3,l1
B,CD8 T,0.0,pbmc10k_to_pbmc5k,scvi_matched,3,l1
CD4 T,CD8 T,0.03151065801668211,pbmc10k_to_pbmc5k,scvi_matched,3,l1
CD8 T,CD8 T,0.8516949152542372,pbmc10k_to_pbmc5k,scvi_matched,3,l1
DC,CD8 T,0.0,pbmc10k_to_pbmc5k,scvi_matched,3,l1
Mono,CD8 T,0.0,pbmc10k_to_pbmc5k,scvi_matched,3,l1
NK,CD8 T,0.0,pbmc10k_to_pbmc5k,scvi_matched,3,l1
other,CD8 T,0.016216216216216217,pbmc10k_to_pbmc5k,scvi_matched,3,l1
other T,CD8 T,0.22018348623853212,pbmc10k_to_pbmc5k,scvi_matched,3,l1
B,DC,0.0,pbmc10k_to_pbmc5k,scvi_matched,3,l1
CD4 T,DC,0.0,pbmc10k_to_pbmc5k,scvi_matched,3,l1
CD8 T,DC,0.0,pbmc10k_to_pbmc5k,scvi_matched,3,l1
DC,DC,0.9470198675496688,pbmc10k_to_pbmc5k,scvi_matched,3,l1
Mono,DC,0.003745318352059925,pbmc10k_to_pbmc5k,scvi_matched,3,l1
NK,DC,0.0034482758620689655,pbmc10k_to_pbmc5k,scvi_matched,3,l1
other,DC,0.005405405405405406,pbmc10k_to_pbmc5k,scvi_matched,3,l1
other T,DC,0.0,pbmc10k_to_pbmc5k,scvi_matched,3,l1
B,Mono,0.0,pbmc10k_to_pbmc5k,scvi_matched,3,l1
CD4 T,Mono,0.0,pbmc10k_to_pbmc5k,scvi_matched,3,l1
CD8 T,Mono,0.0,pbmc10k_to_pbmc5k,scvi_matched,3,l1
DC,Mono,0.052980132450331126,pbmc10k_to_pbmc5k,scvi_matched,3,l1
Mono,Mono,0.9906367041198502,pbmc10k_to_pbmc5k,scvi_matched,3,l1
NK,Mono,0.0,pbmc10k_to_pbmc5k,scvi_matched,3,l1
other,Mono,0.2,pbmc10k_to_pbmc5k,scvi_matched,3,l1
other T,Mono,0.0,pbmc10k_to_pbmc5k,scvi_matched,3,l1
B,NK,0.0,pbmc10k_to_pbmc5k,scvi_matched,3,l1
CD4 T,NK,0.0,pbmc10k_to_pbmc5k,scvi_matched,3,l1
CD8 T,NK,0.03389830508474576,pbmc10k_to_pbmc5k,scvi_matched,3,l1
DC,NK,0.0,pbmc10k_to_pbmc5k,scvi_matched,3,l1
Mono,NK,0.0,pbmc10k_to_pbmc5k,scvi_matched,3,l1
NK,NK,0.993103448275862,pbmc10k_to_pbmc5k,scvi_matched,3,l1
other,NK,0.010810810810810811,pbmc10k_to_pbmc5k,scvi_matched,3,l1
other T,NK,0.1834862385321101,pbmc10k_to_pbmc5k,scvi_matched,3,l1
B,other,0.0036496350364963502,pbmc10k_to_pbmc5k,scvi_matched,3,l1
CD4 T,other,0.0074142724745134385,pbmc10k_to_pbmc5k,scvi_matched,3,l1
CD8 T,other,0.00847457627118644,pbmc10k_to_pbmc5k,scvi_matched,3,l1
DC,other,0.0,pbmc10k_to_pbmc5k,scvi_matched,3,l1
Mono,other,0.0056179775280898875,pbmc10k_to_pbmc5k,scvi_matched,3,l1
NK,other,0.0,pbmc10k_to_pbmc5k,scvi_matched,3,l1
other,other,0.32432432432432434,pbmc10k_to_pbmc5k,scvi_matched,3,l1
other T,other,0.0,pbmc10k_to_pbmc5k,scvi_matched,3,l1
B,other T,0.0,pbmc10k_to_pbmc5k,scvi_matched,3,l1
CD4 T,other T,0.023169601482854494,pbmc10k_to_pbmc5k,scvi_matched,3,l1
CD8 T,other T,0.05508474576271186,pbmc10k_to_pbmc5k,scvi_matched,3,l1
DC,other T,0.0,pbmc10k_to_pbmc5k,scvi_matched,3,l1
Mono,other T,0.0,pbmc10k_to_pbmc5k,scvi_matched,3,l1
NK,other T,0.0,pbmc10k_to_pbmc5k,scvi_matched,3,l1
other,other T,0.032432432432432434,pbmc10k_to_pbmc5k,scvi_matched,3,l1
other T,other T,0.48623853211009177,pbmc10k_to_pbmc5k,scvi_matched,3,l1
B,B,1.0,pbmc10k_to_pbmc5k,totalvi,3,l1
CD4 T,B,0.0,pbmc10k_to_pbmc5k,totalvi,3,l1
CD8 T,B,0.0,pbmc10k_to_pbmc5k,totalvi,3,l1
DC,B,0.0,pbmc10k_to_pbmc5k,totalvi,3,l1
Mono,B,0.0,pbmc10k_to_pbmc5k,totalvi,3,l1
NK,B,0.0,pbmc10k_to_pbmc5k,totalvi,3,l1
other,B,0.0,pbmc10k_to_pbmc5k,totalvi,3,l1
other T,B,0.0,pbmc10k_to_pbmc5k,totalvi,3,l1
B,CD4 T,0.0,pbmc10k_to_pbmc5k,totalvi,3,l1
CD4 T,CD4 T,0.9768303985171455,pbmc10k_to_pbmc5k,totalvi,3,l1
CD8 T,CD4 T,0.07627118644067797,pbmc10k_to_pbmc5k,totalvi,3,l1
DC,CD4 T,0.0,pbmc10k_to_pbmc5k,totalvi,3,l1
Mono,CD4 T,0.0,pbmc10k_to_pbmc5k,totalvi,3,l1
NK,CD4 T,0.0034482758620689655,pbmc10k_to_pbmc5k,totalvi,3,l1
other,CD4 T,0.4702702702702703,pbmc10k_to_pbmc5k,totalvi,3,l1
other T,CD4 T,0.14678899082568808,pbmc10k_to_pbmc5k,totalvi,3,l1
B,CD8 T,0.0,pbmc10k_to_pbmc5k,totalvi,3,l1
CD4 T,CD8 T,0.0018535681186283596,pbmc10k_to_pbmc5k,totalvi,3,l1
CD8 T,CD8 T,0.7542372881355932,pbmc10k_to_pbmc5k,totalvi,3,l1
DC,CD8 T,0.0,pbmc10k_to_pbmc5k,totalvi,3,l1
Mono,CD8 T,0.0,pbmc10k_to_pbmc5k,totalvi,3,l1
NK,CD8 T,0.0,pbmc10k_to_pbmc5k,totalvi,3,l1
other,CD8 T,0.0,pbmc10k_to_pbmc5k,totalvi,3,l1
other T,CD8 T,0.09174311926605505,pbmc10k_to_pbmc5k,totalvi,3,l1
B,DC,0.0,pbmc10k_to_pbmc5k,totalvi,3,l1
CD4 T,DC,0.0,pbmc10k_to_pbmc5k,totalvi,3,l1
CD8 T,DC,0.0,pbmc10k_to_pbmc5k,totalvi,3,l1
DC,DC,0.9271523178807947,pbmc10k_to_pbmc5k,totalvi,3,l1
Mono,DC,0.0,pbmc10k_to_pbmc5k,totalvi,3,l1
NK,DC,0.0,pbmc10k_to_pbmc5k,totalvi,3,l1
other,DC,0.005405405405405406,pbmc10k_to_pbmc5k,totalvi,3,l1
other T,DC,0.0,pbmc10k_to_pbmc5k,totalvi,3,l1
B,Mono,0.0,pbmc10k_to_pbmc5k,totalvi,3,l1
CD4 T,Mono,0.0,pbmc10k_to_pbmc5k,totalvi,3,l1
CD8 T,Mono,0.0,pbmc10k_to_pbmc5k,totalvi,3,l1
DC,Mono,0.06622516556291391,pbmc10k_to_pbmc5k,totalvi,3,l1
Mono,Mono,0.9962546816479401,pbmc10k_to_pbmc5k,totalvi,3,l1
NK,Mono,0.0,pbmc10k_to_pbmc5k,totalvi,3,l1
other,Mono,0.22162162162162163,pbmc10k_to_pbmc5k,totalvi,3,l1
other T,Mono,0.0,pbmc10k_to_pbmc5k,totalvi,3,l1
B,NK,0.0,pbmc10k_to_pbmc5k,totalvi,3,l1
CD4 T,NK,0.0,pbmc10k_to_pbmc5k,totalvi,3,l1
CD8 T,NK,0.025423728813559324,pbmc10k_to_pbmc5k,totalvi,3,l1
DC,NK,0.006622516556291391,pbmc10k_to_pbmc5k,totalvi,3,l1
Mono,NK,0.0,pbmc10k_to_pbmc5k,totalvi,3,l1
NK,NK,0.9689655172413794,pbmc10k_to_pbmc5k,totalvi,3,l1
other,NK,0.0,pbmc10k_to_pbmc5k,totalvi,3,l1
other T,NK,0.1651376146788991,pbmc10k_to_pbmc5k,totalvi,3,l1
B,other,0.0,pbmc10k_to_pbmc5k,totalvi,3,l1
CD4 T,other,0.0018535681186283596,pbmc10k_to_pbmc5k,totalvi,3,l1
CD8 T,other,0.0,pbmc10k_to_pbmc5k,totalvi,3,l1
DC,other,0.0,pbmc10k_to_pbmc5k,totalvi,3,l1
Mono,other,0.003745318352059925,pbmc10k_to_pbmc5k,totalvi,3,l1
NK,other,0.0,pbmc10k_to_pbmc5k,totalvi,3,l1
other,other,0.3027027027027027,pbmc10k_to_pbmc5k,totalvi,3,l1
other T,other,0.0,pbmc10k_to_pbmc5k,totalvi,3,l1
B,other T,0.0,pbmc10k_to_pbmc5k,totalvi,3,l1
CD4 T,other T,0.019462465245597776,pbmc10k_to_pbmc5k,totalvi,3,l1
CD8 T,other T,0.1440677966101695,pbmc10k_to_pbmc5k,totalvi,3,l1
DC,other T,0.0,pbmc10k_to_pbmc5k,totalvi,3,l1
Mono,other T,0.0,pbmc10k_to_pbmc5k,totalvi,3,l1
NK,other T,0.027586206896551724,pbmc10k_to_pbmc5k,totalvi,3,l1
other,other T,0.0,pbmc10k_to_pbmc5k,totalvi,3,l1
other T,other T,0.5963302752293578,pbmc10k_to_pbmc5k,totalvi,3,l1
B intermediate,B intermediate,0.5151515151515151,pbmc10k_to_pbmc5k,scvi_matched,4,l2
B memory,B intermediate,0.0759493670886076,pbmc10k_to_pbmc5k,scvi_matched,4,l2
B naive,B intermediate,0.0625,pbmc10k_to_pbmc5k,scvi_matched,4,l2
CD14 Mono,B intermediate,0.0,pbmc10k_to_pbmc5k,scvi_matched,4,l2
CD16 Mono,B intermediate,0.0,pbmc10k_to_pbmc5k,scvi_matched,4,l2
CD4 CTL,B intermediate,0.0,pbmc10k_to_pbmc5k,scvi_matched,4,l2
CD4 Naive,B intermediate,0.0,pbmc10k_to_pbmc5k,scvi_matched,4,l2
CD4 TCM,B intermediate,0.0,pbmc10k_to_pbmc5k,scvi_matched,4,l2
CD4 TEM,B intermediate,0.0,pbmc10k_to_pbmc5k,scvi_matched,4,l2
CD8 Naive,B intermediate,0.0,pbmc10k_to_pbmc5k,scvi_matched,4,l2
CD8 TCM,B intermediate,0.0,pbmc10k_to_pbmc5k,scvi_matched,4,l2
CD8 TEM,B intermediate,0.0,pbmc10k_to_pbmc5k,scvi_matched,4,l2
Eryth,B intermediate,0.0,pbmc10k_to_pbmc5k,scvi_matched,4,l2
ILC,B intermediate,0.0,pbmc10k_to_pbmc5k,scvi_matched,4,l2
MAIT,B intermediate,0.0,pbmc10k_to_pbmc5k,scvi_matched,4,l2
NK,B intermediate,0.0,pbmc10k_to_pbmc5k,scvi_matched,4,l2
NK_CD56bright,B intermediate,0.0,pbmc10k_to_pbmc5k,scvi_matched,4,l2
Treg,B intermediate,0.0,pbmc10k_to_pbmc5k,scvi_matched,4,l2
cDC2,B intermediate,0.0,pbmc10k_to_pbmc5k,scvi_matched,4,l2
dnT,B intermediate,0.0,pbmc10k_to_pbmc5k,scvi_matched,4,l2
gdT,B intermediate,0.0,pbmc10k_to_pbmc5k,scvi_matched,4,l2
pDC,B intermediate,0.0,pbmc10k_to_pbmc5k,scvi_matched,4,l2
B intermediate,B memory,0.4393939393939394,pbmc10k_to_pbmc5k,scvi_matched,4,l2
B memory,B memory,0.8987341772151899,pbmc10k_to_pbmc5k,scvi_matched,4,l2
B naive,B memory,0.0078125,pbmc10k_to_pbmc5k,scvi_matched,4,l2
CD14 Mono,B memory,0.0,pbmc10k_to_pbmc5k,scvi_matched,4,l2
CD16 Mono,B memory,0.0,pbmc10k_to_pbmc5k,scvi_matched,4,l2
CD4 CTL,B memory,0.0,pbmc10k_to_pbmc5k,scvi_matched,4,l2
CD4 Naive,B memory,0.0,pbmc10k_to_pbmc5k,scvi_matched,4,l2
CD4 TCM,B memory,0.0,pbmc10k_to_pbmc5k,scvi_matched,4,l2
CD4 TEM,B memory,0.0,pbmc10k_to_pbmc5k,scvi_matched,4,l2
CD8 Naive,B memory,0.0,pbmc10k_to_pbmc5k,scvi_matched,4,l2
CD8 TCM,B memory,0.0,pbmc10k_to_pbmc5k,scvi_matched,4,l2
CD8 TEM,B memory,0.0,pbmc10k_to_pbmc5k,scvi_matched,4,l2
Eryth,B memory,0.0,pbmc10k_to_pbmc5k,scvi_matched,4,l2
ILC,B memory,0.0,pbmc10k_to_pbmc5k,scvi_matched,4,l2
MAIT,B memory,0.0,pbmc10k_to_pbmc5k,scvi_matched,4,l2
NK,B memory,0.0,pbmc10k_to_pbmc5k,scvi_matched,4,l2
NK_CD56bright,B memory,0.0,pbmc10k_to_pbmc5k,scvi_matched,4,l2
Treg,B memory,0.0,pbmc10k_to_pbmc5k,scvi_matched,4,l2
cDC2,B memory,0.0,pbmc10k_to_pbmc5k,scvi_matched,4,l2
dnT,B memory,0.0,pbmc10k_to_pbmc5k,scvi_matched,4,l2
gdT,B memory,0.0,pbmc10k_to_pbmc5k,scvi_matched,4,l2
pDC,B memory,0.0,pbmc10k_to_pbmc5k,scvi_matched,4,l2
B intermediate,B naive,0.045454545454545456,pbmc10k_to_pbmc5k,scvi_matched,4,l2
B memory,B naive,0.0,pbmc10k_to_pbmc5k,scvi_matched,4,l2
B naive,B naive,0.9296875,pbmc10k_to_pbmc5k,scvi_matched,4,l2
CD14 Mono,B naive,0.0,pbmc10k_to_pbmc5k,scvi_matched,4,l2
CD16 Mono,B naive,0.0,pbmc10k_to_pbmc5k,scvi_matched,4,l2
CD4 CTL,B naive,0.0,pbmc10k_to_pbmc5k,scvi_matched,4,l2
CD4 Naive,B naive,0.0,pbmc10k_to_pbmc5k,scvi_matched,4,l2
CD4 TCM,B naive,0.0,pbmc10k_to_pbmc5k,scvi_matched,4,l2
CD4 TEM,B naive,0.0,pbmc10k_to_pbmc5k,scvi_matched,4,l2
CD8 Naive,B naive,0.0,pbmc10k_to_pbmc5k,scvi_matched,4,l2
CD8 TCM,B naive,0.0,pbmc10k_to_pbmc5k,scvi_matched,4,l2
CD8 TEM,B naive,0.0,pbmc10k_to_pbmc5k,scvi_matched,4,l2
Eryth,B naive,0.0,pbmc10k_to_pbmc5k,scvi_matched,4,l2
ILC,B naive,0.0,pbmc10k_to_pbmc5k,scvi_matched,4,l2
MAIT,B naive,0.0,pbmc10k_to_pbmc5k,scvi_matched,4,l2
NK,B naive,0.0,pbmc10k_to_pbmc5k,scvi_matched,4,l2
NK_CD56bright,B naive,0.0,pbmc10k_to_pbmc5k,scvi_matched,4,l2
Treg,B naive,0.0,pbmc10k_to_pbmc5k,scvi_matched,4,l2
cDC2,B naive,0.0,pbmc10k_to_pbmc5k,scvi_matched,4,l2
dnT,B naive,0.0,pbmc10k_to_pbmc5k,scvi_matched,4,l2
gdT,B naive,0.0,pbmc10k_to_pbmc5k,scvi_matched,4,l2
pDC,B naive,0.0,pbmc10k_to_pbmc5k,scvi_matched,4,l2
B intermediate,CD14 Mono,0.0,pbmc10k_to_pbmc5k,scvi_matched,4,l2
B memory,CD14 Mono,0.0,pbmc10k_to_pbmc5k,scvi_matched,4,l2
B naive,CD14 Mono,0.0,pbmc10k_to_pbmc5k,scvi_matched,4,l2
CD14 Mono,CD14 Mono,0.9946638207043756,pbmc10k_to_pbmc5k,scvi_matched,4,l2
CD16 Mono,CD14 Mono,0.1297709923664122,pbmc10k_to_pbmc5k,scvi_matched,4,l2
CD4 CTL,CD14 Mono,0.0,pbmc10k_to_pbmc5k,scvi_matched,4,l2
CD4 Naive,CD14 Mono,0.0,pbmc10k_to_pbmc5k,scvi_matched,4,l2
CD4 TCM,CD14 Mono,0.0,pbmc10k_to_pbmc5k,scvi_matched,4,l2
CD4 TEM,CD14 Mono,0.0,pbmc10k_to_pbmc5k,scvi_matched,4,l2
CD8 Naive,CD14 Mono,0.0,pbmc10k_to_pbmc5k,scvi_matched,4,l2
CD8 TCM,CD14 Mono,0.0,pbmc10k_to_pbmc5k,scvi_matched,4,l2
CD8 TEM,CD14 Mono,0.0,pbmc10k_to_pbmc5k,scvi_matched,4,l2
Eryth,CD14 Mono,0.46511627906976744,pbmc10k_to_pbmc5k,scvi_matched,4,l2
ILC,CD14 Mono,0.0,pbmc10k_to_pbmc5k,scvi_matched,4,l2
MAIT,CD14 Mono,0.0,pbmc10k_to_pbmc5k,scvi_matched,4,l2
NK,CD14 Mono,0.0,pbmc10k_to_pbmc5k,scvi_matched,4,l2
NK_CD56bright,CD14 Mono,0.0,pbmc10k_to_pbmc5k,scvi_matched,4,l2
Treg,CD14 Mono,0.0,pbmc10k_to_pbmc5k,scvi_matched,4,l2
cDC2,CD14 Mono,0.072,pbmc10k_to_pbmc5k,scvi_matched,4,l2
dnT,CD14 Mono,0.0,pbmc10k_to_pbmc5k,scvi_matched,4,l2
gdT,CD14 Mono,0.0,pbmc10k_to_pbmc5k,scvi_matched,4,l2
pDC,CD14 Mono,0.0,pbmc10k_to_pbmc5k,scvi_matched,4,l2
B intermediate,CD16 Mono,0.0,pbmc10k_to_pbmc5k,scvi_matched,4,l2
B memory,CD16 Mono,0.0,pbmc10k_to_pbmc5k,scvi_matched,4,l2
B naive,CD16 Mono,0.0,pbmc10k_to_pbmc5k,scvi_matched,4,l2
CD14 Mono,CD16 Mono,0.0021344717182497333,pbmc10k_to_pbmc5k,scvi_matched,4,l2
CD16 Mono,CD16 Mono,0.8702290076335878,pbmc10k_to_pbmc5k,scvi_matched,4,l2
CD4 CTL,CD16 Mono,0.0,pbmc10k_to_pbmc5k,scvi_matched,4,l2
CD4 Naive,CD16 Mono,0.0,pbmc10k_to_pbmc5k,scvi_matched,4,l2
CD4 TCM,CD16 Mono,0.0,pbmc10k_to_pbmc5k,scvi_matched,4,l2
CD4 TEM,CD16 Mono,0.0,pbmc10k_to_pbmc5k,scvi_matched,4,l2
CD8 Naive,CD16 Mono,0.0,pbmc10k_to_pbmc5k,scvi_matched,4,l2
CD8 TCM,CD16 Mono,0.0,pbmc10k_to_pbmc5k,scvi_matched,4,l2
CD8 TEM,CD16 Mono,0.0,pbmc10k_to_pbmc5k,scvi_matched,4,l2
Eryth,CD16 Mono,0.0,pbmc10k_to_pbmc5k,scvi_matched,4,l2
ILC,CD16 Mono,0.0,pbmc10k_to_pbmc5k,scvi_matched,4,l2
MAIT,CD16 Mono,0.0,pbmc10k_to_pbmc5k,scvi_matched,4,l2
NK,CD16 Mono,0.0,pbmc10k_to_pbmc5k,scvi_matched,4,l2
NK_CD56bright,CD16 Mono,0.0,pbmc10k_to_pbmc5k,scvi_matched,4,l2
Treg,CD16 Mono,0.0,pbmc10k_to_pbmc5k,scvi_matched,4,l2
cDC2,CD16 Mono,0.0,pbmc10k_to_pbmc5k,scvi_matched,4,l2
dnT,CD16 Mono,0.0,pbmc10k_to_pbmc5k,scvi_matched,4,l2
gdT,CD16 Mono,0.0,pbmc10k_to_pbmc5k,scvi_matched,4,l2
pDC,CD16 Mono,0.0,pbmc10k_to_pbmc5k,scvi_matched,4,l2
B intermediate,CD4 CTL,0.0,pbmc10k_to_pbmc5k,scvi_matched,4,l2
B memory,CD4 CTL,0.0,pbmc10k_to_pbmc5k,scvi_matched,4,l2
B naive,CD4 CTL,0.0,pbmc10k_to_pbmc5k,scvi_matched,4,l2
CD14 Mono,CD4 CTL,0.0,pbmc10k_to_pbmc5k,scvi_matched,4,l2
CD16 Mono,CD4 CTL,0.0,pbmc10k_to_pbmc5k,scvi_matched,4,l2
CD4 CTL,CD4 CTL,0.14634146341463414,pbmc10k_to_pbmc5k,scvi_matched,4,l2
CD4 Naive,CD4 CTL,0.0,pbmc10k_to_pbmc5k,scvi_matched,4,l2
CD4 TCM,CD4 CTL,0.0,pbmc10k_to_pbmc5k,scvi_matched,4,l2
CD4 TEM,CD4 CTL,0.0,pbmc10k_to_pbmc5k,scvi_matched,4,l2
CD8 Naive,CD4 CTL,0.0,pbmc10k_to_pbmc5k,scvi_matched,4,l2
CD8 TCM,CD4 CTL,0.0,pbmc10k_to_pbmc5k,scvi_matched,4,l2
CD8 TEM,CD4 CTL,0.02040816326530612,pbmc10k_to_pbmc5k,scvi_matched,4,l2
Eryth,CD4 CTL,0.0,pbmc10k_to_pbmc5k,scvi_matched,4,l2
ILC,CD4 CTL,0.0,pbmc10k_to_pbmc5k,scvi_matched,4,l2
MAIT,CD4 CTL,0.0,pbmc10k_to_pbmc5k,scvi_matched,4,l2
NK,CD4 CTL,0.00398406374501992,pbmc10k_to_pbmc5k,scvi_matched,4,l2
NK_CD56bright,CD4 CTL,0.0,pbmc10k_to_pbmc5k,scvi_matched,4,l2
Treg,CD4 CTL,0.0,pbmc10k_to_pbmc5k,scvi_matched,4,l2
cDC2,CD4 CTL,0.0,pbmc10k_to_pbmc5k,scvi_matched,4,l2
dnT,CD4 CTL,0.0,pbmc10k_to_pbmc5k,scvi_matched,4,l2
gdT,CD4 CTL,0.0,pbmc10k_to_pbmc5k,scvi_matched,4,l2
pDC,CD4 CTL,0.0,pbmc10k_to_pbmc5k,scvi_matched,4,l2
B intermediate,CD4 Naive,0.0,pbmc10k_to_pbmc5k,scvi_matched,4,l2
B memory,CD4 Naive,0.0,pbmc10k_to_pbmc5k,scvi_matched,4,l2
B naive,CD4 Naive,0.0,pbmc10k_to_pbmc5k,scvi_matched,4,l2
CD14 Mono,CD4 Naive,0.0,pbmc10k_to_pbmc5k,scvi_matched,4,l2
CD16 Mono,CD4 Naive,0.0,pbmc10k_to_pbmc5k,scvi_matched,4,l2
CD4 CTL,CD4 Naive,0.0,pbmc10k_to_pbmc5k,scvi_matched,4,l2
CD4 Naive,CD4 Naive,0.7751322751322751,pbmc10k_to_pbmc5k,scvi_matched,4,l2
CD4 TCM,CD4 Naive,0.18042813455657492,pbmc10k_to_pbmc5k,scvi_matched,4,l2
CD4 TEM,CD4 Naive,0.003676470588235294,pbmc10k_to_pbmc5k,scvi_matched,4,l2
CD8 Naive,CD4 Naive,0.041666666666666664,pbmc10k_to_pbmc5k,scvi_matched,4,l2
CD8 TCM,CD4 Naive,0.029411764705882353,pbmc10k_to_pbmc5k,scvi_matched,4,l2
CD8 TEM,CD4 Naive,0.0,pbmc10k_to_pbmc5k,scvi_matched,4,l2
Eryth,CD4 Naive,0.0,pbmc10k_to_pbmc5k,scvi_matched,4,l2
ILC,CD4 Naive,0.02040816326530612,pbmc10k_to_pbmc5k,scvi_matched,4,l2
MAIT,CD4 Naive,0.0,pbmc10k_to_pbmc5k,scvi_matched,4,l2
NK,CD4 Naive,0.0,pbmc10k_to_pbmc5k,scvi_matched,4,l2
NK_CD56bright,CD4 Naive,0.0,pbmc10k_to_pbmc5k,scvi_matched,4,l2
Treg,CD4 Naive,0.0847457627118644,pbmc10k_to_pbmc5k,scvi_matched,4,l2
cDC2,CD4 Naive,0.0,pbmc10k_to_pbmc5k,scvi_matched,4,l2
dnT,CD4 Naive,0.6428571428571429,pbmc10k_to_pbmc5k,scvi_matched,4,l2
gdT,CD4 Naive,0.0,pbmc10k_to_pbmc5k,scvi_matched,4,l2
pDC,CD4 Naive,0.0,pbmc10k_to_pbmc5k,scvi_matched,4,l2
B intermediate,CD4 TCM,0.0,pbmc10k_to_pbmc5k,scvi_matched,4,l2
B memory,CD4 TCM,0.0,pbmc10k_to_pbmc5k,scvi_matched,4,l2
B naive,CD4 TCM,0.0,pbmc10k_to_pbmc5k,scvi_matched,4,l2
CD14 Mono,CD4 TCM,0.0,pbmc10k_to_pbmc5k,scvi_matched,4,l2
CD16 Mono,CD4 TCM,0.0,pbmc10k_to_pbmc5k,scvi_matched,4,l2
CD4 CTL,CD4 TCM,0.0,pbmc10k_to_pbmc5k,scvi_matched,4,l2
CD4 Naive,CD4 TCM,0.2037037037037037,pbmc10k_to_pbmc5k,scvi_matched,4,l2
CD4 TCM,CD4 TCM,0.7339449541284404,pbmc10k_to_pbmc5k,scvi_matched,4,l2
CD4 TEM,CD4 TCM,0.20955882352941177,pbmc10k_to_pbmc5k,scvi_matched,4,l2
CD8 Naive,CD4 TCM,0.0,pbmc10k_to_pbmc5k,scvi_matched,4,l2
CD8 TCM,CD4 TCM,0.08823529411764706,pbmc10k_to_pbmc5k,scvi_matched,4,l2
CD8 TEM,CD4 TCM,0.0,pbmc10k_to_pbmc5k,scvi_matched,4,l2
Eryth,CD4 TCM,0.0,pbmc10k_to_pbmc5k,scvi_matched,4,l2
ILC,CD4 TCM,0.4489795918367347,pbmc10k_to_pbmc5k,scvi_matched,4,l2
MAIT,CD4 TCM,0.0,pbmc10k_to_pbmc5k,scvi_matched,4,l2
NK,CD4 TCM,0.0,pbmc10k_to_pbmc5k,scvi_matched,4,l2
NK_CD56bright,CD4 TCM,0.0,pbmc10k_to_pbmc5k,scvi_matched,4,l2
Treg,CD4 TCM,0.6440677966101694,pbmc10k_to_pbmc5k,scvi_matched,4,l2
cDC2,CD4 TCM,0.0,pbmc10k_to_pbmc5k,scvi_matched,4,l2
dnT,CD4 TCM,0.14285714285714285,pbmc10k_to_pbmc5k,scvi_matched,4,l2
gdT,CD4 TCM,0.0,pbmc10k_to_pbmc5k,scvi_matched,4,l2
pDC,CD4 TCM,0.0,pbmc10k_to_pbmc5k,scvi_matched,4,l2
B intermediate,CD4 TEM,0.0,pbmc10k_to_pbmc5k,scvi_matched,4,l2
B memory,CD4 TEM,0.0,pbmc10k_to_pbmc5k,scvi_matched,4,l2
B naive,CD4 TEM,0.0,pbmc10k_to_pbmc5k,scvi_matched,4,l2
CD14 Mono,CD4 TEM,0.0,pbmc10k_to_pbmc5k,scvi_matched,4,l2
CD16 Mono,CD4 TEM,0.0,pbmc10k_to_pbmc5k,scvi_matched,4,l2
CD4 CTL,CD4 TEM,0.5609756097560976,pbmc10k_to_pbmc5k,scvi_matched,4,l2
CD4 Naive,CD4 TEM,0.0,pbmc10k_to_pbmc5k,scvi_matched,4,l2
CD4 TCM,CD4 TEM,0.01529051987767584,pbmc10k_to_pbmc5k,scvi_matched,4,l2
CD4 TEM,CD4 TEM,0.6066176470588235,pbmc10k_to_pbmc5k,scvi_matched,4,l2
CD8 Naive,CD4 TEM,0.0,pbmc10k_to_pbmc5k,scvi_matched,4,l2
CD8 TCM,CD4 TEM,0.058823529411764705,pbmc10k_to_pbmc5k,scvi_matched,4,l2
CD8 TEM,CD4 TEM,0.04081632653061224,pbmc10k_to_pbmc5k,scvi_matched,4,l2
Eryth,CD4 TEM,0.0,pbmc10k_to_pbmc5k,scvi_matched,4,l2
ILC,CD4 TEM,0.05102040816326531,pbmc10k_to_pbmc5k,scvi_matched,4,l2
MAIT,CD4 TEM,0.041666666666666664,pbmc10k_to_pbmc5k,scvi_matched,4,l2
NK,CD4 TEM,0.0,pbmc10k_to_pbmc5k,scvi_matched,4,l2
NK_CD56bright,CD4 TEM,0.0,pbmc10k_to_pbmc5k,scvi_matched,4,l2
Treg,CD4 TEM,0.03389830508474576,pbmc10k_to_pbmc5k,scvi_matched,4,l2
cDC2,CD4 TEM,0.0,pbmc10k_to_pbmc5k,scvi_matched,4,l2
dnT,CD4 TEM,0.0,pbmc10k_to_pbmc5k,scvi_matched,4,l2
gdT,CD4 TEM,0.0,pbmc10k_to_pbmc5k,scvi_matched,4,l2
pDC,CD4 TEM,0.0,pbmc10k_to_pbmc5k,scvi_matched,4,l2
B intermediate,CD8 Naive,0.0,pbmc10k_to_pbmc5k,scvi_matched,4,l2
B memory,CD8 Naive,0.0,pbmc10k_to_pbmc5k,scvi_matched,4,l2
B naive,CD8 Naive,0.0,pbmc10k_to_pbmc5k,scvi_matched,4,l2
CD14 Mono,CD8 Naive,0.0,pbmc10k_to_pbmc5k,scvi_matched,4,l2
CD16 Mono,CD8 Naive,0.0,pbmc10k_to_pbmc5k,scvi_matched,4,l2
CD4 CTL,CD8 Naive,0.0,pbmc10k_to_pbmc5k,scvi_matched,4,l2
CD4 Naive,CD8 Naive,0.013227513227513227,pbmc10k_to_pbmc5k,scvi_matched,4,l2
CD4 TCM,CD8 Naive,0.0,pbmc10k_to_pbmc5k,scvi_matched,4,l2
CD4 TEM,CD8 Naive,0.0,pbmc10k_to_pbmc5k,scvi_matched,4,l2
CD8 Naive,CD8 Naive,0.9583333333333334,pbmc10k_to_pbmc5k,scvi_matched,4,l2
CD8 TCM,CD8 Naive,0.20588235294117646,pbmc10k_to_pbmc5k,scvi_matched,4,l2
CD8 TEM,CD8 Naive,0.0,pbmc10k_to_pbmc5k,scvi_matched,4,l2
Eryth,CD8 Naive,0.0,pbmc10k_to_pbmc5k,scvi_matched,4,l2
ILC,CD8 Naive,0.0,pbmc10k_to_pbmc5k,scvi_matched,4,l2
MAIT,CD8 Naive,0.0,pbmc10k_to_pbmc5k,scvi_matched,4,l2
NK,CD8 Naive,0.0,pbmc10k_to_pbmc5k,scvi_matched,4,l2
NK_CD56bright,CD8 Naive,0.0,pbmc10k_to_pbmc5k,scvi_matched,4,l2
Treg,CD8 Naive,0.0,pbmc10k_to_pbmc5k,scvi_matched,4,l2
cDC2,CD8 Naive,0.0,pbmc10k_to_pbmc5k,scvi_matched,4,l2
dnT,CD8 Naive,0.07142857142857142,pbmc10k_to_pbmc5k,scvi_matched,4,l2
gdT,CD8 Naive,0.014084507042253521,pbmc10k_to_pbmc5k,scvi_matched,4,l2
pDC,CD8 Naive,0.0,pbmc10k_to_pbmc5k,scvi_matched,4,l2
B intermediate,CD8 TCM,0.0,pbmc10k_to_pbmc5k,scvi_matched,4,l2
B memory,CD8 TCM,0.0,pbmc10k_to_pbmc5k,scvi_matched,4,l2
B naive,CD8 TCM,0.0,pbmc10k_to_pbmc5k,scvi_matched,4,l2
CD14 Mono,CD8 TCM,0.0,pbmc10k_to_pbmc5k,scvi_matched,4,l2
CD16 Mono,CD8 TCM,0.0,pbmc10k_to_pbmc5k,scvi_matched,4,l2
CD4 CTL,CD8 TCM,0.024390243902439025,pbmc10k_to_pbmc5k,scvi_matched,4,l2
CD4 Naive,CD8 TCM,0.007936507936507936,pbmc10k_to_pbmc5k,scvi_matched,4,l2
CD4 TCM,CD8 TCM,0.009174311926605505,pbmc10k_to_pbmc5k,scvi_matched,4,l2
CD4 TEM,CD8 TCM,0.08823529411764706,pbmc10k_to_pbmc5k,scvi_matched,4,l2
CD8 Naive,CD8 TCM,0.0,pbmc10k_to_pbmc5k,scvi_matched,4,l2
CD8 TCM,CD8 TCM,0.5294117647058824,pbmc10k_to_pbmc5k,scvi_matched,4,l2
CD8 TEM,CD8 TCM,0.09523809523809523,pbmc10k_to_pbmc5k,scvi_matched,4,l2
Eryth,CD8 TCM,0.0,pbmc10k_to_pbmc5k,scvi_matched,4,l2
ILC,CD8 TCM,0.030612244897959183,pbmc10k_to_pbmc5k,scvi_matched,4,l2
MAIT,CD8 TCM,0.0,pbmc10k_to_pbmc5k,scvi_matched,4,l2
NK,CD8 TCM,0.0,pbmc10k_to_pbmc5k,scvi_matched,4,l2
NK_CD56bright,CD8 TCM,0.0,pbmc10k_to_pbmc5k,scvi_matched,4,l2
Treg,CD8 TCM,0.0,pbmc10k_to_pbmc5k,scvi_matched,4,l2
cDC2,CD8 TCM,0.0,pbmc10k_to_pbmc5k,scvi_matched,4,l2
dnT,CD8 TCM,0.07142857142857142,pbmc10k_to_pbmc5k,scvi_matched,4,l2
gdT,CD8 TCM,0.07042253521126761,pbmc10k_to_pbmc5k,scvi_matched,4,l2
pDC,CD8 TCM,0.0,pbmc10k_to_pbmc5k,scvi_matched,4,l2
B intermediate,CD8 TEM,0.0,pbmc10k_to_pbmc5k,scvi_matched,4,l2
B memory,CD8 TEM,0.0,pbmc10k_to_pbmc5k,scvi_matched,4,l2
B naive,CD8 TEM,0.0,pbmc10k_to_pbmc5k,scvi_matched,4,l2
CD14 Mono,CD8 TEM,0.0,pbmc10k_to_pbmc5k,scvi_matched,4,l2
CD16 Mono,CD8 TEM,0.0,pbmc10k_to_pbmc5k,scvi_matched,4,l2
CD4 CTL,CD8 TEM,0.1951219512195122,pbmc10k_to_pbmc5k,scvi_matched,4,l2
CD4 Naive,CD8 TEM,0.0,pbmc10k_to_pbmc5k,scvi_matched,4,l2
CD4 TCM,CD8 TEM,0.0,pbmc10k_to_pbmc5k,scvi_matched,4,l2
CD4 TEM,CD8 TEM,0.022058823529411766,pbmc10k_to_pbmc5k,scvi_matched,4,l2
CD8 Naive,CD8 TEM,0.0,pbmc10k_to_pbmc5k,scvi_matched,4,l2
CD8 TCM,CD8 TEM,0.0,pbmc10k_to_pbmc5k,scvi_matched,4,l2
CD8 TEM,CD8 TEM,0.6666666666666666,pbmc10k_to_pbmc5k,scvi_matched,4,l2
Eryth,CD8 TEM,0.0,pbmc10k_to_pbmc5k,scvi_matched,4,l2
ILC,CD8 TEM,0.0,pbmc10k_to_pbmc5k,scvi_matched,4,l2
MAIT,CD8 TEM,0.0,pbmc10k_to_pbmc5k,scvi_matched,4,l2
NK,CD8 TEM,0.0,pbmc10k_to_pbmc5k,scvi_matched,4,l2
NK_CD56bright,CD8 TEM,0.0,pbmc10k_to_pbmc5k,scvi_matched,4,l2
Treg,CD8 TEM,0.0,pbmc10k_to_pbmc5k,scvi_matched,4,l2
cDC2,CD8 TEM,0.0,pbmc10k_to_pbmc5k,scvi_matched,4,l2
dnT,CD8 TEM,0.0,pbmc10k_to_pbmc5k,scvi_matched,4,l2
gdT,CD8 TEM,0.1267605633802817,pbmc10k_to_pbmc5k,scvi_matched,4,l2
pDC,CD8 TEM,0.0,pbmc10k_to_pbmc5k,scvi_matched,4,l2
B intermediate,Eryth,0.0,pbmc10k_to_pbmc5k,scvi_matched,4,l2
B memory,Eryth,0.0,pbmc10k_to_pbmc5k,scvi_matched,4,l2
B naive,Eryth,0.0,pbmc10k_to_pbmc5k,scvi_matched,4,l2
CD14 Mono,Eryth,0.0021344717182497333,pbmc10k_to_pbmc5k,scvi_matched,4,l2
CD16 Mono,Eryth,0.0,pbmc10k_to_pbmc5k,scvi_matched,4,l2
CD4 CTL,Eryth,0.0,pbmc10k_to_pbmc5k,scvi_matched,4,l2
CD4 Naive,Eryth,0.0,pbmc10k_to_pbmc5k,scvi_matched,4,l2
CD4 TCM,Eryth,0.01834862385321101,pbmc10k_to_pbmc5k,scvi_matched,4,l2
CD4 TEM,Eryth,0.003676470588235294,pbmc10k_to_pbmc5k,scvi_matched,4,l2
CD8 Naive,Eryth,0.0,pbmc10k_to_pbmc5k,scvi_matched,4,l2
CD8 TCM,Eryth,0.0,pbmc10k_to_pbmc5k,scvi_matched,4,l2
CD8 TEM,Eryth,0.0,pbmc10k_to_pbmc5k,scvi_matched,4,l2
Eryth,Eryth,0.5232558139534884,pbmc10k_to_pbmc5k,scvi_matched,4,l2
ILC,Eryth,0.061224489795918366,pbmc10k_to_pbmc5k,scvi_matched,4,l2
MAIT,Eryth,0.041666666666666664,pbmc10k_to_pbmc5k,scvi_matched,4,l2
NK,Eryth,0.0,pbmc10k_to_pbmc5k,scvi_matched,4,l2
NK_CD56bright,Eryth,0.0,pbmc10k_to_pbmc5k,scvi_matched,4,l2
Treg,Eryth,0.05084745762711865,pbmc10k_to_pbmc5k,scvi_matched,4,l2
cDC2,Eryth,0.0,pbmc10k_to_pbmc5k,scvi_matched,4,l2
dnT,Eryth,0.0,pbmc10k_to_pbmc5k,scvi_matched,4,l2
gdT,Eryth,0.0,pbmc10k_to_pbmc5k,scvi_matched,4,l2
pDC,Eryth,0.0,pbmc10k_to_pbmc5k,scvi_matched,4,l2
B intermediate,ILC,0.0,pbmc10k_to_pbmc5k,scvi_matched,4,l2
B memory,ILC,0.0,pbmc10k_to_pbmc5k,scvi_matched,4,l2
B naive,ILC,0.0,pbmc10k_to_pbmc5k,scvi_matched,4,l2
CD14 Mono,ILC,0.0,pbmc10k_to_pbmc5k,scvi_matched,4,l2
CD16 Mono,ILC,0.0,pbmc10k_to_pbmc5k,scvi_matched,4,l2
CD4 CTL,ILC,0.0,pbmc10k_to_pbmc5k,scvi_matched,4,l2
CD4 Naive,ILC,0.0,pbmc10k_to_pbmc5k,scvi_matched,4,l2
CD4 TCM,ILC,0.027522935779816515,pbmc10k_to_pbmc5k,scvi_matched,4,l2
CD4 TEM,ILC,0.03676470588235294,pbmc10k_to_pbmc5k,scvi_matched,4,l2
CD8 Naive,ILC,0.0,pbmc10k_to_pbmc5k,scvi_matched,4,l2
CD8 TCM,ILC,0.0,pbmc10k_to_pbmc5k,scvi_matched,4,l2
CD8 TEM,ILC,0.0,pbmc10k_to_pbmc5k,scvi_matched,4,l2
Eryth,ILC,0.0,pbmc10k_to_pbmc5k,scvi_matched,4,l2
ILC,ILC,0.37755102040816324,pbmc10k_to_pbmc5k,scvi_matched,4,l2
MAIT,ILC,0.0,pbmc10k_to_pbmc5k,scvi_matched,4,l2
NK,ILC,0.0,pbmc10k_to_pbmc5k,scvi_matched,4,l2
NK_CD56bright,ILC,0.0,pbmc10k_to_pbmc5k,scvi_matched,4,l2
Treg,ILC,0.01694915254237288,pbmc10k_to_pbmc5k,scvi_matched,4,l2
cDC2,ILC,0.0,pbmc10k_to_pbmc5k,scvi_matched,4,l2
dnT,ILC,0.0,pbmc10k_to_pbmc5k,scvi_matched,4,l2
gdT,ILC,0.014084507042253521,pbmc10k_to_pbmc5k,scvi_matched,4,l2
pDC,ILC,0.0,pbmc10k_to_pbmc5k,scvi_matched,4,l2
B intermediate,MAIT,0.0,pbmc10k_to_pbmc5k,scvi_matched,4,l2
B memory,MAIT,0.0,pbmc10k_to_pbmc5k,scvi_matched,4,l2
B naive,MAIT,0.0,pbmc10k_to_pbmc5k,scvi_matched,4,l2
CD14 Mono,MAIT,0.0,pbmc10k_to_pbmc5k,scvi_matched,4,l2
CD16 Mono,MAIT,0.0,pbmc10k_to_pbmc5k,scvi_matched,4,l2
CD4 CTL,MAIT,0.07317073170731707,pbmc10k_to_pbmc5k,scvi_matched,4,l2
CD4 Naive,MAIT,0.0,pbmc10k_to_pbmc5k,scvi_matched,4,l2
CD4 TCM,MAIT,0.0,pbmc10k_to_pbmc5k,scvi_matched,4,l2
CD4 TEM,MAIT,0.022058823529411766,pbmc10k_to_pbmc5k,scvi_matched,4,l2
CD8 Naive,MAIT,0.0,pbmc10k_to_pbmc5k,scvi_matched,4,l2
CD8 TCM,MAIT,0.0,pbmc10k_to_pbmc5k,scvi_matched,4,l2
CD8 TEM,MAIT,0.04081632653061224,pbmc10k_to_pbmc5k,scvi_matched,4,l2
Eryth,MAIT,0.0,pbmc10k_to_pbmc5k,scvi_matched,4,l2
ILC,MAIT,0.0,pbmc10k_to_pbmc5k,scvi_matched,4,l2
MAIT,MAIT,0.8333333333333334,pbmc10k_to_pbmc5k,scvi_matched,4,l2
NK,MAIT,0.0,pbmc10k_to_pbmc5k,scvi_matched,4,l2
NK_CD56bright,MAIT,0.0,pbmc10k_to_pbmc5k,scvi_matched,4,l2
Treg,MAIT,0.0,pbmc10k_to_pbmc5k,scvi_matched,4,l2
cDC2,MAIT,0.0,pbmc10k_to_pbmc5k,scvi_matched,4,l2
dnT,MAIT,0.0,pbmc10k_to_pbmc5k,scvi_matched,4,l2
gdT,MAIT,0.18309859154929578,pbmc10k_to_pbmc5k,scvi_matched,4,l2
pDC,MAIT,0.0,pbmc10k_to_pbmc5k,scvi_matched,4,l2
B intermediate,NK,0.0,pbmc10k_to_pbmc5k,scvi_matched,4,l2
B memory,NK,0.0,pbmc10k_to_pbmc5k,scvi_matched,4,l2
B naive,NK,0.0,pbmc10k_to_pbmc5k,scvi_matched,4,l2
CD14 Mono,NK,0.0,pbmc10k_to_pbmc5k,scvi_matched,4,l2
CD16 Mono,NK,0.0,pbmc10k_to_pbmc5k,scvi_matched,4,l2
CD4 CTL,NK,0.0,pbmc10k_to_pbmc5k,scvi_matched,4,l2
CD4 Naive,NK,0.0,pbmc10k_to_pbmc5k,scvi_matched,4,l2
CD4 TCM,NK,0.0,pbmc10k_to_pbmc5k,scvi_matched,4,l2
CD4 TEM,NK,0.0,pbmc10k_to_pbmc5k,scvi_matched,4,l2
CD8 Naive,NK,0.0,pbmc10k_to_pbmc5k,scvi_matched,4,l2
CD8 TCM,NK,0.0,pbmc10k_to_pbmc5k,scvi_matched,4,l2
CD8 TEM,NK,0.06802721088435375,pbmc10k_to_pbmc5k,scvi_matched,4,l2
Eryth,NK,0.0,pbmc10k_to_pbmc5k,scvi_matched,4,l2
ILC,NK,0.0,pbmc10k_to_pbmc5k,scvi_matched,4,l2
MAIT,NK,0.0,pbmc10k_to_pbmc5k,scvi_matched,4,l2
NK,NK,0.9920318725099602,pbmc10k_to_pbmc5k,scvi_matched,4,l2
NK_CD56bright,NK,0.13333333333333333,pbmc10k_to_pbmc5k,scvi_matched,4,l2
Treg,NK,0.0,pbmc10k_to_pbmc5k,scvi_matched,4,l2
cDC2,NK,0.0,pbmc10k_to_pbmc5k,scvi_matched,4,l2
dnT,NK,0.0,pbmc10k_to_pbmc5k,scvi_matched,4,l2
gdT,NK,0.22535211267605634,pbmc10k_to_pbmc5k,scvi_matched,4,l2
pDC,NK,0.0,pbmc10k_to_pbmc5k,scvi_matched,4,l2
B intermediate,NK_CD56bright,0.0,pbmc10k_to_pbmc5k,scvi_matched,4,l2
B memory,NK_CD56bright,0.0,pbmc10k_to_pbmc5k,scvi_matched,4,l2
B naive,NK_CD56bright,0.0,pbmc10k_to_pbmc5k,scvi_matched,4,l2
CD14 Mono,NK_CD56bright,0.0,pbmc10k_to_pbmc5k,scvi_matched,4,l2
CD16 Mono,NK_CD56bright,0.0,pbmc10k_to_pbmc5k,scvi_matched,4,l2
CD4 CTL,NK_CD56bright,0.0,pbmc10k_to_pbmc5k,scvi_matched,4,l2
CD4 Naive,NK_CD56bright,0.0,pbmc10k_to_pbmc5k,scvi_matched,4,l2
CD4 TCM,NK_CD56bright,0.0,pbmc10k_to_pbmc5k,scvi_matched,4,l2
CD4 TEM,NK_CD56bright,0.0,pbmc10k_to_pbmc5k,scvi_matched,4,l2
CD8 Naive,NK_CD56bright,0.0,pbmc10k_to_pbmc5k,scvi_matched,4,l2
CD8 TCM,NK_CD56bright,0.0,pbmc10k_to_pbmc5k,scvi_matched,4,l2
CD8 TEM,NK_CD56bright,0.0,pbmc10k_to_pbmc5k,scvi_matched,4,l2
Eryth,NK_CD56bright,0.0,pbmc10k_to_pbmc5k,scvi_matched,4,l2
ILC,NK_CD56bright,0.0,pbmc10k_to_pbmc5k,scvi_matched,4,l2
MAIT,NK_CD56bright,0.0,pbmc10k_to_pbmc5k,scvi_matched,4,l2
NK,NK_CD56bright,0.00398406374501992,pbmc10k_to_pbmc5k,scvi_matched,4,l2
NK_CD56bright,NK_CD56bright,0.7333333333333333,pbmc10k_to_pbmc5k,scvi_matched,4,l2
Treg,NK_CD56bright,0.0,pbmc10k_to_pbmc5k,scvi_matched,4,l2
cDC2,NK_CD56bright,0.0,pbmc10k_to_pbmc5k,scvi_matched,4,l2
dnT,NK_CD56bright,0.0,pbmc10k_to_pbmc5k,scvi_matched,4,l2
gdT,NK_CD56bright,0.0,pbmc10k_to_pbmc5k,scvi_matched,4,l2
pDC,NK_CD56bright,0.0,pbmc10k_to_pbmc5k,scvi_matched,4,l2
B intermediate,Treg,0.0,pbmc10k_to_pbmc5k,scvi_matched,4,l2
B memory,Treg,0.012658227848101266,pbmc10k_to_pbmc5k,scvi_matched,4,l2
B naive,Treg,0.0,pbmc10k_to_pbmc5k,scvi_matched,4,l2
CD14 Mono,Treg,0.0,pbmc10k_to_pbmc5k,scvi_matched,4,l2
CD16 Mono,Treg,0.0,pbmc10k_to_pbmc5k,scvi_matched,4,l2
CD4 CTL,Treg,0.0,pbmc10k_to_pbmc5k,scvi_matched,4,l2
CD4 Naive,Treg,0.0,pbmc10k_to_pbmc5k,scvi_matched,4,l2
CD4 TCM,Treg,0.0061162079510703364,pbmc10k_to_pbmc5k,scvi_matched,4,l2
CD4 TEM,Treg,0.003676470588235294,pbmc10k_to_pbmc5k,scvi_matched,4,l2
CD8 Naive,Treg,0.0,pbmc10k_to_pbmc5k,scvi_matched,4,l2
CD8 TCM,Treg,0.0,pbmc10k_to_pbmc5k,scvi_matched,4,l2
CD8 TEM,Treg,0.0,pbmc10k_to_pbmc5k,scvi_matched,4,l2
Eryth,Treg,0.0,pbmc10k_to_pbmc5k,scvi_matched,4,l2
ILC,Treg,0.0,pbmc10k_to_pbmc5k,scvi_matched,4,l2
MAIT,Treg,0.0,pbmc10k_to_pbmc5k,scvi_matched,4,l2
NK,Treg,0.0,pbmc10k_to_pbmc5k,scvi_matched,4,l2
NK_CD56bright,Treg,0.0,pbmc10k_to_pbmc5k,scvi_matched,4,l2
Treg,Treg,0.13559322033898305,pbmc10k_to_pbmc5k,scvi_matched,4,l2
cDC2,Treg,0.0,pbmc10k_to_pbmc5k,scvi_matched,4,l2
dnT,Treg,0.07142857142857142,pbmc10k_to_pbmc5k,scvi_matched,4,l2
gdT,Treg,0.0,pbmc10k_to_pbmc5k,scvi_matched,4,l2
pDC,Treg,0.0,pbmc10k_to_pbmc5k,scvi_matched,4,l2
B intermediate,cDC2,0.0,pbmc10k_to_pbmc5k,scvi_matched,4,l2
B memory,cDC2,0.012658227848101266,pbmc10k_to_pbmc5k,scvi_matched,4,l2
B naive,cDC2,0.0,pbmc10k_to_pbmc5k,scvi_matched,4,l2
CD14 Mono,cDC2,0.0010672358591248667,pbmc10k_to_pbmc5k,scvi_matched,4,l2
CD16 Mono,cDC2,0.0,pbmc10k_to_pbmc5k,scvi_matched,4,l2
CD4 CTL,cDC2,0.0,pbmc10k_to_pbmc5k,scvi_matched,4,l2
CD4 Naive,cDC2,0.0,pbmc10k_to_pbmc5k,scvi_matched,4,l2
CD4 TCM,cDC2,0.0,pbmc10k_to_pbmc5k,scvi_matched,4,l2
CD4 TEM,cDC2,0.0,pbmc10k_to_pbmc5k,scvi_matched,4,l2
CD8 Naive,cDC2,0.0,pbmc10k_to_pbmc5k,scvi_matched,4,l2
CD8 TCM,cDC2,0.0,pbmc10k_to_pbmc5k,scvi_matched,4,l2
CD8 TEM,cDC2,0.0,pbmc10k_to_pbmc5k,scvi_matched,4,l2
Eryth,cDC2,0.0,pbmc10k_to_pbmc5k,scvi_matched,4,l2
ILC,cDC2,0.0,pbmc10k_to_pbmc5k,scvi_matched,4,l2
MAIT,cDC2,0.0,pbmc10k_to_pbmc5k,scvi_matched,4,l2
NK,cDC2,0.0,pbmc10k_to_pbmc5k,scvi_matched,4,l2
NK_CD56bright,cDC2,0.0,pbmc10k_to_pbmc5k,scvi_matched,4,l2
Treg,cDC2,0.0,pbmc10k_to_pbmc5k,scvi_matched,4,l2
cDC2,cDC2,0.928,pbmc10k_to_pbmc5k,scvi_matched,4,l2
dnT,cDC2,0.0,pbmc10k_to_pbmc5k,scvi_matched,4,l2
gdT,cDC2,0.0,pbmc10k_to_pbmc5k,scvi_matched,4,l2
pDC,cDC2,0.0,pbmc10k_to_pbmc5k,scvi_matched,4,l2
B intermediate,dnT,0.0,pbmc10k_to_pbmc5k,scvi_matched,4,l2
B memory,dnT,0.0,pbmc10k_to_pbmc5k,scvi_matched,4,l2
B naive,dnT,0.0,pbmc10k_to_pbmc5k,scvi_matched,4,l2
CD14 Mono,dnT,0.0,pbmc10k_to_pbmc5k,scvi_matched,4,l2
CD16 Mono,dnT,0.0,pbmc10k_to_pbmc5k,scvi_matched,4,l2
CD4 CTL,dnT,0.0,pbmc10k_to_pbmc5k,scvi_matched,4,l2
CD4 Naive,dnT,0.0,pbmc10k_to_pbmc5k,scvi_matched,4,l2
CD4 TCM,dnT,0.009174311926605505,pbmc10k_to_pbmc5k,scvi_matched,4,l2
CD4 TEM,dnT,0.0,pbmc10k_to_pbmc5k,scvi_matched,4,l2
CD8 Naive,dnT,0.0,pbmc10k_to_pbmc5k,scvi_matched,4,l2
CD8 TCM,dnT,0.029411764705882353,pbmc10k_to_pbmc5k,scvi_matched,4,l2
CD8 TEM,dnT,0.006802721088435374,pbmc10k_to_pbmc5k,scvi_matched,4,l2
Eryth,dnT,0.0,pbmc10k_to_pbmc5k,scvi_matched,4,l2
ILC,dnT,0.01020408163265306,pbmc10k_to_pbmc5k,scvi_matched,4,l2
MAIT,dnT,0.041666666666666664,pbmc10k_to_pbmc5k,scvi_matched,4,l2
NK,dnT,0.0,pbmc10k_to_pbmc5k,scvi_matched,4,l2
NK_CD56bright,dnT,0.0,pbmc10k_to_pbmc5k,scvi_matched,4,l2
Treg,dnT,0.03389830508474576,pbmc10k_to_pbmc5k,scvi_matched,4,l2
cDC2,dnT,0.0,pbmc10k_to_pbmc5k,scvi_matched,4,l2
dnT,dnT,0.0,pbmc10k_to_pbmc5k,scvi_matched,4,l2
gdT,dnT,0.0,pbmc10k_to_pbmc5k,scvi_matched,4,l2
pDC,dnT,0.0,pbmc10k_to_pbmc5k,scvi_matched,4,l2
B intermediate,gdT,0.0,pbmc10k_to_pbmc5k,scvi_matched,4,l2
B memory,gdT,0.0,pbmc10k_to_pbmc5k,scvi_matched,4,l2
B naive,gdT,0.0,pbmc10k_to_pbmc5k,scvi_matched,4,l2
CD14 Mono,gdT,0.0,pbmc10k_to_pbmc5k,scvi_matched,4,l2
CD16 Mono,gdT,0.0,pbmc10k_to_pbmc5k,scvi_matched,4,l2
CD4 CTL,gdT,0.0,pbmc10k_to_pbmc5k,scvi_matched,4,l2
CD4 Naive,gdT,0.0,pbmc10k_to_pbmc5k,scvi_matched,4,l2
CD4 TCM,gdT,0.0,pbmc10k_to_pbmc5k,scvi_matched,4,l2
CD4 TEM,gdT,0.003676470588235294,pbmc10k_to_pbmc5k,scvi_matched,4,l2
CD8 Naive,gdT,0.0,pbmc10k_to_pbmc5k,scvi_matched,4,l2
CD8 TCM,gdT,0.058823529411764705,pbmc10k_to_pbmc5k,scvi_matched,4,l2
CD8 TEM,gdT,0.061224489795918366,pbmc10k_to_pbmc5k,scvi_matched,4,l2
Eryth,gdT,0.0,pbmc10k_to_pbmc5k,scvi_matched,4,l2
ILC,gdT,0.0,pbmc10k_to_pbmc5k,scvi_matched,4,l2
MAIT,gdT,0.041666666666666664,pbmc10k_to_pbmc5k,scvi_matched,4,l2
NK,gdT,0.0,pbmc10k_to_pbmc5k,scvi_matched,4,l2
NK_CD56bright,gdT,0.13333333333333333,pbmc10k_to_pbmc5k,scvi_matched,4,l2
Treg,gdT,0.0,pbmc10k_to_pbmc5k,scvi_matched,4,l2
cDC2,gdT,0.0,pbmc10k_to_pbmc5k,scvi_matched,4,l2
dnT,gdT,0.0,pbmc10k_to_pbmc5k,scvi_matched,4,l2
gdT,gdT,0.36619718309859156,pbmc10k_to_pbmc5k,scvi_matched,4,l2
pDC,gdT,0.0,pbmc10k_to_pbmc5k,scvi_matched,4,l2
B intermediate,pDC,0.0,pbmc10k_to_pbmc5k,scvi_matched,4,l2
B memory,pDC,0.0,pbmc10k_to_pbmc5k,scvi_matched,4,l2
B naive,pDC,0.0,pbmc10k_to_pbmc5k,scvi_matched,4,l2
CD14 Mono,pDC,0.0,pbmc10k_to_pbmc5k,scvi_matched,4,l2
CD16 Mono,pDC,0.0,pbmc10k_to_pbmc5k,scvi_matched,4,l2
CD4 CTL,pDC,0.0,pbmc10k_to_pbmc5k,scvi_matched,4,l2
CD4 Naive,pDC,0.0,pbmc10k_to_pbmc5k,scvi_matched,4,l2
CD4 TCM,pDC,0.0,pbmc10k_to_pbmc5k,scvi_matched,4,l2
CD4 TEM,pDC,0.0,pbmc10k_to_pbmc5k,scvi_matched,4,l2
CD8 Naive,pDC,0.0,pbmc10k_to_pbmc5k,scvi_matched,4,l2
CD8 TCM,pDC,0.0,pbmc10k_to_pbmc5k,scvi_matched,4,l2
CD8 TEM,pDC,0.0,pbmc10k_to_pbmc5k,scvi_matched,4,l2
Eryth,pDC,0.011627906976744186,pbmc10k_to_pbmc5k,scvi_matched,4,l2
ILC,pDC,0.0,pbmc10k_to_pbmc5k,scvi_matched,4,l2
MAIT,pDC,0.0,pbmc10k_to_pbmc5k,scvi_matched,4,l2
NK,pDC,0.0,pbmc10k_to_pbmc5k,scvi_matched,4,l2
NK_CD56bright,pDC,0.0,pbmc10k_to_pbmc5k,scvi_matched,4,l2
Treg,pDC,0.0,pbmc10k_to_pbmc5k,scvi_matched,4,l2
cDC2,pDC,0.0,pbmc10k_to_pbmc5k,scvi_matched,4,l2
dnT,pDC,0.0,pbmc10k_to_pbmc5k,scvi_matched,4,l2
gdT,pDC,0.0,pbmc10k_to_pbmc5k,scvi_matched,4,l2
pDC,pDC,1.0,pbmc10k_to_pbmc5k,scvi_matched,4,l2
B intermediate,B intermediate,0.7727272727272727,pbmc10k_to_pbmc5k,totalvi,4,l2
B memory,B intermediate,0.34177215189873417,pbmc10k_to_pbmc5k,totalvi,4,l2
B naive,B intermediate,0.140625,pbmc10k_to_pbmc5k,totalvi,4,l2
CD14 Mono,B intermediate,0.0,pbmc10k_to_pbmc5k,totalvi,4,l2
CD16 Mono,B intermediate,0.0,pbmc10k_to_pbmc5k,totalvi,4,l2
CD4 CTL,B intermediate,0.0,pbmc10k_to_pbmc5k,totalvi,4,l2
CD4 Naive,B intermediate,0.0,pbmc10k_to_pbmc5k,totalvi,4,l2
CD4 TCM,B intermediate,0.0,pbmc10k_to_pbmc5k,totalvi,4,l2
CD4 TEM,B intermediate,0.0,pbmc10k_to_pbmc5k,totalvi,4,l2
CD8 Naive,B intermediate,0.0,pbmc10k_to_pbmc5k,totalvi,4,l2
CD8 TCM,B intermediate,0.0,pbmc10k_to_pbmc5k,totalvi,4,l2
CD8 TEM,B intermediate,0.0,pbmc10k_to_pbmc5k,totalvi,4,l2
Eryth,B intermediate,0.0,pbmc10k_to_pbmc5k,totalvi,4,l2
ILC,B intermediate,0.0,pbmc10k_to_pbmc5k,totalvi,4,l2
MAIT,B intermediate,0.0,pbmc10k_to_pbmc5k,totalvi,4,l2
NK,B intermediate,0.0,pbmc10k_to_pbmc5k,totalvi,4,l2
NK_CD56bright,B intermediate,0.0,pbmc10k_to_pbmc5k,totalvi,4,l2
Treg,B intermediate,0.0,pbmc10k_to_pbmc5k,totalvi,4,l2
cDC2,B intermediate,0.0,pbmc10k_to_pbmc5k,totalvi,4,l2
dnT,B intermediate,0.0,pbmc10k_to_pbmc5k,totalvi,4,l2
gdT,B intermediate,0.0,pbmc10k_to_pbmc5k,totalvi,4,l2
pDC,B intermediate,0.0,pbmc10k_to_pbmc5k,totalvi,4,l2
B intermediate,B memory,0.21212121212121213,pbmc10k_to_pbmc5k,totalvi,4,l2
B memory,B memory,0.6455696202531646,pbmc10k_to_pbmc5k,totalvi,4,l2
B naive,B memory,0.0,pbmc10k_to_pbmc5k,totalvi,4,l2
CD14 Mono,B memory,0.0,pbmc10k_to_pbmc5k,totalvi,4,l2
CD16 Mono,B memory,0.0,pbmc10k_to_pbmc5k,totalvi,4,l2
CD4 CTL,B memory,0.0,pbmc10k_to_pbmc5k,totalvi,4,l2
CD4 Naive,B memory,0.0,pbmc10k_to_pbmc5k,totalvi,4,l2
CD4 TCM,B memory,0.0,pbmc10k_to_pbmc5k,totalvi,4,l2
CD4 TEM,B memory,0.0,pbmc10k_to_pbmc5k,totalvi,4,l2
CD8 Naive,B memory,0.0,pbmc10k_to_pbmc5k,totalvi,4,l2
CD8 TCM,B memory,0.0,pbmc10k_to_pbmc5k,totalvi,4,l2
CD8 TEM,B memory,0.0,pbmc10k_to_pbmc5k,totalvi,4,l2
Eryth,B memory,0.0,pbmc10k_to_pbmc5k,totalvi,4,l2
ILC,B memory,0.0,pbmc10k_to_pbmc5k,totalvi,4,l2
MAIT,B memory,0.0,pbmc10k_to_pbmc5k,totalvi,4,l2
NK,B memory,0.0,pbmc10k_to_pbmc5k,totalvi,4,l2
NK_CD56bright,B memory,0.0,pbmc10k_to_pbmc5k,totalvi,4,l2
Treg,B memory,0.0,pbmc10k_to_pbmc5k,totalvi,4,l2
cDC2,B memory,0.0,pbmc10k_to_pbmc5k,totalvi,4,l2
dnT,B memory,0.0,pbmc10k_to_pbmc5k,totalvi,4,l2
gdT,B memory,0.0,pbmc10k_to_pbmc5k,totalvi,4,l2
pDC,B memory,0.0,pbmc10k_to_pbmc5k,totalvi,4,l2
B intermediate,B naive,0.015151515151515152,pbmc10k_to_pbmc5k,totalvi,4,l2
B memory,B naive,0.012658227848101266,pbmc10k_to_pbmc5k,totalvi,4,l2
B naive,B naive,0.859375,pbmc10k_to_pbmc5k,totalvi,4,l2
CD14 Mono,B naive,0.0,pbmc10k_to_pbmc5k,totalvi,4,l2
CD16 Mono,B naive,0.0,pbmc10k_to_pbmc5k,totalvi,4,l2
CD4 CTL,B naive,0.0,pbmc10k_to_pbmc5k,totalvi,4,l2
CD4 Naive,B naive,0.0,pbmc10k_to_pbmc5k,totalvi,4,l2
CD4 TCM,B naive,0.0,pbmc10k_to_pbmc5k,totalvi,4,l2
CD4 TEM,B naive,0.0,pbmc10k_to_pbmc5k,totalvi,4,l2
CD8 Naive,B naive,0.0,pbmc10k_to_pbmc5k,totalvi,4,l2
CD8 TCM,B naive,0.0,pbmc10k_to_pbmc5k,totalvi,4,l2
CD8 TEM,B naive,0.0,pbmc10k_to_pbmc5k,totalvi,4,l2
Eryth,B naive,0.0,pbmc10k_to_pbmc5k,totalvi,4,l2
ILC,B naive,0.0,pbmc10k_to_pbmc5k,totalvi,4,l2
MAIT,B naive,0.0,pbmc10k_to_pbmc5k,totalvi,4,l2
NK,B naive,0.0,pbmc10k_to_pbmc5k,totalvi,4,l2
NK_CD56bright,B naive,0.0,pbmc10k_to_pbmc5k,totalvi,4,l2
Treg,B naive,0.0,pbmc10k_to_pbmc5k,totalvi,4,l2
cDC2,B naive,0.0,pbmc10k_to_pbmc5k,totalvi,4,l2
dnT,B naive,0.0,pbmc10k_to_pbmc5k,totalvi,4,l2
gdT,B naive,0.0,pbmc10k_to_pbmc5k,totalvi,4,l2
pDC,B naive,0.0,pbmc10k_to_pbmc5k,totalvi,4,l2
B intermediate,CD14 Mono,0.0,pbmc10k_to_pbmc5k,totalvi,4,l2
B memory,CD14 Mono,0.0,pbmc10k_to_pbmc5k,totalvi,4,l2
B naive,CD14 Mono,0.0,pbmc10k_to_pbmc5k,totalvi,4,l2
CD14 Mono,CD14 Mono,0.9957310565635006,pbmc10k_to_pbmc5k,totalvi,4,l2
CD16 Mono,CD14 Mono,0.12213740458015267,pbmc10k_to_pbmc5k,totalvi,4,l2
CD4 CTL,CD14 Mono,0.0,pbmc10k_to_pbmc5k,totalvi,4,l2
CD4 Naive,CD14 Mono,0.0,pbmc10k_to_pbmc5k,totalvi,4,l2
CD4 TCM,CD14 Mono,0.0,pbmc10k_to_pbmc5k,totalvi,4,l2
CD4 TEM,CD14 Mono,0.0,pbmc10k_to_pbmc5k,totalvi,4,l2
CD8 Naive,CD14 Mono,0.0,pbmc10k_to_pbmc5k,totalvi,4,l2
CD8 TCM,CD14 Mono,0.0,pbmc10k_to_pbmc5k,totalvi,4,l2
CD8 TEM,CD14 Mono,0.0,pbmc10k_to_pbmc5k,totalvi,4,l2
Eryth,CD14 Mono,0.6046511627906976,pbmc10k_to_pbmc5k,totalvi,4,l2
ILC,CD14 Mono,0.0,pbmc10k_to_pbmc5k,totalvi,4,l2
MAIT,CD14 Mono,0.0,pbmc10k_to_pbmc5k,totalvi,4,l2
NK,CD14 Mono,0.0,pbmc10k_to_pbmc5k,totalvi,4,l2
NK_CD56bright,CD14 Mono,0.0,pbmc10k_to_pbmc5k,totalvi,4,l2
Treg,CD14 Mono,0.0,pbmc10k_to_pbmc5k,totalvi,4,l2
cDC2,CD14 Mono,0.096,pbmc10k_to_pbmc5k,totalvi,4,l2
dnT,CD14 Mono,0.0,pbmc10k_to_pbmc5k,totalvi,4,l2
gdT,CD14 Mono,0.0,pbmc10k_to_pbmc5k,totalvi,4,l2
pDC,CD14 Mono,0.0,pbmc10k_to_pbmc5k,totalvi,4,l2
B intermediate,CD16 Mono,0.0,pbmc10k_to_pbmc5k,totalvi,4,l2
B memory,CD16 Mono,0.0,pbmc10k_to_pbmc5k,totalvi,4,l2
B naive,CD16 Mono,0.0,pbmc10k_to_pbmc5k,totalvi,4,l2
CD14 Mono,CD16 Mono,0.0010672358591248667,pbmc10k_to_pbmc5k,totalvi,4,l2
CD16 Mono,CD16 Mono,0.8778625954198473,pbmc10k_to_pbmc5k,totalvi,4,l2
CD4 CTL,CD16 Mono,0.0,pbmc10k_to_pbmc5k,totalvi,4,l2
CD4 Naive,CD16 Mono,0.0,pbmc10k_to_pbmc5k,totalvi,4,l2
CD4 TCM,CD16 Mono,0.0,pbmc10k_to_pbmc5k,totalvi,4,l2
CD4 TEM,CD16 Mono,0.0,pbmc10k_to_pbmc5k,totalvi,4,l2
CD8 Naive,CD16 Mono,0.0,pbmc10k_to_pbmc5k,totalvi,4,l2
CD8 TCM,CD16 Mono,0.0,pbmc10k_to_pbmc5k,totalvi,4,l2
CD8 TEM,CD16 Mono,0.0,pbmc10k_to_pbmc5k,totalvi,4,l2
Eryth,CD16 Mono,0.0,pbmc10k_to_pbmc5k,totalvi,4,l2
ILC,CD16 Mono,0.0,pbmc10k_to_pbmc5k,totalvi,4,l2
MAIT,CD16 Mono,0.0,pbmc10k_to_pbmc5k,totalvi,4,l2
NK,CD16 Mono,0.0,pbmc10k_to_pbmc5k,totalvi,4,l2
NK_CD56bright,CD16 Mono,0.0,pbmc10k_to_pbmc5k,totalvi,4,l2
Treg,CD16 Mono,0.0,pbmc10k_to_pbmc5k,totalvi,4,l2
cDC2,CD16 Mono,0.0,pbmc10k_to_pbmc5k,totalvi,4,l2
dnT,CD16 Mono,0.0,pbmc10k_to_pbmc5k,totalvi,4,l2
gdT,CD16 Mono,0.0,pbmc10k_to_pbmc5k,totalvi,4,l2
pDC,CD16 Mono,0.0,pbmc10k_to_pbmc5k,totalvi,4,l2
B intermediate,CD4 CTL,0.0,pbmc10k_to_pbmc5k,totalvi,4,l2
B memory,CD4 CTL,0.0,pbmc10k_to_pbmc5k,totalvi,4,l2
B naive,CD4 CTL,0.0,pbmc10k_to_pbmc5k,totalvi,4,l2
CD14 Mono,CD4 CTL,0.0,pbmc10k_to_pbmc5k,totalvi,4,l2
CD16 Mono,CD4 CTL,0.0,pbmc10k_to_pbmc5k,totalvi,4,l2
CD4 CTL,CD4 CTL,0.2926829268292683,pbmc10k_to_pbmc5k,totalvi,4,l2
CD4 Naive,CD4 CTL,0.0,pbmc10k_to_pbmc5k,totalvi,4,l2
CD4 TCM,CD4 CTL,0.0,pbmc10k_to_pbmc5k,totalvi,4,l2
CD4 TEM,CD4 CTL,0.007352941176470588,pbmc10k_to_pbmc5k,totalvi,4,l2
CD8 Naive,CD4 CTL,0.0,pbmc10k_to_pbmc5k,totalvi,4,l2
CD8 TCM,CD4 CTL,0.0,pbmc10k_to_pbmc5k,totalvi,4,l2
CD8 TEM,CD4 CTL,0.06802721088435375,pbmc10k_to_pbmc5k,totalvi,4,l2
Eryth,CD4 CTL,0.0,pbmc10k_to_pbmc5k,totalvi,4,l2
ILC,CD4 CTL,0.0,pbmc10k_to_pbmc5k,totalvi,4,l2
MAIT,CD4 CTL,0.0,pbmc10k_to_pbmc5k,totalvi,4,l2
NK,CD4 CTL,0.0,pbmc10k_to_pbmc5k,totalvi,4,l2
NK_CD56bright,CD4 CTL,0.0,pbmc10k_to_pbmc5k,totalvi,4,l2
Treg,CD4 CTL,0.0,pbmc10k_to_pbmc5k,totalvi,4,l2
cDC2,CD4 CTL,0.0,pbmc10k_to_pbmc5k,totalvi,4,l2
dnT,CD4 CTL,0.0,pbmc10k_to_pbmc5k,totalvi,4,l2
gdT,CD4 CTL,0.0,pbmc10k_to_pbmc5k,totalvi,4,l2
pDC,CD4 CTL,0.0,pbmc10k_to_pbmc5k,totalvi,4,l2
B intermediate,CD4 Naive,0.0,pbmc10k_to_pbmc5k,totalvi,4,l2
B memory,CD4 Naive,0.0,pbmc10k_to_pbmc5k,totalvi,4,l2
B naive,CD4 Naive,0.0,pbmc10k_to_pbmc5k,totalvi,4,l2
CD14 Mono,CD4 Naive,0.0,pbmc10k_to_pbmc5k,totalvi,4,l2
CD16 Mono,CD4 Naive,0.0,pbmc10k_to_pbmc5k,totalvi,4,l2
CD4 CTL,CD4 Naive,0.0,pbmc10k_to_pbmc5k,totalvi,4,l2
CD4 Naive,CD4 Naive,0.8174603174603174,pbmc10k_to_pbmc5k,totalvi,4,l2
CD4 TCM,CD4 Naive,0.16819571865443425,pbmc10k_to_pbmc5k,totalvi,4,l2
CD4 TEM,CD4 Naive,0.0,pbmc10k_to_pbmc5k,totalvi,4,l2
CD8 Naive,CD4 Naive,0.0625,pbmc10k_to_pbmc5k,totalvi,4,l2
CD8 TCM,CD4 Naive,0.058823529411764705,pbmc10k_to_pbmc5k,totalvi,4,l2
CD8 TEM,CD4 Naive,0.0,pbmc10k_to_pbmc5k,totalvi,4,l2
Eryth,CD4 Naive,0.0,pbmc10k_to_pbmc5k,totalvi,4,l2
ILC,CD4 Naive,0.02040816326530612,pbmc10k_to_pbmc5k,totalvi,4,l2
MAIT,CD4 Naive,0.0,pbmc10k_to_pbmc5k,totalvi,4,l2
NK,CD4 Naive,0.0,pbmc10k_to_pbmc5k,totalvi,4,l2
NK_CD56bright,CD4 Naive,0.0,pbmc10k_to_pbmc5k,totalvi,4,l2
Treg,CD4 Naive,0.2033898305084746,pbmc10k_to_pbmc5k,totalvi,4,l2
cDC2,CD4 Naive,0.0,pbmc10k_to_pbmc5k,totalvi,4,l2
dnT,CD4 Naive,0.7142857142857143,pbmc10k_to_pbmc5k,totalvi,4,l2
gdT,CD4 Naive,0.014084507042253521,pbmc10k_to_pbmc5k,totalvi,4,l2
pDC,CD4 Naive,0.0,pbmc10k_to_pbmc5k,totalvi,4,l2
B intermediate,CD4 TCM,0.0,pbmc10k_to_pbmc5k,totalvi,4,l2
B memory,CD4 TCM,0.0,pbmc10k_to_pbmc5k,totalvi,4,l2
B naive,CD4 TCM,0.0,pbmc10k_to_pbmc5k,totalvi,4,l2
CD14 Mono,CD4 TCM,0.0,pbmc10k_to_pbmc5k,totalvi,4,l2
CD16 Mono,CD4 TCM,0.0,pbmc10k_to_pbmc5k,totalvi,4,l2
CD4 CTL,CD4 TCM,0.0,pbmc10k_to_pbmc5k,totalvi,4,l2
CD4 Naive,CD4 TCM,0.17989417989417988,pbmc10k_to_pbmc5k,totalvi,4,l2
CD4 TCM,CD4 TCM,0.746177370030581,pbmc10k_to_pbmc5k,totalvi,4,l2
CD4 TEM,CD4 TCM,0.17279411764705882,pbmc10k_to_pbmc5k,totalvi,4,l2
CD8 Naive,CD4 TCM,0.0,pbmc10k_to_pbmc5k,totalvi,4,l2
CD8 TCM,CD4 TCM,0.029411764705882353,pbmc10k_to_pbmc5k,totalvi,4,l2
CD8 TEM,CD4 TCM,0.0,pbmc10k_to_pbmc5k,totalvi,4,l2
Eryth,CD4 TCM,0.0,pbmc10k_to_pbmc5k,totalvi,4,l2
ILC,CD4 TCM,0.5,pbmc10k_to_pbmc5k,totalvi,4,l2
MAIT,CD4 TCM,0.0,pbmc10k_to_pbmc5k,totalvi,4,l2
NK,CD4 TCM,0.0,pbmc10k_to_pbmc5k,totalvi,4,l2
NK_CD56bright,CD4 TCM,0.0,pbmc10k_to_pbmc5k,totalvi,4,l2
Treg,CD4 TCM,0.4406779661016949,pbmc10k_to_pbmc5k,totalvi,4,l2
cDC2,CD4 TCM,0.0,pbmc10k_to_pbmc5k,totalvi,4,l2
dnT,CD4 TCM,0.0,pbmc10k_to_pbmc5k,totalvi,4,l2
gdT,CD4 TCM,0.0,pbmc10k_to_pbmc5k,totalvi,4,l2
pDC,CD4 TCM,0.0,pbmc10k_to_pbmc5k,totalvi,4,l2
B intermediate,CD4 TEM,0.0,pbmc10k_to_pbmc5k,totalvi,4,l2
B memory,CD4 TEM,0.0,pbmc10k_to_pbmc5k,totalvi,4,l2
B naive,CD4 TEM,0.0,pbmc10k_to_pbmc5k,totalvi,4,l2
CD14 Mono,CD4 TEM,0.0,pbmc10k_to_pbmc5k,totalvi,4,l2
CD16 Mono,CD4 TEM,0.0,pbmc10k_to_pbmc5k,totalvi,4,l2
CD4 CTL,CD4 TEM,0.6585365853658537,pbmc10k_to_pbmc5k,totalvi,4,l2
CD4 Naive,CD4 TEM,0.0,pbmc10k_to_pbmc5k,totalvi,4,l2
CD4 TCM,CD4 TEM,0.045871559633027525,pbmc10k_to_pbmc5k,totalvi,4,l2
CD4 TEM,CD4 TEM,0.7794117647058824,pbmc10k_to_pbmc5k,totalvi,4,l2
CD8 Naive,CD4 TEM,0.0,pbmc10k_to_pbmc5k,totalvi,4,l2
CD8 TCM,CD4 TEM,0.29411764705882354,pbmc10k_to_pbmc5k,totalvi,4,l2
CD8 TEM,CD4 TEM,0.047619047619047616,pbmc10k_to_pbmc5k,totalvi,4,l2
Eryth,CD4 TEM,0.0,pbmc10k_to_pbmc5k,totalvi,4,l2
ILC,CD4 TEM,0.19387755102040816,pbmc10k_to_pbmc5k,totalvi,4,l2
MAIT,CD4 TEM,0.041666666666666664,pbmc10k_to_pbmc5k,totalvi,4,l2
NK,CD4 TEM,0.0,pbmc10k_to_pbmc5k,totalvi,4,l2
NK_CD56bright,CD4 TEM,0.0,pbmc10k_to_pbmc5k,totalvi,4,l2
Treg,CD4 TEM,0.03389830508474576,pbmc10k_to_pbmc5k,totalvi,4,l2
cDC2,CD4 TEM,0.0,pbmc10k_to_pbmc5k,totalvi,4,l2
dnT,CD4 TEM,0.0,pbmc10k_to_pbmc5k,totalvi,4,l2
gdT,CD4 TEM,0.028169014084507043,pbmc10k_to_pbmc5k,totalvi,4,l2
pDC,CD4 TEM,0.0,pbmc10k_to_pbmc5k,totalvi,4,l2
B intermediate,CD8 Naive,0.0,pbmc10k_to_pbmc5k,totalvi,4,l2
B memory,CD8 Naive,0.0,pbmc10k_to_pbmc5k,totalvi,4,l2
B naive,CD8 Naive,0.0,pbmc10k_to_pbmc5k,totalvi,4,l2
CD14 Mono,CD8 Naive,0.0,pbmc10k_to_pbmc5k,totalvi,4,l2
CD16 Mono,CD8 Naive,0.0,pbmc10k_to_pbmc5k,totalvi,4,l2
CD4 CTL,CD8 Naive,0.0,pbmc10k_to_pbmc5k,totalvi,4,l2
CD4 Naive,CD8 Naive,0.0,pbmc10k_to_pbmc5k,totalvi,4,l2
CD4 TCM,CD8 Naive,0.0,pbmc10k_to_pbmc5k,totalvi,4,l2
CD4 TEM,CD8 Naive,0.0,pbmc10k_to_pbmc5k,totalvi,4,l2
CD8 Naive,CD8 Naive,0.8958333333333334,pbmc10k_to_pbmc5k,totalvi,4,l2
CD8 TCM,CD8 Naive,0.11764705882352941,pbmc10k_to_pbmc5k,totalvi,4,l2
CD8 TEM,CD8 Naive,0.0,pbmc10k_to_pbmc5k,totalvi,4,l2
Eryth,CD8 Naive,0.0,pbmc10k_to_pbmc5k,totalvi,4,l2
ILC,CD8 Naive,0.0,pbmc10k_to_pbmc5k,totalvi,4,l2
MAIT,CD8 Naive,0.0,pbmc10k_to_pbmc5k,totalvi,4,l2
NK,CD8 Naive,0.0,pbmc10k_to_pbmc5k,totalvi,4,l2
NK_CD56bright,CD8 Naive,0.0,pbmc10k_to_pbmc5k,totalvi,4,l2
Treg,CD8 Naive,0.0,pbmc10k_to_pbmc5k,totalvi,4,l2
cDC2,CD8 Naive,0.0,pbmc10k_to_pbmc5k,totalvi,4,l2
dnT,CD8 Naive,0.0,pbmc10k_to_pbmc5k,totalvi,4,l2
gdT,CD8 Naive,0.014084507042253521,pbmc10k_to_pbmc5k,totalvi,4,l2
pDC,CD8 Naive,0.0,pbmc10k_to_pbmc5k,totalvi,4,l2
B intermediate,CD8 TCM,0.0,pbmc10k_to_pbmc5k,totalvi,4,l2
B memory,CD8 TCM,0.0,pbmc10k_to_pbmc5k,totalvi,4,l2
B naive,CD8 TCM,0.0,pbmc10k_to_pbmc5k,totalvi,4,l2
CD14 Mono,CD8 TCM,0.0,pbmc10k_to_pbmc5k,totalvi,4,l2
CD16 Mono,CD8 TCM,0.0,pbmc10k_to_pbmc5k,totalvi,4,l2
CD4 CTL,CD8 TCM,0.0,pbmc10k_to_pbmc5k,totalvi,4,l2
CD4 Naive,CD8 TCM,0.0,pbmc10k_to_pbmc5k,totalvi,4,l2
CD4 TCM,CD8 TCM,0.0,pbmc10k_to_pbmc5k,totalvi,4,l2
CD4 TEM,CD8 TCM,0.003676470588235294,pbmc10k_to_pbmc5k,totalvi,4,l2
CD8 Naive,CD8 TCM,0.0,pbmc10k_to_pbmc5k,totalvi,4,l2
CD8 TCM,CD8 TCM,0.35294117647058826,pbmc10k_to_pbmc5k,totalvi,4,l2
CD8 TEM,CD8 TCM,0.013605442176870748,pbmc10k_to_pbmc5k,totalvi,4,l2
Eryth,CD8 TCM,0.0,pbmc10k_to_pbmc5k,totalvi,4,l2
ILC,CD8 TCM,0.01020408163265306,pbmc10k_to_pbmc5k,totalvi,4,l2
MAIT,CD8 TCM,0.0,pbmc10k_to_pbmc5k,totalvi,4,l2
NK,CD8 TCM,0.0,pbmc10k_to_pbmc5k,totalvi,4,l2
NK_CD56bright,CD8 TCM,0.0,pbmc10k_to_pbmc5k,totalvi,4,l2
Treg,CD8 TCM,0.0,pbmc10k_to_pbmc5k,totalvi,4,l2
cDC2,CD8 TCM,0.0,pbmc10k_to_pbmc5k,totalvi,4,l2
dnT,CD8 TCM,0.0,pbmc10k_to_pbmc5k,totalvi,4,l2
gdT,CD8 TCM,0.014084507042253521,pbmc10k_to_pbmc5k,totalvi,4,l2
pDC,CD8 TCM,0.0,pbmc10k_to_pbmc5k,totalvi,4,l2
B intermediate,CD8 TEM,0.0,pbmc10k_to_pbmc5k,totalvi,4,l2
B memory,CD8 TEM,0.0,pbmc10k_to_pbmc5k,totalvi,4,l2
B naive,CD8 TEM,0.0,pbmc10k_to_pbmc5k,totalvi,4,l2
CD14 Mono,CD8 TEM,0.0,pbmc10k_to_pbmc5k,totalvi,4,l2
CD16 Mono,CD8 TEM,0.0,pbmc10k_to_pbmc5k,totalvi,4,l2
CD4 CTL,CD8 TEM,0.0,pbmc10k_to_pbmc5k,totalvi,4,l2
CD4 Naive,CD8 TEM,0.0,pbmc10k_to_pbmc5k,totalvi,4,l2
CD4 TCM,CD8 TEM,0.0,pbmc10k_to_pbmc5k,totalvi,4,l2
CD4 TEM,CD8 TEM,0.011029411764705883,pbmc10k_to_pbmc5k,totalvi,4,l2
CD8 Naive,CD8 TEM,0.0,pbmc10k_to_pbmc5k,totalvi,4,l2
CD8 TCM,CD8 TEM,0.0,pbmc10k_to_pbmc5k,totalvi,4,l2
CD8 TEM,CD8 TEM,0.7006802721088435,pbmc10k_to_pbmc5k,totalvi,4,l2
Eryth,CD8 TEM,0.0,pbmc10k_to_pbmc5k,totalvi,4,l2
ILC,CD8 TEM,0.01020408163265306,pbmc10k_to_pbmc5k,totalvi,4,l2
MAIT,CD8 TEM,0.041666666666666664,pbmc10k_to_pbmc5k,totalvi,4,l2
NK,CD8 TEM,0.0,pbmc10k_to_pbmc5k,totalvi,4,l2
NK_CD56bright,CD8 TEM,0.0,pbmc10k_to_pbmc5k,totalvi,4,l2
Treg,CD8 TEM,0.0,pbmc10k_to_pbmc5k,totalvi,4,l2
cDC2,CD8 TEM,0.0,pbmc10k_to_pbmc5k,totalvi,4,l2
dnT,CD8 TEM,0.0,pbmc10k_to_pbmc5k,totalvi,4,l2
gdT,CD8 TEM,0.08450704225352113,pbmc10k_to_pbmc5k,totalvi,4,l2
pDC,CD8 TEM,0.0,pbmc10k_to_pbmc5k,totalvi,4,l2
B intermediate,Eryth,0.0,pbmc10k_to_pbmc5k,totalvi,4,l2
B memory,Eryth,0.0,pbmc10k_to_pbmc5k,totalvi,4,l2
B naive,Eryth,0.0,pbmc10k_to_pbmc5k,totalvi,4,l2
CD14 Mono,Eryth,0.0032017075773745998,pbmc10k_to_pbmc5k,totalvi,4,l2
CD16 Mono,Eryth,0.0,pbmc10k_to_pbmc5k,totalvi,4,l2
CD4 CTL,Eryth,0.0,pbmc10k_to_pbmc5k,totalvi,4,l2
CD4 Naive,Eryth,0.0,pbmc10k_to_pbmc5k,totalvi,4,l2
CD4 TCM,Eryth,0.01834862385321101,pbmc10k_to_pbmc5k,totalvi,4,l2
CD4 TEM,Eryth,0.0,pbmc10k_to_pbmc5k,totalvi,4,l2
CD8 Naive,Eryth,0.0,pbmc10k_to_pbmc5k,totalvi,4,l2
CD8 TCM,Eryth,0.0,pbmc10k_to_pbmc5k,totalvi,4,l2
CD8 TEM,Eryth,0.0,pbmc10k_to_pbmc5k,totalvi,4,l2
Eryth,Eryth,0.38372093023255816,pbmc10k_to_pbmc5k,totalvi,4,l2
ILC,Eryth,0.061224489795918366,pbmc10k_to_pbmc5k,totalvi,4,l2
MAIT,Eryth,0.041666666666666664,pbmc10k_to_pbmc5k,totalvi,4,l2
NK,Eryth,0.0,pbmc10k_to_pbmc5k,totalvi,4,l2
NK_CD56bright,Eryth,0.0,pbmc10k_to_pbmc5k,totalvi,4,l2
Treg,Eryth,0.05084745762711865,pbmc10k_to_pbmc5k,totalvi,4,l2
cDC2,Eryth,0.0,pbmc10k_to_pbmc5k,totalvi,4,l2
dnT,Eryth,0.0,pbmc10k_to_pbmc5k,totalvi,4,l2
gdT,Eryth,0.0,pbmc10k_to_pbmc5k,totalvi,4,l2
pDC,Eryth,0.0,pbmc10k_to_pbmc5k,totalvi,4,l2
B intermediate,ILC,0.0,pbmc10k_to_pbmc5k,totalvi,4,l2
B memory,ILC,0.0,pbmc10k_to_pbmc5k,totalvi,4,l2
B naive,ILC,0.0,pbmc10k_to_pbmc5k,totalvi,4,l2
CD14 Mono,ILC,0.0,pbmc10k_to_pbmc5k,totalvi,4,l2
CD16 Mono,ILC,0.0,pbmc10k_to_pbmc5k,totalvi,4,l2
CD4 CTL,ILC,0.0,pbmc10k_to_pbmc5k,totalvi,4,l2
CD4 Naive,ILC,0.0,pbmc10k_to_pbmc5k,totalvi,4,l2
CD4 TCM,ILC,0.01529051987767584,pbmc10k_to_pbmc5k,totalvi,4,l2
CD4 TEM,ILC,0.003676470588235294,pbmc10k_to_pbmc5k,totalvi,4,l2
CD8 Naive,ILC,0.0,pbmc10k_to_pbmc5k,totalvi,4,l2
CD8 TCM,ILC,0.029411764705882353,pbmc10k_to_pbmc5k,totalvi,4,l2
CD8 TEM,ILC,0.0,pbmc10k_to_pbmc5k,totalvi,4,l2
Eryth,ILC,0.0,pbmc10k_to_pbmc5k,totalvi,4,l2
ILC,ILC,0.20408163265306123,pbmc10k_to_pbmc5k,totalvi,4,l2
MAIT,ILC,0.0,pbmc10k_to_pbmc5k,totalvi,4,l2
NK,ILC,0.0,pbmc10k_to_pbmc5k,totalvi,4,l2
NK_CD56bright,ILC,0.0,pbmc10k_to_pbmc5k,totalvi,4,l2
Treg,ILC,0.01694915254237288,pbmc10k_to_pbmc5k,totalvi,4,l2
cDC2,ILC,0.0,pbmc10k_to_pbmc5k,totalvi,4,l2
dnT,ILC,0.0,pbmc10k_to_pbmc5k,totalvi,4,l2
gdT,ILC,0.0,pbmc10k_to_pbmc5k,totalvi,4,l2
pDC,ILC,0.0,pbmc10k_to_pbmc5k,totalvi,4,l2
B intermediate,MAIT,0.0,pbmc10k_to_pbmc5k,totalvi,4,l2
B memory,MAIT,0.0,pbmc10k_to_pbmc5k,totalvi,4,l2
B naive,MAIT,0.0,pbmc10k_to_pbmc5k,totalvi,4,l2
CD14 Mono,MAIT,0.0,pbmc10k_to_pbmc5k,totalvi,4,l2
CD16 Mono,MAIT,0.0,pbmc10k_to_pbmc5k,totalvi,4,l2
CD4 CTL,MAIT,0.04878048780487805,pbmc10k_to_pbmc5k,totalvi,4,l2
CD4 Naive,MAIT,0.0,pbmc10k_to_pbmc5k,totalvi,4,l2
CD4 TCM,MAIT,0.0030581039755351682,pbmc10k_to_pbmc5k,totalvi,4,l2
CD4 TEM,MAIT,0.007352941176470588,pbmc10k_to_pbmc5k,totalvi,4,l2
CD8 Naive,MAIT,0.0,pbmc10k_to_pbmc5k,totalvi,4,l2
CD8 TCM,MAIT,0.0,pbmc10k_to_pbmc5k,totalvi,4,l2
CD8 TEM,MAIT,0.08163265306122448,pbmc10k_to_pbmc5k,totalvi,4,l2
Eryth,MAIT,0.0,pbmc10k_to_pbmc5k,totalvi,4,l2
ILC,MAIT,0.0,pbmc10k_to_pbmc5k,totalvi,4,l2
MAIT,MAIT,0.8333333333333334,pbmc10k_to_pbmc5k,totalvi,4,l2
NK,MAIT,0.0,pbmc10k_to_pbmc5k,totalvi,4,l2
NK_CD56bright,MAIT,0.06666666666666667,pbmc10k_to_pbmc5k,totalvi,4,l2
Treg,MAIT,0.0,pbmc10k_to_pbmc5k,totalvi,4,l2
cDC2,MAIT,0.0,pbmc10k_to_pbmc5k,totalvi,4,l2
dnT,MAIT,0.0,pbmc10k_to_pbmc5k,totalvi,4,l2
gdT,MAIT,0.38028169014084506,pbmc10k_to_pbmc5k,totalvi,4,l2
pDC,MAIT,0.0,pbmc10k_to_pbmc5k,totalvi,4,l2
B intermediate,NK,0.0,pbmc10k_to_pbmc5k,totalvi,4,l2
B memory,NK,0.0,pbmc10k_to_pbmc5k,totalvi,4,l2
B naive,NK,0.0,pbmc10k_to_pbmc5k,totalvi,4,l2
CD14 Mono,NK,0.0,pbmc10k_to_pbmc5k,totalvi,4,l2
CD16 Mono,NK,0.0,pbmc10k_to_pbmc5k,totalvi,4,l2
CD4 CTL,NK,0.0,pbmc10k_to_pbmc5k,totalvi,4,l2
CD4 Naive,NK,0.0,pbmc10k_to_pbmc5k,totalvi,4,l2
CD4 TCM,NK,0.0,pbmc10k_to_pbmc5k,totalvi,4,l2
CD4 TEM,NK,0.003676470588235294,pbmc10k_to_pbmc5k,totalvi,4,l2
CD8 Naive,NK,0.0,pbmc10k_to_pbmc5k,totalvi,4,l2
CD8 TCM,NK,0.0,pbmc10k_to_pbmc5k,totalvi,4,l2
CD8 TEM,NK,0.05442176870748299,pbmc10k_to_pbmc5k,totalvi,4,l2
Eryth,NK,0.0,pbmc10k_to_pbmc5k,totalvi,4,l2
ILC,NK,0.0,pbmc10k_to_pbmc5k,totalvi,4,l2
MAIT,NK,0.0,pbmc10k_to_pbmc5k,totalvi,4,l2
NK,NK,0.9960159362549801,pbmc10k_to_pbmc5k,totalvi,4,l2
NK_CD56bright,NK,0.13333333333333333,pbmc10k_to_pbmc5k,totalvi,4,l2
Treg,NK,0.01694915254237288,pbmc10k_to_pbmc5k,totalvi,4,l2
cDC2,NK,0.0,pbmc10k_to_pbmc5k,totalvi,4,l2
dnT,NK,0.0,pbmc10k_to_pbmc5k,totalvi,4,l2
gdT,NK,0.2676056338028169,pbmc10k_to_pbmc5k,totalvi,4,l2
pDC,NK,0.0,pbmc10k_to_pbmc5k,totalvi,4,l2
B intermediate,NK_CD56bright,0.0,pbmc10k_to_pbmc5k,totalvi,4,l2
B memory,NK_CD56bright,0.0,pbmc10k_to_pbmc5k,totalvi,4,l2
B naive,NK_CD56bright,0.0,pbmc10k_to_pbmc5k,totalvi,4,l2
CD14 Mono,NK_CD56bright,0.0,pbmc10k_to_pbmc5k,totalvi,4,l2
CD16 Mono,NK_CD56bright,0.0,pbmc10k_to_pbmc5k,totalvi,4,l2
CD4 CTL,NK_CD56bright,0.0,pbmc10k_to_pbmc5k,totalvi,4,l2
CD4 Naive,NK_CD56bright,0.0,pbmc10k_to_pbmc5k,totalvi,4,l2
CD4 TCM,NK_CD56bright,0.0,pbmc10k_to_pbmc5k,totalvi,4,l2
CD4 TEM,NK_CD56bright,0.0,pbmc10k_to_pbmc5k,totalvi,4,l2
CD8 Naive,NK_CD56bright,0.0,pbmc10k_to_pbmc5k,totalvi,4,l2
CD8 TCM,NK_CD56bright,0.0,pbmc10k_to_pbmc5k,totalvi,4,l2
CD8 TEM,NK_CD56bright,0.0,pbmc10k_to_pbmc5k,totalvi,4,l2
Eryth,NK_CD56bright,0.0,pbmc10k_to_pbmc5k,totalvi,4,l2
ILC,NK_CD56bright,0.0,pbmc10k_to_pbmc5k,totalvi,4,l2
MAIT,NK_CD56bright,0.0,pbmc10k_to_pbmc5k,totalvi,4,l2
NK,NK_CD56bright,0.00398406374501992,pbmc10k_to_pbmc5k,totalvi,4,l2
NK_CD56bright,NK_CD56bright,0.7333333333333333,pbmc10k_to_pbmc5k,totalvi,4,l2
Treg,NK_CD56bright,0.0,pbmc10k_to_pbmc5k,totalvi,4,l2
cDC2,NK_CD56bright,0.0,pbmc10k_to_pbmc5k,totalvi,4,l2
dnT,NK_CD56bright,0.0,pbmc10k_to_pbmc5k,totalvi,4,l2
gdT,NK_CD56bright,0.0,pbmc10k_to_pbmc5k,totalvi,4,l2
pDC,NK_CD56bright,0.0,pbmc10k_to_pbmc5k,totalvi,4,l2
B intermediate,Treg,0.0,pbmc10k_to_pbmc5k,totalvi,4,l2
B memory,Treg,0.0,pbmc10k_to_pbmc5k,totalvi,4,l2
B naive,Treg,0.0,pbmc10k_to_pbmc5k,totalvi,4,l2
CD14 Mono,Treg,0.0,pbmc10k_to_pbmc5k,totalvi,4,l2
CD16 Mono,Treg,0.0,pbmc10k_to_pbmc5k,totalvi,4,l2
CD4 CTL,Treg,0.0,pbmc10k_to_pbmc5k,totalvi,4,l2
CD4 Naive,Treg,0.0,pbmc10k_to_pbmc5k,totalvi,4,l2
CD4 TCM,Treg,0.0030581039755351682,pbmc10k_to_pbmc5k,totalvi,4,l2
CD4 TEM,Treg,0.0,pbmc10k_to_pbmc5k,totalvi,4,l2
CD8 Naive,Treg,0.0,pbmc10k_to_pbmc5k,totalvi,4,l2
CD8 TCM,Treg,0.0,pbmc10k_to_pbmc5k,totalvi,4,l2
CD8 TEM,Treg,0.0,pbmc10k_to_pbmc5k,totalvi,4,l2
Eryth,Treg,0.0,pbmc10k_to_pbmc5k,totalvi,4,l2
ILC,Treg,0.0,pbmc10k_to_pbmc5k,totalvi,4,l2
MAIT,Treg,0.0,pbmc10k_to_pbmc5k,totalvi,4,l2
NK,Treg,0.0,pbmc10k_to_pbmc5k,totalvi,4,l2
NK_CD56bright,Treg,0.0,pbmc10k_to_pbmc5k,totalvi,4,l2
Treg,Treg,0.23728813559322035,pbmc10k_to_pbmc5k,totalvi,4,l2
cDC2,Treg,0.0,pbmc10k_to_pbmc5k,totalvi,4,l2
dnT,Treg,0.07142857142857142,pbmc10k_to_pbmc5k,totalvi,4,l2
gdT,Treg,0.0,pbmc10k_to_pbmc5k,totalvi,4,l2
pDC,Treg,0.0,pbmc10k_to_pbmc5k,totalvi,4,l2
B intermediate,cDC2,0.0,pbmc10k_to_pbmc5k,totalvi,4,l2
B memory,cDC2,0.0,pbmc10k_to_pbmc5k,totalvi,4,l2
B naive,cDC2,0.0,pbmc10k_to_pbmc5k,totalvi,4,l2
CD14 Mono,cDC2,0.0,pbmc10k_to_pbmc5k,totalvi,4,l2
CD16 Mono,cDC2,0.0,pbmc10k_to_pbmc5k,totalvi,4,l2
CD4 CTL,cDC2,0.0,pbmc10k_to_pbmc5k,totalvi,4,l2
CD4 Naive,cDC2,0.0,pbmc10k_to_pbmc5k,totalvi,4,l2
CD4 TCM,cDC2,0.0,pbmc10k_to_pbmc5k,totalvi,4,l2
CD4 TEM,cDC2,0.0,pbmc10k_to_pbmc5k,totalvi,4,l2
CD8 Naive,cDC2,0.0,pbmc10k_to_pbmc5k,totalvi,4,l2
CD8 TCM,cDC2,0.0,pbmc10k_to_pbmc5k,totalvi,4,l2
CD8 TEM,cDC2,0.0,pbmc10k_to_pbmc5k,totalvi,4,l2
Eryth,cDC2,0.0,pbmc10k_to_pbmc5k,totalvi,4,l2
ILC,cDC2,0.0,pbmc10k_to_pbmc5k,totalvi,4,l2
MAIT,cDC2,0.0,pbmc10k_to_pbmc5k,totalvi,4,l2
NK,cDC2,0.0,pbmc10k_to_pbmc5k,totalvi,4,l2
NK_CD56bright,cDC2,0.0,pbmc10k_to_pbmc5k,totalvi,4,l2
Treg,cDC2,0.0,pbmc10k_to_pbmc5k,totalvi,4,l2
cDC2,cDC2,0.904,pbmc10k_to_pbmc5k,totalvi,4,l2
dnT,cDC2,0.0,pbmc10k_to_pbmc5k,totalvi,4,l2
gdT,cDC2,0.0,pbmc10k_to_pbmc5k,totalvi,4,l2
pDC,cDC2,0.0,pbmc10k_to_pbmc5k,totalvi,4,l2
B intermediate,dnT,0.0,pbmc10k_to_pbmc5k,totalvi,4,l2
B memory,dnT,0.0,pbmc10k_to_pbmc5k,totalvi,4,l2
B naive,dnT,0.0,pbmc10k_to_pbmc5k,totalvi,4,l2
CD14 Mono,dnT,0.0,pbmc10k_to_pbmc5k,totalvi,4,l2
CD16 Mono,dnT,0.0,pbmc10k_to_pbmc5k,totalvi,4,l2
CD4 CTL,dnT,0.0,pbmc10k_to_pbmc5k,totalvi,4,l2
CD4 Naive,dnT,0.0026455026455026454,pbmc10k_to_pbmc5k,totalvi,4,l2
CD4 TCM,dnT,0.0,pbmc10k_to_pbmc5k,totalvi,4,l2
CD4 TEM,dnT,0.0,pbmc10k_to_pbmc5k,totalvi,4,l2
CD8 Naive,dnT,0.041666666666666664,pbmc10k_to_pbmc5k,totalvi,4,l2
CD8 TCM,dnT,0.058823529411764705,pbmc10k_to_pbmc5k,totalvi,4,l2
CD8 TEM,dnT,0.0,pbmc10k_to_pbmc5k,totalvi,4,l2
Eryth,dnT,0.0,pbmc10k_to_pbmc5k,totalvi,4,l2
ILC,dnT,0.0,pbmc10k_to_pbmc5k,totalvi,4,l2
MAIT,dnT,0.0,pbmc10k_to_pbmc5k,totalvi,4,l2
NK,dnT,0.0,pbmc10k_to_pbmc5k,totalvi,4,l2
NK_CD56bright,dnT,0.0,pbmc10k_to_pbmc5k,totalvi,4,l2
Treg,dnT,0.0,pbmc10k_to_pbmc5k,totalvi,4,l2
cDC2,dnT,0.0,pbmc10k_to_pbmc5k,totalvi,4,l2
dnT,dnT,0.21428571428571427,pbmc10k_to_pbmc5k,totalvi,4,l2
gdT,dnT,0.014084507042253521,pbmc10k_to_pbmc5k,totalvi,4,l2
pDC,dnT,0.0,pbmc10k_to_pbmc5k,totalvi,4,l2
B intermediate,gdT,0.0,pbmc10k_to_pbmc5k,totalvi,4,l2
B memory,gdT,0.0,pbmc10k_to_pbmc5k,totalvi,4,l2
B naive,gdT,0.0,pbmc10k_to_pbmc5k,totalvi,4,l2
CD14 Mono,gdT,0.0,pbmc10k_to_pbmc5k,totalvi,4,l2
CD16 Mono,gdT,0.0,pbmc10k_to_pbmc5k,totalvi,4,l2
CD4 CTL,gdT,0.0,pbmc10k_to_pbmc5k,totalvi,4,l2
CD4 Naive,gdT,0.0,pbmc10k_to_pbmc5k,totalvi,4,l2
CD4 TCM,gdT,0.0,pbmc10k_to_pbmc5k,totalvi,4,l2
CD4 TEM,gdT,0.011029411764705883,pbmc10k_to_pbmc5k,totalvi,4,l2
CD8 Naive,gdT,0.0,pbmc10k_to_pbmc5k,totalvi,4,l2
CD8 TCM,gdT,0.058823529411764705,pbmc10k_to_pbmc5k,totalvi,4,l2
CD8 TEM,gdT,0.034013605442176874,pbmc10k_to_pbmc5k,totalvi,4,l2
Eryth,gdT,0.0,pbmc10k_to_pbmc5k,totalvi,4,l2
ILC,gdT,0.0,pbmc10k_to_pbmc5k,totalvi,4,l2
MAIT,gdT,0.041666666666666664,pbmc10k_to_pbmc5k,totalvi,4,l2
NK,gdT,0.0,pbmc10k_to_pbmc5k,totalvi,4,l2
NK_CD56bright,gdT,0.06666666666666667,pbmc10k_to_pbmc5k,totalvi,4,l2
Treg,gdT,0.0,pbmc10k_to_pbmc5k,totalvi,4,l2
cDC2,gdT,0.0,pbmc10k_to_pbmc5k,totalvi,4,l2
dnT,gdT,0.0,pbmc10k_to_pbmc5k,totalvi,4,l2
gdT,gdT,0.18309859154929578,pbmc10k_to_pbmc5k,totalvi,4,l2
pDC,gdT,0.0,pbmc10k_to_pbmc5k,totalvi,4,l2
B intermediate,pDC,0.0,pbmc10k_to_pbmc5k,totalvi,4,l2
B memory,pDC,0.0,pbmc10k_to_pbmc5k,totalvi,4,l2
B naive,pDC,0.0,pbmc10k_to_pbmc5k,totalvi,4,l2
CD14 Mono,pDC,0.0,pbmc10k_to_pbmc5k,totalvi,4,l2
CD16 Mono,pDC,0.0,pbmc10k_to_pbmc5k,totalvi,4,l2
CD4 CTL,pDC,0.0,pbmc10k_to_pbmc5k,totalvi,4,l2
CD4 Naive,pDC,0.0,pbmc10k_to_pbmc5k,totalvi,4,l2
CD4 TCM,pDC,0.0,pbmc10k_to_pbmc5k,totalvi,4,l2
CD4 TEM,pDC,0.0,pbmc10k_to_pbmc5k,totalvi,4,l2
CD8 Naive,pDC,0.0,pbmc10k_to_pbmc5k,totalvi,4,l2
CD8 TCM,pDC,0.0,pbmc10k_to_pbmc5k,totalvi,4,l2
CD8 TEM,pDC,0.0,pbmc10k_to_pbmc5k,totalvi,4,l2
Eryth,pDC,0.011627906976744186,pbmc10k_to_pbmc5k,totalvi,4,l2
ILC,pDC,0.0,pbmc10k_to_pbmc5k,totalvi,4,l2
MAIT,pDC,0.0,pbmc10k_to_pbmc5k,totalvi,4,l2
NK,pDC,0.0,pbmc10k_to_pbmc5k,totalvi,4,l2
NK_CD56bright,pDC,0.0,pbmc10k_to_pbmc5k,totalvi,4,l2
Treg,pDC,0.0,pbmc10k_to_pbmc5k,totalvi,4,l2
cDC2,pDC,0.0,pbmc10k_to_pbmc5k,totalvi,4,l2
dnT,pDC,0.0,pbmc10k_to_pbmc5k,totalvi,4,l2
gdT,pDC,0.0,pbmc10k_to_pbmc5k,totalvi,4,l2
pDC,pDC,1.0,pbmc10k_to_pbmc5k,totalvi,4,l2
B,B,1.0,pbmc10k_to_pbmc5k,scvi_matched,4,l1
CD4 T,B,0.0,pbmc10k_to_pbmc5k,scvi_matched,4,l1
CD8 T,B,0.0,pbmc10k_to_pbmc5k,scvi_matched,4,l1
DC,B,0.0,pbmc10k_to_pbmc5k,scvi_matched,4,l1
Mono,B,0.0,pbmc10k_to_pbmc5k,scvi_matched,4,l1
NK,B,0.0,pbmc10k_to_pbmc5k,scvi_matched,4,l1
other,B,0.0,pbmc10k_to_pbmc5k,scvi_matched,4,l1
other T,B,0.0,pbmc10k_to_pbmc5k,scvi_matched,4,l1
B,CD4 T,0.0,pbmc10k_to_pbmc5k,scvi_matched,4,l1
CD4 T,CD4 T,0.9128822984244671,pbmc10k_to_pbmc5k,scvi_matched,4,l1
CD8 T,CD4 T,0.038135593220338986,pbmc10k_to_pbmc5k,scvi_matched,4,l1
DC,CD4 T,0.0,pbmc10k_to_pbmc5k,scvi_matched,4,l1
Mono,CD4 T,0.0,pbmc10k_to_pbmc5k,scvi_matched,4,l1
NK,CD4 T,0.0034482758620689655,pbmc10k_to_pbmc5k,scvi_matched,4,l1
other,CD4 T,0.372972972972973,pbmc10k_to_pbmc5k,scvi_matched,4,l1
other T,CD4 T,0.12844036697247707,pbmc10k_to_pbmc5k,scvi_matched,4,l1
B,CD8 T,0.0,pbmc10k_to_pbmc5k,scvi_matched,4,l1
CD4 T,CD8 T,0.03892493049119555,pbmc10k_to_pbmc5k,scvi_matched,4,l1
CD8 T,CD8 T,0.8898305084745762,pbmc10k_to_pbmc5k,scvi_matched,4,l1
DC,CD8 T,0.0,pbmc10k_to_pbmc5k,scvi_matched,4,l1
Mono,CD8 T,0.0,pbmc10k_to_pbmc5k,scvi_matched,4,l1
NK,CD8 T,0.0034482758620689655,pbmc10k_to_pbmc5k,scvi_matched,4,l1
other,CD8 T,0.016216216216216217,pbmc10k_to_pbmc5k,scvi_matched,4,l1
other T,CD8 T,0.22935779816513763,pbmc10k_to_pbmc5k,scvi_matched,4,l1
B,DC,0.0,pbmc10k_to_pbmc5k,scvi_matched,4,l1
CD4 T,DC,0.0,pbmc10k_to_pbmc5k,scvi_matched,4,l1
CD8 T,DC,0.0,pbmc10k_to_pbmc5k,scvi_matched,4,l1
DC,DC,0.9337748344370861,pbmc10k_to_pbmc5k,scvi_matched,4,l1
Mono,DC,0.0,pbmc10k_to_pbmc5k,scvi_matched,4,l1
NK,DC,0.0,pbmc10k_to_pbmc5k,scvi_matched,4,l1
other,DC,0.005405405405405406,pbmc10k_to_pbmc5k,scvi_matched,4,l1
other T,DC,0.0,pbmc10k_to_pbmc5k,scvi_matched,4,l1
B,Mono,0.0,pbmc10k_to_pbmc5k,scvi_matched,4,l1
CD4 T,Mono,0.0,pbmc10k_to_pbmc5k,scvi_matched,4,l1
CD8 T,Mono,0.0,pbmc10k_to_pbmc5k,scvi_matched,4,l1
DC,Mono,0.059602649006622516,pbmc10k_to_pbmc5k,scvi_matched,4,l1
Mono,Mono,0.9971910112359551,pbmc10k_to_pbmc5k,scvi_matched,4,l1
NK,Mono,0.0,pbmc10k_to_pbmc5k,scvi_matched,4,l1
other,Mono,0.24864864864864866,pbmc10k_to_pbmc5k,scvi_matched,4,l1
other T,Mono,0.0,pbmc10k_to_pbmc5k,scvi_matched,4,l1
B,NK,0.0,pbmc10k_to_pbmc5k,scvi_matched,4,l1
CD4 T,NK,0.0,pbmc10k_to_pbmc5k,scvi_matched,4,l1
CD8 T,NK,0.012711864406779662,pbmc10k_to_pbmc5k,scvi_matched,4,l1
DC,NK,0.0,pbmc10k_to_pbmc5k,scvi_matched,4,l1
Mono,NK,0.0,pbmc10k_to_pbmc5k,scvi_matched,4,l1
NK,NK,0.9827586206896551,pbmc10k_to_pbmc5k,scvi_matched,4,l1
other,NK,0.0,pbmc10k_to_pbmc5k,scvi_matched,4,l1
other T,NK,0.1559633027522936,pbmc10k_to_pbmc5k,scvi_matched,4,l1
B,other,0.0,pbmc10k_to_pbmc5k,scvi_matched,4,l1
CD4 T,other,0.009267840593141797,pbmc10k_to_pbmc5k,scvi_matched,4,l1
CD8 T,other,0.0,pbmc10k_to_pbmc5k,scvi_matched,4,l1
DC,other,0.006622516556291391,pbmc10k_to_pbmc5k,scvi_matched,4,l1
Mono,other,0.0028089887640449437,pbmc10k_to_pbmc5k,scvi_matched,4,l1
NK,other,0.006896551724137931,pbmc10k_to_pbmc5k,scvi_matched,4,l1
other,other,0.34054054054054056,pbmc10k_to_pbmc5k,scvi_matched,4,l1
other T,other,0.009174311926605505,pbmc10k_to_pbmc5k,scvi_matched,4,l1
B,other T,0.0,pbmc10k_to_pbmc5k,scvi_matched,4,l1
CD4 T,other T,0.03892493049119555,pbmc10k_to_pbmc5k,scvi_matched,4,l1
CD8 T,other T,0.059322033898305086,pbmc10k_to_pbmc5k,scvi_matched,4,l1
DC,other T,0.0,pbmc10k_to_pbmc5k,scvi_matched,4,l1
Mono,other T,0.0,pbmc10k_to_pbmc5k,scvi_matched,4,l1
NK,other T,0.0034482758620689655,pbmc10k_to_pbmc5k,scvi_matched,4,l1
other,other T,0.016216216216216217,pbmc10k_to_pbmc5k,scvi_matched,4,l1
other T,other T,0.47706422018348627,pbmc10k_to_pbmc5k,scvi_matched,4,l1
B,B,1.0,pbmc10k_to_pbmc5k,totalvi,4,l1
CD4 T,B,0.0,pbmc10k_to_pbmc5k,totalvi,4,l1
CD8 T,B,0.0,pbmc10k_to_pbmc5k,totalvi,4,l1
DC,B,0.0,pbmc10k_to_pbmc5k,totalvi,4,l1
Mono,B,0.0,pbmc10k_to_pbmc5k,totalvi,4,l1
NK,B,0.0,pbmc10k_to_pbmc5k,totalvi,4,l1
other,B,0.0,pbmc10k_to_pbmc5k,totalvi,4,l1
other T,B,0.0,pbmc10k_to_pbmc5k,totalvi,4,l1
B,CD4 T,0.0,pbmc10k_to_pbmc5k,totalvi,4,l1
CD4 T,CD4 T,0.9564411492122336,pbmc10k_to_pbmc5k,totalvi,4,l1
CD8 T,CD4 T,0.06779661016949153,pbmc10k_to_pbmc5k,totalvi,4,l1
DC,CD4 T,0.0,pbmc10k_to_pbmc5k,totalvi,4,l1
Mono,CD4 T,0.0,pbmc10k_to_pbmc5k,totalvi,4,l1
NK,CD4 T,0.006896551724137931,pbmc10k_to_pbmc5k,totalvi,4,l1
other,CD4 T,0.41621621621621624,pbmc10k_to_pbmc5k,totalvi,4,l1
other T,CD4 T,0.13761467889908258,pbmc10k_to_pbmc5k,totalvi,4,l1
B,CD8 T,0.0,pbmc10k_to_pbmc5k,totalvi,4,l1
CD4 T,CD8 T,0.0018535681186283596,pbmc10k_to_pbmc5k,totalvi,4,l1
CD8 T,CD8 T,0.7669491525423728,pbmc10k_to_pbmc5k,totalvi,4,l1
DC,CD8 T,0.0,pbmc10k_to_pbmc5k,totalvi,4,l1
Mono,CD8 T,0.0,pbmc10k_to_pbmc5k,totalvi,4,l1
NK,CD8 T,0.0034482758620689655,pbmc10k_to_pbmc5k,totalvi,4,l1
other,CD8 T,0.005405405405405406,pbmc10k_to_pbmc5k,totalvi,4,l1
other T,CD8 T,0.08256880733944955,pbmc10k_to_pbmc5k,totalvi,4,l1
B,DC,0.0,pbmc10k_to_pbmc5k,totalvi,4,l1
CD4 T,DC,0.0,pbmc10k_to_pbmc5k,totalvi,4,l1
CD8 T,DC,0.0,pbmc10k_to_pbmc5k,totalvi,4,l1
DC,DC,0.8741721854304636,pbmc10k_to_pbmc5k,totalvi,4,l1
Mono,DC,0.0,pbmc10k_to_pbmc5k,totalvi,4,l1
NK,DC,0.0,pbmc10k_to_pbmc5k,totalvi,4,l1
other,DC,0.005405405405405406,pbmc10k_to_pbmc5k,totalvi,4,l1
other T,DC,0.0,pbmc10k_to_pbmc5k,totalvi,4,l1
B,Mono,0.0,pbmc10k_to_pbmc5k,totalvi,4,l1
CD4 T,Mono,0.0,pbmc10k_to_pbmc5k,totalvi,4,l1
CD8 T,Mono,0.0,pbmc10k_to_pbmc5k,totalvi,4,l1
DC,Mono,0.09933774834437085,pbmc10k_to_pbmc5k,totalvi,4,l1
Mono,Mono,0.9971910112359551,pbmc10k_to_pbmc5k,totalvi,4,l1
NK,Mono,0.0,pbmc10k_to_pbmc5k,totalvi,4,l1
other,Mono,0.2864864864864865,pbmc10k_to_pbmc5k,totalvi,4,l1
other T,Mono,0.0,pbmc10k_to_pbmc5k,totalvi,4,l1
B,NK,0.0,pbmc10k_to_pbmc5k,totalvi,4,l1
CD4 T,NK,0.0,pbmc10k_to_pbmc5k,totalvi,4,l1
CD8 T,NK,0.038135593220338986,pbmc10k_to_pbmc5k,totalvi,4,l1
DC,NK,0.0,pbmc10k_to_pbmc5k,totalvi,4,l1
Mono,NK,0.0,pbmc10k_to_pbmc5k,totalvi,4,l1
NK,NK,0.9827586206896551,pbmc10k_to_pbmc5k,totalvi,4,l1
other,NK,0.0,pbmc10k_to_pbmc5k,totalvi,4,l1
other T,NK,0.1743119266055046,pbmc10k_to_pbmc5k,totalvi,4,l1
B,other,0.0,pbmc10k_to_pbmc5k,totalvi,4,l1
CD4 T,other,0.011121408711770158,pbmc10k_to_pbmc5k,totalvi,4,l1
CD8 T,other,0.0,pbmc10k_to_pbmc5k,totalvi,4,l1
DC,other,0.026490066225165563,pbmc10k_to_pbmc5k,totalvi,4,l1
Mono,other,0.0028089887640449437,pbmc10k_to_pbmc5k,totalvi,4,l1
NK,other,0.0,pbmc10k_to_pbmc5k,totalvi,4,l1
other,other,0.2810810810810811,pbmc10k_to_pbmc5k,totalvi,4,l1
other T,other,0.01834862385321101,pbmc10k_to_pbmc5k,totalvi,4,l1
B,other T,0.0,pbmc10k_to_pbmc5k,totalvi,4,l1
CD4 T,other T,0.030583873957367932,pbmc10k_to_pbmc5k,totalvi,4,l1
CD8 T,other T,0.1271186440677966,pbmc10k_to_pbmc5k,totalvi,4,l1
DC,other T,0.0,pbmc10k_to_pbmc5k,totalvi,4,l1
Mono,other T,0.0,pbmc10k_to_pbmc5k,totalvi,4,l1
NK,other T,0.006896551724137931,pbmc10k_to_pbmc5k,totalvi,4,l1
other,other T,0.005405405405405406,pbmc10k_to_pbmc5k,totalvi,4,l1
other T,other T,0.5871559633027523,pbmc10k_to_pbmc5k,totalvi,4,l1
B intermediate,B intermediate,0.6470588235294118,pbmc5k_to_pbmc10k,scvi_matched,0,l2
B memory,B intermediate,0.29292929292929293,pbmc5k_to_pbmc10k,scvi_matched,0,l2
B naive,B intermediate,0.009523809523809525,pbmc5k_to_pbmc10k,scvi_matched,0,l2
CD14 Mono,B intermediate,0.0,pbmc5k_to_pbmc10k,scvi_matched,0,l2
CD16 Mono,B intermediate,0.0,pbmc5k_to_pbmc10k,scvi_matched,0,l2
CD4 CTL,B intermediate,0.0,pbmc5k_to_pbmc10k,scvi_matched,0,l2
CD4 Naive,B intermediate,0.0,pbmc5k_to_pbmc10k,scvi_matched,0,l2
CD4 TCM,B intermediate,0.0,pbmc5k_to_pbmc10k,scvi_matched,0,l2
CD4 TEM,B intermediate,0.0,pbmc5k_to_pbmc10k,scvi_matched,0,l2
CD8 Naive,B intermediate,0.0,pbmc5k_to_pbmc10k,scvi_matched,0,l2
CD8 TCM,B intermediate,0.0,pbmc5k_to_pbmc10k,scvi_matched,0,l2
CD8 TEM,B intermediate,0.0,pbmc5k_to_pbmc10k,scvi_matched,0,l2
Eryth,B intermediate,0.0,pbmc5k_to_pbmc10k,scvi_matched,0,l2
ILC,B intermediate,0.0,pbmc5k_to_pbmc10k,scvi_matched,0,l2
MAIT,B intermediate,0.0,pbmc5k_to_pbmc10k,scvi_matched,0,l2
NK,B intermediate,0.0,pbmc5k_to_pbmc10k,scvi_matched,0,l2
NK_CD56bright,B intermediate,0.0,pbmc5k_to_pbmc10k,scvi_matched,0,l2
Treg,B intermediate,0.0,pbmc5k_to_pbmc10k,scvi_matched,0,l2
cDC2,B intermediate,0.0,pbmc5k_to_pbmc10k,scvi_matched,0,l2
gdT,B intermediate,0.0,pbmc5k_to_pbmc10k,scvi_matched,0,l2
pDC,B intermediate,0.0,pbmc5k_to_pbmc10k,scvi_matched,0,l2
B intermediate,B memory,0.10294117647058823,pbmc5k_to_pbmc10k,scvi_matched,0,l2
B memory,B memory,0.6666666666666666,pbmc5k_to_pbmc10k,scvi_matched,0,l2
B naive,B memory,0.0,pbmc5k_to_pbmc10k,scvi_matched,0,l2
CD14 Mono,B memory,0.0,pbmc5k_to_pbmc10k,scvi_matched,0,l2
CD16 Mono,B memory,0.0,pbmc5k_to_pbmc10k,scvi_matched,0,l2
CD4 CTL,B memory,0.0,pbmc5k_to_pbmc10k,scvi_matched,0,l2
CD4 Naive,B memory,0.0,pbmc5k_to_pbmc10k,scvi_matched,0,l2
CD4 TCM,B memory,0.0,pbmc5k_to_pbmc10k,scvi_matched,0,l2
CD4 TEM,B memory,0.0,pbmc5k_to_pbmc10k,scvi_matched,0,l2
CD8 Naive,B memory,0.0,pbmc5k_to_pbmc10k,scvi_matched,0,l2
CD8 TCM,B memory,0.0,pbmc5k_to_pbmc10k,scvi_matched,0,l2
CD8 TEM,B memory,0.0,pbmc5k_to_pbmc10k,scvi_matched,0,l2
Eryth,B memory,0.0,pbmc5k_to_pbmc10k,scvi_matched,0,l2
ILC,B memory,0.0,pbmc5k_to_pbmc10k,scvi_matched,0,l2
MAIT,B memory,0.0,pbmc5k_to_pbmc10k,scvi_matched,0,l2
NK,B memory,0.0,pbmc5k_to_pbmc10k,scvi_matched,0,l2
NK_CD56bright,B memory,0.0,pbmc5k_to_pbmc10k,scvi_matched,0,l2
Treg,B memory,0.0,pbmc5k_to_pbmc10k,scvi_matched,0,l2
cDC2,B memory,0.0,pbmc5k_to_pbmc10k,scvi_matched,0,l2
gdT,B memory,0.0,pbmc5k_to_pbmc10k,scvi_matched,0,l2
pDC,B memory,0.0,pbmc5k_to_pbmc10k,scvi_matched,0,l2
B intermediate,B naive,0.23529411764705882,pbmc5k_to_pbmc10k,scvi_matched,0,l2
B memory,B naive,0.04040404040404041,pbmc5k_to_pbmc10k,scvi_matched,0,l2
B naive,B naive,0.9904761904761905,pbmc5k_to_pbmc10k,scvi_matched,0,l2
CD14 Mono,B naive,0.0,pbmc5k_to_pbmc10k,scvi_matched,0,l2
CD16 Mono,B naive,0.0,pbmc5k_to_pbmc10k,scvi_matched,0,l2
CD4 CTL,B naive,0.0,pbmc5k_to_pbmc10k,scvi_matched,0,l2
CD4 Naive,B naive,0.0,pbmc5k_to_pbmc10k,scvi_matched,0,l2
CD4 TCM,B naive,0.0,pbmc5k_to_pbmc10k,scvi_matched,0,l2
CD4 TEM,B naive,0.0,pbmc5k_to_pbmc10k,scvi_matched,0,l2
CD8 Naive,B naive,0.0,pbmc5k_to_pbmc10k,scvi_matched,0,l2
CD8 TCM,B naive,0.0,pbmc5k_to_pbmc10k,scvi_matched,0,l2
CD8 TEM,B naive,0.0,pbmc5k_to_pbmc10k,scvi_matched,0,l2
Eryth,B naive,0.0,pbmc5k_to_pbmc10k,scvi_matched,0,l2
ILC,B naive,0.0,pbmc5k_to_pbmc10k,scvi_matched,0,l2
MAIT,B naive,0.0,pbmc5k_to_pbmc10k,scvi_matched,0,l2
NK,B naive,0.0,pbmc5k_to_pbmc10k,scvi_matched,0,l2
NK_CD56bright,B naive,0.0,pbmc5k_to_pbmc10k,scvi_matched,0,l2
Treg,B naive,0.0,pbmc5k_to_pbmc10k,scvi_matched,0,l2
cDC2,B naive,0.0,pbmc5k_to_pbmc10k,scvi_matched,0,l2
gdT,B naive,0.0,pbmc5k_to_pbmc10k,scvi_matched,0,l2
pDC,B naive,0.0,pbmc5k_to_pbmc10k,scvi_matched,0,l2
B intermediate,CD14 Mono,0.0,pbmc5k_to_pbmc10k,scvi_matched,0,l2
B memory,CD14 Mono,0.0,pbmc5k_to_pbmc10k,scvi_matched,0,l2
B naive,CD14 Mono,0.0,pbmc5k_to_pbmc10k,scvi_matched,0,l2
CD14 Mono,CD14 Mono,0.9878738884397736,pbmc5k_to_pbmc10k,scvi_matched,0,l2
CD16 Mono,CD14 Mono,0.04854368932038835,pbmc5k_to_pbmc10k,scvi_matched,0,l2
CD4 CTL,CD14 Mono,0.0,pbmc5k_to_pbmc10k,scvi_matched,0,l2
CD4 Naive,CD14 Mono,0.0,pbmc5k_to_pbmc10k,scvi_matched,0,l2
CD4 TCM,CD14 Mono,0.0,pbmc5k_to_pbmc10k,scvi_matched,0,l2
CD4 TEM,CD14 Mono,0.0,pbmc5k_to_pbmc10k,scvi_matched,0,l2
CD8 Naive,CD14 Mono,0.0,pbmc5k_to_pbmc10k,scvi_matched,0,l2
CD8 TCM,CD14 Mono,0.0,pbmc5k_to_pbmc10k,scvi_matched,0,l2
CD8 TEM,CD14 Mono,0.0,pbmc5k_to_pbmc10k,scvi_matched,0,l2
Eryth,CD14 Mono,0.2986111111111111,pbmc5k_to_pbmc10k,scvi_matched,0,l2
ILC,CD14 Mono,0.0,pbmc5k_to_pbmc10k,scvi_matched,0,l2
MAIT,CD14 Mono,0.0,pbmc5k_to_pbmc10k,scvi_matched,0,l2
NK,CD14 Mono,0.0,pbmc5k_to_pbmc10k,scvi_matched,0,l2
NK_CD56bright,CD14 Mono,0.0,pbmc5k_to_pbmc10k,scvi_matched,0,l2
Treg,CD14 Mono,0.0,pbmc5k_to_pbmc10k,scvi_matched,0,l2
cDC2,CD14 Mono,0.2518518518518518,pbmc5k_to_pbmc10k,scvi_matched,0,l2
gdT,CD14 Mono,0.0,pbmc5k_to_pbmc10k,scvi_matched,0,l2
pDC,CD14 Mono,0.0,pbmc5k_to_pbmc10k,scvi_matched,0,l2
B intermediate,CD16 Mono,0.014705882352941176,pbmc5k_to_pbmc10k,scvi_matched,0,l2
B memory,CD16 Mono,0.0,pbmc5k_to_pbmc10k,scvi_matched,0,l2
B naive,CD16 Mono,0.0,pbmc5k_to_pbmc10k,scvi_matched,0,l2
CD14 Mono,CD16 Mono,0.0,pbmc5k_to_pbmc10k,scvi_matched,0,l2
CD16 Mono,CD16 Mono,0.941747572815534,pbmc5k_to_pbmc10k,scvi_matched,0,l2
CD4 CTL,CD16 Mono,0.0,pbmc5k_to_pbmc10k,scvi_matched,0,l2
CD4 Naive,CD16 Mono,0.0,pbmc5k_to_pbmc10k,scvi_matched,0,l2
CD4 TCM,CD16 Mono,0.0,pbmc5k_to_pbmc10k,scvi_matched,0,l2
CD4 TEM,CD16 Mono,0.0,pbmc5k_to_pbmc10k,scvi_matched,0,l2
CD8 Naive,CD16 Mono,0.0,pbmc5k_to_pbmc10k,scvi_matched,0,l2
CD8 TCM,CD16 Mono,0.0,pbmc5k_to_pbmc10k,scvi_matched,0,l2
CD8 TEM,CD16 Mono,0.0,pbmc5k_to_pbmc10k,scvi_matched,0,l2
Eryth,CD16 Mono,0.0,pbmc5k_to_pbmc10k,scvi_matched,0,l2
ILC,CD16 Mono,0.0,pbmc5k_to_pbmc10k,scvi_matched,0,l2
MAIT,CD16 Mono,0.0,pbmc5k_to_pbmc10k,scvi_matched,0,l2
NK,CD16 Mono,0.0,pbmc5k_to_pbmc10k,scvi_matched,0,l2
NK_CD56bright,CD16 Mono,0.0,pbmc5k_to_pbmc10k,scvi_matched,0,l2
Treg,CD16 Mono,0.0,pbmc5k_to_pbmc10k,scvi_matched,0,l2
cDC2,CD16 Mono,0.007407407407407408,pbmc5k_to_pbmc10k,scvi_matched,0,l2
gdT,CD16 Mono,0.0,pbmc5k_to_pbmc10k,scvi_matched,0,l2
pDC,CD16 Mono,0.0,pbmc5k_to_pbmc10k,scvi_matched,0,l2
B intermediate,CD4 CTL,0.0,pbmc5k_to_pbmc10k,scvi_matched,0,l2
B memory,CD4 CTL,0.0,pbmc5k_to_pbmc10k,scvi_matched,0,l2
B naive,CD4 CTL,0.0,pbmc5k_to_pbmc10k,scvi_matched,0,l2
CD14 Mono,CD4 CTL,0.0,pbmc5k_to_pbmc10k,scvi_matched,0,l2
CD16 Mono,CD4 CTL,0.0,pbmc5k_to_pbmc10k,scvi_matched,0,l2
CD4 CTL,CD4 CTL,0.0,pbmc5k_to_pbmc10k,scvi_matched,0,l2
CD4 Naive,CD4 CTL,0.0,pbmc5k_to_pbmc10k,scvi_matched,0,l2
CD4 TCM,CD4 CTL,0.0,pbmc5k_to_pbmc10k,scvi_matched,0,l2
CD4 TEM,CD4 CTL,0.0,pbmc5k_to_pbmc10k,scvi_matched,0,l2
CD8 Naive,CD4 CTL,0.0,pbmc5k_to_pbmc10k,scvi_matched,0,l2
CD8 TCM,CD4 CTL,0.0,pbmc5k_to_pbmc10k,scvi_matched,0,l2
CD8 TEM,CD4 CTL,0.0,pbmc5k_to_pbmc10k,scvi_matched,0,l2
Eryth,CD4 CTL,0.0,pbmc5k_to_pbmc10k,scvi_matched,0,l2
ILC,CD4 CTL,0.0,pbmc5k_to_pbmc10k,scvi_matched,0,l2
MAIT,CD4 CTL,0.0,pbmc5k_to_pbmc10k,scvi_matched,0,l2
NK,CD4 CTL,0.0,pbmc5k_to_pbmc10k,scvi_matched,0,l2
NK_CD56bright,CD4 CTL,0.0,pbmc5k_to_pbmc10k,scvi_matched,0,l2
Treg,CD4 CTL,0.0,pbmc5k_to_pbmc10k,scvi_matched,0,l2
cDC2,CD4 CTL,0.0,pbmc5k_to_pbmc10k,scvi_matched,0,l2
gdT,CD4 CTL,0.0,pbmc5k_to_pbmc10k,scvi_matched,0,l2
pDC,CD4 CTL,0.0,pbmc5k_to_pbmc10k,scvi_matched,0,l2
B intermediate,CD4 Naive,0.0,pbmc5k_to_pbmc10k,scvi_matched,0,l2
B memory,CD4 Naive,0.0,pbmc5k_to_pbmc10k,scvi_matched,0,l2
B naive,CD4 Naive,0.0,pbmc5k_to_pbmc10k,scvi_matched,0,l2
CD14 Mono,CD4 Naive,0.0,pbmc5k_to_pbmc10k,scvi_matched,0,l2
CD16 Mono,CD4 Naive,0.0,pbmc5k_to_pbmc10k,scvi_matched,0,l2
CD4 CTL,CD4 Naive,0.0,pbmc5k_to_pbmc10k,scvi_matched,0,l2
CD4 Naive,CD4 Naive,0.9748427672955975,pbmc5k_to_pbmc10k,scvi_matched,0,l2
CD4 TCM,CD4 Naive,0.09310344827586207,pbmc5k_to_pbmc10k,scvi_matched,0,l2
CD4 TEM,CD4 Naive,0.0,pbmc5k_to_pbmc10k,scvi_matched,0,l2
CD8 Naive,CD4 Naive,0.596875,pbmc5k_to_pbmc10k,scvi_matched,0,l2
CD8 TCM,CD4 Naive,0.09090909090909091,pbmc5k_to_pbmc10k,scvi_matched,0,l2
CD8 TEM,CD4 Naive,0.0,pbmc5k_to_pbmc10k,scvi_matched,0,l2
Eryth,CD4 Naive,0.0,pbmc5k_to_pbmc10k,scvi_matched,0,l2
ILC,CD4 Naive,0.0,pbmc5k_to_pbmc10k,scvi_matched,0,l2
MAIT,CD4 Naive,0.0,pbmc5k_to_pbmc10k,scvi_matched,0,l2
NK,CD4 Naive,0.0,pbmc5k_to_pbmc10k,scvi_matched,0,l2
NK_CD56bright,CD4 Naive,0.0,pbmc5k_to_pbmc10k,scvi_matched,0,l2
Treg,CD4 Naive,0.3070539419087137,pbmc5k_to_pbmc10k,scvi_matched,0,l2
cDC2,CD4 Naive,0.0,pbmc5k_to_pbmc10k,scvi_matched,0,l2
gdT,CD4 Naive,0.01694915254237288,pbmc5k_to_pbmc10k,scvi_matched,0,l2
pDC,CD4 Naive,0.0,pbmc5k_to_pbmc10k,scvi_matched,0,l2
B intermediate,CD4 TCM,0.0,pbmc5k_to_pbmc10k,scvi_matched,0,l2
B memory,CD4 TCM,0.0,pbmc5k_to_pbmc10k,scvi_matched,0,l2
B naive,CD4 TCM,0.0,pbmc5k_to_pbmc10k,scvi_matched,0,l2
CD14 Mono,CD4 TCM,0.0,pbmc5k_to_pbmc10k,scvi_matched,0,l2
CD16 Mono,CD4 TCM,0.0,pbmc5k_to_pbmc10k,scvi_matched,0,l2
CD4 CTL,CD4 TCM,0.0,pbmc5k_to_pbmc10k,scvi_matched,0,l2
CD4 Naive,CD4 TCM,0.006289308176100629,pbmc5k_to_pbmc10k,scvi_matched,0,l2
CD4 TCM,CD4 TCM,0.6931034482758621,pbmc5k_to_pbmc10k,scvi_matched,0,l2
CD4 TEM,CD4 TCM,0.12099644128113879,pbmc5k_to_pbmc10k,scvi_matched,0,l2
CD8 Naive,CD4 TCM,0.00625,pbmc5k_to_pbmc10k,scvi_matched,0,l2
CD8 TCM,CD4 TCM,0.22077922077922077,pbmc5k_to_pbmc10k,scvi_matched,0,l2
CD8 TEM,CD4 TCM,0.0040650406504065045,pbmc5k_to_pbmc10k,scvi_matched,0,l2
Eryth,CD4 TCM,0.0,pbmc5k_to_pbmc10k,scvi_matched,0,l2
ILC,CD4 TCM,0.3076923076923077,pbmc5k_to_pbmc10k,scvi_matched,0,l2
MAIT,CD4 TCM,0.0,pbmc5k_to_pbmc10k,scvi_matched,0,l2
NK,CD4 TCM,0.0,pbmc5k_to_pbmc10k,scvi_matched,0,l2
NK_CD56bright,CD4 TCM,0.0,pbmc5k_to_pbmc10k,scvi_matched,0,l2
Treg,CD4 TCM,0.12863070539419086,pbmc5k_to_pbmc10k,scvi_matched,0,l2
cDC2,CD4 TCM,0.0,pbmc5k_to_pbmc10k,scvi_matched,0,l2
gdT,CD4 TCM,0.05084745762711865,pbmc5k_to_pbmc10k,scvi_matched,0,l2
pDC,CD4 TCM,0.0,pbmc5k_to_pbmc10k,scvi_matched,0,l2
B intermediate,CD4 TEM,0.0,pbmc5k_to_pbmc10k,scvi_matched,0,l2
B memory,CD4 TEM,0.0,pbmc5k_to_pbmc10k,scvi_matched,0,l2
B naive,CD4 TEM,0.0,pbmc5k_to_pbmc10k,scvi_matched,0,l2
CD14 Mono,CD4 TEM,0.0,pbmc5k_to_pbmc10k,scvi_matched,0,l2
CD16 Mono,CD4 TEM,0.0,pbmc5k_to_pbmc10k,scvi_matched,0,l2
CD4 CTL,CD4 TEM,0.041666666666666664,pbmc5k_to_pbmc10k,scvi_matched,0,l2
CD4 Naive,CD4 TEM,0.0,pbmc5k_to_pbmc10k,scvi_matched,0,l2
CD4 TCM,CD4 TEM,0.0603448275862069,pbmc5k_to_pbmc10k,scvi_matched,0,l2
CD4 TEM,CD4 TEM,0.6868327402135231,pbmc5k_to_pbmc10k,scvi_matched,0,l2
CD8 Naive,CD4 TEM,0.0,pbmc5k_to_pbmc10k,scvi_matched,0,l2
CD8 TCM,CD4 TEM,0.3116883116883117,pbmc5k_to_pbmc10k,scvi_matched,0,l2
CD8 TEM,CD4 TEM,0.0,pbmc5k_to_pbmc10k,scvi_matched,0,l2
Eryth,CD4 TEM,0.0,pbmc5k_to_pbmc10k,scvi_matched,0,l2
ILC,CD4 TEM,0.4461538461538462,pbmc5k_to_pbmc10k,scvi_matched,0,l2
MAIT,CD4 TEM,0.3342696629213483,pbmc5k_to_pbmc10k,scvi_matched,0,l2
NK,CD4 TEM,0.0,pbmc5k_to_pbmc10k,scvi_matched,0,l2
NK_CD56bright,CD4 TEM,0.0,pbmc5k_to_pbmc10k,scvi_matched,0,l2
Treg,CD4 TEM,0.0,pbmc5k_to_pbmc10k,scvi_matched,0,l2
cDC2,CD4 TEM,0.0,pbmc5k_to_pbmc10k,scvi_matched,0,l2
gdT,CD4 TEM,0.01694915254237288,pbmc5k_to_pbmc10k,scvi_matched,0,l2
pDC,CD4 TEM,0.0,pbmc5k_to_pbmc10k,scvi_matched,0,l2
B intermediate,CD8 Naive,0.0,pbmc5k_to_pbmc10k,scvi_matched,0,l2
B memory,CD8 Naive,0.0,pbmc5k_to_pbmc10k,scvi_matched,0,l2
B naive,CD8 Naive,0.0,pbmc5k_to_pbmc10k,scvi_matched,0,l2
CD14 Mono,CD8 Naive,0.0,pbmc5k_to_pbmc10k,scvi_matched,0,l2
CD16 Mono,CD8 Naive,0.0,pbmc5k_to_pbmc10k,scvi_matched,0,l2
CD4 CTL,CD8 Naive,0.0,pbmc5k_to_pbmc10k,scvi_matched,0,l2
CD4 Naive,CD8 Naive,0.006289308176100629,pbmc5k_to_pbmc10k,scvi_matched,0,l2
CD4 TCM,CD8 Naive,0.0017241379310344827,pbmc5k_to_pbmc10k,scvi_matched,0,l2
CD4 TEM,CD8 Naive,0.0,pbmc5k_to_pbmc10k,scvi_matched,0,l2
CD8 Naive,CD8 Naive,0.38125,pbmc5k_to_pbmc10k,scvi_matched,0,l2
CD8 TCM,CD8 Naive,0.05194805194805195,pbmc5k_to_pbmc10k,scvi_matched,0,l2
CD8 TEM,CD8 Naive,0.0,pbmc5k_to_pbmc10k,scvi_matched,0,l2
Eryth,CD8 Naive,0.0,pbmc5k_to_pbmc10k,scvi_matched,0,l2
ILC,CD8 Naive,0.0,pbmc5k_to_pbmc10k,scvi_matched,0,l2
MAIT,CD8 Naive,0.0,pbmc5k_to_pbmc10k,scvi_matched,0,l2
NK,CD8 Naive,0.0,pbmc5k_to_pbmc10k,scvi_matched,0,l2
NK_CD56bright,CD8 Naive,0.0,pbmc5k_to_pbmc10k,scvi_matched,0,l2
Treg,CD8 Naive,0.012448132780082987,pbmc5k_to_pbmc10k,scvi_matched,0,l2
cDC2,CD8 Naive,0.0,pbmc5k_to_pbmc10k,scvi_matched,0,l2
gdT,CD8 Naive,0.13559322033898305,pbmc5k_to_pbmc10k,scvi_matched,0,l2
pDC,CD8 Naive,0.0,pbmc5k_to_pbmc10k,scvi_matched,0,l2
B intermediate,CD8 TCM,0.0,pbmc5k_to_pbmc10k,scvi_matched,0,l2
B memory,CD8 TCM,0.0,pbmc5k_to_pbmc10k,scvi_matched,0,l2
B naive,CD8 TCM,0.0,pbmc5k_to_pbmc10k,scvi_matched,0,l2
CD14 Mono,CD8 TCM,0.0,pbmc5k_to_pbmc10k,scvi_matched,0,l2
CD16 Mono,CD8 TCM,0.0,pbmc5k_to_pbmc10k,scvi_matched,0,l2
CD4 CTL,CD8 TCM,0.0,pbmc5k_to_pbmc10k,scvi_matched,0,l2
CD4 Naive,CD8 TCM,0.0,pbmc5k_to_pbmc10k,scvi_matched,0,l2
CD4 TCM,CD8 TCM,0.0,pbmc5k_to_pbmc10k,scvi_matched,0,l2
CD4 TEM,CD8 TCM,0.0035587188612099642,pbmc5k_to_pbmc10k,scvi_matched,0,l2
CD8 Naive,CD8 TCM,0.0,pbmc5k_to_pbmc10k,scvi_matched,0,l2
CD8 TCM,CD8 TCM,0.09090909090909091,pbmc5k_to_pbmc10k,scvi_matched,0,l2
CD8 TEM,CD8 TCM,0.008130081300813009,pbmc5k_to_pbmc10k,scvi_matched,0,l2
Eryth,CD8 TCM,0.0,pbmc5k_to_pbmc10k,scvi_matched,0,l2
ILC,CD8 TCM,0.015384615384615385,pbmc5k_to_pbmc10k,scvi_matched,0,l2
MAIT,CD8 TCM,0.0,pbmc5k_to_pbmc10k,scvi_matched,0,l2
NK,CD8 TCM,0.0,pbmc5k_to_pbmc10k,scvi_matched,0,l2
NK_CD56bright,CD8 TCM,0.0,pbmc5k_to_pbmc10k,scvi_matched,0,l2
Treg,CD8 TCM,0.0,pbmc5k_to_pbmc10k,scvi_matched,0,l2
cDC2,CD8 TCM,0.0,pbmc5k_to_pbmc10k,scvi_matched,0,l2
gdT,CD8 TCM,0.05084745762711865,pbmc5k_to_pbmc10k,scvi_matched,0,l2
pDC,CD8 TCM,0.0,pbmc5k_to_pbmc10k,scvi_matched,0,l2
B intermediate,CD8 TEM,0.0,pbmc5k_to_pbmc10k,scvi_matched,0,l2
B memory,CD8 TEM,0.0,pbmc5k_to_pbmc10k,scvi_matched,0,l2
B naive,CD8 TEM,0.0,pbmc5k_to_pbmc10k,scvi_matched,0,l2
CD14 Mono,CD8 TEM,0.0,pbmc5k_to_pbmc10k,scvi_matched,0,l2
CD16 Mono,CD8 TEM,0.0,pbmc5k_to_pbmc10k,scvi_matched,0,l2
CD4 CTL,CD8 TEM,0.7083333333333334,pbmc5k_to_pbmc10k,scvi_matched,0,l2
CD4 Naive,CD8 TEM,0.0,pbmc5k_to_pbmc10k,scvi_matched,0,l2
CD4 TCM,CD8 TEM,0.0,pbmc5k_to_pbmc10k,scvi_matched,0,l2
CD4 TEM,CD8 TEM,0.05693950177935943,pbmc5k_to_pbmc10k,scvi_matched,0,l2
CD8 Naive,CD8 TEM,0.0,pbmc5k_to_pbmc10k,scvi_matched,0,l2
CD8 TCM,CD8 TEM,0.03896103896103896,pbmc5k_to_pbmc10k,scvi_matched,0,l2
CD8 TEM,CD8 TEM,0.8373983739837398,pbmc5k_to_pbmc10k,scvi_matched,0,l2
Eryth,CD8 TEM,0.0,pbmc5k_to_pbmc10k,scvi_matched,0,l2
ILC,CD8 TEM,0.0,pbmc5k_to_pbmc10k,scvi_matched,0,l2
MAIT,CD8 TEM,0.019662921348314606,pbmc5k_to_pbmc10k,scvi_matched,0,l2
NK,CD8 TEM,0.0,pbmc5k_to_pbmc10k,scvi_matched,0,l2
NK_CD56bright,CD8 TEM,0.0,pbmc5k_to_pbmc10k,scvi_matched,0,l2
Treg,CD8 TEM,0.0,pbmc5k_to_pbmc10k,scvi_matched,0,l2
cDC2,CD8 TEM,0.0,pbmc5k_to_pbmc10k,scvi_matched,0,l2
gdT,CD8 TEM,0.1016949152542373,pbmc5k_to_pbmc10k,scvi_matched,0,l2
pDC,CD8 TEM,0.0,pbmc5k_to_pbmc10k,scvi_matched,0,l2
B intermediate,Eryth,0.0,pbmc5k_to_pbmc10k,scvi_matched,0,l2
B memory,Eryth,0.0,pbmc5k_to_pbmc10k,scvi_matched,0,l2
B naive,Eryth,0.0,pbmc5k_to_pbmc10k,scvi_matched,0,l2
CD14 Mono,Eryth,0.010509296685529508,pbmc5k_to_pbmc10k,scvi_matched,0,l2
CD16 Mono,Eryth,0.0,pbmc5k_to_pbmc10k,scvi_matched,0,l2
CD4 CTL,Eryth,0.0,pbmc5k_to_pbmc10k,scvi_matched,0,l2
CD4 Naive,Eryth,0.0,pbmc5k_to_pbmc10k,scvi_matched,0,l2
CD4 TCM,Eryth,0.0,pbmc5k_to_pbmc10k,scvi_matched,0,l2
CD4 TEM,Eryth,0.0,pbmc5k_to_pbmc10k,scvi_matched,0,l2
CD8 Naive,Eryth,0.0,pbmc5k_to_pbmc10k,scvi_matched,0,l2
CD8 TCM,Eryth,0.0,pbmc5k_to_pbmc10k,scvi_matched,0,l2
CD8 TEM,Eryth,0.0,pbmc5k_to_pbmc10k,scvi_matched,0,l2
Eryth,Eryth,0.7013888888888888,pbmc5k_to_pbmc10k,scvi_matched,0,l2
ILC,Eryth,0.0,pbmc5k_to_pbmc10k,scvi_matched,0,l2
MAIT,Eryth,0.0,pbmc5k_to_pbmc10k,scvi_matched,0,l2
NK,Eryth,0.0,pbmc5k_to_pbmc10k,scvi_matched,0,l2
NK_CD56bright,Eryth,0.0,pbmc5k_to_pbmc10k,scvi_matched,0,l2
Treg,Eryth,0.0,pbmc5k_to_pbmc10k,scvi_matched,0,l2
cDC2,Eryth,0.0,pbmc5k_to_pbmc10k,scvi_matched,0,l2
gdT,Eryth,0.0,pbmc5k_to_pbmc10k,scvi_matched,0,l2
pDC,Eryth,0.0,pbmc5k_to_pbmc10k,scvi_matched,0,l2
B intermediate,ILC,0.0,pbmc5k_to_pbmc10k,scvi_matched,0,l2
B memory,ILC,0.0,pbmc5k_to_pbmc10k,scvi_matched,0,l2
B naive,ILC,0.0,pbmc5k_to_pbmc10k,scvi_matched,0,l2
CD14 Mono,ILC,0.0,pbmc5k_to_pbmc10k,scvi_matched,0,l2
CD16 Mono,ILC,0.0,pbmc5k_to_pbmc10k,scvi_matched,0,l2
CD4 CTL,ILC,0.0,pbmc5k_to_pbmc10k,scvi_matched,0,l2
CD4 Naive,ILC,0.0,pbmc5k_to_pbmc10k,scvi_matched,0,l2
CD4 TCM,ILC,0.0017241379310344827,pbmc5k_to_pbmc10k,scvi_matched,0,l2
CD4 TEM,ILC,0.0071174377224199285,pbmc5k_to_pbmc10k,scvi_matched,0,l2
CD8 Naive,ILC,0.0,pbmc5k_to_pbmc10k,scvi_matched,0,l2
CD8 TCM,ILC,0.012987012987012988,pbmc5k_to_pbmc10k,scvi_matched,0,l2
CD8 TEM,ILC,0.0040650406504065045,pbmc5k_to_pbmc10k,scvi_matched,0,l2
Eryth,ILC,0.0,pbmc5k_to_pbmc10k,scvi_matched,0,l2
ILC,ILC,0.16923076923076924,pbmc5k_to_pbmc10k,scvi_matched,0,l2
MAIT,ILC,0.014044943820224719,pbmc5k_to_pbmc10k,scvi_matched,0,l2
NK,ILC,0.0,pbmc5k_to_pbmc10k,scvi_matched,0,l2
NK_CD56bright,ILC,0.0,pbmc5k_to_pbmc10k,scvi_matched,0,l2
Treg,ILC,0.0,pbmc5k_to_pbmc10k,scvi_matched,0,l2
cDC2,ILC,0.0,pbmc5k_to_pbmc10k,scvi_matched,0,l2
gdT,ILC,0.0,pbmc5k_to_pbmc10k,scvi_matched,0,l2
pDC,ILC,0.0,pbmc5k_to_pbmc10k,scvi_matched,0,l2
B intermediate,MAIT,0.0,pbmc5k_to_pbmc10k,scvi_matched,0,l2
B memory,MAIT,0.0,pbmc5k_to_pbmc10k,scvi_matched,0,l2
B naive,MAIT,0.0,pbmc5k_to_pbmc10k,scvi_matched,0,l2
CD14 Mono,MAIT,0.0,pbmc5k_to_pbmc10k,scvi_matched,0,l2
CD16 Mono,MAIT,0.0,pbmc5k_to_pbmc10k,scvi_matched,0,l2
CD4 CTL,MAIT,0.0,pbmc5k_to_pbmc10k,scvi_matched,0,l2
CD4 Naive,MAIT,0.0,pbmc5k_to_pbmc10k,scvi_matched,0,l2
CD4 TCM,MAIT,0.0,pbmc5k_to_pbmc10k,scvi_matched,0,l2
CD4 TEM,MAIT,0.0,pbmc5k_to_pbmc10k,scvi_matched,0,l2
CD8 Naive,MAIT,0.0,pbmc5k_to_pbmc10k,scvi_matched,0,l2
CD8 TCM,MAIT,0.0,pbmc5k_to_pbmc10k,scvi_matched,0,l2
CD8 TEM,MAIT,0.0,pbmc5k_to_pbmc10k,scvi_matched,0,l2
Eryth,MAIT,0.0,pbmc5k_to_pbmc10k,scvi_matched,0,l2
ILC,MAIT,0.0,pbmc5k_to_pbmc10k,scvi_matched,0,l2
MAIT,MAIT,0.0702247191011236,pbmc5k_to_pbmc10k,scvi_matched,0,l2
NK,MAIT,0.0,pbmc5k_to_pbmc10k,scvi_matched,0,l2
NK_CD56bright,MAIT,0.0,pbmc5k_to_pbmc10k,scvi_matched,0,l2
Treg,MAIT,0.0,pbmc5k_to_pbmc10k,scvi_matched,0,l2
cDC2,MAIT,0.0,pbmc5k_to_pbmc10k,scvi_matched,0,l2
gdT,MAIT,0.0,pbmc5k_to_pbmc10k,scvi_matched,0,l2
pDC,MAIT,0.0,pbmc5k_to_pbmc10k,scvi_matched,0,l2
B intermediate,NK,0.0,pbmc5k_to_pbmc10k,scvi_matched,0,l2
B memory,NK,0.0,pbmc5k_to_pbmc10k,scvi_matched,0,l2
B naive,NK,0.0,pbmc5k_to_pbmc10k,scvi_matched,0,l2
CD14 Mono,NK,0.0008084074373484236,pbmc5k_to_pbmc10k,scvi_matched,0,l2
CD16 Mono,NK,0.0,pbmc5k_to_pbmc10k,scvi_matched,0,l2
CD4 CTL,NK,0.08333333333333333,pbmc5k_to_pbmc10k,scvi_matched,0,l2
CD4 Naive,NK,0.0,pbmc5k_to_pbmc10k,scvi_matched,0,l2
CD4 TCM,NK,0.0,pbmc5k_to_pbmc10k,scvi_matched,0,l2
CD4 TEM,NK,0.0,pbmc5k_to_pbmc10k,scvi_matched,0,l2
CD8 Naive,NK,0.0,pbmc5k_to_pbmc10k,scvi_matched,0,l2
CD8 TCM,NK,0.0,pbmc5k_to_pbmc10k,scvi_matched,0,l2
CD8 TEM,NK,0.036585365853658534,pbmc5k_to_pbmc10k,scvi_matched,0,l2
Eryth,NK,0.0,pbmc5k_to_pbmc10k,scvi_matched,0,l2
ILC,NK,0.0,pbmc5k_to_pbmc10k,scvi_matched,0,l2
MAIT,NK,0.0028089887640449437,pbmc5k_to_pbmc10k,scvi_matched,0,l2
NK,NK,0.9960526315789474,pbmc5k_to_pbmc10k,scvi_matched,0,l2
NK_CD56bright,NK,0.08571428571428572,pbmc5k_to_pbmc10k,scvi_matched,0,l2
Treg,NK,0.0,pbmc5k_to_pbmc10k,scvi_matched,0,l2
cDC2,NK,0.0,pbmc5k_to_pbmc10k,scvi_matched,0,l2
gdT,NK,0.0,pbmc5k_to_pbmc10k,scvi_matched,0,l2
pDC,NK,0.0,pbmc5k_to_pbmc10k,scvi_matched,0,l2
B intermediate,NK_CD56bright,0.0,pbmc5k_to_pbmc10k,scvi_matched,0,l2
B memory,NK_CD56bright,0.0,pbmc5k_to_pbmc10k,scvi_matched,0,l2
B naive,NK_CD56bright,0.0,pbmc5k_to_pbmc10k,scvi_matched,0,l2
CD14 Mono,NK_CD56bright,0.0,pbmc5k_to_pbmc10k,scvi_matched,0,l2
CD16 Mono,NK_CD56bright,0.0,pbmc5k_to_pbmc10k,scvi_matched,0,l2
CD4 CTL,NK_CD56bright,0.0,pbmc5k_to_pbmc10k,scvi_matched,0,l2
CD4 Naive,NK_CD56bright,0.0,pbmc5k_to_pbmc10k,scvi_matched,0,l2
CD4 TCM,NK_CD56bright,0.0,pbmc5k_to_pbmc10k,scvi_matched,0,l2
CD4 TEM,NK_CD56bright,0.0,pbmc5k_to_pbmc10k,scvi_matched,0,l2
CD8 Naive,NK_CD56bright,0.0,pbmc5k_to_pbmc10k,scvi_matched,0,l2
CD8 TCM,NK_CD56bright,0.0,pbmc5k_to_pbmc10k,scvi_matched,0,l2
CD8 TEM,NK_CD56bright,0.0,pbmc5k_to_pbmc10k,scvi_matched,0,l2
Eryth,NK_CD56bright,0.0,pbmc5k_to_pbmc10k,scvi_matched,0,l2
ILC,NK_CD56bright,0.03076923076923077,pbmc5k_to_pbmc10k,scvi_matched,0,l2
MAIT,NK_CD56bright,0.0,pbmc5k_to_pbmc10k,scvi_matched,0,l2
NK,NK_CD56bright,0.0,pbmc5k_to_pbmc10k,scvi_matched,0,l2
NK_CD56bright,NK_CD56bright,0.8571428571428571,pbmc5k_to_pbmc10k,scvi_matched,0,l2
Treg,NK_CD56bright,0.0,pbmc5k_to_pbmc10k,scvi_matched,0,l2
cDC2,NK_CD56bright,0.0,pbmc5k_to_pbmc10k,scvi_matched,0,l2
gdT,NK_CD56bright,0.01694915254237288,pbmc5k_to_pbmc10k,scvi_matched,0,l2
pDC,NK_CD56bright,0.0,pbmc5k_to_pbmc10k,scvi_matched,0,l2
B intermediate,Treg,0.0,pbmc5k_to_pbmc10k,scvi_matched,0,l2
B memory,Treg,0.0,pbmc5k_to_pbmc10k,scvi_matched,0,l2
B naive,Treg,0.0,pbmc5k_to_pbmc10k,scvi_matched,0,l2
CD14 Mono,Treg,0.0,pbmc5k_to_pbmc10k,scvi_matched,0,l2
CD16 Mono,Treg,0.0,pbmc5k_to_pbmc10k,scvi_matched,0,l2
CD4 CTL,Treg,0.0,pbmc5k_to_pbmc10k,scvi_matched,0,l2
CD4 Naive,Treg,0.012578616352201259,pbmc5k_to_pbmc10k,scvi_matched,0,l2
CD4 TCM,Treg,0.15,pbmc5k_to_pbmc10k,scvi_matched,0,l2
CD4 TEM,Treg,0.12455516014234876,pbmc5k_to_pbmc10k,scvi_matched,0,l2
CD8 Naive,Treg,0.015625,pbmc5k_to_pbmc10k,scvi_matched,0,l2
CD8 TCM,Treg,0.16883116883116883,pbmc5k_to_pbmc10k,scvi_matched,0,l2
CD8 TEM,Treg,0.016260162601626018,pbmc5k_to_pbmc10k,scvi_matched,0,l2
Eryth,Treg,0.0,pbmc5k_to_pbmc10k,scvi_matched,0,l2
ILC,Treg,0.03076923076923077,pbmc5k_to_pbmc10k,scvi_matched,0,l2
MAIT,Treg,0.0,pbmc5k_to_pbmc10k,scvi_matched,0,l2
NK,Treg,0.0,pbmc5k_to_pbmc10k,scvi_matched,0,l2
NK_CD56bright,Treg,0.0,pbmc5k_to_pbmc10k,scvi_matched,0,l2
Treg,Treg,0.5518672199170125,pbmc5k_to_pbmc10k,scvi_matched,0,l2
cDC2,Treg,0.0,pbmc5k_to_pbmc10k,scvi_matched,0,l2
gdT,Treg,0.06779661016949153,pbmc5k_to_pbmc10k,scvi_matched,0,l2
pDC,Treg,0.0,pbmc5k_to_pbmc10k,scvi_matched,0,l2
B intermediate,cDC2,0.0,pbmc5k_to_pbmc10k,scvi_matched,0,l2
B memory,cDC2,0.0,pbmc5k_to_pbmc10k,scvi_matched,0,l2
B naive,cDC2,0.0,pbmc5k_to_pbmc10k,scvi_matched,0,l2
CD14 Mono,cDC2,0.0008084074373484236,pbmc5k_to_pbmc10k,scvi_matched,0,l2
CD16 Mono,cDC2,0.009708737864077669,pbmc5k_to_pbmc10k,scvi_matched,0,l2
CD4 CTL,cDC2,0.0,pbmc5k_to_pbmc10k,scvi_matched,0,l2
CD4 Naive,cDC2,0.0,pbmc5k_to_pbmc10k,scvi_matched,0,l2
CD4 TCM,cDC2,0.0,pbmc5k_to_pbmc10k,scvi_matched,0,l2
CD4 TEM,cDC2,0.0,pbmc5k_to_pbmc10k,scvi_matched,0,l2
CD8 Naive,cDC2,0.0,pbmc5k_to_pbmc10k,scvi_matched,0,l2
CD8 TCM,cDC2,0.0,pbmc5k_to_pbmc10k,scvi_matched,0,l2
CD8 TEM,cDC2,0.0,pbmc5k_to_pbmc10k,scvi_matched,0,l2
Eryth,cDC2,0.0,pbmc5k_to_pbmc10k,scvi_matched,0,l2
ILC,cDC2,0.0,pbmc5k_to_pbmc10k,scvi_matched,0,l2
MAIT,cDC2,0.0,pbmc5k_to_pbmc10k,scvi_matched,0,l2
NK,cDC2,0.0,pbmc5k_to_pbmc10k,scvi_matched,0,l2
NK_CD56bright,cDC2,0.0,pbmc5k_to_pbmc10k,scvi_matched,0,l2
Treg,cDC2,0.0,pbmc5k_to_pbmc10k,scvi_matched,0,l2
cDC2,cDC2,0.7407407407407407,pbmc5k_to_pbmc10k,scvi_matched,0,l2
gdT,cDC2,0.0,pbmc5k_to_pbmc10k,scvi_matched,0,l2
pDC,cDC2,0.0,pbmc5k_to_pbmc10k,scvi_matched,0,l2
B intermediate,gdT,0.0,pbmc5k_to_pbmc10k,scvi_matched,0,l2
B memory,gdT,0.0,pbmc5k_to_pbmc10k,scvi_matched,0,l2
B naive,gdT,0.0,pbmc5k_to_pbmc10k,scvi_matched,0,l2
CD14 Mono,gdT,0.0,pbmc5k_to_pbmc10k,scvi_matched,0,l2
CD16 Mono,gdT,0.0,pbmc5k_to_pbmc10k,scvi_matched,0,l2
CD4 CTL,gdT,0.16666666666666666,pbmc5k_to_pbmc10k,scvi_matched,0,l2
CD4 Naive,gdT,0.0,pbmc5k_to_pbmc10k,scvi_matched,0,l2
CD4 TCM,gdT,0.0,pbmc5k_to_pbmc10k,scvi_matched,0,l2
CD4 TEM,gdT,0.0,pbmc5k_to_pbmc10k,scvi_matched,0,l2
CD8 Naive,gdT,0.0,pbmc5k_to_pbmc10k,scvi_matched,0,l2
CD8 TCM,gdT,0.012987012987012988,pbmc5k_to_pbmc10k,scvi_matched,0,l2
CD8 TEM,gdT,0.09349593495934959,pbmc5k_to_pbmc10k,scvi_matched,0,l2
Eryth,gdT,0.0,pbmc5k_to_pbmc10k,scvi_matched,0,l2
ILC,gdT,0.0,pbmc5k_to_pbmc10k,scvi_matched,0,l2
MAIT,gdT,0.5589887640449438,pbmc5k_to_pbmc10k,scvi_matched,0,l2
NK,gdT,0.002631578947368421,pbmc5k_to_pbmc10k,scvi_matched,0,l2
NK_CD56bright,gdT,0.05714285714285714,pbmc5k_to_pbmc10k,scvi_matched,0,l2
Treg,gdT,0.0,pbmc5k_to_pbmc10k,scvi_matched,0,l2
cDC2,gdT,0.0,pbmc5k_to_pbmc10k,scvi_matched,0,l2
gdT,gdT,0.5423728813559322,pbmc5k_to_pbmc10k,scvi_matched,0,l2
pDC,gdT,0.0,pbmc5k_to_pbmc10k,scvi_matched,0,l2
B intermediate,pDC,0.0,pbmc5k_to_pbmc10k,scvi_matched,0,l2
B memory,pDC,0.0,pbmc5k_to_pbmc10k,scvi_matched,0,l2
B naive,pDC,0.0,pbmc5k_to_pbmc10k,scvi_matched,0,l2
CD14 Mono,pDC,0.0,pbmc5k_to_pbmc10k,scvi_matched,0,l2
CD16 Mono,pDC,0.0,pbmc5k_to_pbmc10k,scvi_matched,0,l2
CD4 CTL,pDC,0.0,pbmc5k_to_pbmc10k,scvi_matched,0,l2
CD4 Naive,pDC,0.0,pbmc5k_to_pbmc10k,scvi_matched,0,l2
CD4 TCM,pDC,0.0,pbmc5k_to_pbmc10k,scvi_matched,0,l2
CD4 TEM,pDC,0.0,pbmc5k_to_pbmc10k,scvi_matched,0,l2
CD8 Naive,pDC,0.0,pbmc5k_to_pbmc10k,scvi_matched,0,l2
CD8 TCM,pDC,0.0,pbmc5k_to_pbmc10k,scvi_matched,0,l2
CD8 TEM,pDC,0.0,pbmc5k_to_pbmc10k,scvi_matched,0,l2
Eryth,pDC,0.0,pbmc5k_to_pbmc10k,scvi_matched,0,l2
ILC,pDC,0.0,pbmc5k_to_pbmc10k,scvi_matched,0,l2
MAIT,pDC,0.0,pbmc5k_to_pbmc10k,scvi_matched,0,l2
NK,pDC,0.0013157894736842105,pbmc5k_to_pbmc10k,scvi_matched,0,l2
NK_CD56bright,pDC,0.0,pbmc5k_to_pbmc10k,scvi_matched,0,l2
Treg,pDC,0.0,pbmc5k_to_pbmc10k,scvi_matched,0,l2
cDC2,pDC,0.0,pbmc5k_to_pbmc10k,scvi_matched,0,l2
gdT,pDC,0.0,pbmc5k_to_pbmc10k,scvi_matched,0,l2
pDC,pDC,1.0,pbmc5k_to_pbmc10k,scvi_matched,0,l2
B intermediate,B intermediate,0.058823529411764705,pbmc5k_to_pbmc10k,totalvi,0,l2
B memory,B intermediate,0.010101010101010102,pbmc5k_to_pbmc10k,totalvi,0,l2
B naive,B intermediate,0.015873015873015872,pbmc5k_to_pbmc10k,totalvi,0,l2
CD14 Mono,B intermediate,0.0,pbmc5k_to_pbmc10k,totalvi,0,l2
CD16 Mono,B intermediate,0.0,pbmc5k_to_pbmc10k,totalvi,0,l2
CD4 CTL,B intermediate,0.0,pbmc5k_to_pbmc10k,totalvi,0,l2
CD4 Naive,B intermediate,0.0,pbmc5k_to_pbmc10k,totalvi,0,l2
CD4 TCM,B intermediate,0.0,pbmc5k_to_pbmc10k,totalvi,0,l2
CD4 TEM,B intermediate,0.0,pbmc5k_to_pbmc10k,totalvi,0,l2
CD8 Naive,B intermediate,0.0,pbmc5k_to_pbmc10k,totalvi,0,l2
CD8 TCM,B intermediate,0.0,pbmc5k_to_pbmc10k,totalvi,0,l2
CD8 TEM,B intermediate,0.0,pbmc5k_to_pbmc10k,totalvi,0,l2
Eryth,B intermediate,0.0,pbmc5k_to_pbmc10k,totalvi,0,l2
ILC,B intermediate,0.0,pbmc5k_to_pbmc10k,totalvi,0,l2
MAIT,B intermediate,0.0,pbmc5k_to_pbmc10k,totalvi,0,l2
NK,B intermediate,0.0,pbmc5k_to_pbmc10k,totalvi,0,l2
NK_CD56bright,B intermediate,0.0,pbmc5k_to_pbmc10k,totalvi,0,l2
Treg,B intermediate,0.0,pbmc5k_to_pbmc10k,totalvi,0,l2
cDC2,B intermediate,0.0,pbmc5k_to_pbmc10k,totalvi,0,l2
gdT,B intermediate,0.0,pbmc5k_to_pbmc10k,totalvi,0,l2
pDC,B intermediate,0.0,pbmc5k_to_pbmc10k,totalvi,0,l2
B intermediate,B memory,0.7794117647058824,pbmc5k_to_pbmc10k,totalvi,0,l2
B memory,B memory,0.9595959595959596,pbmc5k_to_pbmc10k,totalvi,0,l2
B naive,B memory,0.01904761904761905,pbmc5k_to_pbmc10k,totalvi,0,l2
CD14 Mono,B memory,0.0,pbmc5k_to_pbmc10k,totalvi,0,l2
CD16 Mono,B memory,0.0,pbmc5k_to_pbmc10k,totalvi,0,l2
CD4 CTL,B memory,0.0,pbmc5k_to_pbmc10k,totalvi,0,l2
CD4 Naive,B memory,0.0,pbmc5k_to_pbmc10k,totalvi,0,l2
CD4 TCM,B memory,0.0,pbmc5k_to_pbmc10k,totalvi,0,l2
CD4 TEM,B memory,0.0,pbmc5k_to_pbmc10k,totalvi,0,l2
CD8 Naive,B memory,0.0,pbmc5k_to_pbmc10k,totalvi,0,l2
CD8 TCM,B memory,0.0,pbmc5k_to_pbmc10k,totalvi,0,l2
CD8 TEM,B memory,0.0,pbmc5k_to_pbmc10k,totalvi,0,l2
Eryth,B memory,0.0,pbmc5k_to_pbmc10k,totalvi,0,l2
ILC,B memory,0.0,pbmc5k_to_pbmc10k,totalvi,0,l2
MAIT,B memory,0.0,pbmc5k_to_pbmc10k,totalvi,0,l2
NK,B memory,0.0,pbmc5k_to_pbmc10k,totalvi,0,l2
NK_CD56bright,B memory,0.0,pbmc5k_to_pbmc10k,totalvi,0,l2
Treg,B memory,0.0,pbmc5k_to_pbmc10k,totalvi,0,l2
cDC2,B memory,0.0,pbmc5k_to_pbmc10k,totalvi,0,l2
gdT,B memory,0.0,pbmc5k_to_pbmc10k,totalvi,0,l2
pDC,B memory,0.0,pbmc5k_to_pbmc10k,totalvi,0,l2
B intermediate,B naive,0.16176470588235295,pbmc5k_to_pbmc10k,totalvi,0,l2
B memory,B naive,0.030303030303030304,pbmc5k_to_pbmc10k,totalvi,0,l2
B naive,B naive,0.9650793650793651,pbmc5k_to_pbmc10k,totalvi,0,l2
CD14 Mono,B naive,0.0,pbmc5k_to_pbmc10k,totalvi,0,l2
CD16 Mono,B naive,0.0,pbmc5k_to_pbmc10k,totalvi,0,l2
CD4 CTL,B naive,0.0,pbmc5k_to_pbmc10k,totalvi,0,l2
CD4 Naive,B naive,0.0,pbmc5k_to_pbmc10k,totalvi,0,l2
CD4 TCM,B naive,0.0,pbmc5k_to_pbmc10k,totalvi,0,l2
CD4 TEM,B naive,0.0,pbmc5k_to_pbmc10k,totalvi,0,l2
CD8 Naive,B naive,0.0,pbmc5k_to_pbmc10k,totalvi,0,l2
CD8 TCM,B naive,0.0,pbmc5k_to_pbmc10k,totalvi,0,l2
CD8 TEM,B naive,0.0,pbmc5k_to_pbmc10k,totalvi,0,l2
Eryth,B naive,0.0,pbmc5k_to_pbmc10k,totalvi,0,l2
ILC,B naive,0.0,pbmc5k_to_pbmc10k,totalvi,0,l2
MAIT,B naive,0.0,pbmc5k_to_pbmc10k,totalvi,0,l2
NK,B naive,0.0,pbmc5k_to_pbmc10k,totalvi,0,l2
NK_CD56bright,B naive,0.0,pbmc5k_to_pbmc10k,totalvi,0,l2
Treg,B naive,0.0,pbmc5k_to_pbmc10k,totalvi,0,l2
cDC2,B naive,0.0,pbmc5k_to_pbmc10k,totalvi,0,l2
gdT,B naive,0.0,pbmc5k_to_pbmc10k,totalvi,0,l2
pDC,B naive,0.0,pbmc5k_to_pbmc10k,totalvi,0,l2
B intermediate,CD14 Mono,0.0,pbmc5k_to_pbmc10k,totalvi,0,l2
B memory,CD14 Mono,0.0,pbmc5k_to_pbmc10k,totalvi,0,l2
B naive,CD14 Mono,0.0,pbmc5k_to_pbmc10k,totalvi,0,l2
CD14 Mono,CD14 Mono,0.9830234438156831,pbmc5k_to_pbmc10k,totalvi,0,l2
CD16 Mono,CD14 Mono,0.02912621359223301,pbmc5k_to_pbmc10k,totalvi,0,l2
CD4 CTL,CD14 Mono,0.0,pbmc5k_to_pbmc10k,totalvi,0,l2
CD4 Naive,CD14 Mono,0.0,pbmc5k_to_pbmc10k,totalvi,0,l2
CD4 TCM,CD14 Mono,0.0,pbmc5k_to_pbmc10k,totalvi,0,l2
CD4 TEM,CD14 Mono,0.0,pbmc5k_to_pbmc10k,totalvi,0,l2
CD8 Naive,CD14 Mono,0.0,pbmc5k_to_pbmc10k,totalvi,0,l2
CD8 TCM,CD14 Mono,0.0,pbmc5k_to_pbmc10k,totalvi,0,l2
CD8 TEM,CD14 Mono,0.0,pbmc5k_to_pbmc10k,totalvi,0,l2
Eryth,CD14 Mono,0.3263888888888889,pbmc5k_to_pbmc10k,totalvi,0,l2
ILC,CD14 Mono,0.0,pbmc5k_to_pbmc10k,totalvi,0,l2
MAIT,CD14 Mono,0.0,pbmc5k_to_pbmc10k,totalvi,0,l2
NK,CD14 Mono,0.0,pbmc5k_to_pbmc10k,totalvi,0,l2
NK_CD56bright,CD14 Mono,0.0,pbmc5k_to_pbmc10k,totalvi,0,l2
Treg,CD14 Mono,0.0,pbmc5k_to_pbmc10k,totalvi,0,l2
cDC2,CD14 Mono,0.17037037037037037,pbmc5k_to_pbmc10k,totalvi,0,l2
gdT,CD14 Mono,0.0,pbmc5k_to_pbmc10k,totalvi,0,l2
pDC,CD14 Mono,0.0,pbmc5k_to_pbmc10k,totalvi,0,l2
B intermediate,CD16 Mono,0.0,pbmc5k_to_pbmc10k,totalvi,0,l2
B memory,CD16 Mono,0.0,pbmc5k_to_pbmc10k,totalvi,0,l2
B naive,CD16 Mono,0.0,pbmc5k_to_pbmc10k,totalvi,0,l2
CD14 Mono,CD16 Mono,0.002425222312045271,pbmc5k_to_pbmc10k,totalvi,0,l2
CD16 Mono,CD16 Mono,0.970873786407767,pbmc5k_to_pbmc10k,totalvi,0,l2
CD4 CTL,CD16 Mono,0.0,pbmc5k_to_pbmc10k,totalvi,0,l2
CD4 Naive,CD16 Mono,0.0,pbmc5k_to_pbmc10k,totalvi,0,l2
CD4 TCM,CD16 Mono,0.0,pbmc5k_to_pbmc10k,totalvi,0,l2
CD4 TEM,CD16 Mono,0.0,pbmc5k_to_pbmc10k,totalvi,0,l2
CD8 Naive,CD16 Mono,0.0,pbmc5k_to_pbmc10k,totalvi,0,l2
CD8 TCM,CD16 Mono,0.0,pbmc5k_to_pbmc10k,totalvi,0,l2
CD8 TEM,CD16 Mono,0.0,pbmc5k_to_pbmc10k,totalvi,0,l2
Eryth,CD16 Mono,0.0,pbmc5k_to_pbmc10k,totalvi,0,l2
ILC,CD16 Mono,0.0,pbmc5k_to_pbmc10k,totalvi,0,l2
MAIT,CD16 Mono,0.0,pbmc5k_to_pbmc10k,totalvi,0,l2
NK,CD16 Mono,0.0,pbmc5k_to_pbmc10k,totalvi,0,l2
NK_CD56bright,CD16 Mono,0.0,pbmc5k_to_pbmc10k,totalvi,0,l2
Treg,CD16 Mono,0.0,pbmc5k_to_pbmc10k,totalvi,0,l2
cDC2,CD16 Mono,0.014814814814814815,pbmc5k_to_pbmc10k,totalvi,0,l2
gdT,CD16 Mono,0.0,pbmc5k_to_pbmc10k,totalvi,0,l2
pDC,CD16 Mono,0.0,pbmc5k_to_pbmc10k,totalvi,0,l2
B intermediate,CD4 CTL,0.0,pbmc5k_to_pbmc10k,totalvi,0,l2
B memory,CD4 CTL,0.0,pbmc5k_to_pbmc10k,totalvi,0,l2
B naive,CD4 CTL,0.0,pbmc5k_to_pbmc10k,totalvi,0,l2
CD14 Mono,CD4 CTL,0.0,pbmc5k_to_pbmc10k,totalvi,0,l2
CD16 Mono,CD4 CTL,0.0,pbmc5k_to_pbmc10k,totalvi,0,l2
CD4 CTL,CD4 CTL,0.0,pbmc5k_to_pbmc10k,totalvi,0,l2
CD4 Naive,CD4 CTL,0.0,pbmc5k_to_pbmc10k,totalvi,0,l2
CD4 TCM,CD4 CTL,0.0,pbmc5k_to_pbmc10k,totalvi,0,l2
CD4 TEM,CD4 CTL,0.0,pbmc5k_to_pbmc10k,totalvi,0,l2
CD8 Naive,CD4 CTL,0.0,pbmc5k_to_pbmc10k,totalvi,0,l2
CD8 TCM,CD4 CTL,0.0,pbmc5k_to_pbmc10k,totalvi,0,l2
CD8 TEM,CD4 CTL,0.0,pbmc5k_to_pbmc10k,totalvi,0,l2
Eryth,CD4 CTL,0.0,pbmc5k_to_pbmc10k,totalvi,0,l2
ILC,CD4 CTL,0.0,pbmc5k_to_pbmc10k,totalvi,0,l2
MAIT,CD4 CTL,0.0,pbmc5k_to_pbmc10k,totalvi,0,l2
NK,CD4 CTL,0.0,pbmc5k_to_pbmc10k,totalvi,0,l2
NK_CD56bright,CD4 CTL,0.0,pbmc5k_to_pbmc10k,totalvi,0,l2
Treg,CD4 CTL,0.0,pbmc5k_to_pbmc10k,totalvi,0,l2
cDC2,CD4 CTL,0.0,pbmc5k_to_pbmc10k,totalvi,0,l2
gdT,CD4 CTL,0.0,pbmc5k_to_pbmc10k,totalvi,0,l2
pDC,CD4 CTL,0.0,pbmc5k_to_pbmc10k,totalvi,0,l2
B intermediate,CD4 Naive,0.0,pbmc5k_to_pbmc10k,totalvi,0,l2
B memory,CD4 Naive,0.0,pbmc5k_to_pbmc10k,totalvi,0,l2
B naive,CD4 Naive,0.0,pbmc5k_to_pbmc10k,totalvi,0,l2
CD14 Mono,CD4 Naive,0.0,pbmc5k_to_pbmc10k,totalvi,0,l2
CD16 Mono,CD4 Naive,0.0,pbmc5k_to_pbmc10k,totalvi,0,l2
CD4 CTL,CD4 Naive,0.0,pbmc5k_to_pbmc10k,totalvi,0,l2
CD4 Naive,CD4 Naive,0.9408805031446541,pbmc5k_to_pbmc10k,totalvi,0,l2
CD4 TCM,CD4 Naive,0.02413793103448276,pbmc5k_to_pbmc10k,totalvi,0,l2
CD4 TEM,CD4 Naive,0.0,pbmc5k_to_pbmc10k,totalvi,0,l2
CD8 Naive,CD4 Naive,0.490625,pbmc5k_to_pbmc10k,totalvi,0,l2
CD8 TCM,CD4 Naive,0.06493506493506493,pbmc5k_to_pbmc10k,totalvi,0,l2
CD8 TEM,CD4 Naive,0.0,pbmc5k_to_pbmc10k,totalvi,0,l2
Eryth,CD4 Naive,0.0,pbmc5k_to_pbmc10k,totalvi,0,l2
ILC,CD4 Naive,0.0,pbmc5k_to_pbmc10k,totalvi,0,l2
MAIT,CD4 Naive,0.0,pbmc5k_to_pbmc10k,totalvi,0,l2
NK,CD4 Naive,0.0,pbmc5k_to_pbmc10k,totalvi,0,l2
NK_CD56bright,CD4 Naive,0.0,pbmc5k_to_pbmc10k,totalvi,0,l2
Treg,CD4 Naive,0.24896265560165975,pbmc5k_to_pbmc10k,totalvi,0,l2
cDC2,CD4 Naive,0.0,pbmc5k_to_pbmc10k,totalvi,0,l2
gdT,CD4 Naive,0.01694915254237288,pbmc5k_to_pbmc10k,totalvi,0,l2
pDC,CD4 Naive,0.0,pbmc5k_to_pbmc10k,totalvi,0,l2
B intermediate,CD4 TCM,0.0,pbmc5k_to_pbmc10k,totalvi,0,l2
B memory,CD4 TCM,0.0,pbmc5k_to_pbmc10k,totalvi,0,l2
B naive,CD4 TCM,0.0,pbmc5k_to_pbmc10k,totalvi,0,l2
CD14 Mono,CD4 TCM,0.0,pbmc5k_to_pbmc10k,totalvi,0,l2
CD16 Mono,CD4 TCM,0.0,pbmc5k_to_pbmc10k,totalvi,0,l2
CD4 CTL,CD4 TCM,0.0,pbmc5k_to_pbmc10k,totalvi,0,l2
CD4 Naive,CD4 TCM,0.05911949685534591,pbmc5k_to_pbmc10k,totalvi,0,l2
CD4 TCM,CD4 TCM,0.8293103448275863,pbmc5k_to_pbmc10k,totalvi,0,l2
CD4 TEM,CD4 TCM,0.08540925266903915,pbmc5k_to_pbmc10k,totalvi,0,l2
CD8 Naive,CD4 TCM,0.009375,pbmc5k_to_pbmc10k,totalvi,0,l2
CD8 TCM,CD4 TCM,0.11688311688311688,pbmc5k_to_pbmc10k,totalvi,0,l2
CD8 TEM,CD4 TCM,0.0,pbmc5k_to_pbmc10k,totalvi,0,l2
Eryth,CD4 TCM,0.0,pbmc5k_to_pbmc10k,totalvi,0,l2
ILC,CD4 TCM,0.35384615384615387,pbmc5k_to_pbmc10k,totalvi,0,l2
MAIT,CD4 TCM,0.0,pbmc5k_to_pbmc10k,totalvi,0,l2
NK,CD4 TCM,0.0,pbmc5k_to_pbmc10k,totalvi,0,l2
NK_CD56bright,CD4 TCM,0.0,pbmc5k_to_pbmc10k,totalvi,0,l2
Treg,CD4 TCM,0.5145228215767634,pbmc5k_to_pbmc10k,totalvi,0,l2
cDC2,CD4 TCM,0.0,pbmc5k_to_pbmc10k,totalvi,0,l2
gdT,CD4 TCM,0.11864406779661017,pbmc5k_to_pbmc10k,totalvi,0,l2
pDC,CD4 TCM,0.0,pbmc5k_to_pbmc10k,totalvi,0,l2
B intermediate,CD4 TEM,0.0,pbmc5k_to_pbmc10k,totalvi,0,l2
B memory,CD4 TEM,0.0,pbmc5k_to_pbmc10k,totalvi,0,l2
B naive,CD4 TEM,0.0,pbmc5k_to_pbmc10k,totalvi,0,l2
CD14 Mono,CD4 TEM,0.0,pbmc5k_to_pbmc10k,totalvi,0,l2
CD16 Mono,CD4 TEM,0.0,pbmc5k_to_pbmc10k,totalvi,0,l2
CD4 CTL,CD4 TEM,0.3333333333333333,pbmc5k_to_pbmc10k,totalvi,0,l2
CD4 Naive,CD4 TEM,0.0,pbmc5k_to_pbmc10k,totalvi,0,l2
CD4 TCM,CD4 TEM,0.1206896551724138,pbmc5k_to_pbmc10k,totalvi,0,l2
CD4 TEM,CD4 TEM,0.8612099644128114,pbmc5k_to_pbmc10k,totalvi,0,l2
CD8 Naive,CD4 TEM,0.0,pbmc5k_to_pbmc10k,totalvi,0,l2
CD8 TCM,CD4 TEM,0.5454545454545454,pbmc5k_to_pbmc10k,totalvi,0,l2
CD8 TEM,CD4 TEM,0.024390243902439025,pbmc5k_to_pbmc10k,totalvi,0,l2
Eryth,CD4 TEM,0.0,pbmc5k_to_pbmc10k,totalvi,0,l2
ILC,CD4 TEM,0.3384615384615385,pbmc5k_to_pbmc10k,totalvi,0,l2
MAIT,CD4 TEM,0.5112359550561798,pbmc5k_to_pbmc10k,totalvi,0,l2
NK,CD4 TEM,0.0,pbmc5k_to_pbmc10k,totalvi,0,l2
NK_CD56bright,CD4 TEM,0.0,pbmc5k_to_pbmc10k,totalvi,0,l2
Treg,CD4 TEM,0.04979253112033195,pbmc5k_to_pbmc10k,totalvi,0,l2
cDC2,CD4 TEM,0.0,pbmc5k_to_pbmc10k,totalvi,0,l2
gdT,CD4 TEM,0.11864406779661017,pbmc5k_to_pbmc10k,totalvi,0,l2
pDC,CD4 TEM,0.0,pbmc5k_to_pbmc10k,totalvi,0,l2
B intermediate,CD8 Naive,0.0,pbmc5k_to_pbmc10k,totalvi,0,l2
B memory,CD8 Naive,0.0,pbmc5k_to_pbmc10k,totalvi,0,l2
B naive,CD8 Naive,0.0,pbmc5k_to_pbmc10k,totalvi,0,l2
CD14 Mono,CD8 Naive,0.0,pbmc5k_to_pbmc10k,totalvi,0,l2
CD16 Mono,CD8 Naive,0.0,pbmc5k_to_pbmc10k,totalvi,0,l2
CD4 CTL,CD8 Naive,0.0,pbmc5k_to_pbmc10k,totalvi,0,l2
CD4 Naive,CD8 Naive,0.0,pbmc5k_to_pbmc10k,totalvi,0,l2
CD4 TCM,CD8 Naive,0.0,pbmc5k_to_pbmc10k,totalvi,0,l2
CD4 TEM,CD8 Naive,0.0,pbmc5k_to_pbmc10k,totalvi,0,l2
CD8 Naive,CD8 Naive,0.475,pbmc5k_to_pbmc10k,totalvi,0,l2
CD8 TCM,CD8 Naive,0.03896103896103896,pbmc5k_to_pbmc10k,totalvi,0,l2
CD8 TEM,CD8 Naive,0.0,pbmc5k_to_pbmc10k,totalvi,0,l2
Eryth,CD8 Naive,0.0,pbmc5k_to_pbmc10k,totalvi,0,l2
ILC,CD8 Naive,0.0,pbmc5k_to_pbmc10k,totalvi,0,l2
MAIT,CD8 Naive,0.0,pbmc5k_to_pbmc10k,totalvi,0,l2
NK,CD8 Naive,0.0,pbmc5k_to_pbmc10k,totalvi,0,l2
NK_CD56bright,CD8 Naive,0.0,pbmc5k_to_pbmc10k,totalvi,0,l2
Treg,CD8 Naive,0.0,pbmc5k_to_pbmc10k,totalvi,0,l2
cDC2,CD8 Naive,0.0,pbmc5k_to_pbmc10k,totalvi,0,l2
gdT,CD8 Naive,0.03389830508474576,pbmc5k_to_pbmc10k,totalvi,0,l2
pDC,CD8 Naive,0.0,pbmc5k_to_pbmc10k,totalvi,0,l2
B intermediate,CD8 TCM,0.0,pbmc5k_to_pbmc10k,totalvi,0,l2
B memory,CD8 TCM,0.0,pbmc5k_to_pbmc10k,totalvi,0,l2
B naive,CD8 TCM,0.0,pbmc5k_to_pbmc10k,totalvi,0,l2
CD14 Mono,CD8 TCM,0.0,pbmc5k_to_pbmc10k,totalvi,0,l2
CD16 Mono,CD8 TCM,0.0,pbmc5k_to_pbmc10k,totalvi,0,l2
CD4 CTL,CD8 TCM,0.0,pbmc5k_to_pbmc10k,totalvi,0,l2
CD4 Naive,CD8 TCM,0.0,pbmc5k_to_pbmc10k,totalvi,0,l2
CD4 TCM,CD8 TCM,0.0,pbmc5k_to_pbmc10k,totalvi,0,l2
CD4 TEM,CD8 TCM,0.0,pbmc5k_to_pbmc10k,totalvi,0,l2
CD8 Naive,CD8 TCM,0.0125,pbmc5k_to_pbmc10k,totalvi,0,l2
CD8 TCM,CD8 TCM,0.09090909090909091,pbmc5k_to_pbmc10k,totalvi,0,l2
CD8 TEM,CD8 TCM,0.012195121951219513,pbmc5k_to_pbmc10k,totalvi,0,l2
Eryth,CD8 TCM,0.0,pbmc5k_to_pbmc10k,totalvi,0,l2
ILC,CD8 TCM,0.0,pbmc5k_to_pbmc10k,totalvi,0,l2
MAIT,CD8 TCM,0.0,pbmc5k_to_pbmc10k,totalvi,0,l2
NK,CD8 TCM,0.0,pbmc5k_to_pbmc10k,totalvi,0,l2
NK_CD56bright,CD8 TCM,0.0,pbmc5k_to_pbmc10k,totalvi,0,l2
Treg,CD8 TCM,0.0,pbmc5k_to_pbmc10k,totalvi,0,l2
cDC2,CD8 TCM,0.0,pbmc5k_to_pbmc10k,totalvi,0,l2
gdT,CD8 TCM,0.05084745762711865,pbmc5k_to_pbmc10k,totalvi,0,l2
pDC,CD8 TCM,0.0,pbmc5k_to_pbmc10k,totalvi,0,l2
B intermediate,CD8 TEM,0.0,pbmc5k_to_pbmc10k,totalvi,0,l2
B memory,CD8 TEM,0.0,pbmc5k_to_pbmc10k,totalvi,0,l2
B naive,CD8 TEM,0.0,pbmc5k_to_pbmc10k,totalvi,0,l2
CD14 Mono,CD8 TEM,0.0,pbmc5k_to_pbmc10k,totalvi,0,l2
CD16 Mono,CD8 TEM,0.0,pbmc5k_to_pbmc10k,totalvi,0,l2
CD4 CTL,CD8 TEM,0.5833333333333334,pbmc5k_to_pbmc10k,totalvi,0,l2
CD4 Naive,CD8 TEM,0.0,pbmc5k_to_pbmc10k,totalvi,0,l2
CD4 TCM,CD8 TEM,0.0,pbmc5k_to_pbmc10k,totalvi,0,l2
CD4 TEM,CD8 TEM,0.028469750889679714,pbmc5k_to_pbmc10k,totalvi,0,l2
CD8 Naive,CD8 TEM,0.0,pbmc5k_to_pbmc10k,totalvi,0,l2
CD8 TCM,CD8 TEM,0.09090909090909091,pbmc5k_to_pbmc10k,totalvi,0,l2
CD8 TEM,CD8 TEM,0.8780487804878049,pbmc5k_to_pbmc10k,totalvi,0,l2
Eryth,CD8 TEM,0.0,pbmc5k_to_pbmc10k,totalvi,0,l2
ILC,CD8 TEM,0.0,pbmc5k_to_pbmc10k,totalvi,0,l2
MAIT,CD8 TEM,0.0056179775280898875,pbmc5k_to_pbmc10k,totalvi,0,l2
NK,CD8 TEM,0.0013157894736842105,pbmc5k_to_pbmc10k,totalvi,0,l2
NK_CD56bright,CD8 TEM,0.0,pbmc5k_to_pbmc10k,totalvi,0,l2
Treg,CD8 TEM,0.0,pbmc5k_to_pbmc10k,totalvi,0,l2
cDC2,CD8 TEM,0.0,pbmc5k_to_pbmc10k,totalvi,0,l2
gdT,CD8 TEM,0.15254237288135594,pbmc5k_to_pbmc10k,totalvi,0,l2
pDC,CD8 TEM,0.0,pbmc5k_to_pbmc10k,totalvi,0,l2
B intermediate,Eryth,0.0,pbmc5k_to_pbmc10k,totalvi,0,l2
B memory,Eryth,0.0,pbmc5k_to_pbmc10k,totalvi,0,l2
B naive,Eryth,0.0,pbmc5k_to_pbmc10k,totalvi,0,l2
CD14 Mono,Eryth,0.014551333872271624,pbmc5k_to_pbmc10k,totalvi,0,l2
CD16 Mono,Eryth,0.0,pbmc5k_to_pbmc10k,totalvi,0,l2
CD4 CTL,Eryth,0.0,pbmc5k_to_pbmc10k,totalvi,0,l2
CD4 Naive,Eryth,0.0,pbmc5k_to_pbmc10k,totalvi,0,l2
CD4 TCM,Eryth,0.0,pbmc5k_to_pbmc10k,totalvi,0,l2
CD4 TEM,Eryth,0.0,pbmc5k_to_pbmc10k,totalvi,0,l2
CD8 Naive,Eryth,0.0,pbmc5k_to_pbmc10k,totalvi,0,l2
CD8 TCM,Eryth,0.0,pbmc5k_to_pbmc10k,totalvi,0,l2
CD8 TEM,Eryth,0.0,pbmc5k_to_pbmc10k,totalvi,0,l2
Eryth,Eryth,0.6736111111111112,pbmc5k_to_pbmc10k,totalvi,0,l2
ILC,Eryth,0.0,pbmc5k_to_pbmc10k,totalvi,0,l2
MAIT,Eryth,0.0,pbmc5k_to_pbmc10k,totalvi,0,l2
NK,Eryth,0.0,pbmc5k_to_pbmc10k,totalvi,0,l2
NK_CD56bright,Eryth,0.0,pbmc5k_to_pbmc10k,totalvi,0,l2
Treg,Eryth,0.0,pbmc5k_to_pbmc10k,totalvi,0,l2
cDC2,Eryth,0.0,pbmc5k_to_pbmc10k,totalvi,0,l2
gdT,Eryth,0.0,pbmc5k_to_pbmc10k,totalvi,0,l2
pDC,Eryth,0.0,pbmc5k_to_pbmc10k,totalvi,0,l2
B intermediate,ILC,0.0,pbmc5k_to_pbmc10k,totalvi,0,l2
B memory,ILC,0.0,pbmc5k_to_pbmc10k,totalvi,0,l2
B naive,ILC,0.0,pbmc5k_to_pbmc10k,totalvi,0,l2
CD14 Mono,ILC,0.0,pbmc5k_to_pbmc10k,totalvi,0,l2
CD16 Mono,ILC,0.0,pbmc5k_to_pbmc10k,totalvi,0,l2
CD4 CTL,ILC,0.0,pbmc5k_to_pbmc10k,totalvi,0,l2
CD4 Naive,ILC,0.0,pbmc5k_to_pbmc10k,totalvi,0,l2
CD4 TCM,ILC,0.006896551724137931,pbmc5k_to_pbmc10k,totalvi,0,l2
CD4 TEM,ILC,0.014234875444839857,pbmc5k_to_pbmc10k,totalvi,0,l2
CD8 Naive,ILC,0.0,pbmc5k_to_pbmc10k,totalvi,0,l2
CD8 TCM,ILC,0.0,pbmc5k_to_pbmc10k,totalvi,0,l2
CD8 TEM,ILC,0.0,pbmc5k_to_pbmc10k,totalvi,0,l2
Eryth,ILC,0.0,pbmc5k_to_pbmc10k,totalvi,0,l2
ILC,ILC,0.26153846153846155,pbmc5k_to_pbmc10k,totalvi,0,l2
MAIT,ILC,0.0,pbmc5k_to_pbmc10k,totalvi,0,l2
NK,ILC,0.0,pbmc5k_to_pbmc10k,totalvi,0,l2
NK_CD56bright,ILC,0.0,pbmc5k_to_pbmc10k,totalvi,0,l2
Treg,ILC,0.008298755186721992,pbmc5k_to_pbmc10k,totalvi,0,l2
cDC2,ILC,0.0,pbmc5k_to_pbmc10k,totalvi,0,l2
gdT,ILC,0.0,pbmc5k_to_pbmc10k,totalvi,0,l2
pDC,ILC,0.0,pbmc5k_to_pbmc10k,totalvi,0,l2
B intermediate,MAIT,0.0,pbmc5k_to_pbmc10k,totalvi,0,l2
B memory,MAIT,0.0,pbmc5k_to_pbmc10k,totalvi,0,l2
B naive,MAIT,0.0,pbmc5k_to_pbmc10k,totalvi,0,l2
CD14 Mono,MAIT,0.0,pbmc5k_to_pbmc10k,totalvi,0,l2
CD16 Mono,MAIT,0.0,pbmc5k_to_pbmc10k,totalvi,0,l2
CD4 CTL,MAIT,0.0,pbmc5k_to_pbmc10k,totalvi,0,l2
CD4 Naive,MAIT,0.0,pbmc5k_to_pbmc10k,totalvi,0,l2
CD4 TCM,MAIT,0.0,pbmc5k_to_pbmc10k,totalvi,0,l2
CD4 TEM,MAIT,0.0,pbmc5k_to_pbmc10k,totalvi,0,l2
CD8 Naive,MAIT,0.0,pbmc5k_to_pbmc10k,totalvi,0,l2
CD8 TCM,MAIT,0.0,pbmc5k_to_pbmc10k,totalvi,0,l2
CD8 TEM,MAIT,0.0,pbmc5k_to_pbmc10k,totalvi,0,l2
Eryth,MAIT,0.0,pbmc5k_to_pbmc10k,totalvi,0,l2
ILC,MAIT,0.0,pbmc5k_to_pbmc10k,totalvi,0,l2
MAIT,MAIT,0.08707865168539326,pbmc5k_to_pbmc10k,totalvi,0,l2
NK,MAIT,0.0,pbmc5k_to_pbmc10k,totalvi,0,l2
NK_CD56bright,MAIT,0.0,pbmc5k_to_pbmc10k,totalvi,0,l2
Treg,MAIT,0.0,pbmc5k_to_pbmc10k,totalvi,0,l2
cDC2,MAIT,0.0,pbmc5k_to_pbmc10k,totalvi,0,l2
gdT,MAIT,0.0,pbmc5k_to_pbmc10k,totalvi,0,l2
pDC,MAIT,0.0,pbmc5k_to_pbmc10k,totalvi,0,l2
B intermediate,NK,0.0,pbmc5k_to_pbmc10k,totalvi,0,l2
B memory,NK,0.0,pbmc5k_to_pbmc10k,totalvi,0,l2
B naive,NK,0.0,pbmc5k_to_pbmc10k,totalvi,0,l2
CD14 Mono,NK,0.0,pbmc5k_to_pbmc10k,totalvi,0,l2
CD16 Mono,NK,0.0,pbmc5k_to_pbmc10k,totalvi,0,l2
CD4 CTL,NK,0.0,pbmc5k_to_pbmc10k,totalvi,0,l2
CD4 Naive,NK,0.0,pbmc5k_to_pbmc10k,totalvi,0,l2
CD4 TCM,NK,0.0,pbmc5k_to_pbmc10k,totalvi,0,l2
CD4 TEM,NK,0.0,pbmc5k_to_pbmc10k,totalvi,0,l2
CD8 Naive,NK,0.0,pbmc5k_to_pbmc10k,totalvi,0,l2
CD8 TCM,NK,0.0,pbmc5k_to_pbmc10k,totalvi,0,l2
CD8 TEM,NK,0.0,pbmc5k_to_pbmc10k,totalvi,0,l2
Eryth,NK,0.0,pbmc5k_to_pbmc10k,totalvi,0,l2
ILC,NK,0.0,pbmc5k_to_pbmc10k,totalvi,0,l2
MAIT,NK,0.0,pbmc5k_to_pbmc10k,totalvi,0,l2
NK,NK,0.9723684210526315,pbmc5k_to_pbmc10k,totalvi,0,l2
NK_CD56bright,NK,0.05714285714285714,pbmc5k_to_pbmc10k,totalvi,0,l2
Treg,NK,0.0,pbmc5k_to_pbmc10k,totalvi,0,l2
cDC2,NK,0.0,pbmc5k_to_pbmc10k,totalvi,0,l2
gdT,NK,0.0,pbmc5k_to_pbmc10k,totalvi,0,l2
pDC,NK,0.0,pbmc5k_to_pbmc10k,totalvi,0,l2
B intermediate,NK_CD56bright,0.0,pbmc5k_to_pbmc10k,totalvi,0,l2
B memory,NK_CD56bright,0.0,pbmc5k_to_pbmc10k,totalvi,0,l2
B naive,NK_CD56bright,0.0,pbmc5k_to_pbmc10k,totalvi,0,l2
CD14 Mono,NK_CD56bright,0.0,pbmc5k_to_pbmc10k,totalvi,0,l2
CD16 Mono,NK_CD56bright,0.0,pbmc5k_to_pbmc10k,totalvi,0,l2
CD4 CTL,NK_CD56bright,0.0,pbmc5k_to_pbmc10k,totalvi,0,l2
CD4 Naive,NK_CD56bright,0.0,pbmc5k_to_pbmc10k,totalvi,0,l2
CD4 TCM,NK_CD56bright,0.0,pbmc5k_to_pbmc10k,totalvi,0,l2
CD4 TEM,NK_CD56bright,0.0,pbmc5k_to_pbmc10k,totalvi,0,l2
CD8 Naive,NK_CD56bright,0.0,pbmc5k_to_pbmc10k,totalvi,0,l2
CD8 TCM,NK_CD56bright,0.0,pbmc5k_to_pbmc10k,totalvi,0,l2
CD8 TEM,NK_CD56bright,0.0,pbmc5k_to_pbmc10k,totalvi,0,l2
Eryth,NK_CD56bright,0.0,pbmc5k_to_pbmc10k,totalvi,0,l2
ILC,NK_CD56bright,0.015384615384615385,pbmc5k_to_pbmc10k,totalvi,0,l2
MAIT,NK_CD56bright,0.0,pbmc5k_to_pbmc10k,totalvi,0,l2
NK,NK_CD56bright,0.002631578947368421,pbmc5k_to_pbmc10k,totalvi,0,l2
NK_CD56bright,NK_CD56bright,0.6571428571428571,pbmc5k_to_pbmc10k,totalvi,0,l2
Treg,NK_CD56bright,0.0,pbmc5k_to_pbmc10k,totalvi,0,l2
cDC2,NK_CD56bright,0.0,pbmc5k_to_pbmc10k,totalvi,0,l2
gdT,NK_CD56bright,0.0,pbmc5k_to_pbmc10k,totalvi,0,l2
pDC,NK_CD56bright,0.0,pbmc5k_to_pbmc10k,totalvi,0,l2
B intermediate,Treg,0.0,pbmc5k_to_pbmc10k,totalvi,0,l2
B memory,Treg,0.0,pbmc5k_to_pbmc10k,totalvi,0,l2
B naive,Treg,0.0,pbmc5k_to_pbmc10k,totalvi,0,l2
CD14 Mono,Treg,0.0,pbmc5k_to_pbmc10k,totalvi,0,l2
CD16 Mono,Treg,0.0,pbmc5k_to_pbmc10k,totalvi,0,l2
CD4 CTL,Treg,0.0,pbmc5k_to_pbmc10k,totalvi,0,l2
CD4 Naive,Treg,0.0,pbmc5k_to_pbmc10k,totalvi,0,l2
CD4 TCM,Treg,0.01896551724137931,pbmc5k_to_pbmc10k,totalvi,0,l2
CD4 TEM,Treg,0.0071174377224199285,pbmc5k_to_pbmc10k,totalvi,0,l2
CD8 Naive,Treg,0.0,pbmc5k_to_pbmc10k,totalvi,0,l2
CD8 TCM,Treg,0.0,pbmc5k_to_pbmc10k,totalvi,0,l2
CD8 TEM,Treg,0.0,pbmc5k_to_pbmc10k,totalvi,0,l2
Eryth,Treg,0.0,pbmc5k_to_pbmc10k,totalvi,0,l2
ILC,Treg,0.0,pbmc5k_to_pbmc10k,totalvi,0,l2
MAIT,Treg,0.0,pbmc5k_to_pbmc10k,totalvi,0,l2
NK,Treg,0.0,pbmc5k_to_pbmc10k,totalvi,0,l2
NK_CD56bright,Treg,0.0,pbmc5k_to_pbmc10k,totalvi,0,l2
Treg,Treg,0.17842323651452283,pbmc5k_to_pbmc10k,totalvi,0,l2
cDC2,Treg,0.0,pbmc5k_to_pbmc10k,totalvi,0,l2
gdT,Treg,0.0,pbmc5k_to_pbmc10k,totalvi,0,l2
pDC,Treg,0.0,pbmc5k_to_pbmc10k,totalvi,0,l2
B intermediate,cDC2,0.0,pbmc5k_to_pbmc10k,totalvi,0,l2
B memory,cDC2,0.0,pbmc5k_to_pbmc10k,totalvi,0,l2
B naive,cDC2,0.0,pbmc5k_to_pbmc10k,totalvi,0,l2
CD14 Mono,cDC2,0.0,pbmc5k_to_pbmc10k,totalvi,0,l2
CD16 Mono,cDC2,0.0,pbmc5k_to_pbmc10k,totalvi,0,l2
CD4 CTL,cDC2,0.0,pbmc5k_to_pbmc10k,totalvi,0,l2
CD4 Naive,cDC2,0.0,pbmc5k_to_pbmc10k,totalvi,0,l2
CD4 TCM,cDC2,0.0,pbmc5k_to_pbmc10k,totalvi,0,l2
CD4 TEM,cDC2,0.0,pbmc5k_to_pbmc10k,totalvi,0,l2
CD8 Naive,cDC2,0.0,pbmc5k_to_pbmc10k,totalvi,0,l2
CD8 TCM,cDC2,0.0,pbmc5k_to_pbmc10k,totalvi,0,l2
CD8 TEM,cDC2,0.0,pbmc5k_to_pbmc10k,totalvi,0,l2
Eryth,cDC2,0.0,pbmc5k_to_pbmc10k,totalvi,0,l2
ILC,cDC2,0.0,pbmc5k_to_pbmc10k,totalvi,0,l2
MAIT,cDC2,0.0,pbmc5k_to_pbmc10k,totalvi,0,l2
NK,cDC2,0.0,pbmc5k_to_pbmc10k,totalvi,0,l2
NK_CD56bright,cDC2,0.0,pbmc5k_to_pbmc10k,totalvi,0,l2
Treg,cDC2,0.0,pbmc5k_to_pbmc10k,totalvi,0,l2
cDC2,cDC2,0.8148148148148148,pbmc5k_to_pbmc10k,totalvi,0,l2
gdT,cDC2,0.0,pbmc5k_to_pbmc10k,totalvi,0,l2
pDC,cDC2,0.0,pbmc5k_to_pbmc10k,totalvi,0,l2
B intermediate,gdT,0.0,pbmc5k_to_pbmc10k,totalvi,0,l2
B memory,gdT,0.0,pbmc5k_to_pbmc10k,totalvi,0,l2
B naive,gdT,0.0,pbmc5k_to_pbmc10k,totalvi,0,l2
CD14 Mono,gdT,0.0,pbmc5k_to_pbmc10k,totalvi,0,l2
CD16 Mono,gdT,0.0,pbmc5k_to_pbmc10k,totalvi,0,l2
CD4 CTL,gdT,0.08333333333333333,pbmc5k_to_pbmc10k,totalvi,0,l2
CD4 Naive,gdT,0.0,pbmc5k_to_pbmc10k,totalvi,0,l2
CD4 TCM,gdT,0.0,pbmc5k_to_pbmc10k,totalvi,0,l2
CD4 TEM,gdT,0.0035587188612099642,pbmc5k_to_pbmc10k,totalvi,0,l2
CD8 Naive,gdT,0.0125,pbmc5k_to_pbmc10k,totalvi,0,l2
CD8 TCM,gdT,0.05194805194805195,pbmc5k_to_pbmc10k,totalvi,0,l2
CD8 TEM,gdT,0.08536585365853659,pbmc5k_to_pbmc10k,totalvi,0,l2
Eryth,gdT,0.0,pbmc5k_to_pbmc10k,totalvi,0,l2
ILC,gdT,0.03076923076923077,pbmc5k_to_pbmc10k,totalvi,0,l2
MAIT,gdT,0.3960674157303371,pbmc5k_to_pbmc10k,totalvi,0,l2
NK,gdT,0.02368421052631579,pbmc5k_to_pbmc10k,totalvi,0,l2
NK_CD56bright,gdT,0.2857142857142857,pbmc5k_to_pbmc10k,totalvi,0,l2
Treg,gdT,0.0,pbmc5k_to_pbmc10k,totalvi,0,l2
cDC2,gdT,0.0,pbmc5k_to_pbmc10k,totalvi,0,l2
gdT,gdT,0.5084745762711864,pbmc5k_to_pbmc10k,totalvi,0,l2
pDC,gdT,0.0,pbmc5k_to_pbmc10k,totalvi,0,l2
B intermediate,pDC,0.0,pbmc5k_to_pbmc10k,totalvi,0,l2
B memory,pDC,0.0,pbmc5k_to_pbmc10k,totalvi,0,l2
B naive,pDC,0.0,pbmc5k_to_pbmc10k,totalvi,0,l2
CD14 Mono,pDC,0.0,pbmc5k_to_pbmc10k,totalvi,0,l2
CD16 Mono,pDC,0.0,pbmc5k_to_pbmc10k,totalvi,0,l2
CD4 CTL,pDC,0.0,pbmc5k_to_pbmc10k,totalvi,0,l2
CD4 Naive,pDC,0.0,pbmc5k_to_pbmc10k,totalvi,0,l2
CD4 TCM,pDC,0.0,pbmc5k_to_pbmc10k,totalvi,0,l2
CD4 TEM,pDC,0.0,pbmc5k_to_pbmc10k,totalvi,0,l2
CD8 Naive,pDC,0.0,pbmc5k_to_pbmc10k,totalvi,0,l2
CD8 TCM,pDC,0.0,pbmc5k_to_pbmc10k,totalvi,0,l2
CD8 TEM,pDC,0.0,pbmc5k_to_pbmc10k,totalvi,0,l2
Eryth,pDC,0.0,pbmc5k_to_pbmc10k,totalvi,0,l2
ILC,pDC,0.0,pbmc5k_to_pbmc10k,totalvi,0,l2
MAIT,pDC,0.0,pbmc5k_to_pbmc10k,totalvi,0,l2
NK,pDC,0.0,pbmc5k_to_pbmc10k,totalvi,0,l2
NK_CD56bright,pDC,0.0,pbmc5k_to_pbmc10k,totalvi,0,l2
Treg,pDC,0.0,pbmc5k_to_pbmc10k,totalvi,0,l2
cDC2,pDC,0.0,pbmc5k_to_pbmc10k,totalvi,0,l2
gdT,pDC,0.0,pbmc5k_to_pbmc10k,totalvi,0,l2
pDC,pDC,1.0,pbmc5k_to_pbmc10k,totalvi,0,l2
B,B,0.9918864097363083,pbmc5k_to_pbmc10k,scvi_matched,0,l1
CD4 T,B,0.0,pbmc5k_to_pbmc10k,scvi_matched,0,l1
CD8 T,B,0.0,pbmc5k_to_pbmc10k,scvi_matched,0,l1
DC,B,0.0,pbmc5k_to_pbmc10k,scvi_matched,0,l1
Mono,B,0.0,pbmc5k_to_pbmc10k,scvi_matched,0,l1
NK,B,0.0,pbmc5k_to_pbmc10k,scvi_matched,0,l1
other,B,0.0091324200913242,pbmc5k_to_pbmc10k,scvi_matched,0,l1
other T,B,0.0,pbmc5k_to_pbmc10k,scvi_matched,0,l1
B,CD4 T,0.0,pbmc5k_to_pbmc10k,scvi_matched,0,l1
CD4 T,CD4 T,0.9813374805598756,pbmc5k_to_pbmc10k,scvi_matched,0,l1
CD8 T,CD4 T,0.5099540581929556,pbmc5k_to_pbmc10k,scvi_matched,0,l1
DC,CD4 T,0.0,pbmc5k_to_pbmc10k,scvi_matched,0,l1
Mono,CD4 T,0.0,pbmc5k_to_pbmc10k,scvi_matched,0,l1
NK,CD4 T,0.0,pbmc5k_to_pbmc10k,scvi_matched,0,l1
other,CD4 T,0.2511415525114155,pbmc5k_to_pbmc10k,scvi_matched,0,l1
other T,CD4 T,0.3075356415478615,pbmc5k_to_pbmc10k,scvi_matched,0,l1
B,CD8 T,0.0,pbmc5k_to_pbmc10k,scvi_matched,0,l1
CD4 T,CD8 T,0.012441679626749611,pbmc5k_to_pbmc10k,scvi_matched,0,l1
CD8 T,CD8 T,0.39356814701378257,pbmc5k_to_pbmc10k,scvi_matched,0,l1
DC,CD8 T,0.0,pbmc5k_to_pbmc10k,scvi_matched,0,l1
Mono,CD8 T,0.0,pbmc5k_to_pbmc10k,scvi_matched,0,l1
NK,CD8 T,0.0,pbmc5k_to_pbmc10k,scvi_matched,0,l1
other,CD8 T,0.0,pbmc5k_to_pbmc10k,scvi_matched,0,l1
other T,CD8 T,0.05702647657841141,pbmc5k_to_pbmc10k,scvi_matched,0,l1
B,DC,0.006085192697768763,pbmc5k_to_pbmc10k,scvi_matched,0,l1
CD4 T,DC,0.0,pbmc5k_to_pbmc10k,scvi_matched,0,l1
CD8 T,DC,0.0,pbmc5k_to_pbmc10k,scvi_matched,0,l1
DC,DC,0.7272727272727273,pbmc5k_to_pbmc10k,scvi_matched,0,l1
Mono,DC,0.0,pbmc5k_to_pbmc10k,scvi_matched,0,l1
NK,DC,0.0,pbmc5k_to_pbmc10k,scvi_matched,0,l1
other,DC,0.0,pbmc5k_to_pbmc10k,scvi_matched,0,l1
other T,DC,0.0,pbmc5k_to_pbmc10k,scvi_matched,0,l1
B,Mono,0.0,pbmc5k_to_pbmc10k,scvi_matched,0,l1
CD4 T,Mono,0.0,pbmc5k_to_pbmc10k,scvi_matched,0,l1
CD8 T,Mono,0.0,pbmc5k_to_pbmc10k,scvi_matched,0,l1
DC,Mono,0.2727272727272727,pbmc5k_to_pbmc10k,scvi_matched,0,l1
Mono,Mono,0.991044776119403,pbmc5k_to_pbmc10k,scvi_matched,0,l1
NK,Mono,0.0,pbmc5k_to_pbmc10k,scvi_matched,0,l1
other,Mono,0.2557077625570776,pbmc5k_to_pbmc10k,scvi_matched,0,l1
other T,Mono,0.0,pbmc5k_to_pbmc10k,scvi_matched,0,l1
B,NK,0.0,pbmc5k_to_pbmc10k,scvi_matched,0,l1
CD4 T,NK,0.0015552099533437014,pbmc5k_to_pbmc10k,scvi_matched,0,l1
CD8 T,NK,0.03828483920367534,pbmc5k_to_pbmc10k,scvi_matched,0,l1
DC,NK,0.0,pbmc5k_to_pbmc10k,scvi_matched,0,l1
Mono,NK,0.0007462686567164179,pbmc5k_to_pbmc10k,scvi_matched,0,l1
NK,NK,0.9975369458128078,pbmc5k_to_pbmc10k,scvi_matched,0,l1
other,NK,0.0182648401826484,pbmc5k_to_pbmc10k,scvi_matched,0,l1
other T,NK,0.024439918533604887,pbmc5k_to_pbmc10k,scvi_matched,0,l1
B,other,0.002028397565922921,pbmc5k_to_pbmc10k,scvi_matched,0,l1
CD4 T,other,0.0015552099533437014,pbmc5k_to_pbmc10k,scvi_matched,0,l1
CD8 T,other,0.0,pbmc5k_to_pbmc10k,scvi_matched,0,l1
DC,other,0.0,pbmc5k_to_pbmc10k,scvi_matched,0,l1
Mono,other,0.008208955223880597,pbmc5k_to_pbmc10k,scvi_matched,0,l1
NK,other,0.0,pbmc5k_to_pbmc10k,scvi_matched,0,l1
other,other,0.4474885844748858,pbmc5k_to_pbmc10k,scvi_matched,0,l1
other T,other,0.026476578411405296,pbmc5k_to_pbmc10k,scvi_matched,0,l1
B,other T,0.0,pbmc5k_to_pbmc10k,scvi_matched,0,l1
CD4 T,other T,0.003110419906687403,pbmc5k_to_pbmc10k,scvi_matched,0,l1
CD8 T,other T,0.05819295558958652,pbmc5k_to_pbmc10k,scvi_matched,0,l1
DC,other T,0.0,pbmc5k_to_pbmc10k,scvi_matched,0,l1
Mono,other T,0.0,pbmc5k_to_pbmc10k,scvi_matched,0,l1
NK,other T,0.0024630541871921183,pbmc5k_to_pbmc10k,scvi_matched,0,l1
other,other T,0.0182648401826484,pbmc5k_to_pbmc10k,scvi_matched,0,l1
other T,other T,0.5845213849287169,pbmc5k_to_pbmc10k,scvi_matched,0,l1
B,B,0.9939148073022313,pbmc5k_to_pbmc10k,totalvi,0,l1
CD4 T,B,0.0,pbmc5k_to_pbmc10k,totalvi,0,l1
CD8 T,B,0.0,pbmc5k_to_pbmc10k,totalvi,0,l1
DC,B,0.0,pbmc5k_to_pbmc10k,totalvi,0,l1
Mono,B,0.0,pbmc5k_to_pbmc10k,totalvi,0,l1
NK,B,0.0,pbmc5k_to_pbmc10k,totalvi,0,l1
other,B,0.0091324200913242,pbmc5k_to_pbmc10k,totalvi,0,l1
other T,B,0.0,pbmc5k_to_pbmc10k,totalvi,0,l1
B,CD4 T,0.0,pbmc5k_to_pbmc10k,totalvi,0,l1
CD4 T,CD4 T,0.9880767236910316,pbmc5k_to_pbmc10k,totalvi,0,l1
CD8 T,CD4 T,0.19295558958652373,pbmc5k_to_pbmc10k,totalvi,0,l1
DC,CD4 T,0.0,pbmc5k_to_pbmc10k,totalvi,0,l1
Mono,CD4 T,0.0,pbmc5k_to_pbmc10k,totalvi,0,l1
NK,CD4 T,0.0,pbmc5k_to_pbmc10k,totalvi,0,l1
other,CD4 T,0.2374429223744292,pbmc5k_to_pbmc10k,totalvi,0,l1
other T,CD4 T,0.1894093686354379,pbmc5k_to_pbmc10k,totalvi,0,l1
B,CD8 T,0.0,pbmc5k_to_pbmc10k,totalvi,0,l1
CD4 T,CD8 T,0.008812856402280975,pbmc5k_to_pbmc10k,totalvi,0,l1
CD8 T,CD8 T,0.7549770290964778,pbmc5k_to_pbmc10k,totalvi,0,l1
DC,CD8 T,0.0,pbmc5k_to_pbmc10k,totalvi,0,l1
Mono,CD8 T,0.0,pbmc5k_to_pbmc10k,totalvi,0,l1
NK,CD8 T,0.0012315270935960591,pbmc5k_to_pbmc10k,totalvi,0,l1
other,CD8 T,0.0,pbmc5k_to_pbmc10k,totalvi,0,l1
other T,CD8 T,0.05091649694501019,pbmc5k_to_pbmc10k,totalvi,0,l1
B,DC,0.002028397565922921,pbmc5k_to_pbmc10k,totalvi,0,l1
CD4 T,DC,0.0,pbmc5k_to_pbmc10k,totalvi,0,l1
CD8 T,DC,0.0,pbmc5k_to_pbmc10k,totalvi,0,l1
DC,DC,0.7878787878787878,pbmc5k_to_pbmc10k,totalvi,0,l1
Mono,DC,0.0,pbmc5k_to_pbmc10k,totalvi,0,l1
NK,DC,0.0,pbmc5k_to_pbmc10k,totalvi,0,l1
other,DC,0.0,pbmc5k_to_pbmc10k,totalvi,0,l1
other T,DC,0.0,pbmc5k_to_pbmc10k,totalvi,0,l1
B,Mono,0.0,pbmc5k_to_pbmc10k,totalvi,0,l1
CD4 T,Mono,0.0,pbmc5k_to_pbmc10k,totalvi,0,l1
CD8 T,Mono,0.0,pbmc5k_to_pbmc10k,totalvi,0,l1
DC,Mono,0.2,pbmc5k_to_pbmc10k,totalvi,0,l1
Mono,Mono,0.991044776119403,pbmc5k_to_pbmc10k,totalvi,0,l1
NK,Mono,0.0,pbmc5k_to_pbmc10k,totalvi,0,l1
other,Mono,0.1963470319634703,pbmc5k_to_pbmc10k,totalvi,0,l1
other T,Mono,0.0,pbmc5k_to_pbmc10k,totalvi,0,l1
B,NK,0.0,pbmc5k_to_pbmc10k,totalvi,0,l1
CD4 T,NK,0.0,pbmc5k_to_pbmc10k,totalvi,0,l1
CD8 T,NK,0.0015313935681470138,pbmc5k_to_pbmc10k,totalvi,0,l1
DC,NK,0.006060606060606061,pbmc5k_to_pbmc10k,totalvi,0,l1
Mono,NK,0.0,pbmc5k_to_pbmc10k,totalvi,0,l1
NK,NK,0.9618226600985221,pbmc5k_to_pbmc10k,totalvi,0,l1
other,NK,0.0228310502283105,pbmc5k_to_pbmc10k,totalvi,0,l1
other T,NK,0.002036659877800407,pbmc5k_to_pbmc10k,totalvi,0,l1
B,other,0.004056795131845842,pbmc5k_to_pbmc10k,totalvi,0,l1
CD4 T,other,0.0015552099533437014,pbmc5k_to_pbmc10k,totalvi,0,l1
CD8 T,other,0.0,pbmc5k_to_pbmc10k,totalvi,0,l1
DC,other,0.006060606060606061,pbmc5k_to_pbmc10k,totalvi,0,l1
Mono,other,0.008955223880597015,pbmc5k_to_pbmc10k,totalvi,0,l1
NK,other,0.0,pbmc5k_to_pbmc10k,totalvi,0,l1
other,other,0.5205479452054794,pbmc5k_to_pbmc10k,totalvi,0,l1
other T,other,0.004073319755600814,pbmc5k_to_pbmc10k,totalvi,0,l1
B,other T,0.0,pbmc5k_to_pbmc10k,totalvi,0,l1
CD4 T,other T,0.0015552099533437014,pbmc5k_to_pbmc10k,totalvi,0,l1
CD8 T,other T,0.05053598774885146,pbmc5k_to_pbmc10k,totalvi,0,l1
DC,other T,0.0,pbmc5k_to_pbmc10k,totalvi,0,l1
Mono,other T,0.0,pbmc5k_to_pbmc10k,totalvi,0,l1
NK,other T,0.03694581280788178,pbmc5k_to_pbmc10k,totalvi,0,l1
other,other T,0.0136986301369863,pbmc5k_to_pbmc10k,totalvi,0,l1
other T,other T,0.7535641547861507,pbmc5k_to_pbmc10k,totalvi,0,l1
B intermediate,B intermediate,0.7647058823529411,pbmc5k_to_pbmc10k,scvi_matched,1,l2
B memory,B intermediate,0.5151515151515151,pbmc5k_to_pbmc10k,scvi_matched,1,l2
B naive,B intermediate,0.009523809523809525,pbmc5k_to_pbmc10k,scvi_matched,1,l2
CD14 Mono,B intermediate,0.0,pbmc5k_to_pbmc10k,scvi_matched,1,l2
CD16 Mono,B intermediate,0.0,pbmc5k_to_pbmc10k,scvi_matched,1,l2
CD4 CTL,B intermediate,0.0,pbmc5k_to_pbmc10k,scvi_matched,1,l2
CD4 Naive,B intermediate,0.0,pbmc5k_to_pbmc10k,scvi_matched,1,l2
CD4 TCM,B intermediate,0.0,pbmc5k_to_pbmc10k,scvi_matched,1,l2
CD4 TEM,B intermediate,0.0,pbmc5k_to_pbmc10k,scvi_matched,1,l2
CD8 Naive,B intermediate,0.0,pbmc5k_to_pbmc10k,scvi_matched,1,l2
CD8 TCM,B intermediate,0.0,pbmc5k_to_pbmc10k,scvi_matched,1,l2
CD8 TEM,B intermediate,0.0,pbmc5k_to_pbmc10k,scvi_matched,1,l2
Eryth,B intermediate,0.0,pbmc5k_to_pbmc10k,scvi_matched,1,l2
ILC,B intermediate,0.0,pbmc5k_to_pbmc10k,scvi_matched,1,l2
MAIT,B intermediate,0.0,pbmc5k_to_pbmc10k,scvi_matched,1,l2
NK,B intermediate,0.0,pbmc5k_to_pbmc10k,scvi_matched,1,l2
NK_CD56bright,B intermediate,0.0,pbmc5k_to_pbmc10k,scvi_matched,1,l2
Treg,B intermediate,0.0,pbmc5k_to_pbmc10k,scvi_matched,1,l2
cDC2,B intermediate,0.0,pbmc5k_to_pbmc10k,scvi_matched,1,l2
gdT,B intermediate,0.0,pbmc5k_to_pbmc10k,scvi_matched,1,l2
pDC,B intermediate,0.0,pbmc5k_to_pbmc10k,scvi_matched,1,l2
B intermediate,B memory,0.08823529411764706,pbmc5k_to_pbmc10k,scvi_matched,1,l2
B memory,B memory,0.47474747474747475,pbmc5k_to_pbmc10k,scvi_matched,1,l2
B naive,B memory,0.0,pbmc5k_to_pbmc10k,scvi_matched,1,l2
CD14 Mono,B memory,0.0,pbmc5k_to_pbmc10k,scvi_matched,1,l2
CD16 Mono,B memory,0.0,pbmc5k_to_pbmc10k,scvi_matched,1,l2
CD4 CTL,B memory,0.0,pbmc5k_to_pbmc10k,scvi_matched,1,l2
CD4 Naive,B memory,0.0,pbmc5k_to_pbmc10k,scvi_matched,1,l2
CD4 TCM,B memory,0.0017241379310344827,pbmc5k_to_pbmc10k,scvi_matched,1,l2
CD4 TEM,B memory,0.0,pbmc5k_to_pbmc10k,scvi_matched,1,l2
CD8 Naive,B memory,0.0,pbmc5k_to_pbmc10k,scvi_matched,1,l2
CD8 TCM,B memory,0.0,pbmc5k_to_pbmc10k,scvi_matched,1,l2
CD8 TEM,B memory,0.0,pbmc5k_to_pbmc10k,scvi_matched,1,l2
Eryth,B memory,0.0,pbmc5k_to_pbmc10k,scvi_matched,1,l2
ILC,B memory,0.015384615384615385,pbmc5k_to_pbmc10k,scvi_matched,1,l2
MAIT,B memory,0.0,pbmc5k_to_pbmc10k,scvi_matched,1,l2
NK,B memory,0.0,pbmc5k_to_pbmc10k,scvi_matched,1,l2
NK_CD56bright,B memory,0.0,pbmc5k_to_pbmc10k,scvi_matched,1,l2
Treg,B memory,0.0,pbmc5k_to_pbmc10k,scvi_matched,1,l2
cDC2,B memory,0.0,pbmc5k_to_pbmc10k,scvi_matched,1,l2
gdT,B memory,0.0,pbmc5k_to_pbmc10k,scvi_matched,1,l2
pDC,B memory,0.0,pbmc5k_to_pbmc10k,scvi_matched,1,l2
B intermediate,B naive,0.14705882352941177,pbmc5k_to_pbmc10k,scvi_matched,1,l2
B memory,B naive,0.010101010101010102,pbmc5k_to_pbmc10k,scvi_matched,1,l2
B naive,B naive,0.9904761904761905,pbmc5k_to_pbmc10k,scvi_matched,1,l2
CD14 Mono,B naive,0.0,pbmc5k_to_pbmc10k,scvi_matched,1,l2
CD16 Mono,B naive,0.0,pbmc5k_to_pbmc10k,scvi_matched,1,l2
CD4 CTL,B naive,0.0,pbmc5k_to_pbmc10k,scvi_matched,1,l2
CD4 Naive,B naive,0.0,pbmc5k_to_pbmc10k,scvi_matched,1,l2
CD4 TCM,B naive,0.0,pbmc5k_to_pbmc10k,scvi_matched,1,l2
CD4 TEM,B naive,0.0,pbmc5k_to_pbmc10k,scvi_matched,1,l2
CD8 Naive,B naive,0.0,pbmc5k_to_pbmc10k,scvi_matched,1,l2
CD8 TCM,B naive,0.0,pbmc5k_to_pbmc10k,scvi_matched,1,l2
CD8 TEM,B naive,0.0,pbmc5k_to_pbmc10k,scvi_matched,1,l2
Eryth,B naive,0.0,pbmc5k_to_pbmc10k,scvi_matched,1,l2
ILC,B naive,0.0,pbmc5k_to_pbmc10k,scvi_matched,1,l2
MAIT,B naive,0.0,pbmc5k_to_pbmc10k,scvi_matched,1,l2
NK,B naive,0.0,pbmc5k_to_pbmc10k,scvi_matched,1,l2
NK_CD56bright,B naive,0.0,pbmc5k_to_pbmc10k,scvi_matched,1,l2
Treg,B naive,0.0,pbmc5k_to_pbmc10k,scvi_matched,1,l2
cDC2,B naive,0.0,pbmc5k_to_pbmc10k,scvi_matched,1,l2
gdT,B naive,0.0,pbmc5k_to_pbmc10k,scvi_matched,1,l2
pDC,B naive,0.0,pbmc5k_to_pbmc10k,scvi_matched,1,l2
B intermediate,CD14 Mono,0.0,pbmc5k_to_pbmc10k,scvi_matched,1,l2
B memory,CD14 Mono,0.0,pbmc5k_to_pbmc10k,scvi_matched,1,l2
B naive,CD14 Mono,0.0,pbmc5k_to_pbmc10k,scvi_matched,1,l2
CD14 Mono,CD14 Mono,0.9862570735650767,pbmc5k_to_pbmc10k,scvi_matched,1,l2
CD16 Mono,CD14 Mono,0.009708737864077669,pbmc5k_to_pbmc10k,scvi_matched,1,l2
CD4 CTL,CD14 Mono,0.0,pbmc5k_to_pbmc10k,scvi_matched,1,l2
CD4 Naive,CD14 Mono,0.0,pbmc5k_to_pbmc10k,scvi_matched,1,l2
CD4 TCM,CD14 Mono,0.0,pbmc5k_to_pbmc10k,scvi_matched,1,l2
CD4 TEM,CD14 Mono,0.0,pbmc5k_to_pbmc10k,scvi_matched,1,l2
CD8 Naive,CD14 Mono,0.0,pbmc5k_to_pbmc10k,scvi_matched,1,l2
CD8 TCM,CD14 Mono,0.0,pbmc5k_to_pbmc10k,scvi_matched,1,l2
CD8 TEM,CD14 Mono,0.0,pbmc5k_to_pbmc10k,scvi_matched,1,l2
Eryth,CD14 Mono,0.4444444444444444,pbmc5k_to_pbmc10k,scvi_matched,1,l2
ILC,CD14 Mono,0.0,pbmc5k_to_pbmc10k,scvi_matched,1,l2
MAIT,CD14 Mono,0.0,pbmc5k_to_pbmc10k,scvi_matched,1,l2
NK,CD14 Mono,0.0,pbmc5k_to_pbmc10k,scvi_matched,1,l2
NK_CD56bright,CD14 Mono,0.0,pbmc5k_to_pbmc10k,scvi_matched,1,l2
Treg,CD14 Mono,0.0,pbmc5k_to_pbmc10k,scvi_matched,1,l2
cDC2,CD14 Mono,0.2740740740740741,pbmc5k_to_pbmc10k,scvi_matched,1,l2
gdT,CD14 Mono,0.0,pbmc5k_to_pbmc10k,scvi_matched,1,l2
pDC,CD14 Mono,0.0,pbmc5k_to_pbmc10k,scvi_matched,1,l2
B intermediate,CD16 Mono,0.0,pbmc5k_to_pbmc10k,scvi_matched,1,l2
B memory,CD16 Mono,0.0,pbmc5k_to_pbmc10k,scvi_matched,1,l2
B naive,CD16 Mono,0.0,pbmc5k_to_pbmc10k,scvi_matched,1,l2
CD14 Mono,CD16 Mono,0.004850444624090542,pbmc5k_to_pbmc10k,scvi_matched,1,l2
CD16 Mono,CD16 Mono,0.9902912621359223,pbmc5k_to_pbmc10k,scvi_matched,1,l2
CD4 CTL,CD16 Mono,0.0,pbmc5k_to_pbmc10k,scvi_matched,1,l2
CD4 Naive,CD16 Mono,0.0,pbmc5k_to_pbmc10k,scvi_matched,1,l2
CD4 TCM,CD16 Mono,0.0,pbmc5k_to_pbmc10k,scvi_matched,1,l2
CD4 TEM,CD16 Mono,0.0,pbmc5k_to_pbmc10k,scvi_matched,1,l2
CD8 Naive,CD16 Mono,0.0,pbmc5k_to_pbmc10k,scvi_matched,1,l2
CD8 TCM,CD16 Mono,0.0,pbmc5k_to_pbmc10k,scvi_matched,1,l2
CD8 TEM,CD16 Mono,0.0,pbmc5k_to_pbmc10k,scvi_matched,1,l2
Eryth,CD16 Mono,0.0,pbmc5k_to_pbmc10k,scvi_matched,1,l2
ILC,CD16 Mono,0.0,pbmc5k_to_pbmc10k,scvi_matched,1,l2
MAIT,CD16 Mono,0.0,pbmc5k_to_pbmc10k,scvi_matched,1,l2
NK,CD16 Mono,0.0,pbmc5k_to_pbmc10k,scvi_matched,1,l2
NK_CD56bright,CD16 Mono,0.0,pbmc5k_to_pbmc10k,scvi_matched,1,l2
Treg,CD16 Mono,0.0,pbmc5k_to_pbmc10k,scvi_matched,1,l2
cDC2,CD16 Mono,0.022222222222222223,pbmc5k_to_pbmc10k,scvi_matched,1,l2
gdT,CD16 Mono,0.0,pbmc5k_to_pbmc10k,scvi_matched,1,l2
pDC,CD16 Mono,0.0,pbmc5k_to_pbmc10k,scvi_matched,1,l2
B intermediate,CD4 CTL,0.0,pbmc5k_to_pbmc10k,scvi_matched,1,l2
B memory,CD4 CTL,0.0,pbmc5k_to_pbmc10k,scvi_matched,1,l2
B naive,CD4 CTL,0.0,pbmc5k_to_pbmc10k,scvi_matched,1,l2
CD14 Mono,CD4 CTL,0.0,pbmc5k_to_pbmc10k,scvi_matched,1,l2
CD16 Mono,CD4 CTL,0.0,pbmc5k_to_pbmc10k,scvi_matched,1,l2
CD4 CTL,CD4 CTL,0.0,pbmc5k_to_pbmc10k,scvi_matched,1,l2
CD4 Naive,CD4 CTL,0.0,pbmc5k_to_pbmc10k,scvi_matched,1,l2
CD4 TCM,CD4 CTL,0.0,pbmc5k_to_pbmc10k,scvi_matched,1,l2
CD4 TEM,CD4 CTL,0.0,pbmc5k_to_pbmc10k,scvi_matched,1,l2
CD8 Naive,CD4 CTL,0.0,pbmc5k_to_pbmc10k,scvi_matched,1,l2
CD8 TCM,CD4 CTL,0.0,pbmc5k_to_pbmc10k,scvi_matched,1,l2
CD8 TEM,CD4 CTL,0.0,pbmc5k_to_pbmc10k,scvi_matched,1,l2
Eryth,CD4 CTL,0.0,pbmc5k_to_pbmc10k,scvi_matched,1,l2
ILC,CD4 CTL,0.0,pbmc5k_to_pbmc10k,scvi_matched,1,l2
MAIT,CD4 CTL,0.0028089887640449437,pbmc5k_to_pbmc10k,scvi_matched,1,l2
NK,CD4 CTL,0.0,pbmc5k_to_pbmc10k,scvi_matched,1,l2
NK_CD56bright,CD4 CTL,0.0,pbmc5k_to_pbmc10k,scvi_matched,1,l2
Treg,CD4 CTL,0.0,pbmc5k_to_pbmc10k,scvi_matched,1,l2
cDC2,CD4 CTL,0.0,pbmc5k_to_pbmc10k,scvi_matched,1,l2
gdT,CD4 CTL,0.0,pbmc5k_to_pbmc10k,scvi_matched,1,l2
pDC,CD4 CTL,0.0,pbmc5k_to_pbmc10k,scvi_matched,1,l2
B intermediate,CD4 Naive,0.0,pbmc5k_to_pbmc10k,scvi_matched,1,l2
B memory,CD4 Naive,0.0,pbmc5k_to_pbmc10k,scvi_matched,1,l2
B naive,CD4 Naive,0.0,pbmc5k_to_pbmc10k,scvi_matched,1,l2
CD14 Mono,CD4 Naive,0.0,pbmc5k_to_pbmc10k,scvi_matched,1,l2
CD16 Mono,CD4 Naive,0.0,pbmc5k_to_pbmc10k,scvi_matched,1,l2
CD4 CTL,CD4 Naive,0.0,pbmc5k_to_pbmc10k,scvi_matched,1,l2
CD4 Naive,CD4 Naive,0.9761006289308176,pbmc5k_to_pbmc10k,scvi_matched,1,l2
CD4 TCM,CD4 Naive,0.08793103448275862,pbmc5k_to_pbmc10k,scvi_matched,1,l2
CD4 TEM,CD4 Naive,0.0,pbmc5k_to_pbmc10k,scvi_matched,1,l2
CD8 Naive,CD4 Naive,0.784375,pbmc5k_to_pbmc10k,scvi_matched,1,l2
CD8 TCM,CD4 Naive,0.09090909090909091,pbmc5k_to_pbmc10k,scvi_matched,1,l2
CD8 TEM,CD4 Naive,0.0,pbmc5k_to_pbmc10k,scvi_matched,1,l2
Eryth,CD4 Naive,0.0,pbmc5k_to_pbmc10k,scvi_matched,1,l2
ILC,CD4 Naive,0.015384615384615385,pbmc5k_to_pbmc10k,scvi_matched,1,l2
MAIT,CD4 Naive,0.0,pbmc5k_to_pbmc10k,scvi_matched,1,l2
NK,CD4 Naive,0.0,pbmc5k_to_pbmc10k,scvi_matched,1,l2
NK_CD56bright,CD4 Naive,0.0,pbmc5k_to_pbmc10k,scvi_matched,1,l2
Treg,CD4 Naive,0.2863070539419087,pbmc5k_to_pbmc10k,scvi_matched,1,l2
cDC2,CD4 Naive,0.0,pbmc5k_to_pbmc10k,scvi_matched,1,l2
gdT,CD4 Naive,0.06779661016949153,pbmc5k_to_pbmc10k,scvi_matched,1,l2
pDC,CD4 Naive,0.0,pbmc5k_to_pbmc10k,scvi_matched,1,l2
B intermediate,CD4 TCM,0.0,pbmc5k_to_pbmc10k,scvi_matched,1,l2
B memory,CD4 TCM,0.0,pbmc5k_to_pbmc10k,scvi_matched,1,l2
B naive,CD4 TCM,0.0,pbmc5k_to_pbmc10k,scvi_matched,1,l2
CD14 Mono,CD4 TCM,0.0,pbmc5k_to_pbmc10k,scvi_matched,1,l2
CD16 Mono,CD4 TCM,0.0,pbmc5k_to_pbmc10k,scvi_matched,1,l2
CD4 CTL,CD4 TCM,0.0,pbmc5k_to_pbmc10k,scvi_matched,1,l2
CD4 Naive,CD4 TCM,0.00880503144654088,pbmc5k_to_pbmc10k,scvi_matched,1,l2
CD4 TCM,CD4 TCM,0.6655172413793103,pbmc5k_to_pbmc10k,scvi_matched,1,l2
CD4 TEM,CD4 TCM,0.18149466192170818,pbmc5k_to_pbmc10k,scvi_matched,1,l2
CD8 Naive,CD4 TCM,0.003125,pbmc5k_to_pbmc10k,scvi_matched,1,l2
CD8 TCM,CD4 TCM,0.23376623376623376,pbmc5k_to_pbmc10k,scvi_matched,1,l2
CD8 TEM,CD4 TCM,0.0040650406504065045,pbmc5k_to_pbmc10k,scvi_matched,1,l2
Eryth,CD4 TCM,0.0,pbmc5k_to_pbmc10k,scvi_matched,1,l2
ILC,CD4 TCM,0.36923076923076925,pbmc5k_to_pbmc10k,scvi_matched,1,l2
MAIT,CD4 TCM,0.0,pbmc5k_to_pbmc10k,scvi_matched,1,l2
NK,CD4 TCM,0.0,pbmc5k_to_pbmc10k,scvi_matched,1,l2
NK_CD56bright,CD4 TCM,0.0,pbmc5k_to_pbmc10k,scvi_matched,1,l2
Treg,CD4 TCM,0.0912863070539419,pbmc5k_to_pbmc10k,scvi_matched,1,l2
cDC2,CD4 TCM,0.0,pbmc5k_to_pbmc10k,scvi_matched,1,l2
gdT,CD4 TCM,0.03389830508474576,pbmc5k_to_pbmc10k,scvi_matched,1,l2
pDC,CD4 TCM,0.0,pbmc5k_to_pbmc10k,scvi_matched,1,l2
B intermediate,CD4 TEM,0.0,pbmc5k_to_pbmc10k,scvi_matched,1,l2
B memory,CD4 TEM,0.0,pbmc5k_to_pbmc10k,scvi_matched,1,l2
B naive,CD4 TEM,0.0,pbmc5k_to_pbmc10k,scvi_matched,1,l2
CD14 Mono,CD4 TEM,0.0,pbmc5k_to_pbmc10k,scvi_matched,1,l2
CD16 Mono,CD4 TEM,0.0,pbmc5k_to_pbmc10k,scvi_matched,1,l2
CD4 CTL,CD4 TEM,0.0,pbmc5k_to_pbmc10k,scvi_matched,1,l2
CD4 Naive,CD4 TEM,0.0,pbmc5k_to_pbmc10k,scvi_matched,1,l2
CD4 TCM,CD4 TEM,0.022413793103448276,pbmc5k_to_pbmc10k,scvi_matched,1,l2
CD4 TEM,CD4 TEM,0.5373665480427047,pbmc5k_to_pbmc10k,scvi_matched,1,l2
CD8 Naive,CD4 TEM,0.0,pbmc5k_to_pbmc10k,scvi_matched,1,l2
CD8 TCM,CD4 TEM,0.24675324675324675,pbmc5k_to_pbmc10k,scvi_matched,1,l2
CD8 TEM,CD4 TEM,0.0,pbmc5k_to_pbmc10k,scvi_matched,1,l2
Eryth,CD4 TEM,0.0,pbmc5k_to_pbmc10k,scvi_matched,1,l2
ILC,CD4 TEM,0.18461538461538463,pbmc5k_to_pbmc10k,scvi_matched,1,l2
MAIT,CD4 TEM,0.1151685393258427,pbmc5k_to_pbmc10k,scvi_matched,1,l2
NK,CD4 TEM,0.0,pbmc5k_to_pbmc10k,scvi_matched,1,l2
NK_CD56bright,CD4 TEM,0.0,pbmc5k_to_pbmc10k,scvi_matched,1,l2
Treg,CD4 TEM,0.0,pbmc5k_to_pbmc10k,scvi_matched,1,l2
cDC2,CD4 TEM,0.0,pbmc5k_to_pbmc10k,scvi_matched,1,l2
gdT,CD4 TEM,0.0,pbmc5k_to_pbmc10k,scvi_matched,1,l2
pDC,CD4 TEM,0.0,pbmc5k_to_pbmc10k,scvi_matched,1,l2
B intermediate,CD8 Naive,0.0,pbmc5k_to_pbmc10k,scvi_matched,1,l2
B memory,CD8 Naive,0.0,pbmc5k_to_pbmc10k,scvi_matched,1,l2
B naive,CD8 Naive,0.0,pbmc5k_to_pbmc10k,scvi_matched,1,l2
CD14 Mono,CD8 Naive,0.0,pbmc5k_to_pbmc10k,scvi_matched,1,l2
CD16 Mono,CD8 Naive,0.0,pbmc5k_to_pbmc10k,scvi_matched,1,l2
CD4 CTL,CD8 Naive,0.0,pbmc5k_to_pbmc10k,scvi_matched,1,l2
CD4 Naive,CD8 Naive,0.0,pbmc5k_to_pbmc10k,scvi_matched,1,l2
CD4 TCM,CD8 Naive,0.0,pbmc5k_to_pbmc10k,scvi_matched,1,l2
CD4 TEM,CD8 Naive,0.0,pbmc5k_to_pbmc10k,scvi_matched,1,l2
CD8 Naive,CD8 Naive,0.18125,pbmc5k_to_pbmc10k,scvi_matched,1,l2
CD8 TCM,CD8 Naive,0.025974025974025976,pbmc5k_to_pbmc10k,scvi_matched,1,l2
CD8 TEM,CD8 Naive,0.0,pbmc5k_to_pbmc10k,scvi_matched,1,l2
Eryth,CD8 Naive,0.0,pbmc5k_to_pbmc10k,scvi_matched,1,l2
ILC,CD8 Naive,0.0,pbmc5k_to_pbmc10k,scvi_matched,1,l2
MAIT,CD8 Naive,0.0,pbmc5k_to_pbmc10k,scvi_matched,1,l2
NK,CD8 Naive,0.0,pbmc5k_to_pbmc10k,scvi_matched,1,l2
NK_CD56bright,CD8 Naive,0.0,pbmc5k_to_pbmc10k,scvi_matched,1,l2
Treg,CD8 Naive,0.004149377593360996,pbmc5k_to_pbmc10k,scvi_matched,1,l2
cDC2,CD8 Naive,0.0,pbmc5k_to_pbmc10k,scvi_matched,1,l2
gdT,CD8 Naive,0.03389830508474576,pbmc5k_to_pbmc10k,scvi_matched,1,l2
pDC,CD8 Naive,0.0,pbmc5k_to_pbmc10k,scvi_matched,1,l2
B intermediate,CD8 TCM,0.0,pbmc5k_to_pbmc10k,scvi_matched,1,l2
B memory,CD8 TCM,0.0,pbmc5k_to_pbmc10k,scvi_matched,1,l2
B naive,CD8 TCM,0.0,pbmc5k_to_pbmc10k,scvi_matched,1,l2
CD14 Mono,CD8 TCM,0.0,pbmc5k_to_pbmc10k,scvi_matched,1,l2
CD16 Mono,CD8 TCM,0.0,pbmc5k_to_pbmc10k,scvi_matched,1,l2
CD4 CTL,CD8 TCM,0.0,pbmc5k_to_pbmc10k,scvi_matched,1,l2
CD4 Naive,CD8 TCM,0.0,pbmc5k_to_pbmc10k,scvi_matched,1,l2
CD4 TCM,CD8 TCM,0.0,pbmc5k_to_pbmc10k,scvi_matched,1,l2
CD4 TEM,CD8 TCM,0.0035587188612099642,pbmc5k_to_pbmc10k,scvi_matched,1,l2
CD8 Naive,CD8 TCM,0.0,pbmc5k_to_pbmc10k,scvi_matched,1,l2
CD8 TCM,CD8 TCM,0.05194805194805195,pbmc5k_to_pbmc10k,scvi_matched,1,l2
CD8 TEM,CD8 TCM,0.0040650406504065045,pbmc5k_to_pbmc10k,scvi_matched,1,l2
Eryth,CD8 TCM,0.0,pbmc5k_to_pbmc10k,scvi_matched,1,l2
ILC,CD8 TCM,0.046153846153846156,pbmc5k_to_pbmc10k,scvi_matched,1,l2
MAIT,CD8 TCM,0.0056179775280898875,pbmc5k_to_pbmc10k,scvi_matched,1,l2
NK,CD8 TCM,0.0,pbmc5k_to_pbmc10k,scvi_matched,1,l2
NK_CD56bright,CD8 TCM,0.0,pbmc5k_to_pbmc10k,scvi_matched,1,l2
Treg,CD8 TCM,0.0,pbmc5k_to_pbmc10k,scvi_matched,1,l2
cDC2,CD8 TCM,0.0,pbmc5k_to_pbmc10k,scvi_matched,1,l2
gdT,CD8 TCM,0.0847457627118644,pbmc5k_to_pbmc10k,scvi_matched,1,l2
pDC,CD8 TCM,0.0,pbmc5k_to_pbmc10k,scvi_matched,1,l2
B intermediate,CD8 TEM,0.0,pbmc5k_to_pbmc10k,scvi_matched,1,l2
B memory,CD8 TEM,0.0,pbmc5k_to_pbmc10k,scvi_matched,1,l2
B naive,CD8 TEM,0.0,pbmc5k_to_pbmc10k,scvi_matched,1,l2
CD14 Mono,CD8 TEM,0.0,pbmc5k_to_pbmc10k,scvi_matched,1,l2
CD16 Mono,CD8 TEM,0.0,pbmc5k_to_pbmc10k,scvi_matched,1,l2
CD4 CTL,CD8 TEM,0.9583333333333334,pbmc5k_to_pbmc10k,scvi_matched,1,l2
CD4 Naive,CD8 TEM,0.0,pbmc5k_to_pbmc10k,scvi_matched,1,l2
CD4 TCM,CD8 TEM,0.0,pbmc5k_to_pbmc10k,scvi_matched,1,l2
CD4 TEM,CD8 TEM,0.1494661921708185,pbmc5k_to_pbmc10k,scvi_matched,1,l2
CD8 Naive,CD8 TEM,0.0,pbmc5k_to_pbmc10k,scvi_matched,1,l2
CD8 TCM,CD8 TEM,0.16883116883116883,pbmc5k_to_pbmc10k,scvi_matched,1,l2
CD8 TEM,CD8 TEM,0.9308943089430894,pbmc5k_to_pbmc10k,scvi_matched,1,l2
Eryth,CD8 TEM,0.0,pbmc5k_to_pbmc10k,scvi_matched,1,l2
ILC,CD8 TEM,0.015384615384615385,pbmc5k_to_pbmc10k,scvi_matched,1,l2
MAIT,CD8 TEM,0.7556179775280899,pbmc5k_to_pbmc10k,scvi_matched,1,l2
NK,CD8 TEM,0.0,pbmc5k_to_pbmc10k,scvi_matched,1,l2
NK_CD56bright,CD8 TEM,0.0,pbmc5k_to_pbmc10k,scvi_matched,1,l2
Treg,CD8 TEM,0.0,pbmc5k_to_pbmc10k,scvi_matched,1,l2
cDC2,CD8 TEM,0.0,pbmc5k_to_pbmc10k,scvi_matched,1,l2
gdT,CD8 TEM,0.576271186440678,pbmc5k_to_pbmc10k,scvi_matched,1,l2
pDC,CD8 TEM,0.0,pbmc5k_to_pbmc10k,scvi_matched,1,l2
B intermediate,Eryth,0.0,pbmc5k_to_pbmc10k,scvi_matched,1,l2
B memory,Eryth,0.0,pbmc5k_to_pbmc10k,scvi_matched,1,l2
B naive,Eryth,0.0,pbmc5k_to_pbmc10k,scvi_matched,1,l2
CD14 Mono,Eryth,0.00889248181083266,pbmc5k_to_pbmc10k,scvi_matched,1,l2
CD16 Mono,Eryth,0.0,pbmc5k_to_pbmc10k,scvi_matched,1,l2
CD4 CTL,Eryth,0.0,pbmc5k_to_pbmc10k,scvi_matched,1,l2
CD4 Naive,Eryth,0.0,pbmc5k_to_pbmc10k,scvi_matched,1,l2
CD4 TCM,Eryth,0.0,pbmc5k_to_pbmc10k,scvi_matched,1,l2
CD4 TEM,Eryth,0.0,pbmc5k_to_pbmc10k,scvi_matched,1,l2
CD8 Naive,Eryth,0.0,pbmc5k_to_pbmc10k,scvi_matched,1,l2
CD8 TCM,Eryth,0.0,pbmc5k_to_pbmc10k,scvi_matched,1,l2
CD8 TEM,Eryth,0.0,pbmc5k_to_pbmc10k,scvi_matched,1,l2
Eryth,Eryth,0.5555555555555556,pbmc5k_to_pbmc10k,scvi_matched,1,l2
ILC,Eryth,0.0,pbmc5k_to_pbmc10k,scvi_matched,1,l2
MAIT,Eryth,0.0,pbmc5k_to_pbmc10k,scvi_matched,1,l2
NK,Eryth,0.0,pbmc5k_to_pbmc10k,scvi_matched,1,l2
NK_CD56bright,Eryth,0.0,pbmc5k_to_pbmc10k,scvi_matched,1,l2
Treg,Eryth,0.0,pbmc5k_to_pbmc10k,scvi_matched,1,l2
cDC2,Eryth,0.0,pbmc5k_to_pbmc10k,scvi_matched,1,l2
gdT,Eryth,0.0,pbmc5k_to_pbmc10k,scvi_matched,1,l2
pDC,Eryth,0.0,pbmc5k_to_pbmc10k,scvi_matched,1,l2
B intermediate,ILC,0.0,pbmc5k_to_pbmc10k,scvi_matched,1,l2
B memory,ILC,0.0,pbmc5k_to_pbmc10k,scvi_matched,1,l2
B naive,ILC,0.0,pbmc5k_to_pbmc10k,scvi_matched,1,l2
CD14 Mono,ILC,0.0,pbmc5k_to_pbmc10k,scvi_matched,1,l2
CD16 Mono,ILC,0.0,pbmc5k_to_pbmc10k,scvi_matched,1,l2
CD4 CTL,ILC,0.0,pbmc5k_to_pbmc10k,scvi_matched,1,l2
CD4 Naive,ILC,0.0,pbmc5k_to_pbmc10k,scvi_matched,1,l2
CD4 TCM,ILC,0.01206896551724138,pbmc5k_to_pbmc10k,scvi_matched,1,l2
CD4 TEM,ILC,0.0035587188612099642,pbmc5k_to_pbmc10k,scvi_matched,1,l2
CD8 Naive,ILC,0.0,pbmc5k_to_pbmc10k,scvi_matched,1,l2
CD8 TCM,ILC,0.0,pbmc5k_to_pbmc10k,scvi_matched,1,l2
CD8 TEM,ILC,0.0,pbmc5k_to_pbmc10k,scvi_matched,1,l2
Eryth,ILC,0.0,pbmc5k_to_pbmc10k,scvi_matched,1,l2
ILC,ILC,0.16923076923076924,pbmc5k_to_pbmc10k,scvi_matched,1,l2
MAIT,ILC,0.0056179775280898875,pbmc5k_to_pbmc10k,scvi_matched,1,l2
NK,ILC,0.0,pbmc5k_to_pbmc10k,scvi_matched,1,l2
NK_CD56bright,ILC,0.0,pbmc5k_to_pbmc10k,scvi_matched,1,l2
Treg,ILC,0.0,pbmc5k_to_pbmc10k,scvi_matched,1,l2
cDC2,ILC,0.0,pbmc5k_to_pbmc10k,scvi_matched,1,l2
gdT,ILC,0.0,pbmc5k_to_pbmc10k,scvi_matched,1,l2
pDC,ILC,0.0,pbmc5k_to_pbmc10k,scvi_matched,1,l2
B intermediate,MAIT,0.0,pbmc5k_to_pbmc10k,scvi_matched,1,l2
B memory,MAIT,0.0,pbmc5k_to_pbmc10k,scvi_matched,1,l2
B naive,MAIT,0.0,pbmc5k_to_pbmc10k,scvi_matched,1,l2
CD14 Mono,MAIT,0.0,pbmc5k_to_pbmc10k,scvi_matched,1,l2
CD16 Mono,MAIT,0.0,pbmc5k_to_pbmc10k,scvi_matched,1,l2
CD4 CTL,MAIT,0.0,pbmc5k_to_pbmc10k,scvi_matched,1,l2
CD4 Naive,MAIT,0.0,pbmc5k_to_pbmc10k,scvi_matched,1,l2
CD4 TCM,MAIT,0.0,pbmc5k_to_pbmc10k,scvi_matched,1,l2
CD4 TEM,MAIT,0.0,pbmc5k_to_pbmc10k,scvi_matched,1,l2
CD8 Naive,MAIT,0.0,pbmc5k_to_pbmc10k,scvi_matched,1,l2
CD8 TCM,MAIT,0.0,pbmc5k_to_pbmc10k,scvi_matched,1,l2
CD8 TEM,MAIT,0.0,pbmc5k_to_pbmc10k,scvi_matched,1,l2
Eryth,MAIT,0.0,pbmc5k_to_pbmc10k,scvi_matched,1,l2
ILC,MAIT,0.0,pbmc5k_to_pbmc10k,scvi_matched,1,l2
MAIT,MAIT,0.0,pbmc5k_to_pbmc10k,scvi_matched,1,l2
NK,MAIT,0.0,pbmc5k_to_pbmc10k,scvi_matched,1,l2
NK_CD56bright,MAIT,0.0,pbmc5k_to_pbmc10k,scvi_matched,1,l2
Treg,MAIT,0.0,pbmc5k_to_pbmc10k,scvi_matched,1,l2
cDC2,MAIT,0.0,pbmc5k_to_pbmc10k,scvi_matched,1,l2
gdT,MAIT,0.0,pbmc5k_to_pbmc10k,scvi_matched,1,l2
pDC,MAIT,0.0,pbmc5k_to_pbmc10k,scvi_matched,1,l2
B intermediate,NK,0.0,pbmc5k_to_pbmc10k,scvi_matched,1,l2
B memory,NK,0.0,pbmc5k_to_pbmc10k,scvi_matched,1,l2
B naive,NK,0.0,pbmc5k_to_pbmc10k,scvi_matched,1,l2
CD14 Mono,NK,0.0,pbmc5k_to_pbmc10k,scvi_matched,1,l2
CD16 Mono,NK,0.0,pbmc5k_to_pbmc10k,scvi_matched,1,l2
CD4 CTL,NK,0.0,pbmc5k_to_pbmc10k,scvi_matched,1,l2
CD4 Naive,NK,0.0,pbmc5k_to_pbmc10k,scvi_matched,1,l2
CD4 TCM,NK,0.0,pbmc5k_to_pbmc10k,scvi_matched,1,l2
CD4 TEM,NK,0.0,pbmc5k_to_pbmc10k,scvi_matched,1,l2
CD8 Naive,NK,0.0,pbmc5k_to_pbmc10k,scvi_matched,1,l2
CD8 TCM,NK,0.0,pbmc5k_to_pbmc10k,scvi_matched,1,l2
CD8 TEM,NK,0.028455284552845527,pbmc5k_to_pbmc10k,scvi_matched,1,l2
Eryth,NK,0.0,pbmc5k_to_pbmc10k,scvi_matched,1,l2
ILC,NK,0.0,pbmc5k_to_pbmc10k,scvi_matched,1,l2
MAIT,NK,0.0028089887640449437,pbmc5k_to_pbmc10k,scvi_matched,1,l2
NK,NK,0.9960526315789474,pbmc5k_to_pbmc10k,scvi_matched,1,l2
NK_CD56bright,NK,0.22857142857142856,pbmc5k_to_pbmc10k,scvi_matched,1,l2
Treg,NK,0.0,pbmc5k_to_pbmc10k,scvi_matched,1,l2
cDC2,NK,0.0,pbmc5k_to_pbmc10k,scvi_matched,1,l2
gdT,NK,0.0,pbmc5k_to_pbmc10k,scvi_matched,1,l2
pDC,NK,0.0,pbmc5k_to_pbmc10k,scvi_matched,1,l2
B intermediate,NK_CD56bright,0.0,pbmc5k_to_pbmc10k,scvi_matched,1,l2
B memory,NK_CD56bright,0.0,pbmc5k_to_pbmc10k,scvi_matched,1,l2
B naive,NK_CD56bright,0.0,pbmc5k_to_pbmc10k,scvi_matched,1,l2
CD14 Mono,NK_CD56bright,0.0,pbmc5k_to_pbmc10k,scvi_matched,1,l2
CD16 Mono,NK_CD56bright,0.0,pbmc5k_to_pbmc10k,scvi_matched,1,l2
CD4 CTL,NK_CD56bright,0.0,pbmc5k_to_pbmc10k,scvi_matched,1,l2
CD4 Naive,NK_CD56bright,0.0,pbmc5k_to_pbmc10k,scvi_matched,1,l2
CD4 TCM,NK_CD56bright,0.0,pbmc5k_to_pbmc10k,scvi_matched,1,l2
CD4 TEM,NK_CD56bright,0.0,pbmc5k_to_pbmc10k,scvi_matched,1,l2
CD8 Naive,NK_CD56bright,0.0,pbmc5k_to_pbmc10k,scvi_matched,1,l2
CD8 TCM,NK_CD56bright,0.0,pbmc5k_to_pbmc10k,scvi_matched,1,l2
CD8 TEM,NK_CD56bright,0.0,pbmc5k_to_pbmc10k,scvi_matched,1,l2
Eryth,NK_CD56bright,0.0,pbmc5k_to_pbmc10k,scvi_matched,1,l2
ILC,NK_CD56bright,0.0,pbmc5k_to_pbmc10k,scvi_matched,1,l2
MAIT,NK_CD56bright,0.0,pbmc5k_to_pbmc10k,scvi_matched,1,l2
NK,NK_CD56bright,0.0013157894736842105,pbmc5k_to_pbmc10k,scvi_matched,1,l2
NK_CD56bright,NK_CD56bright,0.37142857142857144,pbmc5k_to_pbmc10k,scvi_matched,1,l2
Treg,NK_CD56bright,0.0,pbmc5k_to_pbmc10k,scvi_matched,1,l2
cDC2,NK_CD56bright,0.0,pbmc5k_to_pbmc10k,scvi_matched,1,l2
gdT,NK_CD56bright,0.0,pbmc5k_to_pbmc10k,scvi_matched,1,l2
pDC,NK_CD56bright,0.0,pbmc5k_to_pbmc10k,scvi_matched,1,l2
B intermediate,Treg,0.0,pbmc5k_to_pbmc10k,scvi_matched,1,l2
B memory,Treg,0.0,pbmc5k_to_pbmc10k,scvi_matched,1,l2
B naive,Treg,0.0,pbmc5k_to_pbmc10k,scvi_matched,1,l2
CD14 Mono,Treg,0.0,pbmc5k_to_pbmc10k,scvi_matched,1,l2
CD16 Mono,Treg,0.0,pbmc5k_to_pbmc10k,scvi_matched,1,l2
CD4 CTL,Treg,0.0,pbmc5k_to_pbmc10k,scvi_matched,1,l2
CD4 Naive,Treg,0.01509433962264151,pbmc5k_to_pbmc10k,scvi_matched,1,l2
CD4 TCM,Treg,0.2103448275862069,pbmc5k_to_pbmc10k,scvi_matched,1,l2
CD4 TEM,Treg,0.12455516014234876,pbmc5k_to_pbmc10k,scvi_matched,1,l2
CD8 Naive,Treg,0.03125,pbmc5k_to_pbmc10k,scvi_matched,1,l2
CD8 TCM,Treg,0.18181818181818182,pbmc5k_to_pbmc10k,scvi_matched,1,l2
CD8 TEM,Treg,0.008130081300813009,pbmc5k_to_pbmc10k,scvi_matched,1,l2
Eryth,Treg,0.0,pbmc5k_to_pbmc10k,scvi_matched,1,l2
ILC,Treg,0.15384615384615385,pbmc5k_to_pbmc10k,scvi_matched,1,l2
MAIT,Treg,0.0,pbmc5k_to_pbmc10k,scvi_matched,1,l2
NK,Treg,0.0,pbmc5k_to_pbmc10k,scvi_matched,1,l2
NK_CD56bright,Treg,0.0,pbmc5k_to_pbmc10k,scvi_matched,1,l2
Treg,Treg,0.6182572614107884,pbmc5k_to_pbmc10k,scvi_matched,1,l2
cDC2,Treg,0.0,pbmc5k_to_pbmc10k,scvi_matched,1,l2
gdT,Treg,0.0847457627118644,pbmc5k_to_pbmc10k,scvi_matched,1,l2
pDC,Treg,0.0,pbmc5k_to_pbmc10k,scvi_matched,1,l2
B intermediate,cDC2,0.0,pbmc5k_to_pbmc10k,scvi_matched,1,l2
B memory,cDC2,0.0,pbmc5k_to_pbmc10k,scvi_matched,1,l2
B naive,cDC2,0.0,pbmc5k_to_pbmc10k,scvi_matched,1,l2
CD14 Mono,cDC2,0.0,pbmc5k_to_pbmc10k,scvi_matched,1,l2
CD16 Mono,cDC2,0.0,pbmc5k_to_pbmc10k,scvi_matched,1,l2
CD4 CTL,cDC2,0.0,pbmc5k_to_pbmc10k,scvi_matched,1,l2
CD4 Naive,cDC2,0.0,pbmc5k_to_pbmc10k,scvi_matched,1,l2
CD4 TCM,cDC2,0.0,pbmc5k_to_pbmc10k,scvi_matched,1,l2
CD4 TEM,cDC2,0.0,pbmc5k_to_pbmc10k,scvi_matched,1,l2
CD8 Naive,cDC2,0.0,pbmc5k_to_pbmc10k,scvi_matched,1,l2
CD8 TCM,cDC2,0.0,pbmc5k_to_pbmc10k,scvi_matched,1,l2
CD8 TEM,cDC2,0.0,pbmc5k_to_pbmc10k,scvi_matched,1,l2
Eryth,cDC2,0.0,pbmc5k_to_pbmc10k,scvi_matched,1,l2
ILC,cDC2,0.0,pbmc5k_to_pbmc10k,scvi_matched,1,l2
MAIT,cDC2,0.0,pbmc5k_to_pbmc10k,scvi_matched,1,l2
NK,cDC2,0.0,pbmc5k_to_pbmc10k,scvi_matched,1,l2
NK_CD56bright,cDC2,0.0,pbmc5k_to_pbmc10k,scvi_matched,1,l2
Treg,cDC2,0.0,pbmc5k_to_pbmc10k,scvi_matched,1,l2
cDC2,cDC2,0.7037037037037037,pbmc5k_to_pbmc10k,scvi_matched,1,l2
gdT,cDC2,0.0,pbmc5k_to_pbmc10k,scvi_matched,1,l2
pDC,cDC2,0.0,pbmc5k_to_pbmc10k,scvi_matched,1,l2
B intermediate,gdT,0.0,pbmc5k_to_pbmc10k,scvi_matched,1,l2
B memory,gdT,0.0,pbmc5k_to_pbmc10k,scvi_matched,1,l2
B naive,gdT,0.0,pbmc5k_to_pbmc10k,scvi_matched,1,l2
CD14 Mono,gdT,0.0,pbmc5k_to_pbmc10k,scvi_matched,1,l2
CD16 Mono,gdT,0.0,pbmc5k_to_pbmc10k,scvi_matched,1,l2
CD4 CTL,gdT,0.041666666666666664,pbmc5k_to_pbmc10k,scvi_matched,1,l2
CD4 Naive,gdT,0.0,pbmc5k_to_pbmc10k,scvi_matched,1,l2
CD4 TCM,gdT,0.0,pbmc5k_to_pbmc10k,scvi_matched,1,l2
CD4 TEM,gdT,0.0,pbmc5k_to_pbmc10k,scvi_matched,1,l2
CD8 Naive,gdT,0.0,pbmc5k_to_pbmc10k,scvi_matched,1,l2
CD8 TCM,gdT,0.0,pbmc5k_to_pbmc10k,scvi_matched,1,l2
CD8 TEM,gdT,0.024390243902439025,pbmc5k_to_pbmc10k,scvi_matched,1,l2
Eryth,gdT,0.0,pbmc5k_to_pbmc10k,scvi_matched,1,l2
ILC,gdT,0.03076923076923077,pbmc5k_to_pbmc10k,scvi_matched,1,l2
MAIT,gdT,0.11235955056179775,pbmc5k_to_pbmc10k,scvi_matched,1,l2
NK,gdT,0.002631578947368421,pbmc5k_to_pbmc10k,scvi_matched,1,l2
NK_CD56bright,gdT,0.4,pbmc5k_to_pbmc10k,scvi_matched,1,l2
Treg,gdT,0.0,pbmc5k_to_pbmc10k,scvi_matched,1,l2
cDC2,gdT,0.0,pbmc5k_to_pbmc10k,scvi_matched,1,l2
gdT,gdT,0.11864406779661017,pbmc5k_to_pbmc10k,scvi_matched,1,l2
pDC,gdT,0.0,pbmc5k_to_pbmc10k,scvi_matched,1,l2
B intermediate,pDC,0.0,pbmc5k_to_pbmc10k,scvi_matched,1,l2
B memory,pDC,0.0,pbmc5k_to_pbmc10k,scvi_matched,1,l2
B naive,pDC,0.0,pbmc5k_to_pbmc10k,scvi_matched,1,l2
CD14 Mono,pDC,0.0,pbmc5k_to_pbmc10k,scvi_matched,1,l2
CD16 Mono,pDC,0.0,pbmc5k_to_pbmc10k,scvi_matched,1,l2
CD4 CTL,pDC,0.0,pbmc5k_to_pbmc10k,scvi_matched,1,l2
CD4 Naive,pDC,0.0,pbmc5k_to_pbmc10k,scvi_matched,1,l2
CD4 TCM,pDC,0.0,pbmc5k_to_pbmc10k,scvi_matched,1,l2
CD4 TEM,pDC,0.0,pbmc5k_to_pbmc10k,scvi_matched,1,l2
CD8 Naive,pDC,0.0,pbmc5k_to_pbmc10k,scvi_matched,1,l2
CD8 TCM,pDC,0.0,pbmc5k_to_pbmc10k,scvi_matched,1,l2
CD8 TEM,pDC,0.0,pbmc5k_to_pbmc10k,scvi_matched,1,l2
Eryth,pDC,0.0,pbmc5k_to_pbmc10k,scvi_matched,1,l2
ILC,pDC,0.0,pbmc5k_to_pbmc10k,scvi_matched,1,l2
MAIT,pDC,0.0,pbmc5k_to_pbmc10k,scvi_matched,1,l2
NK,pDC,0.0,pbmc5k_to_pbmc10k,scvi_matched,1,l2
NK_CD56bright,pDC,0.0,pbmc5k_to_pbmc10k,scvi_matched,1,l2
Treg,pDC,0.0,pbmc5k_to_pbmc10k,scvi_matched,1,l2
cDC2,pDC,0.0,pbmc5k_to_pbmc10k,scvi_matched,1,l2
gdT,pDC,0.0,pbmc5k_to_pbmc10k,scvi_matched,1,l2
pDC,pDC,1.0,pbmc5k_to_pbmc10k,scvi_matched,1,l2
B intermediate,B intermediate,0.45588235294117646,pbmc5k_to_pbmc10k,totalvi,1,l2
B memory,B intermediate,0.08080808080808081,pbmc5k_to_pbmc10k,totalvi,1,l2
B naive,B intermediate,0.01904761904761905,pbmc5k_to_pbmc10k,totalvi,1,l2
CD14 Mono,B intermediate,0.0,pbmc5k_to_pbmc10k,totalvi,1,l2
CD16 Mono,B intermediate,0.0,pbmc5k_to_pbmc10k,totalvi,1,l2
CD4 CTL,B intermediate,0.0,pbmc5k_to_pbmc10k,totalvi,1,l2
CD4 Naive,B intermediate,0.0,pbmc5k_to_pbmc10k,totalvi,1,l2
CD4 TCM,B intermediate,0.0,pbmc5k_to_pbmc10k,totalvi,1,l2
CD4 TEM,B intermediate,0.0,pbmc5k_to_pbmc10k,totalvi,1,l2
CD8 Naive,B intermediate,0.0,pbmc5k_to_pbmc10k,totalvi,1,l2
CD8 TCM,B intermediate,0.0,pbmc5k_to_pbmc10k,totalvi,1,l2
CD8 TEM,B intermediate,0.0,pbmc5k_to_pbmc10k,totalvi,1,l2
Eryth,B intermediate,0.0,pbmc5k_to_pbmc10k,totalvi,1,l2
ILC,B intermediate,0.0,pbmc5k_to_pbmc10k,totalvi,1,l2
MAIT,B intermediate,0.0,pbmc5k_to_pbmc10k,totalvi,1,l2
NK,B intermediate,0.0,pbmc5k_to_pbmc10k,totalvi,1,l2
NK_CD56bright,B intermediate,0.0,pbmc5k_to_pbmc10k,totalvi,1,l2
Treg,B intermediate,0.0,pbmc5k_to_pbmc10k,totalvi,1,l2
cDC2,B intermediate,0.0,pbmc5k_to_pbmc10k,totalvi,1,l2
gdT,B intermediate,0.0,pbmc5k_to_pbmc10k,totalvi,1,l2
pDC,B intermediate,0.0,pbmc5k_to_pbmc10k,totalvi,1,l2
B intermediate,B memory,0.3382352941176471,pbmc5k_to_pbmc10k,totalvi,1,l2
B memory,B memory,0.8888888888888888,pbmc5k_to_pbmc10k,totalvi,1,l2
B naive,B memory,0.0031746031746031746,pbmc5k_to_pbmc10k,totalvi,1,l2
CD14 Mono,B memory,0.0,pbmc5k_to_pbmc10k,totalvi,1,l2
CD16 Mono,B memory,0.0,pbmc5k_to_pbmc10k,totalvi,1,l2
CD4 CTL,B memory,0.0,pbmc5k_to_pbmc10k,totalvi,1,l2
CD4 Naive,B memory,0.0,pbmc5k_to_pbmc10k,totalvi,1,l2
CD4 TCM,B memory,0.0,pbmc5k_to_pbmc10k,totalvi,1,l2
CD4 TEM,B memory,0.0,pbmc5k_to_pbmc10k,totalvi,1,l2
CD8 Naive,B memory,0.0,pbmc5k_to_pbmc10k,totalvi,1,l2
CD8 TCM,B memory,0.0,pbmc5k_to_pbmc10k,totalvi,1,l2
CD8 TEM,B memory,0.0,pbmc5k_to_pbmc10k,totalvi,1,l2
Eryth,B memory,0.0,pbmc5k_to_pbmc10k,totalvi,1,l2
ILC,B memory,0.0,pbmc5k_to_pbmc10k,totalvi,1,l2
MAIT,B memory,0.0,pbmc5k_to_pbmc10k,totalvi,1,l2
NK,B memory,0.0,pbmc5k_to_pbmc10k,totalvi,1,l2
NK_CD56bright,B memory,0.0,pbmc5k_to_pbmc10k,totalvi,1,l2
Treg,B memory,0.0,pbmc5k_to_pbmc10k,totalvi,1,l2
cDC2,B memory,0.0,pbmc5k_to_pbmc10k,totalvi,1,l2
gdT,B memory,0.0,pbmc5k_to_pbmc10k,totalvi,1,l2
pDC,B memory,0.0,pbmc5k_to_pbmc10k,totalvi,1,l2
B intermediate,B naive,0.20588235294117646,pbmc5k_to_pbmc10k,totalvi,1,l2
B memory,B naive,0.030303030303030304,pbmc5k_to_pbmc10k,totalvi,1,l2
B naive,B naive,0.9777777777777777,pbmc5k_to_pbmc10k,totalvi,1,l2
CD14 Mono,B naive,0.0,pbmc5k_to_pbmc10k,totalvi,1,l2
CD16 Mono,B naive,0.0,pbmc5k_to_pbmc10k,totalvi,1,l2
CD4 CTL,B naive,0.0,pbmc5k_to_pbmc10k,totalvi,1,l2
CD4 Naive,B naive,0.0,pbmc5k_to_pbmc10k,totalvi,1,l2
CD4 TCM,B naive,0.0,pbmc5k_to_pbmc10k,totalvi,1,l2
CD4 TEM,B naive,0.0,pbmc5k_to_pbmc10k,totalvi,1,l2
CD8 Naive,B naive,0.0,pbmc5k_to_pbmc10k,totalvi,1,l2
CD8 TCM,B naive,0.0,pbmc5k_to_pbmc10k,totalvi,1,l2
CD8 TEM,B naive,0.0,pbmc5k_to_pbmc10k,totalvi,1,l2
Eryth,B naive,0.0,pbmc5k_to_pbmc10k,totalvi,1,l2
ILC,B naive,0.0,pbmc5k_to_pbmc10k,totalvi,1,l2
MAIT,B naive,0.0,pbmc5k_to_pbmc10k,totalvi,1,l2
NK,B naive,0.0,pbmc5k_to_pbmc10k,totalvi,1,l2
NK_CD56bright,B naive,0.0,pbmc5k_to_pbmc10k,totalvi,1,l2
Treg,B naive,0.0,pbmc5k_to_pbmc10k,totalvi,1,l2
cDC2,B naive,0.0,pbmc5k_to_pbmc10k,totalvi,1,l2
gdT,B naive,0.0,pbmc5k_to_pbmc10k,totalvi,1,l2
pDC,B naive,0.0,pbmc5k_to_pbmc10k,totalvi,1,l2
B intermediate,CD14 Mono,0.0,pbmc5k_to_pbmc10k,totalvi,1,l2
B memory,CD14 Mono,0.0,pbmc5k_to_pbmc10k,totalvi,1,l2
B naive,CD14 Mono,0.0,pbmc5k_to_pbmc10k,totalvi,1,l2
CD14 Mono,CD14 Mono,0.9854486661277284,pbmc5k_to_pbmc10k,totalvi,1,l2
CD16 Mono,CD14 Mono,0.0,pbmc5k_to_pbmc10k,totalvi,1,l2
CD4 CTL,CD14 Mono,0.0,pbmc5k_to_pbmc10k,totalvi,1,l2
CD4 Naive,CD14 Mono,0.0,pbmc5k_to_pbmc10k,totalvi,1,l2
CD4 TCM,CD14 Mono,0.0,pbmc5k_to_pbmc10k,totalvi,1,l2
CD4 TEM,CD14 Mono,0.0,pbmc5k_to_pbmc10k,totalvi,1,l2
CD8 Naive,CD14 Mono,0.0,pbmc5k_to_pbmc10k,totalvi,1,l2
CD8 TCM,CD14 Mono,0.0,pbmc5k_to_pbmc10k,totalvi,1,l2
CD8 TEM,CD14 Mono,0.0,pbmc5k_to_pbmc10k,totalvi,1,l2
Eryth,CD14 Mono,0.5416666666666666,pbmc5k_to_pbmc10k,totalvi,1,l2
ILC,CD14 Mono,0.0,pbmc5k_to_pbmc10k,totalvi,1,l2
MAIT,CD14 Mono,0.0,pbmc5k_to_pbmc10k,totalvi,1,l2
NK,CD14 Mono,0.0,pbmc5k_to_pbmc10k,totalvi,1,l2
NK_CD56bright,CD14 Mono,0.0,pbmc5k_to_pbmc10k,totalvi,1,l2
Treg,CD14 Mono,0.0,pbmc5k_to_pbmc10k,totalvi,1,l2
cDC2,CD14 Mono,0.14074074074074075,pbmc5k_to_pbmc10k,totalvi,1,l2
gdT,CD14 Mono,0.0,pbmc5k_to_pbmc10k,totalvi,1,l2
pDC,CD14 Mono,0.0,pbmc5k_to_pbmc10k,totalvi,1,l2
B intermediate,CD16 Mono,0.0,pbmc5k_to_pbmc10k,totalvi,1,l2
B memory,CD16 Mono,0.0,pbmc5k_to_pbmc10k,totalvi,1,l2
B naive,CD16 Mono,0.0,pbmc5k_to_pbmc10k,totalvi,1,l2
CD14 Mono,CD16 Mono,0.004850444624090542,pbmc5k_to_pbmc10k,totalvi,1,l2
CD16 Mono,CD16 Mono,0.9902912621359223,pbmc5k_to_pbmc10k,totalvi,1,l2
CD4 CTL,CD16 Mono,0.0,pbmc5k_to_pbmc10k,totalvi,1,l2
CD4 Naive,CD16 Mono,0.0,pbmc5k_to_pbmc10k,totalvi,1,l2
CD4 TCM,CD16 Mono,0.0,pbmc5k_to_pbmc10k,totalvi,1,l2
CD4 TEM,CD16 Mono,0.0,pbmc5k_to_pbmc10k,totalvi,1,l2
CD8 Naive,CD16 Mono,0.0,pbmc5k_to_pbmc10k,totalvi,1,l2
CD8 TCM,CD16 Mono,0.0,pbmc5k_to_pbmc10k,totalvi,1,l2
CD8 TEM,CD16 Mono,0.0,pbmc5k_to_pbmc10k,totalvi,1,l2
Eryth,CD16 Mono,0.0,pbmc5k_to_pbmc10k,totalvi,1,l2
ILC,CD16 Mono,0.0,pbmc5k_to_pbmc10k,totalvi,1,l2
MAIT,CD16 Mono,0.0,pbmc5k_to_pbmc10k,totalvi,1,l2
NK,CD16 Mono,0.0,pbmc5k_to_pbmc10k,totalvi,1,l2
NK_CD56bright,CD16 Mono,0.0,pbmc5k_to_pbmc10k,totalvi,1,l2
Treg,CD16 Mono,0.0,pbmc5k_to_pbmc10k,totalvi,1,l2
cDC2,CD16 Mono,0.007407407407407408,pbmc5k_to_pbmc10k,totalvi,1,l2
gdT,CD16 Mono,0.0,pbmc5k_to_pbmc10k,totalvi,1,l2
pDC,CD16 Mono,0.0,pbmc5k_to_pbmc10k,totalvi,1,l2
B intermediate,CD4 CTL,0.0,pbmc5k_to_pbmc10k,totalvi,1,l2
B memory,CD4 CTL,0.0,pbmc5k_to_pbmc10k,totalvi,1,l2
B naive,CD4 CTL,0.0,pbmc5k_to_pbmc10k,totalvi,1,l2
CD14 Mono,CD4 CTL,0.0,pbmc5k_to_pbmc10k,totalvi,1,l2
CD16 Mono,CD4 CTL,0.0,pbmc5k_to_pbmc10k,totalvi,1,l2
CD4 CTL,CD4 CTL,0.0,pbmc5k_to_pbmc10k,totalvi,1,l2
CD4 Naive,CD4 CTL,0.0,pbmc5k_to_pbmc10k,totalvi,1,l2
CD4 TCM,CD4 CTL,0.0,pbmc5k_to_pbmc10k,totalvi,1,l2
CD4 TEM,CD4 CTL,0.0,pbmc5k_to_pbmc10k,totalvi,1,l2
CD8 Naive,CD4 CTL,0.0,pbmc5k_to_pbmc10k,totalvi,1,l2
CD8 TCM,CD4 CTL,0.0,pbmc5k_to_pbmc10k,totalvi,1,l2
CD8 TEM,CD4 CTL,0.0,pbmc5k_to_pbmc10k,totalvi,1,l2
Eryth,CD4 CTL,0.0,pbmc5k_to_pbmc10k,totalvi,1,l2
ILC,CD4 CTL,0.0,pbmc5k_to_pbmc10k,totalvi,1,l2
MAIT,CD4 CTL,0.0,pbmc5k_to_pbmc10k,totalvi,1,l2
NK,CD4 CTL,0.0,pbmc5k_to_pbmc10k,totalvi,1,l2
NK_CD56bright,CD4 CTL,0.0,pbmc5k_to_pbmc10k,totalvi,1,l2
Treg,CD4 CTL,0.0,pbmc5k_to_pbmc10k,totalvi,1,l2
cDC2,CD4 CTL,0.0,pbmc5k_to_pbmc10k,totalvi,1,l2
gdT,CD4 CTL,0.0,pbmc5k_to_pbmc10k,totalvi,1,l2
pDC,CD4 CTL,0.0,pbmc5k_to_pbmc10k,totalvi,1,l2
B intermediate,CD4 Naive,0.0,pbmc5k_to_pbmc10k,totalvi,1,l2
B memory,CD4 Naive,0.0,pbmc5k_to_pbmc10k,totalvi,1,l2
B naive,CD4 Naive,0.0,pbmc5k_to_pbmc10k,totalvi,1,l2
CD14 Mono,CD4 Naive,0.0,pbmc5k_to_pbmc10k,totalvi,1,l2
CD16 Mono,CD4 Naive,0.0,pbmc5k_to_pbmc10k,totalvi,1,l2
CD4 CTL,CD4 Naive,0.0,pbmc5k_to_pbmc10k,totalvi,1,l2
CD4 Naive,CD4 Naive,0.9786163522012579,pbmc5k_to_pbmc10k,totalvi,1,l2
CD4 TCM,CD4 Naive,0.05862068965517241,pbmc5k_to_pbmc10k,totalvi,1,l2
CD4 TEM,CD4 Naive,0.0,pbmc5k_to_pbmc10k,totalvi,1,l2
CD8 Naive,CD4 Naive,0.021875,pbmc5k_to_pbmc10k,totalvi,1,l2
CD8 TCM,CD4 Naive,0.03896103896103896,pbmc5k_to_pbmc10k,totalvi,1,l2
CD8 TEM,CD4 Naive,0.0,pbmc5k_to_pbmc10k,totalvi,1,l2
Eryth,CD4 Naive,0.0,pbmc5k_to_pbmc10k,totalvi,1,l2
ILC,CD4 Naive,0.0,pbmc5k_to_pbmc10k,totalvi,1,l2
MAIT,CD4 Naive,0.0,pbmc5k_to_pbmc10k,totalvi,1,l2
NK,CD4 Naive,0.0,pbmc5k_to_pbmc10k,totalvi,1,l2
NK_CD56bright,CD4 Naive,0.0,pbmc5k_to_pbmc10k,totalvi,1,l2
Treg,CD4 Naive,0.29045643153526973,pbmc5k_to_pbmc10k,totalvi,1,l2
cDC2,CD4 Naive,0.0,pbmc5k_to_pbmc10k,totalvi,1,l2
gdT,CD4 Naive,0.01694915254237288,pbmc5k_to_pbmc10k,totalvi,1,l2
pDC,CD4 Naive,0.0,pbmc5k_to_pbmc10k,totalvi,1,l2
B intermediate,CD4 TCM,0.0,pbmc5k_to_pbmc10k,totalvi,1,l2
B memory,CD4 TCM,0.0,pbmc5k_to_pbmc10k,totalvi,1,l2
B naive,CD4 TCM,0.0,pbmc5k_to_pbmc10k,totalvi,1,l2
CD14 Mono,CD4 TCM,0.0,pbmc5k_to_pbmc10k,totalvi,1,l2
CD16 Mono,CD4 TCM,0.0,pbmc5k_to_pbmc10k,totalvi,1,l2
CD4 CTL,CD4 TCM,0.0,pbmc5k_to_pbmc10k,totalvi,1,l2
CD4 Naive,CD4 TCM,0.013836477987421384,pbmc5k_to_pbmc10k,totalvi,1,l2
CD4 TCM,CD4 TCM,0.7448275862068966,pbmc5k_to_pbmc10k,totalvi,1,l2
CD4 TEM,CD4 TCM,0.042704626334519574,pbmc5k_to_pbmc10k,totalvi,1,l2
CD8 Naive,CD4 TCM,0.0,pbmc5k_to_pbmc10k,totalvi,1,l2
CD8 TCM,CD4 TCM,0.025974025974025976,pbmc5k_to_pbmc10k,totalvi,1,l2
CD8 TEM,CD4 TCM,0.0,pbmc5k_to_pbmc10k,totalvi,1,l2
Eryth,CD4 TCM,0.0,pbmc5k_to_pbmc10k,totalvi,1,l2
ILC,CD4 TCM,0.24615384615384617,pbmc5k_to_pbmc10k,totalvi,1,l2
MAIT,CD4 TCM,0.0,pbmc5k_to_pbmc10k,totalvi,1,l2
NK,CD4 TCM,0.0,pbmc5k_to_pbmc10k,totalvi,1,l2
NK_CD56bright,CD4 TCM,0.0,pbmc5k_to_pbmc10k,totalvi,1,l2
Treg,CD4 TCM,0.27385892116182575,pbmc5k_to_pbmc10k,totalvi,1,l2
cDC2,CD4 TCM,0.0,pbmc5k_to_pbmc10k,totalvi,1,l2
gdT,CD4 TCM,0.0,pbmc5k_to_pbmc10k,totalvi,1,l2
pDC,CD4 TCM,0.0,pbmc5k_to_pbmc10k,totalvi,1,l2
B intermediate,CD4 TEM,0.0,pbmc5k_to_pbmc10k,totalvi,1,l2
B memory,CD4 TEM,0.0,pbmc5k_to_pbmc10k,totalvi,1,l2
B naive,CD4 TEM,0.0,pbmc5k_to_pbmc10k,totalvi,1,l2
CD14 Mono,CD4 TEM,0.0,pbmc5k_to_pbmc10k,totalvi,1,l2
CD16 Mono,CD4 TEM,0.0,pbmc5k_to_pbmc10k,totalvi,1,l2
CD4 CTL,CD4 TEM,0.3333333333333333,pbmc5k_to_pbmc10k,totalvi,1,l2
CD4 Naive,CD4 TEM,0.0,pbmc5k_to_pbmc10k,totalvi,1,l2
CD4 TCM,CD4 TEM,0.14482758620689656,pbmc5k_to_pbmc10k,totalvi,1,l2
CD4 TEM,CD4 TEM,0.9074733096085409,pbmc5k_to_pbmc10k,totalvi,1,l2
CD8 Naive,CD4 TEM,0.0,pbmc5k_to_pbmc10k,totalvi,1,l2
CD8 TCM,CD4 TEM,0.2857142857142857,pbmc5k_to_pbmc10k,totalvi,1,l2
CD8 TEM,CD4 TEM,0.0040650406504065045,pbmc5k_to_pbmc10k,totalvi,1,l2
Eryth,CD4 TEM,0.0,pbmc5k_to_pbmc10k,totalvi,1,l2
ILC,CD4 TEM,0.6307692307692307,pbmc5k_to_pbmc10k,totalvi,1,l2
MAIT,CD4 TEM,0.1853932584269663,pbmc5k_to_pbmc10k,totalvi,1,l2
NK,CD4 TEM,0.0,pbmc5k_to_pbmc10k,totalvi,1,l2
NK_CD56bright,CD4 TEM,0.0,pbmc5k_to_pbmc10k,totalvi,1,l2
Treg,CD4 TEM,0.04564315352697095,pbmc5k_to_pbmc10k,totalvi,1,l2
cDC2,CD4 TEM,0.0,pbmc5k_to_pbmc10k,totalvi,1,l2
gdT,CD4 TEM,0.01694915254237288,pbmc5k_to_pbmc10k,totalvi,1,l2
pDC,CD4 TEM,0.0,pbmc5k_to_pbmc10k,totalvi,1,l2
B intermediate,CD8 Naive,0.0,pbmc5k_to_pbmc10k,totalvi,1,l2
B memory,CD8 Naive,0.0,pbmc5k_to_pbmc10k,totalvi,1,l2
B naive,CD8 Naive,0.0,pbmc5k_to_pbmc10k,totalvi,1,l2
CD14 Mono,CD8 Naive,0.0,pbmc5k_to_pbmc10k,totalvi,1,l2
CD16 Mono,CD8 Naive,0.0,pbmc5k_to_pbmc10k,totalvi,1,l2
CD4 CTL,CD8 Naive,0.0,pbmc5k_to_pbmc10k,totalvi,1,l2
CD4 Naive,CD8 Naive,0.0025157232704402514,pbmc5k_to_pbmc10k,totalvi,1,l2
CD4 TCM,CD8 Naive,0.0,pbmc5k_to_pbmc10k,totalvi,1,l2
CD4 TEM,CD8 Naive,0.0,pbmc5k_to_pbmc10k,totalvi,1,l2
CD8 Naive,CD8 Naive,0.971875,pbmc5k_to_pbmc10k,totalvi,1,l2
CD8 TCM,CD8 Naive,0.1038961038961039,pbmc5k_to_pbmc10k,totalvi,1,l2
CD8 TEM,CD8 Naive,0.0040650406504065045,pbmc5k_to_pbmc10k,totalvi,1,l2
Eryth,CD8 Naive,0.0,pbmc5k_to_pbmc10k,totalvi,1,l2
ILC,CD8 Naive,0.0,pbmc5k_to_pbmc10k,totalvi,1,l2
MAIT,CD8 Naive,0.0,pbmc5k_to_pbmc10k,totalvi,1,l2
NK,CD8 Naive,0.0,pbmc5k_to_pbmc10k,totalvi,1,l2
NK_CD56bright,CD8 Naive,0.0,pbmc5k_to_pbmc10k,totalvi,1,l2
Treg,CD8 Naive,0.004149377593360996,pbmc5k_to_pbmc10k,totalvi,1,l2
cDC2,CD8 Naive,0.0,pbmc5k_to_pbmc10k,totalvi,1,l2
gdT,CD8 Naive,0.13559322033898305,pbmc5k_to_pbmc10k,totalvi,1,l2
pDC,CD8 Naive,0.0,pbmc5k_to_pbmc10k,totalvi,1,l2
B intermediate,CD8 TCM,0.0,pbmc5k_to_pbmc10k,totalvi,1,l2
B memory,CD8 TCM,0.0,pbmc5k_to_pbmc10k,totalvi,1,l2
B naive,CD8 TCM,0.0,pbmc5k_to_pbmc10k,totalvi,1,l2
CD14 Mono,CD8 TCM,0.0,pbmc5k_to_pbmc10k,totalvi,1,l2
CD16 Mono,CD8 TCM,0.0,pbmc5k_to_pbmc10k,totalvi,1,l2
CD4 CTL,CD8 TCM,0.0,pbmc5k_to_pbmc10k,totalvi,1,l2
CD4 Naive,CD8 TCM,0.0,pbmc5k_to_pbmc10k,totalvi,1,l2
CD4 TCM,CD8 TCM,0.0,pbmc5k_to_pbmc10k,totalvi,1,l2
CD4 TEM,CD8 TCM,0.0035587188612099642,pbmc5k_to_pbmc10k,totalvi,1,l2
CD8 Naive,CD8 TCM,0.00625,pbmc5k_to_pbmc10k,totalvi,1,l2
CD8 TCM,CD8 TCM,0.33766233766233766,pbmc5k_to_pbmc10k,totalvi,1,l2
CD8 TEM,CD8 TCM,0.012195121951219513,pbmc5k_to_pbmc10k,totalvi,1,l2
Eryth,CD8 TCM,0.0,pbmc5k_to_pbmc10k,totalvi,1,l2
ILC,CD8 TCM,0.0,pbmc5k_to_pbmc10k,totalvi,1,l2
MAIT,CD8 TCM,0.0056179775280898875,pbmc5k_to_pbmc10k,totalvi,1,l2
NK,CD8 TCM,0.0,pbmc5k_to_pbmc10k,totalvi,1,l2
NK_CD56bright,CD8 TCM,0.0,pbmc5k_to_pbmc10k,totalvi,1,l2
Treg,CD8 TCM,0.004149377593360996,pbmc5k_to_pbmc10k,totalvi,1,l2
cDC2,CD8 TCM,0.0,pbmc5k_to_pbmc10k,totalvi,1,l2
gdT,CD8 TCM,0.06779661016949153,pbmc5k_to_pbmc10k,totalvi,1,l2
pDC,CD8 TCM,0.0,pbmc5k_to_pbmc10k,totalvi,1,l2
B intermediate,CD8 TEM,0.0,pbmc5k_to_pbmc10k,totalvi,1,l2
B memory,CD8 TEM,0.0,pbmc5k_to_pbmc10k,totalvi,1,l2
B naive,CD8 TEM,0.0,pbmc5k_to_pbmc10k,totalvi,1,l2
CD14 Mono,CD8 TEM,0.0,pbmc5k_to_pbmc10k,totalvi,1,l2
CD16 Mono,CD8 TEM,0.0,pbmc5k_to_pbmc10k,totalvi,1,l2
CD4 CTL,CD8 TEM,0.4166666666666667,pbmc5k_to_pbmc10k,totalvi,1,l2
CD4 Naive,CD8 TEM,0.0,pbmc5k_to_pbmc10k,totalvi,1,l2
CD4 TCM,CD8 TEM,0.0,pbmc5k_to_pbmc10k,totalvi,1,l2
CD4 TEM,CD8 TEM,0.03914590747330961,pbmc5k_to_pbmc10k,totalvi,1,l2
CD8 Naive,CD8 TEM,0.0,pbmc5k_to_pbmc10k,totalvi,1,l2
CD8 TCM,CD8 TEM,0.12987012987012986,pbmc5k_to_pbmc10k,totalvi,1,l2
CD8 TEM,CD8 TEM,0.8699186991869918,pbmc5k_to_pbmc10k,totalvi,1,l2
Eryth,CD8 TEM,0.0,pbmc5k_to_pbmc10k,totalvi,1,l2
ILC,CD8 TEM,0.015384615384615385,pbmc5k_to_pbmc10k,totalvi,1,l2
MAIT,CD8 TEM,0.0,pbmc5k_to_pbmc10k,totalvi,1,l2
NK,CD8 TEM,0.0,pbmc5k_to_pbmc10k,totalvi,1,l2
NK_CD56bright,CD8 TEM,0.0,pbmc5k_to_pbmc10k,totalvi,1,l2
Treg,CD8 TEM,0.0,pbmc5k_to_pbmc10k,totalvi,1,l2
cDC2,CD8 TEM,0.0,pbmc5k_to_pbmc10k,totalvi,1,l2
gdT,CD8 TEM,0.0,pbmc5k_to_pbmc10k,totalvi,1,l2
pDC,CD8 TEM,0.0,pbmc5k_to_pbmc10k,totalvi,1,l2
B intermediate,Eryth,0.0,pbmc5k_to_pbmc10k,totalvi,1,l2
B memory,Eryth,0.0,pbmc5k_to_pbmc10k,totalvi,1,l2
B naive,Eryth,0.0,pbmc5k_to_pbmc10k,totalvi,1,l2
CD14 Mono,Eryth,0.008084074373484237,pbmc5k_to_pbmc10k,totalvi,1,l2
CD16 Mono,Eryth,0.0,pbmc5k_to_pbmc10k,totalvi,1,l2
CD4 CTL,Eryth,0.0,pbmc5k_to_pbmc10k,totalvi,1,l2
CD4 Naive,Eryth,0.0,pbmc5k_to_pbmc10k,totalvi,1,l2
CD4 TCM,Eryth,0.0,pbmc5k_to_pbmc10k,totalvi,1,l2
CD4 TEM,Eryth,0.0,pbmc5k_to_pbmc10k,totalvi,1,l2
CD8 Naive,Eryth,0.0,pbmc5k_to_pbmc10k,totalvi,1,l2
CD8 TCM,Eryth,0.0,pbmc5k_to_pbmc10k,totalvi,1,l2
CD8 TEM,Eryth,0.0,pbmc5k_to_pbmc10k,totalvi,1,l2
Eryth,Eryth,0.4513888888888889,pbmc5k_to_pbmc10k,totalvi,1,l2
ILC,Eryth,0.0,pbmc5k_to_pbmc10k,totalvi,1,l2
MAIT,Eryth,0.0,pbmc5k_to_pbmc10k,totalvi,1,l2
NK,Eryth,0.0,pbmc5k_to_pbmc10k,totalvi,1,l2
NK_CD56bright,Eryth,0.0,pbmc5k_to_pbmc10k,totalvi,1,l2
Treg,Eryth,0.0,pbmc5k_to_pbmc10k,totalvi,1,l2
cDC2,Eryth,0.0,pbmc5k_to_pbmc10k,totalvi,1,l2
gdT,Eryth,0.0,pbmc5k_to_pbmc10k,totalvi,1,l2
pDC,Eryth,0.0,pbmc5k_to_pbmc10k,totalvi,1,l2
B intermediate,ILC,0.0,pbmc5k_to_pbmc10k,totalvi,1,l2
B memory,ILC,0.0,pbmc5k_to_pbmc10k,totalvi,1,l2
B naive,ILC,0.0,pbmc5k_to_pbmc10k,totalvi,1,l2
CD14 Mono,ILC,0.0,pbmc5k_to_pbmc10k,totalvi,1,l2
CD16 Mono,ILC,0.0,pbmc5k_to_pbmc10k,totalvi,1,l2
CD4 CTL,ILC,0.0,pbmc5k_to_pbmc10k,totalvi,1,l2
CD4 Naive,ILC,0.0,pbmc5k_to_pbmc10k,totalvi,1,l2
CD4 TCM,ILC,0.0,pbmc5k_to_pbmc10k,totalvi,1,l2
CD4 TEM,ILC,0.0,pbmc5k_to_pbmc10k,totalvi,1,l2
CD8 Naive,ILC,0.0,pbmc5k_to_pbmc10k,totalvi,1,l2
CD8 TCM,ILC,0.0,pbmc5k_to_pbmc10k,totalvi,1,l2
CD8 TEM,ILC,0.0,pbmc5k_to_pbmc10k,totalvi,1,l2
Eryth,ILC,0.0,pbmc5k_to_pbmc10k,totalvi,1,l2
ILC,ILC,0.015384615384615385,pbmc5k_to_pbmc10k,totalvi,1,l2
MAIT,ILC,0.0,pbmc5k_to_pbmc10k,totalvi,1,l2
NK,ILC,0.0,pbmc5k_to_pbmc10k,totalvi,1,l2
NK_CD56bright,ILC,0.0,pbmc5k_to_pbmc10k,totalvi,1,l2
Treg,ILC,0.0,pbmc5k_to_pbmc10k,totalvi,1,l2
cDC2,ILC,0.0,pbmc5k_to_pbmc10k,totalvi,1,l2
gdT,ILC,0.0,pbmc5k_to_pbmc10k,totalvi,1,l2
pDC,ILC,0.0,pbmc5k_to_pbmc10k,totalvi,1,l2
B intermediate,MAIT,0.0,pbmc5k_to_pbmc10k,totalvi,1,l2
B memory,MAIT,0.0,pbmc5k_to_pbmc10k,totalvi,1,l2
B naive,MAIT,0.0,pbmc5k_to_pbmc10k,totalvi,1,l2
CD14 Mono,MAIT,0.0,pbmc5k_to_pbmc10k,totalvi,1,l2
CD16 Mono,MAIT,0.0,pbmc5k_to_pbmc10k,totalvi,1,l2
CD4 CTL,MAIT,0.0,pbmc5k_to_pbmc10k,totalvi,1,l2
CD4 Naive,MAIT,0.0,pbmc5k_to_pbmc10k,totalvi,1,l2
CD4 TCM,MAIT,0.0,pbmc5k_to_pbmc10k,totalvi,1,l2
CD4 TEM,MAIT,0.0,pbmc5k_to_pbmc10k,totalvi,1,l2
CD8 Naive,MAIT,0.0,pbmc5k_to_pbmc10k,totalvi,1,l2
CD8 TCM,MAIT,0.0,pbmc5k_to_pbmc10k,totalvi,1,l2
CD8 TEM,MAIT,0.0,pbmc5k_to_pbmc10k,totalvi,1,l2
Eryth,MAIT,0.0,pbmc5k_to_pbmc10k,totalvi,1,l2
ILC,MAIT,0.015384615384615385,pbmc5k_to_pbmc10k,totalvi,1,l2
MAIT,MAIT,0.17696629213483145,pbmc5k_to_pbmc10k,totalvi,1,l2
NK,MAIT,0.0,pbmc5k_to_pbmc10k,totalvi,1,l2
NK_CD56bright,MAIT,0.0,pbmc5k_to_pbmc10k,totalvi,1,l2
Treg,MAIT,0.0,pbmc5k_to_pbmc10k,totalvi,1,l2
cDC2,MAIT,0.0,pbmc5k_to_pbmc10k,totalvi,1,l2
gdT,MAIT,0.0,pbmc5k_to_pbmc10k,totalvi,1,l2
pDC,MAIT,0.0,pbmc5k_to_pbmc10k,totalvi,1,l2
B intermediate,NK,0.0,pbmc5k_to_pbmc10k,totalvi,1,l2
B memory,NK,0.0,pbmc5k_to_pbmc10k,totalvi,1,l2
B naive,NK,0.0,pbmc5k_to_pbmc10k,totalvi,1,l2
CD14 Mono,NK,0.0,pbmc5k_to_pbmc10k,totalvi,1,l2
CD16 Mono,NK,0.0,pbmc5k_to_pbmc10k,totalvi,1,l2
CD4 CTL,NK,0.0,pbmc5k_to_pbmc10k,totalvi,1,l2
CD4 Naive,NK,0.0,pbmc5k_to_pbmc10k,totalvi,1,l2
CD4 TCM,NK,0.0,pbmc5k_to_pbmc10k,totalvi,1,l2
CD4 TEM,NK,0.0,pbmc5k_to_pbmc10k,totalvi,1,l2
CD8 Naive,NK,0.0,pbmc5k_to_pbmc10k,totalvi,1,l2
CD8 TCM,NK,0.0,pbmc5k_to_pbmc10k,totalvi,1,l2
CD8 TEM,NK,0.0,pbmc5k_to_pbmc10k,totalvi,1,l2
Eryth,NK,0.0,pbmc5k_to_pbmc10k,totalvi,1,l2
ILC,NK,0.0,pbmc5k_to_pbmc10k,totalvi,1,l2
MAIT,NK,0.0,pbmc5k_to_pbmc10k,totalvi,1,l2
NK,NK,0.2013157894736842,pbmc5k_to_pbmc10k,totalvi,1,l2
NK_CD56bright,NK,0.0,pbmc5k_to_pbmc10k,totalvi,1,l2
Treg,NK,0.0,pbmc5k_to_pbmc10k,totalvi,1,l2
cDC2,NK,0.0,pbmc5k_to_pbmc10k,totalvi,1,l2
gdT,NK,0.0,pbmc5k_to_pbmc10k,totalvi,1,l2
pDC,NK,0.0,pbmc5k_to_pbmc10k,totalvi,1,l2
B intermediate,NK_CD56bright,0.0,pbmc5k_to_pbmc10k,totalvi,1,l2
B memory,NK_CD56bright,0.0,pbmc5k_to_pbmc10k,totalvi,1,l2
B naive,NK_CD56bright,0.0,pbmc5k_to_pbmc10k,totalvi,1,l2
CD14 Mono,NK_CD56bright,0.0,pbmc5k_to_pbmc10k,totalvi,1,l2
CD16 Mono,NK_CD56bright,0.0,pbmc5k_to_pbmc10k,totalvi,1,l2
CD4 CTL,NK_CD56bright,0.0,pbmc5k_to_pbmc10k,totalvi,1,l2
CD4 Naive,NK_CD56bright,0.0,pbmc5k_to_pbmc10k,totalvi,1,l2
CD4 TCM,NK_CD56bright,0.0,pbmc5k_to_pbmc10k,totalvi,1,l2
CD4 TEM,NK_CD56bright,0.0,pbmc5k_to_pbmc10k,totalvi,1,l2
CD8 Naive,NK_CD56bright,0.0,pbmc5k_to_pbmc10k,totalvi,1,l2
CD8 TCM,NK_CD56bright,0.0,pbmc5k_to_pbmc10k,totalvi,1,l2
CD8 TEM,NK_CD56bright,0.0,pbmc5k_to_pbmc10k,totalvi,1,l2
Eryth,NK_CD56bright,0.006944444444444444,pbmc5k_to_pbmc10k,totalvi,1,l2
ILC,NK_CD56bright,0.015384615384615385,pbmc5k_to_pbmc10k,totalvi,1,l2
MAIT,NK_CD56bright,0.0,pbmc5k_to_pbmc10k,totalvi,1,l2
NK,NK_CD56bright,0.0013157894736842105,pbmc5k_to_pbmc10k,totalvi,1,l2
NK_CD56bright,NK_CD56bright,0.11428571428571428,pbmc5k_to_pbmc10k,totalvi,1,l2
Treg,NK_CD56bright,0.0,pbmc5k_to_pbmc10k,totalvi,1,l2
cDC2,NK_CD56bright,0.0,pbmc5k_to_pbmc10k,totalvi,1,l2
gdT,NK_CD56bright,0.0,pbmc5k_to_pbmc10k,totalvi,1,l2
pDC,NK_CD56bright,0.041666666666666664,pbmc5k_to_pbmc10k,totalvi,1,l2
B intermediate,Treg,0.0,pbmc5k_to_pbmc10k,totalvi,1,l2
B memory,Treg,0.0,pbmc5k_to_pbmc10k,totalvi,1,l2
B naive,Treg,0.0,pbmc5k_to_pbmc10k,totalvi,1,l2
CD14 Mono,Treg,0.0,pbmc5k_to_pbmc10k,totalvi,1,l2
CD16 Mono,Treg,0.009708737864077669,pbmc5k_to_pbmc10k,totalvi,1,l2
CD4 CTL,Treg,0.0,pbmc5k_to_pbmc10k,totalvi,1,l2
CD4 Naive,Treg,0.005031446540880503,pbmc5k_to_pbmc10k,totalvi,1,l2
CD4 TCM,Treg,0.05172413793103448,pbmc5k_to_pbmc10k,totalvi,1,l2
CD4 TEM,Treg,0.0,pbmc5k_to_pbmc10k,totalvi,1,l2
CD8 Naive,Treg,0.0,pbmc5k_to_pbmc10k,totalvi,1,l2
CD8 TCM,Treg,0.025974025974025976,pbmc5k_to_pbmc10k,totalvi,1,l2
CD8 TEM,Treg,0.0,pbmc5k_to_pbmc10k,totalvi,1,l2
Eryth,Treg,0.0,pbmc5k_to_pbmc10k,totalvi,1,l2
ILC,Treg,0.015384615384615385,pbmc5k_to_pbmc10k,totalvi,1,l2
MAIT,Treg,0.0,pbmc5k_to_pbmc10k,totalvi,1,l2
NK,Treg,0.0,pbmc5k_to_pbmc10k,totalvi,1,l2
NK_CD56bright,Treg,0.0,pbmc5k_to_pbmc10k,totalvi,1,l2
Treg,Treg,0.3817427385892116,pbmc5k_to_pbmc10k,totalvi,1,l2
cDC2,Treg,0.0,pbmc5k_to_pbmc10k,totalvi,1,l2
gdT,Treg,0.0,pbmc5k_to_pbmc10k,totalvi,1,l2
pDC,Treg,0.0,pbmc5k_to_pbmc10k,totalvi,1,l2
B intermediate,cDC2,0.0,pbmc5k_to_pbmc10k,totalvi,1,l2
B memory,cDC2,0.0,pbmc5k_to_pbmc10k,totalvi,1,l2
B naive,cDC2,0.0,pbmc5k_to_pbmc10k,totalvi,1,l2
CD14 Mono,cDC2,0.0016168148746968471,pbmc5k_to_pbmc10k,totalvi,1,l2
CD16 Mono,cDC2,0.0,pbmc5k_to_pbmc10k,totalvi,1,l2
CD4 CTL,cDC2,0.0,pbmc5k_to_pbmc10k,totalvi,1,l2
CD4 Naive,cDC2,0.0,pbmc5k_to_pbmc10k,totalvi,1,l2
CD4 TCM,cDC2,0.0,pbmc5k_to_pbmc10k,totalvi,1,l2
CD4 TEM,cDC2,0.0,pbmc5k_to_pbmc10k,totalvi,1,l2
CD8 Naive,cDC2,0.0,pbmc5k_to_pbmc10k,totalvi,1,l2
CD8 TCM,cDC2,0.0,pbmc5k_to_pbmc10k,totalvi,1,l2
CD8 TEM,cDC2,0.0,pbmc5k_to_pbmc10k,totalvi,1,l2
Eryth,cDC2,0.0,pbmc5k_to_pbmc10k,totalvi,1,l2
ILC,cDC2,0.0,pbmc5k_to_pbmc10k,totalvi,1,l2
MAIT,cDC2,0.0,pbmc5k_to_pbmc10k,totalvi,1,l2
NK,cDC2,0.0,pbmc5k_to_pbmc10k,totalvi,1,l2
NK_CD56bright,cDC2,0.0,pbmc5k_to_pbmc10k,totalvi,1,l2
Treg,cDC2,0.0,pbmc5k_to_pbmc10k,totalvi,1,l2
cDC2,cDC2,0.8518518518518519,pbmc5k_to_pbmc10k,totalvi,1,l2
gdT,cDC2,0.0,pbmc5k_to_pbmc10k,totalvi,1,l2
pDC,cDC2,0.0,pbmc5k_to_pbmc10k,totalvi,1,l2
B intermediate,gdT,0.0,pbmc5k_to_pbmc10k,totalvi,1,l2
B memory,gdT,0.0,pbmc5k_to_pbmc10k,totalvi,1,l2
B naive,gdT,0.0,pbmc5k_to_pbmc10k,totalvi,1,l2
CD14 Mono,gdT,0.0,pbmc5k_to_pbmc10k,totalvi,1,l2
CD16 Mono,gdT,0.0,pbmc5k_to_pbmc10k,totalvi,1,l2
CD4 CTL,gdT,0.25,pbmc5k_to_pbmc10k,totalvi,1,l2
CD4 Naive,gdT,0.0,pbmc5k_to_pbmc10k,totalvi,1,l2
CD4 TCM,gdT,0.0,pbmc5k_to_pbmc10k,totalvi,1,l2
CD4 TEM,gdT,0.0071174377224199285,pbmc5k_to_pbmc10k,totalvi,1,l2
CD8 Naive,gdT,0.0,pbmc5k_to_pbmc10k,totalvi,1,l2
CD8 TCM,gdT,0.05194805194805195,pbmc5k_to_pbmc10k,totalvi,1,l2
CD8 TEM,gdT,0.10975609756097561,pbmc5k_to_pbmc10k,totalvi,1,l2
Eryth,gdT,0.0,pbmc5k_to_pbmc10k,totalvi,1,l2
ILC,gdT,0.046153846153846156,pbmc5k_to_pbmc10k,totalvi,1,l2
MAIT,gdT,0.6320224719101124,pbmc5k_to_pbmc10k,totalvi,1,l2
NK,gdT,0.7973684210526316,pbmc5k_to_pbmc10k,totalvi,1,l2
NK_CD56bright,gdT,0.8857142857142857,pbmc5k_to_pbmc10k,totalvi,1,l2
Treg,gdT,0.0,pbmc5k_to_pbmc10k,totalvi,1,l2
cDC2,gdT,0.0,pbmc5k_to_pbmc10k,totalvi,1,l2
gdT,gdT,0.7627118644067796,pbmc5k_to_pbmc10k,totalvi,1,l2
pDC,gdT,0.0,pbmc5k_to_pbmc10k,totalvi,1,l2
B intermediate,pDC,0.0,pbmc5k_to_pbmc10k,totalvi,1,l2
B memory,pDC,0.0,pbmc5k_to_pbmc10k,totalvi,1,l2
B naive,pDC,0.0,pbmc5k_to_pbmc10k,totalvi,1,l2
CD14 Mono,pDC,0.0,pbmc5k_to_pbmc10k,totalvi,1,l2
CD16 Mono,pDC,0.0,pbmc5k_to_pbmc10k,totalvi,1,l2
CD4 CTL,pDC,0.0,pbmc5k_to_pbmc10k,totalvi,1,l2
CD4 Naive,pDC,0.0,pbmc5k_to_pbmc10k,totalvi,1,l2
CD4 TCM,pDC,0.0,pbmc5k_to_pbmc10k,totalvi,1,l2
CD4 TEM,pDC,0.0,pbmc5k_to_pbmc10k,totalvi,1,l2
CD8 Naive,pDC,0.0,pbmc5k_to_pbmc10k,totalvi,1,l2
CD8 TCM,pDC,0.0,pbmc5k_to_pbmc10k,totalvi,1,l2
CD8 TEM,pDC,0.0,pbmc5k_to_pbmc10k,totalvi,1,l2
Eryth,pDC,0.0,pbmc5k_to_pbmc10k,totalvi,1,l2
ILC,pDC,0.0,pbmc5k_to_pbmc10k,totalvi,1,l2
MAIT,pDC,0.0,pbmc5k_to_pbmc10k,totalvi,1,l2
NK,pDC,0.0,pbmc5k_to_pbmc10k,totalvi,1,l2
NK_CD56bright,pDC,0.0,pbmc5k_to_pbmc10k,totalvi,1,l2
Treg,pDC,0.0,pbmc5k_to_pbmc10k,totalvi,1,l2
cDC2,pDC,0.0,pbmc5k_to_pbmc10k,totalvi,1,l2
gdT,pDC,0.0,pbmc5k_to_pbmc10k,totalvi,1,l2
pDC,pDC,0.9583333333333334,pbmc5k_to_pbmc10k,totalvi,1,l2
B,B,0.9858012170385395,pbmc5k_to_pbmc10k,scvi_matched,1,l1
CD4 T,B,0.0,pbmc5k_to_pbmc10k,scvi_matched,1,l1
CD8 T,B,0.0,pbmc5k_to_pbmc10k,scvi_matched,1,l1
DC,B,0.0,pbmc5k_to_pbmc10k,scvi_matched,1,l1
Mono,B,0.0,pbmc5k_to_pbmc10k,scvi_matched,1,l1
NK,B,0.0,pbmc5k_to_pbmc10k,scvi_matched,1,l1
other,B,0.0182648401826484,pbmc5k_to_pbmc10k,scvi_matched,1,l1
other T,B,0.0,pbmc5k_to_pbmc10k,scvi_matched,1,l1
B,CD4 T,0.0,pbmc5k_to_pbmc10k,scvi_matched,1,l1
CD4 T,CD4 T,0.9813374805598756,pbmc5k_to_pbmc10k,scvi_matched,1,l1
CD8 T,CD4 T,0.5222052067381318,pbmc5k_to_pbmc10k,scvi_matched,1,l1
DC,CD4 T,0.0,pbmc5k_to_pbmc10k,scvi_matched,1,l1
Mono,CD4 T,0.0,pbmc5k_to_pbmc10k,scvi_matched,1,l1
NK,CD4 T,0.0,pbmc5k_to_pbmc10k,scvi_matched,1,l1
other,CD4 T,0.2648401826484018,pbmc5k_to_pbmc10k,scvi_matched,1,l1
other T,CD4 T,0.34826883910386963,pbmc5k_to_pbmc10k,scvi_matched,1,l1
B,CD8 T,0.0,pbmc5k_to_pbmc10k,scvi_matched,1,l1
CD4 T,CD8 T,0.01762571280456195,pbmc5k_to_pbmc10k,scvi_matched,1,l1
CD8 T,CD8 T,0.46248085758039814,pbmc5k_to_pbmc10k,scvi_matched,1,l1
DC,CD8 T,0.0,pbmc5k_to_pbmc10k,scvi_matched,1,l1
Mono,CD8 T,0.0,pbmc5k_to_pbmc10k,scvi_matched,1,l1
NK,CD8 T,0.0024630541871921183,pbmc5k_to_pbmc10k,scvi_matched,1,l1
other,CD8 T,0.0136986301369863,pbmc5k_to_pbmc10k,scvi_matched,1,l1
other T,CD8 T,0.594704684317719,pbmc5k_to_pbmc10k,scvi_matched,1,l1
B,DC,0.014198782961460446,pbmc5k_to_pbmc10k,scvi_matched,1,l1
CD4 T,DC,0.0,pbmc5k_to_pbmc10k,scvi_matched,1,l1
CD8 T,DC,0.0,pbmc5k_to_pbmc10k,scvi_matched,1,l1
DC,DC,0.6727272727272727,pbmc5k_to_pbmc10k,scvi_matched,1,l1
Mono,DC,0.0,pbmc5k_to_pbmc10k,scvi_matched,1,l1
NK,DC,0.0,pbmc5k_to_pbmc10k,scvi_matched,1,l1
other,DC,0.0,pbmc5k_to_pbmc10k,scvi_matched,1,l1
other T,DC,0.0,pbmc5k_to_pbmc10k,scvi_matched,1,l1
B,Mono,0.0,pbmc5k_to_pbmc10k,scvi_matched,1,l1
CD4 T,Mono,0.0,pbmc5k_to_pbmc10k,scvi_matched,1,l1
CD8 T,Mono,0.0,pbmc5k_to_pbmc10k,scvi_matched,1,l1
DC,Mono,0.3151515151515151,pbmc5k_to_pbmc10k,scvi_matched,1,l1
Mono,Mono,0.9932835820895523,pbmc5k_to_pbmc10k,scvi_matched,1,l1
NK,Mono,0.0,pbmc5k_to_pbmc10k,scvi_matched,1,l1
other,Mono,0.3333333333333333,pbmc5k_to_pbmc10k,scvi_matched,1,l1
other T,Mono,0.0,pbmc5k_to_pbmc10k,scvi_matched,1,l1
B,NK,0.0,pbmc5k_to_pbmc10k,scvi_matched,1,l1
CD4 T,NK,0.0,pbmc5k_to_pbmc10k,scvi_matched,1,l1
CD8 T,NK,0.013782542113323124,pbmc5k_to_pbmc10k,scvi_matched,1,l1
DC,NK,0.012121212121212121,pbmc5k_to_pbmc10k,scvi_matched,1,l1
Mono,NK,0.0,pbmc5k_to_pbmc10k,scvi_matched,1,l1
NK,NK,0.9901477832512315,pbmc5k_to_pbmc10k,scvi_matched,1,l1
other,NK,0.0045662100456621,pbmc5k_to_pbmc10k,scvi_matched,1,l1
other T,NK,0.004073319755600814,pbmc5k_to_pbmc10k,scvi_matched,1,l1
B,other,0.0,pbmc5k_to_pbmc10k,scvi_matched,1,l1
CD4 T,other,0.0005184033177812338,pbmc5k_to_pbmc10k,scvi_matched,1,l1
CD8 T,other,0.0,pbmc5k_to_pbmc10k,scvi_matched,1,l1
DC,other,0.0,pbmc5k_to_pbmc10k,scvi_matched,1,l1
Mono,other,0.006716417910447761,pbmc5k_to_pbmc10k,scvi_matched,1,l1
NK,other,0.0,pbmc5k_to_pbmc10k,scvi_matched,1,l1
other,other,0.3561643835616438,pbmc5k_to_pbmc10k,scvi_matched,1,l1
other T,other,0.002036659877800407,pbmc5k_to_pbmc10k,scvi_matched,1,l1
B,other T,0.0,pbmc5k_to_pbmc10k,scvi_matched,1,l1
CD4 T,other T,0.0005184033177812338,pbmc5k_to_pbmc10k,scvi_matched,1,l1
CD8 T,other T,0.0015313935681470138,pbmc5k_to_pbmc10k,scvi_matched,1,l1
DC,other T,0.0,pbmc5k_to_pbmc10k,scvi_matched,1,l1
Mono,other T,0.0,pbmc5k_to_pbmc10k,scvi_matched,1,l1
NK,other T,0.007389162561576354,pbmc5k_to_pbmc10k,scvi_matched,1,l1
other,other T,0.0091324200913242,pbmc5k_to_pbmc10k,scvi_matched,1,l1
other T,other T,0.05091649694501019,pbmc5k_to_pbmc10k,scvi_matched,1,l1
B,B,0.9979716024340771,pbmc5k_to_pbmc10k,totalvi,1,l1
CD4 T,B,0.0,pbmc5k_to_pbmc10k,totalvi,1,l1
CD8 T,B,0.0,pbmc5k_to_pbmc10k,totalvi,1,l1
DC,B,0.0,pbmc5k_to_pbmc10k,totalvi,1,l1
Mono,B,0.0,pbmc5k_to_pbmc10k,totalvi,1,l1
NK,B,0.0,pbmc5k_to_pbmc10k,totalvi,1,l1
other,B,0.0136986301369863,pbmc5k_to_pbmc10k,totalvi,1,l1
other T,B,0.0,pbmc5k_to_pbmc10k,totalvi,1,l1
B,CD4 T,0.0,pbmc5k_to_pbmc10k,totalvi,1,l1
CD4 T,CD4 T,0.9803006739243131,pbmc5k_to_pbmc10k,totalvi,1,l1
CD8 T,CD4 T,0.05819295558958652,pbmc5k_to_pbmc10k,totalvi,1,l1
DC,CD4 T,0.0,pbmc5k_to_pbmc10k,totalvi,1,l1
Mono,CD4 T,0.0,pbmc5k_to_pbmc10k,totalvi,1,l1
NK,CD4 T,0.0,pbmc5k_to_pbmc10k,totalvi,1,l1
other,CD4 T,0.2420091324200913,pbmc5k_to_pbmc10k,totalvi,1,l1
other T,CD4 T,0.1120162932790224,pbmc5k_to_pbmc10k,totalvi,1,l1
B,CD8 T,0.0,pbmc5k_to_pbmc10k,totalvi,1,l1
CD4 T,CD8 T,0.011404872991187144,pbmc5k_to_pbmc10k,totalvi,1,l1
CD8 T,CD8 T,0.8514548238897397,pbmc5k_to_pbmc10k,totalvi,1,l1
DC,CD8 T,0.0,pbmc5k_to_pbmc10k,totalvi,1,l1
Mono,CD8 T,0.0,pbmc5k_to_pbmc10k,totalvi,1,l1
NK,CD8 T,0.0012315270935960591,pbmc5k_to_pbmc10k,totalvi,1,l1
other,CD8 T,0.0091324200913242,pbmc5k_to_pbmc10k,totalvi,1,l1
other T,CD8 T,0.06109979633401222,pbmc5k_to_pbmc10k,totalvi,1,l1
B,DC,0.0,pbmc5k_to_pbmc10k,totalvi,1,l1
CD4 T,DC,0.0,pbmc5k_to_pbmc10k,totalvi,1,l1
CD8 T,DC,0.0,pbmc5k_to_pbmc10k,totalvi,1,l1
DC,DC,0.8303030303030303,pbmc5k_to_pbmc10k,totalvi,1,l1
Mono,DC,0.0007462686567164179,pbmc5k_to_pbmc10k,totalvi,1,l1
NK,DC,0.0,pbmc5k_to_pbmc10k,totalvi,1,l1
other,DC,0.0,pbmc5k_to_pbmc10k,totalvi,1,l1
other T,DC,0.0,pbmc5k_to_pbmc10k,totalvi,1,l1
B,Mono,0.0,pbmc5k_to_pbmc10k,totalvi,1,l1
CD4 T,Mono,0.0,pbmc5k_to_pbmc10k,totalvi,1,l1
CD8 T,Mono,0.0,pbmc5k_to_pbmc10k,totalvi,1,l1
DC,Mono,0.15757575757575756,pbmc5k_to_pbmc10k,totalvi,1,l1
Mono,Mono,0.996268656716418,pbmc5k_to_pbmc10k,totalvi,1,l1
NK,Mono,0.0,pbmc5k_to_pbmc10k,totalvi,1,l1
other,Mono,0.4246575342465753,pbmc5k_to_pbmc10k,totalvi,1,l1
other T,Mono,0.0,pbmc5k_to_pbmc10k,totalvi,1,l1
B,NK,0.0,pbmc5k_to_pbmc10k,totalvi,1,l1
CD4 T,NK,0.0005184033177812338,pbmc5k_to_pbmc10k,totalvi,1,l1
CD8 T,NK,0.0,pbmc5k_to_pbmc10k,totalvi,1,l1
DC,NK,0.006060606060606061,pbmc5k_to_pbmc10k,totalvi,1,l1
Mono,NK,0.0,pbmc5k_to_pbmc10k,totalvi,1,l1
NK,NK,0.45689655172413796,pbmc5k_to_pbmc10k,totalvi,1,l1
other,NK,0.0045662100456621,pbmc5k_to_pbmc10k,totalvi,1,l1
other T,NK,0.0,pbmc5k_to_pbmc10k,totalvi,1,l1
B,other,0.0,pbmc5k_to_pbmc10k,totalvi,1,l1
CD4 T,other,0.0,pbmc5k_to_pbmc10k,totalvi,1,l1
CD8 T,other,0.0,pbmc5k_to_pbmc10k,totalvi,1,l1
DC,other,0.0,pbmc5k_to_pbmc10k,totalvi,1,l1
Mono,other,0.0029850746268656717,pbmc5k_to_pbmc10k,totalvi,1,l1
NK,other,0.0,pbmc5k_to_pbmc10k,totalvi,1,l1
other,other,0.2511415525114155,pbmc5k_to_pbmc10k,totalvi,1,l1
other T,other,0.0,pbmc5k_to_pbmc10k,totalvi,1,l1
B,other T,0.002028397565922921,pbmc5k_to_pbmc10k,totalvi,1,l1
CD4 T,other T,0.007776049766718507,pbmc5k_to_pbmc10k,totalvi,1,l1
CD8 T,other T,0.0903522205206738,pbmc5k_to_pbmc10k,totalvi,1,l1
DC,other T,0.006060606060606061,pbmc5k_to_pbmc10k,totalvi,1,l1
Mono,other T,0.0,pbmc5k_to_pbmc10k,totalvi,1,l1
NK,other T,0.541871921182266,pbmc5k_to_pbmc10k,totalvi,1,l1
other,other T,0.0547945205479452,pbmc5k_to_pbmc10k,totalvi,1,l1
other T,other T,0.8268839103869654,pbmc5k_to_pbmc10k,totalvi,1,l1
B intermediate,B intermediate,0.6911764705882353,pbmc5k_to_pbmc10k,scvi_matched,2,l2
B memory,B intermediate,0.42424242424242425,pbmc5k_to_pbmc10k,scvi_matched,2,l2
B naive,B intermediate,0.025396825396825397,pbmc5k_to_pbmc10k,scvi_matched,2,l2
CD14 Mono,B intermediate,0.0,pbmc5k_to_pbmc10k,scvi_matched,2,l2
CD16 Mono,B intermediate,0.0,pbmc5k_to_pbmc10k,scvi_matched,2,l2
CD4 CTL,B intermediate,0.0,pbmc5k_to_pbmc10k,scvi_matched,2,l2
CD4 Naive,B intermediate,0.0,pbmc5k_to_pbmc10k,scvi_matched,2,l2
CD4 TCM,B intermediate,0.0,pbmc5k_to_pbmc10k,scvi_matched,2,l2
CD4 TEM,B intermediate,0.0,pbmc5k_to_pbmc10k,scvi_matched,2,l2
CD8 Naive,B intermediate,0.0,pbmc5k_to_pbmc10k,scvi_matched,2,l2
CD8 TCM,B intermediate,0.0,pbmc5k_to_pbmc10k,scvi_matched,2,l2
CD8 TEM,B intermediate,0.0,pbmc5k_to_pbmc10k,scvi_matched,2,l2
Eryth,B intermediate,0.0,pbmc5k_to_pbmc10k,scvi_matched,2,l2
ILC,B intermediate,0.0,pbmc5k_to_pbmc10k,scvi_matched,2,l2
MAIT,B intermediate,0.0,pbmc5k_to_pbmc10k,scvi_matched,2,l2
NK,B intermediate,0.0,pbmc5k_to_pbmc10k,scvi_matched,2,l2
NK_CD56bright,B intermediate,0.0,pbmc5k_to_pbmc10k,scvi_matched,2,l2
Treg,B intermediate,0.0,pbmc5k_to_pbmc10k,scvi_matched,2,l2
cDC2,B intermediate,0.0,pbmc5k_to_pbmc10k,scvi_matched,2,l2
gdT,B intermediate,0.0,pbmc5k_to_pbmc10k,scvi_matched,2,l2
pDC,B intermediate,0.0,pbmc5k_to_pbmc10k,scvi_matched,2,l2
B intermediate,B memory,0.1323529411764706,pbmc5k_to_pbmc10k,scvi_matched,2,l2
B memory,B memory,0.5353535353535354,pbmc5k_to_pbmc10k,scvi_matched,2,l2
B naive,B memory,0.0,pbmc5k_to_pbmc10k,scvi_matched,2,l2
CD14 Mono,B memory,0.0,pbmc5k_to_pbmc10k,scvi_matched,2,l2
CD16 Mono,B memory,0.0,pbmc5k_to_pbmc10k,scvi_matched,2,l2
CD4 CTL,B memory,0.0,pbmc5k_to_pbmc10k,scvi_matched,2,l2
CD4 Naive,B memory,0.0,pbmc5k_to_pbmc10k,scvi_matched,2,l2
CD4 TCM,B memory,0.0,pbmc5k_to_pbmc10k,scvi_matched,2,l2
CD4 TEM,B memory,0.0,pbmc5k_to_pbmc10k,scvi_matched,2,l2
CD8 Naive,B memory,0.0,pbmc5k_to_pbmc10k,scvi_matched,2,l2
CD8 TCM,B memory,0.0,pbmc5k_to_pbmc10k,scvi_matched,2,l2
CD8 TEM,B memory,0.0,pbmc5k_to_pbmc10k,scvi_matched,2,l2
Eryth,B memory,0.0,pbmc5k_to_pbmc10k,scvi_matched,2,l2
ILC,B memory,0.0,pbmc5k_to_pbmc10k,scvi_matched,2,l2
MAIT,B memory,0.0,pbmc5k_to_pbmc10k,scvi_matched,2,l2
NK,B memory,0.0,pbmc5k_to_pbmc10k,scvi_matched,2,l2
NK_CD56bright,B memory,0.0,pbmc5k_to_pbmc10k,scvi_matched,2,l2
Treg,B memory,0.0,pbmc5k_to_pbmc10k,scvi_matched,2,l2
cDC2,B memory,0.0,pbmc5k_to_pbmc10k,scvi_matched,2,l2
gdT,B memory,0.0,pbmc5k_to_pbmc10k,scvi_matched,2,l2
pDC,B memory,0.0,pbmc5k_to_pbmc10k,scvi_matched,2,l2
B intermediate,B naive,0.17647058823529413,pbmc5k_to_pbmc10k,scvi_matched,2,l2
B memory,B naive,0.04040404040404041,pbmc5k_to_pbmc10k,scvi_matched,2,l2
B naive,B naive,0.9746031746031746,pbmc5k_to_pbmc10k,scvi_matched,2,l2
CD14 Mono,B naive,0.0,pbmc5k_to_pbmc10k,scvi_matched,2,l2
CD16 Mono,B naive,0.0,pbmc5k_to_pbmc10k,scvi_matched,2,l2
CD4 CTL,B naive,0.0,pbmc5k_to_pbmc10k,scvi_matched,2,l2
CD4 Naive,B naive,0.0,pbmc5k_to_pbmc10k,scvi_matched,2,l2
CD4 TCM,B naive,0.0,pbmc5k_to_pbmc10k,scvi_matched,2,l2
CD4 TEM,B naive,0.0,pbmc5k_to_pbmc10k,scvi_matched,2,l2
CD8 Naive,B naive,0.0,pbmc5k_to_pbmc10k,scvi_matched,2,l2
CD8 TCM,B naive,0.0,pbmc5k_to_pbmc10k,scvi_matched,2,l2
CD8 TEM,B naive,0.0,pbmc5k_to_pbmc10k,scvi_matched,2,l2
Eryth,B naive,0.0,pbmc5k_to_pbmc10k,scvi_matched,2,l2
ILC,B naive,0.0,pbmc5k_to_pbmc10k,scvi_matched,2,l2
MAIT,B naive,0.0,pbmc5k_to_pbmc10k,scvi_matched,2,l2
NK,B naive,0.0,pbmc5k_to_pbmc10k,scvi_matched,2,l2
NK_CD56bright,B naive,0.0,pbmc5k_to_pbmc10k,scvi_matched,2,l2
Treg,B naive,0.0,pbmc5k_to_pbmc10k,scvi_matched,2,l2
cDC2,B naive,0.0,pbmc5k_to_pbmc10k,scvi_matched,2,l2
gdT,B naive,0.0,pbmc5k_to_pbmc10k,scvi_matched,2,l2
pDC,B naive,0.0,pbmc5k_to_pbmc10k,scvi_matched,2,l2
B intermediate,CD14 Mono,0.0,pbmc5k_to_pbmc10k,scvi_matched,2,l2
B memory,CD14 Mono,0.0,pbmc5k_to_pbmc10k,scvi_matched,2,l2
B naive,CD14 Mono,0.0,pbmc5k_to_pbmc10k,scvi_matched,2,l2
CD14 Mono,CD14 Mono,0.967663702506063,pbmc5k_to_pbmc10k,scvi_matched,2,l2
CD16 Mono,CD14 Mono,0.0,pbmc5k_to_pbmc10k,scvi_matched,2,l2
CD4 CTL,CD14 Mono,0.0,pbmc5k_to_pbmc10k,scvi_matched,2,l2
CD4 Naive,CD14 Mono,0.0,pbmc5k_to_pbmc10k,scvi_matched,2,l2
CD4 TCM,CD14 Mono,0.0,pbmc5k_to_pbmc10k,scvi_matched,2,l2
CD4 TEM,CD14 Mono,0.0,pbmc5k_to_pbmc10k,scvi_matched,2,l2
CD8 Naive,CD14 Mono,0.0,pbmc5k_to_pbmc10k,scvi_matched,2,l2
CD8 TCM,CD14 Mono,0.0,pbmc5k_to_pbmc10k,scvi_matched,2,l2
CD8 TEM,CD14 Mono,0.0,pbmc5k_to_pbmc10k,scvi_matched,2,l2
Eryth,CD14 Mono,0.24305555555555555,pbmc5k_to_pbmc10k,scvi_matched,2,l2
ILC,CD14 Mono,0.0,pbmc5k_to_pbmc10k,scvi_matched,2,l2
MAIT,CD14 Mono,0.0,pbmc5k_to_pbmc10k,scvi_matched,2,l2
NK,CD14 Mono,0.0,pbmc5k_to_pbmc10k,scvi_matched,2,l2
NK_CD56bright,CD14 Mono,0.0,pbmc5k_to_pbmc10k,scvi_matched,2,l2
Treg,CD14 Mono,0.0,pbmc5k_to_pbmc10k,scvi_matched,2,l2
cDC2,CD14 Mono,0.2,pbmc5k_to_pbmc10k,scvi_matched,2,l2
gdT,CD14 Mono,0.0,pbmc5k_to_pbmc10k,scvi_matched,2,l2
pDC,CD14 Mono,0.0,pbmc5k_to_pbmc10k,scvi_matched,2,l2
B intermediate,CD16 Mono,0.0,pbmc5k_to_pbmc10k,scvi_matched,2,l2
B memory,CD16 Mono,0.0,pbmc5k_to_pbmc10k,scvi_matched,2,l2
B naive,CD16 Mono,0.0,pbmc5k_to_pbmc10k,scvi_matched,2,l2
CD14 Mono,CD16 Mono,0.007275666936135812,pbmc5k_to_pbmc10k,scvi_matched,2,l2
CD16 Mono,CD16 Mono,1.0,pbmc5k_to_pbmc10k,scvi_matched,2,l2
CD4 CTL,CD16 Mono,0.0,pbmc5k_to_pbmc10k,scvi_matched,2,l2
CD4 Naive,CD16 Mono,0.0,pbmc5k_to_pbmc10k,scvi_matched,2,l2
CD4 TCM,CD16 Mono,0.0,pbmc5k_to_pbmc10k,scvi_matched,2,l2
CD4 TEM,CD16 Mono,0.0,pbmc5k_to_pbmc10k,scvi_matched,2,l2
CD8 Naive,CD16 Mono,0.0,pbmc5k_to_pbmc10k,scvi_matched,2,l2
CD8 TCM,CD16 Mono,0.0,pbmc5k_to_pbmc10k,scvi_matched,2,l2
CD8 TEM,CD16 Mono,0.0,pbmc5k_to_pbmc10k,scvi_matched,2,l2
Eryth,CD16 Mono,0.0,pbmc5k_to_pbmc10k,scvi_matched,2,l2
ILC,CD16 Mono,0.0,pbmc5k_to_pbmc10k,scvi_matched,2,l2
MAIT,CD16 Mono,0.0,pbmc5k_to_pbmc10k,scvi_matched,2,l2
NK,CD16 Mono,0.0,pbmc5k_to_pbmc10k,scvi_matched,2,l2
NK_CD56bright,CD16 Mono,0.0,pbmc5k_to_pbmc10k,scvi_matched,2,l2
Treg,CD16 Mono,0.0,pbmc5k_to_pbmc10k,scvi_matched,2,l2
cDC2,CD16 Mono,0.044444444444444446,pbmc5k_to_pbmc10k,scvi_matched,2,l2
gdT,CD16 Mono,0.0,pbmc5k_to_pbmc10k,scvi_matched,2,l2
pDC,CD16 Mono,0.0,pbmc5k_to_pbmc10k,scvi_matched,2,l2
B intermediate,CD4 CTL,0.0,pbmc5k_to_pbmc10k,scvi_matched,2,l2
B memory,CD4 CTL,0.0,pbmc5k_to_pbmc10k,scvi_matched,2,l2
B naive,CD4 CTL,0.0,pbmc5k_to_pbmc10k,scvi_matched,2,l2
CD14 Mono,CD4 CTL,0.0,pbmc5k_to_pbmc10k,scvi_matched,2,l2
CD16 Mono,CD4 CTL,0.0,pbmc5k_to_pbmc10k,scvi_matched,2,l2
CD4 CTL,CD4 CTL,0.08333333333333333,pbmc5k_to_pbmc10k,scvi_matched,2,l2
CD4 Naive,CD4 CTL,0.0,pbmc5k_to_pbmc10k,scvi_matched,2,l2
CD4 TCM,CD4 CTL,0.0,pbmc5k_to_pbmc10k,scvi_matched,2,l2
CD4 TEM,CD4 CTL,0.014234875444839857,pbmc5k_to_pbmc10k,scvi_matched,2,l2
CD8 Naive,CD4 CTL,0.0,pbmc5k_to_pbmc10k,scvi_matched,2,l2
CD8 TCM,CD4 CTL,0.012987012987012988,pbmc5k_to_pbmc10k,scvi_matched,2,l2
CD8 TEM,CD4 CTL,0.0,pbmc5k_to_pbmc10k,scvi_matched,2,l2
Eryth,CD4 CTL,0.0,pbmc5k_to_pbmc10k,scvi_matched,2,l2
ILC,CD4 CTL,0.0,pbmc5k_to_pbmc10k,scvi_matched,2,l2
MAIT,CD4 CTL,0.0056179775280898875,pbmc5k_to_pbmc10k,scvi_matched,2,l2
NK,CD4 CTL,0.0,pbmc5k_to_pbmc10k,scvi_matched,2,l2
NK_CD56bright,CD4 CTL,0.0,pbmc5k_to_pbmc10k,scvi_matched,2,l2
Treg,CD4 CTL,0.0,pbmc5k_to_pbmc10k,scvi_matched,2,l2
cDC2,CD4 CTL,0.0,pbmc5k_to_pbmc10k,scvi_matched,2,l2
gdT,CD4 CTL,0.0,pbmc5k_to_pbmc10k,scvi_matched,2,l2
pDC,CD4 CTL,0.0,pbmc5k_to_pbmc10k,scvi_matched,2,l2
B intermediate,CD4 Naive,0.0,pbmc5k_to_pbmc10k,scvi_matched,2,l2
B memory,CD4 Naive,0.0,pbmc5k_to_pbmc10k,scvi_matched,2,l2
B naive,CD4 Naive,0.0,pbmc5k_to_pbmc10k,scvi_matched,2,l2
CD14 Mono,CD4 Naive,0.0,pbmc5k_to_pbmc10k,scvi_matched,2,l2
CD16 Mono,CD4 Naive,0.0,pbmc5k_to_pbmc10k,scvi_matched,2,l2
CD4 CTL,CD4 Naive,0.0,pbmc5k_to_pbmc10k,scvi_matched,2,l2
CD4 Naive,CD4 Naive,0.9660377358490566,pbmc5k_to_pbmc10k,scvi_matched,2,l2
CD4 TCM,CD4 Naive,0.08103448275862069,pbmc5k_to_pbmc10k,scvi_matched,2,l2
CD4 TEM,CD4 Naive,0.0,pbmc5k_to_pbmc10k,scvi_matched,2,l2
CD8 Naive,CD4 Naive,0.578125,pbmc5k_to_pbmc10k,scvi_matched,2,l2
CD8 TCM,CD4 Naive,0.1038961038961039,pbmc5k_to_pbmc10k,scvi_matched,2,l2
CD8 TEM,CD4 Naive,0.0,pbmc5k_to_pbmc10k,scvi_matched,2,l2
Eryth,CD4 Naive,0.0,pbmc5k_to_pbmc10k,scvi_matched,2,l2
ILC,CD4 Naive,0.0,pbmc5k_to_pbmc10k,scvi_matched,2,l2
MAIT,CD4 Naive,0.0,pbmc5k_to_pbmc10k,scvi_matched,2,l2
NK,CD4 Naive,0.0,pbmc5k_to_pbmc10k,scvi_matched,2,l2
NK_CD56bright,CD4 Naive,0.0,pbmc5k_to_pbmc10k,scvi_matched,2,l2
Treg,CD4 Naive,0.3029045643153527,pbmc5k_to_pbmc10k,scvi_matched,2,l2
cDC2,CD4 Naive,0.0,pbmc5k_to_pbmc10k,scvi_matched,2,l2
gdT,CD4 Naive,0.06779661016949153,pbmc5k_to_pbmc10k,scvi_matched,2,l2
pDC,CD4 Naive,0.0,pbmc5k_to_pbmc10k,scvi_matched,2,l2
B intermediate,CD4 TCM,0.0,pbmc5k_to_pbmc10k,scvi_matched,2,l2
B memory,CD4 TCM,0.0,pbmc5k_to_pbmc10k,scvi_matched,2,l2
B naive,CD4 TCM,0.0,pbmc5k_to_pbmc10k,scvi_matched,2,l2
CD14 Mono,CD4 TCM,0.0,pbmc5k_to_pbmc10k,scvi_matched,2,l2
CD16 Mono,CD4 TCM,0.0,pbmc5k_to_pbmc10k,scvi_matched,2,l2
CD4 CTL,CD4 TCM,0.0,pbmc5k_to_pbmc10k,scvi_matched,2,l2
CD4 Naive,CD4 TCM,0.00880503144654088,pbmc5k_to_pbmc10k,scvi_matched,2,l2
CD4 TCM,CD4 TCM,0.7586206896551724,pbmc5k_to_pbmc10k,scvi_matched,2,l2
CD4 TEM,CD4 TCM,0.1708185053380783,pbmc5k_to_pbmc10k,scvi_matched,2,l2
CD8 Naive,CD4 TCM,0.003125,pbmc5k_to_pbmc10k,scvi_matched,2,l2
CD8 TCM,CD4 TCM,0.15584415584415584,pbmc5k_to_pbmc10k,scvi_matched,2,l2
CD8 TEM,CD4 TCM,0.0,pbmc5k_to_pbmc10k,scvi_matched,2,l2
Eryth,CD4 TCM,0.0,pbmc5k_to_pbmc10k,scvi_matched,2,l2
ILC,CD4 TCM,0.4,pbmc5k_to_pbmc10k,scvi_matched,2,l2
MAIT,CD4 TCM,0.0,pbmc5k_to_pbmc10k,scvi_matched,2,l2
NK,CD4 TCM,0.0,pbmc5k_to_pbmc10k,scvi_matched,2,l2
NK_CD56bright,CD4 TCM,0.0,pbmc5k_to_pbmc10k,scvi_matched,2,l2
Treg,CD4 TCM,0.12863070539419086,pbmc5k_to_pbmc10k,scvi_matched,2,l2
cDC2,CD4 TCM,0.0,pbmc5k_to_pbmc10k,scvi_matched,2,l2
gdT,CD4 TCM,0.03389830508474576,pbmc5k_to_pbmc10k,scvi_matched,2,l2
pDC,CD4 TCM,0.0,pbmc5k_to_pbmc10k,scvi_matched,2,l2
B intermediate,CD4 TEM,0.0,pbmc5k_to_pbmc10k,scvi_matched,2,l2
B memory,CD4 TEM,0.0,pbmc5k_to_pbmc10k,scvi_matched,2,l2
B naive,CD4 TEM,0.0,pbmc5k_to_pbmc10k,scvi_matched,2,l2
CD14 Mono,CD4 TEM,0.0,pbmc5k_to_pbmc10k,scvi_matched,2,l2
CD16 Mono,CD4 TEM,0.0,pbmc5k_to_pbmc10k,scvi_matched,2,l2
CD4 CTL,CD4 TEM,0.041666666666666664,pbmc5k_to_pbmc10k,scvi_matched,2,l2
CD4 Naive,CD4 TEM,0.0,pbmc5k_to_pbmc10k,scvi_matched,2,l2
CD4 TCM,CD4 TEM,0.02413793103448276,pbmc5k_to_pbmc10k,scvi_matched,2,l2
CD4 TEM,CD4 TEM,0.7224199288256228,pbmc5k_to_pbmc10k,scvi_matched,2,l2
CD8 Naive,CD4 TEM,0.0,pbmc5k_to_pbmc10k,scvi_matched,2,l2
CD8 TCM,CD4 TEM,0.4025974025974026,pbmc5k_to_pbmc10k,scvi_matched,2,l2
CD8 TEM,CD4 TEM,0.012195121951219513,pbmc5k_to_pbmc10k,scvi_matched,2,l2
Eryth,CD4 TEM,0.0,pbmc5k_to_pbmc10k,scvi_matched,2,l2
ILC,CD4 TEM,0.3384615384615385,pbmc5k_to_pbmc10k,scvi_matched,2,l2
MAIT,CD4 TEM,0.24719101123595505,pbmc5k_to_pbmc10k,scvi_matched,2,l2
NK,CD4 TEM,0.0,pbmc5k_to_pbmc10k,scvi_matched,2,l2
NK_CD56bright,CD4 TEM,0.0,pbmc5k_to_pbmc10k,scvi_matched,2,l2
Treg,CD4 TEM,0.0,pbmc5k_to_pbmc10k,scvi_matched,2,l2
cDC2,CD4 TEM,0.0,pbmc5k_to_pbmc10k,scvi_matched,2,l2
gdT,CD4 TEM,0.01694915254237288,pbmc5k_to_pbmc10k,scvi_matched,2,l2
pDC,CD4 TEM,0.0,pbmc5k_to_pbmc10k,scvi_matched,2,l2
B intermediate,CD8 Naive,0.0,pbmc5k_to_pbmc10k,scvi_matched,2,l2
B memory,CD8 Naive,0.0,pbmc5k_to_pbmc10k,scvi_matched,2,l2
B naive,CD8 Naive,0.0,pbmc5k_to_pbmc10k,scvi_matched,2,l2
CD14 Mono,CD8 Naive,0.0,pbmc5k_to_pbmc10k,scvi_matched,2,l2
CD16 Mono,CD8 Naive,0.0,pbmc5k_to_pbmc10k,scvi_matched,2,l2
CD4 CTL,CD8 Naive,0.0,pbmc5k_to_pbmc10k,scvi_matched,2,l2
CD4 Naive,CD8 Naive,0.0,pbmc5k_to_pbmc10k,scvi_matched,2,l2
CD4 TCM,CD8 Naive,0.0,pbmc5k_to_pbmc10k,scvi_matched,2,l2
CD4 TEM,CD8 Naive,0.0,pbmc5k_to_pbmc10k,scvi_matched,2,l2
CD8 Naive,CD8 Naive,0.403125,pbmc5k_to_pbmc10k,scvi_matched,2,l2
CD8 TCM,CD8 Naive,0.07792207792207792,pbmc5k_to_pbmc10k,scvi_matched,2,l2
CD8 TEM,CD8 Naive,0.0,pbmc5k_to_pbmc10k,scvi_matched,2,l2
Eryth,CD8 Naive,0.0,pbmc5k_to_pbmc10k,scvi_matched,2,l2
ILC,CD8 Naive,0.0,pbmc5k_to_pbmc10k,scvi_matched,2,l2
MAIT,CD8 Naive,0.0,pbmc5k_to_pbmc10k,scvi_matched,2,l2
NK,CD8 Naive,0.0,pbmc5k_to_pbmc10k,scvi_matched,2,l2
NK_CD56bright,CD8 Naive,0.0,pbmc5k_to_pbmc10k,scvi_matched,2,l2
Treg,CD8 Naive,0.004149377593360996,pbmc5k_to_pbmc10k,scvi_matched,2,l2
cDC2,CD8 Naive,0.0,pbmc5k_to_pbmc10k,scvi_matched,2,l2
gdT,CD8 Naive,0.06779661016949153,pbmc5k_to_pbmc10k,scvi_matched,2,l2
pDC,CD8 Naive,0.0,pbmc5k_to_pbmc10k,scvi_matched,2,l2
B intermediate,CD8 TCM,0.0,pbmc5k_to_pbmc10k,scvi_matched,2,l2
B memory,CD8 TCM,0.0,pbmc5k_to_pbmc10k,scvi_matched,2,l2
B naive,CD8 TCM,0.0,pbmc5k_to_pbmc10k,scvi_matched,2,l2
CD14 Mono,CD8 TCM,0.0,pbmc5k_to_pbmc10k,scvi_matched,2,l2
CD16 Mono,CD8 TCM,0.0,pbmc5k_to_pbmc10k,scvi_matched,2,l2
CD4 CTL,CD8 TCM,0.0,pbmc5k_to_pbmc10k,scvi_matched,2,l2
CD4 Naive,CD8 TCM,0.0,pbmc5k_to_pbmc10k,scvi_matched,2,l2
CD4 TCM,CD8 TCM,0.0,pbmc5k_to_pbmc10k,scvi_matched,2,l2
CD4 TEM,CD8 TCM,0.0035587188612099642,pbmc5k_to_pbmc10k,scvi_matched,2,l2
CD8 Naive,CD8 TCM,0.0,pbmc5k_to_pbmc10k,scvi_matched,2,l2
CD8 TCM,CD8 TCM,0.05194805194805195,pbmc5k_to_pbmc10k,scvi_matched,2,l2
CD8 TEM,CD8 TCM,0.012195121951219513,pbmc5k_to_pbmc10k,scvi_matched,2,l2
Eryth,CD8 TCM,0.0,pbmc5k_to_pbmc10k,scvi_matched,2,l2
ILC,CD8 TCM,0.0,pbmc5k_to_pbmc10k,scvi_matched,2,l2
MAIT,CD8 TCM,0.0028089887640449437,pbmc5k_to_pbmc10k,scvi_matched,2,l2
NK,CD8 TCM,0.0,pbmc5k_to_pbmc10k,scvi_matched,2,l2
NK_CD56bright,CD8 TCM,0.0,pbmc5k_to_pbmc10k,scvi_matched,2,l2
Treg,CD8 TCM,0.0,pbmc5k_to_pbmc10k,scvi_matched,2,l2
cDC2,CD8 TCM,0.0,pbmc5k_to_pbmc10k,scvi_matched,2,l2
gdT,CD8 TCM,0.0847457627118644,pbmc5k_to_pbmc10k,scvi_matched,2,l2
pDC,CD8 TCM,0.0,pbmc5k_to_pbmc10k,scvi_matched,2,l2
B intermediate,CD8 TEM,0.0,pbmc5k_to_pbmc10k,scvi_matched,2,l2
B memory,CD8 TEM,0.0,pbmc5k_to_pbmc10k,scvi_matched,2,l2
B naive,CD8 TEM,0.0,pbmc5k_to_pbmc10k,scvi_matched,2,l2
CD14 Mono,CD8 TEM,0.0,pbmc5k_to_pbmc10k,scvi_matched,2,l2
CD16 Mono,CD8 TEM,0.0,pbmc5k_to_pbmc10k,scvi_matched,2,l2
CD4 CTL,CD8 TEM,0.875,pbmc5k_to_pbmc10k,scvi_matched,2,l2
CD4 Naive,CD8 TEM,0.0,pbmc5k_to_pbmc10k,scvi_matched,2,l2
CD4 TCM,CD8 TEM,0.0,pbmc5k_to_pbmc10k,scvi_matched,2,l2
CD4 TEM,CD8 TEM,0.046263345195729534,pbmc5k_to_pbmc10k,scvi_matched,2,l2
CD8 Naive,CD8 TEM,0.0,pbmc5k_to_pbmc10k,scvi_matched,2,l2
CD8 TCM,CD8 TEM,0.09090909090909091,pbmc5k_to_pbmc10k,scvi_matched,2,l2
CD8 TEM,CD8 TEM,0.943089430894309,pbmc5k_to_pbmc10k,scvi_matched,2,l2
Eryth,CD8 TEM,0.0,pbmc5k_to_pbmc10k,scvi_matched,2,l2
ILC,CD8 TEM,0.03076923076923077,pbmc5k_to_pbmc10k,scvi_matched,2,l2
MAIT,CD8 TEM,0.6853932584269663,pbmc5k_to_pbmc10k,scvi_matched,2,l2
NK,CD8 TEM,0.002631578947368421,pbmc5k_to_pbmc10k,scvi_matched,2,l2
NK_CD56bright,CD8 TEM,0.02857142857142857,pbmc5k_to_pbmc10k,scvi_matched,2,l2
Treg,CD8 TEM,0.0,pbmc5k_to_pbmc10k,scvi_matched,2,l2
cDC2,CD8 TEM,0.0,pbmc5k_to_pbmc10k,scvi_matched,2,l2
gdT,CD8 TEM,0.6101694915254238,pbmc5k_to_pbmc10k,scvi_matched,2,l2
pDC,CD8 TEM,0.0,pbmc5k_to_pbmc10k,scvi_matched,2,l2
B intermediate,Eryth,0.0,pbmc5k_to_pbmc10k,scvi_matched,2,l2
B memory,Eryth,0.0,pbmc5k_to_pbmc10k,scvi_matched,2,l2
B naive,Eryth,0.0,pbmc5k_to_pbmc10k,scvi_matched,2,l2
CD14 Mono,Eryth,0.023443815683104285,pbmc5k_to_pbmc10k,scvi_matched,2,l2
CD16 Mono,Eryth,0.0,pbmc5k_to_pbmc10k,scvi_matched,2,l2
CD4 CTL,Eryth,0.0,pbmc5k_to_pbmc10k,scvi_matched,2,l2
CD4 Naive,Eryth,0.0,pbmc5k_to_pbmc10k,scvi_matched,2,l2
CD4 TCM,Eryth,0.0,pbmc5k_to_pbmc10k,scvi_matched,2,l2
CD4 TEM,Eryth,0.0,pbmc5k_to_pbmc10k,scvi_matched,2,l2
CD8 Naive,Eryth,0.0,pbmc5k_to_pbmc10k,scvi_matched,2,l2
CD8 TCM,Eryth,0.0,pbmc5k_to_pbmc10k,scvi_matched,2,l2
CD8 TEM,Eryth,0.0,pbmc5k_to_pbmc10k,scvi_matched,2,l2
Eryth,Eryth,0.7569444444444444,pbmc5k_to_pbmc10k,scvi_matched,2,l2
ILC,Eryth,0.0,pbmc5k_to_pbmc10k,scvi_matched,2,l2
MAIT,Eryth,0.0,pbmc5k_to_pbmc10k,scvi_matched,2,l2
NK,Eryth,0.0,pbmc5k_to_pbmc10k,scvi_matched,2,l2
NK_CD56bright,Eryth,0.0,pbmc5k_to_pbmc10k,scvi_matched,2,l2
Treg,Eryth,0.0,pbmc5k_to_pbmc10k,scvi_matched,2,l2
cDC2,Eryth,0.0,pbmc5k_to_pbmc10k,scvi_matched,2,l2
gdT,Eryth,0.0,pbmc5k_to_pbmc10k,scvi_matched,2,l2
pDC,Eryth,0.0,pbmc5k_to_pbmc10k,scvi_matched,2,l2
B intermediate,ILC,0.0,pbmc5k_to_pbmc10k,scvi_matched,2,l2
B memory,ILC,0.0,pbmc5k_to_pbmc10k,scvi_matched,2,l2
B naive,ILC,0.0,pbmc5k_to_pbmc10k,scvi_matched,2,l2
CD14 Mono,ILC,0.0,pbmc5k_to_pbmc10k,scvi_matched,2,l2
CD16 Mono,ILC,0.0,pbmc5k_to_pbmc10k,scvi_matched,2,l2
CD4 CTL,ILC,0.0,pbmc5k_to_pbmc10k,scvi_matched,2,l2
CD4 Naive,ILC,0.0,pbmc5k_to_pbmc10k,scvi_matched,2,l2
CD4 TCM,ILC,0.0017241379310344827,pbmc5k_to_pbmc10k,scvi_matched,2,l2
CD4 TEM,ILC,0.0,pbmc5k_to_pbmc10k,scvi_matched,2,l2
CD8 Naive,ILC,0.0,pbmc5k_to_pbmc10k,scvi_matched,2,l2
CD8 TCM,ILC,0.0,pbmc5k_to_pbmc10k,scvi_matched,2,l2
CD8 TEM,ILC,0.0,pbmc5k_to_pbmc10k,scvi_matched,2,l2
Eryth,ILC,0.0,pbmc5k_to_pbmc10k,scvi_matched,2,l2
ILC,ILC,0.09230769230769231,pbmc5k_to_pbmc10k,scvi_matched,2,l2
MAIT,ILC,0.0,pbmc5k_to_pbmc10k,scvi_matched,2,l2
NK,ILC,0.0,pbmc5k_to_pbmc10k,scvi_matched,2,l2
NK_CD56bright,ILC,0.0,pbmc5k_to_pbmc10k,scvi_matched,2,l2
Treg,ILC,0.004149377593360996,pbmc5k_to_pbmc10k,scvi_matched,2,l2
cDC2,ILC,0.0,pbmc5k_to_pbmc10k,scvi_matched,2,l2
gdT,ILC,0.0,pbmc5k_to_pbmc10k,scvi_matched,2,l2
pDC,ILC,0.0,pbmc5k_to_pbmc10k,scvi_matched,2,l2
B intermediate,MAIT,0.0,pbmc5k_to_pbmc10k,scvi_matched,2,l2
B memory,MAIT,0.0,pbmc5k_to_pbmc10k,scvi_matched,2,l2
B naive,MAIT,0.0,pbmc5k_to_pbmc10k,scvi_matched,2,l2
CD14 Mono,MAIT,0.0,pbmc5k_to_pbmc10k,scvi_matched,2,l2
CD16 Mono,MAIT,0.0,pbmc5k_to_pbmc10k,scvi_matched,2,l2
CD4 CTL,MAIT,0.0,pbmc5k_to_pbmc10k,scvi_matched,2,l2
CD4 Naive,MAIT,0.0,pbmc5k_to_pbmc10k,scvi_matched,2,l2
CD4 TCM,MAIT,0.0,pbmc5k_to_pbmc10k,scvi_matched,2,l2
CD4 TEM,MAIT,0.0,pbmc5k_to_pbmc10k,scvi_matched,2,l2
CD8 Naive,MAIT,0.0,pbmc5k_to_pbmc10k,scvi_matched,2,l2
CD8 TCM,MAIT,0.0,pbmc5k_to_pbmc10k,scvi_matched,2,l2
CD8 TEM,MAIT,0.0,pbmc5k_to_pbmc10k,scvi_matched,2,l2
Eryth,MAIT,0.0,pbmc5k_to_pbmc10k,scvi_matched,2,l2
ILC,MAIT,0.0,pbmc5k_to_pbmc10k,scvi_matched,2,l2
MAIT,MAIT,0.0,pbmc5k_to_pbmc10k,scvi_matched,2,l2
NK,MAIT,0.0,pbmc5k_to_pbmc10k,scvi_matched,2,l2
NK_CD56bright,MAIT,0.0,pbmc5k_to_pbmc10k,scvi_matched,2,l2
Treg,MAIT,0.0,pbmc5k_to_pbmc10k,scvi_matched,2,l2
cDC2,MAIT,0.0,pbmc5k_to_pbmc10k,scvi_matched,2,l2
gdT,MAIT,0.0,pbmc5k_to_pbmc10k,scvi_matched,2,l2
pDC,MAIT,0.0,pbmc5k_to_pbmc10k,scvi_matched,2,l2
B intermediate,NK,0.0,pbmc5k_to_pbmc10k,scvi_matched,2,l2
B memory,NK,0.0,pbmc5k_to_pbmc10k,scvi_matched,2,l2
B naive,NK,0.0,pbmc5k_to_pbmc10k,scvi_matched,2,l2
CD14 Mono,NK,0.0,pbmc5k_to_pbmc10k,scvi_matched,2,l2
CD16 Mono,NK,0.0,pbmc5k_to_pbmc10k,scvi_matched,2,l2
CD4 CTL,NK,0.0,pbmc5k_to_pbmc10k,scvi_matched,2,l2
CD4 Naive,NK,0.0,pbmc5k_to_pbmc10k,scvi_matched,2,l2
CD4 TCM,NK,0.0,pbmc5k_to_pbmc10k,scvi_matched,2,l2
CD4 TEM,NK,0.0,pbmc5k_to_pbmc10k,scvi_matched,2,l2
CD8 Naive,NK,0.0,pbmc5k_to_pbmc10k,scvi_matched,2,l2
CD8 TCM,NK,0.0,pbmc5k_to_pbmc10k,scvi_matched,2,l2
CD8 TEM,NK,0.008130081300813009,pbmc5k_to_pbmc10k,scvi_matched,2,l2
Eryth,NK,0.0,pbmc5k_to_pbmc10k,scvi_matched,2,l2
ILC,NK,0.0,pbmc5k_to_pbmc10k,scvi_matched,2,l2
MAIT,NK,0.0028089887640449437,pbmc5k_to_pbmc10k,scvi_matched,2,l2
NK,NK,0.9894736842105263,pbmc5k_to_pbmc10k,scvi_matched,2,l2
NK_CD56bright,NK,0.08571428571428572,pbmc5k_to_pbmc10k,scvi_matched,2,l2
Treg,NK,0.0,pbmc5k_to_pbmc10k,scvi_matched,2,l2
cDC2,NK,0.0,pbmc5k_to_pbmc10k,scvi_matched,2,l2
gdT,NK,0.0,pbmc5k_to_pbmc10k,scvi_matched,2,l2
pDC,NK,0.0,pbmc5k_to_pbmc10k,scvi_matched,2,l2
B intermediate,NK_CD56bright,0.0,pbmc5k_to_pbmc10k,scvi_matched,2,l2
B memory,NK_CD56bright,0.0,pbmc5k_to_pbmc10k,scvi_matched,2,l2
B naive,NK_CD56bright,0.0,pbmc5k_to_pbmc10k,scvi_matched,2,l2
CD14 Mono,NK_CD56bright,0.0,pbmc5k_to_pbmc10k,scvi_matched,2,l2
CD16 Mono,NK_CD56bright,0.0,pbmc5k_to_pbmc10k,scvi_matched,2,l2
CD4 CTL,NK_CD56bright,0.0,pbmc5k_to_pbmc10k,scvi_matched,2,l2
CD4 Naive,NK_CD56bright,0.0,pbmc5k_to_pbmc10k,scvi_matched,2,l2
CD4 TCM,NK_CD56bright,0.0,pbmc5k_to_pbmc10k,scvi_matched,2,l2
CD4 TEM,NK_CD56bright,0.0,pbmc5k_to_pbmc10k,scvi_matched,2,l2
CD8 Naive,NK_CD56bright,0.0,pbmc5k_to_pbmc10k,scvi_matched,2,l2
CD8 TCM,NK_CD56bright,0.0,pbmc5k_to_pbmc10k,scvi_matched,2,l2
CD8 TEM,NK_CD56bright,0.0,pbmc5k_to_pbmc10k,scvi_matched,2,l2
Eryth,NK_CD56bright,0.0,pbmc5k_to_pbmc10k,scvi_matched,2,l2
ILC,NK_CD56bright,0.015384615384615385,pbmc5k_to_pbmc10k,scvi_matched,2,l2
MAIT,NK_CD56bright,0.0,pbmc5k_to_pbmc10k,scvi_matched,2,l2
NK,NK_CD56bright,0.0,pbmc5k_to_pbmc10k,scvi_matched,2,l2
NK_CD56bright,NK_CD56bright,0.7428571428571429,pbmc5k_to_pbmc10k,scvi_matched,2,l2
Treg,NK_CD56bright,0.0,pbmc5k_to_pbmc10k,scvi_matched,2,l2
cDC2,NK_CD56bright,0.0,pbmc5k_to_pbmc10k,scvi_matched,2,l2
gdT,NK_CD56bright,0.01694915254237288,pbmc5k_to_pbmc10k,scvi_matched,2,l2
pDC,NK_CD56bright,0.0,pbmc5k_to_pbmc10k,scvi_matched,2,l2
B intermediate,Treg,0.0,pbmc5k_to_pbmc10k,scvi_matched,2,l2
B memory,Treg,0.0,pbmc5k_to_pbmc10k,scvi_matched,2,l2
B naive,Treg,0.0,pbmc5k_to_pbmc10k,scvi_matched,2,l2
CD14 Mono,Treg,0.0,pbmc5k_to_pbmc10k,scvi_matched,2,l2
CD16 Mono,Treg,0.0,pbmc5k_to_pbmc10k,scvi_matched,2,l2
CD4 CTL,Treg,0.0,pbmc5k_to_pbmc10k,scvi_matched,2,l2
CD4 Naive,Treg,0.025157232704402517,pbmc5k_to_pbmc10k,scvi_matched,2,l2
CD4 TCM,Treg,0.13448275862068965,pbmc5k_to_pbmc10k,scvi_matched,2,l2
CD4 TEM,Treg,0.042704626334519574,pbmc5k_to_pbmc10k,scvi_matched,2,l2
CD8 Naive,Treg,0.015625,pbmc5k_to_pbmc10k,scvi_matched,2,l2
CD8 TCM,Treg,0.1038961038961039,pbmc5k_to_pbmc10k,scvi_matched,2,l2
CD8 TEM,Treg,0.0040650406504065045,pbmc5k_to_pbmc10k,scvi_matched,2,l2
Eryth,Treg,0.0,pbmc5k_to_pbmc10k,scvi_matched,2,l2
ILC,Treg,0.12307692307692308,pbmc5k_to_pbmc10k,scvi_matched,2,l2
MAIT,Treg,0.0,pbmc5k_to_pbmc10k,scvi_matched,2,l2
NK,Treg,0.0,pbmc5k_to_pbmc10k,scvi_matched,2,l2
NK_CD56bright,Treg,0.0,pbmc5k_to_pbmc10k,scvi_matched,2,l2
Treg,Treg,0.5601659751037344,pbmc5k_to_pbmc10k,scvi_matched,2,l2
cDC2,Treg,0.0,pbmc5k_to_pbmc10k,scvi_matched,2,l2
gdT,Treg,0.03389830508474576,pbmc5k_to_pbmc10k,scvi_matched,2,l2
pDC,Treg,0.0,pbmc5k_to_pbmc10k,scvi_matched,2,l2
B intermediate,cDC2,0.0,pbmc5k_to_pbmc10k,scvi_matched,2,l2
B memory,cDC2,0.0,pbmc5k_to_pbmc10k,scvi_matched,2,l2
B naive,cDC2,0.0,pbmc5k_to_pbmc10k,scvi_matched,2,l2
CD14 Mono,cDC2,0.0016168148746968471,pbmc5k_to_pbmc10k,scvi_matched,2,l2
CD16 Mono,cDC2,0.0,pbmc5k_to_pbmc10k,scvi_matched,2,l2
CD4 CTL,cDC2,0.0,pbmc5k_to_pbmc10k,scvi_matched,2,l2
CD4 Naive,cDC2,0.0,pbmc5k_to_pbmc10k,scvi_matched,2,l2
CD4 TCM,cDC2,0.0,pbmc5k_to_pbmc10k,scvi_matched,2,l2
CD4 TEM,cDC2,0.0,pbmc5k_to_pbmc10k,scvi_matched,2,l2
CD8 Naive,cDC2,0.0,pbmc5k_to_pbmc10k,scvi_matched,2,l2
CD8 TCM,cDC2,0.0,pbmc5k_to_pbmc10k,scvi_matched,2,l2
CD8 TEM,cDC2,0.0,pbmc5k_to_pbmc10k,scvi_matched,2,l2
Eryth,cDC2,0.0,pbmc5k_to_pbmc10k,scvi_matched,2,l2
ILC,cDC2,0.0,pbmc5k_to_pbmc10k,scvi_matched,2,l2
MAIT,cDC2,0.0,pbmc5k_to_pbmc10k,scvi_matched,2,l2
NK,cDC2,0.0,pbmc5k_to_pbmc10k,scvi_matched,2,l2
NK_CD56bright,cDC2,0.0,pbmc5k_to_pbmc10k,scvi_matched,2,l2
Treg,cDC2,0.0,pbmc5k_to_pbmc10k,scvi_matched,2,l2
cDC2,cDC2,0.7555555555555555,pbmc5k_to_pbmc10k,scvi_matched,2,l2
gdT,cDC2,0.0,pbmc5k_to_pbmc10k,scvi_matched,2,l2
pDC,cDC2,0.0,pbmc5k_to_pbmc10k,scvi_matched,2,l2
B intermediate,gdT,0.0,pbmc5k_to_pbmc10k,scvi_matched,2,l2
B memory,gdT,0.0,pbmc5k_to_pbmc10k,scvi_matched,2,l2
B naive,gdT,0.0,pbmc5k_to_pbmc10k,scvi_matched,2,l2
CD14 Mono,gdT,0.0,pbmc5k_to_pbmc10k,scvi_matched,2,l2
CD16 Mono,gdT,0.0,pbmc5k_to_pbmc10k,scvi_matched,2,l2
CD4 CTL,gdT,0.0,pbmc5k_to_pbmc10k,scvi_matched,2,l2
CD4 Naive,gdT,0.0,pbmc5k_to_pbmc10k,scvi_matched,2,l2
CD4 TCM,gdT,0.0,pbmc5k_to_pbmc10k,scvi_matched,2,l2
CD4 TEM,gdT,0.0,pbmc5k_to_pbmc10k,scvi_matched,2,l2
CD8 Naive,gdT,0.0,pbmc5k_to_pbmc10k,scvi_matched,2,l2
CD8 TCM,gdT,0.0,pbmc5k_to_pbmc10k,scvi_matched,2,l2
CD8 TEM,gdT,0.02032520325203252,pbmc5k_to_pbmc10k,scvi_matched,2,l2
Eryth,gdT,0.0,pbmc5k_to_pbmc10k,scvi_matched,2,l2
ILC,gdT,0.0,pbmc5k_to_pbmc10k,scvi_matched,2,l2
MAIT,gdT,0.056179775280898875,pbmc5k_to_pbmc10k,scvi_matched,2,l2
NK,gdT,0.006578947368421052,pbmc5k_to_pbmc10k,scvi_matched,2,l2
NK_CD56bright,gdT,0.14285714285714285,pbmc5k_to_pbmc10k,scvi_matched,2,l2
Treg,gdT,0.0,pbmc5k_to_pbmc10k,scvi_matched,2,l2
cDC2,gdT,0.0,pbmc5k_to_pbmc10k,scvi_matched,2,l2
gdT,gdT,0.06779661016949153,pbmc5k_to_pbmc10k,scvi_matched,2,l2
pDC,gdT,0.0,pbmc5k_to_pbmc10k,scvi_matched,2,l2
B intermediate,pDC,0.0,pbmc5k_to_pbmc10k,scvi_matched,2,l2
B memory,pDC,0.0,pbmc5k_to_pbmc10k,scvi_matched,2,l2
B naive,pDC,0.0,pbmc5k_to_pbmc10k,scvi_matched,2,l2
CD14 Mono,pDC,0.0,pbmc5k_to_pbmc10k,scvi_matched,2,l2
CD16 Mono,pDC,0.0,pbmc5k_to_pbmc10k,scvi_matched,2,l2
CD4 CTL,pDC,0.0,pbmc5k_to_pbmc10k,scvi_matched,2,l2
CD4 Naive,pDC,0.0,pbmc5k_to_pbmc10k,scvi_matched,2,l2
CD4 TCM,pDC,0.0,pbmc5k_to_pbmc10k,scvi_matched,2,l2
CD4 TEM,pDC,0.0,pbmc5k_to_pbmc10k,scvi_matched,2,l2
CD8 Naive,pDC,0.0,pbmc5k_to_pbmc10k,scvi_matched,2,l2
CD8 TCM,pDC,0.0,pbmc5k_to_pbmc10k,scvi_matched,2,l2
CD8 TEM,pDC,0.0,pbmc5k_to_pbmc10k,scvi_matched,2,l2
Eryth,pDC,0.0,pbmc5k_to_pbmc10k,scvi_matched,2,l2
ILC,pDC,0.0,pbmc5k_to_pbmc10k,scvi_matched,2,l2
MAIT,pDC,0.0,pbmc5k_to_pbmc10k,scvi_matched,2,l2
NK,pDC,0.0013157894736842105,pbmc5k_to_pbmc10k,scvi_matched,2,l2
NK_CD56bright,pDC,0.0,pbmc5k_to_pbmc10k,scvi_matched,2,l2
Treg,pDC,0.0,pbmc5k_to_pbmc10k,scvi_matched,2,l2
cDC2,pDC,0.0,pbmc5k_to_pbmc10k,scvi_matched,2,l2
gdT,pDC,0.0,pbmc5k_to_pbmc10k,scvi_matched,2,l2
pDC,pDC,1.0,pbmc5k_to_pbmc10k,scvi_matched,2,l2
B intermediate,B intermediate,0.39705882352941174,pbmc5k_to_pbmc10k,totalvi,2,l2
B memory,B intermediate,0.010101010101010102,pbmc5k_to_pbmc10k,totalvi,2,l2
B naive,B intermediate,0.050793650793650794,pbmc5k_to_pbmc10k,totalvi,2,l2
CD14 Mono,B intermediate,0.0,pbmc5k_to_pbmc10k,totalvi,2,l2
CD16 Mono,B intermediate,0.0,pbmc5k_to_pbmc10k,totalvi,2,l2
CD4 CTL,B intermediate,0.0,pbmc5k_to_pbmc10k,totalvi,2,l2
CD4 Naive,B intermediate,0.0,pbmc5k_to_pbmc10k,totalvi,2,l2
CD4 TCM,B intermediate,0.0,pbmc5k_to_pbmc10k,totalvi,2,l2
CD4 TEM,B intermediate,0.0,pbmc5k_to_pbmc10k,totalvi,2,l2
CD8 Naive,B intermediate,0.0,pbmc5k_to_pbmc10k,totalvi,2,l2
CD8 TCM,B intermediate,0.0,pbmc5k_to_pbmc10k,totalvi,2,l2
CD8 TEM,B intermediate,0.0,pbmc5k_to_pbmc10k,totalvi,2,l2
Eryth,B intermediate,0.0,pbmc5k_to_pbmc10k,totalvi,2,l2
ILC,B intermediate,0.0,pbmc5k_to_pbmc10k,totalvi,2,l2
MAIT,B intermediate,0.0,pbmc5k_to_pbmc10k,totalvi,2,l2
NK,B intermediate,0.0,pbmc5k_to_pbmc10k,totalvi,2,l2
NK_CD56bright,B intermediate,0.0,pbmc5k_to_pbmc10k,totalvi,2,l2
Treg,B intermediate,0.0,pbmc5k_to_pbmc10k,totalvi,2,l2
cDC2,B intermediate,0.0,pbmc5k_to_pbmc10k,totalvi,2,l2
gdT,B intermediate,0.0,pbmc5k_to_pbmc10k,totalvi,2,l2
pDC,B intermediate,0.0,pbmc5k_to_pbmc10k,totalvi,2,l2
B intermediate,B memory,0.5441176470588235,pbmc5k_to_pbmc10k,totalvi,2,l2
B memory,B memory,0.98989898989899,pbmc5k_to_pbmc10k,totalvi,2,l2
B naive,B memory,0.0031746031746031746,pbmc5k_to_pbmc10k,totalvi,2,l2
CD14 Mono,B memory,0.0,pbmc5k_to_pbmc10k,totalvi,2,l2
CD16 Mono,B memory,0.0,pbmc5k_to_pbmc10k,totalvi,2,l2
CD4 CTL,B memory,0.0,pbmc5k_to_pbmc10k,totalvi,2,l2
CD4 Naive,B memory,0.0,pbmc5k_to_pbmc10k,totalvi,2,l2
CD4 TCM,B memory,0.0,pbmc5k_to_pbmc10k,totalvi,2,l2
CD4 TEM,B memory,0.0,pbmc5k_to_pbmc10k,totalvi,2,l2
CD8 Naive,B memory,0.0,pbmc5k_to_pbmc10k,totalvi,2,l2
CD8 TCM,B memory,0.0,pbmc5k_to_pbmc10k,totalvi,2,l2
CD8 TEM,B memory,0.0,pbmc5k_to_pbmc10k,totalvi,2,l2
Eryth,B memory,0.0,pbmc5k_to_pbmc10k,totalvi,2,l2
ILC,B memory,0.0,pbmc5k_to_pbmc10k,totalvi,2,l2
MAIT,B memory,0.0,pbmc5k_to_pbmc10k,totalvi,2,l2
NK,B memory,0.0,pbmc5k_to_pbmc10k,totalvi,2,l2
NK_CD56bright,B memory,0.0,pbmc5k_to_pbmc10k,totalvi,2,l2
Treg,B memory,0.0,pbmc5k_to_pbmc10k,totalvi,2,l2
cDC2,B memory,0.0,pbmc5k_to_pbmc10k,totalvi,2,l2
gdT,B memory,0.0,pbmc5k_to_pbmc10k,totalvi,2,l2
pDC,B memory,0.0,pbmc5k_to_pbmc10k,totalvi,2,l2
B intermediate,B naive,0.04411764705882353,pbmc5k_to_pbmc10k,totalvi,2,l2
B memory,B naive,0.0,pbmc5k_to_pbmc10k,totalvi,2,l2
B naive,B naive,0.946031746031746,pbmc5k_to_pbmc10k,totalvi,2,l2
CD14 Mono,B naive,0.0,pbmc5k_to_pbmc10k,totalvi,2,l2
CD16 Mono,B naive,0.0,pbmc5k_to_pbmc10k,totalvi,2,l2
CD4 CTL,B naive,0.0,pbmc5k_to_pbmc10k,totalvi,2,l2
CD4 Naive,B naive,0.0,pbmc5k_to_pbmc10k,totalvi,2,l2
CD4 TCM,B naive,0.0,pbmc5k_to_pbmc10k,totalvi,2,l2
CD4 TEM,B naive,0.0,pbmc5k_to_pbmc10k,totalvi,2,l2
CD8 Naive,B naive,0.0,pbmc5k_to_pbmc10k,totalvi,2,l2
CD8 TCM,B naive,0.0,pbmc5k_to_pbmc10k,totalvi,2,l2
CD8 TEM,B naive,0.0,pbmc5k_to_pbmc10k,totalvi,2,l2
Eryth,B naive,0.0,pbmc5k_to_pbmc10k,totalvi,2,l2
ILC,B naive,0.0,pbmc5k_to_pbmc10k,totalvi,2,l2
MAIT,B naive,0.0,pbmc5k_to_pbmc10k,totalvi,2,l2
NK,B naive,0.0,pbmc5k_to_pbmc10k,totalvi,2,l2
NK_CD56bright,B naive,0.0,pbmc5k_to_pbmc10k,totalvi,2,l2
Treg,B naive,0.0,pbmc5k_to_pbmc10k,totalvi,2,l2
cDC2,B naive,0.0,pbmc5k_to_pbmc10k,totalvi,2,l2
gdT,B naive,0.0,pbmc5k_to_pbmc10k,totalvi,2,l2
pDC,B naive,0.0,pbmc5k_to_pbmc10k,totalvi,2,l2
B intermediate,CD14 Mono,0.0,pbmc5k_to_pbmc10k,totalvi,2,l2
B memory,CD14 Mono,0.0,pbmc5k_to_pbmc10k,totalvi,2,l2
B naive,CD14 Mono,0.0,pbmc5k_to_pbmc10k,totalvi,2,l2
CD14 Mono,CD14 Mono,0.8827809215844786,pbmc5k_to_pbmc10k,totalvi,2,l2
CD16 Mono,CD14 Mono,0.02912621359223301,pbmc5k_to_pbmc10k,totalvi,2,l2
CD4 CTL,CD14 Mono,0.0,pbmc5k_to_pbmc10k,totalvi,2,l2
CD4 Naive,CD14 Mono,0.0,pbmc5k_to_pbmc10k,totalvi,2,l2
CD4 TCM,CD14 Mono,0.0,pbmc5k_to_pbmc10k,totalvi,2,l2
CD4 TEM,CD14 Mono,0.0,pbmc5k_to_pbmc10k,totalvi,2,l2
CD8 Naive,CD14 Mono,0.0,pbmc5k_to_pbmc10k,totalvi,2,l2
CD8 TCM,CD14 Mono,0.0,pbmc5k_to_pbmc10k,totalvi,2,l2
CD8 TEM,CD14 Mono,0.0,pbmc5k_to_pbmc10k,totalvi,2,l2
Eryth,CD14 Mono,0.0625,pbmc5k_to_pbmc10k,totalvi,2,l2
ILC,CD14 Mono,0.0,pbmc5k_to_pbmc10k,totalvi,2,l2
MAIT,CD14 Mono,0.0,pbmc5k_to_pbmc10k,totalvi,2,l2
NK,CD14 Mono,0.0,pbmc5k_to_pbmc10k,totalvi,2,l2
NK_CD56bright,CD14 Mono,0.0,pbmc5k_to_pbmc10k,totalvi,2,l2
Treg,CD14 Mono,0.0,pbmc5k_to_pbmc10k,totalvi,2,l2
cDC2,CD14 Mono,0.1037037037037037,pbmc5k_to_pbmc10k,totalvi,2,l2
gdT,CD14 Mono,0.0,pbmc5k_to_pbmc10k,totalvi,2,l2
pDC,CD14 Mono,0.0,pbmc5k_to_pbmc10k,totalvi,2,l2
B intermediate,CD16 Mono,0.0,pbmc5k_to_pbmc10k,totalvi,2,l2
B memory,CD16 Mono,0.0,pbmc5k_to_pbmc10k,totalvi,2,l2
B naive,CD16 Mono,0.0,pbmc5k_to_pbmc10k,totalvi,2,l2
CD14 Mono,CD16 Mono,0.0,pbmc5k_to_pbmc10k,totalvi,2,l2
CD16 Mono,CD16 Mono,0.9514563106796117,pbmc5k_to_pbmc10k,totalvi,2,l2
CD4 CTL,CD16 Mono,0.0,pbmc5k_to_pbmc10k,totalvi,2,l2
CD4 Naive,CD16 Mono,0.0,pbmc5k_to_pbmc10k,totalvi,2,l2
CD4 TCM,CD16 Mono,0.0,pbmc5k_to_pbmc10k,totalvi,2,l2
CD4 TEM,CD16 Mono,0.0,pbmc5k_to_pbmc10k,totalvi,2,l2
CD8 Naive,CD16 Mono,0.0,pbmc5k_to_pbmc10k,totalvi,2,l2
CD8 TCM,CD16 Mono,0.0,pbmc5k_to_pbmc10k,totalvi,2,l2
CD8 TEM,CD16 Mono,0.0,pbmc5k_to_pbmc10k,totalvi,2,l2
Eryth,CD16 Mono,0.0,pbmc5k_to_pbmc10k,totalvi,2,l2
ILC,CD16 Mono,0.0,pbmc5k_to_pbmc10k,totalvi,2,l2
MAIT,CD16 Mono,0.0,pbmc5k_to_pbmc10k,totalvi,2,l2
NK,CD16 Mono,0.0,pbmc5k_to_pbmc10k,totalvi,2,l2
NK_CD56bright,CD16 Mono,0.0,pbmc5k_to_pbmc10k,totalvi,2,l2
Treg,CD16 Mono,0.0,pbmc5k_to_pbmc10k,totalvi,2,l2
cDC2,CD16 Mono,0.007407407407407408,pbmc5k_to_pbmc10k,totalvi,2,l2
gdT,CD16 Mono,0.0,pbmc5k_to_pbmc10k,totalvi,2,l2
pDC,CD16 Mono,0.0,pbmc5k_to_pbmc10k,totalvi,2,l2
B intermediate,CD4 CTL,0.0,pbmc5k_to_pbmc10k,totalvi,2,l2
B memory,CD4 CTL,0.0,pbmc5k_to_pbmc10k,totalvi,2,l2
B naive,CD4 CTL,0.0,pbmc5k_to_pbmc10k,totalvi,2,l2
CD14 Mono,CD4 CTL,0.0,pbmc5k_to_pbmc10k,totalvi,2,l2
CD16 Mono,CD4 CTL,0.0,pbmc5k_to_pbmc10k,totalvi,2,l2
CD4 CTL,CD4 CTL,0.08333333333333333,pbmc5k_to_pbmc10k,totalvi,2,l2
CD4 Naive,CD4 CTL,0.0,pbmc5k_to_pbmc10k,totalvi,2,l2
CD4 TCM,CD4 CTL,0.0,pbmc5k_to_pbmc10k,totalvi,2,l2
CD4 TEM,CD4 CTL,0.0,pbmc5k_to_pbmc10k,totalvi,2,l2
CD8 Naive,CD4 CTL,0.0,pbmc5k_to_pbmc10k,totalvi,2,l2
CD8 TCM,CD4 CTL,0.0,pbmc5k_to_pbmc10k,totalvi,2,l2
CD8 TEM,CD4 CTL,0.0,pbmc5k_to_pbmc10k,totalvi,2,l2
Eryth,CD4 CTL,0.0,pbmc5k_to_pbmc10k,totalvi,2,l2
ILC,CD4 CTL,0.0,pbmc5k_to_pbmc10k,totalvi,2,l2
MAIT,CD4 CTL,0.0,pbmc5k_to_pbmc10k,totalvi,2,l2
NK,CD4 CTL,0.0,pbmc5k_to_pbmc10k,totalvi,2,l2
NK_CD56bright,CD4 CTL,0.0,pbmc5k_to_pbmc10k,totalvi,2,l2
Treg,CD4 CTL,0.0,pbmc5k_to_pbmc10k,totalvi,2,l2
cDC2,CD4 CTL,0.0,pbmc5k_to_pbmc10k,totalvi,2,l2
gdT,CD4 CTL,0.0,pbmc5k_to_pbmc10k,totalvi,2,l2
pDC,CD4 CTL,0.0,pbmc5k_to_pbmc10k,totalvi,2,l2
B intermediate,CD4 Naive,0.0,pbmc5k_to_pbmc10k,totalvi,2,l2
B memory,CD4 Naive,0.0,pbmc5k_to_pbmc10k,totalvi,2,l2
B naive,CD4 Naive,0.0,pbmc5k_to_pbmc10k,totalvi,2,l2
CD14 Mono,CD4 Naive,0.0,pbmc5k_to_pbmc10k,totalvi,2,l2
CD16 Mono,CD4 Naive,0.0,pbmc5k_to_pbmc10k,totalvi,2,l2
CD4 CTL,CD4 Naive,0.0,pbmc5k_to_pbmc10k,totalvi,2,l2
CD4 Naive,CD4 Naive,0.8477987421383648,pbmc5k_to_pbmc10k,totalvi,2,l2
CD4 TCM,CD4 Naive,0.013793103448275862,pbmc5k_to_pbmc10k,totalvi,2,l2
CD4 TEM,CD4 Naive,0.0,pbmc5k_to_pbmc10k,totalvi,2,l2
CD8 Naive,CD4 Naive,0.165625,pbmc5k_to_pbmc10k,totalvi,2,l2
CD8 TCM,CD4 Naive,0.025974025974025976,pbmc5k_to_pbmc10k,totalvi,2,l2
CD8 TEM,CD4 Naive,0.0,pbmc5k_to_pbmc10k,totalvi,2,l2
Eryth,CD4 Naive,0.0,pbmc5k_to_pbmc10k,totalvi,2,l2
ILC,CD4 Naive,0.0,pbmc5k_to_pbmc10k,totalvi,2,l2
MAIT,CD4 Naive,0.0,pbmc5k_to_pbmc10k,totalvi,2,l2
NK,CD4 Naive,0.0,pbmc5k_to_pbmc10k,totalvi,2,l2
NK_CD56bright,CD4 Naive,0.0,pbmc5k_to_pbmc10k,totalvi,2,l2
Treg,CD4 Naive,0.14937759336099585,pbmc5k_to_pbmc10k,totalvi,2,l2
cDC2,CD4 Naive,0.0,pbmc5k_to_pbmc10k,totalvi,2,l2
gdT,CD4 Naive,0.05084745762711865,pbmc5k_to_pbmc10k,totalvi,2,l2
pDC,CD4 Naive,0.0,pbmc5k_to_pbmc10k,totalvi,2,l2
B intermediate,CD4 TCM,0.0,pbmc5k_to_pbmc10k,totalvi,2,l2
B memory,CD4 TCM,0.0,pbmc5k_to_pbmc10k,totalvi,2,l2
B naive,CD4 TCM,0.0,pbmc5k_to_pbmc10k,totalvi,2,l2
CD14 Mono,CD4 TCM,0.0,pbmc5k_to_pbmc10k,totalvi,2,l2
CD16 Mono,CD4 TCM,0.0,pbmc5k_to_pbmc10k,totalvi,2,l2
CD4 CTL,CD4 TCM,0.0,pbmc5k_to_pbmc10k,totalvi,2,l2
CD4 Naive,CD4 TCM,0.1471698113207547,pbmc5k_to_pbmc10k,totalvi,2,l2
CD4 TCM,CD4 TCM,0.8482758620689655,pbmc5k_to_pbmc10k,totalvi,2,l2
CD4 TEM,CD4 TCM,0.099644128113879,pbmc5k_to_pbmc10k,totalvi,2,l2
CD8 Naive,CD4 TCM,0.00625,pbmc5k_to_pbmc10k,totalvi,2,l2
CD8 TCM,CD4 TCM,0.09090909090909091,pbmc5k_to_pbmc10k,totalvi,2,l2
CD8 TEM,CD4 TCM,0.0040650406504065045,pbmc5k_to_pbmc10k,totalvi,2,l2
Eryth,CD4 TCM,0.0,pbmc5k_to_pbmc10k,totalvi,2,l2
ILC,CD4 TCM,0.26153846153846155,pbmc5k_to_pbmc10k,totalvi,2,l2
MAIT,CD4 TCM,0.0,pbmc5k_to_pbmc10k,totalvi,2,l2
NK,CD4 TCM,0.0,pbmc5k_to_pbmc10k,totalvi,2,l2
NK_CD56bright,CD4 TCM,0.0,pbmc5k_to_pbmc10k,totalvi,2,l2
Treg,CD4 TCM,0.5020746887966805,pbmc5k_to_pbmc10k,totalvi,2,l2
cDC2,CD4 TCM,0.0,pbmc5k_to_pbmc10k,totalvi,2,l2
gdT,CD4 TCM,0.03389830508474576,pbmc5k_to_pbmc10k,totalvi,2,l2
pDC,CD4 TCM,0.0,pbmc5k_to_pbmc10k,totalvi,2,l2
B intermediate,CD4 TEM,0.0,pbmc5k_to_pbmc10k,totalvi,2,l2
B memory,CD4 TEM,0.0,pbmc5k_to_pbmc10k,totalvi,2,l2
B naive,CD4 TEM,0.0,pbmc5k_to_pbmc10k,totalvi,2,l2
CD14 Mono,CD4 TEM,0.0,pbmc5k_to_pbmc10k,totalvi,2,l2
CD16 Mono,CD4 TEM,0.0,pbmc5k_to_pbmc10k,totalvi,2,l2
CD4 CTL,CD4 TEM,0.5,pbmc5k_to_pbmc10k,totalvi,2,l2
CD4 Naive,CD4 TEM,0.0,pbmc5k_to_pbmc10k,totalvi,2,l2
CD4 TCM,CD4 TEM,0.08448275862068966,pbmc5k_to_pbmc10k,totalvi,2,l2
CD4 TEM,CD4 TEM,0.8683274021352313,pbmc5k_to_pbmc10k,totalvi,2,l2
CD8 Naive,CD4 TEM,0.0,pbmc5k_to_pbmc10k,totalvi,2,l2
CD8 TCM,CD4 TEM,0.5194805194805194,pbmc5k_to_pbmc10k,totalvi,2,l2
CD8 TEM,CD4 TEM,0.056910569105691054,pbmc5k_to_pbmc10k,totalvi,2,l2
Eryth,CD4 TEM,0.0,pbmc5k_to_pbmc10k,totalvi,2,l2
ILC,CD4 TEM,0.3384615384615385,pbmc5k_to_pbmc10k,totalvi,2,l2
MAIT,CD4 TEM,0.4859550561797753,pbmc5k_to_pbmc10k,totalvi,2,l2
NK,CD4 TEM,0.0,pbmc5k_to_pbmc10k,totalvi,2,l2
NK_CD56bright,CD4 TEM,0.02857142857142857,pbmc5k_to_pbmc10k,totalvi,2,l2
Treg,CD4 TEM,0.012448132780082987,pbmc5k_to_pbmc10k,totalvi,2,l2
cDC2,CD4 TEM,0.0,pbmc5k_to_pbmc10k,totalvi,2,l2
gdT,CD4 TEM,0.13559322033898305,pbmc5k_to_pbmc10k,totalvi,2,l2
pDC,CD4 TEM,0.0,pbmc5k_to_pbmc10k,totalvi,2,l2
B intermediate,CD8 Naive,0.0,pbmc5k_to_pbmc10k,totalvi,2,l2
B memory,CD8 Naive,0.0,pbmc5k_to_pbmc10k,totalvi,2,l2
B naive,CD8 Naive,0.0,pbmc5k_to_pbmc10k,totalvi,2,l2
CD14 Mono,CD8 Naive,0.0,pbmc5k_to_pbmc10k,totalvi,2,l2
CD16 Mono,CD8 Naive,0.0,pbmc5k_to_pbmc10k,totalvi,2,l2
CD4 CTL,CD8 Naive,0.0,pbmc5k_to_pbmc10k,totalvi,2,l2
CD4 Naive,CD8 Naive,0.0,pbmc5k_to_pbmc10k,totalvi,2,l2
CD4 TCM,CD8 Naive,0.0,pbmc5k_to_pbmc10k,totalvi,2,l2
CD4 TEM,CD8 Naive,0.0,pbmc5k_to_pbmc10k,totalvi,2,l2
CD8 Naive,CD8 Naive,0.71875,pbmc5k_to_pbmc10k,totalvi,2,l2
CD8 TCM,CD8 Naive,0.012987012987012988,pbmc5k_to_pbmc10k,totalvi,2,l2
CD8 TEM,CD8 Naive,0.0,pbmc5k_to_pbmc10k,totalvi,2,l2
Eryth,CD8 Naive,0.0,pbmc5k_to_pbmc10k,totalvi,2,l2
ILC,CD8 Naive,0.0,pbmc5k_to_pbmc10k,totalvi,2,l2
MAIT,CD8 Naive,0.0,pbmc5k_to_pbmc10k,totalvi,2,l2
NK,CD8 Naive,0.0,pbmc5k_to_pbmc10k,totalvi,2,l2
NK_CD56bright,CD8 Naive,0.0,pbmc5k_to_pbmc10k,totalvi,2,l2
Treg,CD8 Naive,0.0,pbmc5k_to_pbmc10k,totalvi,2,l2
cDC2,CD8 Naive,0.0,pbmc5k_to_pbmc10k,totalvi,2,l2
gdT,CD8 Naive,0.01694915254237288,pbmc5k_to_pbmc10k,totalvi,2,l2
pDC,CD8 Naive,0.0,pbmc5k_to_pbmc10k,totalvi,2,l2
B intermediate,CD8 TCM,0.0,pbmc5k_to_pbmc10k,totalvi,2,l2
B memory,CD8 TCM,0.0,pbmc5k_to_pbmc10k,totalvi,2,l2
B naive,CD8 TCM,0.0,pbmc5k_to_pbmc10k,totalvi,2,l2
CD14 Mono,CD8 TCM,0.0,pbmc5k_to_pbmc10k,totalvi,2,l2
CD16 Mono,CD8 TCM,0.0,pbmc5k_to_pbmc10k,totalvi,2,l2
CD4 CTL,CD8 TCM,0.0,pbmc5k_to_pbmc10k,totalvi,2,l2
CD4 Naive,CD8 TCM,0.0,pbmc5k_to_pbmc10k,totalvi,2,l2
CD4 TCM,CD8 TCM,0.0,pbmc5k_to_pbmc10k,totalvi,2,l2
CD4 TEM,CD8 TCM,0.0,pbmc5k_to_pbmc10k,totalvi,2,l2
CD8 Naive,CD8 TCM,0.103125,pbmc5k_to_pbmc10k,totalvi,2,l2
CD8 TCM,CD8 TCM,0.2987012987012987,pbmc5k_to_pbmc10k,totalvi,2,l2
CD8 TEM,CD8 TCM,0.036585365853658534,pbmc5k_to_pbmc10k,totalvi,2,l2
Eryth,CD8 TCM,0.0,pbmc5k_to_pbmc10k,totalvi,2,l2
ILC,CD8 TCM,0.03076923076923077,pbmc5k_to_pbmc10k,totalvi,2,l2
MAIT,CD8 TCM,0.0028089887640449437,pbmc5k_to_pbmc10k,totalvi,2,l2
NK,CD8 TCM,0.0013157894736842105,pbmc5k_to_pbmc10k,totalvi,2,l2
NK_CD56bright,CD8 TCM,0.0,pbmc5k_to_pbmc10k,totalvi,2,l2
Treg,CD8 TCM,0.004149377593360996,pbmc5k_to_pbmc10k,totalvi,2,l2
cDC2,CD8 TCM,0.0,pbmc5k_to_pbmc10k,totalvi,2,l2
gdT,CD8 TCM,0.1694915254237288,pbmc5k_to_pbmc10k,totalvi,2,l2
pDC,CD8 TCM,0.0,pbmc5k_to_pbmc10k,totalvi,2,l2
B intermediate,CD8 TEM,0.0,pbmc5k_to_pbmc10k,totalvi,2,l2
B memory,CD8 TEM,0.0,pbmc5k_to_pbmc10k,totalvi,2,l2
B naive,CD8 TEM,0.0,pbmc5k_to_pbmc10k,totalvi,2,l2
CD14 Mono,CD8 TEM,0.0,pbmc5k_to_pbmc10k,totalvi,2,l2
CD16 Mono,CD8 TEM,0.0,pbmc5k_to_pbmc10k,totalvi,2,l2
CD4 CTL,CD8 TEM,0.041666666666666664,pbmc5k_to_pbmc10k,totalvi,2,l2
CD4 Naive,CD8 TEM,0.0,pbmc5k_to_pbmc10k,totalvi,2,l2
CD4 TCM,CD8 TEM,0.0,pbmc5k_to_pbmc10k,totalvi,2,l2
CD4 TEM,CD8 TEM,0.0035587188612099642,pbmc5k_to_pbmc10k,totalvi,2,l2
CD8 Naive,CD8 TEM,0.0,pbmc5k_to_pbmc10k,totalvi,2,l2
CD8 TCM,CD8 TEM,0.03896103896103896,pbmc5k_to_pbmc10k,totalvi,2,l2
CD8 TEM,CD8 TEM,0.7154471544715447,pbmc5k_to_pbmc10k,totalvi,2,l2
Eryth,CD8 TEM,0.0,pbmc5k_to_pbmc10k,totalvi,2,l2
ILC,CD8 TEM,0.0,pbmc5k_to_pbmc10k,totalvi,2,l2
MAIT,CD8 TEM,0.0,pbmc5k_to_pbmc10k,totalvi,2,l2
NK,CD8 TEM,0.0,pbmc5k_to_pbmc10k,totalvi,2,l2
NK_CD56bright,CD8 TEM,0.0,pbmc5k_to_pbmc10k,totalvi,2,l2
Treg,CD8 TEM,0.0,pbmc5k_to_pbmc10k,totalvi,2,l2
cDC2,CD8 TEM,0.0,pbmc5k_to_pbmc10k,totalvi,2,l2
gdT,CD8 TEM,0.0,pbmc5k_to_pbmc10k,totalvi,2,l2
pDC,CD8 TEM,0.0,pbmc5k_to_pbmc10k,totalvi,2,l2
B intermediate,Eryth,0.014705882352941176,pbmc5k_to_pbmc10k,totalvi,2,l2
B memory,Eryth,0.0,pbmc5k_to_pbmc10k,totalvi,2,l2
B naive,Eryth,0.0,pbmc5k_to_pbmc10k,totalvi,2,l2
CD14 Mono,Eryth,0.11236863379143087,pbmc5k_to_pbmc10k,totalvi,2,l2
CD16 Mono,Eryth,0.009708737864077669,pbmc5k_to_pbmc10k,totalvi,2,l2
CD4 CTL,Eryth,0.0,pbmc5k_to_pbmc10k,totalvi,2,l2
CD4 Naive,Eryth,0.0,pbmc5k_to_pbmc10k,totalvi,2,l2
CD4 TCM,Eryth,0.0,pbmc5k_to_pbmc10k,totalvi,2,l2
CD4 TEM,Eryth,0.0,pbmc5k_to_pbmc10k,totalvi,2,l2
CD8 Naive,Eryth,0.0,pbmc5k_to_pbmc10k,totalvi,2,l2
CD8 TCM,Eryth,0.0,pbmc5k_to_pbmc10k,totalvi,2,l2
CD8 TEM,Eryth,0.0,pbmc5k_to_pbmc10k,totalvi,2,l2
Eryth,Eryth,0.9375,pbmc5k_to_pbmc10k,totalvi,2,l2
ILC,Eryth,0.03076923076923077,pbmc5k_to_pbmc10k,totalvi,2,l2
MAIT,Eryth,0.0,pbmc5k_to_pbmc10k,totalvi,2,l2
NK,Eryth,0.0,pbmc5k_to_pbmc10k,totalvi,2,l2
NK_CD56bright,Eryth,0.0,pbmc5k_to_pbmc10k,totalvi,2,l2
Treg,Eryth,0.0,pbmc5k_to_pbmc10k,totalvi,2,l2
cDC2,Eryth,0.0,pbmc5k_to_pbmc10k,totalvi,2,l2
gdT,Eryth,0.0,pbmc5k_to_pbmc10k,totalvi,2,l2
pDC,Eryth,0.0,pbmc5k_to_pbmc10k,totalvi,2,l2
B intermediate,ILC,0.0,pbmc5k_to_pbmc10k,totalvi,2,l2
B memory,ILC,0.0,pbmc5k_to_pbmc10k,totalvi,2,l2
B naive,ILC,0.0,pbmc5k_to_pbmc10k,totalvi,2,l2
CD14 Mono,ILC,0.0,pbmc5k_to_pbmc10k,totalvi,2,l2
CD16 Mono,ILC,0.0,pbmc5k_to_pbmc10k,totalvi,2,l2
CD4 CTL,ILC,0.0,pbmc5k_to_pbmc10k,totalvi,2,l2
CD4 Naive,ILC,0.0,pbmc5k_to_pbmc10k,totalvi,2,l2
CD4 TCM,ILC,0.02413793103448276,pbmc5k_to_pbmc10k,totalvi,2,l2
CD4 TEM,ILC,0.014234875444839857,pbmc5k_to_pbmc10k,totalvi,2,l2
CD8 Naive,ILC,0.0,pbmc5k_to_pbmc10k,totalvi,2,l2
CD8 TCM,ILC,0.0,pbmc5k_to_pbmc10k,totalvi,2,l2
CD8 TEM,ILC,0.0,pbmc5k_to_pbmc10k,totalvi,2,l2
Eryth,ILC,0.0,pbmc5k_to_pbmc10k,totalvi,2,l2
ILC,ILC,0.3230769230769231,pbmc5k_to_pbmc10k,totalvi,2,l2
MAIT,ILC,0.0028089887640449437,pbmc5k_to_pbmc10k,totalvi,2,l2
NK,ILC,0.0,pbmc5k_to_pbmc10k,totalvi,2,l2
NK_CD56bright,ILC,0.0,pbmc5k_to_pbmc10k,totalvi,2,l2
Treg,ILC,0.012448132780082987,pbmc5k_to_pbmc10k,totalvi,2,l2
cDC2,ILC,0.0,pbmc5k_to_pbmc10k,totalvi,2,l2
gdT,ILC,0.0,pbmc5k_to_pbmc10k,totalvi,2,l2
pDC,ILC,0.0,pbmc5k_to_pbmc10k,totalvi,2,l2
B intermediate,MAIT,0.0,pbmc5k_to_pbmc10k,totalvi,2,l2
B memory,MAIT,0.0,pbmc5k_to_pbmc10k,totalvi,2,l2
B naive,MAIT,0.0,pbmc5k_to_pbmc10k,totalvi,2,l2
CD14 Mono,MAIT,0.0,pbmc5k_to_pbmc10k,totalvi,2,l2
CD16 Mono,MAIT,0.0,pbmc5k_to_pbmc10k,totalvi,2,l2
CD4 CTL,MAIT,0.0,pbmc5k_to_pbmc10k,totalvi,2,l2
CD4 Naive,MAIT,0.0,pbmc5k_to_pbmc10k,totalvi,2,l2
CD4 TCM,MAIT,0.0,pbmc5k_to_pbmc10k,totalvi,2,l2
CD4 TEM,MAIT,0.0,pbmc5k_to_pbmc10k,totalvi,2,l2
CD8 Naive,MAIT,0.0,pbmc5k_to_pbmc10k,totalvi,2,l2
CD8 TCM,MAIT,0.0,pbmc5k_to_pbmc10k,totalvi,2,l2
CD8 TEM,MAIT,0.0,pbmc5k_to_pbmc10k,totalvi,2,l2
Eryth,MAIT,0.0,pbmc5k_to_pbmc10k,totalvi,2,l2
ILC,MAIT,0.0,pbmc5k_to_pbmc10k,totalvi,2,l2
MAIT,MAIT,0.26685393258426965,pbmc5k_to_pbmc10k,totalvi,2,l2
NK,MAIT,0.0,pbmc5k_to_pbmc10k,totalvi,2,l2
NK_CD56bright,MAIT,0.0,pbmc5k_to_pbmc10k,totalvi,2,l2
Treg,MAIT,0.0,pbmc5k_to_pbmc10k,totalvi,2,l2
cDC2,MAIT,0.0,pbmc5k_to_pbmc10k,totalvi,2,l2
gdT,MAIT,0.0,pbmc5k_to_pbmc10k,totalvi,2,l2
pDC,MAIT,0.0,pbmc5k_to_pbmc10k,totalvi,2,l2
B intermediate,NK,0.0,pbmc5k_to_pbmc10k,totalvi,2,l2
B memory,NK,0.0,pbmc5k_to_pbmc10k,totalvi,2,l2
B naive,NK,0.0,pbmc5k_to_pbmc10k,totalvi,2,l2
CD14 Mono,NK,0.0,pbmc5k_to_pbmc10k,totalvi,2,l2
CD16 Mono,NK,0.0,pbmc5k_to_pbmc10k,totalvi,2,l2
CD4 CTL,NK,0.0,pbmc5k_to_pbmc10k,totalvi,2,l2
CD4 Naive,NK,0.0,pbmc5k_to_pbmc10k,totalvi,2,l2
CD4 TCM,NK,0.0,pbmc5k_to_pbmc10k,totalvi,2,l2
CD4 TEM,NK,0.0,pbmc5k_to_pbmc10k,totalvi,2,l2
CD8 Naive,NK,0.0,pbmc5k_to_pbmc10k,totalvi,2,l2
CD8 TCM,NK,0.0,pbmc5k_to_pbmc10k,totalvi,2,l2
CD8 TEM,NK,0.0040650406504065045,pbmc5k_to_pbmc10k,totalvi,2,l2
Eryth,NK,0.0,pbmc5k_to_pbmc10k,totalvi,2,l2
ILC,NK,0.0,pbmc5k_to_pbmc10k,totalvi,2,l2
MAIT,NK,0.0,pbmc5k_to_pbmc10k,totalvi,2,l2
NK,NK,0.9921052631578947,pbmc5k_to_pbmc10k,totalvi,2,l2
NK_CD56bright,NK,0.11428571428571428,pbmc5k_to_pbmc10k,totalvi,2,l2
Treg,NK,0.0,pbmc5k_to_pbmc10k,totalvi,2,l2
cDC2,NK,0.0,pbmc5k_to_pbmc10k,totalvi,2,l2
gdT,NK,0.0,pbmc5k_to_pbmc10k,totalvi,2,l2
pDC,NK,0.0,pbmc5k_to_pbmc10k,totalvi,2,l2
B intermediate,NK_CD56bright,0.0,pbmc5k_to_pbmc10k,totalvi,2,l2
B memory,NK_CD56bright,0.0,pbmc5k_to_pbmc10k,totalvi,2,l2
B naive,NK_CD56bright,0.0,pbmc5k_to_pbmc10k,totalvi,2,l2
CD14 Mono,NK_CD56bright,0.0,pbmc5k_to_pbmc10k,totalvi,2,l2
CD16 Mono,NK_CD56bright,0.0,pbmc5k_to_pbmc10k,totalvi,2,l2
CD4 CTL,NK_CD56bright,0.0,pbmc5k_to_pbmc10k,totalvi,2,l2
CD4 Naive,NK_CD56bright,0.0,pbmc5k_to_pbmc10k,totalvi,2,l2
CD4 TCM,NK_CD56bright,0.0,pbmc5k_to_pbmc10k,totalvi,2,l2
CD4 TEM,NK_CD56bright,0.0,pbmc5k_to_pbmc10k,totalvi,2,l2
CD8 Naive,NK_CD56bright,0.0,pbmc5k_to_pbmc10k,totalvi,2,l2
CD8 TCM,NK_CD56bright,0.0,pbmc5k_to_pbmc10k,totalvi,2,l2
CD8 TEM,NK_CD56bright,0.0,pbmc5k_to_pbmc10k,totalvi,2,l2
Eryth,NK_CD56bright,0.0,pbmc5k_to_pbmc10k,totalvi,2,l2
ILC,NK_CD56bright,0.015384615384615385,pbmc5k_to_pbmc10k,totalvi,2,l2
MAIT,NK_CD56bright,0.0,pbmc5k_to_pbmc10k,totalvi,2,l2
NK,NK_CD56bright,0.0013157894736842105,pbmc5k_to_pbmc10k,totalvi,2,l2
NK_CD56bright,NK_CD56bright,0.8571428571428571,pbmc5k_to_pbmc10k,totalvi,2,l2
Treg,NK_CD56bright,0.0,pbmc5k_to_pbmc10k,totalvi,2,l2
cDC2,NK_CD56bright,0.0,pbmc5k_to_pbmc10k,totalvi,2,l2
gdT,NK_CD56bright,0.0,pbmc5k_to_pbmc10k,totalvi,2,l2
pDC,NK_CD56bright,0.0,pbmc5k_to_pbmc10k,totalvi,2,l2
B intermediate,Treg,0.0,pbmc5k_to_pbmc10k,totalvi,2,l2
B memory,Treg,0.0,pbmc5k_to_pbmc10k,totalvi,2,l2
B naive,Treg,0.0,pbmc5k_to_pbmc10k,totalvi,2,l2
CD14 Mono,Treg,0.0,pbmc5k_to_pbmc10k,totalvi,2,l2
CD16 Mono,Treg,0.0,pbmc5k_to_pbmc10k,totalvi,2,l2
CD4 CTL,Treg,0.0,pbmc5k_to_pbmc10k,totalvi,2,l2
CD4 Naive,Treg,0.005031446540880503,pbmc5k_to_pbmc10k,totalvi,2,l2
CD4 TCM,Treg,0.029310344827586206,pbmc5k_to_pbmc10k,totalvi,2,l2
CD4 TEM,Treg,0.014234875444839857,pbmc5k_to_pbmc10k,totalvi,2,l2
CD8 Naive,Treg,0.00625,pbmc5k_to_pbmc10k,totalvi,2,l2
CD8 TCM,Treg,0.0,pbmc5k_to_pbmc10k,totalvi,2,l2
CD8 TEM,Treg,0.0,pbmc5k_to_pbmc10k,totalvi,2,l2
Eryth,Treg,0.0,pbmc5k_to_pbmc10k,totalvi,2,l2
ILC,Treg,0.0,pbmc5k_to_pbmc10k,totalvi,2,l2
MAIT,Treg,0.0,pbmc5k_to_pbmc10k,totalvi,2,l2
NK,Treg,0.0,pbmc5k_to_pbmc10k,totalvi,2,l2
NK_CD56bright,Treg,0.0,pbmc5k_to_pbmc10k,totalvi,2,l2
Treg,Treg,0.31950207468879666,pbmc5k_to_pbmc10k,totalvi,2,l2
cDC2,Treg,0.0,pbmc5k_to_pbmc10k,totalvi,2,l2
gdT,Treg,0.01694915254237288,pbmc5k_to_pbmc10k,totalvi,2,l2
pDC,Treg,0.0,pbmc5k_to_pbmc10k,totalvi,2,l2
B intermediate,cDC2,0.0,pbmc5k_to_pbmc10k,totalvi,2,l2
B memory,cDC2,0.0,pbmc5k_to_pbmc10k,totalvi,2,l2
B naive,cDC2,0.0,pbmc5k_to_pbmc10k,totalvi,2,l2
CD14 Mono,cDC2,0.004850444624090542,pbmc5k_to_pbmc10k,totalvi,2,l2
CD16 Mono,cDC2,0.009708737864077669,pbmc5k_to_pbmc10k,totalvi,2,l2
CD4 CTL,cDC2,0.0,pbmc5k_to_pbmc10k,totalvi,2,l2
CD4 Naive,cDC2,0.0,pbmc5k_to_pbmc10k,totalvi,2,l2
CD4 TCM,cDC2,0.0,pbmc5k_to_pbmc10k,totalvi,2,l2
CD4 TEM,cDC2,0.0,pbmc5k_to_pbmc10k,totalvi,2,l2
CD8 Naive,cDC2,0.0,pbmc5k_to_pbmc10k,totalvi,2,l2
CD8 TCM,cDC2,0.0,pbmc5k_to_pbmc10k,totalvi,2,l2
CD8 TEM,cDC2,0.0,pbmc5k_to_pbmc10k,totalvi,2,l2
Eryth,cDC2,0.0,pbmc5k_to_pbmc10k,totalvi,2,l2
ILC,cDC2,0.0,pbmc5k_to_pbmc10k,totalvi,2,l2
MAIT,cDC2,0.0,pbmc5k_to_pbmc10k,totalvi,2,l2
NK,cDC2,0.0,pbmc5k_to_pbmc10k,totalvi,2,l2
NK_CD56bright,cDC2,0.0,pbmc5k_to_pbmc10k,totalvi,2,l2
Treg,cDC2,0.0,pbmc5k_to_pbmc10k,totalvi,2,l2
cDC2,cDC2,0.8888888888888888,pbmc5k_to_pbmc10k,totalvi,2,l2
gdT,cDC2,0.0,pbmc5k_to_pbmc10k,totalvi,2,l2
pDC,cDC2,0.0,pbmc5k_to_pbmc10k,totalvi,2,l2
B intermediate,gdT,0.0,pbmc5k_to_pbmc10k,totalvi,2,l2
B memory,gdT,0.0,pbmc5k_to_pbmc10k,totalvi,2,l2
B naive,gdT,0.0,pbmc5k_to_pbmc10k,totalvi,2,l2
CD14 Mono,gdT,0.0,pbmc5k_to_pbmc10k,totalvi,2,l2
CD16 Mono,gdT,0.0,pbmc5k_to_pbmc10k,totalvi,2,l2
CD4 CTL,gdT,0.375,pbmc5k_to_pbmc10k,totalvi,2,l2
CD4 Naive,gdT,0.0,pbmc5k_to_pbmc10k,totalvi,2,l2
CD4 TCM,gdT,0.0,pbmc5k_to_pbmc10k,totalvi,2,l2
CD4 TEM,gdT,0.0,pbmc5k_to_pbmc10k,totalvi,2,l2
CD8 Naive,gdT,0.0,pbmc5k_to_pbmc10k,totalvi,2,l2
CD8 TCM,gdT,0.012987012987012988,pbmc5k_to_pbmc10k,totalvi,2,l2
CD8 TEM,gdT,0.18292682926829268,pbmc5k_to_pbmc10k,totalvi,2,l2
Eryth,gdT,0.0,pbmc5k_to_pbmc10k,totalvi,2,l2
ILC,gdT,0.0,pbmc5k_to_pbmc10k,totalvi,2,l2
MAIT,gdT,0.24157303370786518,pbmc5k_to_pbmc10k,totalvi,2,l2
NK,gdT,0.005263157894736842,pbmc5k_to_pbmc10k,totalvi,2,l2
NK_CD56bright,gdT,0.0,pbmc5k_to_pbmc10k,totalvi,2,l2
Treg,gdT,0.0,pbmc5k_to_pbmc10k,totalvi,2,l2
cDC2,gdT,0.0,pbmc5k_to_pbmc10k,totalvi,2,l2
gdT,gdT,0.576271186440678,pbmc5k_to_pbmc10k,totalvi,2,l2
pDC,gdT,0.0,pbmc5k_to_pbmc10k,totalvi,2,l2
B intermediate,pDC,0.0,pbmc5k_to_pbmc10k,totalvi,2,l2
B memory,pDC,0.0,pbmc5k_to_pbmc10k,totalvi,2,l2
B naive,pDC,0.0,pbmc5k_to_pbmc10k,totalvi,2,l2
CD14 Mono,pDC,0.0,pbmc5k_to_pbmc10k,totalvi,2,l2
CD16 Mono,pDC,0.0,pbmc5k_to_pbmc10k,totalvi,2,l2
CD4 CTL,pDC,0.0,pbmc5k_to_pbmc10k,totalvi,2,l2
CD4 Naive,pDC,0.0,pbmc5k_to_pbmc10k,totalvi,2,l2
CD4 TCM,pDC,0.0,pbmc5k_to_pbmc10k,totalvi,2,l2
CD4 TEM,pDC,0.0,pbmc5k_to_pbmc10k,totalvi,2,l2
CD8 Naive,pDC,0.0,pbmc5k_to_pbmc10k,totalvi,2,l2
CD8 TCM,pDC,0.0,pbmc5k_to_pbmc10k,totalvi,2,l2
CD8 TEM,pDC,0.0,pbmc5k_to_pbmc10k,totalvi,2,l2
Eryth,pDC,0.0,pbmc5k_to_pbmc10k,totalvi,2,l2
ILC,pDC,0.0,pbmc5k_to_pbmc10k,totalvi,2,l2
MAIT,pDC,0.0,pbmc5k_to_pbmc10k,totalvi,2,l2
NK,pDC,0.0,pbmc5k_to_pbmc10k,totalvi,2,l2
NK_CD56bright,pDC,0.0,pbmc5k_to_pbmc10k,totalvi,2,l2
Treg,pDC,0.0,pbmc5k_to_pbmc10k,totalvi,2,l2
cDC2,pDC,0.0,pbmc5k_to_pbmc10k,totalvi,2,l2
gdT,pDC,0.0,pbmc5k_to_pbmc10k,totalvi,2,l2
pDC,pDC,1.0,pbmc5k_to_pbmc10k,totalvi,2,l2
B,B,0.9837728194726166,pbmc5k_to_pbmc10k,scvi_matched,2,l1
CD4 T,B,0.0,pbmc5k_to_pbmc10k,scvi_matched,2,l1
CD8 T,B,0.0,pbmc5k_to_pbmc10k,scvi_matched,2,l1
DC,B,0.0,pbmc5k_to_pbmc10k,scvi_matched,2,l1
Mono,B,0.0,pbmc5k_to_pbmc10k,scvi_matched,2,l1
NK,B,0.0,pbmc5k_to_pbmc10k,scvi_matched,2,l1
other,B,0.0045662100456621,pbmc5k_to_pbmc10k,scvi_matched,2,l1
other T,B,0.0,pbmc5k_to_pbmc10k,scvi_matched,2,l1
B,CD4 T,0.0,pbmc5k_to_pbmc10k,scvi_matched,2,l1
CD4 T,CD4 T,0.9860031104199067,pbmc5k_to_pbmc10k,scvi_matched,2,l1
CD8 T,CD4 T,0.5145482388973966,pbmc5k_to_pbmc10k,scvi_matched,2,l1
DC,CD4 T,0.0,pbmc5k_to_pbmc10k,scvi_matched,2,l1
Mono,CD4 T,0.0,pbmc5k_to_pbmc10k,scvi_matched,2,l1
NK,CD4 T,0.0,pbmc5k_to_pbmc10k,scvi_matched,2,l1
other,CD4 T,0.2831050228310502,pbmc5k_to_pbmc10k,scvi_matched,2,l1
other T,CD4 T,0.40529531568228105,pbmc5k_to_pbmc10k,scvi_matched,2,l1
B,CD8 T,0.0,pbmc5k_to_pbmc10k,scvi_matched,2,l1
CD4 T,CD8 T,0.011923276308968377,pbmc5k_to_pbmc10k,scvi_matched,2,l1
CD8 T,CD8 T,0.450229709035222,pbmc5k_to_pbmc10k,scvi_matched,2,l1
DC,CD8 T,0.0,pbmc5k_to_pbmc10k,scvi_matched,2,l1
Mono,CD8 T,0.0,pbmc5k_to_pbmc10k,scvi_matched,2,l1
NK,CD8 T,0.003694581280788177,pbmc5k_to_pbmc10k,scvi_matched,2,l1
other,CD8 T,0.0136986301369863,pbmc5k_to_pbmc10k,scvi_matched,2,l1
other T,CD8 T,0.4093686354378819,pbmc5k_to_pbmc10k,scvi_matched,2,l1
B,DC,0.016227180527383367,pbmc5k_to_pbmc10k,scvi_matched,2,l1
CD4 T,DC,0.0,pbmc5k_to_pbmc10k,scvi_matched,2,l1
CD8 T,DC,0.0,pbmc5k_to_pbmc10k,scvi_matched,2,l1
DC,DC,0.7454545454545455,pbmc5k_to_pbmc10k,scvi_matched,2,l1
Mono,DC,0.0,pbmc5k_to_pbmc10k,scvi_matched,2,l1
NK,DC,0.0,pbmc5k_to_pbmc10k,scvi_matched,2,l1
other,DC,0.0,pbmc5k_to_pbmc10k,scvi_matched,2,l1
other T,DC,0.0,pbmc5k_to_pbmc10k,scvi_matched,2,l1
B,Mono,0.0,pbmc5k_to_pbmc10k,scvi_matched,2,l1
CD4 T,Mono,0.0,pbmc5k_to_pbmc10k,scvi_matched,2,l1
CD8 T,Mono,0.0,pbmc5k_to_pbmc10k,scvi_matched,2,l1
DC,Mono,0.2545454545454545,pbmc5k_to_pbmc10k,scvi_matched,2,l1
Mono,Mono,0.9753731343283583,pbmc5k_to_pbmc10k,scvi_matched,2,l1
NK,Mono,0.0,pbmc5k_to_pbmc10k,scvi_matched,2,l1
other,Mono,0.1598173515981735,pbmc5k_to_pbmc10k,scvi_matched,2,l1
other T,Mono,0.0,pbmc5k_to_pbmc10k,scvi_matched,2,l1
B,NK,0.0,pbmc5k_to_pbmc10k,scvi_matched,2,l1
CD4 T,NK,0.0015552099533437014,pbmc5k_to_pbmc10k,scvi_matched,2,l1
CD8 T,NK,0.03215926493108729,pbmc5k_to_pbmc10k,scvi_matched,2,l1
DC,NK,0.0,pbmc5k_to_pbmc10k,scvi_matched,2,l1
Mono,NK,0.0,pbmc5k_to_pbmc10k,scvi_matched,2,l1
NK,NK,0.9950738916256158,pbmc5k_to_pbmc10k,scvi_matched,2,l1
other,NK,0.0045662100456621,pbmc5k_to_pbmc10k,scvi_matched,2,l1
other T,NK,0.008146639511201629,pbmc5k_to_pbmc10k,scvi_matched,2,l1
B,other,0.0,pbmc5k_to_pbmc10k,scvi_matched,2,l1
CD4 T,other,0.0005184033177812338,pbmc5k_to_pbmc10k,scvi_matched,2,l1
CD8 T,other,0.0,pbmc5k_to_pbmc10k,scvi_matched,2,l1
DC,other,0.0,pbmc5k_to_pbmc10k,scvi_matched,2,l1
Mono,other,0.024626865671641792,pbmc5k_to_pbmc10k,scvi_matched,2,l1
NK,other,0.0,pbmc5k_to_pbmc10k,scvi_matched,2,l1
other,other,0.5251141552511416,pbmc5k_to_pbmc10k,scvi_matched,2,l1
other T,other,0.0,pbmc5k_to_pbmc10k,scvi_matched,2,l1
B,other T,0.0,pbmc5k_to_pbmc10k,scvi_matched,2,l1
CD4 T,other T,0.0,pbmc5k_to_pbmc10k,scvi_matched,2,l1
CD8 T,other T,0.0030627871362940277,pbmc5k_to_pbmc10k,scvi_matched,2,l1
DC,other T,0.0,pbmc5k_to_pbmc10k,scvi_matched,2,l1
Mono,other T,0.0,pbmc5k_to_pbmc10k,scvi_matched,2,l1
NK,other T,0.0012315270935960591,pbmc5k_to_pbmc10k,scvi_matched,2,l1
other,other T,0.0091324200913242,pbmc5k_to_pbmc10k,scvi_matched,2,l1
other T,other T,0.17718940936863545,pbmc5k_to_pbmc10k,scvi_matched,2,l1
B,B,0.9918864097363083,pbmc5k_to_pbmc10k,totalvi,2,l1
CD4 T,B,0.0,pbmc5k_to_pbmc10k,totalvi,2,l1
CD8 T,B,0.0,pbmc5k_to_pbmc10k,totalvi,2,l1
DC,B,0.0,pbmc5k_to_pbmc10k,totalvi,2,l1
Mono,B,0.0,pbmc5k_to_pbmc10k,totalvi,2,l1
NK,B,0.0,pbmc5k_to_pbmc10k,totalvi,2,l1
other,B,0.0182648401826484,pbmc5k_to_pbmc10k,totalvi,2,l1
other T,B,0.0,pbmc5k_to_pbmc10k,totalvi,2,l1
B,CD4 T,0.0,pbmc5k_to_pbmc10k,totalvi,2,l1
CD4 T,CD4 T,0.9782270606531882,pbmc5k_to_pbmc10k,totalvi,2,l1
CD8 T,CD4 T,0.1990811638591118,pbmc5k_to_pbmc10k,totalvi,2,l1
DC,CD4 T,0.0,pbmc5k_to_pbmc10k,totalvi,2,l1
Mono,CD4 T,0.0,pbmc5k_to_pbmc10k,totalvi,2,l1
NK,CD4 T,0.0,pbmc5k_to_pbmc10k,totalvi,2,l1
other,CD4 T,0.1735159817351598,pbmc5k_to_pbmc10k,totalvi,2,l1
other T,CD4 T,0.17311608961303462,pbmc5k_to_pbmc10k,totalvi,2,l1
B,CD8 T,0.0,pbmc5k_to_pbmc10k,totalvi,2,l1
CD4 T,CD8 T,0.0010368066355624676,pbmc5k_to_pbmc10k,totalvi,2,l1
CD8 T,CD8 T,0.6753445635528331,pbmc5k_to_pbmc10k,totalvi,2,l1
DC,CD8 T,0.0,pbmc5k_to_pbmc10k,totalvi,2,l1
Mono,CD8 T,0.0,pbmc5k_to_pbmc10k,totalvi,2,l1
NK,CD8 T,0.0,pbmc5k_to_pbmc10k,totalvi,2,l1
other,CD8 T,0.0,pbmc5k_to_pbmc10k,totalvi,2,l1
other T,CD8 T,0.04276985743380855,pbmc5k_to_pbmc10k,totalvi,2,l1
B,DC,0.004056795131845842,pbmc5k_to_pbmc10k,totalvi,2,l1
CD4 T,DC,0.0,pbmc5k_to_pbmc10k,totalvi,2,l1
CD8 T,DC,0.0,pbmc5k_to_pbmc10k,totalvi,2,l1
DC,DC,0.9393939393939394,pbmc5k_to_pbmc10k,totalvi,2,l1
Mono,DC,0.014179104477611941,pbmc5k_to_pbmc10k,totalvi,2,l1
NK,DC,0.0,pbmc5k_to_pbmc10k,totalvi,2,l1
other,DC,0.0,pbmc5k_to_pbmc10k,totalvi,2,l1
other T,DC,0.0,pbmc5k_to_pbmc10k,totalvi,2,l1
B,Mono,0.0,pbmc5k_to_pbmc10k,totalvi,2,l1
CD4 T,Mono,0.0,pbmc5k_to_pbmc10k,totalvi,2,l1
CD8 T,Mono,0.0,pbmc5k_to_pbmc10k,totalvi,2,l1
DC,Mono,0.06060606060606061,pbmc5k_to_pbmc10k,totalvi,2,l1
Mono,Mono,0.8694029850746269,pbmc5k_to_pbmc10k,totalvi,2,l1
NK,Mono,0.0,pbmc5k_to_pbmc10k,totalvi,2,l1
other,Mono,0.0319634703196347,pbmc5k_to_pbmc10k,totalvi,2,l1
other T,Mono,0.0,pbmc5k_to_pbmc10k,totalvi,2,l1
B,NK,0.0,pbmc5k_to_pbmc10k,totalvi,2,l1
CD4 T,NK,0.0005184033177812338,pbmc5k_to_pbmc10k,totalvi,2,l1
CD8 T,NK,0.004594180704441042,pbmc5k_to_pbmc10k,totalvi,2,l1
DC,NK,0.0,pbmc5k_to_pbmc10k,totalvi,2,l1
Mono,NK,0.0,pbmc5k_to_pbmc10k,totalvi,2,l1
NK,NK,0.9913793103448276,pbmc5k_to_pbmc10k,totalvi,2,l1
other,NK,0.0091324200913242,pbmc5k_to_pbmc10k,totalvi,2,l1
other T,NK,0.002036659877800407,pbmc5k_to_pbmc10k,totalvi,2,l1
B,other,0.004056795131845842,pbmc5k_to_pbmc10k,totalvi,2,l1
CD4 T,other,0.013996889580093312,pbmc5k_to_pbmc10k,totalvi,2,l1
CD8 T,other,0.0,pbmc5k_to_pbmc10k,totalvi,2,l1
DC,other,0.0,pbmc5k_to_pbmc10k,totalvi,2,l1
Mono,other,0.11641791044776119,pbmc5k_to_pbmc10k,totalvi,2,l1
NK,other,0.0,pbmc5k_to_pbmc10k,totalvi,2,l1
other,other,0.7534246575342466,pbmc5k_to_pbmc10k,totalvi,2,l1
other T,other,0.008146639511201629,pbmc5k_to_pbmc10k,totalvi,2,l1
B,other T,0.0,pbmc5k_to_pbmc10k,totalvi,2,l1
CD4 T,other T,0.006220839813374806,pbmc5k_to_pbmc10k,totalvi,2,l1
CD8 T,other T,0.12098009188361408,pbmc5k_to_pbmc10k,totalvi,2,l1
DC,other T,0.0,pbmc5k_to_pbmc10k,totalvi,2,l1
Mono,other T,0.0,pbmc5k_to_pbmc10k,totalvi,2,l1
NK,other T,0.008620689655172414,pbmc5k_to_pbmc10k,totalvi,2,l1
other,other T,0.0136986301369863,pbmc5k_to_pbmc10k,totalvi,2,l1
other T,other T,0.7739307535641547,pbmc5k_to_pbmc10k,totalvi,2,l1
B intermediate,B intermediate,0.5294117647058824,pbmc5k_to_pbmc10k,scvi_matched,3,l2
B memory,B intermediate,0.26262626262626265,pbmc5k_to_pbmc10k,scvi_matched,3,l2
B naive,B intermediate,0.012698412698412698,pbmc5k_to_pbmc10k,scvi_matched,3,l2
CD14 Mono,B intermediate,0.0,pbmc5k_to_pbmc10k,scvi_matched,3,l2
CD16 Mono,B intermediate,0.0,pbmc5k_to_pbmc10k,scvi_matched,3,l2
CD4 CTL,B intermediate,0.0,pbmc5k_to_pbmc10k,scvi_matched,3,l2
CD4 Naive,B intermediate,0.0,pbmc5k_to_pbmc10k,scvi_matched,3,l2
CD4 TCM,B intermediate,0.0,pbmc5k_to_pbmc10k,scvi_matched,3,l2
CD4 TEM,B intermediate,0.0,pbmc5k_to_pbmc10k,scvi_matched,3,l2
CD8 Naive,B intermediate,0.0,pbmc5k_to_pbmc10k,scvi_matched,3,l2
CD8 TCM,B intermediate,0.0,pbmc5k_to_pbmc10k,scvi_matched,3,l2
CD8 TEM,B intermediate,0.0,pbmc5k_to_pbmc10k,scvi_matched,3,l2
Eryth,B intermediate,0.0,pbmc5k_to_pbmc10k,scvi_matched,3,l2
ILC,B intermediate,0.0,pbmc5k_to_pbmc10k,scvi_matched,3,l2
MAIT,B intermediate,0.0,pbmc5k_to_pbmc10k,scvi_matched,3,l2
NK,B intermediate,0.0,pbmc5k_to_pbmc10k,scvi_matched,3,l2
NK_CD56bright,B intermediate,0.0,pbmc5k_to_pbmc10k,scvi_matched,3,l2
Treg,B intermediate,0.0,pbmc5k_to_pbmc10k,scvi_matched,3,l2
cDC2,B intermediate,0.0,pbmc5k_to_pbmc10k,scvi_matched,3,l2
gdT,B intermediate,0.0,pbmc5k_to_pbmc10k,scvi_matched,3,l2
pDC,B intermediate,0.0,pbmc5k_to_pbmc10k,scvi_matched,3,l2
B intermediate,B memory,0.25,pbmc5k_to_pbmc10k,scvi_matched,3,l2
B memory,B memory,0.6666666666666666,pbmc5k_to_pbmc10k,scvi_matched,3,l2
B naive,B memory,0.0,pbmc5k_to_pbmc10k,scvi_matched,3,l2
CD14 Mono,B memory,0.0,pbmc5k_to_pbmc10k,scvi_matched,3,l2
CD16 Mono,B memory,0.0,pbmc5k_to_pbmc10k,scvi_matched,3,l2
CD4 CTL,B memory,0.0,pbmc5k_to_pbmc10k,scvi_matched,3,l2
CD4 Naive,B memory,0.0,pbmc5k_to_pbmc10k,scvi_matched,3,l2
CD4 TCM,B memory,0.0,pbmc5k_to_pbmc10k,scvi_matched,3,l2
CD4 TEM,B memory,0.0,pbmc5k_to_pbmc10k,scvi_matched,3,l2
CD8 Naive,B memory,0.0,pbmc5k_to_pbmc10k,scvi_matched,3,l2
CD8 TCM,B memory,0.0,pbmc5k_to_pbmc10k,scvi_matched,3,l2
CD8 TEM,B memory,0.0,pbmc5k_to_pbmc10k,scvi_matched,3,l2
Eryth,B memory,0.0,pbmc5k_to_pbmc10k,scvi_matched,3,l2
ILC,B memory,0.0,pbmc5k_to_pbmc10k,scvi_matched,3,l2
MAIT,B memory,0.0,pbmc5k_to_pbmc10k,scvi_matched,3,l2
NK,B memory,0.0,pbmc5k_to_pbmc10k,scvi_matched,3,l2
NK_CD56bright,B memory,0.0,pbmc5k_to_pbmc10k,scvi_matched,3,l2
Treg,B memory,0.0,pbmc5k_to_pbmc10k,scvi_matched,3,l2
cDC2,B memory,0.0,pbmc5k_to_pbmc10k,scvi_matched,3,l2
gdT,B memory,0.0,pbmc5k_to_pbmc10k,scvi_matched,3,l2
pDC,B memory,0.0,pbmc5k_to_pbmc10k,scvi_matched,3,l2
B intermediate,B naive,0.22058823529411764,pbmc5k_to_pbmc10k,scvi_matched,3,l2
B memory,B naive,0.0707070707070707,pbmc5k_to_pbmc10k,scvi_matched,3,l2
B naive,B naive,0.9873015873015873,pbmc5k_to_pbmc10k,scvi_matched,3,l2
CD14 Mono,B naive,0.0,pbmc5k_to_pbmc10k,scvi_matched,3,l2
CD16 Mono,B naive,0.0,pbmc5k_to_pbmc10k,scvi_matched,3,l2
CD4 CTL,B naive,0.0,pbmc5k_to_pbmc10k,scvi_matched,3,l2
CD4 Naive,B naive,0.0,pbmc5k_to_pbmc10k,scvi_matched,3,l2
CD4 TCM,B naive,0.0,pbmc5k_to_pbmc10k,scvi_matched,3,l2
CD4 TEM,B naive,0.0,pbmc5k_to_pbmc10k,scvi_matched,3,l2
CD8 Naive,B naive,0.0,pbmc5k_to_pbmc10k,scvi_matched,3,l2
CD8 TCM,B naive,0.0,pbmc5k_to_pbmc10k,scvi_matched,3,l2
CD8 TEM,B naive,0.0,pbmc5k_to_pbmc10k,scvi_matched,3,l2
Eryth,B naive,0.0,pbmc5k_to_pbmc10k,scvi_matched,3,l2
ILC,B naive,0.0,pbmc5k_to_pbmc10k,scvi_matched,3,l2
MAIT,B naive,0.0,pbmc5k_to_pbmc10k,scvi_matched,3,l2
NK,B naive,0.0,pbmc5k_to_pbmc10k,scvi_matched,3,l2
NK_CD56bright,B naive,0.0,pbmc5k_to_pbmc10k,scvi_matched,3,l2
Treg,B naive,0.0,pbmc5k_to_pbmc10k,scvi_matched,3,l2
cDC2,B naive,0.0,pbmc5k_to_pbmc10k,scvi_matched,3,l2
gdT,B naive,0.0,pbmc5k_to_pbmc10k,scvi_matched,3,l2
pDC,B naive,0.0,pbmc5k_to_pbmc10k,scvi_matched,3,l2
B intermediate,CD14 Mono,0.0,pbmc5k_to_pbmc10k,scvi_matched,3,l2
B memory,CD14 Mono,0.0,pbmc5k_to_pbmc10k,scvi_matched,3,l2
B naive,CD14 Mono,0.0,pbmc5k_to_pbmc10k,scvi_matched,3,l2
CD14 Mono,CD14 Mono,0.9765561843168957,pbmc5k_to_pbmc10k,scvi_matched,3,l2
CD16 Mono,CD14 Mono,0.038834951456310676,pbmc5k_to_pbmc10k,scvi_matched,3,l2
CD4 CTL,CD14 Mono,0.0,pbmc5k_to_pbmc10k,scvi_matched,3,l2
CD4 Naive,CD14 Mono,0.0,pbmc5k_to_pbmc10k,scvi_matched,3,l2
CD4 TCM,CD14 Mono,0.0,pbmc5k_to_pbmc10k,scvi_matched,3,l2
CD4 TEM,CD14 Mono,0.0,pbmc5k_to_pbmc10k,scvi_matched,3,l2
CD8 Naive,CD14 Mono,0.0,pbmc5k_to_pbmc10k,scvi_matched,3,l2
CD8 TCM,CD14 Mono,0.0,pbmc5k_to_pbmc10k,scvi_matched,3,l2
CD8 TEM,CD14 Mono,0.0,pbmc5k_to_pbmc10k,scvi_matched,3,l2
Eryth,CD14 Mono,0.2569444444444444,pbmc5k_to_pbmc10k,scvi_matched,3,l2
ILC,CD14 Mono,0.0,pbmc5k_to_pbmc10k,scvi_matched,3,l2
MAIT,CD14 Mono,0.0,pbmc5k_to_pbmc10k,scvi_matched,3,l2
NK,CD14 Mono,0.0,pbmc5k_to_pbmc10k,scvi_matched,3,l2
NK_CD56bright,CD14 Mono,0.0,pbmc5k_to_pbmc10k,scvi_matched,3,l2
Treg,CD14 Mono,0.0,pbmc5k_to_pbmc10k,scvi_matched,3,l2
cDC2,CD14 Mono,0.24444444444444444,pbmc5k_to_pbmc10k,scvi_matched,3,l2
gdT,CD14 Mono,0.0,pbmc5k_to_pbmc10k,scvi_matched,3,l2
pDC,CD14 Mono,0.0,pbmc5k_to_pbmc10k,scvi_matched,3,l2
B intermediate,CD16 Mono,0.0,pbmc5k_to_pbmc10k,scvi_matched,3,l2
B memory,CD16 Mono,0.0,pbmc5k_to_pbmc10k,scvi_matched,3,l2
B naive,CD16 Mono,0.0,pbmc5k_to_pbmc10k,scvi_matched,3,l2
CD14 Mono,CD16 Mono,0.0,pbmc5k_to_pbmc10k,scvi_matched,3,l2
CD16 Mono,CD16 Mono,0.9611650485436893,pbmc5k_to_pbmc10k,scvi_matched,3,l2
CD4 CTL,CD16 Mono,0.0,pbmc5k_to_pbmc10k,scvi_matched,3,l2
CD4 Naive,CD16 Mono,0.0,pbmc5k_to_pbmc10k,scvi_matched,3,l2
CD4 TCM,CD16 Mono,0.0,pbmc5k_to_pbmc10k,scvi_matched,3,l2
CD4 TEM,CD16 Mono,0.0,pbmc5k_to_pbmc10k,scvi_matched,3,l2
CD8 Naive,CD16 Mono,0.0,pbmc5k_to_pbmc10k,scvi_matched,3,l2
CD8 TCM,CD16 Mono,0.0,pbmc5k_to_pbmc10k,scvi_matched,3,l2
CD8 TEM,CD16 Mono,0.0,pbmc5k_to_pbmc10k,scvi_matched,3,l2
Eryth,CD16 Mono,0.0,pbmc5k_to_pbmc10k,scvi_matched,3,l2
ILC,CD16 Mono,0.0,pbmc5k_to_pbmc10k,scvi_matched,3,l2
MAIT,CD16 Mono,0.0,pbmc5k_to_pbmc10k,scvi_matched,3,l2
NK,CD16 Mono,0.0,pbmc5k_to_pbmc10k,scvi_matched,3,l2
NK_CD56bright,CD16 Mono,0.0,pbmc5k_to_pbmc10k,scvi_matched,3,l2
Treg,CD16 Mono,0.0,pbmc5k_to_pbmc10k,scvi_matched,3,l2
cDC2,CD16 Mono,0.007407407407407408,pbmc5k_to_pbmc10k,scvi_matched,3,l2
gdT,CD16 Mono,0.0,pbmc5k_to_pbmc10k,scvi_matched,3,l2
pDC,CD16 Mono,0.0,pbmc5k_to_pbmc10k,scvi_matched,3,l2
B intermediate,CD4 CTL,0.0,pbmc5k_to_pbmc10k,scvi_matched,3,l2
B memory,CD4 CTL,0.0,pbmc5k_to_pbmc10k,scvi_matched,3,l2
B naive,CD4 CTL,0.0,pbmc5k_to_pbmc10k,scvi_matched,3,l2
CD14 Mono,CD4 CTL,0.0,pbmc5k_to_pbmc10k,scvi_matched,3,l2
CD16 Mono,CD4 CTL,0.0,pbmc5k_to_pbmc10k,scvi_matched,3,l2
CD4 CTL,CD4 CTL,0.16666666666666666,pbmc5k_to_pbmc10k,scvi_matched,3,l2
CD4 Naive,CD4 CTL,0.0,pbmc5k_to_pbmc10k,scvi_matched,3,l2
CD4 TCM,CD4 CTL,0.0,pbmc5k_to_pbmc10k,scvi_matched,3,l2
CD4 TEM,CD4 CTL,0.014234875444839857,pbmc5k_to_pbmc10k,scvi_matched,3,l2
CD8 Naive,CD4 CTL,0.0,pbmc5k_to_pbmc10k,scvi_matched,3,l2
CD8 TCM,CD4 CTL,0.0,pbmc5k_to_pbmc10k,scvi_matched,3,l2
CD8 TEM,CD4 CTL,0.0,pbmc5k_to_pbmc10k,scvi_matched,3,l2
Eryth,CD4 CTL,0.0,pbmc5k_to_pbmc10k,scvi_matched,3,l2
ILC,CD4 CTL,0.0,pbmc5k_to_pbmc10k,scvi_matched,3,l2
MAIT,CD4 CTL,0.042134831460674156,pbmc5k_to_pbmc10k,scvi_matched,3,l2
NK,CD4 CTL,0.0,pbmc5k_to_pbmc10k,scvi_matched,3,l2
NK_CD56bright,CD4 CTL,0.0,pbmc5k_to_pbmc10k,scvi_matched,3,l2
Treg,CD4 CTL,0.0,pbmc5k_to_pbmc10k,scvi_matched,3,l2
cDC2,CD4 CTL,0.0,pbmc5k_to_pbmc10k,scvi_matched,3,l2
gdT,CD4 CTL,0.0,pbmc5k_to_pbmc10k,scvi_matched,3,l2
pDC,CD4 CTL,0.0,pbmc5k_to_pbmc10k,scvi_matched,3,l2
B intermediate,CD4 Naive,0.0,pbmc5k_to_pbmc10k,scvi_matched,3,l2
B memory,CD4 Naive,0.0,pbmc5k_to_pbmc10k,scvi_matched,3,l2
B naive,CD4 Naive,0.0,pbmc5k_to_pbmc10k,scvi_matched,3,l2
CD14 Mono,CD4 Naive,0.0,pbmc5k_to_pbmc10k,scvi_matched,3,l2
CD16 Mono,CD4 Naive,0.0,pbmc5k_to_pbmc10k,scvi_matched,3,l2
CD4 CTL,CD4 Naive,0.0,pbmc5k_to_pbmc10k,scvi_matched,3,l2
CD4 Naive,CD4 Naive,0.9735849056603774,pbmc5k_to_pbmc10k,scvi_matched,3,l2
CD4 TCM,CD4 Naive,0.1,pbmc5k_to_pbmc10k,scvi_matched,3,l2
CD4 TEM,CD4 Naive,0.0,pbmc5k_to_pbmc10k,scvi_matched,3,l2
CD8 Naive,CD4 Naive,0.76875,pbmc5k_to_pbmc10k,scvi_matched,3,l2
CD8 TCM,CD4 Naive,0.14285714285714285,pbmc5k_to_pbmc10k,scvi_matched,3,l2
CD8 TEM,CD4 Naive,0.0,pbmc5k_to_pbmc10k,scvi_matched,3,l2
Eryth,CD4 Naive,0.0,pbmc5k_to_pbmc10k,scvi_matched,3,l2
ILC,CD4 Naive,0.0,pbmc5k_to_pbmc10k,scvi_matched,3,l2
MAIT,CD4 Naive,0.0,pbmc5k_to_pbmc10k,scvi_matched,3,l2
NK,CD4 Naive,0.0,pbmc5k_to_pbmc10k,scvi_matched,3,l2
NK_CD56bright,CD4 Naive,0.0,pbmc5k_to_pbmc10k,scvi_matched,3,l2
Treg,CD4 Naive,0.2821576763485477,pbmc5k_to_pbmc10k,scvi_matched,3,l2
cDC2,CD4 Naive,0.0,pbmc5k_to_pbmc10k,scvi_matched,3,l2
gdT,CD4 Naive,0.1016949152542373,pbmc5k_to_pbmc10k,scvi_matched,3,l2
pDC,CD4 Naive,0.0,pbmc5k_to_pbmc10k,scvi_matched,3,l2
B intermediate,CD4 TCM,0.0,pbmc5k_to_pbmc10k,scvi_matched,3,l2
B memory,CD4 TCM,0.0,pbmc5k_to_pbmc10k,scvi_matched,3,l2
B naive,CD4 TCM,0.0,pbmc5k_to_pbmc10k,scvi_matched,3,l2
CD14 Mono,CD4 TCM,0.0,pbmc5k_to_pbmc10k,scvi_matched,3,l2
CD16 Mono,CD4 TCM,0.0,pbmc5k_to_pbmc10k,scvi_matched,3,l2
CD4 CTL,CD4 TCM,0.0,pbmc5k_to_pbmc10k,scvi_matched,3,l2
CD4 Naive,CD4 TCM,0.005031446540880503,pbmc5k_to_pbmc10k,scvi_matched,3,l2
CD4 TCM,CD4 TCM,0.6051724137931035,pbmc5k_to_pbmc10k,scvi_matched,3,l2
CD4 TEM,CD4 TCM,0.1494661921708185,pbmc5k_to_pbmc10k,scvi_matched,3,l2
CD8 Naive,CD4 TCM,0.0,pbmc5k_to_pbmc10k,scvi_matched,3,l2
CD8 TCM,CD4 TCM,0.16883116883116883,pbmc5k_to_pbmc10k,scvi_matched,3,l2
CD8 TEM,CD4 TCM,0.0,pbmc5k_to_pbmc10k,scvi_matched,3,l2
Eryth,CD4 TCM,0.0,pbmc5k_to_pbmc10k,scvi_matched,3,l2
ILC,CD4 TCM,0.3384615384615385,pbmc5k_to_pbmc10k,scvi_matched,3,l2
MAIT,CD4 TCM,0.0,pbmc5k_to_pbmc10k,scvi_matched,3,l2
NK,CD4 TCM,0.0,pbmc5k_to_pbmc10k,scvi_matched,3,l2
NK_CD56bright,CD4 TCM,0.0,pbmc5k_to_pbmc10k,scvi_matched,3,l2
Treg,CD4 TCM,0.04564315352697095,pbmc5k_to_pbmc10k,scvi_matched,3,l2
cDC2,CD4 TCM,0.0,pbmc5k_to_pbmc10k,scvi_matched,3,l2
gdT,CD4 TCM,0.01694915254237288,pbmc5k_to_pbmc10k,scvi_matched,3,l2
pDC,CD4 TCM,0.0,pbmc5k_to_pbmc10k,scvi_matched,3,l2
B intermediate,CD4 TEM,0.0,pbmc5k_to_pbmc10k,scvi_matched,3,l2
B memory,CD4 TEM,0.0,pbmc5k_to_pbmc10k,scvi_matched,3,l2
B naive,CD4 TEM,0.0,pbmc5k_to_pbmc10k,scvi_matched,3,l2
CD14 Mono,CD4 TEM,0.0,pbmc5k_to_pbmc10k,scvi_matched,3,l2
CD16 Mono,CD4 TEM,0.0,pbmc5k_to_pbmc10k,scvi_matched,3,l2
CD4 CTL,CD4 TEM,0.0,pbmc5k_to_pbmc10k,scvi_matched,3,l2
CD4 Naive,CD4 TEM,0.0,pbmc5k_to_pbmc10k,scvi_matched,3,l2
CD4 TCM,CD4 TEM,0.04655172413793104,pbmc5k_to_pbmc10k,scvi_matched,3,l2
CD4 TEM,CD4 TEM,0.6619217081850534,pbmc5k_to_pbmc10k,scvi_matched,3,l2
CD8 Naive,CD4 TEM,0.0,pbmc5k_to_pbmc10k,scvi_matched,3,l2
CD8 TCM,CD4 TEM,0.24675324675324675,pbmc5k_to_pbmc10k,scvi_matched,3,l2
CD8 TEM,CD4 TEM,0.0,pbmc5k_to_pbmc10k,scvi_matched,3,l2
Eryth,CD4 TEM,0.0,pbmc5k_to_pbmc10k,scvi_matched,3,l2
ILC,CD4 TEM,0.4,pbmc5k_to_pbmc10k,scvi_matched,3,l2
MAIT,CD4 TEM,0.2556179775280899,pbmc5k_to_pbmc10k,scvi_matched,3,l2
NK,CD4 TEM,0.0,pbmc5k_to_pbmc10k,scvi_matched,3,l2
NK_CD56bright,CD4 TEM,0.0,pbmc5k_to_pbmc10k,scvi_matched,3,l2
Treg,CD4 TEM,0.0,pbmc5k_to_pbmc10k,scvi_matched,3,l2
cDC2,CD4 TEM,0.0,pbmc5k_to_pbmc10k,scvi_matched,3,l2
gdT,CD4 TEM,0.0,pbmc5k_to_pbmc10k,scvi_matched,3,l2
pDC,CD4 TEM,0.0,pbmc5k_to_pbmc10k,scvi_matched,3,l2
B intermediate,CD8 Naive,0.0,pbmc5k_to_pbmc10k,scvi_matched,3,l2
B memory,CD8 Naive,0.0,pbmc5k_to_pbmc10k,scvi_matched,3,l2
B naive,CD8 Naive,0.0,pbmc5k_to_pbmc10k,scvi_matched,3,l2
CD14 Mono,CD8 Naive,0.0,pbmc5k_to_pbmc10k,scvi_matched,3,l2
CD16 Mono,CD8 Naive,0.0,pbmc5k_to_pbmc10k,scvi_matched,3,l2
CD4 CTL,CD8 Naive,0.0,pbmc5k_to_pbmc10k,scvi_matched,3,l2
CD4 Naive,CD8 Naive,0.0012578616352201257,pbmc5k_to_pbmc10k,scvi_matched,3,l2
CD4 TCM,CD8 Naive,0.0,pbmc5k_to_pbmc10k,scvi_matched,3,l2
CD4 TEM,CD8 Naive,0.0,pbmc5k_to_pbmc10k,scvi_matched,3,l2
CD8 Naive,CD8 Naive,0.21875,pbmc5k_to_pbmc10k,scvi_matched,3,l2
CD8 TCM,CD8 Naive,0.03896103896103896,pbmc5k_to_pbmc10k,scvi_matched,3,l2
CD8 TEM,CD8 Naive,0.0040650406504065045,pbmc5k_to_pbmc10k,scvi_matched,3,l2
Eryth,CD8 Naive,0.0,pbmc5k_to_pbmc10k,scvi_matched,3,l2
ILC,CD8 Naive,0.0,pbmc5k_to_pbmc10k,scvi_matched,3,l2
MAIT,CD8 Naive,0.0,pbmc5k_to_pbmc10k,scvi_matched,3,l2
NK,CD8 Naive,0.0,pbmc5k_to_pbmc10k,scvi_matched,3,l2
NK_CD56bright,CD8 Naive,0.0,pbmc5k_to_pbmc10k,scvi_matched,3,l2
Treg,CD8 Naive,0.0,pbmc5k_to_pbmc10k,scvi_matched,3,l2
cDC2,CD8 Naive,0.0,pbmc5k_to_pbmc10k,scvi_matched,3,l2
gdT,CD8 Naive,0.06779661016949153,pbmc5k_to_pbmc10k,scvi_matched,3,l2
pDC,CD8 Naive,0.0,pbmc5k_to_pbmc10k,scvi_matched,3,l2
B intermediate,CD8 TCM,0.0,pbmc5k_to_pbmc10k,scvi_matched,3,l2
B memory,CD8 TCM,0.0,pbmc5k_to_pbmc10k,scvi_matched,3,l2
B naive,CD8 TCM,0.0,pbmc5k_to_pbmc10k,scvi_matched,3,l2
CD14 Mono,CD8 TCM,0.0,pbmc5k_to_pbmc10k,scvi_matched,3,l2
CD16 Mono,CD8 TCM,0.0,pbmc5k_to_pbmc10k,scvi_matched,3,l2
CD4 CTL,CD8 TCM,0.0,pbmc5k_to_pbmc10k,scvi_matched,3,l2
CD4 Naive,CD8 TCM,0.0,pbmc5k_to_pbmc10k,scvi_matched,3,l2
CD4 TCM,CD8 TCM,0.0,pbmc5k_to_pbmc10k,scvi_matched,3,l2
CD4 TEM,CD8 TCM,0.0,pbmc5k_to_pbmc10k,scvi_matched,3,l2
CD8 Naive,CD8 TCM,0.0,pbmc5k_to_pbmc10k,scvi_matched,3,l2
CD8 TCM,CD8 TCM,0.07792207792207792,pbmc5k_to_pbmc10k,scvi_matched,3,l2
CD8 TEM,CD8 TCM,0.032520325203252036,pbmc5k_to_pbmc10k,scvi_matched,3,l2
Eryth,CD8 TCM,0.0,pbmc5k_to_pbmc10k,scvi_matched,3,l2
ILC,CD8 TCM,0.015384615384615385,pbmc5k_to_pbmc10k,scvi_matched,3,l2
MAIT,CD8 TCM,0.0028089887640449437,pbmc5k_to_pbmc10k,scvi_matched,3,l2
NK,CD8 TCM,0.0,pbmc5k_to_pbmc10k,scvi_matched,3,l2
NK_CD56bright,CD8 TCM,0.0,pbmc5k_to_pbmc10k,scvi_matched,3,l2
Treg,CD8 TCM,0.0,pbmc5k_to_pbmc10k,scvi_matched,3,l2
cDC2,CD8 TCM,0.0,pbmc5k_to_pbmc10k,scvi_matched,3,l2
gdT,CD8 TCM,0.06779661016949153,pbmc5k_to_pbmc10k,scvi_matched,3,l2
pDC,CD8 TCM,0.0,pbmc5k_to_pbmc10k,scvi_matched,3,l2
B intermediate,CD8 TEM,0.0,pbmc5k_to_pbmc10k,scvi_matched,3,l2
B memory,CD8 TEM,0.0,pbmc5k_to_pbmc10k,scvi_matched,3,l2
B naive,CD8 TEM,0.0,pbmc5k_to_pbmc10k,scvi_matched,3,l2
CD14 Mono,CD8 TEM,0.0,pbmc5k_to_pbmc10k,scvi_matched,3,l2
CD16 Mono,CD8 TEM,0.0,pbmc5k_to_pbmc10k,scvi_matched,3,l2
CD4 CTL,CD8 TEM,0.75,pbmc5k_to_pbmc10k,scvi_matched,3,l2
CD4 Naive,CD8 TEM,0.0,pbmc5k_to_pbmc10k,scvi_matched,3,l2
CD4 TCM,CD8 TEM,0.0,pbmc5k_to_pbmc10k,scvi_matched,3,l2
CD4 TEM,CD8 TEM,0.10676156583629894,pbmc5k_to_pbmc10k,scvi_matched,3,l2
CD8 Naive,CD8 TEM,0.0,pbmc5k_to_pbmc10k,scvi_matched,3,l2
CD8 TCM,CD8 TEM,0.16883116883116883,pbmc5k_to_pbmc10k,scvi_matched,3,l2
CD8 TEM,CD8 TEM,0.8983739837398373,pbmc5k_to_pbmc10k,scvi_matched,3,l2
Eryth,CD8 TEM,0.0,pbmc5k_to_pbmc10k,scvi_matched,3,l2
ILC,CD8 TEM,0.03076923076923077,pbmc5k_to_pbmc10k,scvi_matched,3,l2
MAIT,CD8 TEM,0.3651685393258427,pbmc5k_to_pbmc10k,scvi_matched,3,l2
NK,CD8 TEM,0.0,pbmc5k_to_pbmc10k,scvi_matched,3,l2
NK_CD56bright,CD8 TEM,0.0,pbmc5k_to_pbmc10k,scvi_matched,3,l2
Treg,CD8 TEM,0.0,pbmc5k_to_pbmc10k,scvi_matched,3,l2
cDC2,CD8 TEM,0.0,pbmc5k_to_pbmc10k,scvi_matched,3,l2
gdT,CD8 TEM,0.5084745762711864,pbmc5k_to_pbmc10k,scvi_matched,3,l2
pDC,CD8 TEM,0.0,pbmc5k_to_pbmc10k,scvi_matched,3,l2
B intermediate,Eryth,0.0,pbmc5k_to_pbmc10k,scvi_matched,3,l2
B memory,Eryth,0.0,pbmc5k_to_pbmc10k,scvi_matched,3,l2
B naive,Eryth,0.0,pbmc5k_to_pbmc10k,scvi_matched,3,l2
CD14 Mono,Eryth,0.02263540824575586,pbmc5k_to_pbmc10k,scvi_matched,3,l2
CD16 Mono,Eryth,0.0,pbmc5k_to_pbmc10k,scvi_matched,3,l2
CD4 CTL,Eryth,0.0,pbmc5k_to_pbmc10k,scvi_matched,3,l2
CD4 Naive,Eryth,0.0,pbmc5k_to_pbmc10k,scvi_matched,3,l2
CD4 TCM,Eryth,0.0,pbmc5k_to_pbmc10k,scvi_matched,3,l2
CD4 TEM,Eryth,0.0,pbmc5k_to_pbmc10k,scvi_matched,3,l2
CD8 Naive,Eryth,0.0,pbmc5k_to_pbmc10k,scvi_matched,3,l2
CD8 TCM,Eryth,0.0,pbmc5k_to_pbmc10k,scvi_matched,3,l2
CD8 TEM,Eryth,0.0,pbmc5k_to_pbmc10k,scvi_matched,3,l2
Eryth,Eryth,0.7430555555555556,pbmc5k_to_pbmc10k,scvi_matched,3,l2
ILC,Eryth,0.0,pbmc5k_to_pbmc10k,scvi_matched,3,l2
MAIT,Eryth,0.0,pbmc5k_to_pbmc10k,scvi_matched,3,l2
NK,Eryth,0.0,pbmc5k_to_pbmc10k,scvi_matched,3,l2
NK_CD56bright,Eryth,0.0,pbmc5k_to_pbmc10k,scvi_matched,3,l2
Treg,Eryth,0.0,pbmc5k_to_pbmc10k,scvi_matched,3,l2
cDC2,Eryth,0.0,pbmc5k_to_pbmc10k,scvi_matched,3,l2
gdT,Eryth,0.0,pbmc5k_to_pbmc10k,scvi_matched,3,l2
pDC,Eryth,0.0,pbmc5k_to_pbmc10k,scvi_matched,3,l2
B intermediate,ILC,0.0,pbmc5k_to_pbmc10k,scvi_matched,3,l2
B memory,ILC,0.0,pbmc5k_to_pbmc10k,scvi_matched,3,l2
B naive,ILC,0.0,pbmc5k_to_pbmc10k,scvi_matched,3,l2
CD14 Mono,ILC,0.0,pbmc5k_to_pbmc10k,scvi_matched,3,l2
CD16 Mono,ILC,0.0,pbmc5k_to_pbmc10k,scvi_matched,3,l2
CD4 CTL,ILC,0.0,pbmc5k_to_pbmc10k,scvi_matched,3,l2
CD4 Naive,ILC,0.0,pbmc5k_to_pbmc10k,scvi_matched,3,l2
CD4 TCM,ILC,0.0,pbmc5k_to_pbmc10k,scvi_matched,3,l2
CD4 TEM,ILC,0.0,pbmc5k_to_pbmc10k,scvi_matched,3,l2
CD8 Naive,ILC,0.0,pbmc5k_to_pbmc10k,scvi_matched,3,l2
CD8 TCM,ILC,0.0,pbmc5k_to_pbmc10k,scvi_matched,3,l2
CD8 TEM,ILC,0.0,pbmc5k_to_pbmc10k,scvi_matched,3,l2
Eryth,ILC,0.0,pbmc5k_to_pbmc10k,scvi_matched,3,l2
ILC,ILC,0.046153846153846156,pbmc5k_to_pbmc10k,scvi_matched,3,l2
MAIT,ILC,0.0,pbmc5k_to_pbmc10k,scvi_matched,3,l2
NK,ILC,0.0,pbmc5k_to_pbmc10k,scvi_matched,3,l2
NK_CD56bright,ILC,0.0,pbmc5k_to_pbmc10k,scvi_matched,3,l2
Treg,ILC,0.0,pbmc5k_to_pbmc10k,scvi_matched,3,l2
cDC2,ILC,0.0,pbmc5k_to_pbmc10k,scvi_matched,3,l2
gdT,ILC,0.0,pbmc5k_to_pbmc10k,scvi_matched,3,l2
pDC,ILC,0.0,pbmc5k_to_pbmc10k,scvi_matched,3,l2
B intermediate,MAIT,0.0,pbmc5k_to_pbmc10k,scvi_matched,3,l2
B memory,MAIT,0.0,pbmc5k_to_pbmc10k,scvi_matched,3,l2
B naive,MAIT,0.0,pbmc5k_to_pbmc10k,scvi_matched,3,l2
CD14 Mono,MAIT,0.0,pbmc5k_to_pbmc10k,scvi_matched,3,l2
CD16 Mono,MAIT,0.0,pbmc5k_to_pbmc10k,scvi_matched,3,l2
CD4 CTL,MAIT,0.0,pbmc5k_to_pbmc10k,scvi_matched,3,l2
CD4 Naive,MAIT,0.0,pbmc5k_to_pbmc10k,scvi_matched,3,l2
CD4 TCM,MAIT,0.0,pbmc5k_to_pbmc10k,scvi_matched,3,l2
CD4 TEM,MAIT,0.0,pbmc5k_to_pbmc10k,scvi_matched,3,l2
CD8 Naive,MAIT,0.0,pbmc5k_to_pbmc10k,scvi_matched,3,l2
CD8 TCM,MAIT,0.0,pbmc5k_to_pbmc10k,scvi_matched,3,l2
CD8 TEM,MAIT,0.0,pbmc5k_to_pbmc10k,scvi_matched,3,l2
Eryth,MAIT,0.0,pbmc5k_to_pbmc10k,scvi_matched,3,l2
ILC,MAIT,0.0,pbmc5k_to_pbmc10k,scvi_matched,3,l2
MAIT,MAIT,0.0,pbmc5k_to_pbmc10k,scvi_matched,3,l2
NK,MAIT,0.0,pbmc5k_to_pbmc10k,scvi_matched,3,l2
NK_CD56bright,MAIT,0.0,pbmc5k_to_pbmc10k,scvi_matched,3,l2
Treg,MAIT,0.0,pbmc5k_to_pbmc10k,scvi_matched,3,l2
cDC2,MAIT,0.0,pbmc5k_to_pbmc10k,scvi_matched,3,l2
gdT,MAIT,0.0,pbmc5k_to_pbmc10k,scvi_matched,3,l2
pDC,MAIT,0.0,pbmc5k_to_pbmc10k,scvi_matched,3,l2
B intermediate,NK,0.0,pbmc5k_to_pbmc10k,scvi_matched,3,l2
B memory,NK,0.0,pbmc5k_to_pbmc10k,scvi_matched,3,l2
B naive,NK,0.0,pbmc5k_to_pbmc10k,scvi_matched,3,l2
CD14 Mono,NK,0.0008084074373484236,pbmc5k_to_pbmc10k,scvi_matched,3,l2
CD16 Mono,NK,0.0,pbmc5k_to_pbmc10k,scvi_matched,3,l2
CD4 CTL,NK,0.08333333333333333,pbmc5k_to_pbmc10k,scvi_matched,3,l2
CD4 Naive,NK,0.0,pbmc5k_to_pbmc10k,scvi_matched,3,l2
CD4 TCM,NK,0.0,pbmc5k_to_pbmc10k,scvi_matched,3,l2
CD4 TEM,NK,0.0,pbmc5k_to_pbmc10k,scvi_matched,3,l2
CD8 Naive,NK,0.0,pbmc5k_to_pbmc10k,scvi_matched,3,l2
CD8 TCM,NK,0.0,pbmc5k_to_pbmc10k,scvi_matched,3,l2
CD8 TEM,NK,0.04878048780487805,pbmc5k_to_pbmc10k,scvi_matched,3,l2
Eryth,NK,0.0,pbmc5k_to_pbmc10k,scvi_matched,3,l2
ILC,NK,0.0,pbmc5k_to_pbmc10k,scvi_matched,3,l2
MAIT,NK,0.0,pbmc5k_to_pbmc10k,scvi_matched,3,l2
NK,NK,0.9960526315789474,pbmc5k_to_pbmc10k,scvi_matched,3,l2
NK_CD56bright,NK,0.42857142857142855,pbmc5k_to_pbmc10k,scvi_matched,3,l2
Treg,NK,0.0,pbmc5k_to_pbmc10k,scvi_matched,3,l2
cDC2,NK,0.0,pbmc5k_to_pbmc10k,scvi_matched,3,l2
gdT,NK,0.05084745762711865,pbmc5k_to_pbmc10k,scvi_matched,3,l2
pDC,NK,0.0,pbmc5k_to_pbmc10k,scvi_matched,3,l2
B intermediate,NK_CD56bright,0.0,pbmc5k_to_pbmc10k,scvi_matched,3,l2
B memory,NK_CD56bright,0.0,pbmc5k_to_pbmc10k,scvi_matched,3,l2
B naive,NK_CD56bright,0.0,pbmc5k_to_pbmc10k,scvi_matched,3,l2
CD14 Mono,NK_CD56bright,0.0,pbmc5k_to_pbmc10k,scvi_matched,3,l2
CD16 Mono,NK_CD56bright,0.0,pbmc5k_to_pbmc10k,scvi_matched,3,l2
CD4 CTL,NK_CD56bright,0.0,pbmc5k_to_pbmc10k,scvi_matched,3,l2
CD4 Naive,NK_CD56bright,0.0,pbmc5k_to_pbmc10k,scvi_matched,3,l2
CD4 TCM,NK_CD56bright,0.0,pbmc5k_to_pbmc10k,scvi_matched,3,l2
CD4 TEM,NK_CD56bright,0.0,pbmc5k_to_pbmc10k,scvi_matched,3,l2
CD8 Naive,NK_CD56bright,0.0,pbmc5k_to_pbmc10k,scvi_matched,3,l2
CD8 TCM,NK_CD56bright,0.0,pbmc5k_to_pbmc10k,scvi_matched,3,l2
CD8 TEM,NK_CD56bright,0.0,pbmc5k_to_pbmc10k,scvi_matched,3,l2
Eryth,NK_CD56bright,0.0,pbmc5k_to_pbmc10k,scvi_matched,3,l2
ILC,NK_CD56bright,0.0,pbmc5k_to_pbmc10k,scvi_matched,3,l2
MAIT,NK_CD56bright,0.0,pbmc5k_to_pbmc10k,scvi_matched,3,l2
NK,NK_CD56bright,0.0013157894736842105,pbmc5k_to_pbmc10k,scvi_matched,3,l2
NK_CD56bright,NK_CD56bright,0.3142857142857143,pbmc5k_to_pbmc10k,scvi_matched,3,l2
Treg,NK_CD56bright,0.0,pbmc5k_to_pbmc10k,scvi_matched,3,l2
cDC2,NK_CD56bright,0.0,pbmc5k_to_pbmc10k,scvi_matched,3,l2
gdT,NK_CD56bright,0.0,pbmc5k_to_pbmc10k,scvi_matched,3,l2
pDC,NK_CD56bright,0.0,pbmc5k_to_pbmc10k,scvi_matched,3,l2
B intermediate,Treg,0.0,pbmc5k_to_pbmc10k,scvi_matched,3,l2
B memory,Treg,0.0,pbmc5k_to_pbmc10k,scvi_matched,3,l2
B naive,Treg,0.0,pbmc5k_to_pbmc10k,scvi_matched,3,l2
CD14 Mono,Treg,0.0,pbmc5k_to_pbmc10k,scvi_matched,3,l2
CD16 Mono,Treg,0.0,pbmc5k_to_pbmc10k,scvi_matched,3,l2
CD4 CTL,Treg,0.0,pbmc5k_to_pbmc10k,scvi_matched,3,l2
CD4 Naive,Treg,0.02012578616352201,pbmc5k_to_pbmc10k,scvi_matched,3,l2
CD4 TCM,Treg,0.2482758620689655,pbmc5k_to_pbmc10k,scvi_matched,3,l2
CD4 TEM,Treg,0.06761565836298933,pbmc5k_to_pbmc10k,scvi_matched,3,l2
CD8 Naive,Treg,0.0125,pbmc5k_to_pbmc10k,scvi_matched,3,l2
CD8 TCM,Treg,0.15584415584415584,pbmc5k_to_pbmc10k,scvi_matched,3,l2
CD8 TEM,Treg,0.0040650406504065045,pbmc5k_to_pbmc10k,scvi_matched,3,l2
Eryth,Treg,0.0,pbmc5k_to_pbmc10k,scvi_matched,3,l2
ILC,Treg,0.13846153846153847,pbmc5k_to_pbmc10k,scvi_matched,3,l2
MAIT,Treg,0.0,pbmc5k_to_pbmc10k,scvi_matched,3,l2
NK,Treg,0.0,pbmc5k_to_pbmc10k,scvi_matched,3,l2
NK_CD56bright,Treg,0.0,pbmc5k_to_pbmc10k,scvi_matched,3,l2
Treg,Treg,0.6721991701244814,pbmc5k_to_pbmc10k,scvi_matched,3,l2
cDC2,Treg,0.0,pbmc5k_to_pbmc10k,scvi_matched,3,l2
gdT,Treg,0.05084745762711865,pbmc5k_to_pbmc10k,scvi_matched,3,l2
pDC,Treg,0.0,pbmc5k_to_pbmc10k,scvi_matched,3,l2
B intermediate,cDC2,0.0,pbmc5k_to_pbmc10k,scvi_matched,3,l2
B memory,cDC2,0.0,pbmc5k_to_pbmc10k,scvi_matched,3,l2
B naive,cDC2,0.0,pbmc5k_to_pbmc10k,scvi_matched,3,l2
CD14 Mono,cDC2,0.0,pbmc5k_to_pbmc10k,scvi_matched,3,l2
CD16 Mono,cDC2,0.0,pbmc5k_to_pbmc10k,scvi_matched,3,l2
CD4 CTL,cDC2,0.0,pbmc5k_to_pbmc10k,scvi_matched,3,l2
CD4 Naive,cDC2,0.0,pbmc5k_to_pbmc10k,scvi_matched,3,l2
CD4 TCM,cDC2,0.0,pbmc5k_to_pbmc10k,scvi_matched,3,l2
CD4 TEM,cDC2,0.0,pbmc5k_to_pbmc10k,scvi_matched,3,l2
CD8 Naive,cDC2,0.0,pbmc5k_to_pbmc10k,scvi_matched,3,l2
CD8 TCM,cDC2,0.0,pbmc5k_to_pbmc10k,scvi_matched,3,l2
CD8 TEM,cDC2,0.0,pbmc5k_to_pbmc10k,scvi_matched,3,l2
Eryth,cDC2,0.0,pbmc5k_to_pbmc10k,scvi_matched,3,l2
ILC,cDC2,0.0,pbmc5k_to_pbmc10k,scvi_matched,3,l2
MAIT,cDC2,0.0,pbmc5k_to_pbmc10k,scvi_matched,3,l2
NK,cDC2,0.0,pbmc5k_to_pbmc10k,scvi_matched,3,l2
NK_CD56bright,cDC2,0.0,pbmc5k_to_pbmc10k,scvi_matched,3,l2
Treg,cDC2,0.0,pbmc5k_to_pbmc10k,scvi_matched,3,l2
cDC2,cDC2,0.7481481481481481,pbmc5k_to_pbmc10k,scvi_matched,3,l2
gdT,cDC2,0.0,pbmc5k_to_pbmc10k,scvi_matched,3,l2
pDC,cDC2,0.0,pbmc5k_to_pbmc10k,scvi_matched,3,l2
B intermediate,gdT,0.0,pbmc5k_to_pbmc10k,scvi_matched,3,l2
B memory,gdT,0.0,pbmc5k_to_pbmc10k,scvi_matched,3,l2
B naive,gdT,0.0,pbmc5k_to_pbmc10k,scvi_matched,3,l2
CD14 Mono,gdT,0.0,pbmc5k_to_pbmc10k,scvi_matched,3,l2
CD16 Mono,gdT,0.0,pbmc5k_to_pbmc10k,scvi_matched,3,l2
CD4 CTL,gdT,0.0,pbmc5k_to_pbmc10k,scvi_matched,3,l2
CD4 Naive,gdT,0.0,pbmc5k_to_pbmc10k,scvi_matched,3,l2
CD4 TCM,gdT,0.0,pbmc5k_to_pbmc10k,scvi_matched,3,l2
CD4 TEM,gdT,0.0,pbmc5k_to_pbmc10k,scvi_matched,3,l2
CD8 Naive,gdT,0.0,pbmc5k_to_pbmc10k,scvi_matched,3,l2
CD8 TCM,gdT,0.0,pbmc5k_to_pbmc10k,scvi_matched,3,l2
CD8 TEM,gdT,0.012195121951219513,pbmc5k_to_pbmc10k,scvi_matched,3,l2
Eryth,gdT,0.0,pbmc5k_to_pbmc10k,scvi_matched,3,l2
ILC,gdT,0.03076923076923077,pbmc5k_to_pbmc10k,scvi_matched,3,l2
MAIT,gdT,0.3342696629213483,pbmc5k_to_pbmc10k,scvi_matched,3,l2
NK,gdT,0.002631578947368421,pbmc5k_to_pbmc10k,scvi_matched,3,l2
NK_CD56bright,gdT,0.2571428571428571,pbmc5k_to_pbmc10k,scvi_matched,3,l2
Treg,gdT,0.0,pbmc5k_to_pbmc10k,scvi_matched,3,l2
cDC2,gdT,0.0,pbmc5k_to_pbmc10k,scvi_matched,3,l2
gdT,gdT,0.13559322033898305,pbmc5k_to_pbmc10k,scvi_matched,3,l2
pDC,gdT,0.0,pbmc5k_to_pbmc10k,scvi_matched,3,l2
B intermediate,pDC,0.0,pbmc5k_to_pbmc10k,scvi_matched,3,l2
B memory,pDC,0.0,pbmc5k_to_pbmc10k,scvi_matched,3,l2
B naive,pDC,0.0,pbmc5k_to_pbmc10k,scvi_matched,3,l2
CD14 Mono,pDC,0.0,pbmc5k_to_pbmc10k,scvi_matched,3,l2
CD16 Mono,pDC,0.0,pbmc5k_to_pbmc10k,scvi_matched,3,l2
CD4 CTL,pDC,0.0,pbmc5k_to_pbmc10k,scvi_matched,3,l2
CD4 Naive,pDC,0.0,pbmc5k_to_pbmc10k,scvi_matched,3,l2
CD4 TCM,pDC,0.0,pbmc5k_to_pbmc10k,scvi_matched,3,l2
CD4 TEM,pDC,0.0,pbmc5k_to_pbmc10k,scvi_matched,3,l2
CD8 Naive,pDC,0.0,pbmc5k_to_pbmc10k,scvi_matched,3,l2
CD8 TCM,pDC,0.0,pbmc5k_to_pbmc10k,scvi_matched,3,l2
CD8 TEM,pDC,0.0,pbmc5k_to_pbmc10k,scvi_matched,3,l2
Eryth,pDC,0.0,pbmc5k_to_pbmc10k,scvi_matched,3,l2
ILC,pDC,0.0,pbmc5k_to_pbmc10k,scvi_matched,3,l2
MAIT,pDC,0.0,pbmc5k_to_pbmc10k,scvi_matched,3,l2
NK,pDC,0.0,pbmc5k_to_pbmc10k,scvi_matched,3,l2
NK_CD56bright,pDC,0.0,pbmc5k_to_pbmc10k,scvi_matched,3,l2
Treg,pDC,0.0,pbmc5k_to_pbmc10k,scvi_matched,3,l2
cDC2,pDC,0.0,pbmc5k_to_pbmc10k,scvi_matched,3,l2
gdT,pDC,0.0,pbmc5k_to_pbmc10k,scvi_matched,3,l2
pDC,pDC,1.0,pbmc5k_to_pbmc10k,scvi_matched,3,l2
B intermediate,B intermediate,0.5882352941176471,pbmc5k_to_pbmc10k,totalvi,3,l2
B memory,B intermediate,0.37373737373737376,pbmc5k_to_pbmc10k,totalvi,3,l2
B naive,B intermediate,0.0031746031746031746,pbmc5k_to_pbmc10k,totalvi,3,l2
CD14 Mono,B intermediate,0.0,pbmc5k_to_pbmc10k,totalvi,3,l2
CD16 Mono,B intermediate,0.0,pbmc5k_to_pbmc10k,totalvi,3,l2
CD4 CTL,B intermediate,0.0,pbmc5k_to_pbmc10k,totalvi,3,l2
CD4 Naive,B intermediate,0.0,pbmc5k_to_pbmc10k,totalvi,3,l2
CD4 TCM,B intermediate,0.0,pbmc5k_to_pbmc10k,totalvi,3,l2
CD4 TEM,B intermediate,0.0,pbmc5k_to_pbmc10k,totalvi,3,l2
CD8 Naive,B intermediate,0.0,pbmc5k_to_pbmc10k,totalvi,3,l2
CD8 TCM,B intermediate,0.0,pbmc5k_to_pbmc10k,totalvi,3,l2
CD8 TEM,B intermediate,0.0,pbmc5k_to_pbmc10k,totalvi,3,l2
Eryth,B intermediate,0.0,pbmc5k_to_pbmc10k,totalvi,3,l2
ILC,B intermediate,0.0,pbmc5k_to_pbmc10k,totalvi,3,l2
MAIT,B intermediate,0.0,pbmc5k_to_pbmc10k,totalvi,3,l2
NK,B intermediate,0.0,pbmc5k_to_pbmc10k,totalvi,3,l2
NK_CD56bright,B intermediate,0.0,pbmc5k_to_pbmc10k,totalvi,3,l2
Treg,B intermediate,0.0,pbmc5k_to_pbmc10k,totalvi,3,l2
cDC2,B intermediate,0.0,pbmc5k_to_pbmc10k,totalvi,3,l2
gdT,B intermediate,0.0,pbmc5k_to_pbmc10k,totalvi,3,l2
pDC,B intermediate,0.0,pbmc5k_to_pbmc10k,totalvi,3,l2
B intermediate,B memory,0.10294117647058823,pbmc5k_to_pbmc10k,totalvi,3,l2
B memory,B memory,0.5454545454545454,pbmc5k_to_pbmc10k,totalvi,3,l2
B naive,B memory,0.0,pbmc5k_to_pbmc10k,totalvi,3,l2
CD14 Mono,B memory,0.0,pbmc5k_to_pbmc10k,totalvi,3,l2
CD16 Mono,B memory,0.0,pbmc5k_to_pbmc10k,totalvi,3,l2
CD4 CTL,B memory,0.0,pbmc5k_to_pbmc10k,totalvi,3,l2
CD4 Naive,B memory,0.0,pbmc5k_to_pbmc10k,totalvi,3,l2
CD4 TCM,B memory,0.0,pbmc5k_to_pbmc10k,totalvi,3,l2
CD4 TEM,B memory,0.0,pbmc5k_to_pbmc10k,totalvi,3,l2
CD8 Naive,B memory,0.0,pbmc5k_to_pbmc10k,totalvi,3,l2
CD8 TCM,B memory,0.0,pbmc5k_to_pbmc10k,totalvi,3,l2
CD8 TEM,B memory,0.0,pbmc5k_to_pbmc10k,totalvi,3,l2
Eryth,B memory,0.0,pbmc5k_to_pbmc10k,totalvi,3,l2
ILC,B memory,0.0,pbmc5k_to_pbmc10k,totalvi,3,l2
MAIT,B memory,0.0,pbmc5k_to_pbmc10k,totalvi,3,l2
NK,B memory,0.0,pbmc5k_to_pbmc10k,totalvi,3,l2
NK_CD56bright,B memory,0.0,pbmc5k_to_pbmc10k,totalvi,3,l2
Treg,B memory,0.0,pbmc5k_to_pbmc10k,totalvi,3,l2
cDC2,B memory,0.0,pbmc5k_to_pbmc10k,totalvi,3,l2
gdT,B memory,0.0,pbmc5k_to_pbmc10k,totalvi,3,l2
pDC,B memory,0.0,pbmc5k_to_pbmc10k,totalvi,3,l2
B intermediate,B naive,0.3088235294117647,pbmc5k_to_pbmc10k,totalvi,3,l2
B memory,B naive,0.08080808080808081,pbmc5k_to_pbmc10k,totalvi,3,l2
B naive,B naive,0.9968253968253968,pbmc5k_to_pbmc10k,totalvi,3,l2
CD14 Mono,B naive,0.0,pbmc5k_to_pbmc10k,totalvi,3,l2
CD16 Mono,B naive,0.0,pbmc5k_to_pbmc10k,totalvi,3,l2
CD4 CTL,B naive,0.0,pbmc5k_to_pbmc10k,totalvi,3,l2
CD4 Naive,B naive,0.0012578616352201257,pbmc5k_to_pbmc10k,totalvi,3,l2
CD4 TCM,B naive,0.0,pbmc5k_to_pbmc10k,totalvi,3,l2
CD4 TEM,B naive,0.0,pbmc5k_to_pbmc10k,totalvi,3,l2
CD8 Naive,B naive,0.0,pbmc5k_to_pbmc10k,totalvi,3,l2
CD8 TCM,B naive,0.0,pbmc5k_to_pbmc10k,totalvi,3,l2
CD8 TEM,B naive,0.0,pbmc5k_to_pbmc10k,totalvi,3,l2
Eryth,B naive,0.0,pbmc5k_to_pbmc10k,totalvi,3,l2
ILC,B naive,0.0,pbmc5k_to_pbmc10k,totalvi,3,l2
MAIT,B naive,0.0,pbmc5k_to_pbmc10k,totalvi,3,l2
NK,B naive,0.0,pbmc5k_to_pbmc10k,totalvi,3,l2
NK_CD56bright,B naive,0.0,pbmc5k_to_pbmc10k,totalvi,3,l2
Treg,B naive,0.0,pbmc5k_to_pbmc10k,totalvi,3,l2
cDC2,B naive,0.0,pbmc5k_to_pbmc10k,totalvi,3,l2
gdT,B naive,0.0,pbmc5k_to_pbmc10k,totalvi,3,l2
pDC,B naive,0.0,pbmc5k_to_pbmc10k,totalvi,3,l2
B intermediate,CD14 Mono,0.0,pbmc5k_to_pbmc10k,totalvi,3,l2
B memory,CD14 Mono,0.0,pbmc5k_to_pbmc10k,totalvi,3,l2
B naive,CD14 Mono,0.0,pbmc5k_to_pbmc10k,totalvi,3,l2
CD14 Mono,CD14 Mono,0.98464025869038,pbmc5k_to_pbmc10k,totalvi,3,l2
CD16 Mono,CD14 Mono,0.019417475728155338,pbmc5k_to_pbmc10k,totalvi,3,l2
CD4 CTL,CD14 Mono,0.0,pbmc5k_to_pbmc10k,totalvi,3,l2
CD4 Naive,CD14 Mono,0.0,pbmc5k_to_pbmc10k,totalvi,3,l2
CD4 TCM,CD14 Mono,0.0,pbmc5k_to_pbmc10k,totalvi,3,l2
CD4 TEM,CD14 Mono,0.0,pbmc5k_to_pbmc10k,totalvi,3,l2
CD8 Naive,CD14 Mono,0.0,pbmc5k_to_pbmc10k,totalvi,3,l2
CD8 TCM,CD14 Mono,0.0,pbmc5k_to_pbmc10k,totalvi,3,l2
CD8 TEM,CD14 Mono,0.0,pbmc5k_to_pbmc10k,totalvi,3,l2
Eryth,CD14 Mono,0.3680555555555556,pbmc5k_to_pbmc10k,totalvi,3,l2
ILC,CD14 Mono,0.0,pbmc5k_to_pbmc10k,totalvi,3,l2
MAIT,CD14 Mono,0.0,pbmc5k_to_pbmc10k,totalvi,3,l2
NK,CD14 Mono,0.0,pbmc5k_to_pbmc10k,totalvi,3,l2
NK_CD56bright,CD14 Mono,0.0,pbmc5k_to_pbmc10k,totalvi,3,l2
Treg,CD14 Mono,0.0,pbmc5k_to_pbmc10k,totalvi,3,l2
cDC2,CD14 Mono,0.1111111111111111,pbmc5k_to_pbmc10k,totalvi,3,l2
gdT,CD14 Mono,0.0,pbmc5k_to_pbmc10k,totalvi,3,l2
pDC,CD14 Mono,0.0,pbmc5k_to_pbmc10k,totalvi,3,l2
B intermediate,CD16 Mono,0.0,pbmc5k_to_pbmc10k,totalvi,3,l2
B memory,CD16 Mono,0.0,pbmc5k_to_pbmc10k,totalvi,3,l2
B naive,CD16 Mono,0.0,pbmc5k_to_pbmc10k,totalvi,3,l2
CD14 Mono,CD16 Mono,0.0008084074373484236,pbmc5k_to_pbmc10k,totalvi,3,l2
CD16 Mono,CD16 Mono,0.9611650485436893,pbmc5k_to_pbmc10k,totalvi,3,l2
CD4 CTL,CD16 Mono,0.0,pbmc5k_to_pbmc10k,totalvi,3,l2
CD4 Naive,CD16 Mono,0.0,pbmc5k_to_pbmc10k,totalvi,3,l2
CD4 TCM,CD16 Mono,0.0,pbmc5k_to_pbmc10k,totalvi,3,l2
CD4 TEM,CD16 Mono,0.0,pbmc5k_to_pbmc10k,totalvi,3,l2
CD8 Naive,CD16 Mono,0.0,pbmc5k_to_pbmc10k,totalvi,3,l2
CD8 TCM,CD16 Mono,0.0,pbmc5k_to_pbmc10k,totalvi,3,l2
CD8 TEM,CD16 Mono,0.0,pbmc5k_to_pbmc10k,totalvi,3,l2
Eryth,CD16 Mono,0.0,pbmc5k_to_pbmc10k,totalvi,3,l2
ILC,CD16 Mono,0.0,pbmc5k_to_pbmc10k,totalvi,3,l2
MAIT,CD16 Mono,0.0,pbmc5k_to_pbmc10k,totalvi,3,l2
NK,CD16 Mono,0.0,pbmc5k_to_pbmc10k,totalvi,3,l2
NK_CD56bright,CD16 Mono,0.0,pbmc5k_to_pbmc10k,totalvi,3,l2
Treg,CD16 Mono,0.0,pbmc5k_to_pbmc10k,totalvi,3,l2
cDC2,CD16 Mono,0.007407407407407408,pbmc5k_to_pbmc10k,totalvi,3,l2
gdT,CD16 Mono,0.0,pbmc5k_to_pbmc10k,totalvi,3,l2
pDC,CD16 Mono,0.0,pbmc5k_to_pbmc10k,totalvi,3,l2
B intermediate,CD4 CTL,0.0,pbmc5k_to_pbmc10k,totalvi,3,l2
B memory,CD4 CTL,0.0,pbmc5k_to_pbmc10k,totalvi,3,l2
B naive,CD4 CTL,0.0,pbmc5k_to_pbmc10k,totalvi,3,l2
CD14 Mono,CD4 CTL,0.0,pbmc5k_to_pbmc10k,totalvi,3,l2
CD16 Mono,CD4 CTL,0.0,pbmc5k_to_pbmc10k,totalvi,3,l2
CD4 CTL,CD4 CTL,0.0,pbmc5k_to_pbmc10k,totalvi,3,l2
CD4 Naive,CD4 CTL,0.0,pbmc5k_to_pbmc10k,totalvi,3,l2
CD4 TCM,CD4 CTL,0.0,pbmc5k_to_pbmc10k,totalvi,3,l2
CD4 TEM,CD4 CTL,0.0,pbmc5k_to_pbmc10k,totalvi,3,l2
CD8 Naive,CD4 CTL,0.0,pbmc5k_to_pbmc10k,totalvi,3,l2
CD8 TCM,CD4 CTL,0.0,pbmc5k_to_pbmc10k,totalvi,3,l2
CD8 TEM,CD4 CTL,0.0,pbmc5k_to_pbmc10k,totalvi,3,l2
Eryth,CD4 CTL,0.0,pbmc5k_to_pbmc10k,totalvi,3,l2
ILC,CD4 CTL,0.0,pbmc5k_to_pbmc10k,totalvi,3,l2
MAIT,CD4 CTL,0.0,pbmc5k_to_pbmc10k,totalvi,3,l2
NK,CD4 CTL,0.0,pbmc5k_to_pbmc10k,totalvi,3,l2
NK_CD56bright,CD4 CTL,0.0,pbmc5k_to_pbmc10k,totalvi,3,l2
Treg,CD4 CTL,0.0,pbmc5k_to_pbmc10k,totalvi,3,l2
cDC2,CD4 CTL,0.0,pbmc5k_to_pbmc10k,totalvi,3,l2
gdT,CD4 CTL,0.0,pbmc5k_to_pbmc10k,totalvi,3,l2
pDC,CD4 CTL,0.0,pbmc5k_to_pbmc10k,totalvi,3,l2
B intermediate,CD4 Naive,0.0,pbmc5k_to_pbmc10k,totalvi,3,l2
B memory,CD4 Naive,0.0,pbmc5k_to_pbmc10k,totalvi,3,l2
B naive,CD4 Naive,0.0,pbmc5k_to_pbmc10k,totalvi,3,l2
CD14 Mono,CD4 Naive,0.0,pbmc5k_to_pbmc10k,totalvi,3,l2
CD16 Mono,CD4 Naive,0.0,pbmc5k_to_pbmc10k,totalvi,3,l2
CD4 CTL,CD4 Naive,0.0,pbmc5k_to_pbmc10k,totalvi,3,l2
CD4 Naive,CD4 Naive,0.9433962264150944,pbmc5k_to_pbmc10k,totalvi,3,l2
CD4 TCM,CD4 Naive,0.03103448275862069,pbmc5k_to_pbmc10k,totalvi,3,l2
CD4 TEM,CD4 Naive,0.0,pbmc5k_to_pbmc10k,totalvi,3,l2
CD8 Naive,CD4 Naive,0.04375,pbmc5k_to_pbmc10k,totalvi,3,l2
CD8 TCM,CD4 Naive,0.012987012987012988,pbmc5k_to_pbmc10k,totalvi,3,l2
CD8 TEM,CD4 Naive,0.0,pbmc5k_to_pbmc10k,totalvi,3,l2
Eryth,CD4 Naive,0.0,pbmc5k_to_pbmc10k,totalvi,3,l2
ILC,CD4 Naive,0.0,pbmc5k_to_pbmc10k,totalvi,3,l2
MAIT,CD4 Naive,0.0,pbmc5k_to_pbmc10k,totalvi,3,l2
NK,CD4 Naive,0.0,pbmc5k_to_pbmc10k,totalvi,3,l2
NK_CD56bright,CD4 Naive,0.0,pbmc5k_to_pbmc10k,totalvi,3,l2
Treg,CD4 Naive,0.2697095435684647,pbmc5k_to_pbmc10k,totalvi,3,l2
cDC2,CD4 Naive,0.0,pbmc5k_to_pbmc10k,totalvi,3,l2
gdT,CD4 Naive,0.0,pbmc5k_to_pbmc10k,totalvi,3,l2
pDC,CD4 Naive,0.0,pbmc5k_to_pbmc10k,totalvi,3,l2
B intermediate,CD4 TCM,0.0,pbmc5k_to_pbmc10k,totalvi,3,l2
B memory,CD4 TCM,0.0,pbmc5k_to_pbmc10k,totalvi,3,l2
B naive,CD4 TCM,0.0,pbmc5k_to_pbmc10k,totalvi,3,l2
CD14 Mono,CD4 TCM,0.0,pbmc5k_to_pbmc10k,totalvi,3,l2
CD16 Mono,CD4 TCM,0.0,pbmc5k_to_pbmc10k,totalvi,3,l2
CD4 CTL,CD4 TCM,0.0,pbmc5k_to_pbmc10k,totalvi,3,l2
CD4 Naive,CD4 TCM,0.052830188679245285,pbmc5k_to_pbmc10k,totalvi,3,l2
CD4 TCM,CD4 TCM,0.8672413793103448,pbmc5k_to_pbmc10k,totalvi,3,l2
CD4 TEM,CD4 TCM,0.12099644128113879,pbmc5k_to_pbmc10k,totalvi,3,l2
CD8 Naive,CD4 TCM,0.0,pbmc5k_to_pbmc10k,totalvi,3,l2
CD8 TCM,CD4 TCM,0.05194805194805195,pbmc5k_to_pbmc10k,totalvi,3,l2
CD8 TEM,CD4 TCM,0.0,pbmc5k_to_pbmc10k,totalvi,3,l2
Eryth,CD4 TCM,0.0,pbmc5k_to_pbmc10k,totalvi,3,l2
ILC,CD4 TCM,0.3076923076923077,pbmc5k_to_pbmc10k,totalvi,3,l2
MAIT,CD4 TCM,0.0,pbmc5k_to_pbmc10k,totalvi,3,l2
NK,CD4 TCM,0.0,pbmc5k_to_pbmc10k,totalvi,3,l2
NK_CD56bright,CD4 TCM,0.0,pbmc5k_to_pbmc10k,totalvi,3,l2
Treg,CD4 TCM,0.5809128630705395,pbmc5k_to_pbmc10k,totalvi,3,l2
cDC2,CD4 TCM,0.0,pbmc5k_to_pbmc10k,totalvi,3,l2
gdT,CD4 TCM,0.0,pbmc5k_to_pbmc10k,totalvi,3,l2
pDC,CD4 TCM,0.0,pbmc5k_to_pbmc10k,totalvi,3,l2
B intermediate,CD4 TEM,0.0,pbmc5k_to_pbmc10k,totalvi,3,l2
B memory,CD4 TEM,0.0,pbmc5k_to_pbmc10k,totalvi,3,l2
B naive,CD4 TEM,0.0,pbmc5k_to_pbmc10k,totalvi,3,l2
CD14 Mono,CD4 TEM,0.0,pbmc5k_to_pbmc10k,totalvi,3,l2
CD16 Mono,CD4 TEM,0.0,pbmc5k_to_pbmc10k,totalvi,3,l2
CD4 CTL,CD4 TEM,0.20833333333333334,pbmc5k_to_pbmc10k,totalvi,3,l2
CD4 Naive,CD4 TEM,0.0,pbmc5k_to_pbmc10k,totalvi,3,l2
CD4 TCM,CD4 TEM,0.07931034482758621,pbmc5k_to_pbmc10k,totalvi,3,l2
CD4 TEM,CD4 TEM,0.8256227758007118,pbmc5k_to_pbmc10k,totalvi,3,l2
CD8 Naive,CD4 TEM,0.0,pbmc5k_to_pbmc10k,totalvi,3,l2
CD8 TCM,CD4 TEM,0.22077922077922077,pbmc5k_to_pbmc10k,totalvi,3,l2
CD8 TEM,CD4 TEM,0.0040650406504065045,pbmc5k_to_pbmc10k,totalvi,3,l2
Eryth,CD4 TEM,0.0,pbmc5k_to_pbmc10k,totalvi,3,l2
ILC,CD4 TEM,0.46153846153846156,pbmc5k_to_pbmc10k,totalvi,3,l2
MAIT,CD4 TEM,0.05337078651685393,pbmc5k_to_pbmc10k,totalvi,3,l2
NK,CD4 TEM,0.0,pbmc5k_to_pbmc10k,totalvi,3,l2
NK_CD56bright,CD4 TEM,0.0,pbmc5k_to_pbmc10k,totalvi,3,l2
Treg,CD4 TEM,0.02074688796680498,pbmc5k_to_pbmc10k,totalvi,3,l2
cDC2,CD4 TEM,0.0,pbmc5k_to_pbmc10k,totalvi,3,l2
gdT,CD4 TEM,0.0,pbmc5k_to_pbmc10k,totalvi,3,l2
pDC,CD4 TEM,0.0,pbmc5k_to_pbmc10k,totalvi,3,l2
B intermediate,CD8 Naive,0.0,pbmc5k_to_pbmc10k,totalvi,3,l2
B memory,CD8 Naive,0.0,pbmc5k_to_pbmc10k,totalvi,3,l2
B naive,CD8 Naive,0.0,pbmc5k_to_pbmc10k,totalvi,3,l2
CD14 Mono,CD8 Naive,0.0,pbmc5k_to_pbmc10k,totalvi,3,l2
CD16 Mono,CD8 Naive,0.0,pbmc5k_to_pbmc10k,totalvi,3,l2
CD4 CTL,CD8 Naive,0.0,pbmc5k_to_pbmc10k,totalvi,3,l2
CD4 Naive,CD8 Naive,0.0025157232704402514,pbmc5k_to_pbmc10k,totalvi,3,l2
CD4 TCM,CD8 Naive,0.0,pbmc5k_to_pbmc10k,totalvi,3,l2
CD4 TEM,CD8 Naive,0.0,pbmc5k_to_pbmc10k,totalvi,3,l2
CD8 Naive,CD8 Naive,0.8875,pbmc5k_to_pbmc10k,totalvi,3,l2
CD8 TCM,CD8 Naive,0.025974025974025976,pbmc5k_to_pbmc10k,totalvi,3,l2
CD8 TEM,CD8 Naive,0.0,pbmc5k_to_pbmc10k,totalvi,3,l2
Eryth,CD8 Naive,0.0,pbmc5k_to_pbmc10k,totalvi,3,l2
ILC,CD8 Naive,0.0,pbmc5k_to_pbmc10k,totalvi,3,l2
MAIT,CD8 Naive,0.0,pbmc5k_to_pbmc10k,totalvi,3,l2
NK,CD8 Naive,0.0,pbmc5k_to_pbmc10k,totalvi,3,l2
NK_CD56bright,CD8 Naive,0.0,pbmc5k_to_pbmc10k,totalvi,3,l2
Treg,CD8 Naive,0.004149377593360996,pbmc5k_to_pbmc10k,totalvi,3,l2
cDC2,CD8 Naive,0.0,pbmc5k_to_pbmc10k,totalvi,3,l2
gdT,CD8 Naive,0.05084745762711865,pbmc5k_to_pbmc10k,totalvi,3,l2
pDC,CD8 Naive,0.0,pbmc5k_to_pbmc10k,totalvi,3,l2
B intermediate,CD8 TCM,0.0,pbmc5k_to_pbmc10k,totalvi,3,l2
B memory,CD8 TCM,0.0,pbmc5k_to_pbmc10k,totalvi,3,l2
B naive,CD8 TCM,0.0,pbmc5k_to_pbmc10k,totalvi,3,l2
CD14 Mono,CD8 TCM,0.0,pbmc5k_to_pbmc10k,totalvi,3,l2
CD16 Mono,CD8 TCM,0.0,pbmc5k_to_pbmc10k,totalvi,3,l2
CD4 CTL,CD8 TCM,0.0,pbmc5k_to_pbmc10k,totalvi,3,l2
CD4 Naive,CD8 TCM,0.0,pbmc5k_to_pbmc10k,totalvi,3,l2
CD4 TCM,CD8 TCM,0.0017241379310344827,pbmc5k_to_pbmc10k,totalvi,3,l2
CD4 TEM,CD8 TCM,0.010676156583629894,pbmc5k_to_pbmc10k,totalvi,3,l2
CD8 Naive,CD8 TCM,0.06875,pbmc5k_to_pbmc10k,totalvi,3,l2
CD8 TCM,CD8 TCM,0.5584415584415584,pbmc5k_to_pbmc10k,totalvi,3,l2
CD8 TEM,CD8 TCM,0.056910569105691054,pbmc5k_to_pbmc10k,totalvi,3,l2
Eryth,CD8 TCM,0.0,pbmc5k_to_pbmc10k,totalvi,3,l2
ILC,CD8 TCM,0.06153846153846154,pbmc5k_to_pbmc10k,totalvi,3,l2
MAIT,CD8 TCM,0.008426966292134831,pbmc5k_to_pbmc10k,totalvi,3,l2
NK,CD8 TCM,0.0013157894736842105,pbmc5k_to_pbmc10k,totalvi,3,l2
NK_CD56bright,CD8 TCM,0.02857142857142857,pbmc5k_to_pbmc10k,totalvi,3,l2
Treg,CD8 TCM,0.012448132780082987,pbmc5k_to_pbmc10k,totalvi,3,l2
cDC2,CD8 TCM,0.0,pbmc5k_to_pbmc10k,totalvi,3,l2
gdT,CD8 TCM,0.23728813559322035,pbmc5k_to_pbmc10k,totalvi,3,l2
pDC,CD8 TCM,0.0,pbmc5k_to_pbmc10k,totalvi,3,l2
B intermediate,CD8 TEM,0.0,pbmc5k_to_pbmc10k,totalvi,3,l2
B memory,CD8 TEM,0.0,pbmc5k_to_pbmc10k,totalvi,3,l2
B naive,CD8 TEM,0.0,pbmc5k_to_pbmc10k,totalvi,3,l2
CD14 Mono,CD8 TEM,0.0,pbmc5k_to_pbmc10k,totalvi,3,l2
CD16 Mono,CD8 TEM,0.0,pbmc5k_to_pbmc10k,totalvi,3,l2
CD4 CTL,CD8 TEM,0.25,pbmc5k_to_pbmc10k,totalvi,3,l2
CD4 Naive,CD8 TEM,0.0,pbmc5k_to_pbmc10k,totalvi,3,l2
CD4 TCM,CD8 TEM,0.0,pbmc5k_to_pbmc10k,totalvi,3,l2
CD4 TEM,CD8 TEM,0.028469750889679714,pbmc5k_to_pbmc10k,totalvi,3,l2
CD8 Naive,CD8 TEM,0.0,pbmc5k_to_pbmc10k,totalvi,3,l2
CD8 TCM,CD8 TEM,0.06493506493506493,pbmc5k_to_pbmc10k,totalvi,3,l2
CD8 TEM,CD8 TEM,0.7357723577235772,pbmc5k_to_pbmc10k,totalvi,3,l2
Eryth,CD8 TEM,0.0,pbmc5k_to_pbmc10k,totalvi,3,l2
ILC,CD8 TEM,0.0,pbmc5k_to_pbmc10k,totalvi,3,l2
MAIT,CD8 TEM,0.0,pbmc5k_to_pbmc10k,totalvi,3,l2
NK,CD8 TEM,0.0,pbmc5k_to_pbmc10k,totalvi,3,l2
NK_CD56bright,CD8 TEM,0.0,pbmc5k_to_pbmc10k,totalvi,3,l2
Treg,CD8 TEM,0.0,pbmc5k_to_pbmc10k,totalvi,3,l2
cDC2,CD8 TEM,0.0,pbmc5k_to_pbmc10k,totalvi,3,l2
gdT,CD8 TEM,0.0,pbmc5k_to_pbmc10k,totalvi,3,l2
pDC,CD8 TEM,0.0,pbmc5k_to_pbmc10k,totalvi,3,l2
B intermediate,Eryth,0.0,pbmc5k_to_pbmc10k,totalvi,3,l2
B memory,Eryth,0.0,pbmc5k_to_pbmc10k,totalvi,3,l2
B naive,Eryth,0.0,pbmc5k_to_pbmc10k,totalvi,3,l2
CD14 Mono,Eryth,0.008084074373484237,pbmc5k_to_pbmc10k,totalvi,3,l2
CD16 Mono,Eryth,0.0,pbmc5k_to_pbmc10k,totalvi,3,l2
CD4 CTL,Eryth,0.0,pbmc5k_to_pbmc10k,totalvi,3,l2
CD4 Naive,Eryth,0.0,pbmc5k_to_pbmc10k,totalvi,3,l2
CD4 TCM,Eryth,0.0,pbmc5k_to_pbmc10k,totalvi,3,l2
CD4 TEM,Eryth,0.0,pbmc5k_to_pbmc10k,totalvi,3,l2
CD8 Naive,Eryth,0.0,pbmc5k_to_pbmc10k,totalvi,3,l2
CD8 TCM,Eryth,0.0,pbmc5k_to_pbmc10k,totalvi,3,l2
CD8 TEM,Eryth,0.0,pbmc5k_to_pbmc10k,totalvi,3,l2
Eryth,Eryth,0.6319444444444444,pbmc5k_to_pbmc10k,totalvi,3,l2
ILC,Eryth,0.0,pbmc5k_to_pbmc10k,totalvi,3,l2
MAIT,Eryth,0.0,pbmc5k_to_pbmc10k,totalvi,3,l2
NK,Eryth,0.0,pbmc5k_to_pbmc10k,totalvi,3,l2
NK_CD56bright,Eryth,0.0,pbmc5k_to_pbmc10k,totalvi,3,l2
Treg,Eryth,0.0,pbmc5k_to_pbmc10k,totalvi,3,l2
cDC2,Eryth,0.0,pbmc5k_to_pbmc10k,totalvi,3,l2
gdT,Eryth,0.0,pbmc5k_to_pbmc10k,totalvi,3,l2
pDC,Eryth,0.0,pbmc5k_to_pbmc10k,totalvi,3,l2
B intermediate,ILC,0.0,pbmc5k_to_pbmc10k,totalvi,3,l2
B memory,ILC,0.0,pbmc5k_to_pbmc10k,totalvi,3,l2
B naive,ILC,0.0,pbmc5k_to_pbmc10k,totalvi,3,l2
CD14 Mono,ILC,0.0,pbmc5k_to_pbmc10k,totalvi,3,l2
CD16 Mono,ILC,0.0,pbmc5k_to_pbmc10k,totalvi,3,l2
CD4 CTL,ILC,0.0,pbmc5k_to_pbmc10k,totalvi,3,l2
CD4 Naive,ILC,0.0,pbmc5k_to_pbmc10k,totalvi,3,l2
CD4 TCM,ILC,0.0034482758620689655,pbmc5k_to_pbmc10k,totalvi,3,l2
CD4 TEM,ILC,0.0,pbmc5k_to_pbmc10k,totalvi,3,l2
CD8 Naive,ILC,0.0,pbmc5k_to_pbmc10k,totalvi,3,l2
CD8 TCM,ILC,0.0,pbmc5k_to_pbmc10k,totalvi,3,l2
CD8 TEM,ILC,0.0,pbmc5k_to_pbmc10k,totalvi,3,l2
Eryth,ILC,0.0,pbmc5k_to_pbmc10k,totalvi,3,l2
ILC,ILC,0.07692307692307693,pbmc5k_to_pbmc10k,totalvi,3,l2
MAIT,ILC,0.0,pbmc5k_to_pbmc10k,totalvi,3,l2
NK,ILC,0.0,pbmc5k_to_pbmc10k,totalvi,3,l2
NK_CD56bright,ILC,0.0,pbmc5k_to_pbmc10k,totalvi,3,l2
Treg,ILC,0.0,pbmc5k_to_pbmc10k,totalvi,3,l2
cDC2,ILC,0.0,pbmc5k_to_pbmc10k,totalvi,3,l2
gdT,ILC,0.0,pbmc5k_to_pbmc10k,totalvi,3,l2
pDC,ILC,0.0,pbmc5k_to_pbmc10k,totalvi,3,l2
B intermediate,MAIT,0.0,pbmc5k_to_pbmc10k,totalvi,3,l2
B memory,MAIT,0.0,pbmc5k_to_pbmc10k,totalvi,3,l2
B naive,MAIT,0.0,pbmc5k_to_pbmc10k,totalvi,3,l2
CD14 Mono,MAIT,0.0,pbmc5k_to_pbmc10k,totalvi,3,l2
CD16 Mono,MAIT,0.0,pbmc5k_to_pbmc10k,totalvi,3,l2
CD4 CTL,MAIT,0.0,pbmc5k_to_pbmc10k,totalvi,3,l2
CD4 Naive,MAIT,0.0,pbmc5k_to_pbmc10k,totalvi,3,l2
CD4 TCM,MAIT,0.0,pbmc5k_to_pbmc10k,totalvi,3,l2
CD4 TEM,MAIT,0.0,pbmc5k_to_pbmc10k,totalvi,3,l2
CD8 Naive,MAIT,0.0,pbmc5k_to_pbmc10k,totalvi,3,l2
CD8 TCM,MAIT,0.0,pbmc5k_to_pbmc10k,totalvi,3,l2
CD8 TEM,MAIT,0.0,pbmc5k_to_pbmc10k,totalvi,3,l2
Eryth,MAIT,0.0,pbmc5k_to_pbmc10k,totalvi,3,l2
ILC,MAIT,0.0,pbmc5k_to_pbmc10k,totalvi,3,l2
MAIT,MAIT,0.21629213483146068,pbmc5k_to_pbmc10k,totalvi,3,l2
NK,MAIT,0.0,pbmc5k_to_pbmc10k,totalvi,3,l2
NK_CD56bright,MAIT,0.0,pbmc5k_to_pbmc10k,totalvi,3,l2
Treg,MAIT,0.0,pbmc5k_to_pbmc10k,totalvi,3,l2
cDC2,MAIT,0.0,pbmc5k_to_pbmc10k,totalvi,3,l2
gdT,MAIT,0.0,pbmc5k_to_pbmc10k,totalvi,3,l2
pDC,MAIT,0.0,pbmc5k_to_pbmc10k,totalvi,3,l2
B intermediate,NK,0.0,pbmc5k_to_pbmc10k,totalvi,3,l2
B memory,NK,0.0,pbmc5k_to_pbmc10k,totalvi,3,l2
B naive,NK,0.0,pbmc5k_to_pbmc10k,totalvi,3,l2
CD14 Mono,NK,0.0,pbmc5k_to_pbmc10k,totalvi,3,l2
CD16 Mono,NK,0.0,pbmc5k_to_pbmc10k,totalvi,3,l2
CD4 CTL,NK,0.0,pbmc5k_to_pbmc10k,totalvi,3,l2
CD4 Naive,NK,0.0,pbmc5k_to_pbmc10k,totalvi,3,l2
CD4 TCM,NK,0.0,pbmc5k_to_pbmc10k,totalvi,3,l2
CD4 TEM,NK,0.0,pbmc5k_to_pbmc10k,totalvi,3,l2
CD8 Naive,NK,0.0,pbmc5k_to_pbmc10k,totalvi,3,l2
CD8 TCM,NK,0.0,pbmc5k_to_pbmc10k,totalvi,3,l2
CD8 TEM,NK,0.008130081300813009,pbmc5k_to_pbmc10k,totalvi,3,l2
Eryth,NK,0.0,pbmc5k_to_pbmc10k,totalvi,3,l2
ILC,NK,0.0,pbmc5k_to_pbmc10k,totalvi,3,l2
MAIT,NK,0.0,pbmc5k_to_pbmc10k,totalvi,3,l2
NK,NK,0.9973684210526316,pbmc5k_to_pbmc10k,totalvi,3,l2
NK_CD56bright,NK,0.11428571428571428,pbmc5k_to_pbmc10k,totalvi,3,l2
Treg,NK,0.0,pbmc5k_to_pbmc10k,totalvi,3,l2
cDC2,NK,0.0,pbmc5k_to_pbmc10k,totalvi,3,l2
gdT,NK,0.0,pbmc5k_to_pbmc10k,totalvi,3,l2
pDC,NK,0.0,pbmc5k_to_pbmc10k,totalvi,3,l2
B intermediate,NK_CD56bright,0.0,pbmc5k_to_pbmc10k,totalvi,3,l2
B memory,NK_CD56bright,0.0,pbmc5k_to_pbmc10k,totalvi,3,l2
B naive,NK_CD56bright,0.0,pbmc5k_to_pbmc10k,totalvi,3,l2
CD14 Mono,NK_CD56bright,0.0,pbmc5k_to_pbmc10k,totalvi,3,l2
CD16 Mono,NK_CD56bright,0.0,pbmc5k_to_pbmc10k,totalvi,3,l2
CD4 CTL,NK_CD56bright,0.0,pbmc5k_to_pbmc10k,totalvi,3,l2
CD4 Naive,NK_CD56bright,0.0,pbmc5k_to_pbmc10k,totalvi,3,l2
CD4 TCM,NK_CD56bright,0.0,pbmc5k_to_pbmc10k,totalvi,3,l2
CD4 TEM,NK_CD56bright,0.0,pbmc5k_to_pbmc10k,totalvi,3,l2
CD8 Naive,NK_CD56bright,0.0,pbmc5k_to_pbmc10k,totalvi,3,l2
CD8 TCM,NK_CD56bright,0.0,pbmc5k_to_pbmc10k,totalvi,3,l2
CD8 TEM,NK_CD56bright,0.0,pbmc5k_to_pbmc10k,totalvi,3,l2
Eryth,NK_CD56bright,0.0,pbmc5k_to_pbmc10k,totalvi,3,l2
ILC,NK_CD56bright,0.015384615384615385,pbmc5k_to_pbmc10k,totalvi,3,l2
MAIT,NK_CD56bright,0.0,pbmc5k_to_pbmc10k,totalvi,3,l2
NK,NK_CD56bright,0.0013157894736842105,pbmc5k_to_pbmc10k,totalvi,3,l2
NK_CD56bright,NK_CD56bright,0.8,pbmc5k_to_pbmc10k,totalvi,3,l2
Treg,NK_CD56bright,0.0,pbmc5k_to_pbmc10k,totalvi,3,l2
cDC2,NK_CD56bright,0.0,pbmc5k_to_pbmc10k,totalvi,3,l2
gdT,NK_CD56bright,0.0,pbmc5k_to_pbmc10k,totalvi,3,l2
pDC,NK_CD56bright,0.0,pbmc5k_to_pbmc10k,totalvi,3,l2
B intermediate,Treg,0.0,pbmc5k_to_pbmc10k,totalvi,3,l2
B memory,Treg,0.0,pbmc5k_to_pbmc10k,totalvi,3,l2
B naive,Treg,0.0,pbmc5k_to_pbmc10k,totalvi,3,l2
CD14 Mono,Treg,0.0,pbmc5k_to_pbmc10k,totalvi,3,l2
CD16 Mono,Treg,0.009708737864077669,pbmc5k_to_pbmc10k,totalvi,3,l2
CD4 CTL,Treg,0.0,pbmc5k_to_pbmc10k,totalvi,3,l2
CD4 Naive,Treg,0.0,pbmc5k_to_pbmc10k,totalvi,3,l2
CD4 TCM,Treg,0.017241379310344827,pbmc5k_to_pbmc10k,totalvi,3,l2
CD4 TEM,Treg,0.0071174377224199285,pbmc5k_to_pbmc10k,totalvi,3,l2
CD8 Naive,Treg,0.0,pbmc5k_to_pbmc10k,totalvi,3,l2
CD8 TCM,Treg,0.0,pbmc5k_to_pbmc10k,totalvi,3,l2
CD8 TEM,Treg,0.0,pbmc5k_to_pbmc10k,totalvi,3,l2
Eryth,Treg,0.0,pbmc5k_to_pbmc10k,totalvi,3,l2
ILC,Treg,0.0,pbmc5k_to_pbmc10k,totalvi,3,l2
MAIT,Treg,0.0,pbmc5k_to_pbmc10k,totalvi,3,l2
NK,Treg,0.0,pbmc5k_to_pbmc10k,totalvi,3,l2
NK_CD56bright,Treg,0.0,pbmc5k_to_pbmc10k,totalvi,3,l2
Treg,Treg,0.11203319502074689,pbmc5k_to_pbmc10k,totalvi,3,l2
cDC2,Treg,0.0,pbmc5k_to_pbmc10k,totalvi,3,l2
gdT,Treg,0.0,pbmc5k_to_pbmc10k,totalvi,3,l2
pDC,Treg,0.0,pbmc5k_to_pbmc10k,totalvi,3,l2
B intermediate,cDC2,0.0,pbmc5k_to_pbmc10k,totalvi,3,l2
B memory,cDC2,0.0,pbmc5k_to_pbmc10k,totalvi,3,l2
B naive,cDC2,0.0,pbmc5k_to_pbmc10k,totalvi,3,l2
CD14 Mono,cDC2,0.0064672594987873885,pbmc5k_to_pbmc10k,totalvi,3,l2
CD16 Mono,cDC2,0.009708737864077669,pbmc5k_to_pbmc10k,totalvi,3,l2
CD4 CTL,cDC2,0.0,pbmc5k_to_pbmc10k,totalvi,3,l2
CD4 Naive,cDC2,0.0,pbmc5k_to_pbmc10k,totalvi,3,l2
CD4 TCM,cDC2,0.0,pbmc5k_to_pbmc10k,totalvi,3,l2
CD4 TEM,cDC2,0.0,pbmc5k_to_pbmc10k,totalvi,3,l2
CD8 Naive,cDC2,0.0,pbmc5k_to_pbmc10k,totalvi,3,l2
CD8 TCM,cDC2,0.0,pbmc5k_to_pbmc10k,totalvi,3,l2
CD8 TEM,cDC2,0.0,pbmc5k_to_pbmc10k,totalvi,3,l2
Eryth,cDC2,0.0,pbmc5k_to_pbmc10k,totalvi,3,l2
ILC,cDC2,0.0,pbmc5k_to_pbmc10k,totalvi,3,l2
MAIT,cDC2,0.0,pbmc5k_to_pbmc10k,totalvi,3,l2
NK,cDC2,0.0,pbmc5k_to_pbmc10k,totalvi,3,l2
NK_CD56bright,cDC2,0.0,pbmc5k_to_pbmc10k,totalvi,3,l2
Treg,cDC2,0.0,pbmc5k_to_pbmc10k,totalvi,3,l2
cDC2,cDC2,0.8814814814814815,pbmc5k_to_pbmc10k,totalvi,3,l2
gdT,cDC2,0.0,pbmc5k_to_pbmc10k,totalvi,3,l2
pDC,cDC2,0.0,pbmc5k_to_pbmc10k,totalvi,3,l2
B intermediate,gdT,0.0,pbmc5k_to_pbmc10k,totalvi,3,l2
B memory,gdT,0.0,pbmc5k_to_pbmc10k,totalvi,3,l2
B naive,gdT,0.0,pbmc5k_to_pbmc10k,totalvi,3,l2
CD14 Mono,gdT,0.0,pbmc5k_to_pbmc10k,totalvi,3,l2
CD16 Mono,gdT,0.0,pbmc5k_to_pbmc10k,totalvi,3,l2
CD4 CTL,gdT,0.5416666666666666,pbmc5k_to_pbmc10k,totalvi,3,l2
CD4 Naive,gdT,0.0,pbmc5k_to_pbmc10k,totalvi,3,l2
CD4 TCM,gdT,0.0,pbmc5k_to_pbmc10k,totalvi,3,l2
CD4 TEM,gdT,0.0071174377224199285,pbmc5k_to_pbmc10k,totalvi,3,l2
CD8 Naive,gdT,0.0,pbmc5k_to_pbmc10k,totalvi,3,l2
CD8 TCM,gdT,0.06493506493506493,pbmc5k_to_pbmc10k,totalvi,3,l2
CD8 TEM,gdT,0.1951219512195122,pbmc5k_to_pbmc10k,totalvi,3,l2
Eryth,gdT,0.0,pbmc5k_to_pbmc10k,totalvi,3,l2
ILC,gdT,0.07692307692307693,pbmc5k_to_pbmc10k,totalvi,3,l2
MAIT,gdT,0.7219101123595506,pbmc5k_to_pbmc10k,totalvi,3,l2
NK,gdT,0.0,pbmc5k_to_pbmc10k,totalvi,3,l2
NK_CD56bright,gdT,0.05714285714285714,pbmc5k_to_pbmc10k,totalvi,3,l2
Treg,gdT,0.0,pbmc5k_to_pbmc10k,totalvi,3,l2
cDC2,gdT,0.0,pbmc5k_to_pbmc10k,totalvi,3,l2
gdT,gdT,0.711864406779661,pbmc5k_to_pbmc10k,totalvi,3,l2
pDC,gdT,0.0,pbmc5k_to_pbmc10k,totalvi,3,l2
B intermediate,pDC,0.0,pbmc5k_to_pbmc10k,totalvi,3,l2
B memory,pDC,0.0,pbmc5k_to_pbmc10k,totalvi,3,l2
B naive,pDC,0.0,pbmc5k_to_pbmc10k,totalvi,3,l2
CD14 Mono,pDC,0.0,pbmc5k_to_pbmc10k,totalvi,3,l2
CD16 Mono,pDC,0.0,pbmc5k_to_pbmc10k,totalvi,3,l2
CD4 CTL,pDC,0.0,pbmc5k_to_pbmc10k,totalvi,3,l2
CD4 Naive,pDC,0.0,pbmc5k_to_pbmc10k,totalvi,3,l2
CD4 TCM,pDC,0.0,pbmc5k_to_pbmc10k,totalvi,3,l2
CD4 TEM,pDC,0.0,pbmc5k_to_pbmc10k,totalvi,3,l2
CD8 Naive,pDC,0.0,pbmc5k_to_pbmc10k,totalvi,3,l2
CD8 TCM,pDC,0.0,pbmc5k_to_pbmc10k,totalvi,3,l2
CD8 TEM,pDC,0.0,pbmc5k_to_pbmc10k,totalvi,3,l2
Eryth,pDC,0.0,pbmc5k_to_pbmc10k,totalvi,3,l2
ILC,pDC,0.0,pbmc5k_to_pbmc10k,totalvi,3,l2
MAIT,pDC,0.0,pbmc5k_to_pbmc10k,totalvi,3,l2
NK,pDC,0.0,pbmc5k_to_pbmc10k,totalvi,3,l2
NK_CD56bright,pDC,0.0,pbmc5k_to_pbmc10k,totalvi,3,l2
Treg,pDC,0.0,pbmc5k_to_pbmc10k,totalvi,3,l2
cDC2,pDC,0.0,pbmc5k_to_pbmc10k,totalvi,3,l2
gdT,pDC,0.0,pbmc5k_to_pbmc10k,totalvi,3,l2
pDC,pDC,1.0,pbmc5k_to_pbmc10k,totalvi,3,l2
B,B,0.9878296146044625,pbmc5k_to_pbmc10k,scvi_matched,3,l1
CD4 T,B,0.0,pbmc5k_to_pbmc10k,scvi_matched,3,l1
CD8 T,B,0.0,pbmc5k_to_pbmc10k,scvi_matched,3,l1
DC,B,0.006060606060606061,pbmc5k_to_pbmc10k,scvi_matched,3,l1
Mono,B,0.0,pbmc5k_to_pbmc10k,scvi_matched,3,l1
NK,B,0.0,pbmc5k_to_pbmc10k,scvi_matched,3,l1
other,B,0.0136986301369863,pbmc5k_to_pbmc10k,scvi_matched,3,l1
other T,B,0.0,pbmc5k_to_pbmc10k,scvi_matched,3,l1
B,CD4 T,0.0,pbmc5k_to_pbmc10k,scvi_matched,3,l1
CD4 T,CD4 T,0.9766718506998445,pbmc5k_to_pbmc10k,scvi_matched,3,l1
CD8 T,CD4 T,0.5650842266462481,pbmc5k_to_pbmc10k,scvi_matched,3,l1
DC,CD4 T,0.0,pbmc5k_to_pbmc10k,scvi_matched,3,l1
Mono,CD4 T,0.0,pbmc5k_to_pbmc10k,scvi_matched,3,l1
NK,CD4 T,0.0,pbmc5k_to_pbmc10k,scvi_matched,3,l1
other,CD4 T,0.273972602739726,pbmc5k_to_pbmc10k,scvi_matched,3,l1
other T,CD4 T,0.34012219959266804,pbmc5k_to_pbmc10k,scvi_matched,3,l1
B,CD8 T,0.0,pbmc5k_to_pbmc10k,scvi_matched,3,l1
CD4 T,CD8 T,0.02280974598237429,pbmc5k_to_pbmc10k,scvi_matched,3,l1
CD8 T,CD8 T,0.4119448698315467,pbmc5k_to_pbmc10k,scvi_matched,3,l1
DC,CD8 T,0.0,pbmc5k_to_pbmc10k,scvi_matched,3,l1
Mono,CD8 T,0.0,pbmc5k_to_pbmc10k,scvi_matched,3,l1
NK,CD8 T,0.0024630541871921183,pbmc5k_to_pbmc10k,scvi_matched,3,l1
other,CD8 T,0.0136986301369863,pbmc5k_to_pbmc10k,scvi_matched,3,l1
other T,CD8 T,0.48879837067209775,pbmc5k_to_pbmc10k,scvi_matched,3,l1
B,DC,0.012170385395537525,pbmc5k_to_pbmc10k,scvi_matched,3,l1
CD4 T,DC,0.0,pbmc5k_to_pbmc10k,scvi_matched,3,l1
CD8 T,DC,0.0,pbmc5k_to_pbmc10k,scvi_matched,3,l1
DC,DC,0.7515151515151515,pbmc5k_to_pbmc10k,scvi_matched,3,l1
Mono,DC,0.0,pbmc5k_to_pbmc10k,scvi_matched,3,l1
NK,DC,0.0,pbmc5k_to_pbmc10k,scvi_matched,3,l1
other,DC,0.0,pbmc5k_to_pbmc10k,scvi_matched,3,l1
other T,DC,0.0,pbmc5k_to_pbmc10k,scvi_matched,3,l1
B,Mono,0.0,pbmc5k_to_pbmc10k,scvi_matched,3,l1
CD4 T,Mono,0.0,pbmc5k_to_pbmc10k,scvi_matched,3,l1
CD8 T,Mono,0.0,pbmc5k_to_pbmc10k,scvi_matched,3,l1
DC,Mono,0.23030303030303031,pbmc5k_to_pbmc10k,scvi_matched,3,l1
Mono,Mono,0.9888059701492538,pbmc5k_to_pbmc10k,scvi_matched,3,l1
NK,Mono,0.0,pbmc5k_to_pbmc10k,scvi_matched,3,l1
other,Mono,0.2191780821917808,pbmc5k_to_pbmc10k,scvi_matched,3,l1
other T,Mono,0.0,pbmc5k_to_pbmc10k,scvi_matched,3,l1
B,NK,0.0,pbmc5k_to_pbmc10k,scvi_matched,3,l1
CD4 T,NK,0.0005184033177812338,pbmc5k_to_pbmc10k,scvi_matched,3,l1
CD8 T,NK,0.022970903522205207,pbmc5k_to_pbmc10k,scvi_matched,3,l1
DC,NK,0.012121212121212121,pbmc5k_to_pbmc10k,scvi_matched,3,l1
Mono,NK,0.0,pbmc5k_to_pbmc10k,scvi_matched,3,l1
NK,NK,0.9938423645320197,pbmc5k_to_pbmc10k,scvi_matched,3,l1
other,NK,0.0228310502283105,pbmc5k_to_pbmc10k,scvi_matched,3,l1
other T,NK,0.008146639511201629,pbmc5k_to_pbmc10k,scvi_matched,3,l1
B,other,0.0,pbmc5k_to_pbmc10k,scvi_matched,3,l1
CD4 T,other,0.0,pbmc5k_to_pbmc10k,scvi_matched,3,l1
CD8 T,other,0.0,pbmc5k_to_pbmc10k,scvi_matched,3,l1
DC,other,0.0,pbmc5k_to_pbmc10k,scvi_matched,3,l1
Mono,other,0.011194029850746268,pbmc5k_to_pbmc10k,scvi_matched,3,l1
NK,other,0.0,pbmc5k_to_pbmc10k,scvi_matched,3,l1
other,other,0.4429223744292237,pbmc5k_to_pbmc10k,scvi_matched,3,l1
other T,other,0.0,pbmc5k_to_pbmc10k,scvi_matched,3,l1
B,other T,0.0,pbmc5k_to_pbmc10k,scvi_matched,3,l1
CD4 T,other T,0.0,pbmc5k_to_pbmc10k,scvi_matched,3,l1
CD8 T,other T,0.0,pbmc5k_to_pbmc10k,scvi_matched,3,l1
DC,other T,0.0,pbmc5k_to_pbmc10k,scvi_matched,3,l1
Mono,other T,0.0,pbmc5k_to_pbmc10k,scvi_matched,3,l1
NK,other T,0.003694581280788177,pbmc5k_to_pbmc10k,scvi_matched,3,l1
other,other T,0.0136986301369863,pbmc5k_to_pbmc10k,scvi_matched,3,l1
other T,other T,0.1629327902240326,pbmc5k_to_pbmc10k,scvi_matched,3,l1
B,B,0.9959432048681541,pbmc5k_to_pbmc10k,totalvi,3,l1
CD4 T,B,0.0,pbmc5k_to_pbmc10k,totalvi,3,l1
CD8 T,B,0.0,pbmc5k_to_pbmc10k,totalvi,3,l1
DC,B,0.0,pbmc5k_to_pbmc10k,totalvi,3,l1
Mono,B,0.0,pbmc5k_to_pbmc10k,totalvi,3,l1
NK,B,0.0,pbmc5k_to_pbmc10k,totalvi,3,l1
other,B,0.0182648401826484,pbmc5k_to_pbmc10k,totalvi,3,l1
other T,B,0.0,pbmc5k_to_pbmc10k,totalvi,3,l1
B,CD4 T,0.0,pbmc5k_to_pbmc10k,totalvi,3,l1
CD4 T,CD4 T,0.9725246241575947,pbmc5k_to_pbmc10k,totalvi,3,l1
CD8 T,CD4 T,0.05666156202143951,pbmc5k_to_pbmc10k,totalvi,3,l1
DC,CD4 T,0.0,pbmc5k_to_pbmc10k,totalvi,3,l1
Mono,CD4 T,0.0,pbmc5k_to_pbmc10k,totalvi,3,l1
NK,CD4 T,0.0,pbmc5k_to_pbmc10k,totalvi,3,l1
other,CD4 T,0.228310502283105,pbmc5k_to_pbmc10k,totalvi,3,l1
other T,CD4 T,0.09979633401221996,pbmc5k_to_pbmc10k,totalvi,3,l1
B,CD8 T,0.0,pbmc5k_to_pbmc10k,totalvi,3,l1
CD4 T,CD8 T,0.017107309486780714,pbmc5k_to_pbmc10k,totalvi,3,l1
CD8 T,CD8 T,0.8805513016845329,pbmc5k_to_pbmc10k,totalvi,3,l1
DC,CD8 T,0.0,pbmc5k_to_pbmc10k,totalvi,3,l1
Mono,CD8 T,0.0,pbmc5k_to_pbmc10k,totalvi,3,l1
NK,CD8 T,0.0024630541871921183,pbmc5k_to_pbmc10k,totalvi,3,l1
other,CD8 T,0.0,pbmc5k_to_pbmc10k,totalvi,3,l1
other T,CD8 T,0.10183299389002037,pbmc5k_to_pbmc10k,totalvi,3,l1
B,DC,0.0,pbmc5k_to_pbmc10k,totalvi,3,l1
CD4 T,DC,0.0005184033177812338,pbmc5k_to_pbmc10k,totalvi,3,l1
CD8 T,DC,0.0,pbmc5k_to_pbmc10k,totalvi,3,l1
DC,DC,0.8727272727272727,pbmc5k_to_pbmc10k,totalvi,3,l1
Mono,DC,0.004477611940298508,pbmc5k_to_pbmc10k,totalvi,3,l1
NK,DC,0.0,pbmc5k_to_pbmc10k,totalvi,3,l1
other,DC,0.0,pbmc5k_to_pbmc10k,totalvi,3,l1
other T,DC,0.0,pbmc5k_to_pbmc10k,totalvi,3,l1
B,Mono,0.0,pbmc5k_to_pbmc10k,totalvi,3,l1
CD4 T,Mono,0.0,pbmc5k_to_pbmc10k,totalvi,3,l1
CD8 T,Mono,0.0,pbmc5k_to_pbmc10k,totalvi,3,l1
DC,Mono,0.11515151515151516,pbmc5k_to_pbmc10k,totalvi,3,l1
Mono,Mono,0.9798507462686568,pbmc5k_to_pbmc10k,totalvi,3,l1
NK,Mono,0.0,pbmc5k_to_pbmc10k,totalvi,3,l1
other,Mono,0.1963470319634703,pbmc5k_to_pbmc10k,totalvi,3,l1
other T,Mono,0.0,pbmc5k_to_pbmc10k,totalvi,3,l1
B,NK,0.004056795131845842,pbmc5k_to_pbmc10k,totalvi,3,l1
CD4 T,NK,0.0,pbmc5k_to_pbmc10k,totalvi,3,l1
CD8 T,NK,0.013782542113323124,pbmc5k_to_pbmc10k,totalvi,3,l1
DC,NK,0.012121212121212121,pbmc5k_to_pbmc10k,totalvi,3,l1
Mono,NK,0.0,pbmc5k_to_pbmc10k,totalvi,3,l1
NK,NK,0.9913793103448276,pbmc5k_to_pbmc10k,totalvi,3,l1
other,NK,0.0091324200913242,pbmc5k_to_pbmc10k,totalvi,3,l1
other T,NK,0.004073319755600814,pbmc5k_to_pbmc10k,totalvi,3,l1
B,other,0.0,pbmc5k_to_pbmc10k,totalvi,3,l1
CD4 T,other,0.0005184033177812338,pbmc5k_to_pbmc10k,totalvi,3,l1
CD8 T,other,0.0,pbmc5k_to_pbmc10k,totalvi,3,l1
DC,other,0.0,pbmc5k_to_pbmc10k,totalvi,3,l1
Mono,other,0.015671641791044775,pbmc5k_to_pbmc10k,totalvi,3,l1
NK,other,0.0,pbmc5k_to_pbmc10k,totalvi,3,l1
other,other,0.5068493150684932,pbmc5k_to_pbmc10k,totalvi,3,l1
other T,other,0.002036659877800407,pbmc5k_to_pbmc10k,totalvi,3,l1
B,other T,0.0,pbmc5k_to_pbmc10k,totalvi,3,l1
CD4 T,other T,0.00933125972006221,pbmc5k_to_pbmc10k,totalvi,3,l1
CD8 T,other T,0.04900459418070444,pbmc5k_to_pbmc10k,totalvi,3,l1
DC,other T,0.0,pbmc5k_to_pbmc10k,totalvi,3,l1
Mono,other T,0.0,pbmc5k_to_pbmc10k,totalvi,3,l1
NK,other T,0.006157635467980296,pbmc5k_to_pbmc10k,totalvi,3,l1
other,other T,0.0410958904109589,pbmc5k_to_pbmc10k,totalvi,3,l1
other T,other T,0.7922606924643585,pbmc5k_to_pbmc10k,totalvi,3,l1
B intermediate,B intermediate,0.45588235294117646,pbmc5k_to_pbmc10k,scvi_matched,4,l2
B memory,B intermediate,0.43434343434343436,pbmc5k_to_pbmc10k,scvi_matched,4,l2
B naive,B intermediate,0.009523809523809525,pbmc5k_to_pbmc10k,scvi_matched,4,l2
CD14 Mono,B intermediate,0.0,pbmc5k_to_pbmc10k,scvi_matched,4,l2
CD16 Mono,B intermediate,0.0,pbmc5k_to_pbmc10k,scvi_matched,4,l2
CD4 CTL,B intermediate,0.0,pbmc5k_to_pbmc10k,scvi_matched,4,l2
CD4 Naive,B intermediate,0.0,pbmc5k_to_pbmc10k,scvi_matched,4,l2
CD4 TCM,B intermediate,0.0,pbmc5k_to_pbmc10k,scvi_matched,4,l2
CD4 TEM,B intermediate,0.0,pbmc5k_to_pbmc10k,scvi_matched,4,l2
CD8 Naive,B intermediate,0.0,pbmc5k_to_pbmc10k,scvi_matched,4,l2
CD8 TCM,B intermediate,0.0,pbmc5k_to_pbmc10k,scvi_matched,4,l2
CD8 TEM,B intermediate,0.0,pbmc5k_to_pbmc10k,scvi_matched,4,l2
Eryth,B intermediate,0.0,pbmc5k_to_pbmc10k,scvi_matched,4,l2
ILC,B intermediate,0.0,pbmc5k_to_pbmc10k,scvi_matched,4,l2
MAIT,B intermediate,0.0,pbmc5k_to_pbmc10k,scvi_matched,4,l2
NK,B intermediate,0.0,pbmc5k_to_pbmc10k,scvi_matched,4,l2
NK_CD56bright,B intermediate,0.0,pbmc5k_to_pbmc10k,scvi_matched,4,l2
Treg,B intermediate,0.0,pbmc5k_to_pbmc10k,scvi_matched,4,l2
cDC2,B intermediate,0.0,pbmc5k_to_pbmc10k,scvi_matched,4,l2
gdT,B intermediate,0.0,pbmc5k_to_pbmc10k,scvi_matched,4,l2
pDC,B intermediate,0.0,pbmc5k_to_pbmc10k,scvi_matched,4,l2
B intermediate,B memory,0.17647058823529413,pbmc5k_to_pbmc10k,scvi_matched,4,l2
B memory,B memory,0.45454545454545453,pbmc5k_to_pbmc10k,scvi_matched,4,l2
B naive,B memory,0.0,pbmc5k_to_pbmc10k,scvi_matched,4,l2
CD14 Mono,B memory,0.0,pbmc5k_to_pbmc10k,scvi_matched,4,l2
CD16 Mono,B memory,0.0,pbmc5k_to_pbmc10k,scvi_matched,4,l2
CD4 CTL,B memory,0.0,pbmc5k_to_pbmc10k,scvi_matched,4,l2
CD4 Naive,B memory,0.0,pbmc5k_to_pbmc10k,scvi_matched,4,l2
CD4 TCM,B memory,0.0,pbmc5k_to_pbmc10k,scvi_matched,4,l2
CD4 TEM,B memory,0.0,pbmc5k_to_pbmc10k,scvi_matched,4,l2
CD8 Naive,B memory,0.0,pbmc5k_to_pbmc10k,scvi_matched,4,l2
CD8 TCM,B memory,0.0,pbmc5k_to_pbmc10k,scvi_matched,4,l2
CD8 TEM,B memory,0.0,pbmc5k_to_pbmc10k,scvi_matched,4,l2
Eryth,B memory,0.0,pbmc5k_to_pbmc10k,scvi_matched,4,l2
ILC,B memory,0.0,pbmc5k_to_pbmc10k,scvi_matched,4,l2
MAIT,B memory,0.0,pbmc5k_to_pbmc10k,scvi_matched,4,l2
NK,B memory,0.0,pbmc5k_to_pbmc10k,scvi_matched,4,l2
NK_CD56bright,B memory,0.0,pbmc5k_to_pbmc10k,scvi_matched,4,l2
Treg,B memory,0.0,pbmc5k_to_pbmc10k,scvi_matched,4,l2
cDC2,B memory,0.0,pbmc5k_to_pbmc10k,scvi_matched,4,l2
gdT,B memory,0.0,pbmc5k_to_pbmc10k,scvi_matched,4,l2
pDC,B memory,0.0,pbmc5k_to_pbmc10k,scvi_matched,4,l2
B intermediate,B naive,0.35294117647058826,pbmc5k_to_pbmc10k,scvi_matched,4,l2
B memory,B naive,0.10101010101010101,pbmc5k_to_pbmc10k,scvi_matched,4,l2
B naive,B naive,0.9873015873015873,pbmc5k_to_pbmc10k,scvi_matched,4,l2
CD14 Mono,B naive,0.0,pbmc5k_to_pbmc10k,scvi_matched,4,l2
CD16 Mono,B naive,0.0,pbmc5k_to_pbmc10k,scvi_matched,4,l2
CD4 CTL,B naive,0.0,pbmc5k_to_pbmc10k,scvi_matched,4,l2
CD4 Naive,B naive,0.0,pbmc5k_to_pbmc10k,scvi_matched,4,l2
CD4 TCM,B naive,0.0,pbmc5k_to_pbmc10k,scvi_matched,4,l2
CD4 TEM,B naive,0.0,pbmc5k_to_pbmc10k,scvi_matched,4,l2
CD8 Naive,B naive,0.0,pbmc5k_to_pbmc10k,scvi_matched,4,l2
CD8 TCM,B naive,0.0,pbmc5k_to_pbmc10k,scvi_matched,4,l2
CD8 TEM,B naive,0.0,pbmc5k_to_pbmc10k,scvi_matched,4,l2
Eryth,B naive,0.0,pbmc5k_to_pbmc10k,scvi_matched,4,l2
ILC,B naive,0.0,pbmc5k_to_pbmc10k,scvi_matched,4,l2
MAIT,B naive,0.0,pbmc5k_to_pbmc10k,scvi_matched,4,l2
NK,B naive,0.0,pbmc5k_to_pbmc10k,scvi_matched,4,l2
NK_CD56bright,B naive,0.0,pbmc5k_to_pbmc10k,scvi_matched,4,l2
Treg,B naive,0.0,pbmc5k_to_pbmc10k,scvi_matched,4,l2
cDC2,B naive,0.0,pbmc5k_to_pbmc10k,scvi_matched,4,l2
gdT,B naive,0.0,pbmc5k_to_pbmc10k,scvi_matched,4,l2
pDC,B naive,0.0,pbmc5k_to_pbmc10k,scvi_matched,4,l2
B intermediate,CD14 Mono,0.0,pbmc5k_to_pbmc10k,scvi_matched,4,l2
B memory,CD14 Mono,0.0,pbmc5k_to_pbmc10k,scvi_matched,4,l2
B naive,CD14 Mono,0.0,pbmc5k_to_pbmc10k,scvi_matched,4,l2
CD14 Mono,CD14 Mono,0.9830234438156831,pbmc5k_to_pbmc10k,scvi_matched,4,l2
CD16 Mono,CD14 Mono,0.02912621359223301,pbmc5k_to_pbmc10k,scvi_matched,4,l2
CD4 CTL,CD14 Mono,0.0,pbmc5k_to_pbmc10k,scvi_matched,4,l2
CD4 Naive,CD14 Mono,0.0,pbmc5k_to_pbmc10k,scvi_matched,4,l2
CD4 TCM,CD14 Mono,0.0,pbmc5k_to_pbmc10k,scvi_matched,4,l2
CD4 TEM,CD14 Mono,0.0,pbmc5k_to_pbmc10k,scvi_matched,4,l2
CD8 Naive,CD14 Mono,0.0,pbmc5k_to_pbmc10k,scvi_matched,4,l2
CD8 TCM,CD14 Mono,0.0,pbmc5k_to_pbmc10k,scvi_matched,4,l2
CD8 TEM,CD14 Mono,0.0,pbmc5k_to_pbmc10k,scvi_matched,4,l2
Eryth,CD14 Mono,0.2916666666666667,pbmc5k_to_pbmc10k,scvi_matched,4,l2
ILC,CD14 Mono,0.015384615384615385,pbmc5k_to_pbmc10k,scvi_matched,4,l2
MAIT,CD14 Mono,0.0,pbmc5k_to_pbmc10k,scvi_matched,4,l2
NK,CD14 Mono,0.0,pbmc5k_to_pbmc10k,scvi_matched,4,l2
NK_CD56bright,CD14 Mono,0.0,pbmc5k_to_pbmc10k,scvi_matched,4,l2
Treg,CD14 Mono,0.0,pbmc5k_to_pbmc10k,scvi_matched,4,l2
cDC2,CD14 Mono,0.37037037037037035,pbmc5k_to_pbmc10k,scvi_matched,4,l2
gdT,CD14 Mono,0.0,pbmc5k_to_pbmc10k,scvi_matched,4,l2
pDC,CD14 Mono,0.0,pbmc5k_to_pbmc10k,scvi_matched,4,l2
B intermediate,CD16 Mono,0.0,pbmc5k_to_pbmc10k,scvi_matched,4,l2
B memory,CD16 Mono,0.0,pbmc5k_to_pbmc10k,scvi_matched,4,l2
B naive,CD16 Mono,0.0,pbmc5k_to_pbmc10k,scvi_matched,4,l2
CD14 Mono,CD16 Mono,0.0008084074373484236,pbmc5k_to_pbmc10k,scvi_matched,4,l2
CD16 Mono,CD16 Mono,0.970873786407767,pbmc5k_to_pbmc10k,scvi_matched,4,l2
CD4 CTL,CD16 Mono,0.0,pbmc5k_to_pbmc10k,scvi_matched,4,l2
CD4 Naive,CD16 Mono,0.0,pbmc5k_to_pbmc10k,scvi_matched,4,l2
CD4 TCM,CD16 Mono,0.0,pbmc5k_to_pbmc10k,scvi_matched,4,l2
CD4 TEM,CD16 Mono,0.0,pbmc5k_to_pbmc10k,scvi_matched,4,l2
CD8 Naive,CD16 Mono,0.0,pbmc5k_to_pbmc10k,scvi_matched,4,l2
CD8 TCM,CD16 Mono,0.0,pbmc5k_to_pbmc10k,scvi_matched,4,l2
CD8 TEM,CD16 Mono,0.0,pbmc5k_to_pbmc10k,scvi_matched,4,l2
Eryth,CD16 Mono,0.0,pbmc5k_to_pbmc10k,scvi_matched,4,l2
ILC,CD16 Mono,0.0,pbmc5k_to_pbmc10k,scvi_matched,4,l2
MAIT,CD16 Mono,0.0,pbmc5k_to_pbmc10k,scvi_matched,4,l2
NK,CD16 Mono,0.0,pbmc5k_to_pbmc10k,scvi_matched,4,l2
NK_CD56bright,CD16 Mono,0.0,pbmc5k_to_pbmc10k,scvi_matched,4,l2
Treg,CD16 Mono,0.0,pbmc5k_to_pbmc10k,scvi_matched,4,l2
cDC2,CD16 Mono,0.007407407407407408,pbmc5k_to_pbmc10k,scvi_matched,4,l2
gdT,CD16 Mono,0.0,pbmc5k_to_pbmc10k,scvi_matched,4,l2
pDC,CD16 Mono,0.0,pbmc5k_to_pbmc10k,scvi_matched,4,l2
B intermediate,CD4 CTL,0.0,pbmc5k_to_pbmc10k,scvi_matched,4,l2
B memory,CD4 CTL,0.0,pbmc5k_to_pbmc10k,scvi_matched,4,l2
B naive,CD4 CTL,0.0,pbmc5k_to_pbmc10k,scvi_matched,4,l2
CD14 Mono,CD4 CTL,0.0,pbmc5k_to_pbmc10k,scvi_matched,4,l2
CD16 Mono,CD4 CTL,0.0,pbmc5k_to_pbmc10k,scvi_matched,4,l2
CD4 CTL,CD4 CTL,0.4583333333333333,pbmc5k_to_pbmc10k,scvi_matched,4,l2
CD4 Naive,CD4 CTL,0.0,pbmc5k_to_pbmc10k,scvi_matched,4,l2
CD4 TCM,CD4 CTL,0.0,pbmc5k_to_pbmc10k,scvi_matched,4,l2
CD4 TEM,CD4 CTL,0.0071174377224199285,pbmc5k_to_pbmc10k,scvi_matched,4,l2
CD8 Naive,CD4 CTL,0.0,pbmc5k_to_pbmc10k,scvi_matched,4,l2
CD8 TCM,CD4 CTL,0.012987012987012988,pbmc5k_to_pbmc10k,scvi_matched,4,l2
CD8 TEM,CD4 CTL,0.0040650406504065045,pbmc5k_to_pbmc10k,scvi_matched,4,l2
Eryth,CD4 CTL,0.0,pbmc5k_to_pbmc10k,scvi_matched,4,l2
ILC,CD4 CTL,0.0,pbmc5k_to_pbmc10k,scvi_matched,4,l2
MAIT,CD4 CTL,0.0028089887640449437,pbmc5k_to_pbmc10k,scvi_matched,4,l2
NK,CD4 CTL,0.0,pbmc5k_to_pbmc10k,scvi_matched,4,l2
NK_CD56bright,CD4 CTL,0.0,pbmc5k_to_pbmc10k,scvi_matched,4,l2
Treg,CD4 CTL,0.0,pbmc5k_to_pbmc10k,scvi_matched,4,l2
cDC2,CD4 CTL,0.0,pbmc5k_to_pbmc10k,scvi_matched,4,l2
gdT,CD4 CTL,0.0,pbmc5k_to_pbmc10k,scvi_matched,4,l2
pDC,CD4 CTL,0.0,pbmc5k_to_pbmc10k,scvi_matched,4,l2
B intermediate,CD4 Naive,0.0,pbmc5k_to_pbmc10k,scvi_matched,4,l2
B memory,CD4 Naive,0.0,pbmc5k_to_pbmc10k,scvi_matched,4,l2
B naive,CD4 Naive,0.0,pbmc5k_to_pbmc10k,scvi_matched,4,l2
CD14 Mono,CD4 Naive,0.0,pbmc5k_to_pbmc10k,scvi_matched,4,l2
CD16 Mono,CD4 Naive,0.0,pbmc5k_to_pbmc10k,scvi_matched,4,l2
CD4 CTL,CD4 Naive,0.0,pbmc5k_to_pbmc10k,scvi_matched,4,l2
CD4 Naive,CD4 Naive,0.9660377358490566,pbmc5k_to_pbmc10k,scvi_matched,4,l2
CD4 TCM,CD4 Naive,0.09655172413793103,pbmc5k_to_pbmc10k,scvi_matched,4,l2
CD4 TEM,CD4 Naive,0.0,pbmc5k_to_pbmc10k,scvi_matched,4,l2
CD8 Naive,CD4 Naive,0.88125,pbmc5k_to_pbmc10k,scvi_matched,4,l2
CD8 TCM,CD4 Naive,0.16883116883116883,pbmc5k_to_pbmc10k,scvi_matched,4,l2
CD8 TEM,CD4 Naive,0.0,pbmc5k_to_pbmc10k,scvi_matched,4,l2
Eryth,CD4 Naive,0.0,pbmc5k_to_pbmc10k,scvi_matched,4,l2
ILC,CD4 Naive,0.0,pbmc5k_to_pbmc10k,scvi_matched,4,l2
MAIT,CD4 Naive,0.0,pbmc5k_to_pbmc10k,scvi_matched,4,l2
NK,CD4 Naive,0.0,pbmc5k_to_pbmc10k,scvi_matched,4,l2
NK_CD56bright,CD4 Naive,0.0,pbmc5k_to_pbmc10k,scvi_matched,4,l2
Treg,CD4 Naive,0.3153526970954357,pbmc5k_to_pbmc10k,scvi_matched,4,l2
cDC2,CD4 Naive,0.0,pbmc5k_to_pbmc10k,scvi_matched,4,l2
gdT,CD4 Naive,0.11864406779661017,pbmc5k_to_pbmc10k,scvi_matched,4,l2
pDC,CD4 Naive,0.0,pbmc5k_to_pbmc10k,scvi_matched,4,l2
B intermediate,CD4 TCM,0.0,pbmc5k_to_pbmc10k,scvi_matched,4,l2
B memory,CD4 TCM,0.0,pbmc5k_to_pbmc10k,scvi_matched,4,l2
B naive,CD4 TCM,0.0,pbmc5k_to_pbmc10k,scvi_matched,4,l2
CD14 Mono,CD4 TCM,0.0,pbmc5k_to_pbmc10k,scvi_matched,4,l2
CD16 Mono,CD4 TCM,0.0,pbmc5k_to_pbmc10k,scvi_matched,4,l2
CD4 CTL,CD4 TCM,0.0,pbmc5k_to_pbmc10k,scvi_matched,4,l2
CD4 Naive,CD4 TCM,0.007547169811320755,pbmc5k_to_pbmc10k,scvi_matched,4,l2
CD4 TCM,CD4 TCM,0.6431034482758621,pbmc5k_to_pbmc10k,scvi_matched,4,l2
CD4 TEM,CD4 TCM,0.12099644128113879,pbmc5k_to_pbmc10k,scvi_matched,4,l2
CD8 Naive,CD4 TCM,0.0,pbmc5k_to_pbmc10k,scvi_matched,4,l2
CD8 TCM,CD4 TCM,0.19480519480519481,pbmc5k_to_pbmc10k,scvi_matched,4,l2
CD8 TEM,CD4 TCM,0.0,pbmc5k_to_pbmc10k,scvi_matched,4,l2
Eryth,CD4 TCM,0.0,pbmc5k_to_pbmc10k,scvi_matched,4,l2
ILC,CD4 TCM,0.35384615384615387,pbmc5k_to_pbmc10k,scvi_matched,4,l2
MAIT,CD4 TCM,0.0,pbmc5k_to_pbmc10k,scvi_matched,4,l2
NK,CD4 TCM,0.0,pbmc5k_to_pbmc10k,scvi_matched,4,l2
NK_CD56bright,CD4 TCM,0.0,pbmc5k_to_pbmc10k,scvi_matched,4,l2
Treg,CD4 TCM,0.08713692946058091,pbmc5k_to_pbmc10k,scvi_matched,4,l2
cDC2,CD4 TCM,0.0,pbmc5k_to_pbmc10k,scvi_matched,4,l2
gdT,CD4 TCM,0.01694915254237288,pbmc5k_to_pbmc10k,scvi_matched,4,l2
pDC,CD4 TCM,0.0,pbmc5k_to_pbmc10k,scvi_matched,4,l2
B intermediate,CD4 TEM,0.0,pbmc5k_to_pbmc10k,scvi_matched,4,l2
B memory,CD4 TEM,0.0,pbmc5k_to_pbmc10k,scvi_matched,4,l2
B naive,CD4 TEM,0.0,pbmc5k_to_pbmc10k,scvi_matched,4,l2
CD14 Mono,CD4 TEM,0.0,pbmc5k_to_pbmc10k,scvi_matched,4,l2
CD16 Mono,CD4 TEM,0.0,pbmc5k_to_pbmc10k,scvi_matched,4,l2
CD4 CTL,CD4 TEM,0.125,pbmc5k_to_pbmc10k,scvi_matched,4,l2
CD4 Naive,CD4 TEM,0.0,pbmc5k_to_pbmc10k,scvi_matched,4,l2
CD4 TCM,CD4 TEM,0.06896551724137931,pbmc5k_to_pbmc10k,scvi_matched,4,l2
CD4 TEM,CD4 TEM,0.7473309608540926,pbmc5k_to_pbmc10k,scvi_matched,4,l2
CD8 Naive,CD4 TEM,0.0,pbmc5k_to_pbmc10k,scvi_matched,4,l2
CD8 TCM,CD4 TEM,0.35064935064935066,pbmc5k_to_pbmc10k,scvi_matched,4,l2
CD8 TEM,CD4 TEM,0.02032520325203252,pbmc5k_to_pbmc10k,scvi_matched,4,l2
Eryth,CD4 TEM,0.0,pbmc5k_to_pbmc10k,scvi_matched,4,l2
ILC,CD4 TEM,0.2153846153846154,pbmc5k_to_pbmc10k,scvi_matched,4,l2
MAIT,CD4 TEM,0.3792134831460674,pbmc5k_to_pbmc10k,scvi_matched,4,l2
NK,CD4 TEM,0.0,pbmc5k_to_pbmc10k,scvi_matched,4,l2
NK_CD56bright,CD4 TEM,0.0,pbmc5k_to_pbmc10k,scvi_matched,4,l2
Treg,CD4 TEM,0.004149377593360996,pbmc5k_to_pbmc10k,scvi_matched,4,l2
cDC2,CD4 TEM,0.0,pbmc5k_to_pbmc10k,scvi_matched,4,l2
gdT,CD4 TEM,0.05084745762711865,pbmc5k_to_pbmc10k,scvi_matched,4,l2
pDC,CD4 TEM,0.0,pbmc5k_to_pbmc10k,scvi_matched,4,l2
B intermediate,CD8 Naive,0.0,pbmc5k_to_pbmc10k,scvi_matched,4,l2
B memory,CD8 Naive,0.0,pbmc5k_to_pbmc10k,scvi_matched,4,l2
B naive,CD8 Naive,0.0,pbmc5k_to_pbmc10k,scvi_matched,4,l2
CD14 Mono,CD8 Naive,0.0,pbmc5k_to_pbmc10k,scvi_matched,4,l2
CD16 Mono,CD8 Naive,0.0,pbmc5k_to_pbmc10k,scvi_matched,4,l2
CD4 CTL,CD8 Naive,0.0,pbmc5k_to_pbmc10k,scvi_matched,4,l2
CD4 Naive,CD8 Naive,0.0,pbmc5k_to_pbmc10k,scvi_matched,4,l2
CD4 TCM,CD8 Naive,0.0,pbmc5k_to_pbmc10k,scvi_matched,4,l2
CD4 TEM,CD8 Naive,0.0,pbmc5k_to_pbmc10k,scvi_matched,4,l2
CD8 Naive,CD8 Naive,0.109375,pbmc5k_to_pbmc10k,scvi_matched,4,l2
CD8 TCM,CD8 Naive,0.0,pbmc5k_to_pbmc10k,scvi_matched,4,l2
CD8 TEM,CD8 Naive,0.0,pbmc5k_to_pbmc10k,scvi_matched,4,l2
Eryth,CD8 Naive,0.0,pbmc5k_to_pbmc10k,scvi_matched,4,l2
ILC,CD8 Naive,0.0,pbmc5k_to_pbmc10k,scvi_matched,4,l2
MAIT,CD8 Naive,0.0,pbmc5k_to_pbmc10k,scvi_matched,4,l2
NK,CD8 Naive,0.0,pbmc5k_to_pbmc10k,scvi_matched,4,l2
NK_CD56bright,CD8 Naive,0.0,pbmc5k_to_pbmc10k,scvi_matched,4,l2
Treg,CD8 Naive,0.0,pbmc5k_to_pbmc10k,scvi_matched,4,l2
cDC2,CD8 Naive,0.0,pbmc5k_to_pbmc10k,scvi_matched,4,l2
gdT,CD8 Naive,0.0,pbmc5k_to_pbmc10k,scvi_matched,4,l2
pDC,CD8 Naive,0.0,pbmc5k_to_pbmc10k,scvi_matched,4,l2
B intermediate,CD8 TCM,0.0,pbmc5k_to_pbmc10k,scvi_matched,4,l2
B memory,CD8 TCM,0.0,pbmc5k_to_pbmc10k,scvi_matched,4,l2
B naive,CD8 TCM,0.0,pbmc5k_to_pbmc10k,scvi_matched,4,l2
CD14 Mono,CD8 TCM,0.0,pbmc5k_to_pbmc10k,scvi_matched,4,l2
CD16 Mono,CD8 TCM,0.0,pbmc5k_to_pbmc10k,scvi_matched,4,l2
CD4 CTL,CD8 TCM,0.0,pbmc5k_to_pbmc10k,scvi_matched,4,l2
CD4 Naive,CD8 TCM,0.0,pbmc5k_to_pbmc10k,scvi_matched,4,l2
CD4 TCM,CD8 TCM,0.0,pbmc5k_to_pbmc10k,scvi_matched,4,l2
CD4 TEM,CD8 TCM,0.0,pbmc5k_to_pbmc10k,scvi_matched,4,l2
CD8 Naive,CD8 TCM,0.0,pbmc5k_to_pbmc10k,scvi_matched,4,l2
CD8 TCM,CD8 TCM,0.03896103896103896,pbmc5k_to_pbmc10k,scvi_matched,4,l2
CD8 TEM,CD8 TCM,0.0040650406504065045,pbmc5k_to_pbmc10k,scvi_matched,4,l2
Eryth,CD8 TCM,0.0,pbmc5k_to_pbmc10k,scvi_matched,4,l2
ILC,CD8 TCM,0.03076923076923077,pbmc5k_to_pbmc10k,scvi_matched,4,l2
MAIT,CD8 TCM,0.0,pbmc5k_to_pbmc10k,scvi_matched,4,l2
NK,CD8 TCM,0.0,pbmc5k_to_pbmc10k,scvi_matched,4,l2
NK_CD56bright,CD8 TCM,0.0,pbmc5k_to_pbmc10k,scvi_matched,4,l2
Treg,CD8 TCM,0.0,pbmc5k_to_pbmc10k,scvi_matched,4,l2
cDC2,CD8 TCM,0.0,pbmc5k_to_pbmc10k,scvi_matched,4,l2
gdT,CD8 TCM,0.03389830508474576,pbmc5k_to_pbmc10k,scvi_matched,4,l2
pDC,CD8 TCM,0.0,pbmc5k_to_pbmc10k,scvi_matched,4,l2
B intermediate,CD8 TEM,0.0,pbmc5k_to_pbmc10k,scvi_matched,4,l2
B memory,CD8 TEM,0.0,pbmc5k_to_pbmc10k,scvi_matched,4,l2
B naive,CD8 TEM,0.0,pbmc5k_to_pbmc10k,scvi_matched,4,l2
CD14 Mono,CD8 TEM,0.0,pbmc5k_to_pbmc10k,scvi_matched,4,l2
CD16 Mono,CD8 TEM,0.0,pbmc5k_to_pbmc10k,scvi_matched,4,l2
CD4 CTL,CD8 TEM,0.3333333333333333,pbmc5k_to_pbmc10k,scvi_matched,4,l2
CD4 Naive,CD8 TEM,0.0,pbmc5k_to_pbmc10k,scvi_matched,4,l2
CD4 TCM,CD8 TEM,0.0,pbmc5k_to_pbmc10k,scvi_matched,4,l2
CD4 TEM,CD8 TEM,0.042704626334519574,pbmc5k_to_pbmc10k,scvi_matched,4,l2
CD8 Naive,CD8 TEM,0.003125,pbmc5k_to_pbmc10k,scvi_matched,4,l2
CD8 TCM,CD8 TEM,0.1038961038961039,pbmc5k_to_pbmc10k,scvi_matched,4,l2
CD8 TEM,CD8 TEM,0.926829268292683,pbmc5k_to_pbmc10k,scvi_matched,4,l2
Eryth,CD8 TEM,0.0,pbmc5k_to_pbmc10k,scvi_matched,4,l2
ILC,CD8 TEM,0.015384615384615385,pbmc5k_to_pbmc10k,scvi_matched,4,l2
MAIT,CD8 TEM,0.014044943820224719,pbmc5k_to_pbmc10k,scvi_matched,4,l2
NK,CD8 TEM,0.003947368421052632,pbmc5k_to_pbmc10k,scvi_matched,4,l2
NK_CD56bright,CD8 TEM,0.0,pbmc5k_to_pbmc10k,scvi_matched,4,l2
Treg,CD8 TEM,0.0,pbmc5k_to_pbmc10k,scvi_matched,4,l2
cDC2,CD8 TEM,0.0,pbmc5k_to_pbmc10k,scvi_matched,4,l2
gdT,CD8 TEM,0.23728813559322035,pbmc5k_to_pbmc10k,scvi_matched,4,l2
pDC,CD8 TEM,0.0,pbmc5k_to_pbmc10k,scvi_matched,4,l2
B intermediate,Eryth,0.0,pbmc5k_to_pbmc10k,scvi_matched,4,l2
B memory,Eryth,0.0,pbmc5k_to_pbmc10k,scvi_matched,4,l2
B naive,Eryth,0.0,pbmc5k_to_pbmc10k,scvi_matched,4,l2
CD14 Mono,Eryth,0.016168148746968473,pbmc5k_to_pbmc10k,scvi_matched,4,l2
CD16 Mono,Eryth,0.0,pbmc5k_to_pbmc10k,scvi_matched,4,l2
CD4 CTL,Eryth,0.0,pbmc5k_to_pbmc10k,scvi_matched,4,l2
CD4 Naive,Eryth,0.0,pbmc5k_to_pbmc10k,scvi_matched,4,l2
CD4 TCM,Eryth,0.0,pbmc5k_to_pbmc10k,scvi_matched,4,l2
CD4 TEM,Eryth,0.0,pbmc5k_to_pbmc10k,scvi_matched,4,l2
CD8 Naive,Eryth,0.0,pbmc5k_to_pbmc10k,scvi_matched,4,l2
CD8 TCM,Eryth,0.0,pbmc5k_to_pbmc10k,scvi_matched,4,l2
CD8 TEM,Eryth,0.0,pbmc5k_to_pbmc10k,scvi_matched,4,l2
Eryth,Eryth,0.7083333333333334,pbmc5k_to_pbmc10k,scvi_matched,4,l2
ILC,Eryth,0.0,pbmc5k_to_pbmc10k,scvi_matched,4,l2
MAIT,Eryth,0.0,pbmc5k_to_pbmc10k,scvi_matched,4,l2
NK,Eryth,0.0,pbmc5k_to_pbmc10k,scvi_matched,4,l2
NK_CD56bright,Eryth,0.0,pbmc5k_to_pbmc10k,scvi_matched,4,l2
Treg,Eryth,0.0,pbmc5k_to_pbmc10k,scvi_matched,4,l2
cDC2,Eryth,0.0,pbmc5k_to_pbmc10k,scvi_matched,4,l2
gdT,Eryth,0.0,pbmc5k_to_pbmc10k,scvi_matched,4,l2
pDC,Eryth,0.0,pbmc5k_to_pbmc10k,scvi_matched,4,l2
B intermediate,ILC,0.0,pbmc5k_to_pbmc10k,scvi_matched,4,l2
B memory,ILC,0.0,pbmc5k_to_pbmc10k,scvi_matched,4,l2
B naive,ILC,0.0,pbmc5k_to_pbmc10k,scvi_matched,4,l2
CD14 Mono,ILC,0.0,pbmc5k_to_pbmc10k,scvi_matched,4,l2
CD16 Mono,ILC,0.0,pbmc5k_to_pbmc10k,scvi_matched,4,l2
CD4 CTL,ILC,0.0,pbmc5k_to_pbmc10k,scvi_matched,4,l2
CD4 Naive,ILC,0.0,pbmc5k_to_pbmc10k,scvi_matched,4,l2
CD4 TCM,ILC,0.0034482758620689655,pbmc5k_to_pbmc10k,scvi_matched,4,l2
CD4 TEM,ILC,0.0035587188612099642,pbmc5k_to_pbmc10k,scvi_matched,4,l2
CD8 Naive,ILC,0.0,pbmc5k_to_pbmc10k,scvi_matched,4,l2
CD8 TCM,ILC,0.0,pbmc5k_to_pbmc10k,scvi_matched,4,l2
CD8 TEM,ILC,0.0,pbmc5k_to_pbmc10k,scvi_matched,4,l2
Eryth,ILC,0.0,pbmc5k_to_pbmc10k,scvi_matched,4,l2
ILC,ILC,0.2923076923076923,pbmc5k_to_pbmc10k,scvi_matched,4,l2
MAIT,ILC,0.0028089887640449437,pbmc5k_to_pbmc10k,scvi_matched,4,l2
NK,ILC,0.0,pbmc5k_to_pbmc10k,scvi_matched,4,l2
NK_CD56bright,ILC,0.0,pbmc5k_to_pbmc10k,scvi_matched,4,l2
Treg,ILC,0.0,pbmc5k_to_pbmc10k,scvi_matched,4,l2
cDC2,ILC,0.0,pbmc5k_to_pbmc10k,scvi_matched,4,l2
gdT,ILC,0.0,pbmc5k_to_pbmc10k,scvi_matched,4,l2
pDC,ILC,0.0,pbmc5k_to_pbmc10k,scvi_matched,4,l2
B intermediate,MAIT,0.0,pbmc5k_to_pbmc10k,scvi_matched,4,l2
B memory,MAIT,0.0,pbmc5k_to_pbmc10k,scvi_matched,4,l2
B naive,MAIT,0.0,pbmc5k_to_pbmc10k,scvi_matched,4,l2
CD14 Mono,MAIT,0.0,pbmc5k_to_pbmc10k,scvi_matched,4,l2
CD16 Mono,MAIT,0.0,pbmc5k_to_pbmc10k,scvi_matched,4,l2
CD4 CTL,MAIT,0.0,pbmc5k_to_pbmc10k,scvi_matched,4,l2
CD4 Naive,MAIT,0.0,pbmc5k_to_pbmc10k,scvi_matched,4,l2
CD4 TCM,MAIT,0.0,pbmc5k_to_pbmc10k,scvi_matched,4,l2
CD4 TEM,MAIT,0.0,pbmc5k_to_pbmc10k,scvi_matched,4,l2
CD8 Naive,MAIT,0.0,pbmc5k_to_pbmc10k,scvi_matched,4,l2
CD8 TCM,MAIT,0.0,pbmc5k_to_pbmc10k,scvi_matched,4,l2
CD8 TEM,MAIT,0.0,pbmc5k_to_pbmc10k,scvi_matched,4,l2
Eryth,MAIT,0.0,pbmc5k_to_pbmc10k,scvi_matched,4,l2
ILC,MAIT,0.0,pbmc5k_to_pbmc10k,scvi_matched,4,l2
MAIT,MAIT,0.0056179775280898875,pbmc5k_to_pbmc10k,scvi_matched,4,l2
NK,MAIT,0.0,pbmc5k_to_pbmc10k,scvi_matched,4,l2
NK_CD56bright,MAIT,0.0,pbmc5k_to_pbmc10k,scvi_matched,4,l2
Treg,MAIT,0.0,pbmc5k_to_pbmc10k,scvi_matched,4,l2
cDC2,MAIT,0.0,pbmc5k_to_pbmc10k,scvi_matched,4,l2
gdT,MAIT,0.0,pbmc5k_to_pbmc10k,scvi_matched,4,l2
pDC,MAIT,0.0,pbmc5k_to_pbmc10k,scvi_matched,4,l2
B intermediate,NK,0.0,pbmc5k_to_pbmc10k,scvi_matched,4,l2
B memory,NK,0.0,pbmc5k_to_pbmc10k,scvi_matched,4,l2
B naive,NK,0.0,pbmc5k_to_pbmc10k,scvi_matched,4,l2
CD14 Mono,NK,0.0,pbmc5k_to_pbmc10k,scvi_matched,4,l2
CD16 Mono,NK,0.0,pbmc5k_to_pbmc10k,scvi_matched,4,l2
CD4 CTL,NK,0.0,pbmc5k_to_pbmc10k,scvi_matched,4,l2
CD4 Naive,NK,0.0,pbmc5k_to_pbmc10k,scvi_matched,4,l2
CD4 TCM,NK,0.0,pbmc5k_to_pbmc10k,scvi_matched,4,l2
CD4 TEM,NK,0.0,pbmc5k_to_pbmc10k,scvi_matched,4,l2
CD8 Naive,NK,0.0,pbmc5k_to_pbmc10k,scvi_matched,4,l2
CD8 TCM,NK,0.0,pbmc5k_to_pbmc10k,scvi_matched,4,l2
CD8 TEM,NK,0.0040650406504065045,pbmc5k_to_pbmc10k,scvi_matched,4,l2
Eryth,NK,0.0,pbmc5k_to_pbmc10k,scvi_matched,4,l2
ILC,NK,0.0,pbmc5k_to_pbmc10k,scvi_matched,4,l2
MAIT,NK,0.0056179775280898875,pbmc5k_to_pbmc10k,scvi_matched,4,l2
NK,NK,0.9592105263157895,pbmc5k_to_pbmc10k,scvi_matched,4,l2
NK_CD56bright,NK,0.02857142857142857,pbmc5k_to_pbmc10k,scvi_matched,4,l2
Treg,NK,0.0,pbmc5k_to_pbmc10k,scvi_matched,4,l2
cDC2,NK,0.0,pbmc5k_to_pbmc10k,scvi_matched,4,l2
gdT,NK,0.0,pbmc5k_to_pbmc10k,scvi_matched,4,l2
pDC,NK,0.0,pbmc5k_to_pbmc10k,scvi_matched,4,l2
B intermediate,NK_CD56bright,0.0,pbmc5k_to_pbmc10k,scvi_matched,4,l2
B memory,NK_CD56bright,0.0,pbmc5k_to_pbmc10k,scvi_matched,4,l2
B naive,NK_CD56bright,0.0,pbmc5k_to_pbmc10k,scvi_matched,4,l2
CD14 Mono,NK_CD56bright,0.0,pbmc5k_to_pbmc10k,scvi_matched,4,l2
CD16 Mono,NK_CD56bright,0.0,pbmc5k_to_pbmc10k,scvi_matched,4,l2
CD4 CTL,NK_CD56bright,0.0,pbmc5k_to_pbmc10k,scvi_matched,4,l2
CD4 Naive,NK_CD56bright,0.0,pbmc5k_to_pbmc10k,scvi_matched,4,l2
CD4 TCM,NK_CD56bright,0.0,pbmc5k_to_pbmc10k,scvi_matched,4,l2
CD4 TEM,NK_CD56bright,0.0,pbmc5k_to_pbmc10k,scvi_matched,4,l2
CD8 Naive,NK_CD56bright,0.0,pbmc5k_to_pbmc10k,scvi_matched,4,l2
CD8 TCM,NK_CD56bright,0.0,pbmc5k_to_pbmc10k,scvi_matched,4,l2
CD8 TEM,NK_CD56bright,0.0,pbmc5k_to_pbmc10k,scvi_matched,4,l2
Eryth,NK_CD56bright,0.0,pbmc5k_to_pbmc10k,scvi_matched,4,l2
ILC,NK_CD56bright,0.015384615384615385,pbmc5k_to_pbmc10k,scvi_matched,4,l2
MAIT,NK_CD56bright,0.0028089887640449437,pbmc5k_to_pbmc10k,scvi_matched,4,l2
NK,NK_CD56bright,0.0013157894736842105,pbmc5k_to_pbmc10k,scvi_matched,4,l2
NK_CD56bright,NK_CD56bright,0.7428571428571429,pbmc5k_to_pbmc10k,scvi_matched,4,l2
Treg,NK_CD56bright,0.0,pbmc5k_to_pbmc10k,scvi_matched,4,l2
cDC2,NK_CD56bright,0.0,pbmc5k_to_pbmc10k,scvi_matched,4,l2
gdT,NK_CD56bright,0.0,pbmc5k_to_pbmc10k,scvi_matched,4,l2
pDC,NK_CD56bright,0.0,pbmc5k_to_pbmc10k,scvi_matched,4,l2
B intermediate,Treg,0.014705882352941176,pbmc5k_to_pbmc10k,scvi_matched,4,l2
B memory,Treg,0.010101010101010102,pbmc5k_to_pbmc10k,scvi_matched,4,l2
B naive,Treg,0.0031746031746031746,pbmc5k_to_pbmc10k,scvi_matched,4,l2
CD14 Mono,Treg,0.0,pbmc5k_to_pbmc10k,scvi_matched,4,l2
CD16 Mono,Treg,0.0,pbmc5k_to_pbmc10k,scvi_matched,4,l2
CD4 CTL,Treg,0.0,pbmc5k_to_pbmc10k,scvi_matched,4,l2
CD4 Naive,Treg,0.026415094339622643,pbmc5k_to_pbmc10k,scvi_matched,4,l2
CD4 TCM,Treg,0.1879310344827586,pbmc5k_to_pbmc10k,scvi_matched,4,l2
CD4 TEM,Treg,0.07829181494661921,pbmc5k_to_pbmc10k,scvi_matched,4,l2
CD8 Naive,Treg,0.00625,pbmc5k_to_pbmc10k,scvi_matched,4,l2
CD8 TCM,Treg,0.12987012987012986,pbmc5k_to_pbmc10k,scvi_matched,4,l2
CD8 TEM,Treg,0.012195121951219513,pbmc5k_to_pbmc10k,scvi_matched,4,l2
Eryth,Treg,0.0,pbmc5k_to_pbmc10k,scvi_matched,4,l2
ILC,Treg,0.06153846153846154,pbmc5k_to_pbmc10k,scvi_matched,4,l2
MAIT,Treg,0.0,pbmc5k_to_pbmc10k,scvi_matched,4,l2
NK,Treg,0.0,pbmc5k_to_pbmc10k,scvi_matched,4,l2
NK_CD56bright,Treg,0.0,pbmc5k_to_pbmc10k,scvi_matched,4,l2
Treg,Treg,0.5933609958506224,pbmc5k_to_pbmc10k,scvi_matched,4,l2
cDC2,Treg,0.0,pbmc5k_to_pbmc10k,scvi_matched,4,l2
gdT,Treg,0.13559322033898305,pbmc5k_to_pbmc10k,scvi_matched,4,l2
pDC,Treg,0.0,pbmc5k_to_pbmc10k,scvi_matched,4,l2
B intermediate,cDC2,0.0,pbmc5k_to_pbmc10k,scvi_matched,4,l2
B memory,cDC2,0.0,pbmc5k_to_pbmc10k,scvi_matched,4,l2
B naive,cDC2,0.0,pbmc5k_to_pbmc10k,scvi_matched,4,l2
CD14 Mono,cDC2,0.0,pbmc5k_to_pbmc10k,scvi_matched,4,l2
CD16 Mono,cDC2,0.0,pbmc5k_to_pbmc10k,scvi_matched,4,l2
CD4 CTL,cDC2,0.0,pbmc5k_to_pbmc10k,scvi_matched,4,l2
CD4 Naive,cDC2,0.0,pbmc5k_to_pbmc10k,scvi_matched,4,l2
CD4 TCM,cDC2,0.0,pbmc5k_to_pbmc10k,scvi_matched,4,l2
CD4 TEM,cDC2,0.0,pbmc5k_to_pbmc10k,scvi_matched,4,l2
CD8 Naive,cDC2,0.0,pbmc5k_to_pbmc10k,scvi_matched,4,l2
CD8 TCM,cDC2,0.0,pbmc5k_to_pbmc10k,scvi_matched,4,l2
CD8 TEM,cDC2,0.0,pbmc5k_to_pbmc10k,scvi_matched,4,l2
Eryth,cDC2,0.0,pbmc5k_to_pbmc10k,scvi_matched,4,l2
ILC,cDC2,0.0,pbmc5k_to_pbmc10k,scvi_matched,4,l2
MAIT,cDC2,0.0,pbmc5k_to_pbmc10k,scvi_matched,4,l2
NK,cDC2,0.0,pbmc5k_to_pbmc10k,scvi_matched,4,l2
NK_CD56bright,cDC2,0.0,pbmc5k_to_pbmc10k,scvi_matched,4,l2
Treg,cDC2,0.0,pbmc5k_to_pbmc10k,scvi_matched,4,l2
cDC2,cDC2,0.6222222222222222,pbmc5k_to_pbmc10k,scvi_matched,4,l2
gdT,cDC2,0.0,pbmc5k_to_pbmc10k,scvi_matched,4,l2
pDC,cDC2,0.0,pbmc5k_to_pbmc10k,scvi_matched,4,l2
B intermediate,gdT,0.0,pbmc5k_to_pbmc10k,scvi_matched,4,l2
B memory,gdT,0.0,pbmc5k_to_pbmc10k,scvi_matched,4,l2
B naive,gdT,0.0,pbmc5k_to_pbmc10k,scvi_matched,4,l2
CD14 Mono,gdT,0.0,pbmc5k_to_pbmc10k,scvi_matched,4,l2
CD16 Mono,gdT,0.0,pbmc5k_to_pbmc10k,scvi_matched,4,l2
CD4 CTL,gdT,0.08333333333333333,pbmc5k_to_pbmc10k,scvi_matched,4,l2
CD4 Naive,gdT,0.0,pbmc5k_to_pbmc10k,scvi_matched,4,l2
CD4 TCM,gdT,0.0,pbmc5k_to_pbmc10k,scvi_matched,4,l2
CD4 TEM,gdT,0.0,pbmc5k_to_pbmc10k,scvi_matched,4,l2
CD8 Naive,gdT,0.0,pbmc5k_to_pbmc10k,scvi_matched,4,l2
CD8 TCM,gdT,0.0,pbmc5k_to_pbmc10k,scvi_matched,4,l2
CD8 TEM,gdT,0.028455284552845527,pbmc5k_to_pbmc10k,scvi_matched,4,l2
Eryth,gdT,0.0,pbmc5k_to_pbmc10k,scvi_matched,4,l2
ILC,gdT,0.0,pbmc5k_to_pbmc10k,scvi_matched,4,l2
MAIT,gdT,0.5870786516853933,pbmc5k_to_pbmc10k,scvi_matched,4,l2
NK,gdT,0.035526315789473684,pbmc5k_to_pbmc10k,scvi_matched,4,l2
NK_CD56bright,gdT,0.22857142857142856,pbmc5k_to_pbmc10k,scvi_matched,4,l2
Treg,gdT,0.0,pbmc5k_to_pbmc10k,scvi_matched,4,l2
cDC2,gdT,0.0,pbmc5k_to_pbmc10k,scvi_matched,4,l2
gdT,gdT,0.4067796610169492,pbmc5k_to_pbmc10k,scvi_matched,4,l2
pDC,gdT,0.0,pbmc5k_to_pbmc10k,scvi_matched,4,l2
B intermediate,pDC,0.0,pbmc5k_to_pbmc10k,scvi_matched,4,l2
B memory,pDC,0.0,pbmc5k_to_pbmc10k,scvi_matched,4,l2
B naive,pDC,0.0,pbmc5k_to_pbmc10k,scvi_matched,4,l2
CD14 Mono,pDC,0.0,pbmc5k_to_pbmc10k,scvi_matched,4,l2
CD16 Mono,pDC,0.0,pbmc5k_to_pbmc10k,scvi_matched,4,l2
CD4 CTL,pDC,0.0,pbmc5k_to_pbmc10k,scvi_matched,4,l2
CD4 Naive,pDC,0.0,pbmc5k_to_pbmc10k,scvi_matched,4,l2
CD4 TCM,pDC,0.0,pbmc5k_to_pbmc10k,scvi_matched,4,l2
CD4 TEM,pDC,0.0,pbmc5k_to_pbmc10k,scvi_matched,4,l2
CD8 Naive,pDC,0.0,pbmc5k_to_pbmc10k,scvi_matched,4,l2
CD8 TCM,pDC,0.0,pbmc5k_to_pbmc10k,scvi_matched,4,l2
CD8 TEM,pDC,0.0,pbmc5k_to_pbmc10k,scvi_matched,4,l2
Eryth,pDC,0.0,pbmc5k_to_pbmc10k,scvi_matched,4,l2
ILC,pDC,0.0,pbmc5k_to_pbmc10k,scvi_matched,4,l2
MAIT,pDC,0.0,pbmc5k_to_pbmc10k,scvi_matched,4,l2
NK,pDC,0.0,pbmc5k_to_pbmc10k,scvi_matched,4,l2
NK_CD56bright,pDC,0.0,pbmc5k_to_pbmc10k,scvi_matched,4,l2
Treg,pDC,0.0,pbmc5k_to_pbmc10k,scvi_matched,4,l2
cDC2,pDC,0.0,pbmc5k_to_pbmc10k,scvi_matched,4,l2
gdT,pDC,0.0,pbmc5k_to_pbmc10k,scvi_matched,4,l2
pDC,pDC,1.0,pbmc5k_to_pbmc10k,scvi_matched,4,l2
B intermediate,B intermediate,0.4117647058823529,pbmc5k_to_pbmc10k,totalvi,4,l2
B memory,B intermediate,0.12121212121212122,pbmc5k_to_pbmc10k,totalvi,4,l2
B naive,B intermediate,0.006349206349206349,pbmc5k_to_pbmc10k,totalvi,4,l2
CD14 Mono,B intermediate,0.0,pbmc5k_to_pbmc10k,totalvi,4,l2
CD16 Mono,B intermediate,0.0,pbmc5k_to_pbmc10k,totalvi,4,l2
CD4 CTL,B intermediate,0.0,pbmc5k_to_pbmc10k,totalvi,4,l2
CD4 Naive,B intermediate,0.0,pbmc5k_to_pbmc10k,totalvi,4,l2
CD4 TCM,B intermediate,0.0,pbmc5k_to_pbmc10k,totalvi,4,l2
CD4 TEM,B intermediate,0.0,pbmc5k_to_pbmc10k,totalvi,4,l2
CD8 Naive,B intermediate,0.0,pbmc5k_to_pbmc10k,totalvi,4,l2
CD8 TCM,B intermediate,0.0,pbmc5k_to_pbmc10k,totalvi,4,l2
CD8 TEM,B intermediate,0.0,pbmc5k_to_pbmc10k,totalvi,4,l2
Eryth,B intermediate,0.0,pbmc5k_to_pbmc10k,totalvi,4,l2
ILC,B intermediate,0.0,pbmc5k_to_pbmc10k,totalvi,4,l2
MAIT,B intermediate,0.0,pbmc5k_to_pbmc10k,totalvi,4,l2
NK,B intermediate,0.0,pbmc5k_to_pbmc10k,totalvi,4,l2
NK_CD56bright,B intermediate,0.0,pbmc5k_to_pbmc10k,totalvi,4,l2
Treg,B intermediate,0.0,pbmc5k_to_pbmc10k,totalvi,4,l2
cDC2,B intermediate,0.0,pbmc5k_to_pbmc10k,totalvi,4,l2
gdT,B intermediate,0.0,pbmc5k_to_pbmc10k,totalvi,4,l2
pDC,B intermediate,0.0,pbmc5k_to_pbmc10k,totalvi,4,l2
B intermediate,B memory,0.22058823529411764,pbmc5k_to_pbmc10k,totalvi,4,l2
B memory,B memory,0.7272727272727273,pbmc5k_to_pbmc10k,totalvi,4,l2
B naive,B memory,0.0,pbmc5k_to_pbmc10k,totalvi,4,l2
CD14 Mono,B memory,0.0,pbmc5k_to_pbmc10k,totalvi,4,l2
CD16 Mono,B memory,0.0,pbmc5k_to_pbmc10k,totalvi,4,l2
CD4 CTL,B memory,0.0,pbmc5k_to_pbmc10k,totalvi,4,l2
CD4 Naive,B memory,0.0,pbmc5k_to_pbmc10k,totalvi,4,l2
CD4 TCM,B memory,0.0,pbmc5k_to_pbmc10k,totalvi,4,l2
CD4 TEM,B memory,0.0,pbmc5k_to_pbmc10k,totalvi,4,l2
CD8 Naive,B memory,0.0,pbmc5k_to_pbmc10k,totalvi,4,l2
CD8 TCM,B memory,0.0,pbmc5k_to_pbmc10k,totalvi,4,l2
CD8 TEM,B memory,0.0,pbmc5k_to_pbmc10k,totalvi,4,l2
Eryth,B memory,0.0,pbmc5k_to_pbmc10k,totalvi,4,l2
ILC,B memory,0.0,pbmc5k_to_pbmc10k,totalvi,4,l2
MAIT,B memory,0.0,pbmc5k_to_pbmc10k,totalvi,4,l2
NK,B memory,0.0,pbmc5k_to_pbmc10k,totalvi,4,l2
NK_CD56bright,B memory,0.0,pbmc5k_to_pbmc10k,totalvi,4,l2
Treg,B memory,0.0,pbmc5k_to_pbmc10k,totalvi,4,l2
cDC2,B memory,0.0,pbmc5k_to_pbmc10k,totalvi,4,l2
gdT,B memory,0.0,pbmc5k_to_pbmc10k,totalvi,4,l2
pDC,B memory,0.0,pbmc5k_to_pbmc10k,totalvi,4,l2
B intermediate,B naive,0.36764705882352944,pbmc5k_to_pbmc10k,totalvi,4,l2
B memory,B naive,0.15151515151515152,pbmc5k_to_pbmc10k,totalvi,4,l2
B naive,B naive,0.9936507936507937,pbmc5k_to_pbmc10k,totalvi,4,l2
CD14 Mono,B naive,0.0,pbmc5k_to_pbmc10k,totalvi,4,l2
CD16 Mono,B naive,0.0,pbmc5k_to_pbmc10k,totalvi,4,l2
CD4 CTL,B naive,0.0,pbmc5k_to_pbmc10k,totalvi,4,l2
CD4 Naive,B naive,0.0,pbmc5k_to_pbmc10k,totalvi,4,l2
CD4 TCM,B naive,0.0,pbmc5k_to_pbmc10k,totalvi,4,l2
CD4 TEM,B naive,0.0,pbmc5k_to_pbmc10k,totalvi,4,l2
CD8 Naive,B naive,0.0,pbmc5k_to_pbmc10k,totalvi,4,l2
CD8 TCM,B naive,0.012987012987012988,pbmc5k_to_pbmc10k,totalvi,4,l2
CD8 TEM,B naive,0.0,pbmc5k_to_pbmc10k,totalvi,4,l2
Eryth,B naive,0.0,pbmc5k_to_pbmc10k,totalvi,4,l2
ILC,B naive,0.0,pbmc5k_to_pbmc10k,totalvi,4,l2
MAIT,B naive,0.0,pbmc5k_to_pbmc10k,totalvi,4,l2
NK,B naive,0.0,pbmc5k_to_pbmc10k,totalvi,4,l2
NK_CD56bright,B naive,0.0,pbmc5k_to_pbmc10k,totalvi,4,l2
Treg,B naive,0.0,pbmc5k_to_pbmc10k,totalvi,4,l2
cDC2,B naive,0.0,pbmc5k_to_pbmc10k,totalvi,4,l2
gdT,B naive,0.0,pbmc5k_to_pbmc10k,totalvi,4,l2
pDC,B naive,0.0,pbmc5k_to_pbmc10k,totalvi,4,l2
B intermediate,CD14 Mono,0.0,pbmc5k_to_pbmc10k,totalvi,4,l2
B memory,CD14 Mono,0.0,pbmc5k_to_pbmc10k,totalvi,4,l2
B naive,CD14 Mono,0.0,pbmc5k_to_pbmc10k,totalvi,4,l2
CD14 Mono,CD14 Mono,0.9870654810024252,pbmc5k_to_pbmc10k,totalvi,4,l2
CD16 Mono,CD14 Mono,0.038834951456310676,pbmc5k_to_pbmc10k,totalvi,4,l2
CD4 CTL,CD14 Mono,0.0,pbmc5k_to_pbmc10k,totalvi,4,l2
CD4 Naive,CD14 Mono,0.0,pbmc5k_to_pbmc10k,totalvi,4,l2
CD4 TCM,CD14 Mono,0.0,pbmc5k_to_pbmc10k,totalvi,4,l2
CD4 TEM,CD14 Mono,0.0,pbmc5k_to_pbmc10k,totalvi,4,l2
CD8 Naive,CD14 Mono,0.0,pbmc5k_to_pbmc10k,totalvi,4,l2
CD8 TCM,CD14 Mono,0.0,pbmc5k_to_pbmc10k,totalvi,4,l2
CD8 TEM,CD14 Mono,0.0,pbmc5k_to_pbmc10k,totalvi,4,l2
Eryth,CD14 Mono,0.3611111111111111,pbmc5k_to_pbmc10k,totalvi,4,l2
ILC,CD14 Mono,0.0,pbmc5k_to_pbmc10k,totalvi,4,l2
MAIT,CD14 Mono,0.0,pbmc5k_to_pbmc10k,totalvi,4,l2
NK,CD14 Mono,0.0,pbmc5k_to_pbmc10k,totalvi,4,l2
NK_CD56bright,CD14 Mono,0.0,pbmc5k_to_pbmc10k,totalvi,4,l2
Treg,CD14 Mono,0.0,pbmc5k_to_pbmc10k,totalvi,4,l2
cDC2,CD14 Mono,0.2074074074074074,pbmc5k_to_pbmc10k,totalvi,4,l2
gdT,CD14 Mono,0.0,pbmc5k_to_pbmc10k,totalvi,4,l2
pDC,CD14 Mono,0.0,pbmc5k_to_pbmc10k,totalvi,4,l2
B intermediate,CD16 Mono,0.0,pbmc5k_to_pbmc10k,totalvi,4,l2
B memory,CD16 Mono,0.0,pbmc5k_to_pbmc10k,totalvi,4,l2
B naive,CD16 Mono,0.0,pbmc5k_to_pbmc10k,totalvi,4,l2
CD14 Mono,CD16 Mono,0.0,pbmc5k_to_pbmc10k,totalvi,4,l2
CD16 Mono,CD16 Mono,0.9514563106796117,pbmc5k_to_pbmc10k,totalvi,4,l2
CD4 CTL,CD16 Mono,0.0,pbmc5k_to_pbmc10k,totalvi,4,l2
CD4 Naive,CD16 Mono,0.0,pbmc5k_to_pbmc10k,totalvi,4,l2
CD4 TCM,CD16 Mono,0.0,pbmc5k_to_pbmc10k,totalvi,4,l2
CD4 TEM,CD16 Mono,0.0,pbmc5k_to_pbmc10k,totalvi,4,l2
CD8 Naive,CD16 Mono,0.0,pbmc5k_to_pbmc10k,totalvi,4,l2
CD8 TCM,CD16 Mono,0.0,pbmc5k_to_pbmc10k,totalvi,4,l2
CD8 TEM,CD16 Mono,0.0,pbmc5k_to_pbmc10k,totalvi,4,l2
Eryth,CD16 Mono,0.0,pbmc5k_to_pbmc10k,totalvi,4,l2
ILC,CD16 Mono,0.0,pbmc5k_to_pbmc10k,totalvi,4,l2
MAIT,CD16 Mono,0.0,pbmc5k_to_pbmc10k,totalvi,4,l2
NK,CD16 Mono,0.0,pbmc5k_to_pbmc10k,totalvi,4,l2
NK_CD56bright,CD16 Mono,0.0,pbmc5k_to_pbmc10k,totalvi,4,l2
Treg,CD16 Mono,0.0,pbmc5k_to_pbmc10k,totalvi,4,l2
cDC2,CD16 Mono,0.007407407407407408,pbmc5k_to_pbmc10k,totalvi,4,l2
gdT,CD16 Mono,0.0,pbmc5k_to_pbmc10k,totalvi,4,l2
pDC,CD16 Mono,0.0,pbmc5k_to_pbmc10k,totalvi,4,l2
B intermediate,CD4 CTL,0.0,pbmc5k_to_pbmc10k,totalvi,4,l2
B memory,CD4 CTL,0.0,pbmc5k_to_pbmc10k,totalvi,4,l2
B naive,CD4 CTL,0.0,pbmc5k_to_pbmc10k,totalvi,4,l2
CD14 Mono,CD4 CTL,0.0,pbmc5k_to_pbmc10k,totalvi,4,l2
CD16 Mono,CD4 CTL,0.0,pbmc5k_to_pbmc10k,totalvi,4,l2
CD4 CTL,CD4 CTL,0.0,pbmc5k_to_pbmc10k,totalvi,4,l2
CD4 Naive,CD4 CTL,0.0,pbmc5k_to_pbmc10k,totalvi,4,l2
CD4 TCM,CD4 CTL,0.0,pbmc5k_to_pbmc10k,totalvi,4,l2
CD4 TEM,CD4 CTL,0.0,pbmc5k_to_pbmc10k,totalvi,4,l2
CD8 Naive,CD4 CTL,0.0,pbmc5k_to_pbmc10k,totalvi,4,l2
CD8 TCM,CD4 CTL,0.0,pbmc5k_to_pbmc10k,totalvi,4,l2
CD8 TEM,CD4 CTL,0.0,pbmc5k_to_pbmc10k,totalvi,4,l2
Eryth,CD4 CTL,0.0,pbmc5k_to_pbmc10k,totalvi,4,l2
ILC,CD4 CTL,0.0,pbmc5k_to_pbmc10k,totalvi,4,l2
MAIT,CD4 CTL,0.0,pbmc5k_to_pbmc10k,totalvi,4,l2
NK,CD4 CTL,0.0,pbmc5k_to_pbmc10k,totalvi,4,l2
NK_CD56bright,CD4 CTL,0.0,pbmc5k_to_pbmc10k,totalvi,4,l2
Treg,CD4 CTL,0.0,pbmc5k_to_pbmc10k,totalvi,4,l2
cDC2,CD4 CTL,0.0,pbmc5k_to_pbmc10k,totalvi,4,l2
gdT,CD4 CTL,0.0,pbmc5k_to_pbmc10k,totalvi,4,l2
pDC,CD4 CTL,0.0,pbmc5k_to_pbmc10k,totalvi,4,l2
B intermediate,CD4 Naive,0.0,pbmc5k_to_pbmc10k,totalvi,4,l2
B memory,CD4 Naive,0.0,pbmc5k_to_pbmc10k,totalvi,4,l2
B naive,CD4 Naive,0.0,pbmc5k_to_pbmc10k,totalvi,4,l2
CD14 Mono,CD4 Naive,0.0,pbmc5k_to_pbmc10k,totalvi,4,l2
CD16 Mono,CD4 Naive,0.0,pbmc5k_to_pbmc10k,totalvi,4,l2
CD4 CTL,CD4 Naive,0.0,pbmc5k_to_pbmc10k,totalvi,4,l2
CD4 Naive,CD4 Naive,0.9748427672955975,pbmc5k_to_pbmc10k,totalvi,4,l2
CD4 TCM,CD4 Naive,0.04310344827586207,pbmc5k_to_pbmc10k,totalvi,4,l2
CD4 TEM,CD4 Naive,0.0,pbmc5k_to_pbmc10k,totalvi,4,l2
CD8 Naive,CD4 Naive,0.175,pbmc5k_to_pbmc10k,totalvi,4,l2
CD8 TCM,CD4 Naive,0.05194805194805195,pbmc5k_to_pbmc10k,totalvi,4,l2
CD8 TEM,CD4 Naive,0.0,pbmc5k_to_pbmc10k,totalvi,4,l2
Eryth,CD4 Naive,0.0,pbmc5k_to_pbmc10k,totalvi,4,l2
ILC,CD4 Naive,0.0,pbmc5k_to_pbmc10k,totalvi,4,l2
MAIT,CD4 Naive,0.0,pbmc5k_to_pbmc10k,totalvi,4,l2
NK,CD4 Naive,0.0,pbmc5k_to_pbmc10k,totalvi,4,l2
NK_CD56bright,CD4 Naive,0.0,pbmc5k_to_pbmc10k,totalvi,4,l2
Treg,CD4 Naive,0.24896265560165975,pbmc5k_to_pbmc10k,totalvi,4,l2
cDC2,CD4 Naive,0.0,pbmc5k_to_pbmc10k,totalvi,4,l2
gdT,CD4 Naive,0.03389830508474576,pbmc5k_to_pbmc10k,totalvi,4,l2
pDC,CD4 Naive,0.0,pbmc5k_to_pbmc10k,totalvi,4,l2
B intermediate,CD4 TCM,0.0,pbmc5k_to_pbmc10k,totalvi,4,l2
B memory,CD4 TCM,0.0,pbmc5k_to_pbmc10k,totalvi,4,l2
B naive,CD4 TCM,0.0,pbmc5k_to_pbmc10k,totalvi,4,l2
CD14 Mono,CD4 TCM,0.0,pbmc5k_to_pbmc10k,totalvi,4,l2
CD16 Mono,CD4 TCM,0.0,pbmc5k_to_pbmc10k,totalvi,4,l2
CD4 CTL,CD4 TCM,0.0,pbmc5k_to_pbmc10k,totalvi,4,l2
CD4 Naive,CD4 TCM,0.021383647798742137,pbmc5k_to_pbmc10k,totalvi,4,l2
CD4 TCM,CD4 TCM,0.7068965517241379,pbmc5k_to_pbmc10k,totalvi,4,l2
CD4 TEM,CD4 TCM,0.08896797153024912,pbmc5k_to_pbmc10k,totalvi,4,l2
CD8 Naive,CD4 TCM,0.0,pbmc5k_to_pbmc10k,totalvi,4,l2
CD8 TCM,CD4 TCM,0.025974025974025976,pbmc5k_to_pbmc10k,totalvi,4,l2
CD8 TEM,CD4 TCM,0.0,pbmc5k_to_pbmc10k,totalvi,4,l2
Eryth,CD4 TCM,0.0,pbmc5k_to_pbmc10k,totalvi,4,l2
ILC,CD4 TCM,0.23076923076923078,pbmc5k_to_pbmc10k,totalvi,4,l2
MAIT,CD4 TCM,0.0,pbmc5k_to_pbmc10k,totalvi,4,l2
NK,CD4 TCM,0.0,pbmc5k_to_pbmc10k,totalvi,4,l2
NK_CD56bright,CD4 TCM,0.0,pbmc5k_to_pbmc10k,totalvi,4,l2
Treg,CD4 TCM,0.15352697095435686,pbmc5k_to_pbmc10k,totalvi,4,l2
cDC2,CD4 TCM,0.0,pbmc5k_to_pbmc10k,totalvi,4,l2
gdT,CD4 TCM,0.01694915254237288,pbmc5k_to_pbmc10k,totalvi,4,l2
pDC,CD4 TCM,0.0,pbmc5k_to_pbmc10k,totalvi,4,l2
B intermediate,CD4 TEM,0.0,pbmc5k_to_pbmc10k,totalvi,4,l2
B memory,CD4 TEM,0.0,pbmc5k_to_pbmc10k,totalvi,4,l2
B naive,CD4 TEM,0.0,pbmc5k_to_pbmc10k,totalvi,4,l2
CD14 Mono,CD4 TEM,0.0,pbmc5k_to_pbmc10k,totalvi,4,l2
CD16 Mono,CD4 TEM,0.0,pbmc5k_to_pbmc10k,totalvi,4,l2
CD4 CTL,CD4 TEM,0.20833333333333334,pbmc5k_to_pbmc10k,totalvi,4,l2
CD4 Naive,CD4 TEM,0.0,pbmc5k_to_pbmc10k,totalvi,4,l2
CD4 TCM,CD4 TEM,0.11551724137931034,pbmc5k_to_pbmc10k,totalvi,4,l2
CD4 TEM,CD4 TEM,0.8185053380782918,pbmc5k_to_pbmc10k,totalvi,4,l2
CD8 Naive,CD4 TEM,0.0,pbmc5k_to_pbmc10k,totalvi,4,l2
CD8 TCM,CD4 TEM,0.35064935064935066,pbmc5k_to_pbmc10k,totalvi,4,l2
CD8 TEM,CD4 TEM,0.0040650406504065045,pbmc5k_to_pbmc10k,totalvi,4,l2
Eryth,CD4 TEM,0.0,pbmc5k_to_pbmc10k,totalvi,4,l2
ILC,CD4 TEM,0.49230769230769234,pbmc5k_to_pbmc10k,totalvi,4,l2
MAIT,CD4 TEM,0.46348314606741575,pbmc5k_to_pbmc10k,totalvi,4,l2
NK,CD4 TEM,0.0,pbmc5k_to_pbmc10k,totalvi,4,l2
NK_CD56bright,CD4 TEM,0.0,pbmc5k_to_pbmc10k,totalvi,4,l2
Treg,CD4 TEM,0.008298755186721992,pbmc5k_to_pbmc10k,totalvi,4,l2
cDC2,CD4 TEM,0.0,pbmc5k_to_pbmc10k,totalvi,4,l2
gdT,CD4 TEM,0.0847457627118644,pbmc5k_to_pbmc10k,totalvi,4,l2
pDC,CD4 TEM,0.0,pbmc5k_to_pbmc10k,totalvi,4,l2
B intermediate,CD8 Naive,0.0,pbmc5k_to_pbmc10k,totalvi,4,l2
B memory,CD8 Naive,0.0,pbmc5k_to_pbmc10k,totalvi,4,l2
B naive,CD8 Naive,0.0,pbmc5k_to_pbmc10k,totalvi,4,l2
CD14 Mono,CD8 Naive,0.0,pbmc5k_to_pbmc10k,totalvi,4,l2
CD16 Mono,CD8 Naive,0.0,pbmc5k_to_pbmc10k,totalvi,4,l2
CD4 CTL,CD8 Naive,0.0,pbmc5k_to_pbmc10k,totalvi,4,l2
CD4 Naive,CD8 Naive,0.0,pbmc5k_to_pbmc10k,totalvi,4,l2
CD4 TCM,CD8 Naive,0.0,pbmc5k_to_pbmc10k,totalvi,4,l2
CD4 TEM,CD8 Naive,0.0,pbmc5k_to_pbmc10k,totalvi,4,l2
CD8 Naive,CD8 Naive,0.815625,pbmc5k_to_pbmc10k,totalvi,4,l2
CD8 TCM,CD8 Naive,0.09090909090909091,pbmc5k_to_pbmc10k,totalvi,4,l2
CD8 TEM,CD8 Naive,0.0,pbmc5k_to_pbmc10k,totalvi,4,l2
Eryth,CD8 Naive,0.0,pbmc5k_to_pbmc10k,totalvi,4,l2
ILC,CD8 Naive,0.0,pbmc5k_to_pbmc10k,totalvi,4,l2
MAIT,CD8 Naive,0.0,pbmc5k_to_pbmc10k,totalvi,4,l2
NK,CD8 Naive,0.0,pbmc5k_to_pbmc10k,totalvi,4,l2
NK_CD56bright,CD8 Naive,0.0,pbmc5k_to_pbmc10k,totalvi,4,l2
Treg,CD8 Naive,0.004149377593360996,pbmc5k_to_pbmc10k,totalvi,4,l2
cDC2,CD8 Naive,0.0,pbmc5k_to_pbmc10k,totalvi,4,l2
gdT,CD8 Naive,0.0847457627118644,pbmc5k_to_pbmc10k,totalvi,4,l2
pDC,CD8 Naive,0.0,pbmc5k_to_pbmc10k,totalvi,4,l2
B intermediate,CD8 TCM,0.0,pbmc5k_to_pbmc10k,totalvi,4,l2
B memory,CD8 TCM,0.0,pbmc5k_to_pbmc10k,totalvi,4,l2
B naive,CD8 TCM,0.0,pbmc5k_to_pbmc10k,totalvi,4,l2
CD14 Mono,CD8 TCM,0.0,pbmc5k_to_pbmc10k,totalvi,4,l2
CD16 Mono,CD8 TCM,0.0,pbmc5k_to_pbmc10k,totalvi,4,l2
CD4 CTL,CD8 TCM,0.0,pbmc5k_to_pbmc10k,totalvi,4,l2
CD4 Naive,CD8 TCM,0.0,pbmc5k_to_pbmc10k,totalvi,4,l2
CD4 TCM,CD8 TCM,0.0,pbmc5k_to_pbmc10k,totalvi,4,l2
CD4 TEM,CD8 TCM,0.0035587188612099642,pbmc5k_to_pbmc10k,totalvi,4,l2
CD8 Naive,CD8 TCM,0.00625,pbmc5k_to_pbmc10k,totalvi,4,l2
CD8 TCM,CD8 TCM,0.19480519480519481,pbmc5k_to_pbmc10k,totalvi,4,l2
CD8 TEM,CD8 TCM,0.012195121951219513,pbmc5k_to_pbmc10k,totalvi,4,l2
Eryth,CD8 TCM,0.0,pbmc5k_to_pbmc10k,totalvi,4,l2
ILC,CD8 TCM,0.03076923076923077,pbmc5k_to_pbmc10k,totalvi,4,l2
MAIT,CD8 TCM,0.0,pbmc5k_to_pbmc10k,totalvi,4,l2
NK,CD8 TCM,0.0,pbmc5k_to_pbmc10k,totalvi,4,l2
NK_CD56bright,CD8 TCM,0.0,pbmc5k_to_pbmc10k,totalvi,4,l2
Treg,CD8 TCM,0.0,pbmc5k_to_pbmc10k,totalvi,4,l2
cDC2,CD8 TCM,0.0,pbmc5k_to_pbmc10k,totalvi,4,l2
gdT,CD8 TCM,0.11864406779661017,pbmc5k_to_pbmc10k,totalvi,4,l2
pDC,CD8 TCM,0.0,pbmc5k_to_pbmc10k,totalvi,4,l2
B intermediate,CD8 TEM,0.0,pbmc5k_to_pbmc10k,totalvi,4,l2
B memory,CD8 TEM,0.0,pbmc5k_to_pbmc10k,totalvi,4,l2
B naive,CD8 TEM,0.0,pbmc5k_to_pbmc10k,totalvi,4,l2
CD14 Mono,CD8 TEM,0.0,pbmc5k_to_pbmc10k,totalvi,4,l2
CD16 Mono,CD8 TEM,0.0,pbmc5k_to_pbmc10k,totalvi,4,l2
CD4 CTL,CD8 TEM,0.6666666666666666,pbmc5k_to_pbmc10k,totalvi,4,l2
CD4 Naive,CD8 TEM,0.0,pbmc5k_to_pbmc10k,totalvi,4,l2
CD4 TCM,CD8 TEM,0.0,pbmc5k_to_pbmc10k,totalvi,4,l2
CD4 TEM,CD8 TEM,0.03558718861209965,pbmc5k_to_pbmc10k,totalvi,4,l2
CD8 Naive,CD8 TEM,0.003125,pbmc5k_to_pbmc10k,totalvi,4,l2
CD8 TCM,CD8 TEM,0.2077922077922078,pbmc5k_to_pbmc10k,totalvi,4,l2
CD8 TEM,CD8 TEM,0.9146341463414634,pbmc5k_to_pbmc10k,totalvi,4,l2
Eryth,CD8 TEM,0.0,pbmc5k_to_pbmc10k,totalvi,4,l2
ILC,CD8 TEM,0.0,pbmc5k_to_pbmc10k,totalvi,4,l2
MAIT,CD8 TEM,0.011235955056179775,pbmc5k_to_pbmc10k,totalvi,4,l2
NK,CD8 TEM,0.0,pbmc5k_to_pbmc10k,totalvi,4,l2
NK_CD56bright,CD8 TEM,0.0,pbmc5k_to_pbmc10k,totalvi,4,l2
Treg,CD8 TEM,0.0,pbmc5k_to_pbmc10k,totalvi,4,l2
cDC2,CD8 TEM,0.0,pbmc5k_to_pbmc10k,totalvi,4,l2
gdT,CD8 TEM,0.288135593220339,pbmc5k_to_pbmc10k,totalvi,4,l2
pDC,CD8 TEM,0.0,pbmc5k_to_pbmc10k,totalvi,4,l2
B intermediate,Eryth,0.0,pbmc5k_to_pbmc10k,totalvi,4,l2
B memory,Eryth,0.0,pbmc5k_to_pbmc10k,totalvi,4,l2
B naive,Eryth,0.0,pbmc5k_to_pbmc10k,totalvi,4,l2
CD14 Mono,Eryth,0.012934518997574777,pbmc5k_to_pbmc10k,totalvi,4,l2
CD16 Mono,Eryth,0.0,pbmc5k_to_pbmc10k,totalvi,4,l2
CD4 CTL,Eryth,0.0,pbmc5k_to_pbmc10k,totalvi,4,l2
CD4 Naive,Eryth,0.0,pbmc5k_to_pbmc10k,totalvi,4,l2
CD4 TCM,Eryth,0.0,pbmc5k_to_pbmc10k,totalvi,4,l2
CD4 TEM,Eryth,0.0,pbmc5k_to_pbmc10k,totalvi,4,l2
CD8 Naive,Eryth,0.0,pbmc5k_to_pbmc10k,totalvi,4,l2
CD8 TCM,Eryth,0.0,pbmc5k_to_pbmc10k,totalvi,4,l2
CD8 TEM,Eryth,0.0,pbmc5k_to_pbmc10k,totalvi,4,l2
Eryth,Eryth,0.6388888888888888,pbmc5k_to_pbmc10k,totalvi,4,l2
ILC,Eryth,0.0,pbmc5k_to_pbmc10k,totalvi,4,l2
MAIT,Eryth,0.0,pbmc5k_to_pbmc10k,totalvi,4,l2
NK,Eryth,0.0,pbmc5k_to_pbmc10k,totalvi,4,l2
NK_CD56bright,Eryth,0.0,pbmc5k_to_pbmc10k,totalvi,4,l2
Treg,Eryth,0.0,pbmc5k_to_pbmc10k,totalvi,4,l2
cDC2,Eryth,0.0,pbmc5k_to_pbmc10k,totalvi,4,l2
gdT,Eryth,0.0,pbmc5k_to_pbmc10k,totalvi,4,l2
pDC,Eryth,0.0,pbmc5k_to_pbmc10k,totalvi,4,l2
B intermediate,ILC,0.0,pbmc5k_to_pbmc10k,totalvi,4,l2
B memory,ILC,0.0,pbmc5k_to_pbmc10k,totalvi,4,l2
B naive,ILC,0.0,pbmc5k_to_pbmc10k,totalvi,4,l2
CD14 Mono,ILC,0.0,pbmc5k_to_pbmc10k,totalvi,4,l2
CD16 Mono,ILC,0.0,pbmc5k_to_pbmc10k,totalvi,4,l2
CD4 CTL,ILC,0.0,pbmc5k_to_pbmc10k,totalvi,4,l2
CD4 Naive,ILC,0.0,pbmc5k_to_pbmc10k,totalvi,4,l2
CD4 TCM,ILC,0.005172413793103448,pbmc5k_to_pbmc10k,totalvi,4,l2
CD4 TEM,ILC,0.0,pbmc5k_to_pbmc10k,totalvi,4,l2
CD8 Naive,ILC,0.0,pbmc5k_to_pbmc10k,totalvi,4,l2
CD8 TCM,ILC,0.0,pbmc5k_to_pbmc10k,totalvi,4,l2
CD8 TEM,ILC,0.0,pbmc5k_to_pbmc10k,totalvi,4,l2
Eryth,ILC,0.0,pbmc5k_to_pbmc10k,totalvi,4,l2
ILC,ILC,0.2153846153846154,pbmc5k_to_pbmc10k,totalvi,4,l2
MAIT,ILC,0.0,pbmc5k_to_pbmc10k,totalvi,4,l2
NK,ILC,0.0,pbmc5k_to_pbmc10k,totalvi,4,l2
NK_CD56bright,ILC,0.0,pbmc5k_to_pbmc10k,totalvi,4,l2
Treg,ILC,0.004149377593360996,pbmc5k_to_pbmc10k,totalvi,4,l2
cDC2,ILC,0.0,pbmc5k_to_pbmc10k,totalvi,4,l2
gdT,ILC,0.0,pbmc5k_to_pbmc10k,totalvi,4,l2
pDC,ILC,0.0,pbmc5k_to_pbmc10k,totalvi,4,l2
B intermediate,MAIT,0.0,pbmc5k_to_pbmc10k,totalvi,4,l2
B memory,MAIT,0.0,pbmc5k_to_pbmc10k,totalvi,4,l2
B naive,MAIT,0.0,pbmc5k_to_pbmc10k,totalvi,4,l2
CD14 Mono,MAIT,0.0,pbmc5k_to_pbmc10k,totalvi,4,l2
CD16 Mono,MAIT,0.0,pbmc5k_to_pbmc10k,totalvi,4,l2
CD4 CTL,MAIT,0.0,pbmc5k_to_pbmc10k,totalvi,4,l2
CD4 Naive,MAIT,0.0,pbmc5k_to_pbmc10k,totalvi,4,l2
CD4 TCM,MAIT,0.0,pbmc5k_to_pbmc10k,totalvi,4,l2
CD4 TEM,MAIT,0.0,pbmc5k_to_pbmc10k,totalvi,4,l2
CD8 Naive,MAIT,0.0,pbmc5k_to_pbmc10k,totalvi,4,l2
CD8 TCM,MAIT,0.0,pbmc5k_to_pbmc10k,totalvi,4,l2
CD8 TEM,MAIT,0.0,pbmc5k_to_pbmc10k,totalvi,4,l2
Eryth,MAIT,0.0,pbmc5k_to_pbmc10k,totalvi,4,l2
ILC,MAIT,0.0,pbmc5k_to_pbmc10k,totalvi,4,l2
MAIT,MAIT,0.016853932584269662,pbmc5k_to_pbmc10k,totalvi,4,l2
NK,MAIT,0.0,pbmc5k_to_pbmc10k,totalvi,4,l2
NK_CD56bright,MAIT,0.0,pbmc5k_to_pbmc10k,totalvi,4,l2
Treg,MAIT,0.0,pbmc5k_to_pbmc10k,totalvi,4,l2
cDC2,MAIT,0.0,pbmc5k_to_pbmc10k,totalvi,4,l2
gdT,MAIT,0.0,pbmc5k_to_pbmc10k,totalvi,4,l2
pDC,MAIT,0.0,pbmc5k_to_pbmc10k,totalvi,4,l2
B intermediate,NK,0.0,pbmc5k_to_pbmc10k,totalvi,4,l2
B memory,NK,0.0,pbmc5k_to_pbmc10k,totalvi,4,l2
B naive,NK,0.0,pbmc5k_to_pbmc10k,totalvi,4,l2
CD14 Mono,NK,0.0,pbmc5k_to_pbmc10k,totalvi,4,l2
CD16 Mono,NK,0.0,pbmc5k_to_pbmc10k,totalvi,4,l2
CD4 CTL,NK,0.041666666666666664,pbmc5k_to_pbmc10k,totalvi,4,l2
CD4 Naive,NK,0.0,pbmc5k_to_pbmc10k,totalvi,4,l2
CD4 TCM,NK,0.0,pbmc5k_to_pbmc10k,totalvi,4,l2
CD4 TEM,NK,0.0,pbmc5k_to_pbmc10k,totalvi,4,l2
CD8 Naive,NK,0.0,pbmc5k_to_pbmc10k,totalvi,4,l2
CD8 TCM,NK,0.0,pbmc5k_to_pbmc10k,totalvi,4,l2
CD8 TEM,NK,0.008130081300813009,pbmc5k_to_pbmc10k,totalvi,4,l2
Eryth,NK,0.0,pbmc5k_to_pbmc10k,totalvi,4,l2
ILC,NK,0.0,pbmc5k_to_pbmc10k,totalvi,4,l2
MAIT,NK,0.0,pbmc5k_to_pbmc10k,totalvi,4,l2
NK,NK,0.9973684210526316,pbmc5k_to_pbmc10k,totalvi,4,l2
NK_CD56bright,NK,0.2571428571428571,pbmc5k_to_pbmc10k,totalvi,4,l2
Treg,NK,0.0,pbmc5k_to_pbmc10k,totalvi,4,l2
cDC2,NK,0.0,pbmc5k_to_pbmc10k,totalvi,4,l2
gdT,NK,0.0,pbmc5k_to_pbmc10k,totalvi,4,l2
pDC,NK,0.0,pbmc5k_to_pbmc10k,totalvi,4,l2
B intermediate,NK_CD56bright,0.0,pbmc5k_to_pbmc10k,totalvi,4,l2
B memory,NK_CD56bright,0.0,pbmc5k_to_pbmc10k,totalvi,4,l2
B naive,NK_CD56bright,0.0,pbmc5k_to_pbmc10k,totalvi,4,l2
CD14 Mono,NK_CD56bright,0.0,pbmc5k_to_pbmc10k,totalvi,4,l2
CD16 Mono,NK_CD56bright,0.0,pbmc5k_to_pbmc10k,totalvi,4,l2
CD4 CTL,NK_CD56bright,0.0,pbmc5k_to_pbmc10k,totalvi,4,l2
CD4 Naive,NK_CD56bright,0.0,pbmc5k_to_pbmc10k,totalvi,4,l2
CD4 TCM,NK_CD56bright,0.0,pbmc5k_to_pbmc10k,totalvi,4,l2
CD4 TEM,NK_CD56bright,0.0,pbmc5k_to_pbmc10k,totalvi,4,l2
CD8 Naive,NK_CD56bright,0.0,pbmc5k_to_pbmc10k,totalvi,4,l2
CD8 TCM,NK_CD56bright,0.0,pbmc5k_to_pbmc10k,totalvi,4,l2
CD8 TEM,NK_CD56bright,0.0,pbmc5k_to_pbmc10k,totalvi,4,l2
Eryth,NK_CD56bright,0.0,pbmc5k_to_pbmc10k,totalvi,4,l2
ILC,NK_CD56bright,0.0,pbmc5k_to_pbmc10k,totalvi,4,l2
MAIT,NK_CD56bright,0.0,pbmc5k_to_pbmc10k,totalvi,4,l2
NK,NK_CD56bright,0.0013157894736842105,pbmc5k_to_pbmc10k,totalvi,4,l2
NK_CD56bright,NK_CD56bright,0.6857142857142857,pbmc5k_to_pbmc10k,totalvi,4,l2
Treg,NK_CD56bright,0.0,pbmc5k_to_pbmc10k,totalvi,4,l2
cDC2,NK_CD56bright,0.0,pbmc5k_to_pbmc10k,totalvi,4,l2
gdT,NK_CD56bright,0.01694915254237288,pbmc5k_to_pbmc10k,totalvi,4,l2
pDC,NK_CD56bright,0.0,pbmc5k_to_pbmc10k,totalvi,4,l2
B intermediate,Treg,0.0,pbmc5k_to_pbmc10k,totalvi,4,l2
B memory,Treg,0.0,pbmc5k_to_pbmc10k,totalvi,4,l2
B naive,Treg,0.0,pbmc5k_to_pbmc10k,totalvi,4,l2
CD14 Mono,Treg,0.0,pbmc5k_to_pbmc10k,totalvi,4,l2
CD16 Mono,Treg,0.0,pbmc5k_to_pbmc10k,totalvi,4,l2
CD4 CTL,Treg,0.0,pbmc5k_to_pbmc10k,totalvi,4,l2
CD4 Naive,Treg,0.0037735849056603774,pbmc5k_to_pbmc10k,totalvi,4,l2
CD4 TCM,Treg,0.12931034482758622,pbmc5k_to_pbmc10k,totalvi,4,l2
CD4 TEM,Treg,0.05338078291814947,pbmc5k_to_pbmc10k,totalvi,4,l2
CD8 Naive,Treg,0.0,pbmc5k_to_pbmc10k,totalvi,4,l2
CD8 TCM,Treg,0.025974025974025976,pbmc5k_to_pbmc10k,totalvi,4,l2
CD8 TEM,Treg,0.0,pbmc5k_to_pbmc10k,totalvi,4,l2
Eryth,Treg,0.0,pbmc5k_to_pbmc10k,totalvi,4,l2
ILC,Treg,0.03076923076923077,pbmc5k_to_pbmc10k,totalvi,4,l2
MAIT,Treg,0.0,pbmc5k_to_pbmc10k,totalvi,4,l2
NK,Treg,0.0,pbmc5k_to_pbmc10k,totalvi,4,l2
NK_CD56bright,Treg,0.0,pbmc5k_to_pbmc10k,totalvi,4,l2
Treg,Treg,0.5809128630705395,pbmc5k_to_pbmc10k,totalvi,4,l2
cDC2,Treg,0.0,pbmc5k_to_pbmc10k,totalvi,4,l2
gdT,Treg,0.01694915254237288,pbmc5k_to_pbmc10k,totalvi,4,l2
pDC,Treg,0.0,pbmc5k_to_pbmc10k,totalvi,4,l2
B intermediate,cDC2,0.0,pbmc5k_to_pbmc10k,totalvi,4,l2
B memory,cDC2,0.0,pbmc5k_to_pbmc10k,totalvi,4,l2
B naive,cDC2,0.0,pbmc5k_to_pbmc10k,totalvi,4,l2
CD14 Mono,cDC2,0.0,pbmc5k_to_pbmc10k,totalvi,4,l2
CD16 Mono,cDC2,0.009708737864077669,pbmc5k_to_pbmc10k,totalvi,4,l2
CD4 CTL,cDC2,0.0,pbmc5k_to_pbmc10k,totalvi,4,l2
CD4 Naive,cDC2,0.0,pbmc5k_to_pbmc10k,totalvi,4,l2
CD4 TCM,cDC2,0.0,pbmc5k_to_pbmc10k,totalvi,4,l2
CD4 TEM,cDC2,0.0,pbmc5k_to_pbmc10k,totalvi,4,l2
CD8 Naive,cDC2,0.0,pbmc5k_to_pbmc10k,totalvi,4,l2
CD8 TCM,cDC2,0.0,pbmc5k_to_pbmc10k,totalvi,4,l2
CD8 TEM,cDC2,0.0,pbmc5k_to_pbmc10k,totalvi,4,l2
Eryth,cDC2,0.0,pbmc5k_to_pbmc10k,totalvi,4,l2
ILC,cDC2,0.0,pbmc5k_to_pbmc10k,totalvi,4,l2
MAIT,cDC2,0.0,pbmc5k_to_pbmc10k,totalvi,4,l2
NK,cDC2,0.0,pbmc5k_to_pbmc10k,totalvi,4,l2
NK_CD56bright,cDC2,0.0,pbmc5k_to_pbmc10k,totalvi,4,l2
Treg,cDC2,0.0,pbmc5k_to_pbmc10k,totalvi,4,l2
cDC2,cDC2,0.7851851851851852,pbmc5k_to_pbmc10k,totalvi,4,l2
gdT,cDC2,0.0,pbmc5k_to_pbmc10k,totalvi,4,l2
pDC,cDC2,0.0,pbmc5k_to_pbmc10k,totalvi,4,l2
B intermediate,gdT,0.0,pbmc5k_to_pbmc10k,totalvi,4,l2
B memory,gdT,0.0,pbmc5k_to_pbmc10k,totalvi,4,l2
B naive,gdT,0.0,pbmc5k_to_pbmc10k,totalvi,4,l2
CD14 Mono,gdT,0.0,pbmc5k_to_pbmc10k,totalvi,4,l2
CD16 Mono,gdT,0.0,pbmc5k_to_pbmc10k,totalvi,4,l2
CD4 CTL,gdT,0.08333333333333333,pbmc5k_to_pbmc10k,totalvi,4,l2
CD4 Naive,gdT,0.0,pbmc5k_to_pbmc10k,totalvi,4,l2
CD4 TCM,gdT,0.0,pbmc5k_to_pbmc10k,totalvi,4,l2
CD4 TEM,gdT,0.0,pbmc5k_to_pbmc10k,totalvi,4,l2
CD8 Naive,gdT,0.0,pbmc5k_to_pbmc10k,totalvi,4,l2
CD8 TCM,gdT,0.03896103896103896,pbmc5k_to_pbmc10k,totalvi,4,l2
CD8 TEM,gdT,0.06097560975609756,pbmc5k_to_pbmc10k,totalvi,4,l2
Eryth,gdT,0.0,pbmc5k_to_pbmc10k,totalvi,4,l2
ILC,gdT,0.0,pbmc5k_to_pbmc10k,totalvi,4,l2
MAIT,gdT,0.5084269662921348,pbmc5k_to_pbmc10k,totalvi,4,l2
NK,gdT,0.0013157894736842105,pbmc5k_to_pbmc10k,totalvi,4,l2
NK_CD56bright,gdT,0.05714285714285714,pbmc5k_to_pbmc10k,totalvi,4,l2
Treg,gdT,0.0,pbmc5k_to_pbmc10k,totalvi,4,l2
cDC2,gdT,0.0,pbmc5k_to_pbmc10k,totalvi,4,l2
gdT,gdT,0.3389830508474576,pbmc5k_to_pbmc10k,totalvi,4,l2
pDC,gdT,0.0,pbmc5k_to_pbmc10k,totalvi,4,l2
B intermediate,pDC,0.0,pbmc5k_to_pbmc10k,totalvi,4,l2
B memory,pDC,0.0,pbmc5k_to_pbmc10k,totalvi,4,l2
B naive,pDC,0.0,pbmc5k_to_pbmc10k,totalvi,4,l2
CD14 Mono,pDC,0.0,pbmc5k_to_pbmc10k,totalvi,4,l2
CD16 Mono,pDC,0.0,pbmc5k_to_pbmc10k,totalvi,4,l2
CD4 CTL,pDC,0.0,pbmc5k_to_pbmc10k,totalvi,4,l2
CD4 Naive,pDC,0.0,pbmc5k_to_pbmc10k,totalvi,4,l2
CD4 TCM,pDC,0.0,pbmc5k_to_pbmc10k,totalvi,4,l2
CD4 TEM,pDC,0.0,pbmc5k_to_pbmc10k,totalvi,4,l2
CD8 Naive,pDC,0.0,pbmc5k_to_pbmc10k,totalvi,4,l2
CD8 TCM,pDC,0.0,pbmc5k_to_pbmc10k,totalvi,4,l2
CD8 TEM,pDC,0.0,pbmc5k_to_pbmc10k,totalvi,4,l2
Eryth,pDC,0.0,pbmc5k_to_pbmc10k,totalvi,4,l2
ILC,pDC,0.0,pbmc5k_to_pbmc10k,totalvi,4,l2
MAIT,pDC,0.0,pbmc5k_to_pbmc10k,totalvi,4,l2
NK,pDC,0.0,pbmc5k_to_pbmc10k,totalvi,4,l2
NK_CD56bright,pDC,0.0,pbmc5k_to_pbmc10k,totalvi,4,l2
Treg,pDC,0.0,pbmc5k_to_pbmc10k,totalvi,4,l2
cDC2,pDC,0.0,pbmc5k_to_pbmc10k,totalvi,4,l2
gdT,pDC,0.0,pbmc5k_to_pbmc10k,totalvi,4,l2
pDC,pDC,1.0,pbmc5k_to_pbmc10k,totalvi,4,l2
B,B,0.9918864097363083,pbmc5k_to_pbmc10k,scvi_matched,4,l1
CD4 T,B,0.0,pbmc5k_to_pbmc10k,scvi_matched,4,l1
CD8 T,B,0.0,pbmc5k_to_pbmc10k,scvi_matched,4,l1
DC,B,0.0,pbmc5k_to_pbmc10k,scvi_matched,4,l1
Mono,B,0.0,pbmc5k_to_pbmc10k,scvi_matched,4,l1
NK,B,0.0,pbmc5k_to_pbmc10k,scvi_matched,4,l1
other,B,0.0182648401826484,pbmc5k_to_pbmc10k,scvi_matched,4,l1
other T,B,0.0,pbmc5k_to_pbmc10k,scvi_matched,4,l1
B,CD4 T,0.004056795131845842,pbmc5k_to_pbmc10k,scvi_matched,4,l1
CD4 T,CD4 T,0.9922239502332815,pbmc5k_to_pbmc10k,scvi_matched,4,l1
CD8 T,CD4 T,0.5635528330781011,pbmc5k_to_pbmc10k,scvi_matched,4,l1
DC,CD4 T,0.0,pbmc5k_to_pbmc10k,scvi_matched,4,l1
Mono,CD4 T,0.0,pbmc5k_to_pbmc10k,scvi_matched,4,l1
NK,CD4 T,0.0,pbmc5k_to_pbmc10k,scvi_matched,4,l1
other,CD4 T,0.2602739726027397,pbmc5k_to_pbmc10k,scvi_matched,4,l1
other T,CD4 T,0.37067209775967414,pbmc5k_to_pbmc10k,scvi_matched,4,l1
B,CD8 T,0.0,pbmc5k_to_pbmc10k,scvi_matched,4,l1
CD4 T,CD8 T,0.00673924313115604,pbmc5k_to_pbmc10k,scvi_matched,4,l1
CD8 T,CD8 T,0.4165390505359878,pbmc5k_to_pbmc10k,scvi_matched,4,l1
DC,CD8 T,0.0,pbmc5k_to_pbmc10k,scvi_matched,4,l1
Mono,CD8 T,0.0,pbmc5k_to_pbmc10k,scvi_matched,4,l1
NK,CD8 T,0.006157635467980296,pbmc5k_to_pbmc10k,scvi_matched,4,l1
other,CD8 T,0.0,pbmc5k_to_pbmc10k,scvi_matched,4,l1
other T,CD8 T,0.059063136456211814,pbmc5k_to_pbmc10k,scvi_matched,4,l1
B,DC,0.0,pbmc5k_to_pbmc10k,scvi_matched,4,l1
CD4 T,DC,0.0,pbmc5k_to_pbmc10k,scvi_matched,4,l1
CD8 T,DC,0.0,pbmc5k_to_pbmc10k,scvi_matched,4,l1
DC,DC,0.6666666666666666,pbmc5k_to_pbmc10k,scvi_matched,4,l1
Mono,DC,0.0,pbmc5k_to_pbmc10k,scvi_matched,4,l1
NK,DC,0.0,pbmc5k_to_pbmc10k,scvi_matched,4,l1
other,DC,0.0,pbmc5k_to_pbmc10k,scvi_matched,4,l1
other T,DC,0.0,pbmc5k_to_pbmc10k,scvi_matched,4,l1
B,Mono,0.0,pbmc5k_to_pbmc10k,scvi_matched,4,l1
CD4 T,Mono,0.0,pbmc5k_to_pbmc10k,scvi_matched,4,l1
CD8 T,Mono,0.0,pbmc5k_to_pbmc10k,scvi_matched,4,l1
DC,Mono,0.32727272727272727,pbmc5k_to_pbmc10k,scvi_matched,4,l1
Mono,Mono,0.9873134328358208,pbmc5k_to_pbmc10k,scvi_matched,4,l1
NK,Mono,0.0,pbmc5k_to_pbmc10k,scvi_matched,4,l1
other,Mono,0.228310502283105,pbmc5k_to_pbmc10k,scvi_matched,4,l1
other T,Mono,0.0,pbmc5k_to_pbmc10k,scvi_matched,4,l1
B,NK,0.004056795131845842,pbmc5k_to_pbmc10k,scvi_matched,4,l1
CD4 T,NK,0.0,pbmc5k_to_pbmc10k,scvi_matched,4,l1
CD8 T,NK,0.013782542113323124,pbmc5k_to_pbmc10k,scvi_matched,4,l1
DC,NK,0.006060606060606061,pbmc5k_to_pbmc10k,scvi_matched,4,l1
Mono,NK,0.0,pbmc5k_to_pbmc10k,scvi_matched,4,l1
NK,NK,0.9778325123152709,pbmc5k_to_pbmc10k,scvi_matched,4,l1
other,NK,0.0091324200913242,pbmc5k_to_pbmc10k,scvi_matched,4,l1
other T,NK,0.02240325865580448,pbmc5k_to_pbmc10k,scvi_matched,4,l1
B,other,0.0,pbmc5k_to_pbmc10k,scvi_matched,4,l1
CD4 T,other,0.0005184033177812338,pbmc5k_to_pbmc10k,scvi_matched,4,l1
CD8 T,other,0.0,pbmc5k_to_pbmc10k,scvi_matched,4,l1
DC,other,0.0,pbmc5k_to_pbmc10k,scvi_matched,4,l1
Mono,other,0.012686567164179104,pbmc5k_to_pbmc10k,scvi_matched,4,l1
NK,other,0.0012315270935960591,pbmc5k_to_pbmc10k,scvi_matched,4,l1
other,other,0.4657534246575342,pbmc5k_to_pbmc10k,scvi_matched,4,l1
other T,other,0.002036659877800407,pbmc5k_to_pbmc10k,scvi_matched,4,l1
B,other T,0.0,pbmc5k_to_pbmc10k,scvi_matched,4,l1
CD4 T,other T,0.0005184033177812338,pbmc5k_to_pbmc10k,scvi_matched,4,l1
CD8 T,other T,0.006125574272588055,pbmc5k_to_pbmc10k,scvi_matched,4,l1
DC,other T,0.0,pbmc5k_to_pbmc10k,scvi_matched,4,l1
Mono,other T,0.0,pbmc5k_to_pbmc10k,scvi_matched,4,l1
NK,other T,0.014778325123152709,pbmc5k_to_pbmc10k,scvi_matched,4,l1
other,other T,0.0182648401826484,pbmc5k_to_pbmc10k,scvi_matched,4,l1
other T,other T,0.5458248472505092,pbmc5k_to_pbmc10k,scvi_matched,4,l1
B,B,0.9959432048681541,pbmc5k_to_pbmc10k,totalvi,4,l1
CD4 T,B,0.0,pbmc5k_to_pbmc10k,totalvi,4,l1
CD8 T,B,0.0,pbmc5k_to_pbmc10k,totalvi,4,l1
DC,B,0.006060606060606061,pbmc5k_to_pbmc10k,totalvi,4,l1
Mono,B,0.0,pbmc5k_to_pbmc10k,totalvi,4,l1
NK,B,0.0,pbmc5k_to_pbmc10k,totalvi,4,l1
other,B,0.0228310502283105,pbmc5k_to_pbmc10k,totalvi,4,l1
other T,B,0.0,pbmc5k_to_pbmc10k,totalvi,4,l1
B,CD4 T,0.0,pbmc5k_to_pbmc10k,totalvi,4,l1
CD4 T,CD4 T,0.9906687402799378,pbmc5k_to_pbmc10k,totalvi,4,l1
CD8 T,CD4 T,0.0995405819295559,pbmc5k_to_pbmc10k,totalvi,4,l1
DC,CD4 T,0.0,pbmc5k_to_pbmc10k,totalvi,4,l1
Mono,CD4 T,0.0,pbmc5k_to_pbmc10k,totalvi,4,l1
NK,CD4 T,0.0,pbmc5k_to_pbmc10k,totalvi,4,l1
other,CD4 T,0.2420091324200913,pbmc5k_to_pbmc10k,totalvi,4,l1
other T,CD4 T,0.18533604887983707,pbmc5k_to_pbmc10k,totalvi,4,l1
B,CD8 T,0.004056795131845842,pbmc5k_to_pbmc10k,totalvi,4,l1
CD4 T,CD8 T,0.006220839813374806,pbmc5k_to_pbmc10k,totalvi,4,l1
CD8 T,CD8 T,0.8713629402756509,pbmc5k_to_pbmc10k,totalvi,4,l1
DC,CD8 T,0.0,pbmc5k_to_pbmc10k,totalvi,4,l1
Mono,CD8 T,0.0,pbmc5k_to_pbmc10k,totalvi,4,l1
NK,CD8 T,0.0,pbmc5k_to_pbmc10k,totalvi,4,l1
other,CD8 T,0.0045662100456621,pbmc5k_to_pbmc10k,totalvi,4,l1
other T,CD8 T,0.12016293279022404,pbmc5k_to_pbmc10k,totalvi,4,l1
B,DC,0.0,pbmc5k_to_pbmc10k,totalvi,4,l1
CD4 T,DC,0.0,pbmc5k_to_pbmc10k,totalvi,4,l1
CD8 T,DC,0.0,pbmc5k_to_pbmc10k,totalvi,4,l1
DC,DC,0.7696969696969697,pbmc5k_to_pbmc10k,totalvi,4,l1
Mono,DC,0.0,pbmc5k_to_pbmc10k,totalvi,4,l1
NK,DC,0.0,pbmc5k_to_pbmc10k,totalvi,4,l1
other,DC,0.0,pbmc5k_to_pbmc10k,totalvi,4,l1
other T,DC,0.0,pbmc5k_to_pbmc10k,totalvi,4,l1
B,Mono,0.0,pbmc5k_to_pbmc10k,totalvi,4,l1
CD4 T,Mono,0.0,pbmc5k_to_pbmc10k,totalvi,4,l1
CD8 T,Mono,0.0,pbmc5k_to_pbmc10k,totalvi,4,l1
DC,Mono,0.21818181818181817,pbmc5k_to_pbmc10k,totalvi,4,l1
Mono,Mono,0.9940298507462687,pbmc5k_to_pbmc10k,totalvi,4,l1
NK,Mono,0.0,pbmc5k_to_pbmc10k,totalvi,4,l1
other,Mono,0.2602739726027397,pbmc5k_to_pbmc10k,totalvi,4,l1
other T,Mono,0.0,pbmc5k_to_pbmc10k,totalvi,4,l1
B,NK,0.0,pbmc5k_to_pbmc10k,totalvi,4,l1
CD4 T,NK,0.0,pbmc5k_to_pbmc10k,totalvi,4,l1
CD8 T,NK,0.006125574272588055,pbmc5k_to_pbmc10k,totalvi,4,l1
DC,NK,0.006060606060606061,pbmc5k_to_pbmc10k,totalvi,4,l1
Mono,NK,0.0,pbmc5k_to_pbmc10k,totalvi,4,l1
NK,NK,0.9901477832512315,pbmc5k_to_pbmc10k,totalvi,4,l1
other,NK,0.0,pbmc5k_to_pbmc10k,totalvi,4,l1
other T,NK,0.0,pbmc5k_to_pbmc10k,totalvi,4,l1
B,other,0.0,pbmc5k_to_pbmc10k,totalvi,4,l1
CD4 T,other,0.0005184033177812338,pbmc5k_to_pbmc10k,totalvi,4,l1
CD8 T,other,0.0,pbmc5k_to_pbmc10k,totalvi,4,l1
DC,other,0.0,pbmc5k_to_pbmc10k,totalvi,4,l1
Mono,other,0.005970149253731343,pbmc5k_to_pbmc10k,totalvi,4,l1
NK,other,0.0012315270935960591,pbmc5k_to_pbmc10k,totalvi,4,l1
other,other,0.4657534246575342,pbmc5k_to_pbmc10k,totalvi,4,l1
other T,other,0.004073319755600814,pbmc5k_to_pbmc10k,totalvi,4,l1
B,other T,0.0,pbmc5k_to_pbmc10k,totalvi,4,l1
CD4 T,other T,0.002592016588906169,pbmc5k_to_pbmc10k,totalvi,4,l1
CD8 T,other T,0.022970903522205207,pbmc5k_to_pbmc10k,totalvi,4,l1
DC,other T,0.0,pbmc5k_to_pbmc10k,totalvi,4,l1
Mono,other T,0.0,pbmc5k_to_pbmc10k,totalvi,4,l1
NK,other T,0.008620689655172414,pbmc5k_to_pbmc10k,totalvi,4,l1
other,other T,0.0045662100456621,pbmc5k_to_pbmc10k,totalvi,4,l1
other T,other T,0.6904276985743381,pbmc5k_to_pbmc10k,totalvi,4,l1
