cell_id,source_row_index,cell_type_l1,cell_type_l2
PBMC10k_AAACCCACATCGGTTA-1,1,Mono,CD14 Mono
PBMC10k_AAACCCAGTACCGCGT-1,2,Mono,CD14 Mono
PBMC10k_AAACCCAGTCGTCATA-1,4,NK,NK
PBMC10k_AAACCCAGTCTACACA-1,5,Mono,CD14 Mono
PBMC10k_AAACCCAGTGCAAGAC-1,6,Mono,CD14 Mono
PBMC10k_AAACCCATCCGATGTA-1,8,CD4 T,CD4 Naive
PBMC10k_AAACCCATCTCAACGA-1,9,CD4 T,CD4 Naive
PBMC10k_AAACGAACAATCGTCA-1,11,CD4 T,CD4 Naive
PBMC10k_AAACGAACACGATTCA-1,12,CD4 T,CD4 TCM
PBMC10k_AAACGAACAGCTGTCG-1,13,B,B memory
PBMC10k_AAACGAAGTGATTAGA-1,14,CD4 T,Treg
PBMC10k_AAACGAAGTTGGGATG-1,15,CD4 T,Treg
PBMC10k_AAACGCTAGACATAGT-1,17,other,Eryth
PBMC10k_AAACGCTAGAGGCGTT-1,18,Mono,CD14 Mono
PBMC10k_AAACGCTCAGACAATA-1,19,Mono,CD14 Mono
PBMC10k_AAACGCTGTAGCACAG-1,21,CD4 T,CD4 Naive
PBMC10k_AAACGCTTCGGCCTTT-1,24,CD4 T,CD4 Naive
PBMC10k_AAAGAACAGGATTCCT-1,25,other,Eryth
PBMC10k_AAAGAACAGGTAGACC-1,26,Mono,CD14 Mono
PBMC10k_AAAGAACCAAAGCTAA-1,27,DC,cDC2
PBMC10k_AAAGAACCACTGTGTA-1,29,B,B intermediate
PBMC10k_AAAGAACGTACAGTTC-1,31,CD4 T,CD4 Naive
PBMC10k_AAAGGATAGCAGGCTA-1,33,other,ILC
PBMC10k_AAAGGATAGCAGTAAT-1,34,CD4 T,Treg
PBMC10k_AAAGGATAGCTTGTGT-1,36,Mono,CD14 Mono
PBMC10k_AAAGGATAGTACTCGT-1,37,Mono,CD14 Mono
PBMC10k_AAAGGATAGTCACTAC-1,38,NK,NK Proliferating
PBMC10k_AAAGGATCACAACGCC-1,41,CD4 T,CD4 TCM
PBMC10k_AAAGGATCACCGAATT-1,42,CD4 T,CD4 Naive
PBMC10k_AAAGGATCATCCCGTT-1,44,CD4 T,Treg
PBMC10k_AAAGGATGTATACAGA-1,45,CD4 T,CD4 TCM
PBMC10k_AAAGGATGTTTCCCAC-1,46,Mono,CD14 Mono
PBMC10k_AAAGGGCAGCATGAAT-1,49,Mono,CD14 Mono
PBMC10k_AAAGGGCCATTGAGGG-1,50,CD4 T,CD4 Naive
PBMC10k_AAAGGGCGTATCGAGG-1,51,CD8 T,CD8 Proliferating
PBMC10k_AAAGGGCGTCCTATAG-1,52,CD4 T,CD4 TCM
PBMC10k_AAAGGGCGTGGCGTAA-1,53,CD4 T,CD4 TCM
PBMC10k_AAAGGTAAGGTTAAAC-1,57,DC,cDC2
PBMC10k_AAAGGTAAGTGTTGTC-1,58,other T,MAIT
PBMC10k_AAAGTCCAGGCATCGA-1,63,DC,cDC2
PBMC10k_AAAGTCCCACGGCGTT-1,64,Mono,CD16 Mono
PBMC10k_AAAGTCCCACTACCCT-1,65,Mono,CD14 Mono
PBMC10k_AAAGTGAAGACCCTTA-1,68,other T,gdT
PBMC10k_AAAGTGAAGAGCTGCA-1,70,CD8 T,CD8 Naive
PBMC10k_AAAGTGACAGCGGTCT-1,72,CD4 T,CD4 Naive
PBMC10k_AAAGTGACATAACGGG-1,73,other,Eryth
PBMC10k_AAAGTGAGTCCAATCA-1,74,CD4 T,CD4 TCM
PBMC10k_AAAGTGAGTGGACCAA-1,75,CD4 T,CD4 TCM
PBMC10k_AAAGTGATCTGTCGCT-1,77,CD4 T,CD4 CTL
PBMC10k_AAATGGATCAATCAGC-1,78,CD4 T,CD4 Naive
PBMC10k_AAATGGATCCATCTGC-1,79,other T,MAIT
PBMC10k_AACAAAGAGAAACTAC-1,80,NK,NK
PBMC10k_AACAAAGAGGCAATGC-1,81,CD4 T,CD4 TCM
PBMC10k_AACAAAGCAATGTTGC-1,82,B,B memory
PBMC10k_AACAAAGGTTTCGGCG-1,83,Mono,CD14 Mono
PBMC10k_AACAACCTCTCCAATT-1,90,CD4 T,CD4 TCM
PBMC10k_AACAAGACATCGATGT-1,91,CD4 T,CD4 Naive
PBMC10k_AACAAGAGTTAACAGA-1,92,B,B intermediate
PBMC10k_AACAAGATCTGTCGTC-1,93,B,B intermediate
PBMC10k_AACACACAGCTGTACT-1,94,CD4 T,CD4 TCM
PBMC10k_AACACACAGGGAGTGG-1,96,CD4 T,CD4 TCM
PBMC10k_AACACACGTTAGTTCG-1,97,CD4 T,CD4 TEM
PBMC10k_AACACACTCTGCGAGC-1,98,CD8 T,CD8 TEM
PBMC10k_AACAGGGAGCTGGCTC-1,100,CD4 T,CD4 TCM
PBMC10k_AACAGGGAGGTCACCC-1,101,Mono,CD14 Mono
PBMC10k_AACAGGGAGGTTAAAC-1,102,DC,cDC2
PBMC10k_AACAGGGCAAGTTCCA-1,103,NK,NK
PBMC10k_AACAGGGCAGCTACTA-1,106,Mono,CD14 Mono
PBMC10k_AACCAACAGTATGACA-1,110,Mono,CD14 Mono
PBMC10k_AACCAACGTACTCGAT-1,112,Mono,CD14 Mono
PBMC10k_AACCAACGTCATCGCG-1,113,DC,cDC2
PBMC10k_AACCACAAGGTAGATT-1,114,NK,NK_CD56bright
PBMC10k_AACCACACAGCGTTGC-1,115,other T,MAIT
PBMC10k_AACCACACAGGTGACA-1,116,CD4 T,CD4 TCM
PBMC10k_AACCACAGTCACCTTC-1,117,NK,NK
PBMC10k_AACCACAGTTCGCGTG-1,119,CD4 T,CD4 TCM
PBMC10k_AACCACATCAAACCTG-1,120,CD4 T,CD4 TCM
PBMC10k_AACCACATCGTGCAGC-1,121,other T,dnT
PBMC10k_AACCATGAGAAGAGCA-1,122,B,B naive
PBMC10k_AACCATGGTTCGTAAC-1,124,NK,NK
PBMC10k_AACCATGTCCCAAGCG-1,126,CD4 T,CD4 TCM
PBMC10k_AACCCAAGTCGGTGAA-1,128,CD8 T,CD8 TCM
PBMC10k_AACCTGACATCCCGTT-1,131,other T,MAIT
PBMC10k_AACCTGATCCATGATG-1,134,Mono,CD14 Mono
PBMC10k_AACCTGATCGGTAGAG-1,136,CD8 T,CD8 TEM
PBMC10k_AACCTTTAGCTCAGAG-1,138,CD8 T,CD8 Naive
PBMC10k_AACCTTTCAATTGCAC-1,139,CD4 T,CD4 Naive
PBMC10k_AACCTTTCAGTAGTGG-1,142,B,B naive
PBMC10k_AACCTTTTCCTTATCA-1,144,Mono,CD14 Mono
PBMC10k_AACCTTTTCGGTCATA-1,146,CD4 T,CD4 Naive
PBMC10k_AACGAAAAGACGAAGA-1,147,other T,dnT
PBMC10k_AACGAAAAGCTTGTGT-1,148,CD4 T,CD4 TCM
PBMC10k_AACGAAAAGTGGTTCT-1,150,Mono,CD14 Mono
PBMC10k_AACGAAACACCATTCC-1,152,Mono,CD14 Mono
PBMC10k_AACGAAATCACCACAA-1,153,other T,dnT
PBMC10k_AACGGGAAGCACGATG-1,156,CD8 T,CD8 Proliferating
PBMC10k_AACGGGACATGATCTG-1,159,CD4 T,CD4 Naive
PBMC10k_AACGGGACATTGTGCA-1,160,B,B intermediate
PBMC10k_AACGGGATCCATAAGC-1,161,Mono,CD14 Mono
PBMC10k_AACGTCAAGAGTCAGC-1,163,Mono,CD14 Mono
PBMC10k_AACGTCACACCTCTAC-1,164,Mono,CD14 Mono
PBMC10k_AACGTCATCGGCTGGT-1,167,other T,MAIT
PBMC10k_AACTTCTCATCATCCC-1,168,B,B memory
PBMC10k_AACTTCTGTACTGAGG-1,170,Mono,CD14 Mono
PBMC10k_AACTTCTTCTCTTCAA-1,173,CD4 T,CD4 TCM
PBMC10k_AAGAACAAGCCTCTCT-1,174,B,B naive
PBMC10k_AAGAACAAGTTACGAA-1,175,other,HSPC
PBMC10k_AAGAACAAGTTGAAAC-1,176,B,B memory
PBMC10k_AAGAACACAGCTACTA-1,178,CD4 T,CD4 TCM
PBMC10k_AAGAACATCACCGCTT-1,181,CD4 T,Treg
PBMC10k_AAGACAAGTCTATGAC-1,185,Mono,CD14 Mono
PBMC10k_AAGACTCAGGGCATGT-1,188,other T,MAIT
PBMC10k_AAGACTCAGTATAGAC-1,189,NK,NK
PBMC10k_AAGACTCTCACGTCCT-1,192,DC,cDC2
PBMC10k_AAGACTCTCATGAGGG-1,193,CD4 T,Treg
PBMC10k_AAGACTCTCGAGAACG-1,195,CD4 T,CD4 TCM
PBMC10k_AAGACTCTCTATCACT-1,196,B,B naive
PBMC10k_AAGACTCTCTCTTAAC-1,197,other T,MAIT
PBMC10k_AAGATAGAGAAAGCGA-1,198,NK,NK_CD56bright
PBMC10k_AAGATAGAGAGCCATG-1,199,other,Eryth
PBMC10k_AAGATAGAGCGAACTG-1,200,Mono,CD16 Mono
PBMC10k_AAGATAGGTAGCTGAG-1,201,CD4 T,CD4 Naive
PBMC10k_AAGATAGGTGCCGGTT-1,202,NK,NK
PBMC10k_AAGATAGGTTAGAGTA-1,203,other T,dnT
PBMC10k_AAGATAGTCACTGCTC-1,204,CD4 T,CD4 TEM
PBMC10k_AAGATAGTCTCGCTTG-1,205,CD4 T,CD4 Naive
PBMC10k_AAGCATCAGTGGAATT-1,206,Mono,CD14 Mono
PBMC10k_AAGCATCCAATACCTG-1,207,CD8 T,CD8 TEM
PBMC10k_AAGCATCCAGCCTATA-1,208,CD4 T,CD4 TEM
PBMC10k_AAGCATCGTCTAACTG-1,209,CD4 T,Treg
PBMC10k_AAGCATCTCCCTCGTA-1,211,Mono,CD14 Mono
PBMC10k_AAGCATCTCTAACGCA-1,213,CD4 T,CD4 TCM
PBMC10k_AAGCCATAGGTCATCT-1,214,Mono,CD14 Mono
PBMC10k_AAGCCATCAGACGATG-1,215,CD4 T,CD4 TEM
PBMC10k_AAGCCATCAGAGAGGG-1,216,Mono,CD14 Mono
PBMC10k_AAGCCATTCAAGAATG-1,218,other,ILC
PBMC10k_AAGCGAGAGGTAAGGA-1,219,Mono,CD14 Mono
PBMC10k_AAGCGAGAGTCTTCCC-1,220,Mono,CD14 Mono
PBMC10k_AAGCGAGTCACTTATC-1,227,Mono,CD14 Mono
PBMC10k_AAGCGAGTCCTGTTGC-1,228,Mono,CD14 Mono
PBMC10k_AAGCGAGTCTGAATCG-1,229,B,B memory
PBMC10k_AAGCGTTCAACGATTC-1,230,CD4 T,CD4 Naive
PBMC10k_AAGCGTTCAATGTGGG-1,231,NK,NK
PBMC10k_AAGCGTTGTGCCGAAA-1,234,Mono,CD14 Mono
PBMC10k_AAGCGTTTCAGACCGC-1,236,CD4 T,CD4 TEM
PBMC10k_AAGGAATAGCGAGTCA-1,237,CD4 T,CD4 TCM
PBMC10k_AAGGAATTCTCCAATT-1,240,CD8 T,CD8 TEM
PBMC10k_AAGGTAAGTGAAGCGT-1,243,other,Eryth
PBMC10k_AAGTACCAGAGACAAG-1,247,B,B intermediate
PBMC10k_AAGTACCAGTCTCTGA-1,249,B,B memory
PBMC10k_AAGTACCCAAGCGCTC-1,250,B,B intermediate
PBMC10k_AAGTACCTCTACCACC-1,252,Mono,CD14 Mono
PBMC10k_AAGTCGTAGTAAATGC-1,254,B,B naive
PBMC10k_AAGTCGTCACTTCATT-1,256,other T,MAIT
PBMC10k_AAGTCGTGTACCGGCT-1,257,Mono,CD14 Mono
PBMC10k_AAGTCGTGTGCAGATG-1,258,Mono,CD16 Mono
PBMC10k_AAGTCGTTCCAGCAAT-1,259,CD4 T,CD4 Naive
PBMC10k_AAGTGAACATCCAACA-1,262,Mono,CD14 Mono
PBMC10k_AAGTGAAGTACTTCCC-1,263,Mono,CD14 Mono
PBMC10k_AAGTGAAGTAGATGTA-1,264,CD4 T,CD4 Naive
PBMC10k_AAGTGAATCTCACGAA-1,266,CD8 T,CD8 Naive
PBMC10k_AAGTTCGGTCGTGGTC-1,268,CD4 T,CD4 Naive
PBMC10k_AAGTTCGTCGGTTAGT-1,271,other,Eryth
PBMC10k_AATAGAGAGAGGGTGG-1,273,CD8 T,CD8 TEM
PBMC10k_AATCACGGTGCATGAG-1,279,other T,MAIT
PBMC10k_AATCACGGTTGGAGGT-1,280,CD4 T,CD4 TCM
PBMC10k_AATCACGTCAGTGCGC-1,281,Mono,CD14 Mono
PBMC10k_AATCACGTCCGGCAGT-1,282,Mono,CD14 Mono
PBMC10k_AATCACGTCTGGGCCA-1,284,Mono,CD14 Mono
PBMC10k_AATCGACAGCAGGTCA-1,286,CD4 T,CD4 Naive
PBMC10k_AATCGACCAATGGCCC-1,287,CD4 T,CD4 TEM
PBMC10k_AATCGACCACCTGAAT-1,288,NK,NK
PBMC10k_AATCGACCAGATACCT-1,289,CD4 T,CD4 Naive
PBMC10k_AATCGACCAGGGAATC-1,291,CD8 T,CD8 Naive
PBMC10k_AATCGTGAGGGACACT-1,296,other,ILC
PBMC10k_AATCGTGTCCCAATAG-1,297,other T,dnT
PBMC10k_AATCGTGTCTAACGGT-1,298,CD4 T,CD4 Naive
PBMC10k_AATGAAGAGTGTTGAA-1,300,CD4 T,CD4 TCM
PBMC10k_AATGAAGCATTCGGGC-1,301,other,Eryth
PBMC10k_AATGACCGTCTACATG-1,307,other T,MAIT
PBMC10k_AATGACCGTTAAGGGC-1,308,Mono,CD14 Mono
PBMC10k_AATGACCGTTAGCGGA-1,309,NK,NK
PBMC10k_AATGACCGTTTGACAC-1,310,B,B memory
PBMC10k_AATGACCTCATCGCCT-1,311,B,B naive
PBMC10k_AATGCCAAGCTAAACA-1,312,CD4 T,CD4 TCM
PBMC10k_AATGCCACAACGAGGT-1,314,CD4 T,CD4 Naive
PBMC10k_AATGCCACAAGACAAT-1,315,B,B naive
PBMC10k_AATGCCACACATCCCT-1,316,NK,NK
PBMC10k_AATGCCAGTGTATTCG-1,317,CD4 T,CD4 TCM
PBMC10k_AATGGAAAGCGTTGTT-1,321,NK,NK
PBMC10k_AATGGAACACAAGGTG-1,324,CD8 T,CD8 TEM
PBMC10k_AATGGAATCCACAGGC-1,328,other,Eryth
PBMC10k_AATGGCTAGTATGAAC-1,329,NK,NK
PBMC10k_AATGGCTGTACGCGTC-1,330,CD8 T,CD8 TCM
PBMC10k_AATGGCTGTTCTCAGA-1,331,Mono,CD14 Mono
PBMC10k_AATGGCTTCCACTTCG-1,332,Mono,CD14 Mono
PBMC10k_AATTCCTAGCTTGTTG-1,334,NK,NK
PBMC10k_AATTCCTCAGGGTCTC-1,338,CD4 T,CD4 Naive
PBMC10k_AATTCCTCATCCGTTC-1,340,Mono,CD14 Mono
PBMC10k_AATTCCTGTGGTCTAT-1,341,CD4 T,CD4 Naive
PBMC10k_AATTCCTTCAGCGCGT-1,342,CD8 T,CD8 TEM
PBMC10k_AATTTCCGTTGCTCCT-1,347,CD4 T,CD4 TEM
PBMC10k_AATTTCCTCAAGTGTC-1,349,Mono,CD14 Mono
PBMC10k_ACAAAGAAGGCTCACC-1,350,CD4 T,CD4 TCM
PBMC10k_ACAAAGAAGTCATAGA-1,351,Mono,CD14 Mono
PBMC10k_ACAAAGACAAATCAAG-1,352,NK,NK
PBMC10k_ACAAAGAGTTAAGAAC-1,356,CD8 T,CD8 TEM
PBMC10k_ACAAAGAGTTAGGCCC-1,357,CD4 T,CD4 TEM
PBMC10k_ACAAAGATCGAAACAA-1,358,Mono,CD14 Mono
PBMC10k_ACAACCAAGTTGAAGT-1,359,CD4 T,CD4 TCM
PBMC10k_ACAACCAAGTTGCTCA-1,360,CD4 T,CD4 Naive
PBMC10k_ACAACCACAACCGATT-1,361,Mono,CD14 Mono
PBMC10k_ACAACCACACTTCTCG-1,362,NK,NK
PBMC10k_ACAACCAGTCGAGCTC-1,365,Mono,CD14 Mono
PBMC10k_ACAAGCTAGACCCGCT-1,366,CD8 T,CD8 Naive
PBMC10k_ACAAGCTCAGGGATAC-1,369,CD8 T,CD8 TEM
PBMC10k_ACAAGCTCATAAGCGG-1,370,other,Eryth
PBMC10k_ACAAGCTTCACTACGA-1,372,CD4 T,CD4 TCM
PBMC10k_ACACAGTGTCACAATC-1,378,CD8 T,CD8 Naive
PBMC10k_ACACAGTTCACCCTGT-1,379,CD4 T,CD4 TCM
PBMC10k_ACACAGTTCGGTTAGT-1,380,CD8 T,CD8 Naive
PBMC10k_ACACCAAAGACTACGG-1,381,CD8 T,CD8 Naive
PBMC10k_ACACCAAAGTATTGCC-1,384,other T,gdT
PBMC10k_ACACCAACACAACATC-1,386,other T,MAIT
PBMC10k_ACACCAATCCGAACGC-1,388,CD4 T,CD4 TCM
PBMC10k_ACACCAATCGGACGTC-1,390,other,ILC
PBMC10k_ACACGCGCAGTAGTTC-1,394,Mono,CD14 Mono
PBMC10k_ACACGCGGTCAATCTG-1,395,CD8 T,CD8 Naive
PBMC10k_ACACGCGGTCTCCCTA-1,396,Mono,CD14 Mono
PBMC10k_ACACTGACAAGTGTCT-1,400,CD4 T,CD4 TEM
PBMC10k_ACACTGAGTACTCCGG-1,402,other,ILC
PBMC10k_ACACTGAGTATCGAAA-1,404,CD4 T,Treg
PBMC10k_ACAGAAACAAAGACGC-1,407,CD4 T,CD4 TCM
PBMC10k_ACAGAAACATGACTAC-1,408,DC,cDC2
PBMC10k_ACAGAAAGTAGGCAGT-1,409,NK,NK
PBMC10k_ACAGCCGGTCCGTTTC-1,413,Mono,CD14 Mono
PBMC10k_ACAGCCGGTGCTGTCG-1,414,NK,NK
PBMC10k_ACAGCCGGTTGGGATG-1,415,NK,NK
PBMC10k_ACAGCCGTCCCTTCCC-1,416,CD4 T,CD4 TCM
PBMC10k_ACAGGGAAGACCATGG-1,419,CD8 T,CD8 TEM
PBMC10k_ACAGGGAGTACCCGCA-1,421,CD4 T,CD4 Naive
PBMC10k_ACAGGGATCCGCACTT-1,424,CD4 T,CD4 Naive
PBMC10k_ACAGGGATCTCGGCTT-1,425,other T,dnT
PBMC10k_ACATCCCCAGTGCCTG-1,428,Mono,CD14 Mono
PBMC10k_ACATCCCCATGTGCCG-1,429,other,Eryth
PBMC10k_ACATCCCTCGAGAACG-1,432,Mono,CD14 Mono
PBMC10k_ACATCCCTCTGCCTGT-1,433,CD4 T,CD4 Naive
PBMC10k_ACATCGAAGAGGTCAC-1,434,B,B naive
PBMC10k_ACATCGAAGGTAACTA-1,435,Mono,CD14 Mono
PBMC10k_ACATCGACAAAGGCGT-1,436,B,B naive
PBMC10k_ACATCGACACGACAGA-1,438,NK,NK
PBMC10k_ACATCGATCGACGATT-1,440,other T,MAIT
PBMC10k_ACATGCAAGTTCTACG-1,442,Mono,CD14 Mono
PBMC10k_ACATGCACAAGTACCT-1,443,CD4 T,CD4 TCM
PBMC10k_ACATGCACAGGCGATA-1,446,CD4 T,CD4 TCM
PBMC10k_ACATTTCAGAGACAAG-1,448,CD4 T,CD4 Naive
PBMC10k_ACATTTCAGCGTGTCC-1,449,CD4 T,CD4 Naive
PBMC10k_ACATTTCGTATCGAAA-1,451,CD4 T,CD4 Naive
PBMC10k_ACCAAACAGTCAGAGC-1,455,Mono,CD14 Mono
PBMC10k_ACCAAACCAGCCTATA-1,456,other,ILC
PBMC10k_ACCAAACCATGTTCAG-1,457,Mono,CD14 Mono
PBMC10k_ACCAAACTCGGCCTTT-1,458,other T,MAIT
PBMC10k_ACCAAACTCGTTCCCA-1,459,CD8 T,CD8 TEM
PBMC10k_ACCAACAAGACACACG-1,460,CD4 T,CD4 TEM
PBMC10k_ACCAACAGTGTCATGT-1,461,DC,cDC2
PBMC10k_ACCAACATCAGTCACA-1,462,CD4 T,CD4 Naive
PBMC10k_ACCAACATCATGGTAC-1,463,other T,MAIT
PBMC10k_ACCAACATCATTACTC-1,464,B,B naive
PBMC10k_ACCACAACATGGCTAT-1,468,Mono,CD14 Mono
PBMC10k_ACCACAATCGTTCGCT-1,469,CD8 T,CD8 Naive
PBMC10k_ACCATTTAGTAGAATC-1,470,NK,NK
PBMC10k_ACCATTTAGTTCCAGT-1,471,Mono,CD14 Mono
PBMC10k_ACCATTTCAAGTCATC-1,472,CD4 T,CD4 Naive
PBMC10k_ACCATTTCATGCCGAC-1,473,NK,NK
PBMC10k_ACCCAAACACAATTCG-1,479,other,ILC
PBMC10k_ACCCAAACACGCTATA-1,480,CD8 T,CD8 Naive
PBMC10k_ACCCAAACAGCAAGAC-1,481,CD4 T,CD4 TCM
PBMC10k_ACCCAAATCTCGCAGG-1,484,CD8 T,CD8 TEM
PBMC10k_ACCCTCAAGCATTTCG-1,485,Mono,CD14 Mono
PBMC10k_ACCCTCAAGCTGAAAT-1,486,NK,NK
PBMC10k_ACCCTCACAGCAGAAC-1,487,CD4 T,CD4 Naive
PBMC10k_ACCCTCACATTCTTCA-1,488,DC,pDC
PBMC10k_ACCCTCATCACAACCA-1,490,CD4 T,CD4 Naive
PBMC10k_ACCCTTGAGATTGATG-1,493,Mono,CD14 Mono
PBMC10k_ACCCTTGAGGGCCTCT-1,495,CD4 T,CD4 Naive
PBMC10k_ACCCTTGCAAGTGGCA-1,498,CD8 T,CD8 TEM
PBMC10k_ACCCTTGTCCGTGTAA-1,500,DC,cDC2
PBMC10k_ACCCTTGTCGAACGCC-1,501,CD8 T,CD8 Naive
PBMC10k_ACCGTTCAGTTGTCAC-1,502,B,B naive
PBMC10k_ACCGTTCGTACTGCGC-1,504,Mono,CD14 Mono
PBMC10k_ACCGTTCGTTCGAGCC-1,506,other T,MAIT
PBMC10k_ACCTACCAGCCTGCCA-1,509,CD4 T,CD4 Naive
PBMC10k_ACCTACCAGCGTATGG-1,510,Mono,CD14 Mono
PBMC10k_ACCTACCAGGCTAACG-1,511,CD4 T,CD4 TCM
PBMC10k_ACCTACCCAACGTATC-1,512,CD8 T,CD8 TCM
PBMC10k_ACCTACCCATCATGAC-1,514,Mono,CD14 Mono
PBMC10k_ACCTACCGTACGATTC-1,515,CD4 T,CD4 TCM
PBMC10k_ACCTACCGTATGCGTT-1,516,CD8 T,CD8 TEM
PBMC10k_ACCTACCGTGATACCT-1,517,Mono,CD14 Mono
PBMC10k_ACCTACCTCACCCTCA-1,518,other T,MAIT
PBMC10k_ACCTACCTCCCGATCT-1,519,other T,dnT
PBMC10k_ACCTGAAAGAAGCTGC-1,520,CD4 T,CD4 TCM
PBMC10k_ACCTGAAAGGCTCTCG-1,521,Mono,CD14 Mono
PBMC10k_ACCTGTCAGGATTTGA-1,527,CD4 T,CD4 TCM
PBMC10k_ACCTGTCCACCTGCGA-1,529,other T,MAIT
PBMC10k_ACCTGTCGTAAGTCAA-1,530,Mono,CD14 Mono
PBMC10k_ACCTGTCGTATGGGAC-1,531,NK,NK
PBMC10k_ACCTGTCGTGGATTTC-1,533,CD4 T,CD4 TCM
PBMC10k_ACCTGTCTCTCTATGT-1,535,CD4 T,CD4 CTL
PBMC10k_ACGATCAAGGGCAAGG-1,537,Mono,CD14 Mono
PBMC10k_ACGATCAAGTCCCAAT-1,538,other T,MAIT
PBMC10k_ACGATCAAGTGGTTGG-1,539,CD4 T,CD4 Naive
PBMC10k_ACGATCACATCGATCA-1,541,NK,NK
PBMC10k_ACGATCACATTGACTG-1,542,CD4 T,CD4 TCM
PBMC10k_ACGATCAGTCGAAACG-1,543,CD4 T,CD4 Naive
PBMC10k_ACGATCAGTCTTGCGG-1,544,Mono,CD14 Mono
PBMC10k_ACGATGTAGGTTTACC-1,546,Mono,CD14 Mono
PBMC10k_ACGATGTAGTAACCTC-1,547,NK,NK
PBMC10k_ACGATGTGTAGATTGA-1,549,CD4 T,CD4 TCM
PBMC10k_ACGATGTGTATGTGTC-1,550,NK,NK Proliferating
PBMC10k_ACGCACGCACTGAATC-1,556,other,ILC
PBMC10k_ACGCACGGTGCGTTTA-1,557,CD4 T,CD4 TCM
PBMC10k_ACGCACGGTTCTAAGC-1,558,CD4 T,Treg
PBMC10k_ACGGAAGAGACTCTAC-1,561,CD4 T,CD4 Naive
PBMC10k_ACGGAAGAGGTCTGGA-1,562,Mono,CD14 Mono
PBMC10k_ACGGAAGAGGTGCTAG-1,563,NK,NK
PBMC10k_ACGGAAGGTTCCACGG-1,565,Mono,CD14 Mono
PBMC10k_ACGGGTCAGACGCCAA-1,569,CD4 T,CD4 TCM
PBMC10k_ACGGGTCAGGTCACTT-1,571,other T,dnT
PBMC10k_ACGGGTCGTAACATAG-1,573,CD4 T,CD4 Naive
PBMC10k_ACGGGTCGTACTCGAT-1,574,CD4 T,Treg
PBMC10k_ACGGGTCGTTACCCTC-1,575,CD4 T,CD4 TCM
PBMC10k_ACGGGTCTCGAGATAA-1,576,CD4 T,CD4 TEM
PBMC10k_ACGGGTCTCTCAACCC-1,578,B,B naive
PBMC10k_ACGGGTCTCTGCACCT-1,579,B,B intermediate
PBMC10k_ACGGTCGGTTCGTTCC-1,581,CD4 T,CD4 TCM
PBMC10k_ACGGTCGTCCACTGAA-1,582,CD8 T,CD8 Naive
PBMC10k_ACGGTTAAGAAGAACG-1,583,CD4 T,CD4 TCM
PBMC10k_ACGGTTAAGGTCGTAG-1,584,Mono,CD14 Mono
PBMC10k_ACGGTTAAGTTCATGC-1,585,CD4 T,CD4 Naive
PBMC10k_ACGGTTACAACCGACC-1,586,Mono,CD14 Mono
PBMC10k_ACGGTTACACCACTGG-1,587,NK,NK
PBMC10k_ACGGTTACATAGCACT-1,589,Mono,CD14 Mono
PBMC10k_ACGGTTAGTAGCTCGC-1,591,CD8 T,CD8 TEM
PBMC10k_ACGGTTAGTGAATATG-1,592,B,B naive
PBMC10k_ACGTAACAGGACAAGA-1,593,CD8 T,CD8 Naive
PBMC10k_ACGTAACAGTCTAGAA-1,594,CD4 T,CD4 Naive
PBMC10k_ACGTAACCACCAACAT-1,595,CD4 T,Treg
PBMC10k_ACGTAACCACGATAGG-1,596,B,B naive
PBMC10k_ACGTACAAGCCTCAAT-1,599,Mono,CD14 Mono
PBMC10k_ACGTACAAGGATATAC-1,600,CD8 T,CD8 Naive
PBMC10k_ACGTACACAAGAGAGA-1,602,B,B naive
PBMC10k_ACGTACAGTGCTCCGA-1,603,Mono,CD14 Mono
PBMC10k_ACGTACATCACAATGC-1,604,NK,NK
PBMC10k_ACGTACATCGGTATGT-1,605,B,B naive
PBMC10k_ACGTAGTCAGGGTTGA-1,607,CD4 T,CD4 Naive
PBMC10k_ACGTAGTCAGTCCCGA-1,608,other,Eryth
PBMC10k_ACGTAGTGTATCCTTT-1,609,NK,NK
PBMC10k_ACGTCCTAGAACTTCC-1,612,Mono,CD14 Mono
PBMC10k_ACGTCCTAGGTTGACG-1,614,CD4 T,CD4 TEM
PBMC10k_ACGTCCTCACCTGCGA-1,616,CD4 T,CD4 TCM
PBMC10k_ACGTCCTTCTTCGGAA-1,617,CD4 T,CD4 TCM
PBMC10k_ACGTTCCAGGTGGCTA-1,618,CD8 T,CD8 Naive
PBMC10k_ACGTTCCTCGGATAAA-1,619,other T,dnT
PBMC10k_ACTACGACAGCATTGT-1,621,other,ILC
PBMC10k_ACTACGAGTCGATTTG-1,623,NK,NK Proliferating
PBMC10k_ACTACGAGTCTTTATC-1,624,CD8 T,CD8 TCM
PBMC10k_ACTACGAGTGCCTTTC-1,625,B,B memory
PBMC10k_ACTACGAGTGGACCAA-1,626,NK,NK_CD56bright
PBMC10k_ACTACGAGTTCGTACA-1,627,CD4 T,CD4 Naive
PBMC10k_ACTACGATCCGATGTA-1,629,other,ILC
PBMC10k_ACTACGATCGGACGTC-1,630,NK,NK Proliferating
PBMC10k_ACTACGATCTGGGATT-1,631,other T,MAIT
PBMC10k_ACTATCTAGGAAAGTG-1,632,CD4 T,CD4 TCM
PBMC10k_ACTATCTCAAACCACT-1,633,Mono,CD16 Mono
PBMC10k_ACTATCTTCAAATAGG-1,636,CD4 T,CD4 Naive
PBMC10k_ACTATCTTCGGTCGGT-1,637,Mono,CD14 Mono
PBMC10k_ACTATCTTCGTCCTTG-1,638,NK,NK
PBMC10k_ACTATGGAGAGGCGGA-1,639,other T,dnT
PBMC10k_ACTATGGAGGGTGGGA-1,641,NK,NK
PBMC10k_ACTATGGCAGTAGATA-1,642,CD4 T,CD4 TEM
PBMC10k_ACTATGGGTAGATTGA-1,643,Mono,CD14 Mono
PBMC10k_ACTATGGTCTTCGTGC-1,647,CD8 T,CD8 TEM
PBMC10k_ACTATTCCAAATACGA-1,648,other T,dnT
PBMC10k_ACTATTCCAAGTGCTT-1,649,NK,NK
PBMC10k_ACTATTCTCCCTTCCC-1,651,other,Eryth
PBMC10k_ACTCCCACAAGGTTGG-1,653,CD8 T,CD8 Proliferating
PBMC10k_ACTCCCACAAGTCATC-1,654,CD8 T,CD8 Naive
PBMC10k_ACTCCCACACTGGCCA-1,655,CD4 T,CD4 TCM
PBMC10k_ACTCCCAGTGCTCCGA-1,656,other,Eryth
PBMC10k_ACTCTCGAGCTGGAGT-1,660,CD8 T,CD8 Naive
PBMC10k_ACTCTCGAGCTGGCCT-1,661,CD4 T,Treg
PBMC10k_ACTCTCGCAAACACGG-1,662,B,B naive
PBMC10k_ACTCTCGCAAGGTCGA-1,663,CD8 T,CD8 Naive
PBMC10k_ACTCTCGCATCTCATT-1,665,NK,NK
PBMC10k_ACTCTCGGTGAACCGA-1,666,NK,NK
PBMC10k_ACTCTCGGTTCAGCTA-1,667,CD8 T,CD8 TEM
PBMC10k_ACTGATGGTCATCCGG-1,670,NK,NK_CD56bright
PBMC10k_ACTGATGGTCTGCCTT-1,671,NK,NK
PBMC10k_ACTGATGTCTTCTGGC-1,672,NK,NK
PBMC10k_ACTGCAACACGGCACT-1,675,NK,NK
PBMC10k_ACTGCAATCACGGGCT-1,677,other T,gdT
PBMC10k_ACTGTCCGTTTGAACC-1,683,Mono,CD14 Mono
PBMC10k_ACTGTCCTCCTTCGAC-1,684,CD8 T,CD8 TEM
PBMC10k_ACTGTCCTCGGAATGG-1,685,other,Eryth
PBMC10k_ACTGTGAAGATTGAGT-1,687,other,Eryth
PBMC10k_ACTGTGATCGAATCCA-1,690,CD4 T,Treg
PBMC10k_ACTGTGATCTCTGCCA-1,692,CD8 T,CD8 Naive
PBMC10k_ACTTAGGAGAATTCAG-1,695,Mono,CD14 Mono
PBMC10k_ACTTAGGAGTGTTGAA-1,697,CD4 T,CD4 Naive
PBMC10k_ACTTAGGCATACACCA-1,699,CD4 T,CD4 Naive
PBMC10k_ACTTATCAGGTAGACC-1,701,CD4 T,CD4 Naive
PBMC10k_ACTTATCCACGCAGTC-1,702,CD4 T,CD4 Proliferating
PBMC10k_ACTTATCTCAGGACAG-1,704,B,Plasmablast
PBMC10k_ACTTCCGAGGCATCAG-1,707,B,B naive
PBMC10k_ACTTCCGCAAAGGGTC-1,709,Mono,CD16 Mono
PBMC10k_ACTTCCGTCAGTGTGT-1,710,CD4 T,CD4 Naive
PBMC10k_ACTTCCGTCTGAGTCA-1,712,CD4 T,CD4 Naive
PBMC10k_ACTTCCGTCTTAGCTT-1,713,CD8 T,CD8 Naive
PBMC10k_ACTTCGCAGACCGTTT-1,714,CD4 T,CD4 TEM
PBMC10k_ACTTCGCAGCTAGAAT-1,715,Mono,CD14 Mono
PBMC10k_ACTTCGCAGTGCGACA-1,717,Mono,CD14 Mono
PBMC10k_ACTTCGCGTTCGGCGT-1,720,CD8 T,CD8 Naive
PBMC10k_ACTTCGCTCTCCCATG-1,721,DC,cDC2
PBMC10k_ACTTCGCTCTCTCGCA-1,722,CD4 T,CD4 TCM
PBMC10k_ACTTTCAAGCGCAATG-1,724,other T,MAIT
PBMC10k_ACTTTCACAAGCACCC-1,726,B,B naive
PBMC10k_ACTTTCACAGTTCTAG-1,727,Mono,CD14 Mono
PBMC10k_ACTTTCAGTGTTAACC-1,729,DC,cDC2
PBMC10k_ACTTTCAGTTTGGCTA-1,730,CD4 T,Treg
PBMC10k_ACTTTCATCAATCCGA-1,731,NK,NK
PBMC10k_ACTTTGTAGATTGTGA-1,733,CD4 T,CD4 Naive
PBMC10k_ACTTTGTGTTGTAGCT-1,735,NK,NK
PBMC10k_ACTTTGTTCTCAACGA-1,736,DC,cDC2
PBMC10k_AGAAATGGTGAGTTTC-1,740,Mono,CD14 Mono
PBMC10k_AGAACCTAGGCTTAGG-1,745,CD4 T,CD4 Naive
PBMC10k_AGAACCTCAATCTAGC-1,746,CD4 T,CD4 TCM
PBMC10k_AGAAGCGAGGGTAGCT-1,750,Mono,CD14 Mono
PBMC10k_AGAAGCGCACGTACAT-1,752,NK,NK
PBMC10k_AGAAGCGCAGGACAGT-1,753,Mono,CD14 Mono
PBMC10k_AGAAGTAAGCGACAGT-1,758,NK,NK
PBMC10k_AGAAGTATCTAAGCGT-1,761,CD4 T,CD4 Naive
PBMC10k_AGACAAATCGCGGTAC-1,765,CD4 T,CD4 Naive
PBMC10k_AGACACTAGGAGGGTG-1,766,NK,NK
PBMC10k_AGACACTCAGAATCGG-1,767,NK,NK
PBMC10k_AGACACTCAGCTCGGT-1,768,other T,dnT
PBMC10k_AGACACTGTTGTAGCT-1,769,NK,NK
PBMC10k_AGACACTGTTTATGCG-1,770,CD8 T,CD8 Naive
PBMC10k_AGACACTTCACCATGA-1,771,Mono,CD14 Mono
PBMC10k_AGACACTTCCACAAGT-1,772,CD4 T,CD4 TCM
PBMC10k_AGACAGGGTTAGGGAC-1,777,Mono,CD14 Mono
PBMC10k_AGACAGGTCGAACTCA-1,778,NK,NK
PBMC10k_AGACCATAGTCGCCCA-1,780,CD8 T,CD8 Naive
PBMC10k_AGACCATCAATCTCTT-1,781,Mono,CD14 Mono
PBMC10k_AGACCATCAATTGCAC-1,782,Mono,CD14 Mono
PBMC10k_AGACCATGTGAATTGA-1,784,Mono,CD14 Mono
PBMC10k_AGACCATGTGGTCTGC-1,785,Mono,CD14 Mono
PBMC10k_AGACCATTCAAGTGGG-1,786,CD4 T,CD4 Naive
PBMC10k_AGACCATTCGGCATAT-1,787,B,B naive
PBMC10k_AGACCATTCTTAGCCC-1,789,CD4 T,CD4 Naive
PBMC10k_AGACCCGCAGAGACTG-1,793,CD4 T,Treg
PBMC10k_AGACCCGCATCGCCTT-1,795,Mono,CD14 Mono
PBMC10k_AGACCCGGTCGATTAC-1,796,other T,MAIT
PBMC10k_AGACCCGTCTCCGTGT-1,800,B,B intermediate
PBMC10k_AGACTCAAGCCTCATA-1,801,CD8 T,CD8 TEM
PBMC10k_AGACTCAAGCGGGTTA-1,802,CD8 T,CD8 TCM
PBMC10k_AGACTCACAATAACCC-1,803,B,Plasmablast
PBMC10k_AGACTCACAATCACGT-1,804,Mono,CD14 Mono
PBMC10k_AGACTCACAGCGACCT-1,807,Mono,CD14 Mono
PBMC10k_AGACTCACAGCGAGTA-1,808,Mono,CD14 Mono
PBMC10k_AGACTCATCAGCCTTC-1,812,CD4 T,CD4 TCM
PBMC10k_AGACTCATCGGCATAT-1,813,other,Eryth
PBMC10k_AGAGAATAGCTGACAG-1,814,CD8 T,CD8 TEM
PBMC10k_AGAGAATAGTGATGGC-1,815,Mono,CD14 Mono
PBMC10k_AGAGAATGTCGTTATG-1,817,other T,dnT
PBMC10k_AGAGAATGTGCATGAG-1,818,Mono,CD14 Mono
PBMC10k_AGAGAATTCTGTCAGA-1,820,NK,NK
PBMC10k_AGAGAGCAGAGCCGAT-1,821,CD4 T,CD4 TEM
PBMC10k_AGAGAGCAGAGTGTTA-1,822,B,B naive
PBMC10k_AGAGAGCCAACTTGGT-1,823,CD4 T,CD4 TCM
PBMC10k_AGAGAGCGTATTTCGG-1,825,NK,NK
PBMC10k_AGAGAGCGTTTAGAGA-1,827,Mono,CD14 Mono
PBMC10k_AGAGAGCTCCGACGGT-1,828,NK,NK
PBMC10k_AGAGCAGCACGTAGAG-1,831,Mono,CD14 Mono
PBMC10k_AGAGCAGTCGCAGATT-1,833,NK,NK
PBMC10k_AGAGCCCAGCTCCACG-1,834,Mono,CD14 Mono
PBMC10k_AGAGCCCCAAATTGGA-1,835,B,B memory
PBMC10k_AGAGCCCCAACAGATA-1,836,CD4 T,CD4 TEM
PBMC10k_AGAGCCCCAAGGGTCA-1,838,CD4 T,Treg
PBMC10k_AGAGCCCGTTGTAGCT-1,841,Mono,CD14 Mono
PBMC10k_AGAGCCCTCCATCGTC-1,842,NK,NK_CD56bright
PBMC10k_AGAGCCCTCGAACGGA-1,843,Mono,CD16 Mono
PBMC10k_AGAGCCCTCGTGGAAG-1,844,CD4 T,CD4 Naive
PBMC10k_AGAGCCCTCTGTAAGC-1,845,CD8 T,CD8 TEM
PBMC10k_AGAGCCCTCTTGAGCA-1,846,Mono,CD14 Mono
PBMC10k_AGATAGACACATAACC-1,847,CD4 T,Treg
PBMC10k_AGATAGACACCTGCTT-1,848,Mono,CD14 Mono
PBMC10k_AGATAGAGTAGCACGA-1,849,other,ILC
PBMC10k_AGATCCAAGTTGCCCG-1,852,other T,MAIT
PBMC10k_AGATCCAGTTAGGGAC-1,853,DC,cDC2
PBMC10k_AGATCGTAGGCGATAC-1,855,CD4 T,CD4 TEM
PBMC10k_AGATCGTCAATTCTTC-1,856,Mono,CD16 Mono
PBMC10k_AGATGAAAGCATCCTA-1,859,B,B naive
PBMC10k_AGATGAACACGCTGTG-1,860,NK,NK
PBMC10k_AGATGAATCATTCATC-1,862,CD4 T,CD4 TCM
PBMC10k_AGATGCTAGCAATAAC-1,863,CD4 T,CD4 Naive
PBMC10k_AGATGCTGTACAGTAA-1,865,B,B naive
PBMC10k_AGATGCTGTGTTAGCT-1,866,DC,cDC2
PBMC10k_AGATGCTGTGTTTGCA-1,867,NK,NK
PBMC10k_AGATGCTGTTGACTGT-1,868,CD8 T,CD8 TEM
PBMC10k_AGATGCTTCACATACG-1,869,Mono,CD14 Mono
PBMC10k_AGATGCTTCAGCCTTC-1,870,other T,MAIT
PBMC10k_AGCATCACAGGGAGAG-1,873,Mono,CD14 Mono
PBMC10k_AGCATCAGTCGAGTTT-1,874,B,B naive
PBMC10k_AGCATCAGTTGGATCT-1,875,CD4 T,CD4 Naive
PBMC10k_AGCATCATCCGACAGC-1,877,CD4 T,CD4 Naive
PBMC10k_AGCATCATCTTCGATT-1,878,other T,MAIT
PBMC10k_AGCCAATCAAGCGGAT-1,879,CD8 T,CD8 TEM
PBMC10k_AGCCAATCAATAGTCC-1,880,CD4 T,CD4 TCM
PBMC10k_AGCCAATCACTGTCGG-1,882,NK,NK
PBMC10k_AGCCAATCAGAATTCC-1,883,NK,NK_CD56bright
PBMC10k_AGCCAATCAGTAGATA-1,884,NK,NK
PBMC10k_AGCCAATCATCAACCA-1,885,B,B memory
PBMC10k_AGCCAATGTACTGAGG-1,886,other T,dnT
PBMC10k_AGCCAATTCGGCTTGG-1,891,CD4 T,CD4 TEM
PBMC10k_AGCCACGAGGCCCGTT-1,893,CD4 T,CD4 TEM
PBMC10k_AGCCACGTCTCTTAAC-1,895,Mono,CD14 Mono
PBMC10k_AGCCACGTCTGGTGGC-1,896,other T,dnT
PBMC10k_AGCCAGCAGGACGCTA-1,898,other T,dnT
PBMC10k_AGCCAGCAGGATACCG-1,899,Mono,CD14 Mono
PBMC10k_AGCCAGCAGGATCACG-1,900,CD4 T,CD4 Naive
PBMC10k_AGCCAGCGTGATTCAC-1,904,other,ILC
PBMC10k_AGCCAGCTCACTGGGC-1,906,NK,NK
PBMC10k_AGCCAGCTCATTGCGA-1,907,CD4 T,CD4 TCM
PBMC10k_AGCGATTCAAAGCAAT-1,909,CD4 T,CD4 Naive
PBMC10k_AGCGATTGTGACATCT-1,911,CD4 T,CD4 Naive
PBMC10k_AGCGATTGTTCGGCCA-1,913,B,B memory
PBMC10k_AGCGATTGTTGACTAC-1,914,other T,gdT
PBMC10k_AGCGCCAAGCCGATAG-1,916,Mono,CD14 Mono
PBMC10k_AGCGCCACATCGTTCC-1,919,DC,cDC2
PBMC10k_AGCGCCACATTGAAAG-1,920,CD4 T,CD4 TEM
PBMC10k_AGCGCCAGTTCCTACC-1,922,Mono,CD14 Mono
PBMC10k_AGCGCTGTCACCGACG-1,928,B,B naive
PBMC10k_AGCGTATAGAGCAGTC-1,929,B,B intermediate
PBMC10k_AGCGTATAGAGGCGTT-1,930,NK,NK
PBMC10k_AGCGTATAGGATTTCC-1,932,CD4 T,CD4 Naive
PBMC10k_AGCGTATCAGCTGTGC-1,936,other T,dnT
PBMC10k_AGCGTATCATCCAACA-1,937,CD4 T,CD4 TCM
PBMC10k_AGCGTATGTTCGGTAT-1,941,CD4 T,Treg
PBMC10k_AGCGTCGAGCTCATAC-1,944,CD4 T,Treg
PBMC10k_AGCGTCGTCCGTGACG-1,947,Mono,CD14 Mono
PBMC10k_AGCTACAAGGTGCATG-1,948,NK,NK
PBMC10k_AGCTACAAGTAGACCG-1,949,other T,dnT
PBMC10k_AGCTACAAGTCCGTCG-1,950,B,B naive
PBMC10k_AGCTACAGTGCGGTAA-1,953,CD4 T,CD4 Naive
PBMC10k_AGCTACATCCGCATAA-1,955,CD4 T,CD4 CTL
PBMC10k_AGCTTCCAGTTGGACG-1,960,CD4 T,CD4 Naive
PBMC10k_AGCTTCCCAAGAGGTC-1,961,other T,MAIT
PBMC10k_AGCTTCCCAGAAATTG-1,962,CD4 T,CD4 TEM
PBMC10k_AGCTTCCCAGTCAACT-1,963,NK,NK
PBMC10k_AGCTTCCGTGGCTGCT-1,964,Mono,CD14 Mono
PBMC10k_AGGAAATAGAAACTAC-1,965,CD4 T,CD4 TEM
PBMC10k_AGGAAATAGCTCAGAG-1,966,CD4 T,CD4 Naive
PBMC10k_AGGAAATGTGTAGGAC-1,968,B,B memory
PBMC10k_AGGAAATTCGTTAGAC-1,970,NK,NK
PBMC10k_AGGAATAAGCTCCATA-1,972,CD8 T,CD8 TEM
PBMC10k_AGGAATAAGGCGCTCT-1,974,CD4 T,CD4 TCM
PBMC10k_AGGAATAAGGTTTACC-1,975,CD4 T,CD4 Naive
PBMC10k_AGGAATACACATACGT-1,976,CD8 T,CD8 Naive
PBMC10k_AGGAATACACCTGATA-1,977,Mono,CD14 Mono
PBMC10k_AGGAATAGTCAACATC-1,978,CD8 T,CD8 Naive
PBMC10k_AGGAATAGTGCGTCGT-1,980,CD4 T,Treg
PBMC10k_AGGACGACAGTTAAAG-1,984,CD8 T,CD8 Naive
PBMC10k_AGGACTTAGACCATGG-1,990,CD4 T,CD4 TCM
PBMC10k_AGGACTTAGATTAGTG-1,991,CD8 T,CD8 TEM
PBMC10k_AGGACTTCACACACTA-1,993,Mono,CD16 Mono
PBMC10k_AGGACTTGTTCAAGGG-1,995,CD4 T,CD4 Naive
PBMC10k_AGGACTTTCCAGTGCG-1,996,Mono,CD14 Mono
PBMC10k_AGGAGGTCATGACTGT-1,1000,CD4 T,CD4 Naive
PBMC10k_AGGAGGTCATTGTGCA-1,1001,CD4 T,CD4 TCM
PBMC10k_AGGAGGTGTCATCCCT-1,1002,other T,MAIT
PBMC10k_AGGATAACAACCGCCA-1,1004,B,B intermediate
PBMC10k_AGGATAACACTCTAGA-1,1005,CD4 T,CD4 TCM
PBMC10k_AGGATAACAGGCACAA-1,1006,B,B memory
PBMC10k_AGGATAAGTTGAGTCT-1,1008,CD4 T,CD4 Naive
PBMC10k_AGGATAATCCACTTTA-1,1009,NK,NK
PBMC10k_AGGATCTAGAGTTGCG-1,1011,NK,NK
PBMC10k_AGGATCTAGGTCCAGA-1,1012,NK,NK
PBMC10k_AGGATCTAGTCATAGA-1,1013,CD4 T,CD4 TCM
PBMC10k_AGGATCTCAATACCCA-1,1014,CD8 T,CD8 Proliferating
PBMC10k_AGGATCTTCCATTGGA-1,1016,CD8 T,CD8 Naive
PBMC10k_AGGCATTAGCACGGAT-1,1017,CD4 T,CD4 Naive
PBMC10k_AGGCATTAGTAGCCAG-1,1020,CD4 T,CD4 Naive
PBMC10k_AGGCATTCAAGAGTAT-1,1021,CD4 T,CD4 Naive
PBMC10k_AGGCATTTCTGCGTCT-1,1025,Mono,CD14 Mono
PBMC10k_AGGCCACAGATGTTCC-1,1027,CD4 T,CD4 Naive
PBMC10k_AGGCCACCACACACGC-1,1030,Mono,CD14 Mono
PBMC10k_AGGCCACCATGCCATA-1,1032,CD8 T,CD8 Naive
PBMC10k_AGGCCACCATTGCTTT-1,1033,CD8 T,CD8 Naive
PBMC10k_AGGCCACGTATCCTCC-1,1034,other T,MAIT
PBMC10k_AGGCCACTCGCCATAA-1,1036,Mono,CD14 Mono
PBMC10k_AGGCCACTCTATCACT-1,1037,CD4 T,CD4 TEM
PBMC10k_AGGCTGCGTGAATGTA-1,1040,CD4 T,Treg
PBMC10k_AGGCTGCGTTCAAAGA-1,1042,other T,MAIT
PBMC10k_AGGGCCTAGGTCCCTG-1,1045,NK,NK
PBMC10k_AGGGCCTGTGATTCTG-1,1046,Mono,CD14 Mono
PBMC10k_AGGGCTCAGACGTCCC-1,1050,CD4 T,CD4 TEM
PBMC10k_AGGGCTCGTCCGGTCA-1,1053,other T,MAIT
PBMC10k_AGGGCTCGTGGCCACT-1,1055,Mono,CD14 Mono
PBMC10k_AGGGTGACACCCTTGT-1,1061,CD4 T,CD4 Naive
PBMC10k_AGGGTGACAGATGCGA-1,1063,Mono,CD14 Mono
PBMC10k_AGGGTGATCCGATAGT-1,1064,CD4 T,CD4 CTL
PBMC10k_AGGGTTTCATTGCTGA-1,1065,B,B naive
PBMC10k_AGGTAGGAGTGATAAC-1,1066,NK,NK
PBMC10k_AGGTAGGGTCATGCAT-1,1067,other T,MAIT
PBMC10k_AGGTAGGTCGAGTGAG-1,1069,other T,gdT
PBMC10k_AGGTCATCACCAAATC-1,1072,NK,NK
PBMC10k_AGGTCATCACCTGTCT-1,1073,Mono,CD14 Mono
PBMC10k_AGGTCATCATCTATCT-1,1074,CD8 T,CD8 TEM
PBMC10k_AGGTCATTCACGGACC-1,1076,CD4 T,CD4 TCM
PBMC10k_AGGTCATTCCATTGTT-1,1077,CD4 T,CD4 TCM
PBMC10k_AGGTCTAAGGCTAACG-1,1080,NK,NK
PBMC10k_AGGTCTAAGTCATCGT-1,1081,other T,MAIT
PBMC10k_AGGTCTACAATGTTGC-1,1082,Mono,CD14 Mono
PBMC10k_AGGTCTACACCGTGGT-1,1083,B,B naive
PBMC10k_AGGTCTAGTGCTCGTG-1,1084,NK,NK
PBMC10k_AGGTCTATCTTGGAAC-1,1089,CD4 T,CD4 TEM
PBMC10k_AGGTGTTAGCTACTAC-1,1090,Mono,CD14 Mono
PBMC10k_AGGTGTTAGTTGCGAG-1,1091,other,Platelet
PBMC10k_AGGTGTTCAATTGCTG-1,1092,Mono,CD14 Mono
PBMC10k_AGGTGTTCACACACGC-1,1093,CD4 T,Treg
PBMC10k_AGGTGTTTCTGCGGCA-1,1097,CD4 T,Treg
PBMC10k_AGGTTACAGCTCCCTT-1,1098,CD8 T,CD8 TEM
PBMC10k_AGGTTACAGCTGAGCA-1,1099,B,B intermediate
PBMC10k_AGGTTACGTATGAGCG-1,1102,B,B memory
PBMC10k_AGGTTACTCGAACCTA-1,1105,other T,MAIT
PBMC10k_AGGTTGTAGACATGCG-1,1107,NK,NK
PBMC10k_AGGTTGTAGCGCCCAT-1,1108,Mono,CD14 Mono
PBMC10k_AGGTTGTGTACGAGTG-1,1109,CD4 T,CD4 TCM
PBMC10k_AGGTTGTTCATGCATG-1,1113,CD8 T,CD8 Naive
PBMC10k_AGTAACCAGGCCCACT-1,1114,DC,cDC2
PBMC10k_AGTAACCAGGTCCAGA-1,1115,CD8 T,CD8 Naive
PBMC10k_AGTACCAAGAGATGCC-1,1117,NK,NK
PBMC10k_AGTACCAAGCACGGAT-1,1118,NK,NK
PBMC10k_AGTACCAAGGTAAGTT-1,1121,Mono,CD14 Mono
PBMC10k_AGTACCACAGCGACCT-1,1123,Mono,CD14 Mono
PBMC10k_AGTACCACAGTTGTCA-1,1124,B,B naive
PBMC10k_AGTACCACATGACGAG-1,1125,CD4 T,CD4 Naive
PBMC10k_AGTACCAGTTATAGAG-1,1128,CD8 T,CD8 TEM
PBMC10k_AGTACTGAGTGTGTTC-1,1129,CD4 T,CD4 Naive
PBMC10k_AGTACTGCAACGATTC-1,1130,CD4 T,CD4 TEM
PBMC10k_AGTACTGCATGTGTCA-1,1131,CD4 T,CD4 TCM
PBMC10k_AGTACTGGTCACCGAC-1,1133,Mono,CD14 Mono
PBMC10k_AGTAGCTAGCTACGTT-1,1136,NK,NK Proliferating
PBMC10k_AGTAGCTGTAGAGCTG-1,1138,CD4 T,CD4 Naive
PBMC10k_AGTAGTCAGCTGTACT-1,1144,CD8 T,CD8 Naive
PBMC10k_AGTAGTCAGGGTGAGG-1,1145,NK,NK
PBMC10k_AGTAGTCAGTCGGCAA-1,1147,B,B naive
PBMC10k_AGTAGTCGTCCATCTC-1,1148,Mono,CD14 Mono
PBMC10k_AGTAGTCGTCTTGAAC-1,1150,CD4 T,CD4 Naive
PBMC10k_AGTCAACAGTGGTTGG-1,1155,CD4 T,CD4 Naive
PBMC10k_AGTCAACCAGCAGATG-1,1156,CD4 T,CD4 Naive
PBMC10k_AGTCAACCAGGGCTTC-1,1158,B,B intermediate
PBMC10k_AGTCAACTCATGCATG-1,1160,Mono,CD14 Mono
PBMC10k_AGTCACACAGCACGAA-1,1163,Mono,CD14 Mono
PBMC10k_AGTCATGAGCTACTAC-1,1166,other T,MAIT
PBMC10k_AGTCATGAGTATGTAG-1,1167,DC,pDC
PBMC10k_AGTCATGCAGTTGTTG-1,1168,Mono,CD14 Mono
PBMC10k_AGTCTCCCATCCGTTC-1,1171,Mono,CD14 Mono
PBMC10k_AGTCTCCGTTAAGCAA-1,1172,B,B naive
PBMC10k_AGTCTCCGTTGCGAAG-1,1173,CD4 T,CD4 Naive
PBMC10k_AGTCTCCTCAATCCGA-1,1174,Mono,CD14 Mono
PBMC10k_AGTCTCCTCAGAGTGG-1,1175,B,B naive
PBMC10k_AGTGACTCAGGGTTGA-1,1178,CD4 T,CD4 TEM
PBMC10k_AGTGACTCATAGCACT-1,1179,Mono,CD14 Mono
PBMC10k_AGTGACTCATCTTTCA-1,1180,Mono,CD14 Mono
PBMC10k_AGTGATCCACACACGC-1,1183,B,B intermediate
PBMC10k_AGTGATCCAGCGTACC-1,1184,NK,NK
PBMC10k_AGTGATCGTGCAGGAT-1,1185,CD4 T,CD4 TEM
PBMC10k_AGTGATCTCCTATTTG-1,1187,CD4 T,CD4 TCM
PBMC10k_AGTGCCGAGCGCCCAT-1,1188,B,B intermediate
PBMC10k_AGTGCCGAGTGATGGC-1,1189,Mono,CD14 Mono
PBMC10k_AGTGCCGTCAGTGTGT-1,1191,other T,MAIT
PBMC10k_AGTGCCGTCGACCATA-1,1192,CD8 T,CD8 Naive
PBMC10k_AGTGTTGAGTCTAGCT-1,1193,CD4 T,CD4 Naive
PBMC10k_AGTGTTGGTTGGGTTT-1,1195,CD4 T,CD4 Naive
PBMC10k_AGTGTTGTCCAACCAA-1,1197,other,ILC
PBMC10k_AGTGTTGTCTGACCCT-1,1198,other T,MAIT
PBMC10k_AGTTAGCAGGTTCAGG-1,1200,CD8 T,CD8 TEM
PBMC10k_AGTTAGCCAGACCCGT-1,1201,CD4 T,CD4 TCM
PBMC10k_AGTTAGCGTCAGATTC-1,1202,CD4 T,CD4 Naive
PBMC10k_AGTTAGCGTGACACAG-1,1204,CD4 T,CD4 TCM
PBMC10k_AGTTAGCTCCATCTGC-1,1205,NK,NK
PBMC10k_AGTTAGCTCCGTAGGC-1,1206,Mono,CD14 Mono
PBMC10k_AGTTCCCAGGCTAAAT-1,1207,CD4 T,CD4 TCM
PBMC10k_AGTTCCCAGGGCAGTT-1,1208,CD4 T,CD4 TCM
PBMC10k_AGTTCCCCAAAGGAGA-1,1211,NK,NK
PBMC10k_AGTTCCCCATCTGGGC-1,1214,NK,NK_CD56bright
PBMC10k_AGTTCCCGTCGCAGTC-1,1216,CD4 T,CD4 TCM
PBMC10k_AGTTCGAAGAGGTTTA-1,1218,other,ILC
PBMC10k_AGTTCGAAGGGATCTG-1,1220,B,B memory
PBMC10k_AGTTCGAAGTCAGCGA-1,1221,Mono,CD16 Mono
PBMC10k_AGTTCGACAACACTAC-1,1222,CD4 T,CD4 TCM
PBMC10k_AGTTCGACACTGGATT-1,1223,CD8 T,CD8 TEM
PBMC10k_AGTTCGACATGCGTGC-1,1224,NK,NK
PBMC10k_AGTTCGAGTTAGAGAT-1,1227,NK,NK
PBMC10k_ATACCGAAGACTGGGT-1,1230,NK,NK
PBMC10k_ATACCGACACTCATAG-1,1233,B,B memory
PBMC10k_ATACCTTAGGATGGCT-1,1236,Mono,CD14 Mono
PBMC10k_ATACCTTCACGGGCTT-1,1237,Mono,CD14 Mono
PBMC10k_ATACCTTCACGGTAGA-1,1238,CD4 T,Treg
PBMC10k_ATACCTTGTCATTGCA-1,1241,CD4 T,CD4 TEM
PBMC10k_ATACCTTGTCCAAGAG-1,1242,CD4 T,CD4 TCM
PBMC10k_ATACCTTGTTCAATCG-1,1243,B,B memory
PBMC10k_ATACCTTTCTTAGCAG-1,1244,Mono,CD14 Mono
PBMC10k_ATACTTCGTAAGGCTG-1,1247,other T,MAIT
PBMC10k_ATACTTCGTAGACGGT-1,1248,CD4 T,CD4 Naive
PBMC10k_ATACTTCGTCTGCAAT-1,1249,CD4 T,CD4 TCM
PBMC10k_ATACTTCTCCATCAGA-1,1251,CD4 T,CD4 TCM
PBMC10k_ATACTTCTCTAGTACG-1,1252,CD4 T,CD4 Naive
PBMC10k_ATAGACCAGCAATAGT-1,1254,DC,cDC2
PBMC10k_ATAGACCTCCAAAGGG-1,1256,B,B naive
PBMC10k_ATAGACCTCTCGGCTT-1,1257,CD4 T,CD4 Naive
PBMC10k_ATAGAGAAGATGGTAT-1,1259,CD4 T,CD4 Naive
PBMC10k_ATAGAGATCGGTGTTA-1,1263,NK,NK
PBMC10k_ATAGGCTAGCGTCTGC-1,1267,NK,NK
PBMC10k_ATAGGCTCAAGTTTGC-1,1268,NK,NK
PBMC10k_ATAGGCTGTCGGTGTC-1,1270,CD4 T,CD4 TCM
PBMC10k_ATAGGCTTCCATGAGT-1,1272,CD8 T,CD8 TEM
PBMC10k_ATATCCTAGCGTACAG-1,1274,CD4 T,CD4 TEM
PBMC10k_ATATCCTAGGTTAGTA-1,1275,Mono,CD14 Mono
PBMC10k_ATATCCTAGTCATGCT-1,1276,other T,MAIT
PBMC10k_ATATCCTAGTGACCTT-1,1277,other T,MAIT
PBMC10k_ATATCCTCAGCGTAGA-1,1279,DC,cDC2
PBMC10k_ATATCCTGTCCACTTC-1,1280,other T,MAIT
PBMC10k_ATATCCTGTCTAGTGT-1,1281,CD4 T,CD4 TCM
PBMC10k_ATATCCTGTTGACGGA-1,1283,CD8 T,CD8 TEM
PBMC10k_ATCACAGAGGTCATTC-1,1284,CD4 T,CD4 TCM
PBMC10k_ATCACAGGTATCTCGA-1,1287,other T,dnT
PBMC10k_ATCACAGTCTTTACAC-1,1288,Mono,CD14 Mono
PBMC10k_ATCACGAGTTCAAACC-1,1291,NK,NK
PBMC10k_ATCACGATCGTTAGAC-1,1293,other,Eryth
PBMC10k_ATCACTTCAGTGTGGA-1,1297,CD8 T,CD8 TEM
PBMC10k_ATCACTTTCTCCTGCA-1,1301,CD8 T,CD8 Naive
PBMC10k_ATCAGGTCAAGCACCC-1,1302,Mono,CD14 Mono
PBMC10k_ATCAGGTCACTCAAGT-1,1303,Mono,CD14 Mono
PBMC10k_ATCAGGTTCCTCTTTC-1,1306,Mono,CD14 Mono
PBMC10k_ATCATTCCAGTCACGC-1,1309,CD8 T,CD8 TCM
PBMC10k_ATCATTCGTGAATGTA-1,1311,Mono,CD14 Mono
PBMC10k_ATCATTCGTGGCACTC-1,1312,other T,dnT
PBMC10k_ATCATTCTCTGTTCAT-1,1314,DC,pDC
PBMC10k_ATCCACCAGGAATGTT-1,1318,CD8 T,CD8 TEM
PBMC10k_ATCCACCCACTGTTCC-1,1321,other T,MAIT
PBMC10k_ATCCATTAGTATGACA-1,1323,CD4 T,CD4 TEM
PBMC10k_ATCCATTCACCACTGG-1,1324,Mono,CD14 Mono
PBMC10k_ATCCATTCATACTGTG-1,1325,NK,NK
PBMC10k_ATCCATTTCCGTAGTA-1,1327,CD4 T,CD4 TCM
PBMC10k_ATCCCTGGTTTGGGAG-1,1329,Mono,CD14 Mono
PBMC10k_ATCCGTCAGCCTTTGA-1,1332,NK,NK
PBMC10k_ATCCGTCAGTGCCAGA-1,1333,other T,MAIT
PBMC10k_ATCCGTCCAAGTGATA-1,1335,CD8 T,CD8 TEM
PBMC10k_ATCCGTCTCGCTAATG-1,1340,B,B naive
PBMC10k_ATCCTATCATGTTTGG-1,1344,Mono,CD14 Mono
PBMC10k_ATCCTATGTGTCCGGT-1,1345,B,B naive
PBMC10k_ATCCTATTCATCACCC-1,1346,CD8 T,CD8 TCM
PBMC10k_ATCGATGAGGCATCAG-1,1347,other T,gdT
PBMC10k_ATCGATGCAATGGGTG-1,1348,Mono,CD14 Mono
PBMC10k_ATCGATGGTCATAAAG-1,1351,other T,MAIT
PBMC10k_ATCGATGTCTGGGCAC-1,1353,CD4 T,CD4 Naive
PBMC10k_ATCGCCTCACGTAACT-1,1356,CD4 T,CD4 Naive
PBMC10k_ATCGCCTCATGCGGTC-1,1357,B,B memory
PBMC10k_ATCGCCTGTCGAGCTC-1,1358,CD8 T,CD8 TEM
PBMC10k_ATCGGATAGCGAGGAG-1,1362,DC,cDC2
PBMC10k_ATCGGATAGTAACCGG-1,1363,CD4 T,CD4 CTL
PBMC10k_ATCGGATAGTAGTGCG-1,1364,NK,NK
PBMC10k_ATCGGATCAAGGAGTC-1,1365,other,ILC
PBMC10k_ATCGGATCACGTTCGG-1,1366,Mono,CD14 Mono
PBMC10k_ATCGGATTCGCGTTTC-1,1367,NK,NK
PBMC10k_ATCGGCGAGACCCTTA-1,1369,CD4 T,CD4 TCM
PBMC10k_ATCGGCGGTACAAACA-1,1372,NK,NK
PBMC10k_ATCGGCGTCTCATTAC-1,1373,CD4 T,CD4 Naive
PBMC10k_ATCGTAGAGCAGGCAT-1,1374,Mono,CD14 Mono
PBMC10k_ATCGTAGGTCTACTGA-1,1376,CD4 T,CD4 Naive
PBMC10k_ATCGTCCAGTTACTCG-1,1379,CD4 T,CD4 TCM
PBMC10k_ATCGTCCCACACAGAG-1,1380,Mono,CD14 Mono
PBMC10k_ATCGTCCCATCTGTTT-1,1382,CD4 T,CD4 TCM
PBMC10k_ATCGTCCGTATCAAGA-1,1383,CD4 T,CD4 Naive
PBMC10k_ATCGTCCGTCAAAGTA-1,1384,CD4 T,CD4 Naive
PBMC10k_ATCGTCCGTTAGAGTA-1,1385,Mono,CD14 Mono
PBMC10k_ATCGTCCTCGATACGT-1,1387,Mono,CD14 Mono
PBMC10k_ATCGTGAAGGATACCG-1,1389,B,B memory
PBMC10k_ATCGTGACACTATGTG-1,1390,other T,MAIT
PBMC10k_ATCGTGACAGACGCTC-1,1392,CD4 T,CD4 TCM
PBMC10k_ATCGTGAGTTCAAACC-1,1394,CD4 T,CD4 TCM
PBMC10k_ATCTCTAAGAGATCGC-1,1396,B,B memory
PBMC10k_ATCTCTAAGATGGGCT-1,1398,CD4 T,CD4 TCM
PBMC10k_ATCTCTAAGCGATTCT-1,1399,Mono,CD14 Mono
PBMC10k_ATCTCTACAAGCCCAC-1,1401,CD4 T,Treg
PBMC10k_ATCTCTAGTACGAGTG-1,1405,CD4 T,CD4 TCM
PBMC10k_ATCTCTATCAAGAAAC-1,1407,B,B naive
PBMC10k_ATCTCTATCGCTCCTA-1,1408,Mono,CD14 Mono
PBMC10k_ATCTTCAAGTCTTCCC-1,1410,CD8 T,CD8 TEM
PBMC10k_ATCTTCACAGGTGACA-1,1411,Mono,CD14 Mono
PBMC10k_ATCTTCAGTCCAACGC-1,1412,CD4 T,CD4 TCM
PBMC10k_ATCTTCATCCCATTTA-1,1414,B,B naive
PBMC10k_ATCTTCATCGGAATGG-1,1415,CD4 T,CD4 Naive
PBMC10k_ATGAAAGAGAGCAAGA-1,1416,NK,NK
PBMC10k_ATGAAAGAGCGTTAGG-1,1418,CD8 T,CD8 TEM
PBMC10k_ATGAAAGCAGTCTGGC-1,1420,CD4 T,CD4 TCM
PBMC10k_ATGAAAGCAGTGTACT-1,1421,CD4 T,CD4 TEM
PBMC10k_ATGAAAGGTGACTCTA-1,1424,other T,MAIT
PBMC10k_ATGACCAAGACGGATC-1,1426,CD4 T,CD4 TCM
PBMC10k_ATGACCAAGCCAAGCA-1,1427,CD4 T,CD4 TCM
PBMC10k_ATGACCAAGTGGAATT-1,1428,CD8 T,CD8 TEM
PBMC10k_ATGACCACAGGTATGG-1,1431,other T,dnT
PBMC10k_ATGACCATCGTTATCT-1,1434,CD4 T,CD4 Naive
PBMC10k_ATGAGGGAGACGATAT-1,1435,NK,NK
PBMC10k_ATGAGGGAGTCTACCA-1,1437,B,B naive
PBMC10k_ATGAGGGCATACAGCT-1,1438,Mono,CD14 Mono
PBMC10k_ATGAGGGGTATCGCAT-1,1439,NK,NK
PBMC10k_ATGAGTCCAACGGGTA-1,1443,Mono,CD14 Mono
PBMC10k_ATGAGTCGTGACAGGT-1,1446,CD4 T,CD4 TCM
PBMC10k_ATGAGTCTCCTTCTGG-1,1448,B,B memory
PBMC10k_ATGAGTCTCTGAGGTT-1,1449,CD4 T,CD4 TCM
PBMC10k_ATGATCGCACAACGCC-1,1451,CD8 T,CD8 TEM
PBMC10k_ATGATCGTCAGTGTCA-1,1456,Mono,CD14 Mono
PBMC10k_ATGATCGTCCATTTCA-1,1457,Mono,CD14 Mono
PBMC10k_ATGATCGTCTCGTGGG-1,1458,Mono,CD14 Mono
PBMC10k_ATGCATGAGCATTTCG-1,1460,DC,cDC2
PBMC10k_ATGCATGAGGGCTGAT-1,1461,CD8 T,CD8 TCM
PBMC10k_ATGCATGAGTTGTCAC-1,1462,CD4 T,CD4 TCM
PBMC10k_ATGCATGGTACGACTT-1,1464,Mono,CD14 Mono
PBMC10k_ATGCATGGTATGAGGC-1,1465,NK,NK
PBMC10k_ATGCATGGTCGACTGC-1,1466,Mono,CD14 Mono
PBMC10k_ATGCATGGTCGCGTTG-1,1467,CD4 T,CD4 TEM
PBMC10k_ATGCATGGTGACCGTC-1,1468,other T,MAIT
PBMC10k_ATGCATGGTGATTCAC-1,1469,DC,cDC2
PBMC10k_ATGCATGGTTCCTAGA-1,1471,CD4 T,CD4 TCM
PBMC10k_ATGCATGTCCATTTAC-1,1472,CD4 T,Treg
PBMC10k_ATGCATGTCGGAAGGT-1,1473,CD4 T,CD4 TCM
PBMC10k_ATGCCTCAGGCACGAT-1,1476,B,B naive
PBMC10k_ATGCCTCAGTAAACGT-1,1477,CD4 T,CD4 TEM
PBMC10k_ATGCCTCTCCTAGAGT-1,1481,B,B naive
PBMC10k_ATGCGATCAAGATGTA-1,1485,CD8 T,CD8 Naive
PBMC10k_ATGCGATCAGAGTTGG-1,1487,CD4 T,CD4 Naive
PBMC10k_ATGCGATGTCAACCTA-1,1488,NK,NK
PBMC10k_ATGCGATGTCACGACC-1,1489,DC,cDC2
PBMC10k_ATGCGATGTGGTTTGT-1,1490,CD4 T,CD4 TCM
PBMC10k_ATGGAGGTCCGTTTCG-1,1497,CD4 T,Treg
PBMC10k_ATGGATCAGATTCGAA-1,1498,CD4 T,CD4 TCM
PBMC10k_ATGGATCAGGAAGTGA-1,1499,CD4 T,Treg
PBMC10k_ATGGATCCACTAGGTT-1,1500,other T,MAIT
PBMC10k_ATGGATCCAGACACCC-1,1502,CD4 T,CD4 TCM
PBMC10k_ATGGATCCAGTCTACA-1,1503,B,B intermediate
PBMC10k_ATGGATCGTGAGAACC-1,1505,Mono,CD14 Mono
PBMC10k_ATGGGAGCAACATACC-1,1506,other,Eryth
PBMC10k_ATGGGAGCAATCAAGA-1,1508,CD8 T,CD8 Naive
PBMC10k_ATGGGAGCAGCTGTCG-1,1509,CD4 T,CD4 Naive
PBMC10k_ATGGGAGCATGGCACC-1,1510,CD4 T,CD4 TCM
PBMC10k_ATGGGAGTCGTGGCGT-1,1512,CD4 T,CD4 TEM
PBMC10k_ATGGGAGTCTGACCCT-1,1514,DC,cDC2
PBMC10k_ATGGGAGTCTGGCTGG-1,1515,CD4 T,CD4 TCM
PBMC10k_ATGGGTTAGAGTGACC-1,1516,CD4 T,CD4 Naive
PBMC10k_ATGGGTTAGCGAACTG-1,1517,NK,NK_CD56bright
PBMC10k_ATGGGTTAGTACGTCT-1,1518,Mono,CD14 Mono
PBMC10k_ATGGGTTGTATCGCAT-1,1519,CD8 T,CD8 Naive
PBMC10k_ATGGGTTGTTGACGGA-1,1520,other,Eryth
PBMC10k_ATGGTTGAGGACTATA-1,1521,Mono,CD14 Mono
PBMC10k_ATGGTTGTCTCTATAC-1,1523,other T,MAIT
PBMC10k_ATGTCCCAGTAGGGTC-1,1524,CD4 T,CD4 Naive
PBMC10k_ATGTCCCCAATAGGAT-1,1525,NK,NK
PBMC10k_ATGTCCCCACCGGCTA-1,1526,Mono,CD14 Mono
PBMC10k_ATGTCCCGTGAAGCTG-1,1528,Mono,CD14 Mono
PBMC10k_ATGTCCCTCAAGTCTG-1,1529,other T,MAIT
PBMC10k_ATGTCTTAGAATTGTG-1,1531,NK,NK
PBMC10k_ATGTCTTGTAGTGCGA-1,1536,B,B memory
PBMC10k_ATGTCTTTCTCACTCG-1,1538,CD4 T,CD4 TEM
PBMC10k_ATTACCTAGAAGGATG-1,1540,DC,cDC2
PBMC10k_ATTACCTAGCACCGTC-1,1541,CD4 T,CD4 Naive
PBMC10k_ATTACCTAGCCATCCG-1,1542,CD4 T,CD4 Naive
PBMC10k_ATTACCTAGTCAACAA-1,1543,B,B naive
PBMC10k_ATTACCTTCACTACGA-1,1548,CD4 T,Treg
PBMC10k_ATTACCTTCTTAGTTC-1,1549,B,B naive
PBMC10k_ATTACTCAGACCAGCA-1,1550,other T,MAIT
PBMC10k_ATTACTCAGGACAGCT-1,1551,CD8 T,CD8 TEM
PBMC10k_ATTACTCAGTGGATTA-1,1552,CD8 T,CD8 TEM
PBMC10k_ATTACTCCAATCTGCA-1,1553,Mono,CD14 Mono
PBMC10k_ATTACTCCACTCCACT-1,1554,CD8 T,CD8 Naive
PBMC10k_ATTACTCCACTGCATA-1,1555,CD4 T,CD4 TEM
PBMC10k_ATTACTCTCGAAATCC-1,1557,CD8 T,CD8 TCM
PBMC10k_ATTATCCGTCATCGCG-1,1560,CD4 T,CD4 TCM
PBMC10k_ATTATCCTCGAAGCAG-1,1561,CD4 T,CD4 TCM
PBMC10k_ATTATCCTCGGAGATG-1,1562,Mono,CD14 Mono
PBMC10k_ATTCACTAGCTAAATG-1,1563,CD4 T,CD4 Naive
PBMC10k_ATTCACTAGCTACTAC-1,1564,CD4 T,CD4 Naive
PBMC10k_ATTCACTAGTTGCATC-1,1565,NK,NK
PBMC10k_ATTCACTGTCAGACGA-1,1567,CD4 T,CD4 Naive
PBMC10k_ATTCACTGTTCCTTGC-1,1569,Mono,CD14 Mono
PBMC10k_ATTCACTTCCTGTACC-1,1571,NK,NK
PBMC10k_ATTCAGGCAAACACCT-1,1573,Mono,CD14 Mono
PBMC10k_ATTCAGGGTAATGCTC-1,1574,Mono,CD14 Mono
PBMC10k_ATTCAGGGTATTGACC-1,1575,NK,NK
PBMC10k_ATTCAGGTCGCTACAA-1,1576,DC,cDC2
PBMC10k_ATTCATCCAGCAGTCC-1,1578,other T,MAIT
PBMC10k_ATTCATCCAGGTGTGA-1,1579,Mono,CD14 Mono
PBMC10k_ATTCATCGTGAGTAAT-1,1580,Mono,CD14 Mono
PBMC10k_ATTCATCTCTGCAGCG-1,1583,other T,gdT
PBMC10k_ATTCCATGTCACTCGG-1,1585,CD4 T,CD4 Naive
PBMC10k_ATTCCATTCTTCTGTA-1,1589,NK,NK
PBMC10k_ATTCCCGAGCGCCTCA-1,1590,CD4 T,CD4 Naive
PBMC10k_ATTCCCGAGCTTGTGT-1,1591,NK,NK
PBMC10k_ATTCCCGAGTTCACTG-1,1592,CD4 T,CD4 Naive
PBMC10k_ATTCCCGCAAGCGCAA-1,1593,CD4 T,Treg
PBMC10k_ATTCCCGCACAATGTC-1,1594,CD4 T,CD4 TCM
PBMC10k_ATTCCCGCAGCATACT-1,1595,NK,NK
PBMC10k_ATTCCCGCATGGGAAC-1,1596,CD4 T,CD4 TCM
PBMC10k_ATTCCCGGTCGATGCC-1,1597,NK,NK
PBMC10k_ATTCCTACATGTGTCA-1,1602,NK,NK
PBMC10k_ATTCCTATCATCGCAA-1,1603,CD8 T,CD8 Naive
PBMC10k_ATTCCTATCGTAGTCA-1,1605,CD8 T,CD8 TCM
PBMC10k_ATTCGTTAGCCACCGT-1,1606,CD4 T,CD4 Naive
PBMC10k_ATTCGTTCAAGCGAAC-1,1607,Mono,CD14 Mono
PBMC10k_ATTCGTTGTACAGTAA-1,1610,CD4 T,CD4 TEM
PBMC10k_ATTCGTTGTTAAGAAC-1,1611,Mono,CD14 Mono
PBMC10k_ATTCGTTTCGAGCCTG-1,1612,Mono,CD14 Mono
PBMC10k_ATTCTACTCCTAGCCT-1,1616,Mono,CD14 Mono
PBMC10k_ATTCTACTCTGAGCAT-1,1619,Mono,CD14 Mono
PBMC10k_ATTCTTGGTGCTTCAA-1,1622,NK,NK
PBMC10k_ATTCTTGTCAAGCCGC-1,1624,CD4 T,CD4 TCM
PBMC10k_ATTGGGTGTAGGCAAC-1,1628,CD8 T,CD8 Naive
PBMC10k_ATTGGGTTCATTCATC-1,1630,CD4 T,CD4 Naive
PBMC10k_ATTGGGTTCGCTTACC-1,1632,CD8 T,CD8 TEM
PBMC10k_ATTGTTCGTACAAGTA-1,1635,Mono,CD14 Mono
PBMC10k_ATTGTTCGTAGGTGCA-1,1636,CD4 T,CD4 TCM
PBMC10k_ATTGTTCGTCTTGAAC-1,1638,CD8 T,CD8 TEM
PBMC10k_ATTTACCAGATGTTCC-1,1640,DC,pDC
PBMC10k_ATTTACCAGGCCTGAA-1,1642,CD4 T,Treg
PBMC10k_ATTTACCCAACTGATC-1,1643,Mono,CD16 Mono
PBMC10k_ATTTACCGTACTAGCT-1,1646,CD8 T,CD8 TEM
PBMC10k_ATTTACCGTGTACGCC-1,1648,other T,dnT
PBMC10k_ATTTCACAGGCGAACT-1,1651,CD4 T,CD4 Naive
PBMC10k_ATTTCACCAGAACGCA-1,1652,other T,MAIT
PBMC10k_ATTTCACCATCACAGT-1,1653,NK,NK
PBMC10k_ATTTCACGTTCACGAT-1,1655,CD8 T,CD8 TEM
PBMC10k_ATTTCACTCGATGCAT-1,1656,CD4 T,CD4 TCM
PBMC10k_ATTTCTGAGCGGTATG-1,1659,CD4 T,CD4 TCM
PBMC10k_ATTTCTGCAACCAGAG-1,1660,CD4 T,CD4 TEM
PBMC10k_ATTTCTGGTGTCTCCT-1,1662,other,ILC
PBMC10k_ATTTCTGTCCATCTAT-1,1664,CD4 T,CD4 Naive
PBMC10k_CAAAGAAAGATACGAT-1,1667,other T,MAIT
PBMC10k_CAAAGAAAGGTAAGTT-1,1668,B,B intermediate
PBMC10k_CAACAACCATCCAACA-1,1670,NK,NK
PBMC10k_CAACAACGTTCATCGA-1,1673,Mono,CD14 Mono
PBMC10k_CAACAGTAGGTCATAA-1,1675,NK,NK
PBMC10k_CAACAGTAGTGTACCT-1,1677,other T,MAIT
PBMC10k_CAACAGTCAACATACC-1,1678,CD4 T,CD4 Naive
PBMC10k_CAACAGTGTGGCACTC-1,1680,CD4 T,CD4 Naive
PBMC10k_CAACAGTTCGCTGACG-1,1681,CD4 T,CD4 Naive
PBMC10k_CAACAGTTCGTTACCC-1,1682,Mono,CD14 Mono
PBMC10k_CAACCAACACCTAAAC-1,1683,Mono,CD14 Mono
PBMC10k_CAACCAAGTTAGGCTT-1,1684,NK,NK
PBMC10k_CAACCAAGTTTGGGTT-1,1685,CD4 T,CD4 Naive
PBMC10k_CAACCAATCATCTCTA-1,1686,CD4 T,Treg
PBMC10k_CAACCAATCCATCACC-1,1687,NK,NK
PBMC10k_CAACCAATCCGATAGT-1,1688,CD4 T,CD4 TEM
PBMC10k_CAACCAATCTTGGAAC-1,1689,Mono,CD14 Mono
PBMC10k_CAACCTCAGGCACTAG-1,1691,B,B naive
PBMC10k_CAACCTCAGTCGGGAT-1,1692,CD4 T,CD4 Naive
PBMC10k_CAACGATAGAACTTCC-1,1696,other,Eryth
PBMC10k_CAACGATAGCCAGAGT-1,1697,CD8 T,CD8 TCM
PBMC10k_CAACGGCAGGACAACC-1,1701,other T,MAIT
PBMC10k_CAACGGCCACGACGTC-1,1702,CD8 T,CD8 TEM
PBMC10k_CAACGGCTCGTCGGGT-1,1704,other,ILC
PBMC10k_CAACGGCTCTCGCCTA-1,1705,NK,NK
PBMC10k_CAAGACTAGTCAGCGA-1,1706,CD4 T,CD4 Naive
PBMC10k_CAAGACTAGTTCCGTA-1,1707,CD4 T,CD4 Naive
PBMC10k_CAAGACTCAAGTGGAC-1,1708,CD8 T,CD8 TEM
PBMC10k_CAAGACTGTGATGGCA-1,1709,other T,MAIT
PBMC10k_CAAGACTTCATACGGT-1,1710,CD4 T,CD4 Naive
PBMC10k_CAAGAGGTCAGGCGAA-1,1717,CD4 T,CD4 Proliferating
PBMC10k_CAAGCTACAGAGAATT-1,1721,CD8 T,CD8 TEM
PBMC10k_CAAGCTAGTCGAACGA-1,1722,B,B naive
PBMC10k_CAAGCTATCTTAGTTC-1,1723,CD8 T,CD8 TEM
PBMC10k_CAAGGGACAAGACTGG-1,1724,B,B naive
PBMC10k_CAAGGGAGTCCTACGG-1,1725,CD4 T,CD4 TCM
PBMC10k_CAAGGGAGTGAGCCAA-1,1726,CD4 T,CD4 TEM
PBMC10k_CAAGGGATCCTCTTTC-1,1727,other T,MAIT
PBMC10k_CAATACGAGACGATAT-1,1728,Mono,CD14 Mono
PBMC10k_CAATACGCACCGTCGA-1,1731,CD4 T,CD4 TCM
PBMC10k_CAATCGACATTGACAC-1,1736,CD4 T,CD4 TEM
PBMC10k_CAATCGATCCGAAGGA-1,1737,NK,NK
PBMC10k_CAATGACAGATTGTGA-1,1739,DC,cDC2
PBMC10k_CAATGACAGGTTACCT-1,1740,other T,dnT
PBMC10k_CAATGACCAGGTCCGT-1,1741,CD4 T,CD4 TEM
PBMC10k_CAATGACGTGATTCTG-1,1743,Mono,CD14 Mono
PBMC10k_CAATGACTCATGGAGG-1,1745,CD4 T,CD4 TCM
PBMC10k_CAATGACTCCAAGAGG-1,1746,CD4 T,CD4 TCM
PBMC10k_CAATTTCGTCCTCCTA-1,1748,other T,MAIT
PBMC10k_CAATTTCGTGACGCCT-1,1749,CD4 T,CD4 TEM
PBMC10k_CAATTTCTCATTTGGG-1,1751,NK,NK
PBMC10k_CACAACACACTCGATA-1,1754,Mono,CD14 Mono
PBMC10k_CACAACACAGTTGAAA-1,1755,CD8 T,CD8 Naive
PBMC10k_CACAACAGTATTGCCA-1,1756,B,B intermediate
PBMC10k_CACAACATCAAGGCTT-1,1757,CD8 T,CD8 Proliferating
PBMC10k_CACAACATCGTAGCTA-1,1759,Mono,CD14 Mono
PBMC10k_CACACAAAGTCTCTGA-1,1760,other,Eryth
PBMC10k_CACACAAGTTAAACAG-1,1762,B,B memory
PBMC10k_CACACAATCTCTCTAA-1,1764,CD4 T,Treg
PBMC10k_CACAGATAGCAACAGC-1,1766,other,Eryth
PBMC10k_CACAGATAGCACGGAT-1,1767,NK,NK
PBMC10k_CACAGATCAGAGATTA-1,1768,CD4 T,CD4 TCM
PBMC10k_CACAGATGTTCAGCTA-1,1770,CD4 T,CD4 TCM
PBMC10k_CACAGGCCATGGACAG-1,1774,CD8 T,CD8 TEM
PBMC10k_CACAGGCGTGGTCCGT-1,1775,CD4 T,CD4 Naive
PBMC10k_CACATGAAGGAAAGTG-1,1777,B,B naive
PBMC10k_CACATGAAGTTTAGGA-1,1778,NK,NK
PBMC10k_CACATGAGTTTCGATG-1,1781,CD4 T,CD4 TCM
PBMC10k_CACCAAAAGACGGTCA-1,1782,CD8 T,CD8 Naive
PBMC10k_CACCAAAAGCCATATC-1,1784,other T,MAIT
PBMC10k_CACCAAAGTTATAGCC-1,1785,CD4 T,CD4 TCM
PBMC10k_CACCGTTAGGACAGCT-1,1787,CD4 T,CD4 TEM
PBMC10k_CACCGTTGTGTAGTGG-1,1790,CD8 T,CD8 Naive
PBMC10k_CACCGTTTCGGCATTA-1,1791,CD8 T,CD8 TEM
PBMC10k_CACGAATCAACACACT-1,1793,CD8 T,CD8 Naive
PBMC10k_CACGAATCAACCCTCT-1,1794,Mono,CD14 Mono
PBMC10k_CACGAATCATCTAGAC-1,1795,CD8 T,CD8 Proliferating
PBMC10k_CACGAATCATGTTCGA-1,1796,CD4 T,CD4 TCM
PBMC10k_CACGAATGTATGTCTG-1,1799,DC,cDC2
PBMC10k_CACGAATGTGCCTGCA-1,1801,other T,MAIT
PBMC10k_CACGAATTCAGTCTTT-1,1802,Mono,CD14 Mono
PBMC10k_CACGAATTCCAGTGTA-1,1803,B,B naive
PBMC10k_CACGAATTCCCTAGGG-1,1804,CD4 T,CD4 Naive
PBMC10k_CACGGGTCAAACCATC-1,1807,CD8 T,CD8 Naive
PBMC10k_CACGGGTCAATGCAGG-1,1808,NK,NK
PBMC10k_CACGTGGAGTATAGAC-1,1809,CD4 T,CD4 TCM
PBMC10k_CACGTGGCAAATCAAG-1,1810,other,Eryth
PBMC10k_CACGTGGCAGTTAAAG-1,1811,NK,NK
PBMC10k_CACGTGGGTCCTACAA-1,1813,CD4 T,CD4 Naive
PBMC10k_CACGTGGGTTCGCGTG-1,1815,CD4 T,CD4 TCM
PBMC10k_CACGTGGTCCATAGAC-1,1817,Mono,CD14 Mono
PBMC10k_CACGTTCAGTGATAAC-1,1819,Mono,CD14 Mono
PBMC10k_CACGTTCCATATACCG-1,1821,Mono,CD16 Mono
PBMC10k_CACTAAGCAATGGCCC-1,1824,NK,NK
PBMC10k_CACTAAGCACCCGTAG-1,1826,CD4 T,CD4 TEM
PBMC10k_CACTAAGTCTGCTTAT-1,1827,CD4 T,CD4 TCM
PBMC10k_CACTGAAAGTGCGCTC-1,1830,CD4 T,CD4 TCM
PBMC10k_CACTGAATCCGCGGAT-1,1831,CD4 T,Treg
PBMC10k_CACTGGGCAGCCTACG-1,1832,Mono,CD14 Mono
PBMC10k_CACTGGGGTTGCGGAA-1,1833,Mono,CD14 Mono
PBMC10k_CACTGGGTCATTCGTT-1,1835,B,B naive
PBMC10k_CACTGGGTCCCTCGTA-1,1836,NK,NK
PBMC10k_CACTGTCCAAACTAGA-1,1837,CD4 T,CD4 Naive
PBMC10k_CACTGTCCAATGAGCG-1,1838,CD4 T,CD4 Naive
PBMC10k_CACTGTCCACAAATGA-1,1839,CD4 T,CD4 Naive
PBMC10k_CACTGTCCATAGTCGT-1,1841,CD4 T,CD4 TCM
PBMC10k_CACTGTCGTTGTTGCA-1,1843,Mono,CD14 Mono
PBMC10k_CACTTCGAGCCTGGAA-1,1844,CD4 T,CD4 CTL
PBMC10k_CACTTCGAGGCACAAC-1,1845,other T,MAIT
PBMC10k_CACTTCGGTATGAGGC-1,1849,CD4 T,CD4 TEM
PBMC10k_CACTTCGGTGAAGCGT-1,1851,Mono,CD14 Mono
PBMC10k_CACTTCGTCAAGCCTA-1,1852,NK,NK
PBMC10k_CAGATACAGGTCCGAA-1,1857,CD4 T,CD4 TCM
PBMC10k_CAGATACAGGTGCCTC-1,1858,NK,NK
PBMC10k_CAGATCAAGAGCCCAA-1,1860,CD4 T,CD4 Naive
PBMC10k_CAGATCACATTGTAGC-1,1864,NK,NK Proliferating
PBMC10k_CAGATCAGTTTGAAAG-1,1865,Mono,CD14 Mono
PBMC10k_CAGATTGAGAGTCTGG-1,1868,CD4 T,CD4 Naive
PBMC10k_CAGATTGCATTGTACG-1,1870,CD4 T,CD4 Naive
PBMC10k_CAGATTGTCAAGAGTA-1,1872,Mono,CD14 Mono
PBMC10k_CAGATTGTCCATACTT-1,1873,B,B naive
PBMC10k_CAGATTGTCGTAGCCG-1,1874,CD4 T,CD4 TCM
PBMC10k_CAGATTGTCTCCGATC-1,1875,NK,NK
PBMC10k_CAGCAATAGTATGACA-1,1876,CD4 T,CD4 Naive
PBMC10k_CAGCAATTCACACGAT-1,1880,Mono,CD14 Mono
PBMC10k_CAGCAATTCTGGTGGC-1,1881,NK,NK
PBMC10k_CAGCACGAGCTTTCCC-1,1882,other,Eryth
PBMC10k_CAGCACGTCGGTCATA-1,1884,B,B memory
PBMC10k_CAGCCAGAGCAGTCTT-1,1886,CD4 T,CD4 TCM
PBMC10k_CAGCCAGAGCGATTCT-1,1887,CD4 T,CD4 Naive
PBMC10k_CAGCCAGAGCGCCATC-1,1888,DC,cDC2
PBMC10k_CAGCCAGAGTGGATTA-1,1889,CD8 T,CD8 Naive
PBMC10k_CAGCCAGCAGCCCAGT-1,1891,CD4 T,CD4 TCM
PBMC10k_CAGCCAGTCAACGCTA-1,1893,Mono,CD14 Mono
PBMC10k_CAGCGTGAGATCCGAG-1,1894,other,Eryth
PBMC10k_CAGCGTGAGTCACTCA-1,1895,CD4 T,CD4 Naive
PBMC10k_CAGCGTGAGTCTAGAA-1,1896,other,Eryth
PBMC10k_CAGCGTGCAATTGCCA-1,1897,DC,cDC2
PBMC10k_CAGCGTGCACTCCGGA-1,1898,Mono,CD14 Mono
PBMC10k_CAGGCCAAGCGTTCCG-1,1902,Mono,CD14 Mono
PBMC10k_CAGGCCAAGTAAATGC-1,1903,CD8 T,CD8 TEM
PBMC10k_CAGGCCAGTCCTGTCT-1,1906,CD8 T,CD8 TEM
PBMC10k_CAGGCCAGTCTTGAGT-1,1907,Mono,CD14 Mono
PBMC10k_CAGGCCATCTGCGAGC-1,1910,CD4 T,CD4 TEM
PBMC10k_CAGGGCTAGTTGGCGA-1,1911,Mono,CD14 Mono
PBMC10k_CAGGGCTCACGGTGCT-1,1913,other,Eryth
PBMC10k_CAGGGCTCATCGCTCT-1,1916,NK,NK
PBMC10k_CAGGGCTGTATTCCGA-1,1917,CD4 T,CD4 Naive
PBMC10k_CAGGTATAGAAGGGAT-1,1919,NK,NK
PBMC10k_CAGGTATAGTCATCCA-1,1921,CD8 T,CD8 TEM
PBMC10k_CAGGTATCAGAGATTA-1,1923,CD4 T,CD4 TEM
PBMC10k_CAGGTATGTGCCTTCT-1,1924,Mono,CD14 Mono
PBMC10k_CAGGTATGTGTCCGGT-1,1926,CD4 T,CD4 Naive
PBMC10k_CAGTGCGAGTACCCTA-1,1930,Mono,CD14 Mono
PBMC10k_CAGTGCGAGTCCCAGC-1,1931,CD4 T,CD4 Naive
PBMC10k_CAGTGCGCAAGAGTAT-1,1932,Mono,CD14 Mono
PBMC10k_CAGTGCGCACAGACGA-1,1933,CD4 T,Treg
PBMC10k_CAGTGCGCACGAGGAT-1,1934,other T,MAIT
PBMC10k_CAGTTAGCACGGCGTT-1,1935,CD8 T,CD8 TCM
PBMC10k_CAGTTCCGTCATGGCC-1,1941,Mono,CD16 Mono
PBMC10k_CAGTTCCGTGCCTGAC-1,1942,other T,MAIT
PBMC10k_CAGTTCCTCCTCACTG-1,1943,Mono,CD14 Mono
PBMC10k_CATAAGCAGCCACCGT-1,1945,NK,NK_CD56bright
PBMC10k_CATACAGAGATAACGT-1,1949,other,Eryth
PBMC10k_CATACAGAGTGGAAGA-1,1950,Mono,CD14 Mono
PBMC10k_CATACAGGTAACCCTA-1,1952,NK,NK
PBMC10k_CATACAGGTAGGATAT-1,1953,Mono,CD14 Mono
PBMC10k_CATACAGGTCGCGTTG-1,1954,CD4 T,Treg
PBMC10k_CATACAGGTTAAGGAT-1,1956,CD4 T,CD4 TCM
PBMC10k_CATACAGTCGTGGTAT-1,1958,Mono,CD14 Mono
PBMC10k_CATACCCAGACCTCCG-1,1959,NK,NK
PBMC10k_CATACCCCAGGATTCT-1,1961,CD8 T,CD8 TEM
PBMC10k_CATACCCGTGTTACAC-1,1962,Mono,CD14 Mono
PBMC10k_CATACCCGTTATGTCG-1,1963,Mono,CD14 Mono
PBMC10k_CATACCCTCAAGGAGC-1,1964,other,Eryth
PBMC10k_CATACCCTCATTGCGA-1,1965,other T,dnT
PBMC10k_CATACTTCACATATGC-1,1967,CD4 T,CD4 Naive
PBMC10k_CATACTTCATCGCCTT-1,1968,Mono,CD16 Mono
PBMC10k_CATACTTTCAAGCCCG-1,1970,B,B naive
PBMC10k_CATAGACCACTGAGTT-1,1973,CD8 T,CD8 TEM
PBMC10k_CATAGACCAGACGCTC-1,1974,CD8 T,CD8 TCM
PBMC10k_CATAGACGTTCCGCTT-1,1976,Mono,CD14 Mono
PBMC10k_CATCAAGCACAATGTC-1,1981,CD8 T,CD8 Naive
PBMC10k_CATCAAGGTGGCTAGA-1,1984,other T,MAIT
PBMC10k_CATCCACCACAGTCGC-1,1989,B,B naive
PBMC10k_CATCCACCATGTTTGG-1,1991,B,B naive
PBMC10k_CATCCACGTTGCATGT-1,1992,CD8 T,CD8 TEM
PBMC10k_CATCCCAAGATAGCAT-1,1994,other T,MAIT
PBMC10k_CATCCCAAGGGACTGT-1,1996,Mono,CD16 Mono
PBMC10k_CATCCCACACTCCGGA-1,1997,CD4 T,CD4 Naive
PBMC10k_CATCCCAGTGTAAATG-1,1998,Mono,CD14 Mono
PBMC10k_CATCCGTAGCACTCTA-1,2000,B,B naive
PBMC10k_CATCCGTAGGACGCTA-1,2001,B,B naive
PBMC10k_CATCCGTAGTCATGAA-1,2003,CD8 T,CD8 TEM
PBMC10k_CATCCGTGTGAATATG-1,2005,CD4 T,CD4 TCM
PBMC10k_CATCCGTTCAAAGGAT-1,2007,other T,dnT
PBMC10k_CATCCGTTCCTACTGC-1,2008,Mono,CD14 Mono
PBMC10k_CATCCGTTCGTGGGTC-1,2009,CD4 T,CD4 TEM
PBMC10k_CATCCGTTCGTTTACT-1,2010,Mono,CD14 Mono
PBMC10k_CATCCGTTCTGAGTCA-1,2011,CD4 T,CD4 Naive
PBMC10k_CATCGCTAGGACAACC-1,2012,CD4 T,CD4 Naive
PBMC10k_CATCGCTGTGTTGCCG-1,2016,Mono,CD14 Mono
PBMC10k_CATCGCTTCCCGGTAG-1,2017,Mono,CD16 Mono
PBMC10k_CATCGCTTCTTGGATG-1,2018,Mono,CD14 Mono
PBMC10k_CATCGGGAGACCAGAC-1,2019,CD4 T,Treg
PBMC10k_CATCGGGAGTTGCCTA-1,2020,Mono,CD16 Mono
PBMC10k_CATCGGGCACTGCGTG-1,2021,CD4 T,CD4 Naive
PBMC10k_CATCGGGCAGAATGTA-1,2022,CD4 T,CD4 TCM
PBMC10k_CATCGGGCATGAATAG-1,2023,Mono,CD14 Mono
PBMC10k_CATCGGGGTATGAGCG-1,2024,CD4 T,CD4 Naive
PBMC10k_CATCGGGTCTGGGATT-1,2026,other T,gdT
PBMC10k_CATCGTCAGAAGTCTA-1,2027,CD4 T,CD4 TCM
PBMC10k_CATGAGTAGCAAGGAA-1,2032,CD8 T,CD8 TCM
PBMC10k_CATGAGTCAACGCATT-1,2033,CD8 T,CD8 TEM
PBMC10k_CATGAGTCACAAGCCC-1,2035,NK,NK
PBMC10k_CATGAGTCAGACAATA-1,2036,Mono,CD14 Mono
PBMC10k_CATGAGTGTTCTTGCC-1,2038,NK,NK Proliferating
PBMC10k_CATGAGTTCCCGATCT-1,2039,Mono,CD16 Mono
PBMC10k_CATGCAACAGACAATA-1,2042,Mono,CD14 Mono
PBMC10k_CATGCAAGTCTAGATC-1,2043,Mono,CD16 Mono
PBMC10k_CATGCAATCCATCAGA-1,2044,Mono,CD14 Mono
PBMC10k_CATGCCTAGAGTCAAT-1,2046,NK,NK
PBMC10k_CATGCCTAGTTGGCGA-1,2047,CD4 T,CD4 TCM
PBMC10k_CATGCCTCATCTAGAC-1,2048,other,Eryth
PBMC10k_CATGCCTGTATGGAGC-1,2050,B,B naive
PBMC10k_CATGCCTTCGGCTATA-1,2052,CD8 T,CD8 Naive
PBMC10k_CATGCCTTCTTCCGTG-1,2053,other,Eryth
PBMC10k_CATGCGGAGCTTAAGA-1,2055,other,Eryth
PBMC10k_CATGCGGAGTTTCAGC-1,2057,Mono,CD14 Mono
PBMC10k_CATGCGGGTACAAAGT-1,2058,Mono,CD14 Mono
PBMC10k_CATGCTCCACCTGTCT-1,2063,CD4 T,CD4 TCM
PBMC10k_CATGGATAGAAACCCG-1,2065,CD4 T,CD4 TCM
PBMC10k_CATGGATCAATGAGCG-1,2068,Mono,CD14 Mono
PBMC10k_CATGGATGTCAGACTT-1,2071,CD4 T,CD4 Naive
PBMC10k_CATGGATGTCAGTCGC-1,2072,CD4 T,Treg
PBMC10k_CATGGATTCAACCTCC-1,2074,CD8 T,CD8 Naive
PBMC10k_CATGGATTCCTCCACA-1,2075,CD8 T,CD8 TCM
PBMC10k_CATGGTACAAACGGCA-1,2076,CD4 T,CD4 Naive
PBMC10k_CATGGTATCGACACTA-1,2077,other T,MAIT
PBMC10k_CATTCATAGCGACAGT-1,2079,CD8 T,CD8 TEM
PBMC10k_CATTCATCAGGCACAA-1,2082,CD4 T,CD4 Naive
PBMC10k_CATTCATGTTGATCGT-1,2084,other T,MAIT
PBMC10k_CATTCATGTTTGGAGG-1,2085,CD8 T,CD8 TEM
PBMC10k_CATTCCGGTAGCTAAA-1,2092,CD8 T,CD8 Naive
PBMC10k_CATTCCGTCTAAGAAG-1,2097,NK,NK
PBMC10k_CATTCCGTCTAGCAAC-1,2099,NK,NK
PBMC10k_CATTGAGAGAATCCCT-1,2101,other,Eryth
PBMC10k_CATTGAGAGATAGTGT-1,2102,NK,NK
PBMC10k_CATTGAGCAGGATGAC-1,2105,B,B naive
PBMC10k_CATTGAGGTGAGATCG-1,2106,CD8 T,CD8 TEM
PBMC10k_CATTGCCAGAATCGAT-1,2108,CD4 T,Treg
PBMC10k_CATTGCCCAAACTGCT-1,2110,Mono,CD14 Mono
PBMC10k_CATTGCCGTCTCGGGT-1,2112,other,ILC
PBMC10k_CATTGCCGTTGCCGAC-1,2114,other T,gdT
PBMC10k_CATTGCCTCCTCTCGA-1,2116,B,B naive
PBMC10k_CATTGCCTCGTGTGGC-1,2117,CD4 T,Treg
PBMC10k_CATTGTTCATTCCTCG-1,2120,CD4 T,CD4 Naive
PBMC10k_CATTGTTGTACCTAAC-1,2122,CD4 T,CD4 Naive
PBMC10k_CATTGTTTCCTGTTAT-1,2124,Mono,CD14 Mono
PBMC10k_CATTGTTTCTTGCGCT-1,2126,B,B naive
PBMC10k_CATTTCAAGCTCCGAC-1,2128,B,B naive
PBMC10k_CATTTCATCAAGAAAC-1,2131,NK,NK
PBMC10k_CATTTCATCACGGTCG-1,2132,other T,dnT
PBMC10k_CATTTCATCACTGGGC-1,2133,B,B intermediate
PBMC10k_CATTTCATCAGGACGA-1,2134,NK,NK
PBMC10k_CCAAGCGAGATCGACG-1,2136,NK,NK
PBMC10k_CCAAGCGGTGTACGCC-1,2137,DC,cDC2
PBMC10k_CCAAGCGTCGAGTGGA-1,2140,NK,NK
PBMC10k_CCAATGACAACTCCCT-1,2144,CD4 T,Treg
PBMC10k_CCAATGACACGACGAA-1,2145,Mono,CD14 Mono
PBMC10k_CCAATGACATCCTAAG-1,2146,CD4 T,CD4 TCM
PBMC10k_CCAATGACATCTAGAC-1,2147,B,B naive
PBMC10k_CCAATGATCACTCTTA-1,2148,CD4 T,CD4 TCM
PBMC10k_CCACAAAAGCTGGCCT-1,2154,Mono,CD14 Mono
PBMC10k_CCACAAAAGGTCCAGA-1,2155,Mono,CD14 Mono
PBMC10k_CCACAAAAGTGGAAGA-1,2156,CD4 T,Treg
PBMC10k_CCACAAACAACGACAG-1,2157,CD8 T,CD8 Naive
PBMC10k_CCACAAACAGCTATAC-1,2159,CD8 T,CD8 Naive
PBMC10k_CCACAAAGTCTGTAGT-1,2160,CD8 T,CD8 TCM
PBMC10k_CCACAAAGTTATCCAG-1,2161,DC,pDC
PBMC10k_CCACAAATCGGTCAGC-1,2162,other T,MAIT
PBMC10k_CCACACTAGTTGGGAC-1,2165,B,B memory
PBMC10k_CCACACTCAGAGTCAG-1,2168,CD8 T,CD8 TEM
PBMC10k_CCACACTGTAAGATCA-1,2169,CD4 T,CD4 TCM
PBMC10k_CCACACTGTACCCGAC-1,2170,other T,MAIT
PBMC10k_CCACACTTCGTTCTGC-1,2171,other,Platelet
PBMC10k_CCACACTTCTTGGTGA-1,2172,CD4 T,CD4 TEM
PBMC10k_CCACACTTCTTTCCGG-1,2173,Mono,CD14 Mono
PBMC10k_CCACCATAGTAGCAAT-1,2174,NK,NK
PBMC10k_CCACCATCATCTGTTT-1,2177,CD4 T,CD4 Naive
PBMC10k_CCACCATTCCAGCTCT-1,2178,NK,NK
PBMC10k_CCACCATTCTCCGTGT-1,2180,other,Eryth
PBMC10k_CCACGAGAGCGAGAAA-1,2181,Mono,CD14 Mono
PBMC10k_CCACGAGAGCTCCCTT-1,2182,Mono,CD14 Mono
PBMC10k_CCACGAGAGGCTAACG-1,2183,CD4 T,CD4 TCM
PBMC10k_CCACGAGGTGCGAACA-1,2186,CD4 T,CD4 Naive
PBMC10k_CCACGAGGTTGTCATG-1,2187,CD8 T,CD8 TEM
PBMC10k_CCACGAGTCCATAGGT-1,2190,CD4 T,CD4 TCM
PBMC10k_CCACGAGTCCGACGGT-1,2191,Mono,CD14 Mono
PBMC10k_CCACGTTAGACCAACG-1,2192,CD4 T,CD4 TCM
PBMC10k_CCACGTTGTAGACAAT-1,2193,Mono,CD14 Mono
PBMC10k_CCACGTTGTTAGGCTT-1,2195,CD4 T,CD4 TCM
PBMC10k_CCACGTTTCGGCATAT-1,2196,B,B intermediate
PBMC10k_CCACTTGAGTCTGGTT-1,2199,CD4 T,CD4 Naive
PBMC10k_CCACTTGCAATTGAAG-1,2202,CD8 T,CD8 Naive
PBMC10k_CCACTTGGTTGAATCC-1,2203,CD4 T,CD4 Naive
PBMC10k_CCACTTGTCTTTGCGC-1,2206,NK,NK
PBMC10k_CCATAAGCACTGCTTC-1,2208,CD4 T,Treg
PBMC10k_CCATAAGCACTGTTCC-1,2209,CD4 T,CD4 Naive
PBMC10k_CCATAAGCAGTTAAAG-1,2210,other,ILC
PBMC10k_CCATAAGCATCGCTCT-1,2211,Mono,CD14 Mono
PBMC10k_CCATCACGTATCGATC-1,2213,Mono,CD14 Mono
PBMC10k_CCATCACGTGTCCGGT-1,2214,CD4 T,CD4 TEM
PBMC10k_CCCAACTAGAATTCAG-1,2216,Mono,CD14 Mono
PBMC10k_CCCAACTAGCAAGTCG-1,2217,CD8 T,CD8 TEM
PBMC10k_CCCAACTGTATGAGCG-1,2218,NK,NK
PBMC10k_CCCAACTTCTCCACTG-1,2221,Mono,CD14 Mono
PBMC10k_CCCATTGAGTCCGCGT-1,2224,Mono,CD14 Mono
PBMC10k_CCCATTGCAAGTCCCG-1,2226,CD4 T,CD4 Naive
PBMC10k_CCCATTGCAGTCGCTG-1,2227,CD4 T,CD4 TCM
PBMC10k_CCCATTGCATCCTAAG-1,2228,other T,MAIT
PBMC10k_CCCATTGGTGGTCTAT-1,2229,CD4 T,CD4 TEM
PBMC10k_CCCATTGGTTTATGCG-1,2230,other T,MAIT
PBMC10k_CCCGAAGAGGCGCTCT-1,2232,CD4 T,CD4 TEM
PBMC10k_CCCGAAGCACAGTCCG-1,2233,CD4 T,CD4 TCM
PBMC10k_CCCGAAGGTCGATTTG-1,2235,NK,NK
PBMC10k_CCCGGAACAAGATGGC-1,2240,CD4 T,CD4 TCM
PBMC10k_CCCGGAACACACGGAA-1,2242,CD4 T,CD4 TCM
PBMC10k_CCCGGAACAGAAGCTG-1,2243,DC,cDC2
PBMC10k_CCCGGAATCTGGAGAG-1,2246,CD4 T,CD4 TCM
PBMC10k_CCCTAACAGATACTGA-1,2247,CD4 T,CD4 TEM
PBMC10k_CCCTAACCAGGAGGTT-1,2248,CD4 T,CD4 TCM
PBMC10k_CCCTAACTCTACACTT-1,2250,B,B naive
PBMC10k_CCCTAACTCTAGATCG-1,2251,DC,cDC2
PBMC10k_CCCTCAAAGTCACTAC-1,2253,NK,NK
PBMC10k_CCCTCAACAACCAACT-1,2254,Mono,CD14 Mono
PBMC10k_CCCTCAAGTGCTGCAC-1,2256,CD8 T,CD8 Naive
PBMC10k_CCCTCAAGTTGTGGAG-1,2260,other T,MAIT
PBMC10k_CCCTCTCAGACCAAGC-1,2261,Mono,CD14 Mono
PBMC10k_CCCTCTCTCATTTCCA-1,2265,CD4 T,CD4 Naive
PBMC10k_CCCTCTCTCGCGCCAA-1,2266,CD4 T,CD4 TCM
PBMC10k_CCCTCTCTCTGCTTAT-1,2267,other,Eryth
PBMC10k_CCCTGATAGGCTCTCG-1,2269,CD8 T,CD8 Naive
PBMC10k_CCCTGATAGTCCTACA-1,2270,CD8 T,CD8 TEM
PBMC10k_CCCTGATCAACTCGTA-1,2272,NK,NK
PBMC10k_CCCTGATCAGGAATAT-1,2273,CD4 T,CD4 Naive
PBMC10k_CCCTGATGTCGATGCC-1,2274,CD4 T,CD4 Naive
PBMC10k_CCCTGATTCCGGCAGT-1,2275,NK,NK
PBMC10k_CCCTGATTCGTAACCA-1,2276,other,Eryth
PBMC10k_CCCTTAGAGCATGAAT-1,2277,Mono,CD14 Mono
PBMC10k_CCCTTAGAGCTCTGTA-1,2279,CD8 T,CD8 TCM
PBMC10k_CCCTTAGCAACACGTT-1,2280,Mono,CD14 Mono
PBMC10k_CCCTTAGCACAAGTGG-1,2282,CD8 T,CD8 Proliferating
PBMC10k_CCCTTAGCACTGAGTT-1,2283,CD8 T,CD8 Naive
PBMC10k_CCCTTAGTCCATGCAA-1,2286,CD4 T,CD4 TCM
PBMC10k_CCGAACGCAAGGTTGG-1,2288,NK,NK
PBMC10k_CCGAACGCATCGGATT-1,2289,CD4 T,CD4 Naive
PBMC10k_CCGAACGGTACGACAG-1,2290,B,B naive
PBMC10k_CCGAACGTCACGTAGT-1,2293,CD4 T,CD4 Naive
PBMC10k_CCGATCTAGACTTCAC-1,2294,CD4 T,CD4 TCM
PBMC10k_CCGATCTAGGTAAGGA-1,2295,Mono,CD14 Mono
PBMC10k_CCGATCTCACGTGAGA-1,2297,NK,NK
PBMC10k_CCGATGGGTCGAATTC-1,2305,Mono,CD14 Mono
PBMC10k_CCGATGGTCACAACCA-1,2307,CD4 T,CD4 TCM
PBMC10k_CCGATGGTCCGAACGC-1,2308,NK,NK
PBMC10k_CCGCAAGCATGACCCG-1,2311,NK,NK
PBMC10k_CCGCAAGGTGGCCTCA-1,2312,CD4 T,CD4 Naive
PBMC10k_CCGGACAAGCCTCACG-1,2313,NK,NK
PBMC10k_CCGGACAGTCACGACC-1,2315,Mono,CD14 Mono
PBMC10k_CCGGACATCTGAATCG-1,2317,B,B intermediate
PBMC10k_CCGGGTAAGAGTTCGG-1,2318,CD8 T,CD8 Naive
PBMC10k_CCGGGTAAGCAATTAG-1,2319,Mono,CD14 Mono
PBMC10k_CCGGGTACAATGCTCA-1,2320,DC,pDC
PBMC10k_CCGGGTACATCGGTTA-1,2322,Mono,CD14 Mono
PBMC10k_CCGGGTATCTGCGGCA-1,2327,CD8 T,CD8 TEM
PBMC10k_CCGGTAGAGCGAATGC-1,2328,other T,dnT
PBMC10k_CCGGTAGCAATGGGTG-1,2329,other T,MAIT
PBMC10k_CCGGTAGGTACGGTTT-1,2330,CD4 T,CD4 Naive
PBMC10k_CCGGTAGTCCACTTCG-1,2331,NK,NK
PBMC10k_CCGGTGAAGGGAACAA-1,2335,B,B intermediate
PBMC10k_CCGGTGACACCAGTAT-1,2336,NK,NK
PBMC10k_CCGTAGGCAATTCACG-1,2338,CD4 T,CD4 TCM
PBMC10k_CCGTAGGGTGTAACGG-1,2339,other T,MAIT
PBMC10k_CCGTAGGTCTCAGGCG-1,2342,CD4 T,Treg
PBMC10k_CCGTAGGTCTGCCTGT-1,2343,other,Eryth
PBMC10k_CCGTGAGAGCACTCAT-1,2344,B,B memory
PBMC10k_CCGTGAGAGCTAAGTA-1,2345,CD4 T,CD4 TCM
PBMC10k_CCGTGAGAGTCGAAAT-1,2346,other T,dnT
PBMC10k_CCGTGAGGTTAGAGTA-1,2348,CD4 T,CD4 TEM
PBMC10k_CCGTTCAAGCTCTTCC-1,2350,Mono,CD14 Mono
PBMC10k_CCGTTCAGTAACGCGA-1,2352,CD4 T,CD4 TCM
PBMC10k_CCGTTCAGTACCAGAG-1,2353,CD4 T,CD4 Naive
PBMC10k_CCGTTCAGTAGCTTTG-1,2354,CD4 T,CD4 Naive
PBMC10k_CCGTTCAGTGGATCAG-1,2356,CD4 T,CD4 Naive
PBMC10k_CCGTTCATCGGAGCAA-1,2357,Mono,CD14 Mono
PBMC10k_CCTAACCCAGCGATTT-1,2360,CD8 T,CD8 Naive
PBMC10k_CCTAACCGTATAGGAT-1,2361,B,B naive
PBMC10k_CCTAACCGTGCCCAGT-1,2363,CD4 T,CD4 Naive
PBMC10k_CCTAACCGTTGTGTAC-1,2364,NK,NK
PBMC10k_CCTAAGAAGATGAAGG-1,2367,other,Eryth
PBMC10k_CCTAAGAAGATGGCAC-1,2368,other T,MAIT
PBMC10k_CCTAAGAAGTAAACTG-1,2371,other T,dnT
PBMC10k_CCTAAGACACACTGGC-1,2373,CD4 T,CD4 TCM
PBMC10k_CCTAAGAGTTCACGAT-1,2376,CD4 T,CD4 TEM
PBMC10k_CCTAAGATCATGGATC-1,2377,CD4 T,CD4 TCM
PBMC10k_CCTAAGATCGACCTAA-1,2378,CD4 T,CD4 Naive
PBMC10k_CCTACGTAGGTGCATG-1,2380,NK,NK
PBMC10k_CCTACGTCAGGTTCAT-1,2382,CD4 T,CD4 Naive
PBMC10k_CCTACGTGTGAATAAC-1,2385,B,B naive
PBMC10k_CCTACGTTCAGCTAGT-1,2387,NK,NK
PBMC10k_CCTACGTTCCGTGGTG-1,2388,Mono,CD14 Mono
PBMC10k_CCTATCGAGCCTAGGA-1,2390,other,Eryth
PBMC10k_CCTATCGCACAACGTT-1,2392,CD4 T,CD4 Naive
PBMC10k_CCTATCGCACGCTGCA-1,2393,Mono,CD14 Mono
PBMC10k_CCTATCGGTGTACGCC-1,2395,Mono,CD14 Mono
PBMC10k_CCTCAACAGATTAGTG-1,2397,other T,MAIT
PBMC10k_CCTCAACCAGGTTCAT-1,2400,CD4 T,CD4 Naive
PBMC10k_CCTCAACCATCCAACA-1,2401,Mono,CD14 Mono
PBMC10k_CCTCAACGTGAATATG-1,2403,CD4 T,CD4 TCM
PBMC10k_CCTCAACTCAGGTGTT-1,2404,other T,MAIT
PBMC10k_CCTCAACTCATTACGG-1,2405,Mono,CD14 Mono
PBMC10k_CCTCAACTCCATCACC-1,2406,NK,NK
PBMC10k_CCTCAACTCCCAGTGG-1,2407,other T,MAIT
PBMC10k_CCTCAACTCCCATTTA-1,2408,CD4 T,CD4 Naive
PBMC10k_CCTCAACTCGCGAAGA-1,2409,Mono,CD14 Mono
PBMC10k_CCTCACAGTATTGAGA-1,2412,Mono,CD14 Mono
PBMC10k_CCTCAGTGTATGAAGT-1,2414,NK,NK
PBMC10k_CCTCAGTTCACTTTGT-1,2415,CD4 T,CD4 Naive
PBMC10k_CCTCAGTTCCATTTGT-1,2416,CD8 T,CD8 TEM
PBMC10k_CCTCAGTTCCTAGCCT-1,2417,CD8 T,CD8 Naive
PBMC10k_CCTCATGGTCTTGGTA-1,2419,CD4 T,CD4 Naive
PBMC10k_CCTCATGGTTCGTAAC-1,2421,other T,MAIT
PBMC10k_CCTCATGGTTGGAGGT-1,2422,NK,NK
PBMC10k_CCTCATGGTTTGGAAA-1,2423,Mono,CD14 Mono
PBMC10k_CCTCATGTCAAGCCAT-1,2424,CD8 T,CD8 Naive
PBMC10k_CCTCATGTCACGGAGA-1,2425,CD4 T,Treg
PBMC10k_CCTCATGTCATGCAGT-1,2426,CD4 T,Treg
PBMC10k_CCTCATGTCCAACTAG-1,2427,B,B naive
PBMC10k_CCTCCAAAGATGAACT-1,2428,CD8 T,CD8 TEM
PBMC10k_CCTCCAAGTTAGAGTA-1,2430,CD4 T,CD4 Naive
PBMC10k_CCTCCAATCCTTCTAA-1,2432,Mono,CD14 Mono
PBMC10k_CCTCCAATCTAAGAAG-1,2434,CD4 T,CD4 Naive
PBMC10k_CCTCCTCTCATTTCGT-1,2437,B,B naive
PBMC10k_CCTCCTCTCTTGTGCC-1,2438,NK,NK
PBMC10k_CCTCTAGAGGAGCAAA-1,2439,Mono,CD14 Mono
PBMC10k_CCTCTAGAGTATTGCC-1,2440,other T,dnT
PBMC10k_CCTCTAGTCGAGTCTA-1,2443,CD8 T,CD8 Naive
PBMC10k_CCTCTCCCAACAGCTT-1,2445,Mono,CD14 Mono
PBMC10k_CCTCTCCCAGATTTCG-1,2446,CD4 T,CD4 Naive
PBMC10k_CCTCTCCGTCACCGCA-1,2448,CD4 T,CD4 TCM
PBMC10k_CCTCTCCGTCCTGTCT-1,2449,Mono,CD14 Mono
PBMC10k_CCTCTCCGTGACCTGC-1,2450,CD4 T,CD4 Naive
PBMC10k_CCTGCATAGCCTCGTG-1,2454,other,Eryth
PBMC10k_CCTGCATCATGTGACT-1,2456,other,ILC
PBMC10k_CCTGTTGCAACCACAT-1,2458,CD8 T,CD8 Naive
PBMC10k_CCTGTTGCAACTCGTA-1,2459,CD4 T,CD4 Naive
PBMC10k_CCTGTTGCACCGTACG-1,2460,CD4 T,CD4 Naive
PBMC10k_CCTGTTGCAGCTAACT-1,2461,CD4 T,CD4 Naive
PBMC10k_CCTGTTGCATAGAATG-1,2463,CD4 T,CD4 Naive
PBMC10k_CCTGTTGGTGACCGAA-1,2465,other T,MAIT
PBMC10k_CCTGTTGGTGAGTCAG-1,2466,other T,MAIT
PBMC10k_CCTGTTGTCAAAGACA-1,2467,CD4 T,CD4 Naive
PBMC10k_CCTGTTGTCAGAGTGG-1,2468,CD8 T,CD8 Naive
PBMC10k_CCTGTTGTCGTGGGAA-1,2469,NK,NK
PBMC10k_CCTTCAGCATCGGATT-1,2473,CD4 T,CD4 TCM
PBMC10k_CCTTCAGGTACGAAAT-1,2474,CD4 T,CD4 TCM
PBMC10k_CCTTCAGTCACCTCTG-1,2476,other T,MAIT
PBMC10k_CCTTCAGTCCTTGACC-1,2477,NK,NK
PBMC10k_CCTTGTGGTAGTTCCA-1,2481,CD4 T,CD4 TEM
PBMC10k_CCTTGTGGTGCTGATT-1,2485,other T,gdT
PBMC10k_CCTTTGGAGGCATCGA-1,2486,other T,MAIT
PBMC10k_CCTTTGGAGGCTTAAA-1,2487,other,Eryth
PBMC10k_CCTTTGGCAGCGCGTT-1,2492,other,Eryth
PBMC10k_CCTTTGGCAGGACGAT-1,2493,CD4 T,CD4 Naive
PBMC10k_CCTTTGGCATTCGGGC-1,2494,CD4 T,CD4 TCM
PBMC10k_CCTTTGGGTGTGTCCG-1,2495,NK,NK
PBMC10k_CCTTTGGTCCTGGCTT-1,2496,CD8 T,CD8 TCM
PBMC10k_CGAAGGAAGCGCAATG-1,2499,CD4 T,CD4 TCM
PBMC10k_CGAAGGAAGTCGTCTA-1,2501,NK,NK
PBMC10k_CGAAGGACACGCAAAG-1,2503,CD4 T,CD4 Naive
PBMC10k_CGAAGGACAGCGCTTG-1,2504,CD8 T,CD8 TEM
PBMC10k_CGAAGGAGTTCTCCCA-1,2507,CD4 T,CD4 Naive
PBMC10k_CGAAGGATCAGCGTCG-1,2508,CD4 T,CD4 TEM
PBMC10k_CGAAGTTAGATCACTC-1,2509,B,B naive
PBMC10k_CGAATTGAGTAATCCC-1,2512,CD4 T,CD4 TEM
PBMC10k_CGACAGCCAGACACAG-1,2516,NK,NK
PBMC10k_CGACAGCCATATGCGT-1,2517,CD8 T,CD8 Naive
PBMC10k_CGACAGCGTACGTTCA-1,2518,Mono,CD14 Mono
PBMC10k_CGACAGCGTATGACAA-1,2519,Mono,CD14 Mono
PBMC10k_CGACAGCGTGTTGACT-1,2522,CD4 T,Treg
PBMC10k_CGAGAAGGTGACCTGC-1,2523,CD8 T,CD8 Naive
PBMC10k_CGAGAAGGTGATACCT-1,2524,other T,MAIT
PBMC10k_CGAGGAAAGCAGTCTT-1,2525,NK,NK_CD56bright
PBMC10k_CGAGGAACACATTGTG-1,2530,Mono,CD14 Mono
PBMC10k_CGAGGAACACCATAAC-1,2531,DC,cDC2
PBMC10k_CGAGGAAGTTTAGTCG-1,2533,CD4 T,CD4 TCM
PBMC10k_CGAGGCTAGACACACG-1,2534,CD4 T,CD4 Naive
PBMC10k_CGAGGCTAGGTAGTCG-1,2535,DC,pDC
PBMC10k_CGAGGCTCATAGAAAC-1,2537,CD4 T,CD4 Naive
PBMC10k_CGAGGCTGTGCATCTA-1,2538,CD4 T,CD4 Naive
PBMC10k_CGAGGCTGTTGTTGAC-1,2539,CD8 T,CD8 Naive
PBMC10k_CGAGTGCAGCATAGGC-1,2540,B,B naive
PBMC10k_CGAGTGCCACGCGTGT-1,2543,CD4 T,CD4 TEM
PBMC10k_CGAGTGCCACTACGGC-1,2544,other,HSPC
PBMC10k_CGAGTGCGTGAGTAGC-1,2545,Mono,CD14 Mono
PBMC10k_CGAGTGCGTGTTCATG-1,2546,Mono,CD14 Mono
PBMC10k_CGAGTGCTCAAGCGTT-1,2547,DC,pDC
PBMC10k_CGAGTGCTCCTTACCG-1,2548,NK,NK
PBMC10k_CGAGTTAAGGTACAGC-1,2551,Mono,CD16 Mono
PBMC10k_CGAGTTAAGTCTAACC-1,2552,B,B naive
PBMC10k_CGAGTTACACGACAAG-1,2553,CD4 T,CD4 TEM
PBMC10k_CGAGTTACATGAATCC-1,2554,other T,gdT
PBMC10k_CGAGTTAGTCGTTGCG-1,2555,CD4 T,CD4 Naive
PBMC10k_CGAGTTAGTGGGTATG-1,2556,NK,NK
PBMC10k_CGAGTTATCCACGTAA-1,2557,Mono,CD14 Mono
PBMC10k_CGATCGGCATTCCTAT-1,2560,CD4 T,CD4 TEM
PBMC10k_CGATCGGGTATGAGCG-1,2561,CD8 T,CD8 Naive
PBMC10k_CGATCGGGTCGTATGT-1,2562,CD4 T,Treg
PBMC10k_CGATCGGTCAATGTCG-1,2564,CD4 T,CD4 TCM
PBMC10k_CGATCGGTCGCAACAT-1,2565,CD8 T,CD8 TEM
PBMC10k_CGATGCGAGATGCTTC-1,2567,CD4 T,CD4 TEM
PBMC10k_CGATGCGAGCGTGAGT-1,2568,CD4 T,CD4 TCM
PBMC10k_CGATGCGGTCCTGAAT-1,2569,Mono,CD16 Mono
PBMC10k_CGATGCGGTTCATCGA-1,2570,Mono,CD14 Mono
PBMC10k_CGATGGCAGAGAGTTT-1,2571,NK,NK
PBMC10k_CGATGGCAGGTGGCTA-1,2573,CD8 T,CD8 TEM
PBMC10k_CGATGGCCACCCGTAG-1,2576,other T,gdT
PBMC10k_CGATGGCTCGGACTGC-1,2578,other T,MAIT
PBMC10k_CGATGGCTCTTCGGTC-1,2579,Mono,CD14 Mono
PBMC10k_CGCAGGTAGGCGAAGG-1,2580,Mono,CD14 Mono
PBMC10k_CGCAGGTCACGCTGCA-1,2581,DC,cDC2
PBMC10k_CGCAGGTTCCAAGCAT-1,2586,CD4 T,CD4 TEM
PBMC10k_CGCAGGTTCTCAGTCC-1,2587,CD4 T,CD4 TEM
PBMC10k_CGCATAAAGTTGGACG-1,2590,Mono,CD14 Mono
PBMC10k_CGCATAACAGAATTCC-1,2591,CD4 T,CD4 Naive
PBMC10k_CGCATAACAGTTGAAA-1,2592,NK,NK
PBMC10k_CGCATAACATCGTCCT-1,2593,other,ILC
PBMC10k_CGCATAATCCTCACGT-1,2598,other T,MAIT
PBMC10k_CGCATGGCACATCCCT-1,2601,B,B naive
PBMC10k_CGCATGGGTCCAAATC-1,2602,other T,MAIT
PBMC10k_CGCATGGGTTAGGCTT-1,2603,NK,NK
PBMC10k_CGCATGGTCCGGTTCT-1,2604,other T,MAIT
PBMC10k_CGCATGGTCCTTGAAG-1,2605,DC,cDC2
PBMC10k_CGCATGGTCGTGGGTC-1,2606,B,B naive
PBMC10k_CGCCAGACACGTCGGT-1,2607,Mono,CD14 Mono
PBMC10k_CGCCAGACAGATGCGA-1,2608,Mono,CD14 Mono
PBMC10k_CGCCAGACAGCGCGTT-1,2609,NK,NK Proliferating
PBMC10k_CGCCAGACATACAGGG-1,2610,other,ILC
PBMC10k_CGCCAGAGTATCGAGG-1,2612,Mono,CD14 Mono
PBMC10k_CGCCAGAGTCCCTCAT-1,2613,Mono,CD16 Mono
PBMC10k_CGCCAGAGTGAGATAT-1,2614,NK,NK_CD56bright
PBMC10k_CGCCAGATCGTAATGC-1,2616,Mono,CD14 Mono
PBMC10k_CGCCATTAGACTTCAC-1,2617,NK,NK
PBMC10k_CGCCATTGTCCCTGAG-1,2619,Mono,CD14 Mono
PBMC10k_CGCGTGACACTGTCGG-1,2623,NK,NK
PBMC10k_CGCGTGATCGCCAGAC-1,2626,Mono,CD14 Mono
PBMC10k_CGGAACCAGTGGTTCT-1,2627,NK,NK
PBMC10k_CGGAACCCAACCGCCA-1,2628,other T,MAIT
PBMC10k_CGGAACCCAGAGATGC-1,2630,CD4 T,CD4 TEM
PBMC10k_CGGAACCTCTTTCAGT-1,2633,NK,NK
PBMC10k_CGGAATTAGTTCCTGA-1,2634,Mono,CD14 Mono
PBMC10k_CGGAATTGTCCTTGTC-1,2635,Mono,CD14 Mono
PBMC10k_CGGAATTGTTCATCGA-1,2636,other T,dnT
PBMC10k_CGGACACGTTGGTACT-1,2639,CD4 T,CD4 TCM
PBMC10k_CGGAGAACAACGCATT-1,2642,NK,NK
PBMC10k_CGGAGAACACCCAATA-1,2643,CD4 T,Treg
PBMC10k_CGGAGAACAGGTGTGA-1,2644,Mono,CD14 Mono
PBMC10k_CGGAGAATCGCCGAAC-1,2645,NK,NK
PBMC10k_CGGCAGTCATTCTCTA-1,2648,Mono,CD14 Mono
PBMC10k_CGGCAGTGTTGTAAAG-1,2651,CD4 T,CD4 Naive
PBMC10k_CGGGACTAGTCTAACC-1,2652,other,ILC
PBMC10k_CGGGACTCAATAGGGC-1,2653,B,B memory
PBMC10k_CGGGACTCATAGACTC-1,2655,Mono,CD14 Mono
PBMC10k_CGGGACTGTGCGACAA-1,2656,CD4 T,CD4 Naive
PBMC10k_CGGGACTTCATCGGGC-1,2658,CD4 T,CD4 Naive
PBMC10k_CGGGACTTCTCCATAT-1,2659,CD4 T,CD4 Naive
PBMC10k_CGGGCATTCTCGTCGT-1,2664,CD4 T,CD4 TCM
PBMC10k_CGGGTCACAGACTGCC-1,2666,Mono,CD14 Mono
PBMC10k_CGGGTCATCTTGGTCC-1,2670,other,Eryth
PBMC10k_CGGGTGTAGTACAGCG-1,2671,other,Eryth
PBMC10k_CGGGTGTAGTCTAGAA-1,2672,CD8 T,CD8 TCM
PBMC10k_CGGGTGTCAATTCTTC-1,2674,CD4 T,Treg
PBMC10k_CGGGTGTCACAGAAGC-1,2675,other,ILC
PBMC10k_CGGGTGTCAGCACACC-1,2676,Mono,CD14 Mono
PBMC10k_CGGGTGTTCCATAAGC-1,2679,CD8 T,CD8 Naive
PBMC10k_CGGGTGTTCGCGTAGC-1,2680,CD4 T,CD4 Naive
PBMC10k_CGGTCAGCAATGCAAA-1,2683,other,Eryth
PBMC10k_CGGTCAGCACACGGTC-1,2685,Mono,CD14 Mono
PBMC10k_CGGTCAGCAGCACAAG-1,2686,CD4 T,CD4 TEM
PBMC10k_CGGTCAGGTACCGGCT-1,2688,CD4 T,CD4 TCM
PBMC10k_CGGTCAGGTAGAATGT-1,2689,CD4 T,CD4 TEM
PBMC10k_CGGTCAGGTAGCGCTC-1,2691,CD4 T,CD4 TEM
PBMC10k_CGGTCAGGTTCTCAGA-1,2692,Mono,CD14 Mono
PBMC10k_CGGTCAGGTTGTGGAG-1,2694,CD4 T,CD4 TEM
PBMC10k_CGGTCAGTCTCTGCCA-1,2695,CD8 T,CD8 TEM
PBMC10k_CGTAAGTAGACCAAAT-1,2696,B,B memory
PBMC10k_CGTAAGTAGCCAAGTG-1,2697,B,B intermediate
PBMC10k_CGTAAGTGTCTACACA-1,2699,NK,NK
PBMC10k_CGTAAGTGTGGAAATT-1,2700,other T,dnT
PBMC10k_CGTAAGTTCCAACTGA-1,2701,CD8 T,CD8 TCM
PBMC10k_CGTAAGTTCTAGATCG-1,2702,CD4 T,CD4 TCM
PBMC10k_CGTAGTACAATCGCAT-1,2709,other T,dnT
PBMC10k_CGTAGTACACAACGTT-1,2710,Mono,CD14 Mono
PBMC10k_CGTAGTACAGAAACCG-1,2712,Mono,CD14 Mono
PBMC10k_CGTAGTACAGACCGCT-1,2713,other,ILC
PBMC10k_CGTAGTACAGCGTAGA-1,2714,B,B naive
PBMC10k_CGTAGTATCTGCGGGT-1,2717,CD4 T,CD4 Naive
PBMC10k_CGTCAAAAGGCTAACG-1,2719,other T,gdT
PBMC10k_CGTCAAACACAACGCC-1,2720,Mono,CD14 Mono
PBMC10k_CGTCAAACAGCATCTA-1,2721,CD8 T,CD8 Naive
PBMC10k_CGTCAAATCAAATGAG-1,2722,CD4 T,CD4 Naive
PBMC10k_CGTCCATAGGCAATGC-1,2724,CD8 T,CD8 TEM
PBMC10k_CGTCCATAGGGCGAGA-1,2725,Mono,CD14 Mono
PBMC10k_CGTCCATGTCCTTGTC-1,2727,CD4 T,CD4 TEM
PBMC10k_CGTCCATTCCGGACTG-1,2728,CD8 T,CD8 TEM
PBMC10k_CGTCCATTCGCCTCTA-1,2729,NK,NK
PBMC10k_CGTGAATAGAGAAGGT-1,2730,B,B naive
PBMC10k_CGTGAATTCTTCTGTA-1,2736,CD4 T,CD4 TEM
PBMC10k_CGTGATAAGCCTGCCA-1,2737,CD4 T,CD4 TCM
PBMC10k_CGTGATAAGCGTACAG-1,2738,Mono,CD14 Mono
PBMC10k_CGTGCTTAGTCTTGGT-1,2740,DC,cDC2
PBMC10k_CGTGCTTCAGAACTTC-1,2741,CD4 T,CD4 Naive
PBMC10k_CGTGCTTGTATGGTAA-1,2744,CD4 T,CD4 TCM
PBMC10k_CGTGTCTCAAATCAGA-1,2748,other T,dnT
PBMC10k_CGTGTCTCATACTGTG-1,2750,CD4 T,CD4 TCM
PBMC10k_CGTGTCTGTCTATGAC-1,2751,CD8 T,CD8 Naive
PBMC10k_CGTGTCTTCCTCTCGA-1,2752,other T,gdT
PBMC10k_CGTTAGAAGCGTTCAT-1,2753,other,Eryth
PBMC10k_CGTTAGACAGAGGTAC-1,2754,Mono,CD16 Mono
PBMC10k_CGTTAGACAGGCATGA-1,2755,Mono,CD14 Mono
PBMC10k_CGTTAGACATGATCTG-1,2757,other,ILC
PBMC10k_CGTTAGAGTTAGGGAC-1,2758,CD4 T,CD4 TCM
PBMC10k_CGTTAGATCATGGTAC-1,2759,other T,MAIT
PBMC10k_CGTTCTGAGACCTCCG-1,2760,CD4 T,CD4 Naive
PBMC10k_CGTTCTGGTTTGAACC-1,2763,CD4 T,CD4 Naive
PBMC10k_CGTTGGGAGGATCATA-1,2766,Mono,CD14 Mono
PBMC10k_CGTTGGGCACCAGACC-1,2767,CD4 T,CD4 Naive
PBMC10k_CGTTGGGTCTGGCCGA-1,2771,CD4 T,CD4 TCM
PBMC10k_CTAACCCGTACGATGG-1,2773,B,B memory
PBMC10k_CTAACCCTCTGCTTAT-1,2777,CD4 T,CD4 TCM
PBMC10k_CTAACTTTCCCAGCGA-1,2781,CD4 T,CD4 CTL
PBMC10k_CTAACTTTCGTTGCCT-1,2782,DC,cDC2
PBMC10k_CTAAGTGAGGCCCAAA-1,2784,other,ILC
PBMC10k_CTAAGTGAGTTATGGA-1,2785,NK,NK
PBMC10k_CTAAGTGAGTTCCGGC-1,2786,NK,NK
PBMC10k_CTAAGTGGTACTGTTG-1,2787,B,B naive
PBMC10k_CTAAGTGTCCGATTAG-1,2788,CD8 T,CD8 Naive
PBMC10k_CTACAGAAGACCGCCT-1,2789,CD4 T,CD4 TEM
PBMC10k_CTACAGACATTGACCA-1,2790,Mono,CD14 Mono
PBMC10k_CTACAGATCCGAGATT-1,2793,other T,dnT
PBMC10k_CTACAGATCCTAAGTG-1,2794,Mono,CD14 Mono
PBMC10k_CTACAGATCTCAACCC-1,2796,CD4 T,CD4 Naive
PBMC10k_CTACATTAGATAACGT-1,2797,CD4 T,CD4 TCM
PBMC10k_CTACATTAGCGATGAC-1,2798,CD4 T,CD4 TEM
PBMC10k_CTACATTGTGATGAAT-1,2799,NK,NK
PBMC10k_CTACATTGTTTCTATC-1,2800,NK,NK
PBMC10k_CTACATTTCATAGCAC-1,2801,CD8 T,CD8 Naive
PBMC10k_CTACCCATCGCTTTAT-1,2804,B,B naive
PBMC10k_CTACCCATCGGCCCAA-1,2805,other,Eryth
PBMC10k_CTACCTGAGAGCAAGA-1,2806,NK,NK
PBMC10k_CTACCTGCACACACTA-1,2807,Mono,CD14 Mono
PBMC10k_CTACCTGGTTGGGTTT-1,2808,DC,cDC2
PBMC10k_CTACGGGAGCAACAAT-1,2810,other T,MAIT
PBMC10k_CTACGGGCACGCGCAT-1,2811,CD4 T,CD4 TCM
PBMC10k_CTACGGGCAGAGCTAG-1,2812,CD4 T,CD4 TCM
PBMC10k_CTACGGGGTCGAAGCA-1,2814,Mono,CD16 Mono
PBMC10k_CTACGGGTCATAAGGA-1,2816,NK,NK
PBMC10k_CTACTATAGCCTCTCT-1,2818,CD4 T,CD4 TCM
PBMC10k_CTACTATCAAGTTCCA-1,2819,other T,MAIT
PBMC10k_CTACTATTCAAGTGGG-1,2820,Mono,CD14 Mono
PBMC10k_CTAGACAAGAAGGGAT-1,2822,B,B naive
PBMC10k_CTAGACAAGTCGAATA-1,2823,CD4 T,CD4 Naive
PBMC10k_CTAGACAGTCCAGGTC-1,2825,other T,dnT
PBMC10k_CTAGACAGTGAGATCG-1,2826,other,Eryth
PBMC10k_CTAGACATCGAGTACT-1,2827,CD8 T,CD8 Naive
PBMC10k_CTAGGTACAAGGATGC-1,2829,Mono,CD14 Mono
PBMC10k_CTAGGTATCAAGCCGC-1,2831,Mono,CD14 Mono
PBMC10k_CTAGGTATCAAGCCTA-1,2832,CD4 T,CD4 Naive
PBMC10k_CTATAGGCACCTGCAG-1,2836,B,B naive
PBMC10k_CTATAGGCACTAGAGG-1,2838,Mono,CD14 Mono
PBMC10k_CTATAGGCATGTGTCA-1,2840,CD4 T,CD4 TCM
PBMC10k_CTATAGGTCACTACGA-1,2843,CD8 T,CD8 Naive
PBMC10k_CTATCCGAGCCGCTTG-1,2845,Mono,CD14 Mono
PBMC10k_CTATCCGAGCGTTACT-1,2846,NK,NK
PBMC10k_CTATCTAAGTTGGAGC-1,2850,Mono,CD14 Mono
PBMC10k_CTATCTACAATTCACG-1,2851,CD4 T,CD4 TCM
PBMC10k_CTATCTAGTGCCCTTT-1,2853,other T,MAIT
PBMC10k_CTATCTATCCGATGCG-1,2854,Mono,CD14 Mono
PBMC10k_CTATCTATCTTTACAC-1,2855,B,B naive
PBMC10k_CTCAACCAGGACTTCT-1,2856,other T,gdT
PBMC10k_CTCAAGAAGAGCCATG-1,2859,CD4 T,Treg
PBMC10k_CTCAAGAGTTCTTCAT-1,2861,Mono,CD14 Mono
PBMC10k_CTCAAGATCATTGTGG-1,2862,NK,NK
PBMC10k_CTCAAGATCGTTCTGC-1,2863,NK,NK
PBMC10k_CTCAATTAGAGTCGAC-1,2864,CD4 T,CD4 TCM
PBMC10k_CTCAATTAGCGTCTGC-1,2865,Mono,CD14 Mono
PBMC10k_CTCAATTCACGGGTAA-1,2866,DC,cDC2
PBMC10k_CTCAATTCATATGAAG-1,2868,Mono,CD14 Mono
PBMC10k_CTCAATTTCCACTTCG-1,2869,CD8 T,CD8 TEM
PBMC10k_CTCAATTTCTCCAATT-1,2870,other T,gdT
PBMC10k_CTCAATTTCTCGCTTG-1,2871,Mono,CD14 Mono
PBMC10k_CTCACTGAGCCTCAGC-1,2872,other,Eryth
PBMC10k_CTCACTGAGCTGCCTG-1,2873,NK,NK
PBMC10k_CTCACTGAGTCTGCAT-1,2874,Mono,CD14 Mono
PBMC10k_CTCACTGGTCAGACTT-1,2875,CD4 T,CD4 TCM
PBMC10k_CTCACTGGTCGTCATA-1,2876,CD4 T,Treg
PBMC10k_CTCACTGTCTCCGAGG-1,2878,NK,NK
PBMC10k_CTCAGAAAGCACCGAA-1,2880,NK,NK
PBMC10k_CTCAGAAAGCGACTGA-1,2882,CD4 T,CD4 TEM
PBMC10k_CTCAGAACACATGACT-1,2885,CD8 T,CD8 TEM
PBMC10k_CTCAGAACACGTTCGG-1,2886,Mono,CD14 Mono
PBMC10k_CTCAGAACAGAAGCTG-1,2887,Mono,CD14 Mono
PBMC10k_CTCAGAACAGACACAG-1,2888,CD4 T,CD4 TCM
PBMC10k_CTCAGAACAGCGTACC-1,2890,Mono,CD14 Mono
PBMC10k_CTCAGAAGTATACGGG-1,2891,CD4 T,CD4 TCM
PBMC10k_CTCAGAATCGTTGTAG-1,2892,Mono,CD14 Mono
PBMC10k_CTCAGGGAGTAGTCCT-1,2895,other,ILC
PBMC10k_CTCAGGGCAAAGACTA-1,2896,Mono,CD14 Mono
PBMC10k_CTCAGGGCAACACGAG-1,2897,other T,MAIT
PBMC10k_CTCAGGGCAGTAGTTC-1,2898,CD4 T,CD4 TEM
PBMC10k_CTCAGGGGTTTACACG-1,2899,Mono,CD14 Mono
PBMC10k_CTCAGGGTCTGGGAGA-1,2901,other T,MAIT
PBMC10k_CTCAGTCAGACATACA-1,2902,CD4 T,CD4 Naive
PBMC10k_CTCAGTCAGGAACATT-1,2903,Mono,CD14 Mono
PBMC10k_CTCAGTCCACCTTCCA-1,2907,Mono,CD14 Mono
PBMC10k_CTCAGTCCATAAGCAA-1,2908,B,B naive
PBMC10k_CTCAGTCCATAATGCC-1,2909,NK,NK
PBMC10k_CTCAGTCGTGGCAGAT-1,2911,Mono,CD14 Mono
PBMC10k_CTCAGTCTCCGCAGTG-1,2913,CD4 T,CD4 TCM
PBMC10k_CTCAGTCTCGTAACTG-1,2915,Mono,CD14 Mono
PBMC10k_CTCAGTCTCGTGCAGC-1,2916,other T,MAIT
PBMC10k_CTCATCGAGGCTTAAA-1,2917,Mono,CD14 Mono
PBMC10k_CTCATCGCACTTGACA-1,2920,CD4 T,CD4 Naive
PBMC10k_CTCATCGCAGAGGTAC-1,2921,CD4 T,CD4 Naive
PBMC10k_CTCATCGCATAACCCA-1,2922,NK,NK
PBMC10k_CTCATCGGTAGTCACT-1,2923,CD4 T,CD4 Naive
PBMC10k_CTCATCGGTCGACGCT-1,2924,NK,NK
PBMC10k_CTCATCGGTTTAGAGA-1,2925,CD8 T,CD8 Proliferating
PBMC10k_CTCATCGTCCATCAGA-1,2927,other T,MAIT
PBMC10k_CTCATCGTCGAGAGAC-1,2928,CD4 T,CD4 Naive
PBMC10k_CTCATGCAGCAATAAC-1,2929,other T,MAIT
PBMC10k_CTCATGCCATCATCTT-1,2932,CD8 T,CD8 TEM
PBMC10k_CTCATTAAGTGCACAG-1,2937,other T,MAIT
PBMC10k_CTCATTAGTCTCGGAC-1,2941,NK,NK
PBMC10k_CTCATTAGTGTCATGT-1,2942,CD8 T,CD8 TEM
PBMC10k_CTCATTATCCTTATAC-1,2943,other,Eryth
PBMC10k_CTCCAACGTTGTGTTG-1,2945,NK,NK
PBMC10k_CTCCAACTCGCACGGT-1,2946,DC,cDC2
PBMC10k_CTCCAACTCGCGTGAC-1,2947,NK,NK
PBMC10k_CTCCAACTCGTTACCC-1,2948,other,Eryth
PBMC10k_CTCCACAAGCTGTTAC-1,2949,CD8 T,CD8 TEM
PBMC10k_CTCCACACATCTGCGG-1,2950,CD4 T,CD4 TCM
PBMC10k_CTCCACAGTAAGCGGT-1,2951,CD8 T,CD8 Naive
PBMC10k_CTCCACAGTGGCAACA-1,2952,CD4 T,CD4 Naive
PBMC10k_CTCCACATCAACACGT-1,2953,CD4 T,CD4 TCM
PBMC10k_CTCCACATCCGACATA-1,2954,CD4 T,CD4 TEM
PBMC10k_CTCCATGTCCAAGCAT-1,2956,NK,NK
PBMC10k_CTCCCAACAACTCCCT-1,2959,other T,gdT
PBMC10k_CTCCCAACAGAGGACT-1,2961,Mono,CD14 Mono
PBMC10k_CTCCCAACATTGAGCT-1,2962,CD4 T,CD4 TEM
PBMC10k_CTCCCAAGTACGTGAG-1,2963,CD4 T,CD4 TEM
PBMC10k_CTCCCTCAGAACAAGG-1,2965,Mono,CD14 Mono
PBMC10k_CTCCCTCAGCATTTGC-1,2966,NK,NK
PBMC10k_CTCCCTCGTAATACCC-1,2968,Mono,CD16 Mono
PBMC10k_CTCCCTCTCACGTCCT-1,2970,Mono,CD14 Mono
PBMC10k_CTCCCTCTCTATCCAT-1,2971,CD4 T,CD4 TEM
PBMC10k_CTCCGATGTACCCAGC-1,2974,CD4 T,CD4 TCM
PBMC10k_CTCCGATGTCCTGGGT-1,2975,other T,gdT
PBMC10k_CTCCGATTCCTAAACG-1,2977,Mono,CD16 Mono
PBMC10k_CTCCTCCAGATGATTG-1,2979,Mono,CD14 Mono
PBMC10k_CTCCTCCAGTGACACG-1,2981,Mono,CD14 Mono
PBMC10k_CTCCTCCGTCCAGCCA-1,2984,CD8 T,CD8 Naive
PBMC10k_CTCCTCCGTGGCGCTT-1,2985,CD4 T,CD4 TCM
PBMC10k_CTCCTTTCAAATGGCG-1,2989,DC,pDC
PBMC10k_CTCCTTTTCACTTGTT-1,2991,B,B intermediate
PBMC10k_CTCGAGGAGAAGGCTC-1,2995,NK,NK
PBMC10k_CTCGAGGCACTGTCCT-1,2997,B,B naive
PBMC10k_CTCGAGGCAGAACGCA-1,2998,B,B naive
PBMC10k_CTCGAGGGTTCGTAAC-1,3000,CD4 T,CD4 Naive
PBMC10k_CTCGAGGTCGCATTGA-1,3001,CD4 T,CD4 TEM
PBMC10k_CTCGAGGTCTCTCGCA-1,3002,CD8 T,CD8 Naive
PBMC10k_CTCTCAGAGCACCCAC-1,3003,B,B intermediate
PBMC10k_CTCTCAGGTACACGTT-1,3005,CD4 T,CD4 TCM
PBMC10k_CTCTCAGGTACCCGAC-1,3006,Mono,CD16 Mono
PBMC10k_CTCTCAGTCGATACGT-1,3007,Mono,CD14 Mono
PBMC10k_CTCTCGAAGTATCCTG-1,3008,NK,NK
PBMC10k_CTCTCGAAGTGATAGT-1,3009,NK,NK
PBMC10k_CTCTCGACATAGATCC-1,3010,B,B naive
PBMC10k_CTCTCGAGTAGCGTTT-1,3011,CD4 T,CD4 Naive
PBMC10k_CTCTCGAGTTAGTTCG-1,3013,Mono,CD14 Mono
PBMC10k_CTCTGGTGTACTCGAT-1,3017,CD4 T,CD4 Naive
PBMC10k_CTCTGGTTCTACTCAT-1,3019,CD8 T,CD8 TEM
PBMC10k_CTGAATGTCTCCCAAC-1,3023,other,ILC
PBMC10k_CTGAGCGAGCTGGCCT-1,3024,CD4 T,CD4 Naive
PBMC10k_CTGAGCGCAAACTAGA-1,3029,CD4 T,Treg
PBMC10k_CTGAGCGCATATCTGG-1,3030,CD4 T,CD4 TEM
PBMC10k_CTGAGCGGTATCGATC-1,3031,Mono,CD14 Mono
PBMC10k_CTGAGCGGTGCCTTTC-1,3033,B,B intermediate
PBMC10k_CTGAGGCAGCCTCGTG-1,3034,B,B naive
PBMC10k_CTGAGGCTCGTACACA-1,3037,CD4 T,CD4 Naive
PBMC10k_CTGATCCGTCACTAGT-1,3039,CD4 T,CD4 Naive
PBMC10k_CTGATCCTCCTAGAGT-1,3041,CD4 T,CD4 Naive
PBMC10k_CTGATCCTCGGCTTGG-1,3043,Mono,CD14 Mono
PBMC10k_CTGCATCCATAGTCGT-1,3049,Mono,CD16 Mono
PBMC10k_CTGCATCGTGTGTGTT-1,3051,CD4 T,CD4 Naive
PBMC10k_CTGCATCGTGTTCGTA-1,3052,CD4 T,Treg
PBMC10k_CTGCATCGTTGCGGAA-1,3053,B,B naive
PBMC10k_CTGCCATAGCAATTAG-1,3055,CD8 T,CD8 TEM
PBMC10k_CTGCCATCAGGTTACT-1,3057,CD8 T,CD8 TEM
PBMC10k_CTGCCATGTTCGGGTC-1,3060,other T,MAIT
PBMC10k_CTGCCATTCAGTCATG-1,3061,CD4 T,CD4 TCM
PBMC10k_CTGCCTAGTAGCTGTT-1,3063,CD4 T,CD4 TCM
PBMC10k_CTGCGAGCACGTAGAG-1,3065,Mono,CD14 Mono
PBMC10k_CTGCGAGCATAACTCG-1,3066,other,Eryth
PBMC10k_CTGCGAGGTGACAGCA-1,3067,CD4 T,CD4 Naive
PBMC10k_CTGCTCAAGCTCATAC-1,3072,CD4 T,CD4 TCM
PBMC10k_CTGCTCAAGGATATGT-1,3073,CD8 T,CD8 TEM
PBMC10k_CTGCTCAAGGCCTGAA-1,3074,DC,pDC
PBMC10k_CTGCTCACAAGTGCAG-1,3075,CD4 T,Treg
PBMC10k_CTGCTCACACCCATAA-1,3076,CD4 T,CD4 Naive
PBMC10k_CTGCTCACACTGTCCT-1,3077,other T,dnT
PBMC10k_CTGCTCAGTAGGTAGC-1,3078,NK,NK
PBMC10k_CTGCTCATCATAGAGA-1,3079,CD8 T,CD8 Naive
PBMC10k_CTGCTCATCTGCCCTA-1,3080,Mono,CD14 Mono
PBMC10k_CTGGACGGTACGCGTC-1,3083,Mono,CD14 Mono
PBMC10k_CTGGACGTCATTTGTC-1,3085,Mono,CD14 Mono
PBMC10k_CTGGACGTCCGAGTGC-1,3086,CD8 T,CD8 Naive
PBMC10k_CTGGACGTCTCTCAAT-1,3087,CD4 T,CD4 TCM
PBMC10k_CTGGACGTCTTTGCGC-1,3088,CD4 T,CD4 Naive
PBMC10k_CTGGCAGAGCTCAGAG-1,3089,CD4 T,CD4 Naive
PBMC10k_CTGGTCTCAAACTAAG-1,3094,Mono,CD14 Mono
PBMC10k_CTGGTCTGTCTTCAAG-1,3097,B,B intermediate
PBMC10k_CTGTACCAGTGTTCAC-1,3099,CD4 T,CD4 TEM
PBMC10k_CTGTACCCAACAGCCC-1,3100,Mono,CD14 Mono
PBMC10k_CTGTACCGTTACAGCT-1,3101,CD4 T,Treg
PBMC10k_CTGTACCTCCGTGTGG-1,3103,CD8 T,CD8 Proliferating
PBMC10k_CTGTACCTCGCAATGT-1,3104,Mono,CD14 Mono
PBMC10k_CTGTAGAAGATGCAGC-1,3107,CD4 T,CD4 TCM
PBMC10k_CTGTAGAAGGGTTGCA-1,3108,Mono,CD14 Mono
PBMC10k_CTGTAGACAATCAGCT-1,3109,Mono,CD14 Mono
PBMC10k_CTGTAGACAGTCAACT-1,3111,B,B naive
PBMC10k_CTGTAGATCCTCTAGC-1,3112,CD8 T,CD8 TEM
PBMC10k_CTGTAGATCGTTCATT-1,3113,other T,MAIT
PBMC10k_CTGTATTCACGGCACT-1,3114,Mono,CD14 Mono
PBMC10k_CTGTATTCATGCCGGT-1,3115,NK,NK
PBMC10k_CTGTATTGTAGCGAGT-1,3116,other T,MAIT
PBMC10k_CTGTATTGTATACCCA-1,3117,B,B naive
PBMC10k_CTGTATTTCCGCCTAT-1,3118,CD4 T,CD4 TEM
PBMC10k_CTGTATTTCTTCGTGC-1,3119,CD8 T,CD8 TCM
PBMC10k_CTGTCGTAGAGTCACG-1,3120,CD4 T,Treg
PBMC10k_CTGTCGTGTGAATAAC-1,3122,Mono,CD14 Mono
PBMC10k_CTGTCGTGTGACCGTC-1,3123,CD4 T,CD4 TCM
PBMC10k_CTGTCGTTCAATCCGA-1,3124,CD4 T,CD4 Naive
PBMC10k_CTGTCGTTCCTACGAA-1,3125,CD4 T,CD4 TEM
PBMC10k_CTGTCGTTCGGCATAT-1,3127,CD4 T,Treg
PBMC10k_CTGTCGTTCTGGCCGA-1,3128,B,B memory
PBMC10k_CTGTGAAAGGACAAGA-1,3129,other T,MAIT
PBMC10k_CTGTGAAAGGCCTGCT-1,3130,other T,MAIT
PBMC10k_CTGTGAATCACATCAG-1,3135,Mono,CD14 Mono
PBMC10k_CTGTGAATCATGAGAA-1,3136,B,B memory
PBMC10k_CTGTGAATCTAAGCCA-1,3137,other T,MAIT
PBMC10k_CTGTGGGAGACTGTTC-1,3138,Mono,CD14 Mono
PBMC10k_CTGTGGGCACAACGCC-1,3139,NK,NK
PBMC10k_CTGTGGGTCACGTAGT-1,3142,NK,NK
PBMC10k_CTGTGGGTCGCGCTGA-1,3144,NK,NK
PBMC10k_CTTACCGAGGAATTAC-1,3146,other T,MAIT
PBMC10k_CTTACCGCATTGAAAG-1,3149,other,Eryth
PBMC10k_CTTACCGGTAGGACCA-1,3150,CD8 T,CD8 TEM
PBMC10k_CTTACCGTCACTAGCA-1,3151,Mono,CD14 Mono
PBMC10k_CTTAGGAAGAGGGTCT-1,3152,B,B naive
PBMC10k_CTTAGGAAGCCACCGT-1,3153,CD8 T,CD8 TEM
PBMC10k_CTTAGGACAGAGCCCT-1,3155,B,B naive
PBMC10k_CTTAGGAGTAACTGCT-1,3157,CD4 T,CD4 Naive
PBMC10k_CTTCAATAGCCGATTT-1,3159,other,Eryth
PBMC10k_CTTCAATAGTGCAAAT-1,3161,Mono,CD14 Mono
PBMC10k_CTTCAATAGTGCACCC-1,3162,CD4 T,Treg
PBMC10k_CTTCAATCAAGTCGTT-1,3163,NK,NK
PBMC10k_CTTCAATCAGACTCTA-1,3164,CD4 T,CD4 Naive
PBMC10k_CTTCAATCAGCGTGCT-1,3165,CD4 T,CD4 Naive
PBMC10k_CTTCAATCATGAAAGT-1,3166,CD4 T,CD4 TEM
PBMC10k_CTTCAATTCCCGGTAG-1,3167,Mono,CD14 Mono
PBMC10k_CTTCAATTCTTTCGAT-1,3169,CD4 T,Treg
PBMC10k_CTTCCGACACCTCTGT-1,3171,CD8 T,CD8 Proliferating
PBMC10k_CTTCCGACATATGCGT-1,3172,Mono,CD14 Mono
PBMC10k_CTTCCGAGTGCACAAG-1,3174,Mono,CD14 Mono
PBMC10k_CTTCCTTAGGCACTAG-1,3178,CD8 T,CD8 TEM
PBMC10k_CTTCCTTAGTAAAGCT-1,3181,other T,MAIT
PBMC10k_CTTCCTTGTCCCTAAA-1,3182,other,Eryth
PBMC10k_CTTCCTTGTCGGTGTC-1,3183,CD8 T,CD8 Naive
PBMC10k_CTTCCTTTCAGGAGAC-1,3185,CD4 T,CD4 TCM
PBMC10k_CTTCCTTTCCACAGGC-1,3186,CD4 T,CD4 Naive
PBMC10k_CTTCGGTGTCTCGCGA-1,3189,B,B naive
PBMC10k_CTTCGGTTCACCTACC-1,3190,CD4 T,CD4 Naive
PBMC10k_CTTCTAAAGATTGAGT-1,3192,NK,NK_CD56bright
PBMC10k_CTTCTAAAGGAGAGGC-1,3193,B,B naive
PBMC10k_CTTCTAAAGGTGTGAC-1,3194,other T,dnT
PBMC10k_CTTCTAACATGTCGTA-1,3198,Mono,CD14 Mono
PBMC10k_CTTCTAAGTCAGGAGT-1,3199,CD4 T,CD4 Naive
PBMC10k_CTTCTAATCGGCCTTT-1,3202,Mono,CD14 Mono
PBMC10k_CTTCTCTAGACGGAAA-1,3204,CD4 T,CD4 TCM
PBMC10k_CTTCTCTAGATTTGCC-1,3205,CD8 T,CD8 Naive
PBMC10k_CTTCTCTAGGTCACTT-1,3206,other,ILC
PBMC10k_CTTCTCTTCACAATGC-1,3210,Mono,CD14 Mono
PBMC10k_CTTCTCTTCGAACCTA-1,3211,CD4 T,CD4 TCM
PBMC10k_CTTCTCTTCGAGATGG-1,3212,other,ILC
PBMC10k_CTTGAGAAGCCACTCG-1,3213,Mono,CD14 Mono
PBMC10k_CTTGAGAAGCGAGTCA-1,3214,Mono,CD14 Mono
PBMC10k_CTTGAGAGTATGTCCA-1,3216,other T,MAIT
PBMC10k_CTTGAGAGTGTCCCTT-1,3217,Mono,CD14 Mono
PBMC10k_CTTGATTCAACCTAAC-1,3220,CD4 T,CD4 Naive
PBMC10k_CTTGATTCAGTCGCTG-1,3221,CD4 T,CD4 TCM
PBMC10k_CTTTCAAAGATAGGGA-1,3223,other T,MAIT
PBMC10k_CTTTCAAAGATGAACT-1,3224,Mono,CD14 Mono
PBMC10k_CTTTCAAAGGGTCAAC-1,3225,CD4 T,CD4 TCM
PBMC10k_CTTTCAACAACTCGAT-1,3227,NK,NK
PBMC10k_CTTTCAAGTCAACCTA-1,3228,other T,MAIT
PBMC10k_CTTTCAATCTATACTC-1,3229,Mono,CD14 Mono
PBMC10k_CTTTCGGTCAACACCA-1,3234,CD4 T,CD4 TEM
PBMC10k_CTTTCGGTCAAGCCCG-1,3235,CD4 T,CD4 Naive
PBMC10k_CTTTCGGTCGTACCTC-1,3236,NK,NK
PBMC10k_GAAACCTAGAGGTTTA-1,3238,CD8 T,CD8 TEM
PBMC10k_GAAACCTAGCGTCTGC-1,3239,CD4 T,CD4 TCM
PBMC10k_GAAACCTAGCTATCCA-1,3240,Mono,CD14 Mono
PBMC10k_GAAACCTGTACTGGGA-1,3242,CD4 T,CD4 Naive
PBMC10k_GAAACCTGTCTGCAAT-1,3243,Mono,CD14 Mono
PBMC10k_GAAACCTTCTCTTCAA-1,3246,B,B naive
PBMC10k_GAAATGAAGCCTTTGA-1,3247,CD8 T,CD8 TEM
PBMC10k_GAAATGACACGCAGTC-1,3248,Mono,CD14 Mono
PBMC10k_GAAATGACAGACACAG-1,3249,other,Eryth
PBMC10k_GAAATGAGTTCAAACC-1,3250,CD8 T,CD8 TEM
PBMC10k_GAACACTAGAGTGAAG-1,3252,CD4 T,CD4 Naive
PBMC10k_GAACACTCACTGTCGG-1,3253,CD4 T,CD4 TEM
PBMC10k_GAACACTCAGGTCAGA-1,3254,NK,NK
PBMC10k_GAACACTCATGAAGGC-1,3255,CD4 T,CD4 Naive
PBMC10k_GAACACTCATTACGGT-1,3256,DC,cDC2
PBMC10k_GAACACTTCAAGTGTC-1,3257,Mono,CD14 Mono
PBMC10k_GAACACTTCTAGATCG-1,3258,NK,NK
PBMC10k_GAACTGTAGCTACTGT-1,3262,CD4 T,CD4 TCM
PBMC10k_GAACTGTCACATCCCT-1,3263,NK,NK
PBMC10k_GAACTGTCATGGGATG-1,3264,B,Plasmablast
PBMC10k_GAACTGTGTCTGCCTT-1,3265,NK,NK
PBMC10k_GAACTGTTCCAAGCTA-1,3266,CD4 T,CD4 Naive
PBMC10k_GAAGAATCACCGTCTT-1,3269,Mono,CD16 Mono
PBMC10k_GAAGAATTCACCATCC-1,3270,CD4 T,CD4 Naive
PBMC10k_GAAGAATTCACTCACC-1,3271,Mono,CD14 Mono
PBMC10k_GAAGAATTCCCATTTA-1,3272,Mono,CD14 Mono
PBMC10k_GAAGCCCAGCAACAAT-1,3273,CD8 T,CD8 TEM
PBMC10k_GAAGCCCGTTCATCGA-1,3276,other T,MAIT
PBMC10k_GAAGCCCTCGCGTGCA-1,3278,CD4 T,CD4 Naive
PBMC10k_GAAGCCCTCTTACCGC-1,3279,CD4 T,CD4 Naive
PBMC10k_GAAGCGACATAATCCG-1,3282,CD4 T,CD4 Naive
PBMC10k_GAAGCGACATGGCACC-1,3283,NK,NK
PBMC10k_GAAGCGAGTCTACTGA-1,3284,Mono,CD14 Mono
PBMC10k_GAAGCGATCCAATGCA-1,3286,other T,dnT
PBMC10k_GAAGCGATCCATTGCC-1,3287,B,B naive
PBMC10k_GAAGGACAGCTGGCCT-1,3288,CD4 T,CD4 TCM
PBMC10k_GAAGGACCACTGTGAT-1,3290,other T,gdT
PBMC10k_GAAGGACGTCATCCCT-1,3292,CD4 T,CD4 Naive
PBMC10k_GAAGGACGTCATCTAG-1,3293,Mono,CD14 Mono
PBMC10k_GAAGGACTCAATCCGA-1,3294,CD4 T,CD4 TCM
PBMC10k_GAAGGACTCCACGGGT-1,3295,other,Eryth
PBMC10k_GAAGGGTAGTAAGGGA-1,3296,Mono,CD14 Mono
PBMC10k_GAAGGGTAGTGGTCAG-1,3297,CD4 T,CD4 TCM
PBMC10k_GAAGGGTCAAGGTCAG-1,3298,CD8 T,CD8 TEM
PBMC10k_GAAGGGTCACAATGAA-1,3299,CD4 T,CD4 Naive
PBMC10k_GAAGGGTGTCTGTGCG-1,3300,CD4 T,CD4 Naive
PBMC10k_GAAGGGTGTGATTCTG-1,3301,CD4 T,CD4 Naive
PBMC10k_GAAGTAATCTTACGGA-1,3306,B,B memory
PBMC10k_GAATAGAAGACCTCAT-1,3308,CD4 T,CD4 Naive
PBMC10k_GAATAGACAAGAAACT-1,3309,other T,MAIT
PBMC10k_GAATAGACAGAGCTAG-1,3310,B,B naive
PBMC10k_GAATCACCAAGGTCTT-1,3313,CD8 T,CD8 Naive
PBMC10k_GAATCACTCCGCCTAT-1,3316,CD4 T,CD4 Naive
PBMC10k_GAATCACTCTGCTTTA-1,3318,Mono,CD14 Mono
PBMC10k_GAATCACTCTTCGTAT-1,3320,NK,NK
PBMC10k_GAATCGTCAAATTGGA-1,3324,CD4 T,CD4 TCM
PBMC10k_GAATCGTCAATGCTCA-1,3325,CD4 T,CD4 CTL
PBMC10k_GAATCGTCACCTTCGT-1,3326,CD4 T,CD4 TEM
PBMC10k_GAATCGTCACGTATAC-1,3327,CD4 T,CD4 TCM
PBMC10k_GAATCGTCAGCGAGTA-1,3329,B,B memory
PBMC10k_GACACGCAGCACGGAT-1,3331,CD8 T,CD8 TCM
PBMC10k_GACACGCCAAGTGTCT-1,3332,CD4 T,CD4 Naive
PBMC10k_GACACGCCACGCGGTT-1,3333,NK,NK
PBMC10k_GACACGCGTTGCATGT-1,3335,Mono,CD14 Mono
PBMC10k_GACACGCTCAATCGGT-1,3336,CD8 T,CD8 TEM
PBMC10k_GACACGCTCACAGTGT-1,3337,B,B naive
PBMC10k_GACACGCTCCATCGTC-1,3338,CD8 T,CD8 Naive
PBMC10k_GACACGCTCTACGGTA-1,3339,Mono,CD14 Mono
PBMC10k_GACACGCTCTCTATGT-1,3340,Mono,CD14 Mono
PBMC10k_GACAGCCAGCTTAAGA-1,3341,CD4 T,CD4 Naive
PBMC10k_GACAGCCCATTCTCTA-1,3343,NK,NK
PBMC10k_GACAGCCTCTGATTCT-1,3346,DC,cDC2
PBMC10k_GACATCAAGAGGTCAC-1,3347,Mono,CD14 Mono
PBMC10k_GACATCACACGTTCGG-1,3350,CD4 T,Treg
PBMC10k_GACATCACAGTTAAAG-1,3351,CD4 T,CD4 Naive
PBMC10k_GACATCAGTGACTCTA-1,3352,Mono,CD14 Mono
PBMC10k_GACATCATCGCCACTT-1,3356,NK,NK
PBMC10k_GACCAATAGCTTTCCC-1,3357,CD8 T,CD8 Naive
PBMC10k_GACCAATAGGATACAT-1,3358,CD4 T,CD4 Naive
PBMC10k_GACCAATGTTGTCATG-1,3360,CD4 T,CD4 Naive
PBMC10k_GACCCAGAGATCGCCC-1,3364,Mono,CD14 Mono
PBMC10k_GACCCAGTCATCCTAT-1,3365,CD4 T,CD4 TEM
PBMC10k_GACCCTTAGCAAATCA-1,3369,CD4 T,CD4 TCM
PBMC10k_GACCCTTAGTAAGCAT-1,3370,CD8 T,CD8 Naive
PBMC10k_GACCCTTCACGTCTCT-1,3373,CD8 T,CD8 TEM
PBMC10k_GACCCTTGTACGATGG-1,3374,other,Eryth
PBMC10k_GACCGTGCACAAAGCG-1,3376,other T,dnT
PBMC10k_GACCGTGTCACTGGGC-1,3379,CD4 T,Treg
PBMC10k_GACCTTCAGCAATTCC-1,3383,CD8 T,CD8 Naive
PBMC10k_GACCTTCAGCGTTGTT-1,3384,CD4 T,CD4 Naive
PBMC10k_GACCTTCAGTCACAGG-1,3386,NK,NK
PBMC10k_GACCTTCTCTAGGCAT-1,3388,other T,dnT
PBMC10k_GACGCTGAGGGAGATA-1,3389,other T,gdT
PBMC10k_GACGCTGCACTGCATA-1,3390,Mono,CD14 Mono
PBMC10k_GACGCTGTCTTCGTGC-1,3395,CD8 T,CD8 TEM
PBMC10k_GACGTTAGTCGATTCA-1,3398,CD4 T,CD4 TCM
PBMC10k_GACGTTAGTGGTCTAT-1,3399,CD4 T,Treg
PBMC10k_GACGTTAGTTGTCTAG-1,3400,other T,dnT
PBMC10k_GACGTTATCGGTGTTA-1,3401,B,B intermediate
PBMC10k_GACGTTATCGTGTCAA-1,3402,other T,dnT
PBMC10k_GACTATGAGGACAGCT-1,3404,CD4 T,CD4 Naive
PBMC10k_GACTATGCACTACACA-1,3406,B,B intermediate
PBMC10k_GACTATGCATCGTTCC-1,3407,CD4 T,CD4 TEM
PBMC10k_GACTATGGTATCGATC-1,3408,NK,NK
PBMC10k_GACTATGGTCGTTCAA-1,3409,Mono,CD14 Mono
PBMC10k_GACTATGGTCTCGCGA-1,3410,Mono,CD16 Mono
PBMC10k_GACTATGTCTTTGCTA-1,3412,other T,MAIT
PBMC10k_GACTCAACACTAACGT-1,3413,NK,NK
PBMC10k_GACTCAACATATCTGG-1,3414,B,B naive
PBMC10k_GACTCAAGTGAGTAGC-1,3415,CD4 T,CD4 TCM
PBMC10k_GACTCAATCAAGTCTG-1,3416,Mono,CD14 Mono
PBMC10k_GACTCAATCTGGCTGG-1,3418,CD4 T,CD4 TCM
PBMC10k_GACTCTCGTGCGCTCA-1,3421,CD4 T,Treg
PBMC10k_GACTCTCGTGTGTACT-1,3422,CD4 T,CD4 Naive
PBMC10k_GACTCTCTCCCTTTGG-1,3423,NK,NK
PBMC10k_GACTGATCAGCAGACA-1,3426,other,Eryth
PBMC10k_GACTGATCAGCATACT-1,3427,NK,NK
PBMC10k_GACTGATCAGTCGCAC-1,3429,CD4 T,Treg
PBMC10k_GACTGATGTCTACACA-1,3432,CD8 T,CD8 TCM
PBMC10k_GACTGATTCGGTAGAG-1,3433,CD8 T,CD8 Naive
PBMC10k_GACTGATTCGTTCAGA-1,3434,B,B memory
PBMC10k_GACTGATTCTTCCCGA-1,3435,NK,NK_CD56bright
PBMC10k_GACTTCCAGAGTAACT-1,3436,NK,NK
PBMC10k_GACTTCCAGATTGCGG-1,3437,B,B naive
PBMC10k_GACTTCCAGCGATGGT-1,3438,Mono,CD14 Mono
PBMC10k_GACTTCCGTCAACCAT-1,3443,NK,NK
PBMC10k_GACTTCCGTTGCTCGG-1,3445,B,B naive
PBMC10k_GACTTCCTCTTAGCCC-1,3447,Mono,CD14 Mono
PBMC10k_GAGAAATAGGTCGACA-1,3448,CD4 T,CD4 Naive
PBMC10k_GAGAAATAGTCACGCC-1,3449,CD4 T,CD4 Naive
PBMC10k_GAGAAATCAAAGACTA-1,3450,CD4 T,Treg
PBMC10k_GAGAAATGTATTCCTT-1,3452,NK,NK
PBMC10k_GAGACCCAGCGCCTCA-1,3454,B,B naive
PBMC10k_GAGACCCCAAAGGGTC-1,3455,Mono,CD14 Mono
PBMC10k_GAGACCCGTGAGTCAG-1,3457,CD8 T,CD8 Naive
PBMC10k_GAGACCCTCAGACATC-1,3459,other,Eryth
PBMC10k_GAGACCCTCTACCAGA-1,3460,CD4 T,CD4 Naive
PBMC10k_GAGACTTCAAGGCCTC-1,3461,NK,NK
PBMC10k_GAGACTTCAATCGAAA-1,3462,CD4 T,CD4 TEM
PBMC10k_GAGACTTTCCTTCTAA-1,3465,NK,NK
PBMC10k_GAGACTTTCTTCACAT-1,3467,other T,MAIT
PBMC10k_GAGAGGTCAGCTGAGA-1,3468,CD4 T,CD4 TCM
PBMC10k_GAGAGGTTCGCCACTT-1,3471,other T,MAIT
PBMC10k_GAGAGGTTCTTGTTAC-1,3472,CD4 T,CD4 TCM
PBMC10k_GAGATGGTCTAGCCAA-1,3476,Mono,CD14 Mono
PBMC10k_GAGATGGTCTCGCTCA-1,3477,CD4 T,CD4 TCM
PBMC10k_GAGCCTGAGCAGCGAT-1,3478,NK,NK
PBMC10k_GAGCCTGGTACCTGTA-1,3481,CD4 T,CD4 TEM
PBMC10k_GAGCCTGGTGTCGCTG-1,3482,other,ILC
PBMC10k_GAGCCTGTCCAAGCAT-1,3484,Mono,CD14 Mono
PBMC10k_GAGCCTGTCTACAGGT-1,3485,CD8 T,CD8 Naive
PBMC10k_GAGCTGCCATCCTTCG-1,3487,CD4 T,CD4 Naive
PBMC10k_GAGCTGCGTGTAAATG-1,3488,other T,dnT
PBMC10k_GAGCTGCTCCCTTGGT-1,3489,CD4 T,CD4 TEM
PBMC10k_GAGGCAAAGACGCAGT-1,3490,Mono,CD14 Mono
PBMC10k_GAGGCAAAGGGACACT-1,3491,CD8 T,CD8 TEM
PBMC10k_GAGGCAAAGGTGCTGA-1,3492,other T,MAIT
PBMC10k_GAGGCAACAAGCTACT-1,3494,B,B memory
PBMC10k_GAGGCAAGTATTTCTC-1,3495,CD8 T,CD8 Naive
PBMC10k_GAGGCCTAGATTTGCC-1,3496,CD4 T,CD4 Naive
PBMC10k_GAGGCCTAGCTAAATG-1,3497,CD4 T,CD4 TEM
PBMC10k_GAGGCCTAGGTACATA-1,3498,other T,MAIT
PBMC10k_GAGGCCTGTGTTAAAG-1,3503,other T,MAIT
PBMC10k_GAGGCCTGTTCAGCTA-1,3504,CD4 T,CD4 TCM
PBMC10k_GAGGCCTTCTTTCTAG-1,3505,CD4 T,Treg
PBMC10k_GAGGGATGTCGCTTAA-1,3506,CD8 T,CD8 Naive
PBMC10k_GAGGGTACACATTCTT-1,3509,CD4 T,CD4 Naive
PBMC10k_GAGGGTACACGCTATA-1,3510,NK,NK
PBMC10k_GAGGGTACAGAATCGG-1,3511,NK,NK
PBMC10k_GAGGGTAGTCTGTAGT-1,3512,CD4 T,CD4 Naive
PBMC10k_GAGTCATCACAACGTT-1,3515,CD4 T,CD4 TCM
PBMC10k_GAGTCATGTCGATTCA-1,3516,NK,NK
PBMC10k_GAGTCTAAGGAACGTC-1,3519,CD4 T,Treg
PBMC10k_GAGTCTAGTGCGCTCA-1,3522,CD4 T,CD4 Naive
PBMC10k_GAGTGAGCAGAGAATT-1,3524,CD4 T,Treg
PBMC10k_GAGTGAGCATATTCGG-1,3525,Mono,CD14 Mono
PBMC10k_GAGTGAGGTCAGGAGT-1,3526,Mono,CD14 Mono
PBMC10k_GAGTGTTCACATTCTT-1,3527,CD4 T,CD4 Naive
PBMC10k_GAGTTACAGTTGGGAC-1,3531,CD8 T,CD8 Naive
PBMC10k_GAGTTACAGTTGTAGA-1,3532,CD4 T,CD4 TCM
PBMC10k_GAGTTACGTACTGTTG-1,3533,CD8 T,CD8 TEM
PBMC10k_GAGTTACGTATGACAA-1,3534,CD4 T,CD4 Naive
PBMC10k_GAGTTACGTCTCGGAC-1,3535,CD4 T,CD4 Naive
PBMC10k_GAGTTACTCGGCTGTG-1,3536,NK,NK
PBMC10k_GAGTTACTCGGTCAGC-1,3537,CD8 T,CD8 TEM
PBMC10k_GAGTTGTAGGACTGGT-1,3539,CD4 T,CD4 Naive
PBMC10k_GAGTTGTCACGCAGTC-1,3540,other,Eryth
PBMC10k_GAGTTGTTCCAAAGGG-1,3541,CD8 T,CD8 TEM
PBMC10k_GAGTTGTTCCCAATAG-1,3542,Mono,CD14 Mono
PBMC10k_GAGTTTGAGAGCATTA-1,3544,CD4 T,Treg
PBMC10k_GAGTTTGAGTCGCCCA-1,3546,B,B naive
PBMC10k_GAGTTTGCATACAGGG-1,3548,Mono,CD14 Mono
PBMC10k_GAGTTTGGTAGGAGTC-1,3549,CD8 T,CD8 Naive
PBMC10k_GAGTTTGTCCAACTGA-1,3551,Mono,CD14 Mono
PBMC10k_GAGTTTGTCCTATGGA-1,3552,Mono,CD14 Mono
PBMC10k_GAGTTTGTCGAGCCAC-1,3553,CD4 T,CD4 Naive
PBMC10k_GAGTTTGTCGCCAATA-1,3554,CD8 T,CD8 TEM
PBMC10k_GAGTTTGTCGCGTGCA-1,3555,other T,dnT
PBMC10k_GATAGAAGTTGTTGAC-1,3558,CD8 T,CD8 TEM
PBMC10k_GATAGAATCCTAAACG-1,3559,other T,MAIT
PBMC10k_GATAGAATCTGCTGAA-1,3560,Mono,CD14 Mono
PBMC10k_GATAGCTAGATTCGAA-1,3561,CD4 T,CD4 Naive
PBMC10k_GATAGCTGTATCCTTT-1,3565,Mono,CD16 Mono
PBMC10k_GATCACAAGAAGCCTG-1,3566,other T,dnT
PBMC10k_GATCACACACTGGATT-1,3569,B,B naive
PBMC10k_GATCACAGTATTTCGG-1,3571,CD4 T,CD4 Naive
PBMC10k_GATCACAGTTCCAGGC-1,3572,CD4 T,CD4 Naive
PBMC10k_GATCAGTAGGCAGGGA-1,3576,Mono,CD14 Mono
PBMC10k_GATCAGTGTCAGATTC-1,3578,other T,MAIT
PBMC10k_GATCATGAGCAGCGAT-1,3579,CD8 T,CD8 Naive
PBMC10k_GATCATGCAATGCAGG-1,3581,CD4 T,CD4 TEM
PBMC10k_GATCATGGTGCCCTTT-1,3584,CD8 T,CD8 TCM
PBMC10k_GATCATGTCATTGCTT-1,3586,other,ILC
PBMC10k_GATCCCTAGTATGATG-1,3589,CD8 T,CD8 Naive
PBMC10k_GATCCCTCAACTCCAA-1,3590,CD4 T,CD4 Naive
PBMC10k_GATCCCTCAGTCTTCC-1,3591,CD8 T,CD8 Naive
PBMC10k_GATCCCTCATGGAAGC-1,3592,CD4 T,CD4 TCM
PBMC10k_GATCCCTGTATCAGGG-1,3593,other T,MAIT
PBMC10k_GATCCCTGTATGGTAA-1,3594,CD8 T,CD8 TEM
PBMC10k_GATCCCTGTGCCCGTA-1,3595,CD8 T,CD8 TCM
PBMC10k_GATCGTAAGGATATAC-1,3597,CD4 T,CD4 Naive
PBMC10k_GATCGTAAGTCGGCAA-1,3598,CD4 T,CD4 TEM
PBMC10k_GATCGTAGTACGCTTA-1,3599,other,ILC
PBMC10k_GATCGTAGTATGCTAC-1,3600,Mono,CD14 Mono
PBMC10k_GATCGTATCGGTTGTA-1,3601,CD8 T,CD8 TCM
PBMC10k_GATGACTAGGGCAAGG-1,3602,Mono,CD14 Mono
PBMC10k_GATGACTAGTCATCCA-1,3603,CD4 T,CD4 Naive
PBMC10k_GATGACTCAATAGTCC-1,3604,NK,NK Proliferating
PBMC10k_GATGACTCAATTCGTG-1,3605,CD4 T,CD4 Naive
PBMC10k_GATGACTGTGCGTTTA-1,3606,Mono,CD14 Mono
PBMC10k_GATGACTTCTGTCCCA-1,3608,Mono,CD14 Mono
PBMC10k_GATGAGGAGAGAGCAA-1,3610,other,ILC
PBMC10k_GATGAGGAGCCTAGGA-1,3611,Mono,CD14 Mono
PBMC10k_GATGAGGAGCCTTCTC-1,3612,CD4 T,CD4 CTL
PBMC10k_GATGAGGAGCTTCGTA-1,3614,Mono,CD14 Mono
PBMC10k_GATGAGGTCTCCTGAC-1,3616,CD4 T,CD4 TEM
PBMC10k_GATGATCCACGTATAC-1,3619,other T,gdT
PBMC10k_GATGATCGTCCACACG-1,3620,CD4 T,CD4 Naive
PBMC10k_GATGATCTCCCTCTTT-1,3621,Mono,CD14 Mono
PBMC10k_GATGGAGCAAATCAAG-1,3628,Mono,CD14 Mono
PBMC10k_GATGGAGTCAGCTGAT-1,3633,CD8 T,CD8 Naive
PBMC10k_GATGGAGTCATCGCTC-1,3634,B,B naive
PBMC10k_GATGTTGAGACCCTTA-1,3636,Mono,CD14 Mono
PBMC10k_GATGTTGGTACCCGCA-1,3640,CD4 T,CD4 TEM
PBMC10k_GATTCGAAGAGTTGAT-1,3646,other,Eryth
PBMC10k_GATTCGAGTTAAAGTG-1,3651,Mono,CD14 Mono
PBMC10k_GATTCGATCGTGGAAG-1,3654,CD4 T,Treg
PBMC10k_GATTCTTTCCTCAGGG-1,3660,CD4 T,CD4 Naive
PBMC10k_GATTGGTTCGTCAGAT-1,3665,NK,NK
PBMC10k_GATTGGTTCTGGAAGG-1,3668,Mono,CD14 Mono
PBMC10k_GATTTCTAGACTTCGT-1,3670,other,Eryth
PBMC10k_GATTTCTAGGTTGCCC-1,3671,CD4 T,CD4 Naive
PBMC10k_GATTTCTGTTAGGACG-1,3673,Mono,CD14 Mono
PBMC10k_GATTTCTTCGCTACGG-1,3674,CD4 T,CD4 Naive
PBMC10k_GATTTCTTCTGCAGCG-1,3675,CD8 T,CD8 Naive
PBMC10k_GCAACCGAGCGCAATG-1,3679,CD4 T,CD4 TEM
PBMC10k_GCAACCGAGGGAGTGG-1,3681,Mono,CD14 Mono
PBMC10k_GCAACCGAGGGATCTG-1,3682,CD4 T,Treg
PBMC10k_GCAACCGCAGACCCGT-1,3683,CD4 T,CD4 Naive
PBMC10k_GCAACCGCAGGTAGTG-1,3684,NK,NK
PBMC10k_GCAACCGCATTGACAC-1,3685,CD4 T,CD4 Naive
PBMC10k_GCAACCGGTATGATCC-1,3686,other,Eryth
PBMC10k_GCAACCGGTGTACAGG-1,3687,CD8 T,CD8 Naive
PBMC10k_GCAACCGGTGTGTACT-1,3688,CD4 T,CD4 Naive
PBMC10k_GCAACCGGTTCCACGG-1,3689,CD4 T,CD4 Naive
PBMC10k_GCAACCGGTTGCTCCT-1,3690,CD8 T,CD8 Naive
PBMC10k_GCAACCGTCGAACACT-1,3691,CD8 T,CD8 TEM
PBMC10k_GCACATAAGCTCCATA-1,3692,CD4 T,CD4 TEM
PBMC10k_GCACATAAGGTAGTAT-1,3693,B,B memory
PBMC10k_GCACATAGTAATTAGG-1,3694,NK,NK
PBMC10k_GCACATAGTATTTCTC-1,3695,CD8 T,CD8 Naive
PBMC10k_GCACATAGTGCCCGTA-1,3696,CD4 T,CD4 Naive
PBMC10k_GCACGGTCAGGGACTA-1,3698,Mono,CD14 Mono
PBMC10k_GCACGGTCATCGGAAG-1,3699,CD4 T,CD4 TCM
PBMC10k_GCACGGTGTGCAGGAT-1,3702,other T,dnT
PBMC10k_GCACGGTGTGCGGCTT-1,3703,Mono,CD14 Mono
PBMC10k_GCACGTGGTATGAAAC-1,3707,NK,NK
PBMC10k_GCACTAAAGCCAGTAG-1,3710,Mono,CD14 Mono
PBMC10k_GCACTAAAGGGTCAAC-1,3711,B,B memory
PBMC10k_GCACTAACACCCAATA-1,3714,B,B intermediate
PBMC10k_GCACTAACAGCCTACG-1,3715,NK,NK
PBMC10k_GCACTAATCCCAATAG-1,3718,CD4 T,CD4 TCM
PBMC10k_GCACTAATCTGCATGA-1,3719,other T,dnT
PBMC10k_GCAGCCAAGGTCTACT-1,3720,CD4 T,CD4 TCM
PBMC10k_GCAGCCAAGTCTACCA-1,3721,Mono,CD14 Mono
PBMC10k_GCAGCCACATAGCTGT-1,3725,other T,MAIT
PBMC10k_GCAGCTGCATGCCGGT-1,3730,CD4 T,Treg
PBMC10k_GCAGCTGGTAACACGG-1,3731,CD8 T,CD8 Naive
PBMC10k_GCAGCTGGTCAGTTTG-1,3733,CD8 T,CD8 TEM
PBMC10k_GCAGCTGTCTTCCGTG-1,3736,CD4 T,CD4 TEM
PBMC10k_GCAGGCTAGTAGCCAG-1,3737,CD8 T,CD8 Naive
PBMC10k_GCAGGCTCAGCCGGTT-1,3738,CD4 T,CD4 TEM
PBMC10k_GCAGGCTGTCGCCACA-1,3739,NK,NK
PBMC10k_GCAGGCTTCAACTGGT-1,3741,CD8 T,CD8 Naive
PBMC10k_GCAGGCTTCTACTCAT-1,3742,Mono,CD14 Mono
PBMC10k_GCAGTTAAGCTACGTT-1,3743,CD4 T,CD4 TEM
PBMC10k_GCAGTTAAGTAGCAAT-1,3744,Mono,CD14 Mono
PBMC10k_GCAGTTACAGAGGTAC-1,3745,CD4 T,CD4 TEM
PBMC10k_GCAGTTAGTCGCAACC-1,3748,Mono,CD16 Mono
PBMC10k_GCAGTTAGTCGTTTCC-1,3749,Mono,CD14 Mono
PBMC10k_GCATCGGAGCATTTCG-1,3752,NK,NK_CD56bright
PBMC10k_GCATCGGGTCCCTGTT-1,3755,CD4 T,CD4 TCM
PBMC10k_GCATCGGTCGCTCTCA-1,3757,CD4 T,CD4 Naive
PBMC10k_GCATCTCAGCTCGTGC-1,3759,CD4 T,Treg
PBMC10k_GCATCTCAGTCTGCAT-1,3760,CD4 T,CD4 Naive
PBMC10k_GCATCTCCAAACCGGA-1,3761,CD8 T,CD8 TEM
PBMC10k_GCATCTCCACCAGCTG-1,3762,Mono,CD14 Mono
PBMC10k_GCATCTCCAGATTTCG-1,3764,other,ILC
PBMC10k_GCATCTCGTTTCAGAC-1,3767,CD4 T,CD4 TEM
PBMC10k_GCATCTCTCACTACTT-1,3768,Mono,CD14 Mono
PBMC10k_GCATGATAGGTGGTTG-1,3770,CD8 T,CD8 TCM
PBMC10k_GCATGATTCATGCCAA-1,3776,NK,NK
PBMC10k_GCATTAGGTCACCTTC-1,3779,CD4 T,Treg
PBMC10k_GCATTAGTCCCATGGG-1,3781,other T,MAIT
PBMC10k_GCATTAGTCCGTGTGG-1,3782,other,Eryth
PBMC10k_GCATTAGTCCTCTCGA-1,3783,other T,MAIT
PBMC10k_GCCAACGAGACGTCGA-1,3784,CD4 T,CD4 TEM
PBMC10k_GCCAACGAGGTGCAGT-1,3785,NK,NK
PBMC10k_GCCAGCACAAGCCATT-1,3788,B,B naive
PBMC10k_GCCAGCACAGCGAACA-1,3791,B,B naive
PBMC10k_GCCAGCAGTACAGAAT-1,3792,CD4 T,CD4 TEM
PBMC10k_GCCAGCAGTCTACGAT-1,3793,B,B naive
PBMC10k_GCCAGCATCGATGGAG-1,3794,Mono,CD14 Mono
PBMC10k_GCCAGGTTCTCCATAT-1,3797,Mono,CD14 Mono
PBMC10k_GCCAGGTTCTGCTAGA-1,3798,other T,MAIT
PBMC10k_GCCAGTGCAGCTCATA-1,3799,CD4 T,CD4 TEM
PBMC10k_GCCAGTGTCGTCAAAC-1,3802,CD4 T,CD4 Naive
PBMC10k_GCCAGTGTCTGCTTTA-1,3803,CD4 T,CD4 TCM
PBMC10k_GCCATGGGTAATCAAG-1,3804,CD4 T,CD4 TCM
PBMC10k_GCCATGGGTACGGGAT-1,3805,CD4 T,CD4 Naive
PBMC10k_GCCATGGGTTGCTCGG-1,3807,CD4 T,CD4 Naive
PBMC10k_GCCATGGTCAGCAGAG-1,3808,CD4 T,CD4 Naive
PBMC10k_GCCATGGTCCCTCAAC-1,3809,CD4 T,CD4 Naive
PBMC10k_GCCATGGTCTGCTGAA-1,3810,CD4 T,CD4 Naive
PBMC10k_GCCATTCAGAAACACT-1,3811,Mono,CD14 Mono
PBMC10k_GCCATTCAGGTCCTGC-1,3812,CD8 T,CD8 TEM
PBMC10k_GCCATTCAGTAGTGCG-1,3813,CD8 T,CD8 TEM
PBMC10k_GCCATTCCAACCCTCT-1,3814,Mono,CD14 Mono
PBMC10k_GCCATTCCAGTAGTGG-1,3815,NK,NK
PBMC10k_GCCATTCTCGTTGTTT-1,3820,CD4 T,Treg
PBMC10k_GCCATTCTCTCGTGGG-1,3821,other,Eryth
PBMC10k_GCCCGAAAGTGGTCAG-1,3829,CD4 T,CD4 Naive
PBMC10k_GCCCGAAGTACGAGTG-1,3830,B,B memory
PBMC10k_GCCCGAATCCGGACTG-1,3833,CD8 T,CD8 Naive
PBMC10k_GCCCGAATCCGTGTGG-1,3834,other T,MAIT
PBMC10k_GCCGATGAGCGAATGC-1,3836,Mono,CD14 Mono
PBMC10k_GCCGATGGTCGCCTAG-1,3839,CD8 T,CD8 TEM
PBMC10k_GCCGTGAAGATGGTAT-1,3843,NK,NK
PBMC10k_GCCGTGACACCCTCTA-1,3845,other T,MAIT
PBMC10k_GCCGTGAGTGCTAGCC-1,3847,CD4 T,CD4 Naive
PBMC10k_GCCGTGATCCGTTTCG-1,3849,Mono,CD14 Mono
PBMC10k_GCCTGTTAGAGGCCAT-1,3851,other T,dnT
PBMC10k_GCCTGTTCAATAAGGT-1,3852,CD4 T,Treg
PBMC10k_GCCTGTTGTTACACTG-1,3855,CD8 T,CD8 TEM
PBMC10k_GCGAGAAAGATGCCGA-1,3857,CD4 T,CD4 Naive
PBMC10k_GCGAGAAAGTGAATAC-1,3859,CD4 T,CD4 TCM
PBMC10k_GCGATCGAGAGTTGAT-1,3865,CD4 T,CD4 Naive
PBMC10k_GCGATCGAGGTAAGAG-1,3866,NK,NK
PBMC10k_GCGATCGAGTCGAAGC-1,3867,NK,NK
PBMC10k_GCGATCGCAGCCCAGT-1,3868,Mono,CD16 Mono
PBMC10k_GCGATCGGTGCGACAA-1,3871,NK,NK
PBMC10k_GCGATCGGTTATGGTC-1,3872,B,B memory
PBMC10k_GCGATCGTCAGCCTCT-1,3873,Mono,CD14 Mono
PBMC10k_GCGGAAAAGAGAAGGT-1,3874,CD4 T,Treg
PBMC10k_GCGGAAAGTCTGATAC-1,3875,Mono,CD14 Mono
PBMC10k_GCGGAAAGTTGCGGAA-1,3876,CD8 T,CD8 TEM
PBMC10k_GCGGATCAGATTCGAA-1,3877,B,B memory
PBMC10k_GCGGATCCATGCGTGC-1,3881,CD4 T,CD4 Naive
PBMC10k_GCGGATCGTGATTAGA-1,3882,CD4 T,CD4 TCM
PBMC10k_GCGGATCTCCCTGTTG-1,3883,NK,NK
PBMC10k_GCGTGCAAGCACCGTC-1,3884,NK,NK
PBMC10k_GCGTGCAGTCATCAGT-1,3886,CD8 T,CD8 Naive
PBMC10k_GCGTGCATCATACGGT-1,3887,NK,NK
PBMC10k_GCGTGCATCGCAGAGA-1,3889,NK,NK
PBMC10k_GCGTTTCAGCGTGAAC-1,3890,CD4 T,CD4 Naive
PBMC10k_GCGTTTCCACTGTGAT-1,3892,CD4 T,CD4 TEM
PBMC10k_GCGTTTCTCCGCAACG-1,3894,NK,NK
PBMC10k_GCTACAACACGGCCAT-1,3895,CD4 T,CD4 Naive
PBMC10k_GCTACAACATCATCCC-1,3896,CD4 T,CD4 TCM
PBMC10k_GCTACAACATCCGATA-1,3897,Mono,CD14 Mono
PBMC10k_GCTACAATCATTCGTT-1,3900,CD8 T,CD8 Naive
PBMC10k_GCTACCTAGAAGAGCA-1,3901,DC,pDC
PBMC10k_GCTACCTAGACAACAT-1,3902,CD4 T,CD4 TCM
PBMC10k_GCTACCTAGCTATCTG-1,3903,Mono,CD14 Mono
PBMC10k_GCTACCTCACCGTCGA-1,3905,B,B naive
PBMC10k_GCTACCTGTCATAAAG-1,3907,B,B naive
PBMC10k_GCTACCTTCCGCAAAT-1,3909,other,Eryth
PBMC10k_GCTACCTTCTCATTAC-1,3910,CD4 T,CD4 Naive
PBMC10k_GCTCAAACAGAGGCTA-1,3914,other T,MAIT
PBMC10k_GCTCAAATCGACCAAT-1,3916,Mono,CD14 Mono
PBMC10k_GCTGAATAGGAATTAC-1,3919,Mono,CD14 Mono
PBMC10k_GCTGAATAGTATAGAC-1,3920,CD4 T,CD4 CTL
PBMC10k_GCTGAATCAGCTTTCC-1,3922,CD4 T,CD4 Naive
PBMC10k_GCTGAATTCAGCTAGT-1,3924,Mono,CD14 Mono
PBMC10k_GCTGAATTCGCAATTG-1,3925,Mono,CD14 Mono
PBMC10k_GCTGGGTCACGGCGTT-1,3933,NK,NK
PBMC10k_GCTGGGTTCACTTATC-1,3934,B,B memory
PBMC10k_GCTTCACGTACGTTCA-1,3937,Mono,CD14 Mono
PBMC10k_GCTTCACGTGGGTATG-1,3938,CD8 T,CD8 TEM
PBMC10k_GCTTCACTCACATTGG-1,3941,Mono,CD14 Mono
PBMC10k_GCTTCACTCCCATTCG-1,3942,CD4 T,CD4 Naive
PBMC10k_GCTTGGGCACGATAGG-1,3948,CD4 T,Treg
PBMC10k_GCTTGGGGTACACTCA-1,3953,NK,NK
PBMC10k_GCTTGGGTCCCAGTGG-1,3954,CD4 T,Treg
PBMC10k_GCTTTCGAGGGCGAGA-1,3955,Mono,CD14 Mono
PBMC10k_GCTTTCGCATATGGCT-1,3956,Mono,CD14 Mono
PBMC10k_GCTTTCGGTCGCCTAG-1,3958,CD4 T,CD4 Naive
PBMC10k_GGAACCCAGCGTCTCG-1,3962,CD4 T,CD4 Naive
PBMC10k_GGAACCCAGTATTAGG-1,3963,CD4 T,CD4 Naive
PBMC10k_GGAACCCCATTCTGTT-1,3965,CD4 T,CD4 Naive
PBMC10k_GGAACCCGTGGCCTCA-1,3967,Mono,CD14 Mono
PBMC10k_GGAACCCTCCGGTTCT-1,3968,CD4 T,CD4 Naive
PBMC10k_GGAACCCTCTAACGCA-1,3970,CD8 T,CD8 TEM
PBMC10k_GGAAGTGAGCGCCGTT-1,3971,CD4 T,Treg
PBMC10k_GGAAGTGAGGATTCAA-1,3972,CD4 T,Treg
PBMC10k_GGAAGTGAGTACTGGG-1,3973,B,B intermediate
PBMC10k_GGAAGTGGTACGTACT-1,3974,CD8 T,CD8 TEM
PBMC10k_GGAAGTGGTGATACAA-1,3975,B,B naive
PBMC10k_GGAAGTGGTTAACAGA-1,3976,B,B naive
PBMC10k_GGAATCTAGCCGATCC-1,3977,CD4 T,CD4 Naive
PBMC10k_GGAATCTAGCGAGGAG-1,3979,B,B naive
PBMC10k_GGAATCTCATACAGCT-1,3980,CD8 T,CD8 Naive
PBMC10k_GGAATGGAGGCTGAAC-1,3981,CD4 T,CD4 TCM
PBMC10k_GGAATGGCAGTAGAAT-1,3982,CD4 T,CD4 TEM
PBMC10k_GGAATGGCATCGATGT-1,3983,CD4 T,CD4 Naive
PBMC10k_GGAATGGGTTCTCTAT-1,3985,Mono,CD14 Mono
PBMC10k_GGAATGGTCATGAGGG-1,3986,CD4 T,CD4 TCM
PBMC10k_GGACGTCAGAGCCGAT-1,3987,NK,NK
PBMC10k_GGACGTCAGCCTAGGA-1,3989,CD4 T,CD4 TCM
PBMC10k_GGACGTCAGCGAAACC-1,3990,CD8 T,CD8 TEM
PBMC10k_GGAGAACGTCTCACAA-1,3995,Mono,CD14 Mono
PBMC10k_GGAGAACTCGCCTTTG-1,3996,NK,NK
PBMC10k_GGAGATGAGAGAAGGT-1,3997,Mono,CD14 Mono
PBMC10k_GGAGATGAGTTGGCGA-1,3999,NK,NK
PBMC10k_GGAGATGGTATCGAGG-1,4000,Mono,CD14 Mono
PBMC10k_GGAGATGGTGAGCTCC-1,4002,B,B naive
PBMC10k_GGAGATGTCGGACGTC-1,4004,CD4 T,CD4 TEM
PBMC10k_GGAGCAAAGCGAAACC-1,4005,CD4 T,CD4 TCM
PBMC10k_GGAGCAAGTTTACGAC-1,4007,Mono,CD14 Mono
PBMC10k_GGAGCAATCACAAGAA-1,4008,CD4 T,CD4 TCM
PBMC10k_GGAGGATGTAGACACG-1,4013,Mono,CD14 Mono
PBMC10k_GGAGGATGTGGTCTGC-1,4015,CD4 T,CD4 TCM
PBMC10k_GGAGGATTCACCATCC-1,4016,CD8 T,CD8 TEM
PBMC10k_GGAGGATTCATGGTAC-1,4017,CD4 T,CD4 Naive
PBMC10k_GGAGGATTCGCTCATC-1,4019,CD4 T,CD4 TCM
PBMC10k_GGAGGTACACAACGTT-1,4021,other,Eryth
PBMC10k_GGAGGTACAGTCTCTC-1,4023,B,B naive
PBMC10k_GGAGGTAGTACGTAGG-1,4026,CD4 T,CD4 Naive
PBMC10k_GGAGGTAGTATTGACC-1,4027,Mono,CD14 Mono
PBMC10k_GGATCTACAGTAGTTC-1,4031,CD4 T,CD4 Naive
PBMC10k_GGATCTAGTAGGTCAG-1,4033,other,HSPC
PBMC10k_GGATCTATCCATAGAC-1,4035,other T,MAIT
PBMC10k_GGATGTTAGAGCATAT-1,4036,Mono,CD14 Mono
PBMC10k_GGATGTTAGGACGCTA-1,4037,CD4 T,CD4 Naive
PBMC10k_GGATGTTAGTCATGGG-1,4038,Mono,CD14 Mono
PBMC10k_GGATGTTAGTGACACG-1,4039,CD4 T,CD4 TCM
PBMC10k_GGATGTTCACCAGGTC-1,4041,Mono,CD16 Mono
PBMC10k_GGATGTTCAGCAGTAG-1,4044,CD4 T,CD4 Naive
PBMC10k_GGATGTTGTCCAACGC-1,4045,CD4 T,CD4 TCM
PBMC10k_GGATGTTTCACGATCA-1,4047,Mono,CD14 Mono
PBMC10k_GGATGTTTCGGAGTAG-1,4048,CD4 T,CD4 Naive
PBMC10k_GGATGTTTCGGTTGTA-1,4049,NK,NK
PBMC10k_GGCACGTGTCCTTAAG-1,4052,Mono,CD14 Mono
PBMC10k_GGCACGTGTGAATTAG-1,4053,CD4 T,CD4 Naive
PBMC10k_GGCGTCACAGCGTGAA-1,4058,CD4 T,CD4 Naive
PBMC10k_GGCGTCAGTAACATCC-1,4060,CD4 T,CD4 Naive
PBMC10k_GGCGTCAGTGAATAAC-1,4061,CD4 T,CD4 Naive
PBMC10k_GGCTGTGCACTGAGGA-1,4063,CD4 T,CD4 Naive
PBMC10k_GGCTGTGCAGCTTTCC-1,4064,Mono,CD14 Mono
PBMC10k_GGCTGTGGTGCTTCAA-1,4065,other T,MAIT
PBMC10k_GGCTGTGTCAAGATAG-1,4066,Mono,CD14 Mono
PBMC10k_GGCTTGGCATTGACTG-1,4069,B,B naive
PBMC10k_GGCTTGGGTAGACGTG-1,4070,NK,NK
PBMC10k_GGCTTGGGTATTGAGA-1,4071,CD4 T,CD4 TCM
PBMC10k_GGCTTGGGTCTAGGCC-1,4072,other,ILC
PBMC10k_GGCTTGGGTTGCTCCT-1,4074,B,B naive
PBMC10k_GGCTTTCAGGTTTACC-1,4075,Mono,CD14 Mono
PBMC10k_GGCTTTCCAATTCTCT-1,4076,other T,MAIT
PBMC10k_GGCTTTCGTACGTAGG-1,4080,CD8 T,CD8 TEM
PBMC10k_GGCTTTCGTAGGAAAG-1,4081,CD4 T,CD4 Naive
PBMC10k_GGGAAGTAGATGTAGT-1,4083,Mono,CD14 Mono
PBMC10k_GGGAAGTCAGACAAGC-1,4084,Mono,CD14 Mono
PBMC10k_GGGAAGTCAGGCGATA-1,4085,Mono,CD16 Mono
PBMC10k_GGGAAGTGTCCTGAAT-1,4086,CD4 T,CD4 TCM
PBMC10k_GGGAAGTGTGGTTTGT-1,4087,other T,dnT
PBMC10k_GGGAAGTTCCTCTGCA-1,4088,other T,dnT
PBMC10k_GGGACAAAGGTGGTTG-1,4091,CD4 T,CD4 Naive
PBMC10k_GGGACAACAAAGGCAC-1,4092,CD4 T,CD4 TCM
PBMC10k_GGGACAACACACTTAG-1,4093,other,ILC
PBMC10k_GGGACAAGTACTGCCG-1,4094,Mono,CD14 Mono
PBMC10k_GGGACAATCGGTGTAT-1,4098,Mono,CD14 Mono
PBMC10k_GGGACAATCGTGGAAG-1,4099,B,B memory
PBMC10k_GGGACCTAGCGTCAAG-1,4100,B,B memory
PBMC10k_GGGACTCCAGCTTCGG-1,4105,Mono,CD14 Mono
PBMC10k_GGGACTCCAGGGAGAG-1,4106,DC,cDC2
PBMC10k_GGGAGATCAAACTCGT-1,4110,CD4 T,CD4 Naive
PBMC10k_GGGAGATGTCGTGGTC-1,4111,CD4 T,CD4 Naive
PBMC10k_GGGAGTACACACCGAC-1,4114,CD4 T,CD4 TCM
PBMC10k_GGGAGTACACACGTGC-1,4115,CD4 T,CD4 TCM
PBMC10k_GGGAGTACACCAGACC-1,4116,CD4 T,CD4 Naive
PBMC10k_GGGAGTACACTTCAGA-1,4117,CD4 T,CD4 TCM
PBMC10k_GGGAGTACATCGTCCT-1,4118,Mono,CD14 Mono
PBMC10k_GGGAGTAGTGCATGAG-1,4119,CD4 T,Treg
PBMC10k_GGGAGTATCAAGGTGG-1,4120,NK,NK_CD56bright
PBMC10k_GGGAGTATCACCATCC-1,4121,Mono,CD14 Mono
PBMC10k_GGGAGTATCATTACCT-1,4122,CD4 T,CD4 TEM
PBMC10k_GGGAGTATCGAAACAA-1,4124,CD4 T,CD4 Naive
PBMC10k_GGGAGTATCGACATCA-1,4125,CD4 T,CD4 TCM
PBMC10k_GGGATCCAGAAAGTCT-1,4127,NK,NK
PBMC10k_GGGATCCCACGTAACT-1,4130,Mono,CD14 Mono
PBMC10k_GGGATCCGTATCCTCC-1,4131,Mono,CD14 Mono
PBMC10k_GGGATCCTCGAAGCCC-1,4133,CD4 T,CD4 TCM
PBMC10k_GGGATCCTCTGTCGCT-1,4134,CD4 T,Treg
PBMC10k_GGGATGAAGAGCGACT-1,4135,other,Eryth
PBMC10k_GGGATGACACATTGTG-1,4136,other T,MAIT
PBMC10k_GGGATGACAGAACTCT-1,4137,other T,MAIT
PBMC10k_GGGATGACAGGATTCT-1,4139,CD8 T,CD8 Naive
PBMC10k_GGGCCATAGATCGCTT-1,4142,B,B naive
PBMC10k_GGGCCATGTTGCACGC-1,4144,NK,NK
PBMC10k_GGGCGTTGTCGGCCTA-1,4146,CD8 T,CD8 Naive
PBMC10k_GGGCTACGTAGACTGG-1,4150,CD4 T,CD4 TEM
PBMC10k_GGGCTACGTCAAAGAT-1,4151,CD8 T,CD8 TEM
PBMC10k_GGGCTACGTCCTACAA-1,4152,CD4 T,CD4 Naive
PBMC10k_GGGCTACGTTTGGGTT-1,4154,CD8 T,CD8 Naive
PBMC10k_GGGCTACTCCGCACGA-1,4155,CD8 T,CD8 Naive
PBMC10k_GGGCTCAAGTGTTCAC-1,4158,CD4 T,Treg
PBMC10k_GGGCTCATCCAACTGA-1,4161,B,B naive
PBMC10k_GGGCTCATCCCGAAAT-1,4163,B,B naive
PBMC10k_GGGTAGACACTCCTTG-1,4165,CD4 T,CD4 TCM
PBMC10k_GGGTAGACACTCTAGA-1,4166,CD4 T,CD4 TCM
PBMC10k_GGGTAGAGTTCGAGCC-1,4168,Mono,CD14 Mono
PBMC10k_GGGTAGATCATCACCC-1,4169,Mono,CD14 Mono
PBMC10k_GGGTAGATCATTTGCT-1,4170,CD4 T,CD4 TEM
PBMC10k_GGGTAGATCCTAAACG-1,4172,other T,dnT
PBMC10k_GGGTATTCAAAGACGC-1,4174,B,B naive
PBMC10k_GGGTATTCAACAGTGG-1,4175,CD4 T,Treg
PBMC10k_GGGTATTCATATGCGT-1,4176,other,ILC
PBMC10k_GGGTATTTCTCTTAAC-1,4177,B,B naive
PBMC10k_GGGTCACCACCATTCC-1,4178,other T,dnT
PBMC10k_GGGTCACGTCCACTCT-1,4180,CD4 T,CD4 TCM
PBMC10k_GGGTCACTCTGGCCGA-1,4181,CD4 T,CD4 Naive
PBMC10k_GGGTCTGCAAGGTACG-1,4184,NK,NK
PBMC10k_GGGTCTGGTGGCTTGC-1,4186,Mono,CD14 Mono
PBMC10k_GGGTCTGGTGTTAGCT-1,4187,CD4 T,CD4 Naive
PBMC10k_GGGTGAACATCGTCCT-1,4188,Mono,CD14 Mono
PBMC10k_GGGTGTCAGATTGAGT-1,4193,B,B naive
PBMC10k_GGGTGTCAGGCTATCT-1,4194,Mono,CD14 Mono
PBMC10k_GGGTGTCAGTCAACAA-1,4195,CD4 T,Treg
PBMC10k_GGGTGTCCAAGAGTTA-1,4196,Mono,CD14 Mono
PBMC10k_GGGTGTCTCCAAACCA-1,4197,NK,NK
PBMC10k_GGGTTATAGAATTCAG-1,4199,CD4 T,CD4 Naive
PBMC10k_GGGTTATAGGATTCCT-1,4200,CD4 T,CD4 Naive
PBMC10k_GGGTTATAGGTTGAGC-1,4201,Mono,CD14 Mono
PBMC10k_GGGTTATGTCTCCTGT-1,4203,CD4 T,CD4 Naive
PBMC10k_GGGTTATGTGCTCCGA-1,4204,other T,MAIT
PBMC10k_GGGTTATGTTAGAAAC-1,4205,CD4 T,CD4 Naive
PBMC10k_GGGTTATTCACGAACT-1,4207,CD4 T,Treg
PBMC10k_GGGTTATTCCGAGTGC-1,4208,Mono,CD14 Mono
PBMC10k_GGGTTATTCTTGAGCA-1,4210,CD8 T,CD8 TEM
PBMC10k_GGGTTTAAGTCGAATA-1,4212,CD4 T,CD4 TCM
PBMC10k_GGGTTTAGTCACCGAC-1,4216,CD4 T,CD4 Naive
PBMC10k_GGGTTTAGTCTAGGCC-1,4217,Mono,CD14 Mono
PBMC10k_GGGTTTATCCACTAGA-1,4219,Mono,CD14 Mono
PBMC10k_GGTAACTAGTTTCGGT-1,4222,NK,NK
PBMC10k_GGTAACTGTCGAATTC-1,4224,CD8 T,CD8 Naive
PBMC10k_GGTAACTTCTGAGGTT-1,4227,other T,MAIT
PBMC10k_GGTAATCAGGCAGGGA-1,4228,CD4 T,CD4 Naive
PBMC10k_GGTAATCGTACTCGAT-1,4231,B,B naive
PBMC10k_GGTAGAGAGAGTCAGC-1,4232,CD4 T,Treg
PBMC10k_GGTAGAGAGATAGTGT-1,4233,NK,NK Proliferating
PBMC10k_GGTAGAGAGATTAGTG-1,4234,CD8 T,CD8 Naive
PBMC10k_GGTAGAGAGTAAGCAT-1,4235,other T,MAIT
PBMC10k_GGTAGAGCACTATGTG-1,4236,other T,MAIT
PBMC10k_GGTAGAGGTTTGCAGT-1,4238,CD4 T,CD4 TCM
PBMC10k_GGTAGAGTCAGAACCT-1,4239,CD8 T,CD8 TEM
PBMC10k_GGTAGAGTCCATTGTT-1,4240,B,B naive
PBMC10k_GGTAGAGTCTAGCCTC-1,4241,CD4 T,CD4 Naive
PBMC10k_GGTCACGAGCATCTTG-1,4242,CD4 T,CD4 Naive
PBMC10k_GGTCACGCAAGTCCCG-1,4245,CD4 T,CD4 Naive
PBMC10k_GGTCACGCAGGGTTGA-1,4248,Mono,CD14 Mono
PBMC10k_GGTCACGGTCGCATGC-1,4249,CD4 T,Treg
PBMC10k_GGTCACGTCACCACAA-1,4250,Mono,CD14 Mono
PBMC10k_GGTCTGGAGAGTTGTA-1,4251,Mono,CD16 Mono
PBMC10k_GGTCTGGGTATCGTGT-1,4253,CD4 T,CD4 Naive
PBMC10k_GGTCTGGGTGTCCCTT-1,4254,other T,MAIT
PBMC10k_GGTGAAGAGTAAAGCT-1,4256,NK,NK
PBMC10k_GGTGAAGGTCCAACGC-1,4258,Mono,CD14 Mono
PBMC10k_GGTGATTAGCAAGCCA-1,4260,CD8 T,CD8 Naive
PBMC10k_GGTGATTCATGGGCAA-1,4264,CD4 T,CD4 TCM
PBMC10k_GGTGATTGTGTCCAAT-1,4266,CD4 T,CD4 Naive
PBMC10k_GGTGATTGTTACCGTA-1,4267,Mono,CD14 Mono
PBMC10k_GGTGATTTCCAGCTCT-1,4268,Mono,CD14 Mono
PBMC10k_GGTGGCTAGACCAACG-1,4270,CD4 T,Treg
PBMC10k_GGTGGCTAGAGTCGAC-1,4271,CD8 T,CD8 TEM
PBMC10k_GGTGGCTAGATTGAGT-1,4272,CD4 T,CD4 Naive
PBMC10k_GGTGGCTCACCCTAGG-1,4274,DC,cDC2
PBMC10k_GGTGGCTCAGCTCATA-1,4277,NK,NK
PBMC10k_GGTGTCGGTATGCAAA-1,4282,other T,MAIT
PBMC10k_GGTGTCGGTCAATGGG-1,4283,NK,NK
PBMC10k_GGTGTCGTCAAGGACG-1,4284,CD4 T,CD4 TEM
PBMC10k_GGTGTCGTCCGACAGC-1,4285,Mono,CD16 Mono
PBMC10k_GGTGTTAAGATGCCGA-1,4286,NK,NK
PBMC10k_GGTGTTAAGCCAAGCA-1,4287,other,ILC
PBMC10k_GGTGTTACAAACTCTG-1,4288,Mono,CD14 Mono
PBMC10k_GGTTAACAGACTTCCA-1,4292,other,ILC
PBMC10k_GGTTAACAGCCACCGT-1,4293,B,B memory
PBMC10k_GGTTAACCAGCCGTCA-1,4295,CD8 T,CD8 TEM
PBMC10k_GGTTAACCATAATGCC-1,4296,CD4 T,CD4 Naive
PBMC10k_GGTTAACGTGGAATGC-1,4297,CD4 T,CD4 TCM
PBMC10k_GGTTAACGTGTCCATA-1,4298,Mono,CD14 Mono
PBMC10k_GGTTCTCAGAATACAC-1,4301,NK,NK
PBMC10k_GGTTCTCAGGTAGGCT-1,4302,NK,NK
PBMC10k_GGTTCTCCACAAGCAG-1,4303,NK,NK
PBMC10k_GGTTCTCGTTGCATCA-1,4307,CD4 T,CD4 Naive
PBMC10k_GGTTCTCTCGTCGACG-1,4309,other,ILC
PBMC10k_GGTTCTCTCTAGTCAG-1,4310,CD4 T,Treg
PBMC10k_GGTTGTAAGAAGCGGG-1,4311,DC,pDC
PBMC10k_GGTTGTACAGGTGTGA-1,4312,other,Eryth
PBMC10k_GGTTGTATCATTGGTG-1,4315,CD4 T,CD4 TCM
PBMC10k_GGTTGTATCGTGGGTC-1,4317,CD4 T,CD4 TCM
PBMC10k_GTAACACAGGTGCTTT-1,4319,CD4 T,CD4 Naive
PBMC10k_GTAACACCATGCACTA-1,4322,CD8 T,CD8 Naive
PBMC10k_GTAACCAAGCCTCACG-1,4324,Mono,CD14 Mono
PBMC10k_GTAACCACACGCTGTG-1,4326,B,B naive
PBMC10k_GTAACCACATGACTTG-1,4327,B,B memory
PBMC10k_GTAACCATCGTCGACG-1,4331,Mono,CD14 Mono
PBMC10k_GTAAGTCCAACCCGCA-1,4333,CD8 T,CD8 TEM
PBMC10k_GTAAGTCGTCGTCTCT-1,4335,other,Eryth
PBMC10k_GTAAGTCTCCGCTTAC-1,4336,CD8 T,CD8 TEM
PBMC10k_GTAATCGAGCCAGTAG-1,4338,DC,cDC2
PBMC10k_GTAATCGAGGTCGTGA-1,4340,CD8 T,CD8 Naive
PBMC10k_GTAATCGCACGGTGAA-1,4341,other T,MAIT
PBMC10k_GTAATCGCATGACACT-1,4342,CD4 T,CD4 TCM
PBMC10k_GTAATGCAGGACGCTA-1,4344,CD4 T,CD4 TEM
PBMC10k_GTAATGCCACGGTCTG-1,4347,Mono,CD14 Mono
PBMC10k_GTAATGCCATAGGAGC-1,4348,CD8 T,CD8 TEM
PBMC10k_GTAATGCGTAGGAGGG-1,4350,CD4 T,CD4 Naive
PBMC10k_GTAATGCGTCAACCTA-1,4351,CD4 T,CD4 Naive
PBMC10k_GTAATGCGTCCATAGT-1,4352,CD4 T,CD4 TCM
PBMC10k_GTAATGCGTTTGAACC-1,4353,CD8 T,CD8 Naive
PBMC10k_GTACAACAGCACTGGA-1,4354,Mono,CD14 Mono
PBMC10k_GTACAACAGGTGCTGA-1,4355,Mono,CD14 Mono
PBMC10k_GTACAACAGTAACAGT-1,4356,Mono,CD14 Mono
PBMC10k_GTACAACCACTATCGA-1,4357,Mono,CD14 Mono
PBMC10k_GTACAACCAGCCGTTG-1,4358,CD4 T,Treg
PBMC10k_GTACAACGTGTCTTAG-1,4359,other T,gdT
PBMC10k_GTACAGTCATTGCCTC-1,4361,NK,NK
PBMC10k_GTACAGTTCCTTTAGT-1,4363,CD8 T,CD8 TEM
PBMC10k_GTACAGTTCTCTAGGA-1,4364,NK,NK
PBMC10k_GTAGAAACACGTCATA-1,4365,CD4 T,CD4 TCM
PBMC10k_GTAGAAACATGATAGA-1,4367,Mono,CD14 Mono
PBMC10k_GTAGAAAGTAGGTCAG-1,4368,NK,NK
PBMC10k_GTAGAAATCGGCTGGT-1,4370,NK,NK
PBMC10k_GTAGAAATCGTTCTAT-1,4371,other T,MAIT
PBMC10k_GTAGAGGAGAGTAACT-1,4372,CD4 T,CD4 Naive
PBMC10k_GTAGAGGAGTCATTGC-1,4373,other T,MAIT
PBMC10k_GTAGAGGCACATTGTG-1,4374,B,B naive
PBMC10k_GTAGAGGGTACTCCGG-1,4375,other T,MAIT
PBMC10k_GTAGAGGGTGGTGATG-1,4378,CD4 T,CD4 TEM
PBMC10k_GTAGAGGGTGGTTTGT-1,4379,B,B naive
PBMC10k_GTAGAGGGTTAGTCGT-1,4380,NK,NK
PBMC10k_GTAGAGGGTTCAACGT-1,4381,CD8 T,CD8 TCM
PBMC10k_GTAGAGGTCGGAATTC-1,4382,CD4 T,Treg
PBMC10k_GTAGATCAGCTCATAC-1,4383,Mono,CD14 Mono
PBMC10k_GTAGATCAGGAACATT-1,4384,Mono,CD14 Mono
PBMC10k_GTAGATCAGGCTCAAG-1,4385,DC,cDC2
PBMC10k_GTAGATCCACAGTCAT-1,4387,CD4 T,CD4 TCM
PBMC10k_GTAGATCCAGAACTAA-1,4389,other,Eryth
PBMC10k_GTAGATCGTCTGCAAT-1,4390,other T,gdT
PBMC10k_GTAGATCGTTCCACGG-1,4391,CD4 T,Treg
PBMC10k_GTAGATCTCCAAGGGA-1,4394,Mono,CD14 Mono
PBMC10k_GTAGATCTCCGTGGCA-1,4395,Mono,CD14 Mono
PBMC10k_GTAGCTACAGGCTCTG-1,4401,CD8 T,CD8 Naive
PBMC10k_GTAGCTAGTCCCGTGA-1,4403,Mono,CD14 Mono
PBMC10k_GTAGCTATCCTGTTGC-1,4405,DC,cDC2
PBMC10k_GTAGGAGAGAAGTCTA-1,4406,Mono,CD14 Mono
PBMC10k_GTAGGAGAGCAAGTGC-1,4407,Mono,CD14 Mono
PBMC10k_GTAGGAGCAATCTCGA-1,4408,NK,NK
PBMC10k_GTAGGAGCACGAAGAC-1,4409,CD4 T,CD4 TCM
PBMC10k_GTAGGAGGTATTAAGG-1,4412,CD4 T,CD4 TCM
PBMC10k_GTAGGAGGTATTGGCT-1,4413,other T,MAIT
PBMC10k_GTAGGAGTCCCAAGTA-1,4414,CD4 T,Treg
PBMC10k_GTAGGAGTCCTTATGT-1,4415,CD4 T,CD4 Naive
PBMC10k_GTAGGTTAGCCTAACT-1,4416,NK,NK
PBMC10k_GTAGGTTTCAGCCTCT-1,4418,Mono,CD14 Mono
PBMC10k_GTAGGTTTCCACACCT-1,4419,CD4 T,CD4 Naive
PBMC10k_GTAGTACAGCATTTCG-1,4420,Mono,CD14 Mono
PBMC10k_GTAGTACAGCGAGGAG-1,4421,CD4 T,CD4 TCM
PBMC10k_GTAGTACAGCTTTCCC-1,4422,other T,gdT
PBMC10k_GTAGTACCACTTACAG-1,4423,CD4 T,CD4 Naive
PBMC10k_GTAGTACGTCACGTGC-1,4424,CD4 T,CD4 TEM
PBMC10k_GTAGTACTCGCCATAA-1,4425,Mono,CD14 Mono
PBMC10k_GTATTGGGTTTGGGAG-1,4430,Mono,CD14 Mono
PBMC10k_GTATTGGTCTGGACCG-1,4431,other T,MAIT
PBMC10k_GTATTTCCACTGTTCC-1,4433,Mono,CD16 Mono
PBMC10k_GTATTTCGTCGAAACG-1,4438,NK,NK
PBMC10k_GTATTTCGTGATGTAA-1,4439,CD4 T,Treg
PBMC10k_GTATTTCTCGCACGAC-1,4440,NK,NK
PBMC10k_GTATTTCTCTCAACCC-1,4441,other T,MAIT
PBMC10k_GTCAAACAGGTCGTGA-1,4443,Mono,CD14 Mono
PBMC10k_GTCAAACGTGACGTCC-1,4445,CD4 T,CD4 Naive
PBMC10k_GTCAAACTCGAGAAGC-1,4447,CD4 T,CD4 Naive
PBMC10k_GTCAAGTAGATCGCTT-1,4448,CD4 T,CD4 TCM
PBMC10k_GTCAAGTAGTCCGCGT-1,4449,CD4 T,CD4 CTL
PBMC10k_GTCAAGTAGTGCCCGT-1,4450,other T,MAIT
PBMC10k_GTCAAGTCACAATGCT-1,4452,NK,NK
PBMC10k_GTCAAGTCACTTACAG-1,4454,NK,NK
PBMC10k_GTCAAGTTCCACTTCG-1,4458,Mono,CD14 Mono
PBMC10k_GTCAAGTTCCCAGTGG-1,4459,CD8 T,CD8 Naive
PBMC10k_GTCAAGTTCTCCCAAC-1,4461,NK,NK
PBMC10k_GTCAAGTTCTGAGCAT-1,4462,CD8 T,CD8 Proliferating
PBMC10k_GTCACGGAGGCTGTAG-1,4464,CD8 T,CD8 Naive
PBMC10k_GTCACGGCAACCAACT-1,4466,CD4 T,CD4 TCM
PBMC10k_GTCACGGCAGGTATGG-1,4467,CD4 T,CD4 Naive
PBMC10k_GTCACGGCAGTGGTGA-1,4468,CD4 T,CD4 TEM
PBMC10k_GTCACGGCATGACTCA-1,4469,NK,NK
PBMC10k_GTCACGGGTCACTTAG-1,4470,Mono,CD14 Mono
PBMC10k_GTCACGGTCTGAGGCC-1,4472,CD8 T,CD8 Proliferating
PBMC10k_GTCACTCCAATTTCTC-1,4474,Mono,CD14 Mono
PBMC10k_GTCACTCGTCTCAGGC-1,4475,CD4 T,Treg
PBMC10k_GTCACTCTCAAGAAAC-1,4476,CD4 T,CD4 Naive
PBMC10k_GTCACTCTCGACATCA-1,4477,NK,NK
PBMC10k_GTCACTCTCTTACGTT-1,4479,CD4 T,CD4 TCM
PBMC10k_GTCAGCGAGTACTGTC-1,4483,CD4 T,CD4 TCM
PBMC10k_GTCAGCGAGTTGGACG-1,4484,CD4 T,CD4 Naive
PBMC10k_GTCAGCGCACATGACT-1,4485,CD4 T,CD4 TEM
PBMC10k_GTCAGCGTCTGAGTCA-1,4488,CD4 T,CD4 Naive
PBMC10k_GTCATCCAGCATCAAA-1,4490,Mono,CD14 Mono
PBMC10k_GTCATCCAGGTAAACT-1,4491,B,B naive
PBMC10k_GTCATCCCACGCTGAC-1,4494,CD4 T,CD4 TCM
PBMC10k_GTCATCCGTGTTGAGG-1,4496,Mono,CD14 Mono
PBMC10k_GTCATCCTCAAAGCCT-1,4498,NK,NK
PBMC10k_GTCATCCTCCGCTAGG-1,4499,CD4 T,CD4 Naive
PBMC10k_GTCATGAAGATCCCAT-1,4500,NK,NK
PBMC10k_GTCATGAAGCCAGTAG-1,4501,B,B naive
PBMC10k_GTCATGAAGTATTGCC-1,4503,NK,NK
PBMC10k_GTCATGAAGTGCTCAT-1,4504,CD4 T,CD4 Naive
PBMC10k_GTCATGACATAAGATG-1,4506,Mono,CD14 Mono
PBMC10k_GTCATGATCGTGTGAT-1,4507,CD8 T,CD8 TEM
PBMC10k_GTCATTTAGCGCCATC-1,4508,CD4 T,CD4 TEM
PBMC10k_GTCATTTAGCGTGAGT-1,4509,CD4 T,CD4 TCM
PBMC10k_GTCATTTCATGAATCC-1,4511,CD4 T,CD4 TCM
PBMC10k_GTCATTTGTAATGCTC-1,4512,CD4 T,Treg
PBMC10k_GTCATTTGTGCGTGCT-1,4513,CD4 T,CD4 Naive
PBMC10k_GTCATTTTCGCTTACC-1,4515,DC,cDC2
PBMC10k_GTCCACTAGGGACCAT-1,4516,other T,MAIT
PBMC10k_GTCCACTCAATTGAGA-1,4520,CD8 T,CD8 TCM
PBMC10k_GTCCACTCATAATGCC-1,4522,CD4 T,CD4 TCM
PBMC10k_GTCCACTGTAAGAACT-1,4523,B,B intermediate
PBMC10k_GTCCACTGTATGGTTC-1,4524,CD8 T,CD8 TEM
PBMC10k_GTCCCATAGCTAAGTA-1,4529,CD8 T,CD8 Naive
PBMC10k_GTCCCATCACCAGCTG-1,4531,Mono,CD14 Mono
PBMC10k_GTCCCATCACGGCGTT-1,4532,CD8 T,CD8 TEM
PBMC10k_GTCCCATGTTCGGTCG-1,4533,NK,NK
PBMC10k_GTCCCATTCAAGCCCG-1,4534,other T,MAIT
PBMC10k_GTCCCATTCCCTCGAT-1,4535,CD8 T,CD8 Naive
PBMC10k_GTCCCATTCGTCGGGT-1,4536,other T,MAIT
PBMC10k_GTCCTCACAAGGACAC-1,4539,Mono,CD14 Mono
PBMC10k_GTCCTCAGTGCATTAC-1,4543,NK,NK
PBMC10k_GTCCTCATCTTGATTC-1,4546,Mono,CD14 Mono
PBMC10k_GTCGAATCATGACTAC-1,4550,Mono,CD14 Mono
PBMC10k_GTCGAATGTATCCTTT-1,4552,CD8 T,CD8 Proliferating
PBMC10k_GTCGAATGTGCAGGAT-1,4553,CD4 T,Treg
PBMC10k_GTCGAATGTTAGGGAC-1,4554,NK,NK
PBMC10k_GTCGCGAAGACGGAAA-1,4556,CD4 T,CD4 Naive
PBMC10k_GTCGCGACACAGCCAC-1,4559,DC,cDC2
PBMC10k_GTCGCGACATATACCG-1,4560,CD4 T,CD4 Naive
PBMC10k_GTCGCGAGTAAGCTCT-1,4561,NK,NK
PBMC10k_GTCGCGAGTTGTGCAT-1,4562,other T,MAIT
PBMC10k_GTCGCGATCGCCATAA-1,4563,B,B naive
PBMC10k_GTCGTAAAGAGGCGTT-1,4565,NK,NK
PBMC10k_GTCGTAAAGGTCCCTG-1,4567,other T,dnT
PBMC10k_GTCGTAAAGTCACGCC-1,4568,NK,NK
PBMC10k_GTCGTAACAACCTATG-1,4569,Mono,CD14 Mono
PBMC10k_GTCGTAACAGGTCCGT-1,4570,other,Eryth
PBMC10k_GTCGTAAGTCTTCTAT-1,4573,B,B intermediate
PBMC10k_GTCGTAATCGTTGCCT-1,4575,other T,dnT
PBMC10k_GTCGTAATCTGTGTGA-1,4576,CD4 T,CD4 Naive
PBMC10k_GTCGTTCCAGTCGGAA-1,4578,Mono,CD14 Mono
PBMC10k_GTCGTTCGTCATATGC-1,4579,CD8 T,CD8 Naive
PBMC10k_GTCGTTCGTTCTCGCT-1,4583,B,B naive
PBMC10k_GTCGTTCGTTTCACTT-1,4584,CD8 T,CD8 TEM
PBMC10k_GTCTACCCAGCCATTA-1,4587,other T,MAIT
PBMC10k_GTCTACCCATCGGAGA-1,4588,other T,MAIT
PBMC10k_GTCTACCTCACGACTA-1,4590,CD8 T,CD8 TEM
PBMC10k_GTCTAGACAAATGGTA-1,4592,CD4 T,CD4 Naive
PBMC10k_GTCTAGACAATCCAGT-1,4593,CD4 T,CD4 TCM
PBMC10k_GTCTAGACACATCATG-1,4594,B,B memory
PBMC10k_GTCTAGAGTACCCAGC-1,4595,CD8 T,CD8 TEM
PBMC10k_GTCTAGAGTCACTCAA-1,4596,Mono,CD14 Mono
PBMC10k_GTCTCACAGAGCTTTC-1,4597,CD4 T,CD4 Proliferating
PBMC10k_GTCTCACAGCTCACTA-1,4598,CD8 T,CD8 Naive
PBMC10k_GTCTCACCATTGTGCA-1,4599,CD4 T,CD4 TEM
PBMC10k_GTCTCACGTCAAATCC-1,4601,B,B naive
PBMC10k_GTCTCACGTTCCACAA-1,4602,CD4 T,CD4 TCM
PBMC10k_GTCTCACTCGAGAGCA-1,4603,CD4 T,CD4 Naive
PBMC10k_GTCTGTCAGCGCCTAC-1,4605,CD8 T,CD8 Naive
PBMC10k_GTCTGTCAGTCCCTAA-1,4606,DC,cDC2
PBMC10k_GTCTGTCAGTTGGAGC-1,4607,CD8 T,CD8 TEM
PBMC10k_GTCTGTCCAAGTGATA-1,4608,CD4 T,CD4 Naive
PBMC10k_GTCTTTAAGCAATAGT-1,4611,CD8 T,CD8 TCM
PBMC10k_GTCTTTACAGCGTGCT-1,4613,CD8 T,CD8 TEM
PBMC10k_GTCTTTAGTCCGTTTC-1,4617,Mono,CD14 Mono
PBMC10k_GTCTTTAGTCGGCACT-1,4618,CD4 T,Treg
PBMC10k_GTGACGCTCAGCTAGT-1,4623,CD4 T,CD4 TCM
PBMC10k_GTGACGCTCCATTGTT-1,4624,NK,NK
PBMC10k_GTGAGCCAGGGCCTCT-1,4627,CD4 T,CD4 TEM
PBMC10k_GTGAGCCTCACCACAA-1,4629,Mono,CD14 Mono
PBMC10k_GTGAGCCTCTCACTCG-1,4630,CD4 T,CD4 TCM
PBMC10k_GTGAGGAGTGTTGACT-1,4634,Mono,CD14 Mono
PBMC10k_GTGAGGAGTTACCTGA-1,4635,DC,pDC
PBMC10k_GTGAGGAGTTCTCGTC-1,4636,CD4 T,CD4 TCM
PBMC10k_GTGAGTTTCGTTACCC-1,4646,NK,NK
PBMC10k_GTGATGTAGATTCGCT-1,4648,CD4 T,CD4 TEM
PBMC10k_GTGATGTCAATTCTCT-1,4652,NK,NK
PBMC10k_GTGCAGCAGCGACAGT-1,4660,CD4 T,CD4 Naive
PBMC10k_GTGCAGCCAATGCAAA-1,4661,NK,NK
PBMC10k_GTGCAGCCACGAGGTA-1,4662,other T,dnT
PBMC10k_GTGCAGCCAGCGCTTG-1,4663,B,B naive
PBMC10k_GTGCAGCCATTCGGGC-1,4664,CD4 T,CD4 Naive
PBMC10k_GTGCAGCGTAGTACGG-1,4665,CD4 T,CD4 TCM
PBMC10k_GTGCAGCTCTCAGGCG-1,4666,NK,NK
PBMC10k_GTGCGTGAGACATATG-1,4668,CD8 T,CD8 TEM
PBMC10k_GTGCGTGCAAGGGTCA-1,4671,CD8 T,CD8 Naive
PBMC10k_GTGCGTGCAGACAAGC-1,4672,Mono,CD14 Mono
PBMC10k_GTGCGTGGTGTCCGTG-1,4674,CD8 T,CD8 TEM
PBMC10k_GTGCGTGTCCATGAGT-1,4675,CD4 T,CD4 Naive
PBMC10k_GTGCGTGTCCCGTAAA-1,4676,other,ILC
PBMC10k_GTGCGTGTCGTAACAC-1,4677,Mono,CD14 Mono
PBMC10k_GTGCTGGAGATACGAT-1,4678,CD8 T,CD8 TCM
PBMC10k_GTGCTGGCACTGAATC-1,4680,CD8 T,CD8 Naive
PBMC10k_GTGCTGGCAGCTGCCA-1,4681,other T,MAIT
PBMC10k_GTGCTGGGTAGTCTGT-1,4682,Mono,CD14 Mono
PBMC10k_GTGCTGGGTTGTTTGG-1,4683,Mono,CD14 Mono
PBMC10k_GTGCTTCCAATCGTCA-1,4686,B,B naive
PBMC10k_GTGCTTCCACGAAAGC-1,4687,B,B naive
PBMC10k_GTGCTTCCAGATAAAC-1,4688,CD4 T,CD4 Naive
PBMC10k_GTGCTTCGTGCGTGCT-1,4690,Mono,CD14 Mono
PBMC10k_GTGCTTCTCAGACAAA-1,4691,other T,MAIT
PBMC10k_GTGCTTCTCTCTTGCG-1,4692,Mono,CD16 Mono
PBMC10k_GTGGAAGAGAAGCTCG-1,4693,CD4 T,CD4 Naive
PBMC10k_GTGGAAGAGAGTAACT-1,4694,CD4 T,CD4 Naive
PBMC10k_GTGGAAGAGCTCCCTT-1,4695,NK,NK
PBMC10k_GTGGAAGAGGGACTGT-1,4697,NK,NK
PBMC10k_GTGGAAGCATAACGGG-1,4698,Mono,CD14 Mono
PBMC10k_GTGGAAGCATAGGTAA-1,4699,other,Eryth
PBMC10k_GTGGAGAAGGATGGCT-1,4701,other T,MAIT
PBMC10k_GTGGAGAGTAAGTAGT-1,4702,Mono,CD14 Mono
PBMC10k_GTGGAGAGTCCTTGTC-1,4703,CD4 T,CD4 TEM
PBMC10k_GTGGAGAGTGGAGAAA-1,4704,CD4 T,CD4 Naive
PBMC10k_GTGGAGAGTTGCAACT-1,4705,Mono,CD14 Mono
PBMC10k_GTGGAGATCAAGGACG-1,4706,CD4 T,CD4 Naive
PBMC10k_GTGGAGATCGGCTTGG-1,4707,CD4 T,Treg
PBMC10k_GTGGCGTCACGTAGTT-1,4709,CD8 T,CD8 Naive
PBMC10k_GTGGGAACAACCAGAG-1,4713,Mono,CD14 Mono
PBMC10k_GTGGGAATCGAGTACT-1,4719,Mono,CD14 Mono
PBMC10k_GTGGTTAAGCTTCATG-1,4720,B,B naive
PBMC10k_GTGGTTACATACCACA-1,4722,other,Eryth
PBMC10k_GTGGTTAGTAGACAAT-1,4723,CD4 T,CD4 TEM
PBMC10k_GTGGTTAGTCCAGCGT-1,4724,Mono,CD14 Mono
PBMC10k_GTGGTTAGTCGCGTCA-1,4725,CD8 T,CD8 Naive
PBMC10k_GTGGTTATCACCCTGT-1,4728,CD8 T,CD8 TCM
PBMC10k_GTGTAACAGCTAGATA-1,4730,CD4 T,CD4 Naive
PBMC10k_GTGTAACAGTATCCTG-1,4731,Mono,CD14 Mono
PBMC10k_GTGTAACCACTTGAAC-1,4735,CD4 T,CD4 Naive
PBMC10k_GTGTAACCAGCTGTAT-1,4736,other,Eryth
PBMC10k_GTGTAACTCGTGCACG-1,4738,CD4 T,CD4 Naive
PBMC10k_GTGTCCTAGTGCAGCA-1,4739,Mono,CD14 Mono
PBMC10k_GTGTCCTCAATTCTTC-1,4740,CD4 T,Treg
PBMC10k_GTGTGATAGAAGTGTT-1,4744,Mono,CD14 Mono
PBMC10k_GTGTGATAGTCGCTAT-1,4745,B,B memory
PBMC10k_GTGTGGCAGAATAACC-1,4749,other,Eryth
PBMC10k_GTGTGGCCACAACGAG-1,4751,NK,NK
PBMC10k_GTGTGGCCACCTGCTT-1,4752,NK,NK
PBMC10k_GTGTGGCCATGACCCG-1,4753,CD8 T,CD8 Naive
PBMC10k_GTGTGGCTCTACGGTA-1,4755,CD4 T,CD4 Naive
PBMC10k_GTGTTAGTCCGACGGT-1,4757,Mono,CD14 Mono
PBMC10k_GTGTTCCAGGCCGCTT-1,4759,B,B naive
PBMC10k_GTGTTCCCACGACAAG-1,4761,CD4 T,CD4 Naive
PBMC10k_GTGTTCCTCCCAATAG-1,4763,other T,MAIT
PBMC10k_GTGTTCCTCGGATAAA-1,4764,CD8 T,CD8 TEM
PBMC10k_GTGTTCCTCTCCACTG-1,4765,CD4 T,CD4 Naive
PBMC10k_GTTACAGAGATGACAT-1,4766,other,Eryth
PBMC10k_GTTACAGAGTTCACTG-1,4767,NK,NK
PBMC10k_GTTACAGCATTGAAGA-1,4769,other T,MAIT
PBMC10k_GTTACAGGTCCACACG-1,4770,CD4 T,CD4 Naive
PBMC10k_GTTACAGGTTTCTTAC-1,4772,Mono,CD14 Mono
PBMC10k_GTTACCCAGACAACAT-1,4775,B,B memory
PBMC10k_GTTACCCAGCCTTCTC-1,4776,CD8 T,CD8 Naive
PBMC10k_GTTACCCAGTCGCTAT-1,4777,Mono,CD14 Mono
PBMC10k_GTTACCCCAACAGATA-1,4778,Mono,CD14 Mono
PBMC10k_GTTACCCGTCCCTGTT-1,4780,CD4 T,CD4 Naive
PBMC10k_GTTACCCGTTTCTATC-1,4782,NK,NK
PBMC10k_GTTACCCTCGGCTCTT-1,4783,other T,MAIT
PBMC10k_GTTACGACAATTCACG-1,4786,NK,NK
PBMC10k_GTTACGAGTATCCCAA-1,4788,Mono,CD14 Mono
PBMC10k_GTTAGACAGAGGCGGA-1,4790,Mono,CD14 Mono
PBMC10k_GTTAGACCAAGGGCAT-1,4791,CD4 T,CD4 TCM
PBMC10k_GTTAGACTCCATCAGA-1,4796,Mono,CD14 Mono
PBMC10k_GTTAGACTCGCGTGAC-1,4798,CD4 T,CD4 Naive
PBMC10k_GTTAGACTCTCCGAGG-1,4799,Mono,CD14 Mono
PBMC10k_GTTAGTGAGACCCGCT-1,4801,Mono,CD14 Mono
PBMC10k_GTTAGTGCACATACGT-1,4802,CD4 T,CD4 TEM
PBMC10k_GTTAGTGTCGAACACT-1,4803,other,Eryth
PBMC10k_GTTAGTGTCGACATCA-1,4804,Mono,CD14 Mono
PBMC10k_GTTATGGAGTAGCCAG-1,4805,CD4 T,Treg
PBMC10k_GTTATGGAGTTGGCTT-1,4806,CD4 T,CD4 TEM
PBMC10k_GTTATGGGTACTGCGC-1,4807,Mono,CD14 Mono
PBMC10k_GTTATGGTCGCGTTTC-1,4809,Mono,CD14 Mono
PBMC10k_GTTCATTAGGGCAGAG-1,4812,CD4 T,CD4 Naive
PBMC10k_GTTCATTCATTGGGAG-1,4817,NK,NK
PBMC10k_GTTCATTGTATTAAGG-1,4818,CD4 T,CD4 TCM
PBMC10k_GTTCCGTAGTCTCCTC-1,4820,Mono,CD14 Mono
PBMC10k_GTTCCGTCAGCTCGGT-1,4822,CD8 T,CD8 Naive
PBMC10k_GTTCGCTCAACCAACT-1,4830,Mono,CD14 Mono
PBMC10k_GTTCGCTCATCTTTCA-1,4831,CD4 T,CD4 TEM
PBMC10k_GTTCGCTGTAACAAGT-1,4832,Mono,CD14 Mono
PBMC10k_GTTCGCTTCAAAGACA-1,4834,CD4 T,CD4 TEM
PBMC10k_GTTCGCTTCACAGTGT-1,4835,other T,MAIT
PBMC10k_GTTCGCTTCCATGAGT-1,4836,Mono,CD14 Mono
PBMC10k_GTTCTATAGAAAGTCT-1,4837,NK,NK
PBMC10k_GTTCTATAGCTGGAGT-1,4838,CD4 T,CD4 TEM
PBMC10k_GTTCTATAGTACCGGA-1,4839,CD4 T,CD4 Naive
PBMC10k_GTTCTATTCCGCAGTG-1,4842,Mono,CD14 Mono
PBMC10k_GTTCTATTCGACGACC-1,4844,DC,cDC2
PBMC10k_GTTCTATTCTCAATCT-1,4845,other,Eryth
PBMC10k_GTTGAACAGAATCGTA-1,4846,Mono,CD14 Mono
PBMC10k_GTTGAACAGACCAAGC-1,4847,Mono,CD14 Mono
PBMC10k_GTTGCGGAGACCAAAT-1,4850,CD8 T,CD8 Naive
PBMC10k_GTTGCGGAGATGCTGG-1,4851,CD8 T,CD8 TEM
PBMC10k_GTTGCGGCAATTGGTC-1,4852,CD4 T,CD4 Naive
PBMC10k_GTTGCGGCAGCTGGTC-1,4853,CD4 T,CD4 Naive
PBMC10k_GTTGCGGCATCAGTGT-1,4854,other,Eryth
PBMC10k_GTTGCGGCATCTGTTT-1,4855,CD4 T,Treg
PBMC10k_GTTGCGGGTCATGACT-1,4856,other T,gdT
PBMC10k_GTTGCTCTCGTCCATC-1,4863,B,B naive
PBMC10k_GTTGTAGCAATTGCCA-1,4866,CD8 T,CD8 Naive
PBMC10k_GTTGTAGCATTAGGAA-1,4867,CD4 T,CD4 TEM
PBMC10k_GTTGTAGGTGATAGAT-1,4868,Mono,CD14 Mono
PBMC10k_GTTGTAGGTTTAGTCG-1,4869,Mono,CD14 Mono
PBMC10k_GTTGTAGGTTTGCCGG-1,4870,Mono,CD14 Mono
PBMC10k_GTTGTAGTCACGACTA-1,4871,CD4 T,CD4 Naive
PBMC10k_GTTGTAGTCCTGGGAC-1,4872,NK,NK
PBMC10k_GTTGTCCAGTTGTACC-1,4873,DC,pDC
PBMC10k_GTTGTCCGTAACATAG-1,4874,Mono,CD14 Mono
PBMC10k_GTTGTCCGTACACGCC-1,4875,CD4 T,CD4 TCM
PBMC10k_GTTGTCCGTCATCCGG-1,4877,B,B naive
PBMC10k_GTTGTCCGTGGCTTGC-1,4878,CD8 T,CD8 Proliferating
PBMC10k_GTTGTCCGTTCTCACC-1,4879,CD4 T,CD4 TEM
PBMC10k_GTTGTCCTCAATGTCG-1,4880,other T,MAIT
PBMC10k_GTTGTCCTCCTTTAGT-1,4881,Mono,CD14 Mono
PBMC10k_GTTGTGACAAACTAGA-1,4885,CD4 T,CD4 TEM
PBMC10k_GTTGTGACAAATTAGG-1,4886,B,B memory
PBMC10k_GTTGTGAGTCACTACA-1,4889,other,Eryth
PBMC10k_GTTGTGATCTTGCAAG-1,4893,CD4 T,CD4 Naive
PBMC10k_GTTTACTAGACACACG-1,4894,Mono,CD14 Mono
PBMC10k_GTTTACTCAGGCACAA-1,4895,Mono,CD14 Mono
PBMC10k_GTTTACTGTCGATTTG-1,4898,NK,NK
PBMC10k_GTTTACTGTGGTCTGC-1,4899,other T,dnT
PBMC10k_GTTTACTTCGCATGAT-1,4900,NK,NK
PBMC10k_GTTTGGAAGTTCACTG-1,4903,CD4 T,CD4 Naive
PBMC10k_GTTTGGACAAGTACCT-1,4904,B,B naive
PBMC10k_GTTTGGAGTCGAATTC-1,4905,NK,NK
PBMC10k_GTTTGGAGTTGCACGC-1,4906,Mono,CD14 Mono
PBMC10k_GTTTGGAGTTGTTTGG-1,4907,Mono,CD14 Mono
PBMC10k_GTTTGGAGTTTCGCTC-1,4908,CD8 T,CD8 TCM
PBMC10k_TAACACGAGCGAACTG-1,4909,Mono,CD14 Mono
PBMC10k_TAACACGCACTATCGA-1,4910,CD4 T,CD4 Naive
PBMC10k_TAACACGCATATCTGG-1,4911,CD8 T,CD8 Naive
PBMC10k_TAACACGGTGTAAATG-1,4912,CD8 T,CD8 TEM
PBMC10k_TAACCAGCACCAAAGG-1,4914,CD4 T,Treg
PBMC10k_TAACCAGCACTCATAG-1,4915,B,Plasmablast
PBMC10k_TAACGACAGGCGAAGG-1,4918,other,ILC
PBMC10k_TAACGACCATTCTTCA-1,4922,NK,NK
PBMC10k_TAACGACTCACGAGGA-1,4924,other T,MAIT
PBMC10k_TAACGACTCCATCTCG-1,4925,NK,NK
PBMC10k_TAACTTCAGTTGGAGC-1,4927,other T,MAIT
PBMC10k_TAACTTCCAGCTTCCT-1,4928,CD8 T,CD8 TCM
PBMC10k_TAAGCACAGATGAACT-1,4931,CD8 T,CD8 Naive
PBMC10k_TAAGCACCAGACCAGA-1,4935,NK,NK
PBMC10k_TAAGCACCAGTCGAGA-1,4936,other T,MAIT
PBMC10k_TAAGCACTCTGCCTCA-1,4941,CD4 T,CD4 Naive
PBMC10k_TAAGCGTAGTCCCGGT-1,4944,other T,MAIT
PBMC10k_TAAGCGTCAGTCTGGC-1,4946,NK,NK
PBMC10k_TAAGCGTGTAGGCAGT-1,4949,other,Eryth
PBMC10k_TAAGCGTTCGTCCTCA-1,4951,Mono,CD16 Mono
PBMC10k_TAAGTCGAGCGACCCT-1,4952,other,ILC
PBMC10k_TAAGTCGCAAGCACAG-1,4953,other,Eryth
PBMC10k_TAAGTCGTCGGCTGAC-1,4957,B,B naive
PBMC10k_TAATCTCAGCATCTTG-1,4958,other,ILC
PBMC10k_TAATCTCAGCTACAAA-1,4959,CD4 T,CD4 Naive
PBMC10k_TAATCTCAGGTAAGTT-1,4960,NK,NK
PBMC10k_TAATCTCTCATACAGC-1,4963,B,B naive
PBMC10k_TAATCTCTCATCTCTA-1,4964,B,B naive
PBMC10k_TAATTCCAGCATCAGG-1,4967,CD4 T,CD4 CTL
PBMC10k_TAATTCCGTAGGTTTC-1,4969,Mono,CD16 Mono
PBMC10k_TAATTCCGTCCACATA-1,4970,NK,NK
PBMC10k_TAATTCCTCGCAACAT-1,4972,NK,NK
PBMC10k_TACAACGAGACGACGT-1,4973,Mono,CD14 Mono
PBMC10k_TACAACGCACCAGCGT-1,4974,Mono,CD14 Mono
PBMC10k_TACAACGTCAAATGAG-1,4977,Mono,CD14 Mono
PBMC10k_TACAACGTCATCTATC-1,4978,other,Eryth
PBMC10k_TACACCCAGTGTTGTC-1,4983,CD4 T,Treg
PBMC10k_TACACCCCACTCCTGT-1,4984,NK,NK
PBMC10k_TACACCCTCACGGTCG-1,4985,CD4 T,CD4 TCM
PBMC10k_TACAGGTAGGGAACAA-1,4986,Mono,CD14 Mono
PBMC10k_TACAGGTCACCTGCAG-1,4988,NK,NK
PBMC10k_TACAGGTCAGACGCTC-1,4989,other T,MAIT
PBMC10k_TACAGGTTCGTTTACT-1,4991,CD4 T,CD4 Naive
PBMC10k_TACATTCAGAGCCGAT-1,4992,CD8 T,CD8 Naive
PBMC10k_TACATTCAGCGCTGCT-1,4993,NK,NK
PBMC10k_TACATTCAGTCACGAG-1,4994,CD4 T,CD4 TEM
PBMC10k_TACATTCGTGGACTAG-1,4996,NK,NK
PBMC10k_TACATTCTCTAGGCAT-1,4999,Mono,CD14 Mono
PBMC10k_TACCCACAGATCGGTG-1,5000,NK,NK
PBMC10k_TACCCACAGGAATTAC-1,5001,B,B intermediate
PBMC10k_TACCCACTCGACATTG-1,5002,Mono,CD14 Mono
PBMC10k_TACCCGTAGTGCACCC-1,5004,CD4 T,CD4 TEM
PBMC10k_TACCCGTAGTGCTCAT-1,5005,Mono,CD14 Mono
PBMC10k_TACCCGTCAAACCATC-1,5006,CD4 T,CD4 Naive
PBMC10k_TACCCGTCACGCGGTT-1,5007,CD4 T,CD4 Naive
PBMC10k_TACCCGTCATGAGGGT-1,5010,B,B naive
PBMC10k_TACCCGTTCCGAGATT-1,5013,NK,NK
PBMC10k_TACCCGTTCGGAACTT-1,5014,NK,NK
PBMC10k_TACCCGTTCGTCGATA-1,5015,DC,cDC1
PBMC10k_TACCCGTTCTACCACC-1,5017,CD8 T,CD8 Naive
PBMC10k_TACCGAACACAGCCTG-1,5019,CD8 T,CD8 TEM
PBMC10k_TACCGAAGTTATCTGG-1,5021,CD4 T,CD4 Naive
PBMC10k_TACCGAATCAGTGCGC-1,5022,Mono,CD14 Mono
PBMC10k_TACCGGGAGAATACAC-1,5024,CD8 T,CD8 Naive
PBMC10k_TACCGGGAGACTTCCA-1,5025,NK,NK
PBMC10k_TACCGGGAGCGATGCA-1,5026,Mono,CD14 Mono
PBMC10k_TACCGGGAGGTAAGAG-1,5027,CD4 T,CD4 Naive
PBMC10k_TACCGGGTCTTACTGT-1,5028,CD4 T,CD4 TEM
PBMC10k_TACCTCGAGATCGCTT-1,5029,other T,MAIT
PBMC10k_TACCTCGAGTTAGAAC-1,5030,CD4 T,CD4 TEM
PBMC10k_TACCTCGGTCAGTCCG-1,5032,CD4 T,CD4 TEM
PBMC10k_TACCTGCAGCTTTGTG-1,5035,other T,MAIT
PBMC10k_TACCTGCAGTCACGCC-1,5036,other T,MAIT
PBMC10k_TACCTGCGTTGATGTC-1,5038,other T,MAIT
PBMC10k_TACCTGCGTTGCTAGT-1,5039,CD8 T,CD8 TEM
PBMC10k_TACCTGCTCCCAGGCA-1,5040,NK,NK
PBMC10k_TACGCTCAGATAGTCA-1,5042,other T,MAIT
PBMC10k_TACGCTCTCATCGCAA-1,5044,Mono,CD16 Mono
PBMC10k_TACGCTCTCCTGGGAC-1,5045,CD8 T,CD8 Naive
PBMC10k_TACGCTCTCGGATAAA-1,5046,Mono,CD14 Mono
PBMC10k_TACGCTCTCTCGACCT-1,5047,CD4 T,CD4 TEM
PBMC10k_TACGGGCCATTGCCTC-1,5049,Mono,CD14 Mono
PBMC10k_TACGGGCGTTTGGAAA-1,5052,B,B naive
PBMC10k_TACGGGCTCTGCCTCA-1,5053,CD4 T,CD4 TCM
PBMC10k_TACGGTAGTCTTTCAT-1,5054,NK,NK
PBMC10k_TACGGTAGTTGCCGCA-1,5055,CD8 T,CD8 TCM
PBMC10k_TACGTCCAGCCTCACG-1,5056,CD4 T,CD4 TCM
PBMC10k_TACGTCCTCACCTCAC-1,5061,other T,MAIT
PBMC10k_TACGTCCTCCGCGGAT-1,5062,Mono,CD14 Mono
PBMC10k_TACGTCCTCTATCACT-1,5063,CD4 T,Treg
PBMC10k_TACTGCCAGATTCGCT-1,5065,NK,NK
PBMC10k_TACTGCCAGTGGCGAT-1,5068,Mono,CD14 Mono
PBMC10k_TACTGCCCATGACGAG-1,5069,Mono,CD14 Mono
PBMC10k_TACTGCCGTTCTTAGG-1,5071,CD4 T,Treg
PBMC10k_TACTTACCAATGCTCA-1,5072,Mono,CD14 Mono
PBMC10k_TACTTACGTTATGGTC-1,5074,CD4 T,CD4 TCM
PBMC10k_TACTTACTCCTACGGG-1,5077,B,B naive
PBMC10k_TACTTCAAGGATACGC-1,5079,Mono,CD14 Mono
PBMC10k_TACTTCAAGGTATAGT-1,5080,Mono,CD14 Mono
PBMC10k_TACTTGTCAAGAGTGC-1,5086,CD4 T,CD4 TCM
PBMC10k_TACTTGTGTAGCCAGA-1,5087,CD4 T,CD4 Naive
PBMC10k_TACTTGTGTTGGGACA-1,5088,Mono,CD14 Mono
PBMC10k_TACTTGTTCCCTCGTA-1,5089,NK,NK
PBMC10k_TACTTGTTCCTGTAGA-1,5090,NK,NK
PBMC10k_TAGACCAAGAAGGATG-1,5091,B,B memory
PBMC10k_TAGACCAAGAGGGCGA-1,5092,other T,MAIT
PBMC10k_TAGACCAAGCCGTTAT-1,5093,CD4 T,CD4 TCM
PBMC10k_TAGACCAAGCGCCGTT-1,5094,CD4 T,CD4 TCM
PBMC10k_TAGACCAGTAACTGCT-1,5096,Mono,CD14 Mono
PBMC10k_TAGACCAGTCACGTGC-1,5097,CD8 T,CD8 TEM
PBMC10k_TAGACCAGTGACATCT-1,5099,Mono,CD14 Mono
PBMC10k_TAGACCATCCGAGAAG-1,5101,CD8 T,CD8 TEM
PBMC10k_TAGACTGAGGAGAGTA-1,5103,CD4 T,CD4 TCM
PBMC10k_TAGACTGTCATTCGGA-1,5108,other T,MAIT
PBMC10k_TAGACTGTCGCTACAA-1,5109,other,Eryth
PBMC10k_TAGACTGTCTTTCGAT-1,5110,other T,gdT
PBMC10k_TAGAGTCAGCGTTGTT-1,5111,CD8 T,CD8 Naive
PBMC10k_TAGAGTCAGGCACAAC-1,5112,CD8 T,CD8 Naive
PBMC10k_TAGAGTCCAAAGGGTC-1,5113,CD4 T,CD4 Naive
PBMC10k_TAGAGTCGTATACCTG-1,5115,Mono,CD14 Mono
PBMC10k_TAGATCGCATAGAAAC-1,5119,DC,cDC2
PBMC10k_TAGATCGGTCGATTTG-1,5120,CD4 T,Treg
PBMC10k_TAGATCGGTTGGCCGT-1,5122,CD4 T,CD4 TEM
PBMC10k_TAGATCGTCCTGTTAT-1,5124,CD4 T,CD4 TEM
PBMC10k_TAGATCGTCGGACTGC-1,5125,other T,MAIT
PBMC10k_TAGCACAAGATGCCGA-1,5126,NK,NK
PBMC10k_TAGCACACACCTCGTT-1,5128,other T,dnT
PBMC10k_TAGCACAGTAAGCTCT-1,5129,CD8 T,CD8 TCM
PBMC10k_TAGGAGGCAAACGGCA-1,5131,B,Plasmablast
PBMC10k_TAGGAGGCACTTCTCG-1,5132,other,ILC
PBMC10k_TAGGAGGGTATGGGAC-1,5133,CD8 T,CD8 Naive
PBMC10k_TAGGAGGGTTGTCCCT-1,5134,CD4 T,CD4 Naive
PBMC10k_TAGGTACAGGTACATA-1,5136,Mono,CD14 Mono
PBMC10k_TAGGTACCAAGCACAG-1,5137,NK,NK
PBMC10k_TAGGTACCAAGTGATA-1,5138,CD4 T,CD4 TEM
PBMC10k_TAGGTACCACCGTGCA-1,5139,CD4 T,CD4 TCM
PBMC10k_TAGGTACCAGAACATA-1,5140,NK,NK
PBMC10k_TAGGTACGTCAGGTAG-1,5141,CD4 T,CD4 Naive
PBMC10k_TAGGTACGTTACCCAA-1,5143,CD8 T,CD8 TEM
PBMC10k_TAGGTACTCCGACAGC-1,5144,B,B memory
PBMC10k_TAGGTACTCGAAGTGG-1,5146,CD4 T,CD4 Naive
PBMC10k_TAGGTACTCTTTCGAT-1,5147,CD4 T,CD4 TCM
PBMC10k_TAGGTTGAGAATCGAT-1,5148,CD4 T,CD4 Naive
PBMC10k_TAGGTTGGTTCGGTTA-1,5151,NK,NK
PBMC10k_TAGTGCAAGCAGCCCT-1,5152,CD4 T,CD4 Naive
PBMC10k_TAGTGCACACGAAGAC-1,5154,CD4 T,CD4 TCM
PBMC10k_TAGTGCAGTATGAGCG-1,5156,NK,NK
PBMC10k_TAGTGCAGTCACAGTT-1,5157,DC,cDC2
PBMC10k_TATACCTAGCCATTGT-1,5159,CD4 T,CD4 TCM
PBMC10k_TATACCTAGGCCCAAA-1,5160,CD4 T,CD4 TCM
PBMC10k_TATACCTAGTCTTCCC-1,5161,CD4 T,Treg
PBMC10k_TATACCTCAGTGCCTG-1,5162,CD4 T,CD4 Naive
PBMC10k_TATACCTCATTCAGGT-1,5163,Mono,CD14 Mono
PBMC10k_TATACCTTCGCTTTAT-1,5166,CD4 T,CD4 TCM
PBMC10k_TATACCTTCTATCCAT-1,5167,CD4 T,CD4 TEM
PBMC10k_TATATCCCACGTGTGC-1,5169,CD4 T,Treg
PBMC10k_TATATCCGTAGACGTG-1,5170,B,B intermediate
PBMC10k_TATATCCGTTCTTAGG-1,5171,CD4 T,CD4 Naive
PBMC10k_TATATCCTCAGATTGC-1,5172,B,B naive
PBMC10k_TATATCCTCTAACACG-1,5174,Mono,CD14 Mono
PBMC10k_TATCAGGAGATGCCGA-1,5175,B,B naive
PBMC10k_TATCAGGAGTCGAGGT-1,5176,Mono,CD14 Mono
PBMC10k_TATCAGGAGTGCTCAT-1,5177,B,B intermediate
PBMC10k_TATCAGGTCATTCGGA-1,5179,Mono,CD14 Mono
PBMC10k_TATCAGGTCCGGACGT-1,5180,CD4 T,CD4 TEM
PBMC10k_TATCAGGTCGTAGCCG-1,5181,CD4 T,Treg
PBMC10k_TATCCTAAGCCTCAAT-1,5184,CD8 T,CD8 TCM
PBMC10k_TATCCTACAGGTCCCA-1,5187,Mono,CD14 Mono
PBMC10k_TATCCTAGTGAATGAT-1,5189,other,Eryth
PBMC10k_TATCGCCAGAATAGTC-1,5190,other T,dnT
PBMC10k_TATCGCCAGGTCGTGA-1,5191,CD4 T,CD4 Proliferating
PBMC10k_TATCGCCAGTAGCAAT-1,5192,Mono,CD14 Mono
PBMC10k_TATCGCCCAAGTGGTG-1,5193,CD4 T,CD4 Naive
PBMC10k_TATCGCCCAAGTTCCA-1,5194,other,ILC
PBMC10k_TATCGCCGTACTGGGA-1,5196,CD4 T,CD4 TCM
PBMC10k_TATCGCCTCTACGCGG-1,5197,NK,NK
PBMC10k_TATCTGTAGTTCTCTT-1,5199,CD8 T,CD8 Naive
PBMC10k_TATCTGTGTAATACCC-1,5200,Mono,CD14 Mono
PBMC10k_TATCTGTGTTCTAAGC-1,5201,NK,NK
PBMC10k_TATCTGTGTTTGGAAA-1,5202,CD8 T,CD8 Naive
PBMC10k_TATCTGTTCACGTCCT-1,5203,CD8 T,CD8 TCM
PBMC10k_TATCTGTTCTCGCGTT-1,5204,CD8 T,CD8 TEM
PBMC10k_TATCTGTTCTGTTCAT-1,5205,Mono,CD14 Mono
PBMC10k_TATCTTGAGGTTGCCC-1,5207,Mono,CD14 Mono
PBMC10k_TATGTTCCAGATGCGA-1,5214,CD4 T,CD4 TEM
PBMC10k_TATGTTCCATAGTCGT-1,5215,other,ILC
PBMC10k_TATTCCACAACGAGGT-1,5219,CD4 T,CD4 Naive
PBMC10k_TATTCCACAATCGCCG-1,5220,Mono,CD14 Mono
PBMC10k_TATTCCACACTCAGAT-1,5221,Mono,CD14 Mono
PBMC10k_TATTCCAGTATGTCCA-1,5222,NK,NK
PBMC10k_TATTCCAGTCTAACTG-1,5224,CD4 T,Treg
PBMC10k_TATTGCTAGACTGGGT-1,5226,B,B intermediate
PBMC10k_TATTGCTAGATCCTAC-1,5227,B,B memory
PBMC10k_TATTGCTAGTGTTGAA-1,5229,CD4 T,CD4 TCM
PBMC10k_TATTGCTCACAGTCAT-1,5231,Mono,CD14 Mono
PBMC10k_TATTGCTGTTAAGAAC-1,5233,CD8 T,CD8 TCM
PBMC10k_TATTGCTTCTTCCCAG-1,5235,B,B intermediate
PBMC10k_TATTGGGAGCGACTTT-1,5237,other T,gdT
PBMC10k_TATTGGGAGTTCCATG-1,5239,NK,NK Proliferating
PBMC10k_TATTGGGCATTGGCAT-1,5243,other,Eryth
PBMC10k_TATTGGGGTCTTGAAC-1,5245,B,B naive
PBMC10k_TATTTCGGTTACGTAC-1,5250,NK,NK
PBMC10k_TATTTCGGTTCGAGCC-1,5251,Mono,CD14 Mono
PBMC10k_TATTTCGTCAGATGCT-1,5253,CD4 T,CD4 TCM
PBMC10k_TATTTCGTCTCAGGCG-1,5255,CD4 T,CD4 Naive
PBMC10k_TATTTCGTCTTTGCGC-1,5256,CD8 T,CD8 TCM
PBMC10k_TCAAGACAGATGACCG-1,5257,CD4 T,CD4 TEM
PBMC10k_TCAAGACGTTATTCCT-1,5259,CD4 T,CD4 Naive
PBMC10k_TCAAGACTCATCACAG-1,5260,DC,cDC2
PBMC10k_TCAAGACTCCCTCTCC-1,5261,NK,NK
PBMC10k_TCAAGCATCGCTCTAC-1,5264,DC,cDC2
PBMC10k_TCAAGTGAGCCGCACT-1,5265,NK,NK
PBMC10k_TCAAGTGAGCCTCACG-1,5266,CD4 T,CD4 Naive
PBMC10k_TCAAGTGAGTAATCCC-1,5268,Mono,CD14 Mono
PBMC10k_TCAAGTGAGTCTGGTT-1,5269,Mono,CD14 Mono
PBMC10k_TCAAGTGCAAAGGCTG-1,5270,Mono,CD14 Mono
PBMC10k_TCAAGTGCAAGGAGTC-1,5271,other,ILC
PBMC10k_TCAAGTGCAAGTCCCG-1,5272,Mono,CD14 Mono
PBMC10k_TCAAGTGGTACAGCGA-1,5274,other T,dnT
PBMC10k_TCAAGTGGTGCGGCTT-1,5275,CD4 T,CD4 TCM
PBMC10k_TCAAGTGGTTAGGGAC-1,5276,Mono,CD14 Mono
PBMC10k_TCAAGTGTCGGAATGG-1,5277,NK,NK
PBMC10k_TCAATCTCAAAGGCGT-1,5278,Mono,CD14 Mono
PBMC10k_TCAATTCAGTCCTGCG-1,5280,CD4 T,CD4 TCM
PBMC10k_TCAATTCCAAGCGAAC-1,5281,NK,NK
PBMC10k_TCAATTCCACAGAGCA-1,5282,B,B memory
PBMC10k_TCAATTCGTCCTGAAT-1,5285,CD4 T,Treg
PBMC10k_TCACAAGAGGAGCAAA-1,5289,CD4 T,CD4 TCM
PBMC10k_TCACAAGCAGCCTTCT-1,5291,CD4 T,CD4 TEM
PBMC10k_TCACAAGGTCTAGATC-1,5293,DC,cDC2
PBMC10k_TCACAAGGTTCAAGTC-1,5294,other T,MAIT
PBMC10k_TCACACCAGCAAACAT-1,5296,CD8 T,CD8 Naive
PBMC10k_TCACACCCAAATGGAT-1,5297,Mono,CD14 Mono
PBMC10k_TCACACCCAGTGTGCC-1,5298,CD4 T,CD4 Naive
PBMC10k_TCACACCGTACCACGC-1,5299,NK,NK
PBMC10k_TCACACCGTACCGTCG-1,5300,CD4 T,CD4 TCM
PBMC10k_TCACACCGTACTTGTG-1,5301,CD4 T,CD4 TCM
PBMC10k_TCACACCGTCGTGATT-1,5302,other,Eryth
PBMC10k_TCACACCGTTAGTTCG-1,5303,CD4 T,Treg
PBMC10k_TCACATTCATCTCGTC-1,5305,Mono,CD14 Mono
PBMC10k_TCACATTGTATCTCTT-1,5306,other T,dnT
PBMC10k_TCACATTTCATTTCGT-1,5307,other,Eryth
PBMC10k_TCACGCTGTAAGCTCT-1,5308,CD8 T,CD8 TEM
PBMC10k_TCACGCTGTGAATTAG-1,5311,CD4 T,CD4 Naive
PBMC10k_TCACGCTGTGGGTATG-1,5312,NK,NK
PBMC10k_TCACGCTGTTCGTACA-1,5313,other T,MAIT
PBMC10k_TCACGCTTCCTGTACC-1,5315,Mono,CD14 Mono
PBMC10k_TCACGGGAGACAACAT-1,5317,CD8 T,CD8 Naive
PBMC10k_TCACGGGAGACGGTTG-1,5318,CD4 T,CD4 TCM
PBMC10k_TCACGGGTCAATCAGC-1,5320,NK,NK_CD56bright
PBMC10k_TCACTATGTATCCTCC-1,5323,CD8 T,CD8 Naive
PBMC10k_TCACTATGTTAAGAAC-1,5324,CD8 T,CD8 Naive
PBMC10k_TCACTATTCATTCATC-1,5327,CD4 T,CD4 TEM
PBMC10k_TCACTATTCGCTTACC-1,5328,CD8 T,CD8 Naive
PBMC10k_TCACTCGAGGTAGTAT-1,5329,B,B naive
PBMC10k_TCACTCGTCGTTACCC-1,5332,CD4 T,CD4 TCM
PBMC10k_TCACTCGTCTGAGATC-1,5333,NK,NK
PBMC10k_TCACTCGTCTGCTGAA-1,5334,B,B naive
PBMC10k_TCAGCAAAGATAACGT-1,5335,CD4 T,CD4 Naive
PBMC10k_TCAGCAAAGCTGTTAC-1,5336,CD4 T,CD4 TCM
PBMC10k_TCAGCAAAGGTTCTTG-1,5337,CD4 T,CD4 Naive
PBMC10k_TCAGCAAAGTAACAGT-1,5338,NK,NK
PBMC10k_TCAGCAAGTTGTAGCT-1,5340,B,B naive
PBMC10k_TCAGCAATCATCGACA-1,5341,Mono,CD14 Mono
PBMC10k_TCAGCCTCAGTTGCGC-1,5344,CD4 T,Treg
PBMC10k_TCAGCCTGTAACACCT-1,5345,Mono,CD16 Mono
PBMC10k_TCAGCCTGTGGCGTAA-1,5347,CD8 T,CD8 TEM
PBMC10k_TCAGCCTGTTCGGTAT-1,5348,CD4 T,CD4 Naive
PBMC10k_TCAGGGCGTATGCAAA-1,5350,Mono,CD14 Mono
PBMC10k_TCAGGGCGTGATTAGA-1,5352,other T,MAIT
PBMC10k_TCAGGGCTCGGTCGGT-1,5354,CD4 T,CD4 Naive
PBMC10k_TCAGGTAAGATTGATG-1,5357,NK,NK
PBMC10k_TCAGGTAAGCAATAGT-1,5358,CD4 T,CD4 TEM
PBMC10k_TCAGGTACAAGTGGTG-1,5361,NK,NK
PBMC10k_TCAGGTACACGACGAA-1,5362,other,Eryth
PBMC10k_TCAGGTACAGAGGACT-1,5363,other T,MAIT
PBMC10k_TCAGTCCAGAAATGGG-1,5366,CD4 T,CD4 TCM
PBMC10k_TCAGTCCTCAAATGCC-1,5369,Mono,CD14 Mono
PBMC10k_TCAGTCCTCCATACTT-1,5370,Mono,CD14 Mono
PBMC10k_TCAGTGAAGCTGTTAC-1,5372,CD4 T,CD4 TCM
PBMC10k_TCAGTGACACTTCATT-1,5374,CD4 T,CD4 Naive
PBMC10k_TCAGTGACAGCGAACA-1,5375,NK,NK
PBMC10k_TCAGTGAGTTAAGAAC-1,5376,CD4 T,CD4 Naive
PBMC10k_TCAGTGAGTTTGGCTA-1,5377,CD4 T,CD4 TCM
PBMC10k_TCAGTTTAGTCGGCCT-1,5378,B,B intermediate
PBMC10k_TCAGTTTCAAGTATAG-1,5379,Mono,CD14 Mono
PBMC10k_TCAGTTTTCGGCACTG-1,5385,NK,NK
PBMC10k_TCATACTCACCATAAC-1,5388,NK,NK
PBMC10k_TCATACTGTCCCGCAA-1,5390,other,Eryth
PBMC10k_TCATACTTCCGATGCG-1,5392,NK,NK
PBMC10k_TCATACTTCGAGTGAG-1,5393,Mono,CD14 Mono
PBMC10k_TCATATCAGGACGGAG-1,5394,NK,NK
PBMC10k_TCATATCCACCTTCGT-1,5396,CD8 T,CD8 Naive
PBMC10k_TCATATCCACGGTGAA-1,5397,CD8 T,CD8 TCM
PBMC10k_TCATATCCAGGAGACT-1,5398,other T,dnT
PBMC10k_TCATATCGTTGTGTTG-1,5399,other T,MAIT
PBMC10k_TCATCATAGACTTCCA-1,5400,NK,NK
PBMC10k_TCATCATAGTGGAATT-1,5403,CD4 T,CD4 Naive
PBMC10k_TCATCATCAATCCTAG-1,5404,CD4 T,CD4 TEM
PBMC10k_TCATCATCATTGCCTC-1,5406,B,B intermediate
PBMC10k_TCATCATGTAAGGCCA-1,5407,CD4 T,Treg
PBMC10k_TCATCATTCTCCATAT-1,5409,CD8 T,CD8 TEM
PBMC10k_TCATCCGCAGGGCTTC-1,5411,NK,NK
PBMC10k_TCATCCGCAGTATACC-1,5412,CD8 T,CD8 Naive
PBMC10k_TCATCCGGTCTCACAA-1,5413,NK,NK
PBMC10k_TCATGAGAGATGTTAG-1,5414,Mono,CD14 Mono
PBMC10k_TCATGAGAGCTAGATA-1,5416,Mono,CD14 Mono
PBMC10k_TCATGAGCACATGGTT-1,5418,Mono,CD14 Mono
PBMC10k_TCATGAGCAGCTGTTA-1,5419,Mono,CD14 Mono
PBMC10k_TCATGAGGTAAGATTG-1,5420,NK,NK
PBMC10k_TCATGAGGTTTCACAG-1,5421,B,B intermediate
PBMC10k_TCATGCCAGCAACAAT-1,5422,B,B naive
PBMC10k_TCATGCCAGGAAGAAC-1,5423,Mono,CD14 Mono
PBMC10k_TCATGCCAGGTGAGCT-1,5425,NK,NK
PBMC10k_TCATGCCCACCACATA-1,5427,Mono,CD14 Mono
PBMC10k_TCATGCCCATAACCCA-1,5428,other,ILC
PBMC10k_TCATGCCGTTAGAGAT-1,5430,CD4 T,CD4 TCM
PBMC10k_TCATGCCGTTCGATTG-1,5432,CD4 T,CD4 TCM
PBMC10k_TCATGCCTCGCGGTAC-1,5434,other,ILC
PBMC10k_TCATGGAGTCCTGTCT-1,5438,NK,NK Proliferating
PBMC10k_TCATGGATCCGATGTA-1,5439,Mono,CD14 Mono
PBMC10k_TCATGGATCTGAGTCA-1,5440,CD4 T,CD4 TCM
PBMC10k_TCATGTTGTTCGGCTG-1,5443,CD4 T,CD4 TEM
PBMC10k_TCATTACCAATGGCCC-1,5444,CD4 T,CD4 Naive
PBMC10k_TCATTACCATCGATAC-1,5445,Mono,CD14 Mono
PBMC10k_TCATTGTAGTGGGAAA-1,5450,Mono,CD14 Mono
PBMC10k_TCATTGTCATCATGAC-1,5451,CD8 T,CD8 Naive
PBMC10k_TCATTTGCAGGCATGA-1,5453,other,ILC
PBMC10k_TCATTTGTCGACATTG-1,5455,CD4 T,CD4 TEM
PBMC10k_TCCACCACAGCCGGTT-1,5457,B,Plasmablast
PBMC10k_TCCACCAGTACCTGTA-1,5458,NK,NK
PBMC10k_TCCACGTAGCTAGAAT-1,5463,NK,NK
PBMC10k_TCCACGTGTGGCTGAA-1,5466,other T,MAIT
PBMC10k_TCCACGTGTGTTCAGT-1,5467,CD4 T,CD4 Naive
PBMC10k_TCCACGTGTTTAGACC-1,5469,CD4 T,CD4 Naive
PBMC10k_TCCACGTTCGACTCCT-1,5472,NK,NK
PBMC10k_TCCAGAACAAATACGA-1,5475,CD4 T,CD4 TEM
PBMC10k_TCCAGAACAAGATGTA-1,5476,NK,NK
PBMC10k_TCCAGAACAATACGAA-1,5477,B,B naive
PBMC10k_TCCATCGAGAGTGTGC-1,5485,Mono,CD14 Mono
PBMC10k_TCCATCGCATAAGCGG-1,5488,B,B naive
PBMC10k_TCCATCGGTCTTGGTA-1,5489,CD8 T,CD8 Naive
PBMC10k_TCCATGCAGATTTGCC-1,5492,other T,MAIT
PBMC10k_TCCATGCAGGAACTCG-1,5493,Mono,CD14 Mono
PBMC10k_TCCATGCGTCTGTCAA-1,5495,CD4 T,CD4 Naive
PBMC10k_TCCATGCGTTGTCAGT-1,5497,CD8 T,CD8 Naive
PBMC10k_TCCATGCTCAGTAGGG-1,5499,other T,MAIT
PBMC10k_TCCATGCTCTGTGCGG-1,5500,Mono,CD14 Mono
PBMC10k_TCCCACAAGGACAGCT-1,5502,CD4 T,CD4 Naive
PBMC10k_TCCCACACAAGCTACT-1,5503,other T,dnT
PBMC10k_TCCCACACAGCTCTGG-1,5504,Mono,CD14 Mono
PBMC10k_TCCCACATCAGGGTAG-1,5506,CD4 T,CD4 Naive
PBMC10k_TCCCACATCGGCCCAA-1,5507,Mono,CD14 Mono
PBMC10k_TCCCAGTCACTTCCTG-1,5508,Mono,CD16 Mono
PBMC10k_TCCCAGTGTAGGCAAC-1,5509,Mono,CD16 Mono
PBMC10k_TCCCAGTTCACGTAGT-1,5513,NK,NK
PBMC10k_TCCCATGGTCCTGGGT-1,5514,Mono,CD14 Mono
PBMC10k_TCCCATGGTGAAGCGT-1,5515,CD8 T,CD8 TEM
PBMC10k_TCCCATGTCTTACCGC-1,5520,NK,NK
PBMC10k_TCCGAAAAGTGTTCAC-1,5522,Mono,CD14 Mono
PBMC10k_TCCGAAAGTACATTGC-1,5523,NK,NK
PBMC10k_TCCGAAAGTCCTGGTG-1,5524,NK,NK
PBMC10k_TCCGATCAGTAGTCCT-1,5528,B,B memory
PBMC10k_TCCGATCCATTGACTG-1,5529,B,B naive
PBMC10k_TCCGATCGTAGGGAGG-1,5530,CD4 T,CD4 Naive
PBMC10k_TCCGATCTCGAACCTA-1,5531,CD4 T,CD4 TEM
PBMC10k_TCCGATCTCGCAGATT-1,5532,B,B naive
PBMC10k_TCCGGGAAGGATTACA-1,5534,CD4 T,Treg
PBMC10k_TCCGGGAAGTGCTCGC-1,5535,CD4 T,CD4 TCM
PBMC10k_TCCGGGACAAGTGGGT-1,5536,other T,gdT
PBMC10k_TCCGGGACACCGCTGA-1,5537,other T,MAIT
PBMC10k_TCCGGGACAGCTTCCT-1,5538,CD4 T,Treg
PBMC10k_TCCGTGTCAATTCACG-1,5539,Mono,CD14 Mono
PBMC10k_TCCGTGTGTAACATCC-1,5540,DC,cDC2
PBMC10k_TCCGTGTGTCCAGCGT-1,5541,NK,NK
PBMC10k_TCCGTGTGTGTCCATA-1,5542,CD4 T,Treg
PBMC10k_TCCGTGTGTTTGCAGT-1,5543,CD4 T,Treg
PBMC10k_TCCGTGTTCGAGTCCG-1,5544,B,B naive
PBMC10k_TCCTAATAGGCACCAA-1,5545,B,B intermediate
PBMC10k_TCCTAATAGTCATACC-1,5546,CD4 T,CD4 Naive
PBMC10k_TCCTAATCAGCATTGT-1,5547,CD4 T,CD4 TCM
PBMC10k_TCCTAATCAGGTCAAG-1,5548,CD4 T,CD4 TCM
PBMC10k_TCCTCCCAGGACATCG-1,5551,CD8 T,CD8 TEM
PBMC10k_TCCTCCCAGTCCCTAA-1,5553,CD8 T,CD8 TEM
PBMC10k_TCCTCCCCACGTAACT-1,5556,DC,cDC2
PBMC10k_TCCTCCCCAGCAGAAC-1,5558,CD4 T,Treg
PBMC10k_TCCTCGAAGACTACGG-1,5560,Mono,CD14 Mono
PBMC10k_TCCTCGAAGAGAGTTT-1,5561,CD8 T,CD8 Naive
PBMC10k_TCCTCGAAGTTAACGA-1,5562,CD4 T,CD4 Naive
PBMC10k_TCCTCGACAAGAAACT-1,5563,B,B naive
PBMC10k_TCCTCGAGTAATGCTC-1,5565,DC,cDC2
PBMC10k_TCCTCGAGTCAATGGG-1,5566,DC,cDC2
PBMC10k_TCCTCGATCACAAGGG-1,5567,Mono,CD14 Mono
PBMC10k_TCCTCGATCGAGCCTG-1,5568,Mono,CD14 Mono
PBMC10k_TCCTCGATCTAAGAAG-1,5569,B,B naive
PBMC10k_TCCTCTTAGGCTCCCA-1,5571,other,Eryth
PBMC10k_TCCTCTTAGTCATGAA-1,5572,CD4 T,CD4 TEM
PBMC10k_TCCTCTTCAATAACGA-1,5573,CD4 T,CD4 TCM
PBMC10k_TCCTCTTCACGACAAG-1,5574,CD4 T,CD4 TEM
PBMC10k_TCCTCTTGTAATGCTC-1,5575,other T,dnT
PBMC10k_TCCTCTTGTAGTCCTA-1,5576,CD8 T,CD8 TCM
PBMC10k_TCCTCTTGTCCGATCG-1,5577,CD8 T,CD8 Proliferating
PBMC10k_TCCTCTTTCGGTGTAT-1,5578,other,ILC
PBMC10k_TCCTCTTTCTATCGTT-1,5579,CD4 T,CD4 TEM
PBMC10k_TCCTGCAAGGCATGGT-1,5581,Mono,CD14 Mono
PBMC10k_TCCTGCACACTACTTT-1,5583,B,B memory
PBMC10k_TCCTGCAGTTTGGGAG-1,5586,CD4 T,Treg
PBMC10k_TCCTGCATCCGCAGTG-1,5587,CD4 T,CD4 Naive
PBMC10k_TCCTTCTCAGTTAGGG-1,5588,DC,cDC2
PBMC10k_TCCTTCTGTACGCGTC-1,5589,NK,NK
PBMC10k_TCCTTCTGTGGTACAG-1,5590,DC,pDC
PBMC10k_TCCTTCTTCGCTAGCG-1,5592,B,B intermediate
PBMC10k_TCCTTTCGTATGGGAC-1,5593,Mono,CD14 Mono
PBMC10k_TCGAACAAGACCTTTG-1,5595,Mono,CD14 Mono
PBMC10k_TCGAACATCACGTAGT-1,5598,CD4 T,CD4 TEM
PBMC10k_TCGAAGTCATATGCGT-1,5603,CD8 T,CD8 TEM
PBMC10k_TCGAAGTGTCCAGCCA-1,5605,other T,MAIT
PBMC10k_TCGACCTAGCTGACTT-1,5607,CD4 T,CD4 TCM
PBMC10k_TCGACCTAGTACAGAT-1,5609,CD4 T,CD4 TCM
PBMC10k_TCGACCTCACACCAGC-1,5610,CD8 T,CD8 TCM
PBMC10k_TCGACCTCAGGACAGT-1,5611,CD4 T,CD4 TCM
PBMC10k_TCGACCTGTCTTGAAC-1,5614,other T,MAIT
PBMC10k_TCGACCTGTGTGTCCG-1,5616,CD8 T,CD8 Naive
PBMC10k_TCGACCTTCCATCAGA-1,5617,NK,NK
PBMC10k_TCGACCTTCTAGACAC-1,5618,CD4 T,Treg
PBMC10k_TCGACGGCACACGTGC-1,5619,CD4 T,CD4 TEM
PBMC10k_TCGACGGGTCCTCCAT-1,5620,NK,NK
PBMC10k_TCGACGGGTGAGACGT-1,5621,CD4 T,CD4 TEM
PBMC10k_TCGACGGGTGTGAATA-1,5622,CD8 T,CD8 Naive
PBMC10k_TCGACGGGTTGCCGAC-1,5623,CD4 T,CD4 Naive
PBMC10k_TCGACGGTCGCTCATC-1,5624,Mono,CD14 Mono
PBMC10k_TCGACGGTCTGTAACG-1,5625,Mono,CD16 Mono
PBMC10k_TCGATTTAGCAGGGAG-1,5626,DC,cDC2
PBMC10k_TCGATTTAGTGCCGAA-1,5628,Mono,CD14 Mono
PBMC10k_TCGATTTCAAGAATGT-1,5629,CD4 T,Treg
PBMC10k_TCGATTTCACTTCTCG-1,5630,Mono,CD14 Mono
PBMC10k_TCGATTTGTAATGTGA-1,5631,CD4 T,CD4 Naive
PBMC10k_TCGATTTGTGGCCCAT-1,5632,Mono,CD14 Mono
PBMC10k_TCGATTTGTTCCACAA-1,5633,NK,NK
PBMC10k_TCGATTTTCAAGTGTC-1,5634,CD4 T,CD4 TEM
PBMC10k_TCGATTTTCTCATAGG-1,5635,other,Eryth
PBMC10k_TCGCACTAGTCAAGCG-1,5636,NK,NK
PBMC10k_TCGCACTGTGGATCAG-1,5638,Mono,CD14 Mono
PBMC10k_TCGCACTGTTGACTGT-1,5639,CD4 T,CD4 TEM
PBMC10k_TCGCACTTCGCGCTGA-1,5641,CD4 T,Treg
PBMC10k_TCGCAGGAGTCTAGCT-1,5643,CD4 T,CD4 Naive
PBMC10k_TCGCAGGCACAAGTTC-1,5644,B,B intermediate
PBMC10k_TCGCAGGCAGAGACTG-1,5646,CD8 T,CD8 TCM
PBMC10k_TCGCAGGGTCATGCAT-1,5648,Mono,CD16 Mono
PBMC10k_TCGCAGGTCGTGAGAG-1,5653,other T,dnT
PBMC10k_TCGCAGGTCTTACACT-1,5654,Mono,CD14 Mono
PBMC10k_TCGCTCAAGAGTCGAC-1,5655,CD4 T,CD4 TEM
PBMC10k_TCGCTCAAGCAGGTCA-1,5656,NK,NK
PBMC10k_TCGCTCACAAGCGCTC-1,5657,B,B naive
PBMC10k_TCGCTCACACCAGCCA-1,5658,other T,MAIT
PBMC10k_TCGCTCACATGTGTCA-1,5660,CD4 T,CD4 Naive
PBMC10k_TCGCTCAGTCAGCGTC-1,5661,Mono,CD14 Mono
PBMC10k_TCGCTCATCTGGTCAA-1,5663,CD8 T,CD8 Naive
PBMC10k_TCGCTTGCAGTGACCC-1,5665,CD4 T,CD4 TCM
PBMC10k_TCGCTTGCATAGATCC-1,5666,Mono,CD14 Mono
PBMC10k_TCGCTTGTCACTAGCA-1,5670,CD4 T,Treg
PBMC10k_TCGCTTGTCTCGCAGG-1,5671,Mono,CD14 Mono
PBMC10k_TCGGATAAGCAGCACA-1,5672,B,B naive
PBMC10k_TCGGATACACCTGATA-1,5675,other T,MAIT
PBMC10k_TCGGATAGTTTATGCG-1,5677,B,B naive
PBMC10k_TCGGATATCCACACAA-1,5678,NK,NK
PBMC10k_TCGGGACCACGGTGTC-1,5682,B,B naive
PBMC10k_TCGGGACCAGCTTCCT-1,5683,NK,NK
PBMC10k_TCGGGACGTACCACGC-1,5684,CD4 T,CD4 TEM
PBMC10k_TCGGGACGTACTAACC-1,5685,CD8 T,CD8 Naive
PBMC10k_TCGGGACGTCATTCCC-1,5686,other,Eryth
PBMC10k_TCGGGCACAAGTGTCT-1,5689,other,Eryth
PBMC10k_TCGGGCACACCGCTAG-1,5690,Mono,CD14 Mono
PBMC10k_TCGGGCACAGTGCGCT-1,5691,CD8 T,CD8 Proliferating
PBMC10k_TCGGGCAGTACAGAAT-1,5692,Mono,CD14 Mono
PBMC10k_TCGGGCAGTACGAGTG-1,5693,CD4 T,CD4 Naive
PBMC10k_TCGGGCAGTTTAGTCG-1,5696,CD4 T,CD4 Naive
PBMC10k_TCGGGCATCCCTCGTA-1,5697,CD4 T,CD4 Naive
PBMC10k_TCGGGCATCTTCGTAT-1,5701,CD4 T,Treg
PBMC10k_TCGGGTGGTACCGGCT-1,5704,other T,dnT
PBMC10k_TCGGGTGTCGACCACG-1,5707,other T,MAIT
PBMC10k_TCGGTCTAGCCAACCC-1,5710,Mono,CD14 Mono
PBMC10k_TCGGTCTCACGCGCTA-1,5711,NK,NK
PBMC10k_TCGGTCTCAGCTGAGA-1,5712,NK,NK
PBMC10k_TCGGTCTCAGTTTCGA-1,5713,CD8 T,CD8 Naive
PBMC10k_TCGGTCTGTGCCTTCT-1,5714,CD4 T,CD4 CTL
PBMC10k_TCGGTCTGTGTCCGTG-1,5716,NK,NK
PBMC10k_TCGTAGAAGTACGTCT-1,5719,CD8 T,CD8 Naive
PBMC10k_TCGTAGAAGTAGCATA-1,5720,CD4 T,Treg
PBMC10k_TCGTAGAGTACGGGAT-1,5723,CD4 T,CD4 Naive
PBMC10k_TCGTAGAGTAGTTCCA-1,5724,NK,NK
PBMC10k_TCGTAGAGTTATCTTC-1,5726,other T,MAIT
PBMC10k_TCGTCCAAGGGAGGGT-1,5729,other T,MAIT
PBMC10k_TCGTCCAAGTTCCTGA-1,5730,B,B naive
PBMC10k_TCGTCCACAATGGCAG-1,5731,CD4 T,CD4 Naive
PBMC10k_TCGTCCAGTCTCCTGT-1,5733,Mono,CD14 Mono
PBMC10k_TCGTCCATCGGCATCG-1,5735,NK,NK
PBMC10k_TCGTCCATCTCTTCAA-1,5736,CD8 T,CD8 TEM
PBMC10k_TCGTGCTCACGCTGCA-1,5738,CD4 T,Treg
PBMC10k_TCGTGCTGTAGTCGGA-1,5739,CD8 T,CD8 Naive
PBMC10k_TCGTGCTTCCGTATGA-1,5742,CD4 T,CD4 Naive
PBMC10k_TCGTGCTTCTCAGTCC-1,5743,Mono,CD14 Mono
PBMC10k_TCGTGGGAGCTGGCCT-1,5745,CD8 T,CD8 TEM
PBMC10k_TCGTGGGAGGTGAGCT-1,5746,Mono,CD14 Mono
PBMC10k_TCGTGGGGTCAATGGG-1,5749,Mono,CD14 Mono
PBMC10k_TCGTGGGGTGAGGCAT-1,5750,other T,dnT
PBMC10k_TCTAACTCAAATCAGA-1,5755,B,B intermediate
PBMC10k_TCTAACTCACTGCGAC-1,5756,CD4 T,CD4 Naive
PBMC10k_TCTAACTCAGAATCGG-1,5757,other,Eryth
PBMC10k_TCTAACTTCCGCGATG-1,5759,B,B naive
PBMC10k_TCTAACTTCGTAGAGG-1,5760,other,Eryth
PBMC10k_TCTACATAGTTAACAG-1,5763,other T,MAIT
PBMC10k_TCTACATGTGACAGCA-1,5764,Mono,CD14 Mono
PBMC10k_TCTACATTCGTAGTCA-1,5765,CD4 T,Treg
PBMC10k_TCTACCGAGAGTCACG-1,5766,NK,NK
PBMC10k_TCTACCGAGGGTAATT-1,5767,CD8 T,CD8 Naive
PBMC10k_TCTACCGCACAGTACT-1,5769,Mono,CD14 Mono
PBMC10k_TCTACCGTCCTACCAC-1,5771,CD4 T,CD4 TCM
PBMC10k_TCTATACAGGAATTAC-1,5774,CD4 T,CD4 TEM
PBMC10k_TCTATACAGTCGAATA-1,5776,CD8 T,CD8 TEM
PBMC10k_TCTATACAGTCGGCCT-1,5777,CD4 T,CD4 Naive
PBMC10k_TCTATACGTCACCTTC-1,5778,CD4 T,CD4 Naive
PBMC10k_TCTATACGTGCCAAGA-1,5780,CD4 T,CD4 Naive
PBMC10k_TCTATACTCATGCGGC-1,5781,NK,NK
PBMC10k_TCTATCAAGCACTAAA-1,5782,NK,NK
PBMC10k_TCTATCAGTGCAACAG-1,5783,Mono,CD14 Mono
PBMC10k_TCTATCATCACAAGGG-1,5784,other T,gdT
PBMC10k_TCTATCATCCTAAACG-1,5785,DC,cDC2
PBMC10k_TCTCACGAGGTCCGAA-1,5786,Mono,CD14 Mono
PBMC10k_TCTCACGAGTTGTACC-1,5787,other,Eryth
PBMC10k_TCTCACGTCTATCCAT-1,5791,other,Eryth
PBMC10k_TCTCAGCAGCGACTTT-1,5792,CD8 T,CD8 Naive
PBMC10k_TCTCAGCAGCTGGTGA-1,5793,Mono,CD14 Mono
PBMC10k_TCTCAGCCAAGCCTGC-1,5794,other T,MAIT
PBMC10k_TCTCAGCCAGTGTGGA-1,5796,CD8 T,CD8 Naive
PBMC10k_TCTCAGCCATCCGAAT-1,5797,CD4 T,CD4 TCM
PBMC10k_TCTCAGCGTAAGCAAT-1,5798,CD4 T,CD4 TCM
PBMC10k_TCTCAGCGTCGATTCA-1,5799,CD4 T,Treg
PBMC10k_TCTCAGCGTTCCGGTG-1,5800,Mono,CD14 Mono
PBMC10k_TCTCAGCGTTGCGTAT-1,5802,CD4 T,CD4 TCM
PBMC10k_TCTCAGCTCCCATTTA-1,5803,other T,MAIT
PBMC10k_TCTCCGACACACCGCA-1,5805,Mono,CD14 Mono
PBMC10k_TCTCCGACAGGGAGAG-1,5806,Mono,CD16 Mono
PBMC10k_TCTCCGACATTGCTTT-1,5807,Mono,CD14 Mono
PBMC10k_TCTCCGAGTACCGTCG-1,5808,Mono,CD14 Mono
PBMC10k_TCTCCGAGTCGGATTT-1,5809,Mono,CD14 Mono
PBMC10k_TCTCTGGAGGTTATAG-1,5815,NK,NK
PBMC10k_TCTCTGGAGTGGTTAA-1,5816,CD4 T,CD4 TEM
PBMC10k_TCTCTGGCATCAGCAT-1,5818,Mono,CD14 Mono
PBMC10k_TCTCTGGCATTGACAC-1,5819,CD4 T,CD4 TCM
PBMC10k_TCTCTGGTCCTTACCG-1,5821,NK,NK
PBMC10k_TCTGCCAAGCGAGTAC-1,5823,Mono,CD14 Mono
PBMC10k_TCTGCCAGTAACAGTA-1,5824,NK,NK
PBMC10k_TCTGGCTAGGGAGGAC-1,5826,Mono,CD14 Mono
PBMC10k_TCTGGCTTCAAATGCC-1,5830,DC,cDC2
PBMC10k_TCTGTCGAGAGCGACT-1,5831,Mono,CD14 Mono
PBMC10k_TCTGTCGAGCCGATTT-1,5832,NK,NK
PBMC10k_TCTGTCGAGTGGATAT-1,5833,other T,MAIT
PBMC10k_TCTGTCGCATACCGTA-1,5834,CD4 T,CD4 CTL
PBMC10k_TCTGTCGGTTCACCGG-1,5835,other,Eryth
PBMC10k_TCTGTCGTCTACCAGA-1,5838,Mono,CD14 Mono
PBMC10k_TCTTAGTGTCGCTTAA-1,5841,Mono,CD16 Mono
PBMC10k_TCTTAGTTCACCCTTG-1,5842,CD8 T,CD8 TCM
PBMC10k_TCTTAGTTCATCTCTA-1,5843,CD4 T,CD4 Naive
PBMC10k_TCTTCCTAGATGACAT-1,5844,NK,NK
PBMC10k_TCTTCCTCAGTAGAGC-1,5846,NK,NK Proliferating
PBMC10k_TCTTCCTGTCAATGGG-1,5847,other,Eryth
PBMC10k_TCTTCCTGTCGTACTA-1,5848,CD4 T,Treg
PBMC10k_TCTTCCTTCATGAAAG-1,5850,B,B intermediate
PBMC10k_TCTTCCTTCCGTGTGG-1,5851,NK,NK
PBMC10k_TCTTCCTTCGGTCTGG-1,5852,Mono,CD14 Mono
PBMC10k_TCTTGCGAGACATATG-1,5853,CD8 T,CD8 TEM
PBMC10k_TCTTGCGAGTTGCCCG-1,5854,CD4 T,CD4 TEM
PBMC10k_TCTTGCGCACTCCACT-1,5855,Mono,CD14 Mono
PBMC10k_TCTTGCGCATCGTTCC-1,5857,DC,cDC2
PBMC10k_TCTTGCGGTGTCCTAA-1,5859,Mono,CD14 Mono
PBMC10k_TCTTGCGGTTCGTAAC-1,5860,CD8 T,CD8 Naive
PBMC10k_TCTTGCGGTTGCAACT-1,5861,other,ILC
PBMC10k_TCTTGCGTCTGTAAGC-1,5862,NK,NK
PBMC10k_TCTTTGAAGCGATGGT-1,5863,CD4 T,CD4 TCM
PBMC10k_TCTTTGACAGCCTATA-1,5865,B,B naive
PBMC10k_TCTTTGACAGGGACTA-1,5866,Mono,CD14 Mono
PBMC10k_TCTTTGACAGTACTAC-1,5867,other T,MAIT
PBMC10k_TCTTTGACATGGGAAC-1,5868,CD4 T,Treg
PBMC10k_TCTTTGAGTCGCTGCA-1,5870,other T,MAIT
PBMC10k_TGAACGTAGGTAGATT-1,5873,NK,NK
PBMC10k_TGAACGTCACGGTGAA-1,5874,CD4 T,CD4 Naive
PBMC10k_TGAATCGGTCAGATTC-1,5878,CD4 T,CD4 TCM
PBMC10k_TGAATCGTCATCTCTA-1,5879,DC,pDC
PBMC10k_TGAATCGTCCTAGCCT-1,5880,other T,dnT
PBMC10k_TGAATCGTCTTGCGCT-1,5881,Mono,CD14 Mono
PBMC10k_TGAATGCAGGCGTTGA-1,5882,other T,gdT
PBMC10k_TGAATGCCAGACACCC-1,5883,CD8 T,CD8 Naive
PBMC10k_TGAATGCGTCACAGTT-1,5884,NK,NK
PBMC10k_TGACAGTAGTGAACAT-1,5886,Mono,CD14 Mono
PBMC10k_TGACAGTCATCCGAGC-1,5888,NK,NK
PBMC10k_TGACAGTTCGACGCTG-1,5891,CD4 T,CD4 Naive
PBMC10k_TGACAGTTCTCGAGTA-1,5892,Mono,CD14 Mono
PBMC10k_TGACCCTCACGAGAAC-1,5896,Mono,CD16 Mono
PBMC10k_TGACCCTGTACTGCGC-1,5897,DC,cDC2
PBMC10k_TGACGCGCAATCGCGC-1,5900,Mono,CD14 Mono
PBMC10k_TGACGCGCACAGTGTT-1,5901,CD8 T,CD8 TCM
PBMC10k_TGACGCGCACCGCTAG-1,5902,CD4 T,CD4 TEM
PBMC10k_TGACGCGGTTCGGTTA-1,5903,CD8 T,CD8 Naive
PBMC10k_TGACGCGTCCAGTGTA-1,5904,NK,NK
PBMC10k_TGACTCCGTAACTAAG-1,5908,Mono,CD16 Mono
PBMC10k_TGACTCCGTTCACGAT-1,5909,Mono,CD14 Mono
PBMC10k_TGACTCCTCATTCGGA-1,5911,CD4 T,CD4 TCM
PBMC10k_TGAGACTAGTCTGTAC-1,5913,NK,NK
PBMC10k_TGAGACTCAACAGCCC-1,5914,CD8 T,CD8 Proliferating
PBMC10k_TGAGACTCACCCAAGC-1,5916,Mono,CD14 Mono
PBMC10k_TGAGACTGTCCAGAAG-1,5919,Mono,CD14 Mono
PBMC10k_TGAGACTGTCTAACTG-1,5920,Mono,CD14 Mono
PBMC10k_TGAGACTGTGCACATT-1,5922,other T,MAIT
PBMC10k_TGAGACTGTGTCTTCC-1,5923,other T,MAIT
PBMC10k_TGAGACTTCCACAGCG-1,5924,B,B memory
PBMC10k_TGAGACTTCCATTGTT-1,5925,CD4 T,CD4 Naive
PBMC10k_TGAGACTTCGGCGATC-1,5926,CD4 T,CD4 Naive
PBMC10k_TGAGACTTCGGTTCAA-1,5927,B,B intermediate
PBMC10k_TGAGACTTCTGAGAGG-1,5928,Mono,CD14 Mono
PBMC10k_TGAGACTTCTTGGATG-1,5930,NK,NK
PBMC10k_TGAGCATGTAGCTTGT-1,5935,CD8 T,CD8 TEM
PBMC10k_TGAGCATGTGTGTTTG-1,5936,CD4 T,CD4 Naive
PBMC10k_TGAGCATTCTACCTTA-1,5937,Mono,CD14 Mono
PBMC10k_TGAGCGCTCGACCTAA-1,5941,Mono,CD14 Mono
PBMC10k_TGAGGAGCAACCGTAT-1,5945,CD4 T,CD4 Naive
PBMC10k_TGAGGGAAGTTGAAGT-1,5951,CD4 T,CD4 TEM
PBMC10k_TGAGGGACAAACAGGC-1,5952,Mono,CD14 Mono
PBMC10k_TGAGGGACAGTCAGCC-1,5955,CD8 T,CD8 TEM
PBMC10k_TGAGGGATCCACCTGT-1,5958,CD4 T,CD4 TEM
PBMC10k_TGAGGTTAGACGATAT-1,5960,Mono,CD16 Mono
PBMC10k_TGAGGTTCACCATTCC-1,5961,DC,cDC2
PBMC10k_TGAGGTTGTGCTCCGA-1,5962,B,B intermediate
PBMC10k_TGAGGTTTCACTGTTT-1,5963,NK,NK_CD56bright
PBMC10k_TGAGGTTTCTTCCTAA-1,5965,NK,NK
PBMC10k_TGAGTCACACCGCTGA-1,5967,CD4 T,CD4 TCM
PBMC10k_TGAGTCAGTGTTTCTT-1,5968,CD4 T,CD4 Naive
PBMC10k_TGAGTCAGTTCGCGTG-1,5969,CD4 T,Treg
PBMC10k_TGAGTCATCGGTTGTA-1,5970,Mono,CD14 Mono
PBMC10k_TGATCAGAGGAACATT-1,5972,Mono,CD14 Mono
PBMC10k_TGATCAGCACTGTTCC-1,5976,Mono,CD14 Mono
PBMC10k_TGATCAGGTACAGAGC-1,5977,Mono,CD14 Mono
PBMC10k_TGATCAGTCACCCATC-1,5978,NK,NK
PBMC10k_TGATCTTAGCGTCTGC-1,5979,B,B intermediate
PBMC10k_TGATCTTAGTAAGCAT-1,5980,CD4 T,CD4 TEM
PBMC10k_TGATCTTAGTCAAGCG-1,5981,B,B memory
PBMC10k_TGATCTTAGTTTCTTC-1,5983,NK,NK
PBMC10k_TGATCTTCACCAAAGG-1,5984,CD4 T,CD4 Naive
PBMC10k_TGATCTTGTGCGTGCT-1,5987,CD4 T,Treg
PBMC10k_TGATGCAAGGTCCCTG-1,5990,Mono,CD14 Mono
PBMC10k_TGATGCACACAATTCG-1,5991,Mono,CD14 Mono
PBMC10k_TGATGCAGTCCAAATC-1,5993,DC,cDC2
PBMC10k_TGATGCATCTACGCGG-1,5994,Mono,CD14 Mono
PBMC10k_TGATGCATCTGAATCG-1,5995,CD8 T,CD8 Naive
PBMC10k_TGATGGTAGCTGAAAT-1,5997,DC,cDC2
PBMC10k_TGATGGTAGGAGCAAA-1,5998,CD4 T,CD4 TCM
PBMC10k_TGATGGTAGTAGTCCT-1,5999,B,Plasmablast
PBMC10k_TGATGGTCATCGGTTA-1,6002,Mono,CD14 Mono
PBMC10k_TGATGGTGTAAGATCA-1,6003,NK,NK
PBMC10k_TGATGGTTCACTGGTA-1,6006,CD4 T,CD4 Naive
PBMC10k_TGATGGTTCAGAACCT-1,6007,NK,NK
PBMC10k_TGATTCTAGATCCTAC-1,6010,Mono,CD14 Mono
PBMC10k_TGATTCTTCCGTGTCT-1,6014,other T,gdT
PBMC10k_TGATTTCAGCACACCC-1,6017,CD4 T,CD4 TCM
PBMC10k_TGCACGGAGTCCCTAA-1,6025,DC,cDC2
PBMC10k_TGCACGGCAAATGGAT-1,6026,other T,gdT
PBMC10k_TGCACGGCAACTGAAA-1,6027,CD4 T,CD4 TCM
PBMC10k_TGCACGGGTATGGTTC-1,6028,CD4 T,Treg
PBMC10k_TGCACGGGTCATCGGC-1,6029,CD4 T,CD4 Naive
PBMC10k_TGCACGGGTCGGTGAA-1,6030,CD4 T,Treg
PBMC10k_TGCACGGGTCTCGCGA-1,6031,Mono,CD14 Mono
PBMC10k_TGCAGATAGAGCATTA-1,6035,Mono,CD14 Mono
PBMC10k_TGCAGATAGGCAGTCA-1,6036,NK,NK
PBMC10k_TGCAGATCAAGACAAT-1,6037,DC,pDC
PBMC10k_TGCAGATCACCTGATA-1,6038,NK,NK
PBMC10k_TGCAGATCATAATGAG-1,6039,NK,NK
PBMC10k_TGCAGATCATCCTTCG-1,6040,Mono,CD16 Mono
PBMC10k_TGCAGGCAGATAACAC-1,6042,NK,NK
PBMC10k_TGCAGGCAGATGACCG-1,6043,B,B naive
PBMC10k_TGCAGGCAGGTGATCG-1,6046,CD8 T,CD8 TEM
PBMC10k_TGCAGGCCATCCTAAG-1,6047,Mono,CD14 Mono
PBMC10k_TGCAGGCTCATCTACT-1,6048,CD8 T,CD8 Naive
PBMC10k_TGCAGGCTCCGCTAGG-1,6049,CD8 T,CD8 TCM
PBMC10k_TGCAGGCTCTCCACTG-1,6050,CD4 T,CD4 TCM
PBMC10k_TGCAGTAAGATAGTGT-1,6051,CD4 T,CD4 TEM
PBMC10k_TGCAGTAAGGTAGGCT-1,6052,CD4 T,Treg
PBMC10k_TGCAGTAGTACAGTCT-1,6054,NK,NK
PBMC10k_TGCAGTAGTTCGAGCC-1,6055,other T,MAIT
PBMC10k_TGCAGTAGTTTGTTGG-1,6056,CD4 T,CD4 TEM
PBMC10k_TGCAGTATCGCGTTTC-1,6057,Mono,CD16 Mono
PBMC10k_TGCATCCAGGAGTATT-1,6058,CD4 T,CD4 TEM
PBMC10k_TGCATCCAGGCAGGTT-1,6059,NK,NK
PBMC10k_TGCATCCCAACGCCCA-1,6060,Mono,CD16 Mono
PBMC10k_TGCATCCCACTGAGGA-1,6061,CD4 T,CD4 Naive
PBMC10k_TGCATCCCAGCTCCTT-1,6062,CD4 T,CD4 Naive
PBMC10k_TGCATCCGTCTCAAGT-1,6063,CD8 T,CD8 Naive
PBMC10k_TGCATCCTCGCATGAT-1,6064,Mono,CD14 Mono
PBMC10k_TGCATGATCGAGAATA-1,6066,B,B naive
PBMC10k_TGCATGATCGGATACT-1,6067,CD8 T,CD8 TEM
PBMC10k_TGCATGATCTTCGCTG-1,6068,CD4 T,CD4 Naive
PBMC10k_TGCCGAGAGCGGGTTA-1,6069,other T,MAIT
PBMC10k_TGCCGAGAGTAGTCCT-1,6071,Mono,CD14 Mono
PBMC10k_TGCCGAGTCCAGCACG-1,6073,other T,MAIT
PBMC10k_TGCCGAGTCGCTCATC-1,6074,other,ILC
PBMC10k_TGCCGAGTCTTGAACG-1,6075,B,B naive
PBMC10k_TGCGACGAGCCACAAG-1,6076,DC,cDC2
PBMC10k_TGCGACGCACCGTCGA-1,6078,Mono,CD14 Mono
PBMC10k_TGCGACGGTACGAAAT-1,6080,Mono,CD14 Mono
PBMC10k_TGCGACGTCCCGTTGT-1,6081,Mono,CD14 Mono
PBMC10k_TGCGACGTCTCTATGT-1,6082,CD8 T,CD8 TEM
PBMC10k_TGCGATAAGAGTCGAC-1,6084,NK,NK
PBMC10k_TGCGATAAGGGCTAAC-1,6085,CD4 T,CD4 TEM
PBMC10k_TGCGATACACTGTCCT-1,6086,NK,NK
PBMC10k_TGCGATATCGTAGAGG-1,6090,CD4 T,CD4 Naive
PBMC10k_TGCGGCATCCCGAGAC-1,6092,CD4 T,CD4 Naive
PBMC10k_TGCGGCATCTAAGAAG-1,6094,Mono,CD14 Mono
PBMC10k_TGCGGGTAGCGGATCA-1,6097,Mono,CD14 Mono
PBMC10k_TGCGGGTAGGACAGCT-1,6098,CD4 T,CD4 TCM
PBMC10k_TGCGGGTCAAGAGCTG-1,6102,Mono,CD14 Mono
PBMC10k_TGCGGGTTCTAGCCTC-1,6103,Mono,CD16 Mono
PBMC10k_TGCTCCAAGGCACGAT-1,6104,DC,ASDC
PBMC10k_TGCTCCACAAGCCATT-1,6105,Mono,CD14 Mono
PBMC10k_TGCTCCACAAGCTACT-1,6106,other,Eryth
PBMC10k_TGCTCCACACAAGCCC-1,6107,other,Eryth
PBMC10k_TGCTCCACAGCAGATG-1,6108,CD4 T,CD4 TCM
PBMC10k_TGCTCCACATGAATAG-1,6110,other T,MAIT
PBMC10k_TGCTCCAGTCGCCTAG-1,6111,CD4 T,CD4 TCM
PBMC10k_TGCTCCAGTGCAGGAT-1,6112,CD4 T,CD4 Naive
PBMC10k_TGCTCCAGTTTCCAAG-1,6113,DC,pDC
PBMC10k_TGCTCCATCAACTGGT-1,6114,CD4 T,CD4 TCM
PBMC10k_TGCTCCATCACGATAC-1,6115,CD4 T,CD4 Naive
PBMC10k_TGCTCGTAGGAATGTT-1,6117,CD4 T,CD4 Naive
PBMC10k_TGCTCGTCACCATAAC-1,6118,CD4 T,CD4 Naive
PBMC10k_TGCTCGTCAGTAGATA-1,6119,Mono,CD14 Mono
PBMC10k_TGCTCGTGTATCGTAC-1,6120,other T,MAIT
PBMC10k_TGCTGAAGTACCAGAG-1,6124,Mono,CD14 Mono
PBMC10k_TGCTGAATCCCGAGAC-1,6125,CD4 T,CD4 TEM
PBMC10k_TGCTTCGAGGCTTAAA-1,6127,Mono,CD14 Mono
PBMC10k_TGCTTCGCACTCCGAG-1,6128,CD4 T,CD4 Naive
PBMC10k_TGCTTCGGTCCTTTGC-1,6130,CD8 T,CD8 TEM
PBMC10k_TGCTTCGGTCGCCACA-1,6131,CD4 T,CD4 Naive
PBMC10k_TGCTTCGGTGTTAAAG-1,6132,Mono,CD14 Mono
PBMC10k_TGCTTCGGTTCTCCCA-1,6133,CD8 T,CD8 Naive
PBMC10k_TGCTTCGTCGAGAAAT-1,6134,CD4 T,CD4 Proliferating
PBMC10k_TGCTTGCCAGTAACCT-1,6135,CD4 T,Treg
PBMC10k_TGCTTGCGTGTCTTAG-1,6136,NK,NK
PBMC10k_TGCTTGCGTTTACACG-1,6137,CD4 T,CD4 CTL
PBMC10k_TGCTTGCTCATGTCTT-1,6138,B,B naive
PBMC10k_TGCTTGCTCCAACCGG-1,6139,CD8 T,CD8 TEM
PBMC10k_TGCTTGCTCTGAGGTT-1,6140,other,Eryth
PBMC10k_TGGAACTCAACGACAG-1,6141,CD4 T,CD4 TEM
PBMC10k_TGGAACTCAGAGGTTG-1,6143,other,Eryth
PBMC10k_TGGAACTGTAACTGCT-1,6145,Mono,CD14 Mono
PBMC10k_TGGAACTGTACAACGG-1,6146,Mono,CD14 Mono
PBMC10k_TGGAACTGTAGACGGT-1,6147,CD4 T,CD4 TCM
PBMC10k_TGGAACTGTGTCTCCT-1,6148,other T,MAIT
PBMC10k_TGGAACTTCTCTTCAA-1,6150,Mono,CD14 Mono
PBMC10k_TGGAACTTCTTTGCAT-1,6151,CD4 T,CD4 TCM
PBMC10k_TGGAGAGTCAATCCGA-1,6155,Mono,CD14 Mono
PBMC10k_TGGAGGAAGGCAGGGA-1,6157,NK,NK
PBMC10k_TGGAGGACACAAATAG-1,6158,Mono,CD14 Mono
PBMC10k_TGGAGGACAGAGTCAG-1,6159,CD4 T,CD4 TEM
PBMC10k_TGGAGGATCACGGACC-1,6160,CD8 T,CD8 TEM
PBMC10k_TGGAGGATCCACGTGG-1,6161,B,B memory
PBMC10k_TGGAGGATCGCCGTGA-1,6162,Mono,CD16 Mono
PBMC10k_TGGAGGATCGCTCCTA-1,6163,CD8 T,CD8 TEM
PBMC10k_TGGATCACACGGTAGA-1,6167,CD4 T,CD4 TEM
PBMC10k_TGGATGTCAAGGGCAT-1,6172,other T,dnT
PBMC10k_TGGATGTCACCCTCTA-1,6173,Mono,CD14 Mono
PBMC10k_TGGATGTGTATGCTAC-1,6174,Mono,CD14 Mono
PBMC10k_TGGATGTGTGCCGTAC-1,6175,DC,cDC2
PBMC10k_TGGATGTGTGGATTTC-1,6176,CD4 T,CD4 Naive
PBMC10k_TGGATGTTCAAGCTGT-1,6177,CD4 T,CD4 TCM
PBMC10k_TGGCGTGAGACTGAGC-1,6179,other,Eryth
PBMC10k_TGGCGTGCACGACGTC-1,6182,B,B memory
PBMC10k_TGGCGTGGTTTAGTCG-1,6185,DC,cDC2
PBMC10k_TGGGAAGAGCATTGAA-1,6187,other T,MAIT
PBMC10k_TGGGAAGAGTTCCGGC-1,6188,B,B naive
PBMC10k_TGGGAAGCACCAATTG-1,6190,CD4 T,CD4 Naive
PBMC10k_TGGGAGACAGGGAGAG-1,6193,NK,NK
PBMC10k_TGGGAGAGTTGTGGAG-1,6196,other,Eryth
PBMC10k_TGGGAGATCGCATTAG-1,6197,Mono,CD14 Mono
PBMC10k_TGGGAGATCTCCCATG-1,6198,other T,MAIT
PBMC10k_TGGGAGATCTGCCCTA-1,6199,CD4 T,CD4 Naive
PBMC10k_TGGGATTCAACGGTAG-1,6202,CD4 T,CD4 TCM
PBMC10k_TGGGATTCAATCTGCA-1,6203,other T,gdT
PBMC10k_TGGGATTCACACACGC-1,6204,CD4 T,CD4 TCM
PBMC10k_TGGGATTCATGGAAGC-1,6206,NK,NK Proliferating
PBMC10k_TGGGATTGTCGTCAGC-1,6208,CD8 T,CD8 TCM
PBMC10k_TGGGATTTCTGGAAGG-1,6212,CD4 T,CD4 Naive
PBMC10k_TGGGCGTAGGTCCCTG-1,6214,NK,NK
PBMC10k_TGGGCGTGTAGACAAT-1,6216,other T,dnT
PBMC10k_TGGGCGTGTGCCTGAC-1,6217,B,Plasmablast
PBMC10k_TGGGCGTTCGTGTTCC-1,6218,Mono,CD14 Mono
PBMC10k_TGGGCTGAGAGGTATT-1,6219,Mono,CD16 Mono
PBMC10k_TGGGCTGCAGACATCT-1,6221,CD8 T,CD8 Naive
PBMC10k_TGGGCTGTCGGTAGGA-1,6225,NK,NK
PBMC10k_TGGGCTGTCTAGCATG-1,6226,CD4 T,CD4 TCM
PBMC10k_TGGGTTAGTCGTTCAA-1,6227,CD4 T,CD4 Naive
PBMC10k_TGGGTTAGTGTATTGC-1,6228,CD4 T,CD4 Naive
PBMC10k_TGGTACAAGCGACATG-1,6230,CD8 T,CD8 Naive
PBMC10k_TGGTACAAGGCGTTGA-1,6231,Mono,CD14 Mono
PBMC10k_TGGTACACACTAGTAC-1,6232,Mono,CD16 Mono
PBMC10k_TGGTACACACTCATAG-1,6233,Mono,CD14 Mono
PBMC10k_TGGTAGTAGGATTTAG-1,6236,CD4 T,CD4 TCM
PBMC10k_TGGTAGTAGTTACGAA-1,6237,Mono,CD14 Mono
PBMC10k_TGGTAGTCAGGAATCG-1,6238,CD4 T,CD4 Naive
PBMC10k_TGGTAGTCATCGGAGA-1,6239,CD4 T,CD4 TEM
PBMC10k_TGGTAGTGTATGCAAA-1,6241,CD4 T,CD4 Naive
PBMC10k_TGGTAGTTCCAAGCAT-1,6243,NK,NK
PBMC10k_TGGTAGTTCGATTGAC-1,6244,other T,MAIT
PBMC10k_TGGTGATAGCCATGCC-1,6246,CD4 T,CD4 Naive
PBMC10k_TGGTGATAGTCGAATA-1,6248,CD4 T,Treg
PBMC10k_TGGTGATCAAATAAGC-1,6250,CD4 T,CD4 TCM
PBMC10k_TGGTGATCAAGACCTT-1,6251,B,B intermediate
PBMC10k_TGGTGATCATCGATGT-1,6252,CD4 T,CD4 TEM
PBMC10k_TGGTGATCATCGTTCC-1,6253,CD4 T,CD4 Naive
PBMC10k_TGGTGATCATTCACCC-1,6254,other T,MAIT
PBMC10k_TGGTTAGAGGCCTTCG-1,6260,CD4 T,CD4 Naive
PBMC10k_TGGTTAGAGGTATTGA-1,6261,CD4 T,CD4 TCM
PBMC10k_TGGTTAGAGTGTAGAT-1,6262,NK,NK_CD56bright
PBMC10k_TGTAACGAGTCATGCT-1,6272,B,B intermediate
PBMC10k_TGTAACGAGTTGCGAG-1,6273,other T,gdT
PBMC10k_TGTAACGGTCAACCAT-1,6275,Mono,CD14 Mono
PBMC10k_TGTAACGGTCCGTACG-1,6276,CD4 T,CD4 TCM
PBMC10k_TGTAACGGTTTGTGGT-1,6277,CD8 T,CD8 TEM
PBMC10k_TGTAAGCAGCCTCTTC-1,6279,CD8 T,CD8 TEM
PBMC10k_TGTAAGCGTCTCTCCA-1,6280,CD4 T,CD4 TEM
PBMC10k_TGTACAGAGCACACAG-1,6281,DC,cDC2
PBMC10k_TGTACAGGTTACACAC-1,6284,other T,MAIT
PBMC10k_TGTACAGTCCATTCAT-1,6285,CD4 T,CD4 Proliferating
PBMC10k_TGTACAGTCGACGCGT-1,6286,CD4 T,CD4 Naive
PBMC10k_TGTAGACAGATCCCGC-1,6289,B,B naive
PBMC10k_TGTAGACAGCTAGAAT-1,6290,NK,NK
PBMC10k_TGTAGACAGGTACAAT-1,6291,B,B naive
PBMC10k_TGTAGACCATATGAAG-1,6293,B,B naive
PBMC10k_TGTAGACTCTGCGAGC-1,6295,other T,gdT
PBMC10k_TGTCAGAAGCCTGGAA-1,6297,Mono,CD14 Mono
PBMC10k_TGTCAGAAGGAACGAA-1,6298,Mono,CD14 Mono
PBMC10k_TGTCAGACACACGTGC-1,6300,other,Eryth
PBMC10k_TGTCCACAGTTGAAGT-1,6303,Mono,CD14 Mono
PBMC10k_TGTCCACCAACGTATC-1,6304,NK,NK
PBMC10k_TGTCCACTCCATTTAC-1,6306,CD4 T,CD4 Naive
PBMC10k_TGTCCACTCTTGGGCG-1,6307,B,B memory
PBMC10k_TGTCCCAAGTCCGCCA-1,6309,CD4 T,CD4 Naive
PBMC10k_TGTCCCATCGCTGATA-1,6311,other T,MAIT
PBMC10k_TGTCCCATCGGTAAGG-1,6312,CD8 T,CD8 TEM
PBMC10k_TGTCCTGCAATCAAGA-1,6314,CD4 T,CD4 TCM
PBMC10k_TGTCCTGCAATCCAGT-1,6315,CD4 T,CD4 TCM
PBMC10k_TGTCCTGCATATGGCT-1,6317,Mono,CD14 Mono
PBMC10k_TGTCCTGGTTATAGCC-1,6318,other T,MAIT
PBMC10k_TGTGAGTAGTGGACTG-1,6321,NK,NK
PBMC10k_TGTGAGTCAGCGATTT-1,6324,CD4 T,Treg
PBMC10k_TGTGAGTTCAGACCGC-1,6325,other,Eryth
PBMC10k_TGTGAGTTCCATCGTC-1,6326,CD8 T,CD8 Naive
PBMC10k_TGTGAGTTCGTTCATT-1,6327,CD4 T,CD4 TCM
PBMC10k_TGTGATGCAACTTGCA-1,6328,other T,MAIT
PBMC10k_TGTGATGCAAGTGTCT-1,6329,CD4 T,CD4 TCM
PBMC10k_TGTGATGCATAGGCGA-1,6330,CD4 T,CD4 Naive
PBMC10k_TGTGATGGTACATACC-1,6331,CD4 T,CD4 TEM
PBMC10k_TGTGATGTCGCATGAT-1,6334,CD4 T,CD4 TCM
PBMC10k_TGTGGCGCACATTGTG-1,6340,NK,NK
PBMC10k_TGTGGCGGTACTCCCT-1,6341,NK,NK
PBMC10k_TGTGGCGTCATTGAGC-1,6342,CD4 T,CD4 TEM
PBMC10k_TGTGTGAAGGGAGAAT-1,6343,Mono,CD14 Mono
PBMC10k_TGTGTGACAGAGCTAG-1,6344,Mono,CD14 Mono
PBMC10k_TGTGTGATCGCTAGCG-1,6345,CD4 T,CD4 Naive
PBMC10k_TGTTACTAGCTGAGTG-1,6346,CD4 T,CD4 Naive
PBMC10k_TGTTACTCAGCCTTCT-1,6349,DC,cDC2
PBMC10k_TGTTACTGTGAGGAAA-1,6350,NK,NK_CD56bright
PBMC10k_TGTTACTTCCGATAAC-1,6351,CD4 T,CD4 Naive
PBMC10k_TGTTACTTCGAGTCTA-1,6352,other,Eryth
PBMC10k_TGTTCATAGAGGTCAC-1,6353,Mono,CD14 Mono
PBMC10k_TGTTCATAGATGGTAT-1,6354,CD4 T,CD4 Naive
PBMC10k_TGTTCCGCACGATAGG-1,6358,B,B naive
PBMC10k_TGTTCCGCAGCAGAAC-1,6359,Mono,CD14 Mono
PBMC10k_TGTTCCGGTCTCACAA-1,6360,CD4 T,Treg
PBMC10k_TGTTCCGGTTGGGTTT-1,6363,CD4 T,CD4 TCM
PBMC10k_TGTTCCGGTTTGACAC-1,6364,CD4 T,CD4 Naive
PBMC10k_TGTTCCGTCTTGGAAC-1,6365,CD4 T,CD4 TCM
PBMC10k_TGTTCTAAGTCGTCTA-1,6366,Mono,CD14 Mono
PBMC10k_TGTTCTAAGTGTTGTC-1,6367,NK,NK
PBMC10k_TGTTCTAGTCTGTGAT-1,6368,B,B intermediate
PBMC10k_TGTTCTATCTCAGGCG-1,6369,CD4 T,Treg
PBMC10k_TGTTGAGAGTACTCGT-1,6373,other T,MAIT
PBMC10k_TGTTGAGCACATCCCT-1,6374,CD4 T,CD4 Naive
PBMC10k_TGTTGAGCACGTACTA-1,6375,CD4 T,CD4 TCM
PBMC10k_TGTTGAGCATCAGTCA-1,6376,CD8 T,CD8 TEM
PBMC10k_TGTTGGACAACTCGTA-1,6378,NK,NK
PBMC10k_TGTTGGACACCTGCGA-1,6379,other T,dnT
PBMC10k_TGTTGGACAGGTGTTT-1,6380,Mono,CD14 Mono
PBMC10k_TGTTGGATCCCGAGTG-1,6384,CD4 T,CD4 TEM
PBMC10k_TGTTTGTTCGCTCTAC-1,6390,CD4 T,CD4 Naive
PBMC10k_TGTTTGTTCGTGTCAA-1,6391,CD4 T,CD4 Naive
PBMC10k_TTAATCCCAAGCGCTC-1,6392,CD4 T,CD4 TCM
PBMC10k_TTAATCCCACGTAACT-1,6393,Mono,CD14 Mono
PBMC10k_TTAATCCGTAGGACCA-1,6395,CD4 T,CD4 Naive
PBMC10k_TTAATCCGTCCGCAGT-1,6396,NK,NK
PBMC10k_TTAATCCGTTGTCATG-1,6397,NK,NK
PBMC10k_TTAATCCGTTTGGGAG-1,6398,NK,NK Proliferating
PBMC10k_TTAATCCTCGACTCCT-1,6401,other T,MAIT
PBMC10k_TTACAGGAGGCAGCTA-1,6402,CD4 T,CD4 Naive
PBMC10k_TTACAGGTCAACACGT-1,6406,B,B memory
PBMC10k_TTACAGGTCAAGAGGC-1,6407,CD4 T,CD4 Naive
PBMC10k_TTACAGGTCATTTGGG-1,6408,other T,dnT
PBMC10k_TTACAGGTCCGCCTAT-1,6410,Mono,CD14 Mono
PBMC10k_TTACAGGTCGCTGTCT-1,6411,B,B memory
PBMC10k_TTACCATAGAGCACTG-1,6414,CD4 T,CD4 Naive
PBMC10k_TTACCATCAAATGATG-1,6416,other,ILC
PBMC10k_TTACCATGTAGCCCTG-1,6417,CD8 T,CD8 TEM
PBMC10k_TTACCATGTAGGTTTC-1,6418,CD4 T,CD4 TCM
PBMC10k_TTACCATTCCGACATA-1,6421,other,Eryth
PBMC10k_TTACCGCAGATAGTCA-1,6424,Mono,CD14 Mono
PBMC10k_TTACCGCCAGCTTTGA-1,6428,CD4 T,CD4 TCM
PBMC10k_TTACCGCGTGGTACAG-1,6429,NK,NK
PBMC10k_TTACGCCGTTCAAACC-1,6431,B,B naive
PBMC10k_TTACGCCTCTATCCAT-1,6436,other T,dnT
PBMC10k_TTACGCCTCTCTGGTC-1,6437,B,B intermediate
PBMC10k_TTACTGTAGGTTACAA-1,6440,other,Eryth
PBMC10k_TTACTGTCAAGTGGCA-1,6441,NK,NK Proliferating
PBMC10k_TTACTGTCACCCTATC-1,6442,other T,dnT
PBMC10k_TTACTGTCACTCATAG-1,6443,other T,dnT
PBMC10k_TTACTGTCAGAGTTGG-1,6444,CD4 T,CD4 TEM
PBMC10k_TTACTGTCAGATTTCG-1,6445,NK,NK
PBMC10k_TTACTGTGTGAATAAC-1,6449,NK,NK
PBMC10k_TTAGGCACAAACGGCA-1,6452,CD4 T,CD4 Naive
PBMC10k_TTAGGCACATACGCAT-1,6454,other T,gdT
PBMC10k_TTAGGCACATTCAGCA-1,6455,CD4 T,CD4 TCM
PBMC10k_TTAGGCATCGGATAAA-1,6457,CD4 T,Treg
PBMC10k_TTAGGGTCACATTCTT-1,6459,NK,NK
PBMC10k_TTAGGGTCATGACGGA-1,6460,CD4 T,CD4 Naive
PBMC10k_TTAGGGTGTACCTAAC-1,6461,Mono,CD14 Mono
PBMC10k_TTAGGGTGTAGCTGCC-1,6462,CD4 T,CD4 TCM
PBMC10k_TTAGGGTGTGGTCTCG-1,6463,CD4 T,CD4 TCM
PBMC10k_TTAGGGTGTTAAACCC-1,6464,CD4 T,CD4 TCM
PBMC10k_TTAGGGTTCACTACGA-1,6465,B,B naive
PBMC10k_TTAGTCTAGATTAGTG-1,6468,Mono,CD14 Mono
PBMC10k_TTAGTCTAGGTCCTGC-1,6470,CD4 T,Treg
PBMC10k_TTAGTCTAGGTGCATG-1,6471,CD4 T,CD4 TEM
PBMC10k_TTAGTCTCAAGTATAG-1,6473,other T,MAIT
PBMC10k_TTAGTCTCAGAACCGA-1,6474,Mono,CD14 Mono
PBMC10k_TTAGTCTCAGCCTATA-1,6475,CD4 T,CD4 Naive
PBMC10k_TTATTGCAGAGGGTCT-1,6479,Mono,CD14 Mono
PBMC10k_TTATTGCCACATATCG-1,6482,Mono,CD14 Mono
PBMC10k_TTATTGCCACTGAATC-1,6483,Mono,CD14 Mono
PBMC10k_TTATTGCCAGTTGTCA-1,6484,B,B naive
PBMC10k_TTATTGCTCATGCATG-1,6485,other T,dnT
PBMC10k_TTATTGCTCGGATACT-1,6487,CD4 T,Treg
PBMC10k_TTATTGCTCGTCTAAG-1,6488,Mono,CD14 Mono
PBMC10k_TTCAATCAGCATGGGT-1,6489,NK,NK
PBMC10k_TTCAATCGTAGCGTCC-1,6493,Mono,CD14 Mono
PBMC10k_TTCAATCGTCATGCAT-1,6494,CD4 T,Treg
PBMC10k_TTCAATCTCTCCCAAC-1,6495,CD4 T,CD4 TEM
PBMC10k_TTCACCGAGCTAATCC-1,6496,Mono,CD14 Mono
PBMC10k_TTCACCGCACAGTCCG-1,6497,CD8 T,CD8 Naive
PBMC10k_TTCACCGGTTCAGGTT-1,6500,CD4 T,CD4 TCM
PBMC10k_TTCACGCCAGAACCGA-1,6501,NK,NK
PBMC10k_TTCACGCGTAGGGTAC-1,6502,other T,MAIT
PBMC10k_TTCACGCGTTTCCCAC-1,6505,Mono,CD14 Mono
PBMC10k_TTCACGCTCAGTGTTG-1,6506,DC,cDC2
PBMC10k_TTCAGGACAGTGAGCA-1,6509,CD4 T,Treg
PBMC10k_TTCAGGACATTCACAG-1,6510,Mono,CD14 Mono
PBMC10k_TTCAGGAGTGTCACAT-1,6511,CD4 T,CD4 Naive
PBMC10k_TTCAGGATCGCTGACG-1,6512,CD8 T,CD8 TEM
PBMC10k_TTCATGTAGATCACCT-1,6514,Mono,CD14 Mono
PBMC10k_TTCATGTCACTCCTTG-1,6515,NK,NK
PBMC10k_TTCATGTGTCATTCCC-1,6516,Mono,CD16 Mono
PBMC10k_TTCATGTGTCTTCAAG-1,6517,NK,NK
PBMC10k_TTCATGTGTTGGCCGT-1,6518,CD4 T,CD4 Naive
PBMC10k_TTCATGTTCTTGCAAG-1,6519,Mono,CD14 Mono
PBMC10k_TTCATTGAGCTAGCCC-1,6521,other,Eryth
PBMC10k_TTCATTGCATGCCGGT-1,6524,other T,gdT
PBMC10k_TTCATTGGTACGGCAA-1,6525,NK,NK
PBMC10k_TTCCAATCACGTCGGT-1,6528,B,B memory
PBMC10k_TTCCAATCATCGAAGG-1,6529,CD4 T,CD4 Naive
PBMC10k_TTCCACGCAGCGTGAA-1,6530,other T,dnT
PBMC10k_TTCCACGGTGACAGGT-1,6531,Mono,CD14 Mono
PBMC10k_TTCCGGTAGGCTCACC-1,6534,CD4 T,CD4 Naive
PBMC10k_TTCCGGTAGTGGCCTC-1,6535,B,B naive
PBMC10k_TTCCGGTCAAAGACTA-1,6536,NK,NK
PBMC10k_TTCCGGTCAGCCCAGT-1,6538,CD4 T,CD4 TEM
PBMC10k_TTCCGTGAGAGTCCGA-1,6541,CD4 T,CD4 TCM
PBMC10k_TTCCGTGCAAGAGTAT-1,6543,other T,MAIT
PBMC10k_TTCCGTGCATGAGATA-1,6544,CD4 T,CD4 TEM
PBMC10k_TTCCGTGGTAACGTTC-1,6545,B,B intermediate
PBMC10k_TTCCGTGGTCAACGCC-1,6547,CD4 T,CD4 Naive
PBMC10k_TTCCGTGTCCATTTAC-1,6548,Mono,CD14 Mono
PBMC10k_TTCCGTGTCCTGGTCT-1,6549,CD4 T,CD4 TCM
PBMC10k_TTCCGTGTCTCAGAAC-1,6550,Mono,CD14 Mono
PBMC10k_TTCCTAACAATCTCGA-1,6554,CD8 T,CD8 TEM
PBMC10k_TTCCTAAGTTCCCACT-1,6557,NK,NK
PBMC10k_TTCCTCTCATAGTCAC-1,6560,CD4 T,CD4 Naive
PBMC10k_TTCCTCTTCTACTCAT-1,6561,Mono,CD16 Mono
PBMC10k_TTCCTTCCAAAGGATT-1,6562,CD8 T,CD8 Naive
PBMC10k_TTCCTTCGTCCAACGC-1,6564,NK,NK
PBMC10k_TTCCTTCGTGCTCGTG-1,6565,NK,NK
PBMC10k_TTCCTTCTCGACCAAT-1,6568,NK,NK
PBMC10k_TTCGATTCACGGCTAC-1,6570,CD4 T,CD4 TEM
PBMC10k_TTCGATTGTGGAAATT-1,6572,CD8 T,CD8 TEM
PBMC10k_TTCGATTTCAGGGTAG-1,6574,CD4 T,CD4 TCM
PBMC10k_TTCGCTGCACACCTTC-1,6576,CD8 T,CD8 Proliferating
PBMC10k_TTCGCTGCACGAAGAC-1,6577,CD8 T,CD8 Naive
PBMC10k_TTCGCTGCAGGTGGAT-1,6578,Mono,CD14 Mono
PBMC10k_TTCGCTGCAGGTTCAT-1,6579,CD8 T,CD8 TEM
PBMC10k_TTCGCTGGTGTTTCTT-1,6580,B,B naive
PBMC10k_TTCGCTGTCCATCTCG-1,6582,NK,NK
PBMC10k_TTCGCTGTCTCGGCTT-1,6585,other T,MAIT
PBMC10k_TTCGGTCGTGTCCGGT-1,6587,CD4 T,CD4 TCM
PBMC10k_TTCTAACAGTATAGGT-1,6589,CD4 T,CD4 TCM
PBMC10k_TTCTAACCAAACAGGC-1,6590,Mono,CD14 Mono
PBMC10k_TTCTAACCATACCGTA-1,6592,Mono,CD14 Mono
PBMC10k_TTCTAACCATCCTAAG-1,6593,CD4 T,CD4 Naive
PBMC10k_TTCTAACGTCATCAGT-1,6596,other T,MAIT
PBMC10k_TTCTAACTCCAGTGTA-1,6598,CD8 T,CD8 TEM
PBMC10k_TTCTAGTAGACCATGG-1,6599,CD4 T,CD4 TEM
PBMC10k_TTCTAGTCAGTATGAA-1,6603,other,Eryth
PBMC10k_TTCTAGTGTCGAAGCA-1,6606,CD4 T,CD4 TCM
PBMC10k_TTCTAGTTCTGAGAAA-1,6609,CD8 T,CD8 TEM
PBMC10k_TTCTAGTTCTTAGCTT-1,6610,CD8 T,CD8 Naive
PBMC10k_TTCTCTCAGTGCAAAT-1,6612,CD4 T,Treg
PBMC10k_TTCTCTCCATATCTCT-1,6613,CD4 T,CD4 Naive
PBMC10k_TTCTCTCTCAGTCACA-1,6615,CD4 T,CD4 TCM
PBMC10k_TTCTCTCTCTTTCTAG-1,6616,CD8 T,CD8 TCM
PBMC10k_TTCTGTAAGACGAGCT-1,6617,CD4 T,CD4 TCM
PBMC10k_TTCTGTAAGGAAAGTG-1,6619,other T,dnT
PBMC10k_TTCTGTACAATGTCTG-1,6621,CD4 T,CD4 Naive
PBMC10k_TTCTTCCGTCGTACAT-1,6623,Mono,CD16 Mono
PBMC10k_TTCTTCCGTGGCTTGC-1,6624,CD4 T,CD4 TCM
PBMC10k_TTCTTCCTCTGGGCGT-1,6628,B,B naive
PBMC10k_TTCTTGACAGCACAGA-1,6630,other T,dnT
PBMC10k_TTCTTGACAGCTTTCC-1,6631,CD4 T,CD4 Naive
PBMC10k_TTCTTGAGTCCCAAAT-1,6633,CD4 T,Treg
PBMC10k_TTGAACGGTGGCGCTT-1,6636,CD4 T,CD4 TCM
PBMC10k_TTGAACGTCGCCGTGA-1,6639,B,B intermediate
PBMC10k_TTGAACGTCGCTGATA-1,6640,DC,cDC2
PBMC10k_TTGACCCTCGGCTATA-1,6643,CD4 T,CD4 TCM
PBMC10k_TTGAGTGAGCACCGAA-1,6644,DC,cDC2
PBMC10k_TTGAGTGTCGCCTAGG-1,6646,NK,NK
PBMC10k_TTGATGGAGTTGCCCG-1,6647,CD4 T,CD4 Naive
PBMC10k_TTGATGGGTCGACTGC-1,6650,CD4 T,CD4 Naive
PBMC10k_TTGATGGTCCATTCGC-1,6652,Mono,CD14 Mono
PBMC10k_TTGATGGTCCTACTGC-1,6653,other T,gdT
PBMC10k_TTGATGGTCGGCCAAC-1,6654,other T,MAIT
PBMC10k_TTGATGGTCTCTTAAC-1,6655,NK,NK
PBMC10k_TTGCATTAGACCGCCT-1,6656,NK,NK
PBMC10k_TTGCATTGTGAGTTTC-1,6661,CD4 T,CD4 Naive
PBMC10k_TTGCCTGAGCACTAGG-1,6663,CD4 T,CD4 TCM
PBMC10k_TTGCCTGAGGCGATAC-1,6664,CD4 T,CD4 Naive
PBMC10k_TTGCCTGCACCCGTAG-1,6665,CD4 T,CD4 TCM
PBMC10k_TTGCCTGCATCAGCTA-1,6666,DC,ASDC
PBMC10k_TTGCCTGGTACAAAGT-1,6667,CD4 T,CD4 Naive
PBMC10k_TTGCGTCAGAACTGAT-1,6671,CD8 T,CD8 Naive
PBMC10k_TTGCGTCCAGCTGTGC-1,6672,Mono,CD14 Mono
PBMC10k_TTGCGTCCATCGCTGG-1,6673,CD4 T,CD4 TCM
PBMC10k_TTGCGTCGTCGAAGCA-1,6674,CD8 T,CD8 TCM
PBMC10k_TTGCTGCCAAAGCACG-1,6675,CD4 T,CD4 Naive
PBMC10k_TTGCTGCCAGAGACTG-1,6677,other T,MAIT
PBMC10k_TTGCTGCGTCGCGTCA-1,6678,B,B memory
PBMC10k_TTGCTGCGTGCCGAAA-1,6679,B,B naive
PBMC10k_TTGCTGCTCAAGAATG-1,6680,DC,cDC2
PBMC10k_TTGCTGCTCACCTACC-1,6681,Mono,CD14 Mono
PBMC10k_TTGCTGCTCATGCTAG-1,6682,CD4 T,CD4 Naive
PBMC10k_TTGCTGCTCTGAATCG-1,6684,Mono,CD14 Mono
PBMC10k_TTGGATGAGATCCAAA-1,6685,CD8 T,CD8 Naive
PBMC10k_TTGGATGCAATATCCG-1,6688,Mono,CD14 Mono
PBMC10k_TTGGATGGTTCTCACC-1,6690,CD4 T,CD4 TCM
PBMC10k_TTGGGATAGCGGATCA-1,6694,CD4 T,CD4 TCM
PBMC10k_TTGGGATAGTTTCAGC-1,6695,Mono,CD16 Mono
PBMC10k_TTGGGATCACTGGACC-1,6696,CD4 T,CD4 Naive
PBMC10k_TTGGGATCAGGGCTTC-1,6697,CD4 T,CD4 Naive
PBMC10k_TTGGGATGTATGTGTC-1,6698,CD4 T,CD4 Naive
PBMC10k_TTGGGCGCACTCACTC-1,6699,CD4 T,CD4 Naive
PBMC10k_TTGGGCGGTACAGAGC-1,6700,other,Eryth
PBMC10k_TTGGGCGGTTACGATC-1,6702,Mono,CD14 Mono
PBMC10k_TTGGGCGTCTGAATGC-1,6703,DC,cDC2
PBMC10k_TTGGGTAAGCTCTTCC-1,6705,CD8 T,CD8 Naive
PBMC10k_TTGGGTAAGGTAGGCT-1,6706,CD4 T,CD4 TCM
PBMC10k_TTGGGTAAGTCACAGG-1,6707,NK,NK
PBMC10k_TTGGGTAAGTGAGTTA-1,6708,CD8 T,CD8 Naive
PBMC10k_TTGGGTACAGGCTATT-1,6710,CD4 T,CD4 TCM
PBMC10k_TTGGGTAGTGAATGAT-1,6711,NK,NK
PBMC10k_TTGGGTATCATCTGTT-1,6713,other T,MAIT
PBMC10k_TTGGTTTAGAGTCACG-1,6715,CD4 T,CD4 TEM
PBMC10k_TTGGTTTAGCTCATAC-1,6717,B,B naive
PBMC10k_TTGGTTTCAGGACTTT-1,6720,other T,MAIT
PBMC10k_TTGTGGAAGACGACTG-1,6723,B,B naive
PBMC10k_TTGTGGAAGTCGCCCA-1,6724,Mono,CD14 Mono
PBMC10k_TTGTGGATCATTCATC-1,6726,CD4 T,CD4 Naive
PBMC10k_TTGTGGATCTGACCCT-1,6727,NK,NK
PBMC10k_TTGTGTTAGCAAGTGC-1,6729,Mono,CD14 Mono
PBMC10k_TTGTGTTAGTGGTTCT-1,6730,B,B naive
PBMC10k_TTGTGTTCAAATCGTC-1,6731,NK,NK
PBMC10k_TTGTGTTCAGGGCTTC-1,6732,CD4 T,CD4 Naive
PBMC10k_TTGTGTTTCAGCATTG-1,6733,CD4 T,CD4 TCM
PBMC10k_TTGTTCAAGATGACAT-1,6735,CD4 T,CD4 Naive
PBMC10k_TTGTTCACAGCTCCTT-1,6736,B,B naive
PBMC10k_TTGTTCACATTCAGGT-1,6737,B,B naive
PBMC10k_TTGTTCAGTAGATGTA-1,6739,Mono,CD16 Mono
PBMC10k_TTGTTGTAGACGCAGT-1,6741,Mono,CD14 Mono
PBMC10k_TTGTTGTAGTGTTCCA-1,6743,other T,MAIT
PBMC10k_TTGTTGTGTCTGTGAT-1,6746,CD8 T,CD8 Proliferating
PBMC10k_TTGTTTGAGATCACCT-1,6748,Mono,CD14 Mono
PBMC10k_TTGTTTGAGCTATCTG-1,6749,CD8 T,CD8 Proliferating
PBMC10k_TTGTTTGGTTTCGCTC-1,6751,NK,NK_CD56bright
PBMC10k_TTTACGTAGCCTCTGG-1,6754,other T,MAIT
PBMC10k_TTTACGTCAATCTCTT-1,6755,B,B naive
PBMC10k_TTTACGTCATGTTCAG-1,6756,Mono,CD14 Mono
PBMC10k_TTTACGTGTGCCCACA-1,6758,CD4 T,Treg
PBMC10k_TTTACGTGTTAAGGGC-1,6759,NK,NK
PBMC10k_TTTACGTTCCATCGTC-1,6760,NK,NK
PBMC10k_TTTACTGAGTGGCGAT-1,6763,CD8 T,CD8 Naive
PBMC10k_TTTACTGCAATGTTGC-1,6764,other,ILC
PBMC10k_TTTACTGCAGTTTGGT-1,6766,B,B naive
PBMC10k_TTTACTGGTTCGGGTC-1,6770,other,Eryth
PBMC10k_TTTACTGTCCTCACTG-1,6771,B,B naive
PBMC10k_TTTAGTCCACCTAAAC-1,6776,CD4 T,CD4 TEM
PBMC10k_TTTAGTCGTCCTACGG-1,6777,NK,NK
PBMC10k_TTTAGTCTCATGCCGG-1,6778,Mono,CD14 Mono
PBMC10k_TTTATGCAGCCGTAAG-1,6781,Mono,CD14 Mono
PBMC10k_TTTATGCAGCTCGGCT-1,6782,CD8 T,CD8 TEM
PBMC10k_TTTATGCGTTTCAGAC-1,6784,CD4 T,CD4 TEM
PBMC10k_TTTATGCTCTGCGTCT-1,6786,Mono,CD14 Mono
PBMC10k_TTTCACAAGTACCCTA-1,6788,Mono,CD14 Mono
PBMC10k_TTTCACACAATAACCC-1,6789,CD4 T,CD4 TCM
PBMC10k_TTTCACAGTACGAAAT-1,6791,CD4 T,CD4 Naive
PBMC10k_TTTCACATCAAACGAA-1,6792,other T,dnT
PBMC10k_TTTCACATCAGAGTGG-1,6793,DC,cDC2
PBMC10k_TTTCACATCTCCGAGG-1,6794,Mono,CD14 Mono
PBMC10k_TTTCAGTCAAACCACT-1,6796,CD4 T,CD4 Naive
PBMC10k_TTTCAGTCACGTGTGC-1,6797,other T,MAIT
PBMC10k_TTTCAGTTCCACAAGT-1,6800,other T,gdT
PBMC10k_TTTCAGTTCGTGGGTC-1,6801,NK,NK
PBMC10k_TTTCATGAGCCTCGTG-1,6803,Mono,CD16 Mono
PBMC10k_TTTCATGCACGTAGTT-1,6804,NK,NK
PBMC10k_TTTCATGTCACACGAT-1,6805,CD4 T,CD4 TCM
PBMC10k_TTTCCTCCAAATGATG-1,6808,B,B intermediate
PBMC10k_TTTCCTCCACAAGTGG-1,6809,CD4 T,CD4 TEM
PBMC10k_TTTCCTCGTCTTGGTA-1,6810,CD8 T,CD8 TEM
PBMC10k_TTTCCTCTCGTAGAGG-1,6812,CD4 T,CD4 Naive
PBMC10k_TTTCGATAGGGATGTC-1,6815,other,Eryth
PBMC10k_TTTCGATCACCAGACC-1,6816,CD4 T,Treg
PBMC10k_TTTGACTCATGTGGTT-1,6822,B,B naive
PBMC10k_TTTGACTGTCCTCATC-1,6823,CD4 T,CD4 Naive
PBMC10k_TTTGACTGTCTGTTAG-1,6824,other T,MAIT
PBMC10k_TTTGACTTCCTTATGT-1,6825,CD8 T,CD8 Naive
PBMC10k_TTTGATCAGAGGTCGT-1,6826,NK,NK
PBMC10k_TTTGGAGAGAATCGTA-1,6831,CD4 T,Treg
PBMC10k_TTTGGAGCAGCGTATT-1,6834,CD4 T,CD4 TCM
PBMC10k_TTTGGAGGTTTGTTGG-1,6837,CD4 T,CD4 TCM
PBMC10k_TTTGGAGTCTCTATGT-1,6840,CD4 T,Treg
PBMC10k_TTTGGTTAGTAGGGTC-1,6841,CD8 T,CD8 TEM
PBMC10k_TTTGGTTGTCTTCAAG-1,6843,DC,cDC2
PBMC10k_TTTGGTTTCAAGAAAC-1,6844,Mono,CD14 Mono
PBMC10k_TTTGTTGAGGCCACCT-1,6848,NK,NK
PBMC10k_TTTGTTGCACGAAAGC-1,6849,Mono,CD14 Mono
PBMC10k_TTTGTTGGTCTCTCAC-1,6850,CD4 T,CD4 Naive
PBMC10k_TTTGTTGGTTGCATGT-1,6852,CD8 T,CD8 Naive
PBMC10k_TTTGTTGTCGAGTGAG-1,6853,CD4 T,CD4 TEM
PBMC10k_TTTGTTGTCGTTCAGA-1,6854,CD4 T,CD4 TCM
