cell_id,source_row_index,cell_type_l1,cell_type_l2
PBMC10k_AAACCCAAGATTGTGA-1,0,Mono,CD14 Mono
PBMC10k_AAACCCACATCGGTTA-1,1,Mono,CD14 Mono
PBMC10k_AAACCCAGTATCGAAA-1,3,NK,NK
PBMC10k_AAACCCAGTGCATTTG-1,7,Mono,CD14 Mono
PBMC10k_AAACCCATCTCAACGA-1,9,CD4 T,CD4 Naive
PBMC10k_AAACCCATCTCTCGAC-1,10,CD4 T,Treg
PBMC10k_AAACGAACAATCGTCA-1,11,CD4 T,CD4 Naive
PBMC10k_AAACGAACACGATTCA-1,12,CD4 T,CD4 TCM
PBMC10k_AAACGAAGTGATTAGA-1,14,CD4 T,Treg
PBMC10k_AAACGAAGTTGGGATG-1,15,CD4 T,Treg
PBMC10k_AAACGCTAGACATAGT-1,17,other,Eryth
PBMC10k_AAACGCTAGAGGCGTT-1,18,Mono,CD14 Mono
PBMC10k_AAACGCTCAGACAATA-1,19,Mono,CD14 Mono
PBMC10k_AAACGCTCAGTTAAAG-1,20,Mono,CD14 Mono
PBMC10k_AAACGCTGTGCTATTG-1,22,CD8 T,CD8 Naive
PBMC10k_AAACGCTTCGGCCTTT-1,24,CD4 T,CD4 Naive
PBMC10k_AAAGAACAGGATTCCT-1,25,other,Eryth
PBMC10k_AAAGAACAGGTAGACC-1,26,Mono,CD14 Mono
PBMC10k_AAAGAACCAAAGCTAA-1,27,DC,cDC2
PBMC10k_AAAGAACCACTGTGTA-1,29,B,B intermediate
PBMC10k_AAAGAACGTACAGTTC-1,31,CD4 T,CD4 Naive
PBMC10k_AAAGGATAGCGTCTCG-1,35,CD8 T,CD8 Naive
PBMC10k_AAAGGATAGTCGCGAA-1,39,CD4 T,CD4 Naive
PBMC10k_AAAGGATCACCGAATT-1,42,CD4 T,CD4 Naive
PBMC10k_AAAGGATCATCATCTT-1,43,Mono,CD14 Mono
PBMC10k_AAAGGATCATCCCGTT-1,44,CD4 T,Treg
PBMC10k_AAAGGATGTTTCCCAC-1,46,Mono,CD14 Mono
PBMC10k_AAAGGATTCAGCATTG-1,47,Mono,CD14 Mono
PBMC10k_AAAGGGCAGATTGCGG-1,48,NK,NK
PBMC10k_AAAGGGCAGCATGAAT-1,49,Mono,CD14 Mono
PBMC10k_AAAGGGCCATTGAGGG-1,50,CD4 T,CD4 Naive
PBMC10k_AAAGGGCGTCCTATAG-1,52,CD4 T,CD4 TCM
PBMC10k_AAAGGGCGTGGCGTAA-1,53,CD4 T,CD4 TCM
PBMC10k_AAAGGGCTCTTAGCCC-1,56,NK,NK
PBMC10k_AAAGGTAAGGTTAAAC-1,57,DC,cDC2
PBMC10k_AAAGGTAAGTGTTGTC-1,58,other T,MAIT
PBMC10k_AAAGGTAGTATGCAAA-1,60,B,B naive
PBMC10k_AAAGGTAGTCTACGTA-1,61,CD4 T,CD4 Naive
PBMC10k_AAAGGTATCTGCCTGT-1,62,CD4 T,CD4 Naive
PBMC10k_AAAGTCCAGGCATCGA-1,63,DC,cDC2
PBMC10k_AAAGTCCCACGGCGTT-1,64,Mono,CD16 Mono
PBMC10k_AAAGTGAAGACCCTTA-1,68,other T,gdT
PBMC10k_AAAGTGAAGAGCTGAC-1,69,CD4 T,CD4 TEM
PBMC10k_AAAGTGAAGAGCTGCA-1,70,CD8 T,CD8 Naive
PBMC10k_AAAGTGACACGTACAT-1,71,CD4 T,CD4 Naive
PBMC10k_AAAGTGACATAACGGG-1,73,other,Eryth
PBMC10k_AAAGTGAGTCCAATCA-1,74,CD4 T,CD4 TCM
PBMC10k_AAAGTGAGTTTGTTGG-1,76,Mono,CD14 Mono
PBMC10k_AACAAAGAGAAACTAC-1,80,NK,NK
PBMC10k_AACAAAGAGGCAATGC-1,81,CD4 T,CD4 TCM
PBMC10k_AACAAAGCAATGTTGC-1,82,B,B memory
PBMC10k_AACAAAGTCACGGGCT-1,84,other,Eryth
PBMC10k_AACAACCAGAATCGAT-1,86,Mono,CD14 Mono
PBMC10k_AACAACCCAATTGCTG-1,87,CD4 T,CD4 Naive
PBMC10k_AACAACCGTGGCTTAT-1,88,CD4 T,Treg
PBMC10k_AACAACCTCTCCAATT-1,90,CD4 T,CD4 TCM
PBMC10k_AACAAGATCTGTCGTC-1,93,B,B intermediate
PBMC10k_AACACACAGCTGTACT-1,94,CD4 T,CD4 TCM
PBMC10k_AACACACGTTAGTTCG-1,97,CD4 T,CD4 TEM
PBMC10k_AACAGGGAGCTGGCTC-1,100,CD4 T,CD4 TCM
PBMC10k_AACAGGGAGGTCACCC-1,101,Mono,CD14 Mono
PBMC10k_AACAGGGCAAGTTCCA-1,103,NK,NK
PBMC10k_AACAGGGCACACCAGC-1,104,CD4 T,CD4 Naive
PBMC10k_AACAGGGGTCAACATC-1,107,Mono,CD14 Mono
PBMC10k_AACCAACGTACTCGAT-1,112,Mono,CD14 Mono
PBMC10k_AACCACACAGCGTTGC-1,115,other T,MAIT
PBMC10k_AACCACACAGGTGACA-1,116,CD4 T,CD4 TCM
PBMC10k_AACCACAGTCACCTTC-1,117,NK,NK
PBMC10k_AACCACAGTCTACGTA-1,118,NK,NK
PBMC10k_AACCACATCAAACCTG-1,120,CD4 T,CD4 TCM
PBMC10k_AACCACATCGTGCAGC-1,121,other T,dnT
PBMC10k_AACCATGGTTCGTAAC-1,124,NK,NK
PBMC10k_AACCCAAGTCGGTGAA-1,128,CD8 T,CD8 TCM
PBMC10k_AACCCAAGTTCAAACC-1,129,DC,cDC2
PBMC10k_AACCCAAGTTTCCCAC-1,130,CD4 T,CD4 TCM
PBMC10k_AACCTGACATCCCGTT-1,131,other T,MAIT
PBMC10k_AACCTGACATTGAAAG-1,132,NK,NK
PBMC10k_AACCTGATCCCATAGA-1,135,B,B naive
PBMC10k_AACCTGATCGGTAGAG-1,136,CD8 T,CD8 TEM
PBMC10k_AACCTTTAGAGAGCAA-1,137,CD4 T,CD4 Naive
PBMC10k_AACCTTTAGCTCAGAG-1,138,CD8 T,CD8 Naive
PBMC10k_AACCTTTCAATTGCAC-1,139,CD4 T,CD4 Naive
PBMC10k_AACCTTTGTAAGTCAA-1,143,NK,NK
PBMC10k_AACCTTTTCCTTATCA-1,144,Mono,CD14 Mono
PBMC10k_AACCTTTTCGACACTA-1,145,Mono,CD14 Mono
PBMC10k_AACGAAAAGACGAAGA-1,147,other T,dnT
PBMC10k_AACGAAAAGCTTGTGT-1,148,CD4 T,CD4 TCM
PBMC10k_AACGAAAAGGAACGTC-1,149,CD4 T,CD4 TEM
PBMC10k_AACGAAAAGTGGTTCT-1,150,Mono,CD14 Mono
PBMC10k_AACGAAATCACCACAA-1,153,other T,dnT
PBMC10k_AACGAAATCTCCACTG-1,154,CD4 T,CD4 Naive
PBMC10k_AACGAAATCTTGCGCT-1,155,NK,NK
PBMC10k_AACGGGACATGATCTG-1,159,CD4 T,CD4 Naive
PBMC10k_AACGGGACATTGTGCA-1,160,B,B intermediate
PBMC10k_AACGGGATCCATAAGC-1,161,Mono,CD14 Mono
PBMC10k_AACGTCAAGACCAACG-1,162,other T,dnT
PBMC10k_AACGTCAAGAGTCAGC-1,163,Mono,CD14 Mono
PBMC10k_AACGTCACAGCACAGA-1,165,CD8 T,CD8 Naive
PBMC10k_AACGTCACAGTCAACT-1,166,CD4 T,CD4 TCM
PBMC10k_AACGTCATCGGCTGGT-1,167,other T,MAIT
PBMC10k_AACTTCTCATCATCCC-1,168,B,B memory
PBMC10k_AACTTCTGTACTGAGG-1,170,Mono,CD14 Mono
PBMC10k_AACTTCTTCTCTTCAA-1,173,CD4 T,CD4 TCM
PBMC10k_AAGAACAAGTTACGAA-1,175,other,HSPC
PBMC10k_AAGAACAAGTTGAAAC-1,176,B,B memory
PBMC10k_AAGAACACAGGCACAA-1,179,CD4 T,CD4 Naive
PBMC10k_AAGAACATCACCGCTT-1,181,CD4 T,Treg
PBMC10k_AAGAACATCAGAGTTC-1,182,Mono,CD14 Mono
PBMC10k_AAGAACATCCGGCTTT-1,183,Mono,CD14 Mono
PBMC10k_AAGACAAGTCAGACTT-1,184,CD4 T,CD4 Naive
PBMC10k_AAGACAAGTCTATGAC-1,185,Mono,CD14 Mono
PBMC10k_AAGACAATCTGCACCT-1,187,other T,dnT
PBMC10k_AAGACTCAGTATAGAC-1,189,NK,NK
PBMC10k_AAGACTCGTGGCTAGA-1,190,Mono,CD14 Mono
PBMC10k_AAGACTCGTTGACGGA-1,191,CD8 T,CD8 Naive
PBMC10k_AAGACTCTCACGTCCT-1,192,DC,cDC2
PBMC10k_AAGACTCTCCTACAAG-1,194,Mono,CD14 Mono
PBMC10k_AAGACTCTCGAGAACG-1,195,CD4 T,CD4 TCM
PBMC10k_AAGACTCTCTATCACT-1,196,B,B naive
PBMC10k_AAGACTCTCTCTTAAC-1,197,other T,MAIT
PBMC10k_AAGATAGAGAAAGCGA-1,198,NK,NK_CD56bright
PBMC10k_AAGATAGAGAGCCATG-1,199,other,Eryth
PBMC10k_AAGATAGAGCGAACTG-1,200,Mono,CD16 Mono
PBMC10k_AAGATAGGTAGCTGAG-1,201,CD4 T,CD4 Naive
PBMC10k_AAGATAGGTGCCGGTT-1,202,NK,NK
PBMC10k_AAGATAGGTTAGAGTA-1,203,other T,dnT
PBMC10k_AAGATAGTCACTGCTC-1,204,CD4 T,CD4 TEM
PBMC10k_AAGATAGTCTCGCTTG-1,205,CD4 T,CD4 Naive
PBMC10k_AAGCATCAGTGGAATT-1,206,Mono,CD14 Mono
PBMC10k_AAGCATCCAATACCTG-1,207,CD8 T,CD8 TEM
PBMC10k_AAGCATCCAGCCTATA-1,208,CD4 T,CD4 TEM
PBMC10k_AAGCATCTCAGAACCT-1,210,CD4 T,CD4 TCM
PBMC10k_AAGCATCTCGGAATTC-1,212,Mono,CD14 Mono
PBMC10k_AAGCCATAGGTCATCT-1,214,Mono,CD14 Mono
PBMC10k_AAGCCATCAGACGATG-1,215,CD4 T,CD4 TEM
PBMC10k_AAGCCATGTTACAGCT-1,217,Mono,CD14 Mono
PBMC10k_AAGCGAGAGGTAAGGA-1,219,Mono,CD14 Mono
PBMC10k_AAGCGAGGTCCAGTTA-1,224,CD4 T,CD4 Naive
PBMC10k_AAGCGAGGTGGCTGAA-1,225,CD4 T,CD4 TEM
PBMC10k_AAGCGAGGTTATGTCG-1,226,NK,NK
PBMC10k_AAGCGAGTCACTTATC-1,227,Mono,CD14 Mono
PBMC10k_AAGCGAGTCCTGTTGC-1,228,Mono,CD14 Mono
PBMC10k_AAGCGAGTCTGAATCG-1,229,B,B memory
PBMC10k_AAGCGTTGTCAAACGG-1,232,B,B naive
PBMC10k_AAGCGTTGTGTCTAAC-1,235,NK,NK
PBMC10k_AAGCGTTTCAGACCGC-1,236,CD4 T,CD4 TEM
PBMC10k_AAGGAATAGCGAGTCA-1,237,CD4 T,CD4 TCM
PBMC10k_AAGGAATTCGACCACG-1,239,CD4 T,CD4 TEM
PBMC10k_AAGGTAAAGAACTGAT-1,241,other,ILC
PBMC10k_AAGGTAAGTGAAGCGT-1,243,other,Eryth
PBMC10k_AAGGTAAGTTCAGGTT-1,244,CD8 T,CD8 Proliferating
PBMC10k_AAGGTAATCAACTGAC-1,245,Mono,CD16 Mono
PBMC10k_AAGTACCAGGCGACAT-1,248,CD4 T,CD4 TCM
PBMC10k_AAGTACCAGTCTCTGA-1,249,B,B memory
PBMC10k_AAGTACCGTTCGATTG-1,251,Mono,CD14 Mono
PBMC10k_AAGTCGTAGCACCAGA-1,253,CD4 T,CD4 TCM
PBMC10k_AAGTCGTAGTAAATGC-1,254,B,B naive
PBMC10k_AAGTCGTCACTTCATT-1,256,other T,MAIT
PBMC10k_AAGTCGTGTACCGGCT-1,257,Mono,CD14 Mono
PBMC10k_AAGTCGTGTGCAGATG-1,258,Mono,CD16 Mono
PBMC10k_AAGTCGTTCCATACAG-1,260,NK,NK
PBMC10k_AAGTGAACACCTTCCA-1,261,CD4 T,CD4 TCM
PBMC10k_AAGTGAACATCCAACA-1,262,Mono,CD14 Mono
PBMC10k_AAGTGAAGTACTTCCC-1,263,Mono,CD14 Mono
PBMC10k_AAGTTCGGTCGTGGTC-1,268,CD4 T,CD4 Naive
PBMC10k_AAGTTCGGTGCAATGG-1,269,CD4 T,CD4 TCM
PBMC10k_AAGTTCGTCGGTTAGT-1,271,other,Eryth
PBMC10k_AATAGAGAGACTCTAC-1,272,Mono,CD14 Mono
PBMC10k_AATAGAGTCCCGAGAC-1,276,CD4 T,CD4 Naive
PBMC10k_AATCACGAGGAAAGGT-1,278,CD4 T,CD4 Naive
PBMC10k_AATCACGGTGCATGAG-1,279,other T,MAIT
PBMC10k_AATCACGTCAGTGCGC-1,281,Mono,CD14 Mono
PBMC10k_AATCACGTCCGGCAGT-1,282,Mono,CD14 Mono
PBMC10k_AATCACGTCTAAGCGT-1,283,CD4 T,CD4 TCM
PBMC10k_AATCGACAGAAGGTAG-1,285,CD4 T,CD4 CTL
PBMC10k_AATCGACAGCAGGTCA-1,286,CD4 T,CD4 Naive
PBMC10k_AATCGACCAATGGCCC-1,287,CD4 T,CD4 TEM
PBMC10k_AATCGACCACCTGAAT-1,288,NK,NK
PBMC10k_AATCGACCAGATGCGA-1,290,other T,MAIT
PBMC10k_AATCGACGTGTGCTTA-1,293,CD4 T,CD4 Naive
PBMC10k_AATCGACTCGAAACAA-1,294,CD4 T,CD4 Naive
PBMC10k_AATCGACTCTATACTC-1,295,CD4 T,CD4 Naive
PBMC10k_AATCGTGTCCCAATAG-1,297,other T,dnT
PBMC10k_AATCGTGTCTAACGGT-1,298,CD4 T,CD4 Naive
PBMC10k_AATGAAGAGGCTCAAG-1,299,CD4 T,CD4 TEM
PBMC10k_AATGAAGCATTCGGGC-1,301,other,Eryth
PBMC10k_AATGAAGGTGTTAAAG-1,302,other,Eryth
PBMC10k_AATGACCGTAACTTCG-1,305,B,B naive
PBMC10k_AATGACCGTCTACATG-1,307,other T,MAIT
PBMC10k_AATGACCGTTAAGGGC-1,308,Mono,CD14 Mono
PBMC10k_AATGACCGTTTGACAC-1,310,B,B memory
PBMC10k_AATGCCACAACGAGGT-1,314,CD4 T,CD4 Naive
PBMC10k_AATGCCACAAGACAAT-1,315,B,B naive
PBMC10k_AATGCCACACATCCCT-1,316,NK,NK
PBMC10k_AATGCCATCTGCCCTA-1,320,Mono,CD14 Mono
PBMC10k_AATGGAAAGTAGACAT-1,322,Mono,CD14 Mono
PBMC10k_AATGGAAAGTCACTGT-1,323,Mono,CD14 Mono
PBMC10k_AATGGAACAGGCACTC-1,326,CD4 T,CD4 TCM
PBMC10k_AATGGCTAGTATGAAC-1,329,NK,NK
PBMC10k_AATTCCTAGCCTCTGG-1,333,CD8 T,CD8 TEM
PBMC10k_AATTCCTCAGAGATGC-1,337,Mono,CD14 Mono
PBMC10k_AATTCCTCAGGGTCTC-1,338,CD4 T,CD4 Naive
PBMC10k_AATTCCTCAGGTAGTG-1,339,Mono,CD14 Mono
PBMC10k_AATTCCTGTGGTCTAT-1,341,CD4 T,CD4 Naive
PBMC10k_AATTTCCCAAGATTGA-1,345,other T,MAIT
PBMC10k_AATTTCCGTTGCTCCT-1,347,CD4 T,CD4 TEM
PBMC10k_AATTTCCTCAAGTGTC-1,349,Mono,CD14 Mono
PBMC10k_ACAAAGACACTACCGG-1,354,NK,NK
PBMC10k_ACAAAGAGTCATCGCG-1,355,other,ILC
PBMC10k_ACAAAGAGTTAAGAAC-1,356,CD8 T,CD8 TEM
PBMC10k_ACAAAGATCGAAACAA-1,358,Mono,CD14 Mono
PBMC10k_ACAACCACAACCGATT-1,361,Mono,CD14 Mono
PBMC10k_ACAACCACAGCGAGTA-1,363,B,Plasmablast
PBMC10k_ACAACCACATGACACT-1,364,CD4 T,CD4 TEM
PBMC10k_ACAAGCTAGACCCGCT-1,366,CD8 T,CD8 Naive
PBMC10k_ACAAGCTCACTACCGG-1,368,Mono,CD14 Mono
PBMC10k_ACAAGCTCATAAGCGG-1,370,other,Eryth
PBMC10k_ACAAGCTCATTCCTCG-1,371,CD4 T,Treg
PBMC10k_ACAAGCTTCACTACGA-1,372,CD4 T,CD4 TCM
PBMC10k_ACAAGCTTCGAACACT-1,373,CD8 T,CD8 Naive
PBMC10k_ACACAGTAGTCATAGA-1,375,Mono,CD14 Mono
PBMC10k_ACACAGTCAGTTTCGA-1,377,other T,dnT
PBMC10k_ACACAGTGTCACAATC-1,378,CD8 T,CD8 Naive
PBMC10k_ACACAGTTCACCCTGT-1,379,CD4 T,CD4 TCM
PBMC10k_ACACCAAAGACTACGG-1,381,CD8 T,CD8 Naive
PBMC10k_ACACCAAAGATGACAT-1,382,CD4 T,CD4 TCM
PBMC10k_ACACCAACACAACATC-1,386,other T,MAIT
PBMC10k_ACACCAACACTGATTG-1,387,other,Eryth
PBMC10k_ACACCAATCCGAACGC-1,388,CD4 T,CD4 TCM
PBMC10k_ACACGCGAGTAAGCAT-1,391,CD4 T,CD4 Naive
PBMC10k_ACACGCGCAGTAGTTC-1,394,Mono,CD14 Mono
PBMC10k_ACACGCGGTCAATCTG-1,395,CD8 T,CD8 Naive
PBMC10k_ACACGCGGTCTCCCTA-1,396,Mono,CD14 Mono
PBMC10k_ACACGCGTCTTTCAGT-1,397,CD4 T,CD4 Naive
PBMC10k_ACACTGAGTACTCCGG-1,402,other,ILC
PBMC10k_ACACTGAGTACTCGTA-1,403,NK,NK
PBMC10k_ACACTGAGTTTGATCG-1,405,other,Eryth
PBMC10k_ACAGAAACAAAGACGC-1,407,CD4 T,CD4 TCM
PBMC10k_ACAGAAACATGACTAC-1,408,DC,cDC2
PBMC10k_ACAGAAATCGGCGATC-1,410,DC,cDC2
PBMC10k_ACAGCCGCAAAGGGTC-1,412,Mono,CD14 Mono
PBMC10k_ACAGCCGGTGCTGTCG-1,414,NK,NK
PBMC10k_ACAGCCGGTTGGGATG-1,415,NK,NK
PBMC10k_ACAGCCGTCTCTGACC-1,418,B,B naive
PBMC10k_ACAGGGAAGGACTATA-1,420,CD4 T,CD4 TCM
PBMC10k_ACAGGGAGTACCCGCA-1,421,CD4 T,CD4 Naive
PBMC10k_ACAGGGATCCACCTGT-1,423,other T,MAIT
PBMC10k_ACAGGGATCTCGGCTT-1,425,other T,dnT
PBMC10k_ACATCCCCACTTCAGA-1,427,NK,NK
PBMC10k_ACATCCCCAGTGCCTG-1,428,Mono,CD14 Mono
PBMC10k_ACATCCCGTCATTGCA-1,430,CD4 T,CD4 Naive
PBMC10k_ACATCCCGTGGTACAG-1,431,Mono,CD14 Mono
PBMC10k_ACATCCCTCTGCCTGT-1,433,CD4 T,CD4 Naive
PBMC10k_ACATCGACAAAGGCGT-1,436,B,B naive
PBMC10k_ACATCGACACCCTAGG-1,437,other,Eryth
PBMC10k_ACATCGACACGACAGA-1,438,NK,NK
PBMC10k_ACATGCAAGTCTAACC-1,441,CD4 T,CD4 Naive
PBMC10k_ACATGCACACTGGAAG-1,444,other T,MAIT
PBMC10k_ACATGCACAGCTGAGA-1,445,Mono,CD16 Mono
PBMC10k_ACATGCACAGGCGATA-1,446,CD4 T,CD4 TCM
PBMC10k_ACATTTCAGAGACAAG-1,448,CD4 T,CD4 Naive
PBMC10k_ACATTTCGTATCGAAA-1,451,CD4 T,CD4 Naive
PBMC10k_ACATTTCTCCCGTGTT-1,453,CD4 T,CD4 Naive
PBMC10k_ACATTTCTCGTAGCCG-1,454,CD4 T,CD4 TEM
PBMC10k_ACCAAACAGTCAGAGC-1,455,Mono,CD14 Mono
PBMC10k_ACCAAACCATGTTCAG-1,457,Mono,CD14 Mono
PBMC10k_ACCAAACTCGGCCTTT-1,458,other T,MAIT
PBMC10k_ACCAACAAGACACACG-1,460,CD4 T,CD4 TEM
PBMC10k_ACCAACAGTGTCATGT-1,461,DC,cDC2
PBMC10k_ACCAACATCATGGTAC-1,463,other T,MAIT
PBMC10k_ACCAACATCATTACTC-1,464,B,B naive
PBMC10k_ACCACAAAGACATAAC-1,466,CD8 T,CD8 Naive
PBMC10k_ACCACAACAGAGCTAG-1,467,CD4 T,CD4 TCM
PBMC10k_ACCACAACATGGCTAT-1,468,Mono,CD14 Mono
PBMC10k_ACCACAATCGTTCGCT-1,469,CD8 T,CD8 Naive
PBMC10k_ACCATTTAGTTCCAGT-1,471,Mono,CD14 Mono
PBMC10k_ACCATTTCATGCCGAC-1,473,NK,NK
PBMC10k_ACCATTTGTCCACAGC-1,474,Mono,CD14 Mono
PBMC10k_ACCATTTTCTGAGAAA-1,477,NK,NK
PBMC10k_ACCCAAAGTAGGACTG-1,482,Mono,CD14 Mono
PBMC10k_ACCCAAATCTCGCAGG-1,484,CD8 T,CD8 TEM
PBMC10k_ACCCTCAAGCATTTCG-1,485,Mono,CD14 Mono
PBMC10k_ACCCTCAAGCTGAAAT-1,486,NK,NK
PBMC10k_ACCCTCACAGCAGAAC-1,487,CD4 T,CD4 Naive
PBMC10k_ACCCTCAGTGATACTC-1,489,CD4 T,CD4 Naive
PBMC10k_ACCCTCATCACAACCA-1,490,CD4 T,CD4 Naive
PBMC10k_ACCCTCATCTTGGATG-1,492,CD8 T,CD8 Naive
PBMC10k_ACCCTTGAGATTGATG-1,493,Mono,CD14 Mono
PBMC10k_ACCCTTGAGCTGTTCA-1,494,DC,cDC2
PBMC10k_ACCCTTGTCAGCGTCG-1,499,Mono,CD14 Mono
PBMC10k_ACCGTTCAGTTGTCAC-1,502,B,B naive
PBMC10k_ACCGTTCGTACCCAGC-1,503,CD4 T,CD4 TCM
PBMC10k_ACCGTTCGTGCCTTCT-1,505,Mono,CD16 Mono
PBMC10k_ACCGTTCTCTCGGCTT-1,507,CD4 T,CD4 TCM
PBMC10k_ACCTACCAGAGCTGCA-1,508,B,B intermediate
PBMC10k_ACCTACCAGGCTAACG-1,511,CD4 T,CD4 TCM
PBMC10k_ACCTACCGTACGATTC-1,515,CD4 T,CD4 TCM
PBMC10k_ACCTGAAAGGCTCTCG-1,521,Mono,CD14 Mono
PBMC10k_ACCTGAAAGGGCATGT-1,522,other T,MAIT
PBMC10k_ACCTGAACATCTCAAG-1,523,CD4 T,CD4 TEM
PBMC10k_ACCTGAAGTAGCTAAA-1,524,Mono,CD14 Mono
PBMC10k_ACCTGAATCTATCCAT-1,525,CD8 T,CD8 Proliferating
PBMC10k_ACCTGTCAGCCATCCG-1,526,Mono,CD14 Mono
PBMC10k_ACCTGTCAGGATTTGA-1,527,CD4 T,CD4 TCM
PBMC10k_ACCTGTCGTAAGTCAA-1,530,Mono,CD14 Mono
PBMC10k_ACCTGTCGTATGGGAC-1,531,NK,NK
PBMC10k_ACCTGTCGTGGATTTC-1,533,CD4 T,CD4 TCM
PBMC10k_ACCTGTCTCTCTATGT-1,535,CD4 T,CD4 CTL
PBMC10k_ACGATCAAGGGCAAGG-1,537,Mono,CD14 Mono
PBMC10k_ACGATCAAGTCCCAAT-1,538,other T,MAIT
PBMC10k_ACGATCACAGTTGGTT-1,540,CD8 T,CD8 TEM
PBMC10k_ACGATCACATCGATCA-1,541,NK,NK
PBMC10k_ACGATCACATTGACTG-1,542,CD4 T,CD4 TCM
PBMC10k_ACGATCAGTCTTGCGG-1,544,Mono,CD14 Mono
PBMC10k_ACGATGTAGGTTTACC-1,546,Mono,CD14 Mono
PBMC10k_ACGATGTGTAGATTGA-1,549,CD4 T,CD4 TCM
PBMC10k_ACGATGTGTATGTGTC-1,550,NK,NK Proliferating
PBMC10k_ACGATGTTCTTGTGCC-1,552,Mono,CD14 Mono
PBMC10k_ACGCACGAGAACCGCA-1,553,other T,MAIT
PBMC10k_ACGCACGCACTGAATC-1,556,other,ILC
PBMC10k_ACGCACGGTTCTAAGC-1,558,CD4 T,Treg
PBMC10k_ACGCACGTCTTGCAGA-1,560,B,B naive
PBMC10k_ACGGAAGAGACTCTAC-1,561,CD4 T,CD4 Naive
PBMC10k_ACGGAAGAGGTCTGGA-1,562,Mono,CD14 Mono
PBMC10k_ACGGAAGGTCAAGCCC-1,564,B,B memory
PBMC10k_ACGGAAGTCAACACCA-1,566,CD4 T,CD4 TEM
PBMC10k_ACGGAAGTCGTGGAAG-1,568,DC,cDC2
PBMC10k_ACGGGTCAGCGATGCA-1,570,CD4 T,CD4 TCM
PBMC10k_ACGGGTCAGGTCACTT-1,571,other T,dnT
PBMC10k_ACGGGTCGTAACATAG-1,573,CD4 T,CD4 Naive
PBMC10k_ACGGGTCGTACTCGAT-1,574,CD4 T,Treg
PBMC10k_ACGGGTCTCGAGATAA-1,576,CD4 T,CD4 TEM
PBMC10k_ACGGTCGGTTCGTTCC-1,581,CD4 T,CD4 TCM
PBMC10k_ACGGTCGTCCACTGAA-1,582,CD8 T,CD8 Naive
PBMC10k_ACGGTTAAGAAGAACG-1,583,CD4 T,CD4 TCM
PBMC10k_ACGGTTACAACCGACC-1,586,Mono,CD14 Mono
PBMC10k_ACGGTTACACCACTGG-1,587,NK,NK
PBMC10k_ACGGTTACATACAGAA-1,588,Mono,CD16 Mono
PBMC10k_ACGGTTACATAGCACT-1,589,Mono,CD14 Mono
PBMC10k_ACGGTTAGTGAATATG-1,592,B,B naive
PBMC10k_ACGTAACAGGACAAGA-1,593,CD8 T,CD8 Naive
PBMC10k_ACGTAACCACCAACAT-1,595,CD4 T,Treg
PBMC10k_ACGTAACCACGATAGG-1,596,B,B naive
PBMC10k_ACGTAACTCACAAGGG-1,597,B,B memory
PBMC10k_ACGTAACTCCTAAGTG-1,598,Mono,CD14 Mono
PBMC10k_ACGTACAAGCCTCAAT-1,599,Mono,CD14 Mono
PBMC10k_ACGTAGTCAGCAGACA-1,606,other T,MAIT
PBMC10k_ACGTAGTGTATCCTTT-1,609,NK,NK
PBMC10k_ACGTAGTTCACCCATC-1,611,B,B naive
PBMC10k_ACGTCCTAGAACTTCC-1,612,Mono,CD14 Mono
PBMC10k_ACGTCCTAGGCTTTCA-1,613,NK,NK
PBMC10k_ACGTCCTCACCTGCGA-1,616,CD4 T,CD4 TCM
PBMC10k_ACGTTCCAGGTGGCTA-1,618,CD8 T,CD8 Naive
PBMC10k_ACGTTCCTCGGATAAA-1,619,other T,dnT
PBMC10k_ACTACGACAGCTGGTC-1,622,CD8 T,CD8 Naive
PBMC10k_ACTACGAGTGCCTTTC-1,625,B,B memory
PBMC10k_ACTACGAGTGGACCAA-1,626,NK,NK_CD56bright
PBMC10k_ACTACGATCCCGTGAG-1,628,CD4 T,CD4 Naive
PBMC10k_ACTACGATCCGATGTA-1,629,other,ILC
PBMC10k_ACTACGATCGGACGTC-1,630,NK,NK Proliferating
PBMC10k_ACTACGATCTGGGATT-1,631,other T,MAIT
PBMC10k_ACTATCTCAAACCACT-1,633,Mono,CD16 Mono
PBMC10k_ACTATCTGTATCACCA-1,634,CD4 T,Treg
PBMC10k_ACTATCTTCAAATAGG-1,636,CD4 T,CD4 Naive
PBMC10k_ACTATCTTCGGTCGGT-1,637,Mono,CD14 Mono
PBMC10k_ACTATGGAGAGGCGGA-1,639,other T,dnT
PBMC10k_ACTATGGCAGTAGATA-1,642,CD4 T,CD4 TEM
PBMC10k_ACTATGGGTGGCTAGA-1,644,NK,NK
PBMC10k_ACTATGGGTTGGTAGG-1,645,CD4 T,CD4 Naive
PBMC10k_ACTATGGTCTTCGTGC-1,647,CD8 T,CD8 TEM
PBMC10k_ACTATTCCAAGTGCTT-1,649,NK,NK
PBMC10k_ACTATTCTCCAACCAA-1,650,NK,NK
PBMC10k_ACTATTCTCCCTTCCC-1,651,other,Eryth
PBMC10k_ACTCCCAAGAGCCCAA-1,652,B,B naive
PBMC10k_ACTCCCACAAGTCATC-1,654,CD8 T,CD8 Naive
PBMC10k_ACTCCCACACTGGCCA-1,655,CD4 T,CD4 TCM
PBMC10k_ACTCCCAGTGCTCCGA-1,656,other,Eryth
PBMC10k_ACTCCCAGTTAGAAAC-1,657,CD4 T,CD4 TEM
PBMC10k_ACTCCCATCGACATCA-1,658,Mono,CD14 Mono
PBMC10k_ACTCTCGAGCTGGCCT-1,661,CD4 T,Treg
PBMC10k_ACTCTCGCAAACACGG-1,662,B,B naive
PBMC10k_ACTCTCGCAAGGTCGA-1,663,CD8 T,CD8 Naive
PBMC10k_ACTCTCGCATCTCATT-1,665,NK,NK
PBMC10k_ACTCTCGGTGAACCGA-1,666,NK,NK
PBMC10k_ACTGATGAGGGCCAAT-1,669,CD4 T,CD4 TEM
PBMC10k_ACTGATGGTCTGCCTT-1,671,NK,NK
PBMC10k_ACTGCAAAGAGTCTTC-1,673,Mono,CD16 Mono
PBMC10k_ACTGCAAAGTGCTAGG-1,674,CD4 T,CD4 Naive
PBMC10k_ACTGCAACATTGCCTC-1,676,other,Eryth
PBMC10k_ACTGCAATCACGGGCT-1,677,other T,gdT
PBMC10k_ACTGCAATCCCGTAAA-1,678,CD4 T,CD4 Naive
PBMC10k_ACTGTCCCAACCGTGC-1,679,NK,NK
PBMC10k_ACTGTCCCAAGCAATA-1,680,Mono,CD14 Mono
PBMC10k_ACTGTCCCACAGTCAT-1,681,NK,NK
PBMC10k_ACTGTCCGTTTGAACC-1,683,Mono,CD14 Mono
PBMC10k_ACTGTCCTCGGAATGG-1,685,other,Eryth
PBMC10k_ACTGTGAAGATTGAGT-1,687,other,Eryth
PBMC10k_ACTGTGAAGCTTACGT-1,688,Mono,CD14 Mono
PBMC10k_ACTGTGATCGAATCCA-1,690,CD4 T,Treg
PBMC10k_ACTGTGATCTAGCCAA-1,691,Mono,CD14 Mono
PBMC10k_ACTGTGATCTCTGCCA-1,692,CD8 T,CD8 Naive
PBMC10k_ACTTAGGAGAACTCCT-1,694,CD4 T,CD4 Naive
PBMC10k_ACTTAGGAGAATTCAG-1,695,Mono,CD14 Mono
PBMC10k_ACTTAGGAGTGTTGAA-1,697,CD4 T,CD4 Naive
PBMC10k_ACTTAGGCAAGGCGTA-1,698,Mono,CD14 Mono
PBMC10k_ACTTAGGCATACACCA-1,699,CD4 T,CD4 Naive
PBMC10k_ACTTATCAGGTAGACC-1,701,CD4 T,CD4 Naive
PBMC10k_ACTTATCCACGCAGTC-1,702,CD4 T,CD4 Proliferating
PBMC10k_ACTTATCCAGAGTCAG-1,703,CD4 T,CD4 TCM
PBMC10k_ACTTATCTCAGGACAG-1,704,B,Plasmablast
PBMC10k_ACTTATCTCTATGCCC-1,705,CD4 T,CD4 Naive
PBMC10k_ACTTCCGAGTCGGCAA-1,708,other T,MAIT
PBMC10k_ACTTCCGCAAAGGGTC-1,709,Mono,CD16 Mono
PBMC10k_ACTTCCGTCTGAGTCA-1,712,CD4 T,CD4 Naive
PBMC10k_ACTTCCGTCTTAGCTT-1,713,CD8 T,CD8 Naive
PBMC10k_ACTTCGCAGACCGTTT-1,714,CD4 T,CD4 TEM
PBMC10k_ACTTCGCAGCTAGAAT-1,715,Mono,CD14 Mono
PBMC10k_ACTTCGCAGTCGAAAT-1,716,NK,NK
PBMC10k_ACTTCGCAGTGCGACA-1,717,Mono,CD14 Mono
PBMC10k_ACTTCGCCAATCGCAT-1,718,CD8 T,CD8 Naive
PBMC10k_ACTTCGCGTTCGGCGT-1,720,CD8 T,CD8 Naive
PBMC10k_ACTTCGCTCTCTCGCA-1,722,CD4 T,CD4 TCM
PBMC10k_ACTTTCAAGCCATGCC-1,723,B,B memory
PBMC10k_ACTTTCAAGCGCAATG-1,724,other T,MAIT
PBMC10k_ACTTTCAAGGTCCTGC-1,725,Mono,CD14 Mono
PBMC10k_ACTTTCACAGTTCTAG-1,727,Mono,CD14 Mono
PBMC10k_ACTTTCAGTAACAGTA-1,728,CD8 T,CD8 TEM
PBMC10k_ACTTTCAGTTTGGCTA-1,730,CD4 T,Treg
PBMC10k_ACTTTCATCAATCCGA-1,731,NK,NK
PBMC10k_ACTTTCATCTGGACTA-1,732,CD4 T,Treg
PBMC10k_ACTTTGTAGATTGTGA-1,733,CD4 T,CD4 Naive
PBMC10k_ACTTTGTTCTCAACGA-1,736,DC,cDC2
PBMC10k_AGAAATGGTGAGTTTC-1,740,Mono,CD14 Mono
PBMC10k_AGAAATGTCTTCGTGC-1,742,CD4 T,CD4 TCM
PBMC10k_AGAACAAGTCGATTAC-1,744,NK,NK
PBMC10k_AGAACCTCAATCTAGC-1,746,CD4 T,CD4 TCM
PBMC10k_AGAACCTTCAGCGTCG-1,748,CD8 T,CD8 TCM
PBMC10k_AGAAGCGAGGATCACG-1,749,CD4 T,CD4 Naive
PBMC10k_AGAAGCGAGGGTAGCT-1,750,Mono,CD14 Mono
PBMC10k_AGAAGCGCACGTACAT-1,752,NK,NK
PBMC10k_AGAAGCGTCTCATTGT-1,756,NK,NK
PBMC10k_AGAAGTAAGCGAAACC-1,757,B,B intermediate
PBMC10k_AGAAGTAAGTATGATG-1,759,CD8 T,CD8 TEM
PBMC10k_AGAAGTATCTAAGCGT-1,761,CD4 T,CD4 Naive
PBMC10k_AGACAAACATGGAATA-1,763,Mono,CD16 Mono
PBMC10k_AGACAAATCGCGGTAC-1,765,CD4 T,CD4 Naive
PBMC10k_AGACACTAGGAGGGTG-1,766,NK,NK
PBMC10k_AGACACTCAGCTCGGT-1,768,other T,dnT
PBMC10k_AGACACTGTTGTAGCT-1,769,NK,NK
PBMC10k_AGACACTTCACCATGA-1,771,Mono,CD14 Mono
PBMC10k_AGACACTTCCACAAGT-1,772,CD4 T,CD4 TCM
PBMC10k_AGACAGGTCGAACTCA-1,778,NK,NK
PBMC10k_AGACCATAGGACTAAT-1,779,other,Eryth
PBMC10k_AGACCATCATGTCTAG-1,783,Mono,CD14 Mono
PBMC10k_AGACCATTCAAGTGGG-1,786,CD4 T,CD4 Naive
PBMC10k_AGACCATTCGGCATAT-1,787,B,B naive
PBMC10k_AGACCCGAGCTATCCA-1,790,NK,NK
PBMC10k_AGACCCGCACCCAACG-1,792,B,B naive
PBMC10k_AGACCCGCAGAGACTG-1,793,CD4 T,Treg
PBMC10k_AGACCCGTCAGGAAGC-1,797,B,B intermediate
PBMC10k_AGACCCGTCGGCCTTT-1,799,CD4 T,CD4 Naive
PBMC10k_AGACCCGTCTCCGTGT-1,800,B,B intermediate
PBMC10k_AGACTCAAGCCTCATA-1,801,CD8 T,CD8 TEM
PBMC10k_AGACTCAAGCGGGTTA-1,802,CD8 T,CD8 TCM
PBMC10k_AGACTCACACAAGCTT-1,805,CD8 T,CD8 Naive
PBMC10k_AGACTCAGTCTGTTAG-1,810,other,Eryth
PBMC10k_AGACTCATCAGCCTTC-1,812,CD4 T,CD4 TCM
PBMC10k_AGACTCATCGGCATAT-1,813,other,Eryth
PBMC10k_AGAGAATAGCTGACAG-1,814,CD8 T,CD8 TEM
PBMC10k_AGAGAATGTCGTTATG-1,817,other T,dnT
PBMC10k_AGAGAATTCGTTCTGC-1,819,CD8 T,CD8 TEM
PBMC10k_AGAGAATTCTGTCAGA-1,820,NK,NK
PBMC10k_AGAGAGCAGAGCCGAT-1,821,CD4 T,CD4 TEM
PBMC10k_AGAGAGCCAACTTGGT-1,823,CD4 T,CD4 TCM
PBMC10k_AGAGAGCGTATTTCGG-1,825,NK,NK
PBMC10k_AGAGAGCGTCACTTCC-1,826,CD4 T,CD4 TCM
PBMC10k_AGAGAGCTCCGACGGT-1,828,NK,NK
PBMC10k_AGAGCAGAGAGCCGAT-1,829,NK,NK
PBMC10k_AGAGCAGAGTACGTCT-1,830,CD4 T,CD4 TEM
PBMC10k_AGAGCAGCACGTAGAG-1,831,Mono,CD14 Mono
PBMC10k_AGAGCAGTCCATTTAC-1,832,NK,NK
PBMC10k_AGAGCAGTCGCAGATT-1,833,NK,NK
PBMC10k_AGAGCCCCAAATTGGA-1,835,B,B memory
PBMC10k_AGAGCCCCAACTTGCA-1,837,CD4 T,Treg
PBMC10k_AGAGCCCCACAATGAA-1,839,Mono,CD14 Mono
PBMC10k_AGAGCCCCACACCGCA-1,840,CD8 T,CD8 TEM
PBMC10k_AGAGCCCGTTGTAGCT-1,841,Mono,CD14 Mono
PBMC10k_AGAGCCCTCCATCGTC-1,842,NK,NK_CD56bright
PBMC10k_AGAGCCCTCGTGGAAG-1,844,CD4 T,CD4 Naive
PBMC10k_AGAGCCCTCTTGAGCA-1,846,Mono,CD14 Mono
PBMC10k_AGATAGACACCTGCTT-1,848,Mono,CD14 Mono
PBMC10k_AGATAGAGTAGCACGA-1,849,other,ILC
PBMC10k_AGATCCAGTTAGGGAC-1,853,DC,cDC2
PBMC10k_AGATCGTAGCTGAAAT-1,854,CD8 T,CD8 Naive
PBMC10k_AGATCGTAGGCGATAC-1,855,CD4 T,CD4 TEM
PBMC10k_AGATCGTCAATTCTTC-1,856,Mono,CD16 Mono
PBMC10k_AGATGAAAGCATCCTA-1,859,B,B naive
PBMC10k_AGATGAATCATTCATC-1,862,CD4 T,CD4 TCM
PBMC10k_AGATGCTAGCAATAAC-1,863,CD4 T,CD4 Naive
PBMC10k_AGATGCTCATCTCCCA-1,864,Mono,CD14 Mono
PBMC10k_AGATGCTGTACAGTAA-1,865,B,B naive
PBMC10k_AGATGCTGTGTTAGCT-1,866,DC,cDC2
PBMC10k_AGATGCTGTGTTTGCA-1,867,NK,NK
PBMC10k_AGATGCTGTTGACTGT-1,868,CD8 T,CD8 TEM
PBMC10k_AGATGCTTCACATACG-1,869,Mono,CD14 Mono
PBMC10k_AGATGCTTCAGCCTTC-1,870,other T,MAIT
PBMC10k_AGCATCAAGTCTAGCT-1,871,CD4 T,CD4 Naive
PBMC10k_AGCATCACAGGGAGAG-1,873,Mono,CD14 Mono
PBMC10k_AGCATCAGTCGAGTTT-1,874,B,B naive
PBMC10k_AGCATCAGTTGGATCT-1,875,CD4 T,CD4 Naive
PBMC10k_AGCATCATCTTCGATT-1,878,other T,MAIT
PBMC10k_AGCCAATCAAGCGGAT-1,879,CD8 T,CD8 TEM
PBMC10k_AGCCAATCAATAGTCC-1,880,CD4 T,CD4 TCM
PBMC10k_AGCCAATCACTGTCGG-1,882,NK,NK
PBMC10k_AGCCAATCAGAATTCC-1,883,NK,NK_CD56bright
PBMC10k_AGCCAATGTAGTGCGA-1,887,Mono,CD14 Mono
PBMC10k_AGCCAATGTTTCCCAC-1,890,Mono,CD14 Mono
PBMC10k_AGCCAATTCGGCTTGG-1,891,CD4 T,CD4 TEM
PBMC10k_AGCCACGAGACCTCCG-1,892,other,ILC
PBMC10k_AGCCACGAGGCCCGTT-1,893,CD4 T,CD4 TEM
PBMC10k_AGCCAGCAGGACGCTA-1,898,other T,dnT
PBMC10k_AGCCAGCAGGATACCG-1,899,Mono,CD14 Mono
PBMC10k_AGCCAGCAGGATCACG-1,900,CD4 T,CD4 Naive
PBMC10k_AGCCAGCGTACTCCGG-1,903,CD4 T,CD4 TEM
PBMC10k_AGCCAGCGTGATTCAC-1,904,other,ILC
PBMC10k_AGCCAGCGTGTTATCG-1,905,Mono,CD14 Mono
PBMC10k_AGCGATTCAAAGCAAT-1,909,CD4 T,CD4 Naive
PBMC10k_AGCGATTCACGCTGTG-1,910,CD8 T,CD8 Naive
PBMC10k_AGCGATTGTGATGTAA-1,912,Mono,CD14 Mono
PBMC10k_AGCGATTGTTCGGCCA-1,913,B,B memory
PBMC10k_AGCGATTTCCATGAGT-1,915,CD4 T,CD4 TCM
PBMC10k_AGCGCCACATATGAAG-1,918,NK,NK
PBMC10k_AGCGCCACATCGTTCC-1,919,DC,cDC2
PBMC10k_AGCGCCAGTGCCGGTT-1,921,Mono,CD14 Mono
PBMC10k_AGCGCCAGTTCCTACC-1,922,Mono,CD14 Mono
PBMC10k_AGCGCTGTCACCGACG-1,928,B,B naive
PBMC10k_AGCGTATAGAGGCGTT-1,930,NK,NK
PBMC10k_AGCGTATAGGATTTCC-1,932,CD4 T,CD4 Naive
PBMC10k_AGCGTATCAAATCAAG-1,935,CD8 T,CD8 TEM
PBMC10k_AGCGTATCATGACTAC-1,938,CD4 T,CD4 TCM
PBMC10k_AGCGTATGTCTAGATC-1,939,Mono,CD14 Mono
PBMC10k_AGCGTATGTGTGACCC-1,940,Mono,CD14 Mono
PBMC10k_AGCGTATGTTCGGTAT-1,941,CD4 T,Treg
PBMC10k_AGCGTCGAGCTCATAC-1,944,CD4 T,Treg
PBMC10k_AGCGTCGCAACTGCTA-1,945,other T,gdT
PBMC10k_AGCGTCGCACATACTG-1,946,CD4 T,CD4 Naive
PBMC10k_AGCGTCGTCCGTGACG-1,947,Mono,CD14 Mono
PBMC10k_AGCTACAGTCAGGTGA-1,952,CD4 T,CD4 TCM
PBMC10k_AGCTCAAGTACCAATC-1,956,Mono,CD14 Mono
PBMC10k_AGCTCAAGTACGATCT-1,957,CD8 T,CD8 Proliferating
PBMC10k_AGCTTCCAGCCTGTCG-1,959,CD4 T,CD4 TCM
PBMC10k_AGCTTCCCAAGAGGTC-1,961,other T,MAIT
PBMC10k_AGCTTCCGTGGCTGCT-1,964,Mono,CD14 Mono
PBMC10k_AGGAAATAGAAACTAC-1,965,CD4 T,CD4 TEM
PBMC10k_AGGAAATAGTGAGCCA-1,967,CD4 T,CD4 Naive
PBMC10k_AGGAAATGTGTAGGAC-1,968,B,B memory
PBMC10k_AGGAAATGTTTAAGGA-1,969,DC,cDC2
PBMC10k_AGGAAATTCGTTAGAC-1,970,NK,NK
PBMC10k_AGGAATAAGCTCCATA-1,972,CD8 T,CD8 TEM
PBMC10k_AGGAATAAGGCGCTCT-1,974,CD4 T,CD4 TCM
PBMC10k_AGGAATACACATACGT-1,976,CD8 T,CD8 Naive
PBMC10k_AGGAATAGTCGAGCAA-1,979,NK,NK Proliferating
PBMC10k_AGGACGAGTGGTAATA-1,986,other T,MAIT
PBMC10k_AGGACGAGTTCCACGG-1,987,B,B naive
PBMC10k_AGGACGATCATACGAC-1,989,B,B naive
PBMC10k_AGGACTTCACACACTA-1,993,Mono,CD16 Mono
PBMC10k_AGGACTTCATGAATAG-1,994,CD4 T,CD4 Naive
PBMC10k_AGGACTTGTTCAAGGG-1,995,CD4 T,CD4 Naive
PBMC10k_AGGACTTTCCAGTGCG-1,996,Mono,CD14 Mono
PBMC10k_AGGAGGTAGTTGTCAC-1,997,CD4 T,CD4 TCM
PBMC10k_AGGAGGTCAAGCACCC-1,998,CD4 T,CD4 TEM
PBMC10k_AGGAGGTCACCGTCTT-1,999,other T,gdT
PBMC10k_AGGAGGTCATGACTGT-1,1000,CD4 T,CD4 Naive
PBMC10k_AGGAGGTCATTGTGCA-1,1001,CD4 T,CD4 TCM
PBMC10k_AGGAGGTGTCATCCCT-1,1002,other T,MAIT
PBMC10k_AGGATAAGTACGCTAT-1,1007,NK,NK
PBMC10k_AGGATAAGTTGAGTCT-1,1008,CD4 T,CD4 Naive
PBMC10k_AGGATAATCCACTTTA-1,1009,NK,NK
PBMC10k_AGGATCTAGTCATAGA-1,1013,CD4 T,CD4 TCM
PBMC10k_AGGATCTCATGAGGGT-1,1015,CD4 T,CD4 TCM
PBMC10k_AGGATCTTCCATTGGA-1,1016,CD8 T,CD8 Naive
PBMC10k_AGGCATTAGCAGCAGT-1,1018,Mono,CD16 Mono
PBMC10k_AGGCATTAGGTTCATC-1,1019,CD4 T,Treg
PBMC10k_AGGCATTCAAGAGTAT-1,1021,CD4 T,CD4 Naive
PBMC10k_AGGCATTCAGAGTCAG-1,1022,B,B naive
PBMC10k_AGGCATTCAGGAATAT-1,1023,CD4 T,CD4 TCM
PBMC10k_AGGCATTCATCCAACA-1,1024,Mono,CD14 Mono
PBMC10k_AGGCATTTCTGCGTCT-1,1025,Mono,CD14 Mono
PBMC10k_AGGCCACAGACTCTTG-1,1026,Mono,CD14 Mono
PBMC10k_AGGCCACAGTTGAATG-1,1029,CD4 T,CD4 TCM
PBMC10k_AGGCCACCACACTTAG-1,1031,CD4 T,CD4 TCM
PBMC10k_AGGCCACCATGCCATA-1,1032,CD8 T,CD8 Naive
PBMC10k_AGGCCACCATTGCTTT-1,1033,CD8 T,CD8 Naive
PBMC10k_AGGCCACGTATCCTCC-1,1034,other T,MAIT
PBMC10k_AGGCCACTCTATCACT-1,1037,CD4 T,CD4 TEM
PBMC10k_AGGCTGCGTGAATGTA-1,1040,CD4 T,Treg
PBMC10k_AGGCTGCGTTCAAAGA-1,1042,other T,MAIT
PBMC10k_AGGGAGTAGATGCCGA-1,1043,Mono,CD14 Mono
PBMC10k_AGGGAGTGTCGGCCTA-1,1044,CD4 T,CD4 TCM
PBMC10k_AGGGCCTGTGGATCAG-1,1047,Mono,CD14 Mono
PBMC10k_AGGGCCTTCCTGGGTG-1,1048,CD4 T,CD4 Naive
PBMC10k_AGGGCTCAGACGTCCC-1,1050,CD4 T,CD4 TEM
PBMC10k_AGGGCTCAGGCCTGAA-1,1051,other T,dnT
PBMC10k_AGGGCTCCAACAGTGG-1,1052,Mono,CD14 Mono
PBMC10k_AGGGCTCGTGCATGTT-1,1054,NK,NK
PBMC10k_AGGGCTCGTGGCCACT-1,1055,Mono,CD14 Mono
PBMC10k_AGGGTCCAGAATAACC-1,1056,B,B memory
PBMC10k_AGGGTCCAGCGAAACC-1,1057,CD4 T,CD4 Naive
PBMC10k_AGGGTCCAGTGCCAGA-1,1058,NK,NK
PBMC10k_AGGGTCCTCCTTGACC-1,1059,other,Eryth
PBMC10k_AGGGTGAAGACGCTCC-1,1060,CD8 T,CD8 Naive
PBMC10k_AGGGTGACACCCTTGT-1,1061,CD4 T,CD4 Naive
PBMC10k_AGGGTGACAGATGCGA-1,1063,Mono,CD14 Mono
PBMC10k_AGGGTGATCCGATAGT-1,1064,CD4 T,CD4 CTL
PBMC10k_AGGGTTTCATTGCTGA-1,1065,B,B naive
PBMC10k_AGGTAGGAGTGATAAC-1,1066,NK,NK
PBMC10k_AGGTAGGGTCATGCAT-1,1067,other T,MAIT
PBMC10k_AGGTAGGGTGAGATCG-1,1068,CD8 T,CD8 TEM
PBMC10k_AGGTAGGTCTGCCTGT-1,1070,NK,NK
PBMC10k_AGGTCATCAATGACCT-1,1071,CD4 T,CD4 TCM
PBMC10k_AGGTCATCACCTGTCT-1,1073,Mono,CD14 Mono
PBMC10k_AGGTCATCATCTATCT-1,1074,CD8 T,CD8 TEM
PBMC10k_AGGTCATTCACGGACC-1,1076,CD4 T,CD4 TCM
PBMC10k_AGGTCTAAGACTACCT-1,1078,CD4 T,CD4 TEM
PBMC10k_AGGTCTAAGGAACGAA-1,1079,other,ILC
PBMC10k_AGGTCTAAGTCATCGT-1,1081,other T,MAIT
PBMC10k_AGGTCTACACCGTGGT-1,1083,B,B naive
PBMC10k_AGGTCTAGTGTCTCCT-1,1085,other,Eryth
PBMC10k_AGGTCTAGTGTTTGCA-1,1086,CD8 T,CD8 Naive
PBMC10k_AGGTCTATCGGCACTG-1,1088,NK,NK
PBMC10k_AGGTGTTAGCTACTAC-1,1090,Mono,CD14 Mono
PBMC10k_AGGTGTTCACACACGC-1,1093,CD4 T,Treg
PBMC10k_AGGTGTTGTACCCAGC-1,1094,Mono,CD14 Mono
PBMC10k_AGGTGTTTCCTCTAAT-1,1095,CD4 T,CD4 Naive
PBMC10k_AGGTGTTTCTAGATCG-1,1096,NK,NK Proliferating
PBMC10k_AGGTGTTTCTGCGGCA-1,1097,CD4 T,Treg
PBMC10k_AGGTTACAGTCACTAC-1,1100,CD4 T,CD4 Naive
PBMC10k_AGGTTACGTATGAGCG-1,1102,B,B memory
PBMC10k_AGGTTGTAGACATGCG-1,1107,NK,NK
PBMC10k_AGGTTGTGTGCATACT-1,1110,CD4 T,CD4 TEM
PBMC10k_AGGTTGTTCACATCAG-1,1111,Mono,CD14 Mono
PBMC10k_AGTAACCAGGCCCACT-1,1114,DC,cDC2
PBMC10k_AGTAACCAGGTCCAGA-1,1115,CD8 T,CD8 Naive
PBMC10k_AGTAACCTCCAACACA-1,1116,CD4 T,CD4 Naive
PBMC10k_AGTACCAAGAGATGCC-1,1117,NK,NK
PBMC10k_AGTACCAAGCACGGAT-1,1118,NK,NK
PBMC10k_AGTACCAAGCACTCCG-1,1119,Mono,CD14 Mono
PBMC10k_AGTACCAAGGAAAGGT-1,1120,CD4 T,CD4 Naive
PBMC10k_AGTACCAAGGTAAGTT-1,1121,Mono,CD14 Mono
PBMC10k_AGTACCACAACCCTAA-1,1122,CD8 T,CD8 TEM
PBMC10k_AGTACCACAGCGACCT-1,1123,Mono,CD14 Mono
PBMC10k_AGTACCACATGACGAG-1,1125,CD4 T,CD4 Naive
PBMC10k_AGTACCAGTGAACCGA-1,1127,Mono,CD14 Mono
PBMC10k_AGTACCAGTTATAGAG-1,1128,CD8 T,CD8 TEM
PBMC10k_AGTACTGCAACGATTC-1,1130,CD4 T,CD4 TEM
PBMC10k_AGTAGCTAGACTTAAG-1,1134,NK,NK
PBMC10k_AGTAGCTAGCTACGTT-1,1136,NK,NK Proliferating
PBMC10k_AGTAGCTCATCGCTCT-1,1137,other T,MAIT
PBMC10k_AGTAGCTGTCTTAGTG-1,1139,NK,NK
PBMC10k_AGTAGCTGTTAGAGTA-1,1140,Mono,CD14 Mono
PBMC10k_AGTAGCTTCCTAAACG-1,1141,other T,gdT
PBMC10k_AGTAGTCAGCTGTACT-1,1144,CD8 T,CD8 Naive
PBMC10k_AGTAGTCGTCTATGAC-1,1149,NK,NK
PBMC10k_AGTAGTCGTTCCATTT-1,1151,CD8 T,CD8 TEM
PBMC10k_AGTCAACAGCTAGAGC-1,1152,CD4 T,Treg
PBMC10k_AGTCAACAGGTTAGTA-1,1153,CD4 T,CD4 Naive
PBMC10k_AGTCAACAGTCTGCAT-1,1154,CD4 T,CD4 TCM
PBMC10k_AGTCAACAGTGGTTGG-1,1155,CD4 T,CD4 Naive
PBMC10k_AGTCAACTCATGCATG-1,1160,Mono,CD14 Mono
PBMC10k_AGTCAACTCTGCATAG-1,1161,CD4 T,CD4 TCM
PBMC10k_AGTCATGAGCGCCTAC-1,1165,NK,NK
PBMC10k_AGTCATGAGCTACTAC-1,1166,other T,MAIT
PBMC10k_AGTCATGCAGTTGTTG-1,1168,Mono,CD14 Mono
PBMC10k_AGTCATGTCAAACCTG-1,1169,Mono,CD14 Mono
PBMC10k_AGTCTCCCAAGAGGTC-1,1170,CD4 T,CD4 Naive
PBMC10k_AGTCTCCCATCCGTTC-1,1171,Mono,CD14 Mono
PBMC10k_AGTCTCCTCAATCCGA-1,1174,Mono,CD14 Mono
PBMC10k_AGTGACTAGCTACTAC-1,1176,Mono,CD14 Mono
PBMC10k_AGTGACTCAGCAGTTT-1,1177,CD8 T,CD8 TCM
PBMC10k_AGTGACTCAGGGTTGA-1,1178,CD4 T,CD4 TEM
PBMC10k_AGTGACTCATCTTTCA-1,1180,Mono,CD14 Mono
PBMC10k_AGTGATCAGCGGTAGT-1,1182,other T,MAIT
PBMC10k_AGTGATCCACACACGC-1,1183,B,B intermediate
PBMC10k_AGTGATCGTGCAGGAT-1,1185,CD4 T,CD4 TEM
PBMC10k_AGTGATCGTTTGTGGT-1,1186,CD4 T,CD4 Naive
PBMC10k_AGTGATCTCCTATTTG-1,1187,CD4 T,CD4 TCM
PBMC10k_AGTGTTGCAGGGTCTC-1,1194,NK,NK
PBMC10k_AGTGTTGTCATCACTT-1,1196,CD4 T,Treg
PBMC10k_AGTGTTGTCCAACCAA-1,1197,other,ILC
PBMC10k_AGTGTTGTCTGACCCT-1,1198,other T,MAIT
PBMC10k_AGTTAGCAGGCTAAAT-1,1199,CD4 T,Treg
PBMC10k_AGTTAGCGTCAGATTC-1,1202,CD4 T,CD4 Naive
PBMC10k_AGTTAGCGTGACACAG-1,1204,CD4 T,CD4 TCM
PBMC10k_AGTTAGCTCCATCTGC-1,1205,NK,NK
PBMC10k_AGTTAGCTCCGTAGGC-1,1206,Mono,CD14 Mono
PBMC10k_AGTTCCCAGGCTAAAT-1,1207,CD4 T,CD4 TCM
PBMC10k_AGTTCCCAGTGAGTGC-1,1210,other T,dnT
PBMC10k_AGTTCCCCAAAGGAGA-1,1211,NK,NK
PBMC10k_AGTTCCCCACGTGTGC-1,1213,other T,dnT
PBMC10k_AGTTCCCGTAGCTGTT-1,1215,Mono,CD14 Mono
PBMC10k_AGTTCGAAGGGATCTG-1,1220,B,B memory
PBMC10k_AGTTCGACACTGGATT-1,1223,CD8 T,CD8 TEM
PBMC10k_AGTTCGACATGCGTGC-1,1224,NK,NK
PBMC10k_AGTTCGAGTGGAACCA-1,1225,CD4 T,CD4 Naive
PBMC10k_AGTTCGAGTTACGCCG-1,1226,other T,MAIT
PBMC10k_AGTTCGAGTTCTTGTT-1,1228,CD4 T,CD4 Naive
PBMC10k_ATACCGAAGGATAATC-1,1231,NK,NK
PBMC10k_ATACCGACACAACGTT-1,1232,Mono,CD14 Mono
PBMC10k_ATACCGAGTGTCGCTG-1,1234,CD8 T,CD8 TCM
PBMC10k_ATACCTTAGGATGGCT-1,1236,Mono,CD14 Mono
PBMC10k_ATACCTTCACGGGCTT-1,1237,Mono,CD14 Mono
PBMC10k_ATACCTTCATAGATCC-1,1239,CD8 T,CD8 Naive
PBMC10k_ATACCTTGTCACGTGC-1,1240,CD8 T,CD8 TEM
PBMC10k_ATACCTTGTCCAAGAG-1,1242,CD4 T,CD4 TCM
PBMC10k_ATACCTTGTTCAATCG-1,1243,B,B memory
PBMC10k_ATACCTTTCTTAGCAG-1,1244,Mono,CD14 Mono
PBMC10k_ATACTTCCATACATCG-1,1246,NK,NK_CD56bright
PBMC10k_ATACTTCGTAGACGGT-1,1248,CD4 T,CD4 Naive
PBMC10k_ATACTTCTCCATCAGA-1,1251,CD4 T,CD4 TCM
PBMC10k_ATACTTCTCTAGTACG-1,1252,CD4 T,CD4 Naive
PBMC10k_ATAGACCAGCAATAGT-1,1254,DC,cDC2
PBMC10k_ATAGACCTCCAAAGGG-1,1256,B,B naive
PBMC10k_ATAGACCTCTCGGCTT-1,1257,CD4 T,CD4 Naive
PBMC10k_ATAGAGAAGCAGCACA-1,1260,CD4 T,CD4 TCM
PBMC10k_ATAGAGATCGTAACTG-1,1264,CD4 T,CD4 TCM
PBMC10k_ATAGAGATCGTTCTCG-1,1265,NK,NK
PBMC10k_ATAGGCTAGCGTCTGC-1,1267,NK,NK
PBMC10k_ATAGGCTGTCGAGCAA-1,1269,Mono,CD14 Mono
PBMC10k_ATAGGCTGTCGGTGTC-1,1270,CD4 T,CD4 TCM
PBMC10k_ATAGGCTGTGCCAAGA-1,1271,CD4 T,CD4 TCM
PBMC10k_ATAGGCTTCCATGAGT-1,1272,CD8 T,CD8 TEM
PBMC10k_ATATCCTAGCGTACAG-1,1274,CD4 T,CD4 TEM
PBMC10k_ATATCCTAGGTTAGTA-1,1275,Mono,CD14 Mono
PBMC10k_ATATCCTAGTCATGCT-1,1276,other T,MAIT
PBMC10k_ATATCCTAGTGCGACA-1,1278,other T,MAIT
PBMC10k_ATATCCTCAGCGTAGA-1,1279,DC,cDC2
PBMC10k_ATATCCTGTCCACTTC-1,1280,other T,MAIT
PBMC10k_ATATCCTGTCTAGTGT-1,1281,CD4 T,CD4 TCM
PBMC10k_ATATCCTGTTGACGGA-1,1283,CD8 T,CD8 TEM
PBMC10k_ATCACAGAGGTCATTC-1,1284,CD4 T,CD4 TCM
PBMC10k_ATCACAGCATACATCG-1,1286,CD4 T,CD4 Naive
PBMC10k_ATCACAGGTATCTCGA-1,1287,other T,dnT
PBMC10k_ATCACGAAGCCGGATA-1,1289,Mono,CD14 Mono
PBMC10k_ATCACGAGTGTGTCCG-1,1290,CD4 T,CD4 TEM
PBMC10k_ATCACGATCGTTAGAC-1,1293,other,Eryth
PBMC10k_ATCACTTCAGGACGAT-1,1296,CD4 T,CD4 TCM
PBMC10k_ATCACTTGTTCTCTAT-1,1299,CD4 T,CD4 TCM
PBMC10k_ATCACTTTCTAGAACC-1,1300,Mono,CD14 Mono
PBMC10k_ATCACTTTCTCCTGCA-1,1301,CD8 T,CD8 Naive
PBMC10k_ATCAGGTCACTCAAGT-1,1303,Mono,CD14 Mono
PBMC10k_ATCAGGTCATTGGGAG-1,1304,CD4 T,CD4 TEM
PBMC10k_ATCAGGTGTTTACCAG-1,1305,Mono,CD14 Mono
PBMC10k_ATCAGGTTCCTCTTTC-1,1306,Mono,CD14 Mono
PBMC10k_ATCAGGTTCGCACTCT-1,1307,other T,gdT
PBMC10k_ATCATTCAGCCTGGAA-1,1308,CD4 T,Treg
PBMC10k_ATCATTCCAGTCACGC-1,1309,CD8 T,CD8 TCM
PBMC10k_ATCATTCGTCGCACGT-1,1310,NK,NK
PBMC10k_ATCATTCGTGGCACTC-1,1312,other T,dnT
PBMC10k_ATCATTCTCTGGGATT-1,1313,other,HSPC
PBMC10k_ATCATTCTCTGTTCAT-1,1314,DC,pDC
PBMC10k_ATCCACCAGAGATTCA-1,1315,CD4 T,CD4 Naive
PBMC10k_ATCCACCAGCTTGTTG-1,1317,CD4 T,CD4 Naive
PBMC10k_ATCCACCAGGAATGTT-1,1318,CD8 T,CD8 TEM
PBMC10k_ATCCACCAGTGCGACA-1,1320,CD4 T,Treg
PBMC10k_ATCCATTCACCACTGG-1,1324,Mono,CD14 Mono
PBMC10k_ATCCATTCATACTGTG-1,1325,NK,NK
PBMC10k_ATCCCTGGTGTTGACT-1,1328,NK,NK
PBMC10k_ATCCGTCAGATACCAA-1,1331,CD4 T,CD4 Naive
PBMC10k_ATCCGTCAGCCTTTGA-1,1332,NK,NK
PBMC10k_ATCCGTCAGTGCCAGA-1,1333,other T,MAIT
PBMC10k_ATCCGTCCAAAGGCGT-1,1334,CD8 T,CD8 TEM
PBMC10k_ATCCGTCGTAAGATAC-1,1336,NK,NK
PBMC10k_ATCCGTCGTTAGCTAC-1,1338,B,B naive
PBMC10k_ATCCGTCTCCCATACC-1,1339,NK,NK
PBMC10k_ATCCTATCATGCGTGC-1,1343,CD4 T,CD4 Naive
PBMC10k_ATCCTATGTGTCCGGT-1,1345,B,B naive
PBMC10k_ATCGATGAGGCATCAG-1,1347,other T,gdT
PBMC10k_ATCGATGTCTGGGCAC-1,1353,CD4 T,CD4 Naive
PBMC10k_ATCGCCTAGAACTTCC-1,1354,CD4 T,CD4 TCM
PBMC10k_ATCGCCTCATGCGGTC-1,1357,B,B memory
PBMC10k_ATCGCCTTCAAAGAAC-1,1360,CD4 T,CD4 TCM
PBMC10k_ATCGCCTTCGACTCCT-1,1361,CD4 T,CD4 TCM
PBMC10k_ATCGGATAGCGAGGAG-1,1362,DC,cDC2
PBMC10k_ATCGGATAGTAGTGCG-1,1364,NK,NK
PBMC10k_ATCGGATCACGTTCGG-1,1366,Mono,CD14 Mono
PBMC10k_ATCGGATTCTTACGGA-1,1368,CD8 T,CD8 Naive
PBMC10k_ATCGGCGAGTAAACAC-1,1370,Mono,CD14 Mono
PBMC10k_ATCGGCGGTACAAACA-1,1372,NK,NK
PBMC10k_ATCGTAGTCCGGCTTT-1,1377,CD4 T,CD4 Naive
PBMC10k_ATCGTCCAGGAACTCG-1,1378,B,B intermediate
PBMC10k_ATCGTCCAGTTACTCG-1,1379,CD4 T,CD4 TCM
PBMC10k_ATCGTCCCAGGGACTA-1,1381,B,B intermediate
PBMC10k_ATCGTCCCATCTGTTT-1,1382,CD4 T,CD4 TCM
PBMC10k_ATCGTCCGTATCAAGA-1,1383,CD4 T,CD4 Naive
PBMC10k_ATCGTCCGTTCGGCGT-1,1386,CD4 T,CD4 Naive
PBMC10k_ATCGTGAAGGACTTCT-1,1388,CD4 T,CD4 Naive
PBMC10k_ATCGTGAAGGATACCG-1,1389,B,B memory
PBMC10k_ATCGTGACACTATGTG-1,1390,other T,MAIT
PBMC10k_ATCGTGACACTTTATC-1,1391,other T,dnT
PBMC10k_ATCGTGAGTTCAAACC-1,1394,CD4 T,CD4 TCM
PBMC10k_ATCGTGAGTTCTTGCC-1,1395,CD4 T,CD4 Naive
PBMC10k_ATCTCTAAGAGATCGC-1,1396,B,B memory
PBMC10k_ATCTCTAAGATCCCAT-1,1397,Mono,CD14 Mono
PBMC10k_ATCTCTAAGTGGTGAC-1,1400,Mono,CD14 Mono
PBMC10k_ATCTCTACAAGCCCAC-1,1401,CD4 T,Treg
PBMC10k_ATCTCTACAGCCTTCT-1,1402,NK,NK
PBMC10k_ATCTCTACATTCTTCA-1,1404,NK,NK
PBMC10k_ATCTCTAGTACGAGTG-1,1405,CD4 T,CD4 TCM
PBMC10k_ATCTTCAGTGCCCAGT-1,1413,CD4 T,CD4 TCM
PBMC10k_ATCTTCATCGGAATGG-1,1415,CD4 T,CD4 Naive
PBMC10k_ATGAAAGAGAGCAAGA-1,1416,NK,NK
PBMC10k_ATGAAAGAGATAACGT-1,1417,other T,dnT
PBMC10k_ATGAAAGAGCGTTAGG-1,1418,CD8 T,CD8 TEM
PBMC10k_ATGAAAGAGGCTGAAC-1,1419,other T,MAIT
PBMC10k_ATGAAAGCAGTGTACT-1,1421,CD4 T,CD4 TEM
PBMC10k_ATGAAAGGTAAGGCTG-1,1422,CD8 T,CD8 TCM
PBMC10k_ATGAAAGGTCATAGTC-1,1423,other,Eryth
PBMC10k_ATGAAAGGTGAGTGAC-1,1425,other T,MAIT
PBMC10k_ATGACCAAGACGGATC-1,1426,CD4 T,CD4 TCM
PBMC10k_ATGACCAAGTTACGAA-1,1429,B,B naive
PBMC10k_ATGACCACAGGTATGG-1,1431,other T,dnT
PBMC10k_ATGACCATCGGTAGAG-1,1433,NK,NK
PBMC10k_ATGAGGGCATACAGCT-1,1438,Mono,CD14 Mono
PBMC10k_ATGAGTCAGAGGCGGA-1,1440,CD4 T,CD4 TCM
PBMC10k_ATGAGTCAGATCACTC-1,1441,B,B naive
PBMC10k_ATGAGTCAGCGACTTT-1,1442,CD8 T,CD8 TEM
PBMC10k_ATGAGTCCAACGGGTA-1,1443,Mono,CD14 Mono
PBMC10k_ATGAGTCCATCCCACT-1,1445,CD8 T,CD8 TEM
PBMC10k_ATGAGTCGTTCACCGG-1,1447,CD4 T,Treg
PBMC10k_ATGAGTCTCTGAGGTT-1,1449,CD4 T,CD4 TCM
PBMC10k_ATGATCGCATACTGTG-1,1452,NK,NK
PBMC10k_ATGATCGGTGGCCTCA-1,1454,Mono,CD14 Mono
PBMC10k_ATGATCGTCCATTTCA-1,1457,Mono,CD14 Mono
PBMC10k_ATGCATGAGGGCTGAT-1,1461,CD8 T,CD8 TCM
PBMC10k_ATGCATGAGTTGTCAC-1,1462,CD4 T,CD4 TCM
PBMC10k_ATGCATGGTAAGTTGA-1,1463,CD4 T,CD4 Naive
PBMC10k_ATGCATGGTACGACTT-1,1464,Mono,CD14 Mono
PBMC10k_ATGCATGGTGATTCAC-1,1469,DC,cDC2
PBMC10k_ATGCATGGTTAGAGTA-1,1470,NK,NK
PBMC10k_ATGCATGTCCATTTAC-1,1472,CD4 T,Treg
PBMC10k_ATGCATGTCGGAAGGT-1,1473,CD4 T,CD4 TCM
PBMC10k_ATGCCTCAGAAGCCAC-1,1474,other,ILC
PBMC10k_ATGCCTCAGCAAGCCA-1,1475,CD8 T,CD8 TCM
PBMC10k_ATGCCTCAGGCACGAT-1,1476,B,B naive
PBMC10k_ATGCCTCAGTGTCATC-1,1478,CD8 T,CD8 Naive
PBMC10k_ATGCCTCCATGAGGGT-1,1479,CD4 T,CD4 Naive
PBMC10k_ATGCCTCGTTACGATC-1,1480,CD4 T,CD4 Naive
PBMC10k_ATGCCTCTCCTAGAGT-1,1481,B,B naive
PBMC10k_ATGCGATAGTTCTACG-1,1484,CD4 T,CD4 TCM
PBMC10k_ATGCGATCAGAGAGGG-1,1486,other,ILC
PBMC10k_ATGCGATCAGAGTTGG-1,1487,CD4 T,CD4 Naive
PBMC10k_ATGGAGGAGACAAGCC-1,1491,other,ILC
PBMC10k_ATGGAGGAGCGCTGCT-1,1492,CD4 T,CD4 TCM
PBMC10k_ATGGAGGCATTCATCT-1,1494,CD4 T,CD4 Naive
PBMC10k_ATGGAGGGTTAAGTCC-1,1495,other,Eryth
PBMC10k_ATGGATCAGGAAGTGA-1,1499,CD4 T,Treg
PBMC10k_ATGGATCCAGACACCC-1,1502,CD4 T,CD4 TCM
PBMC10k_ATGGATCCAGTCTACA-1,1503,B,B intermediate
PBMC10k_ATGGATCGTCCGGCAT-1,1504,CD8 T,CD8 TCM
PBMC10k_ATGGATCGTGAGAACC-1,1505,Mono,CD14 Mono
PBMC10k_ATGGGAGCAACATACC-1,1506,other,Eryth
PBMC10k_ATGGGAGCAATCAAGA-1,1508,CD8 T,CD8 Naive
PBMC10k_ATGGGAGGTACAGAAT-1,1511,CD4 T,CD4 Naive
PBMC10k_ATGGGAGTCTCTCTAA-1,1513,other,Eryth
PBMC10k_ATGGGAGTCTGACCCT-1,1514,DC,cDC2
PBMC10k_ATGGGAGTCTGGCTGG-1,1515,CD4 T,CD4 TCM
PBMC10k_ATGGGTTAGAGTGACC-1,1516,CD4 T,CD4 Naive
PBMC10k_ATGGGTTAGCGAACTG-1,1517,NK,NK_CD56bright
PBMC10k_ATGGGTTGTTGACGGA-1,1520,other,Eryth
PBMC10k_ATGGTTGGTGATATAG-1,1522,CD8 T,CD8 TCM
PBMC10k_ATGTCCCGTGAAGCTG-1,1528,Mono,CD14 Mono
PBMC10k_ATGTCCCTCGTTCATT-1,1530,Mono,CD14 Mono
PBMC10k_ATGTCTTAGAATTGTG-1,1531,NK,NK
PBMC10k_ATGTCTTAGTGCAGCA-1,1532,CD4 T,Treg
PBMC10k_ATGTCTTCAATTTCTC-1,1533,CD4 T,CD4 Naive
PBMC10k_ATGTCTTCACAATGTC-1,1534,CD4 T,CD4 Naive
PBMC10k_ATGTCTTGTAGTGCGA-1,1536,B,B memory
PBMC10k_ATTACCTAGAAGCCTG-1,1539,Mono,CD14 Mono
PBMC10k_ATTACCTAGCACCGTC-1,1541,CD4 T,CD4 Naive
PBMC10k_ATTACCTAGCCATCCG-1,1542,CD4 T,CD4 Naive
PBMC10k_ATTACCTCAAGTTCGT-1,1544,NK,NK
PBMC10k_ATTACCTCACAGAAGC-1,1545,NK,NK
PBMC10k_ATTACCTTCACATACG-1,1547,other T,gdT
PBMC10k_ATTACCTTCTTAGTTC-1,1549,B,B naive
PBMC10k_ATTACTCAGACCAGCA-1,1550,other T,MAIT
PBMC10k_ATTACTCAGTGGATTA-1,1552,CD8 T,CD8 TEM
PBMC10k_ATTACTCCAATCTGCA-1,1553,Mono,CD14 Mono
PBMC10k_ATTACTCTCGAAATCC-1,1557,CD8 T,CD8 TCM
PBMC10k_ATTACTCTCGGTCATA-1,1558,CD4 T,CD4 TCM
PBMC10k_ATTATCCCATCATGAC-1,1559,Mono,CD14 Mono
PBMC10k_ATTATCCTCGAAGCAG-1,1561,CD4 T,CD4 TCM
PBMC10k_ATTATCCTCGGAGATG-1,1562,Mono,CD14 Mono
PBMC10k_ATTCACTAGCTACTAC-1,1564,CD4 T,CD4 Naive
PBMC10k_ATTCACTAGTTGCATC-1,1565,NK,NK
PBMC10k_ATTCACTGTCAGACGA-1,1567,CD4 T,CD4 Naive
PBMC10k_ATTCACTGTGCTGTCG-1,1568,other T,MAIT
PBMC10k_ATTCACTTCCTGTACC-1,1571,NK,NK
PBMC10k_ATTCAGGGTAATGCTC-1,1574,Mono,CD14 Mono
PBMC10k_ATTCAGGGTATTGACC-1,1575,NK,NK
PBMC10k_ATTCATCCACTAGGCC-1,1577,Mono,CD14 Mono
PBMC10k_ATTCATCCAGGTGTGA-1,1579,Mono,CD14 Mono
PBMC10k_ATTCATCTCGGCCCAA-1,1581,Mono,CD14 Mono
PBMC10k_ATTCATCTCTGCAGCG-1,1583,other T,gdT
PBMC10k_ATTCCATAGTAGGATT-1,1584,Mono,CD14 Mono
PBMC10k_ATTCCATGTCACTCGG-1,1585,CD4 T,CD4 Naive
PBMC10k_ATTCCATGTTAGTCGT-1,1586,CD8 T,CD8 TEM
PBMC10k_ATTCCCGAGCGCCTCA-1,1590,CD4 T,CD4 Naive
PBMC10k_ATTCCCGAGCTTGTGT-1,1591,NK,NK
PBMC10k_ATTCCCGGTCGATGCC-1,1597,NK,NK
PBMC10k_ATTCCCGTCCCAAGCG-1,1598,CD4 T,Treg
PBMC10k_ATTCCCGTCTTGCGCT-1,1599,CD4 T,Treg
PBMC10k_ATTCCTAAGTCGAATA-1,1600,CD4 T,CD4 Naive
PBMC10k_ATTCCTACATGTGTCA-1,1602,NK,NK
PBMC10k_ATTCCTATCCAAGGGA-1,1604,NK,NK_CD56bright
PBMC10k_ATTCGTTCAGTCGGTC-1,1608,CD8 T,CD8 TEM
PBMC10k_ATTCGTTCATCGGCCA-1,1609,Mono,CD14 Mono
PBMC10k_ATTCGTTGTTAAGAAC-1,1611,Mono,CD14 Mono
PBMC10k_ATTCGTTTCGAGCCTG-1,1612,Mono,CD14 Mono
PBMC10k_ATTCTACTCCTAGCCT-1,1616,Mono,CD14 Mono
PBMC10k_ATTCTACTCTCCAAGA-1,1618,CD4 T,CD4 Naive
PBMC10k_ATTCTTGAGCCTGAGA-1,1620,CD4 T,CD4 Naive
PBMC10k_ATTCTTGGTAACCCGC-1,1621,CD4 T,CD4 Naive
PBMC10k_ATTGGGTCATATGGCT-1,1627,DC,pDC
PBMC10k_ATTGGGTGTAGGCAAC-1,1628,CD8 T,CD8 Naive
PBMC10k_ATTGGGTGTCATTCCC-1,1629,B,B naive
PBMC10k_ATTGGGTTCATTCATC-1,1630,CD4 T,CD4 Naive
PBMC10k_ATTGGGTTCGCACTCT-1,1631,NK,NK
PBMC10k_ATTGGGTTCGCTTACC-1,1632,CD8 T,CD8 TEM
PBMC10k_ATTGTTCAGACCCGCT-1,1633,CD4 T,CD4 TCM
PBMC10k_ATTGTTCAGTGGTCAG-1,1634,NK,NK
PBMC10k_ATTGTTCGTAGGTGCA-1,1636,CD4 T,CD4 TCM
PBMC10k_ATTGTTCGTAGTCGTT-1,1637,CD8 T,CD8 TEM
PBMC10k_ATTGTTCGTCTTGAAC-1,1638,CD8 T,CD8 TEM
PBMC10k_ATTGTTCTCCCACAGG-1,1639,Mono,CD14 Mono
PBMC10k_ATTTACCAGCGCCTTG-1,1641,CD4 T,Treg
PBMC10k_ATTTACCAGGCCTGAA-1,1642,CD4 T,Treg
PBMC10k_ATTTACCGTACTAGCT-1,1646,CD8 T,CD8 TEM
PBMC10k_ATTTACCGTATGGAAT-1,1647,Mono,CD14 Mono
PBMC10k_ATTTACCGTGTACGCC-1,1648,other T,dnT
PBMC10k_ATTTACCGTTTAGACC-1,1649,CD8 T,CD8 TEM
PBMC10k_ATTTCACAGGCGAACT-1,1651,CD4 T,CD4 Naive
PBMC10k_ATTTCACCAGAACGCA-1,1652,other T,MAIT
PBMC10k_ATTTCACCATCACAGT-1,1653,NK,NK
PBMC10k_ATTTCACGTTCACGAT-1,1655,CD8 T,CD8 TEM
PBMC10k_ATTTCACTCGATGCAT-1,1656,CD4 T,CD4 TCM
PBMC10k_ATTTCACTCTTAATCC-1,1657,CD8 T,CD8 TEM
PBMC10k_ATTTCTGAGCGGTATG-1,1659,CD4 T,CD4 TCM
PBMC10k_ATTTCTGCACAGTCAT-1,1661,other,Eryth
PBMC10k_ATTTCTGTCCTTGAAG-1,1665,CD4 T,CD4 TCM
PBMC10k_ATTTCTGTCTCCTACG-1,1666,other,ILC
PBMC10k_CAAAGAAAGATACGAT-1,1667,other T,MAIT
PBMC10k_CAAAGAAAGTCGCTAT-1,1669,CD4 T,CD4 Naive
PBMC10k_CAACAACCATCCAACA-1,1670,NK,NK
PBMC10k_CAACAGTAGGTCATAA-1,1675,NK,NK
PBMC10k_CAACAGTAGTGTACCT-1,1677,other T,MAIT
PBMC10k_CAACAGTCAACATACC-1,1678,CD4 T,CD4 Naive
PBMC10k_CAACAGTGTGGCACTC-1,1680,CD4 T,CD4 Naive
PBMC10k_CAACAGTTCGTTACCC-1,1682,Mono,CD14 Mono
PBMC10k_CAACCAACACCTAAAC-1,1683,Mono,CD14 Mono
PBMC10k_CAACCAAGTTAGGCTT-1,1684,NK,NK
PBMC10k_CAACCAAGTTTGGGTT-1,1685,CD4 T,CD4 Naive
PBMC10k_CAACCAATCCGATAGT-1,1688,CD4 T,CD4 TEM
PBMC10k_CAACCAATCTTGGAAC-1,1689,Mono,CD14 Mono
PBMC10k_CAACCTCCAAGTACCT-1,1693,B,B naive
PBMC10k_CAACCTCCATATCTGG-1,1694,CD4 T,CD4 TCM
PBMC10k_CAACCTCGTAATGTGA-1,1695,other T,dnT
PBMC10k_CAACGATAGAACTTCC-1,1696,other,Eryth
PBMC10k_CAACGATAGCCAGAGT-1,1697,CD8 T,CD8 TCM
PBMC10k_CAACGATCACCCTTAC-1,1698,Mono,CD14 Mono
PBMC10k_CAACGATCATACCACA-1,1699,other T,gdT
PBMC10k_CAACGGCAGCATGCGA-1,1700,CD8 T,CD8 Naive
PBMC10k_CAACGGCAGGACAACC-1,1701,other T,MAIT
PBMC10k_CAACGGCGTTCGGCTG-1,1703,B,B naive
PBMC10k_CAACGGCTCGTCGGGT-1,1704,other,ILC
PBMC10k_CAACGGCTCTCGCCTA-1,1705,NK,NK
PBMC10k_CAAGACTAGTCAGCGA-1,1706,CD4 T,CD4 Naive
PBMC10k_CAAGACTAGTTCCGTA-1,1707,CD4 T,CD4 Naive
PBMC10k_CAAGACTCAAGTGGAC-1,1708,CD8 T,CD8 TEM
PBMC10k_CAAGACTGTGATGGCA-1,1709,other T,MAIT
PBMC10k_CAAGACTTCATACGGT-1,1710,CD4 T,CD4 Naive
PBMC10k_CAAGAGGAGTGTGTTC-1,1711,other T,MAIT
PBMC10k_CAAGAGGCAAGTGGCA-1,1712,other,ILC
PBMC10k_CAAGAGGGTGTGTCGC-1,1716,B,B naive
PBMC10k_CAAGAGGTCAGGCGAA-1,1717,CD4 T,CD4 Proliferating
PBMC10k_CAAGAGGTCATTACGG-1,1718,CD4 T,CD4 TCM
PBMC10k_CAAGCTAAGGCATTTC-1,1719,CD4 T,CD4 Naive
PBMC10k_CAAGCTACAGAGAATT-1,1721,CD8 T,CD8 TEM
PBMC10k_CAAGCTAGTCGAACGA-1,1722,B,B naive
PBMC10k_CAAGGGACAAGACTGG-1,1724,B,B naive
PBMC10k_CAAGGGAGTCCTACGG-1,1725,CD4 T,CD4 TCM
PBMC10k_CAAGGGAGTGAGCCAA-1,1726,CD4 T,CD4 TEM
PBMC10k_CAATACGAGACGATAT-1,1728,Mono,CD14 Mono
PBMC10k_CAATACGAGGGTAGCT-1,1729,DC,cDC2
PBMC10k_CAATACGCACCGTCGA-1,1731,CD4 T,CD4 TCM
PBMC10k_CAATACGTCAAGTGGG-1,1733,CD4 T,CD4 TEM
PBMC10k_CAATCGAAGTGTCATC-1,1734,other T,dnT
PBMC10k_CAATCGACATTGACAC-1,1736,CD4 T,CD4 TEM
PBMC10k_CAATGACCAGGTCCGT-1,1741,CD4 T,CD4 TEM
PBMC10k_CAATGACGTGTGTGTT-1,1744,Mono,CD14 Mono
PBMC10k_CAATGACTCATGGAGG-1,1745,CD4 T,CD4 TCM
PBMC10k_CAATGACTCCAAGAGG-1,1746,CD4 T,CD4 TCM
PBMC10k_CAATTTCGTATCTCGA-1,1747,CD4 T,CD4 TCM
PBMC10k_CAATTTCTCATTTGGG-1,1751,NK,NK
PBMC10k_CAATTTCTCCCTGTTG-1,1752,Mono,CD14 Mono
PBMC10k_CACAACACACGCTATA-1,1753,Mono,CD14 Mono
PBMC10k_CACAACACAGTTGAAA-1,1755,CD8 T,CD8 Naive
PBMC10k_CACAACATCAAGGCTT-1,1757,CD8 T,CD8 Proliferating
PBMC10k_CACAACATCCATACAG-1,1758,CD4 T,Treg
PBMC10k_CACAACATCGTAGCTA-1,1759,Mono,CD14 Mono
PBMC10k_CACACAAGTTAAACAG-1,1762,B,B memory
PBMC10k_CACACAATCTCTCTAA-1,1764,CD4 T,Treg
PBMC10k_CACAGATAGCAACAGC-1,1766,other,Eryth
PBMC10k_CACAGATAGCACGGAT-1,1767,NK,NK
PBMC10k_CACAGATGTGACTAAA-1,1769,other T,MAIT
PBMC10k_CACAGATGTTCAGCTA-1,1770,CD4 T,CD4 TCM
PBMC10k_CACAGGCAGAGTAACT-1,1771,CD4 T,CD4 TCM
PBMC10k_CACAGGCAGTCAGCGA-1,1772,other T,MAIT
PBMC10k_CACAGGCCAGTTTGGT-1,1773,CD4 T,CD4 Naive
PBMC10k_CACAGGCCATGGACAG-1,1774,CD8 T,CD8 TEM
PBMC10k_CACAGGCGTGTCTTCC-1,1776,Mono,CD14 Mono
PBMC10k_CACATGAAGTTTAGGA-1,1778,NK,NK
PBMC10k_CACATGAGTATGAAGT-1,1779,Mono,CD14 Mono
PBMC10k_CACATGAGTTACGTAC-1,1780,NK,NK
PBMC10k_CACCAAAAGCCATATC-1,1784,other T,MAIT
PBMC10k_CACCAAATCTAAGAAG-1,1786,CD4 T,CD4 Naive
PBMC10k_CACCGTTCACATTGTG-1,1788,Mono,CD14 Mono
PBMC10k_CACCGTTTCGGCATTA-1,1791,CD8 T,CD8 TEM
PBMC10k_CACGAATCAACACACT-1,1793,CD8 T,CD8 Naive
PBMC10k_CACGAATCATGTTCGA-1,1796,CD4 T,CD4 TCM
PBMC10k_CACGAATGTACAATAG-1,1798,CD4 T,CD4 TCM
PBMC10k_CACGAATGTATGTCTG-1,1799,DC,cDC2
PBMC10k_CACGAATGTGCCTGCA-1,1801,other T,MAIT
PBMC10k_CACGAATTCCAGTGTA-1,1803,B,B naive
PBMC10k_CACGGGTAGCAGCAGT-1,1806,CD8 T,CD8 Naive
PBMC10k_CACGGGTCAAACCATC-1,1807,CD8 T,CD8 Naive
PBMC10k_CACGTGGGTCCTACAA-1,1813,CD4 T,CD4 Naive
PBMC10k_CACGTGGGTTAAACCC-1,1814,Mono,CD14 Mono
PBMC10k_CACGTGGGTTCGCGTG-1,1815,CD4 T,CD4 TCM
PBMC10k_CACGTGGTCTAAGCGT-1,1818,CD4 T,CD4 TCM
PBMC10k_CACGTTCAGTGATAAC-1,1819,Mono,CD14 Mono
PBMC10k_CACGTTCCAGTAGAAT-1,1820,CD4 T,CD4 Naive
PBMC10k_CACGTTCTCGACGTCG-1,1822,CD8 T,CD8 TEM
PBMC10k_CACGTTCTCTGCAGCG-1,1823,B,B memory
PBMC10k_CACTAAGCAATGGCCC-1,1824,NK,NK
PBMC10k_CACTAAGCACCAAATC-1,1825,CD8 T,CD8 Naive
PBMC10k_CACTAAGCACCCGTAG-1,1826,CD4 T,CD4 TEM
PBMC10k_CACTGAAAGGTTGGAC-1,1829,NK,NK
PBMC10k_CACTGAAAGTGCGCTC-1,1830,CD4 T,CD4 TCM
PBMC10k_CACTGAATCCGCGGAT-1,1831,CD4 T,Treg
PBMC10k_CACTGGGGTTGCGGAA-1,1833,Mono,CD14 Mono
PBMC10k_CACTGGGTCATTCGTT-1,1835,B,B naive
PBMC10k_CACTGTCCAAACTAGA-1,1837,CD4 T,CD4 Naive
PBMC10k_CACTGTCCAATGAGCG-1,1838,CD4 T,CD4 Naive
PBMC10k_CACTGTCCACAAATGA-1,1839,CD4 T,CD4 Naive
PBMC10k_CACTGTCCAGCGTATT-1,1840,Mono,CD14 Mono
PBMC10k_CACTGTCGTGCGTCGT-1,1842,Mono,CD14 Mono
PBMC10k_CACTTCGAGCCTGGAA-1,1844,CD4 T,CD4 CTL
PBMC10k_CACTTCGAGGCACAAC-1,1845,other T,MAIT
PBMC10k_CACTTCGCAGGTATGG-1,1847,CD4 T,CD4 Naive
PBMC10k_CACTTCGGTATGAGGC-1,1849,CD4 T,CD4 TEM
PBMC10k_CACTTCGTCAGTCAGT-1,1853,CD8 T,CD8 TEM
PBMC10k_CAGAGCCAGTTCGGTT-1,1855,NK,NK
PBMC10k_CAGATACAGGTGCCTC-1,1858,NK,NK
PBMC10k_CAGATCAAGGGAGATA-1,1861,B,B naive
PBMC10k_CAGATCAAGTGGCGAT-1,1862,Mono,CD14 Mono
PBMC10k_CAGATCAGTTTGAAAG-1,1865,Mono,CD14 Mono
PBMC10k_CAGATCATCAAGTCGT-1,1866,NK,NK
PBMC10k_CAGATCATCGATTGAC-1,1867,CD4 T,CD4 TEM
PBMC10k_CAGATTGCACTAGTAC-1,1869,Mono,CD14 Mono
PBMC10k_CAGATTGCATTGTACG-1,1870,CD4 T,CD4 Naive
PBMC10k_CAGATTGTCAACCTCC-1,1871,NK,NK
PBMC10k_CAGATTGTCAAGAGTA-1,1872,Mono,CD14 Mono
PBMC10k_CAGATTGTCGTAGCCG-1,1874,CD4 T,CD4 TCM
PBMC10k_CAGCAATAGTATGACA-1,1876,CD4 T,CD4 Naive
PBMC10k_CAGCAATCAAATAAGC-1,1877,Mono,CD14 Mono
PBMC10k_CAGCAATGTCGTGGAA-1,1878,Mono,CD14 Mono
PBMC10k_CAGCAATTCACACGAT-1,1880,Mono,CD14 Mono
PBMC10k_CAGCAATTCTGGTGGC-1,1881,NK,NK
PBMC10k_CAGCACGAGCTTTCCC-1,1882,other,Eryth
PBMC10k_CAGCACGCAGCGGTTC-1,1883,Mono,CD14 Mono
PBMC10k_CAGCACGTCGGTCATA-1,1884,B,B memory
PBMC10k_CAGCAGCTCATACGAC-1,1885,CD8 T,CD8 TCM
PBMC10k_CAGCCAGAGCAGTCTT-1,1886,CD4 T,CD4 TCM
PBMC10k_CAGCCAGAGCGCCATC-1,1888,DC,cDC2
PBMC10k_CAGCCAGAGTGGATTA-1,1889,CD8 T,CD8 Naive
PBMC10k_CAGCGTGAGATCCGAG-1,1894,other,Eryth
PBMC10k_CAGCGTGAGTCACTCA-1,1895,CD4 T,CD4 Naive
PBMC10k_CAGCGTGCAATTGCCA-1,1897,DC,cDC2
PBMC10k_CAGCGTGGTCTGGTTA-1,1899,B,B naive
PBMC10k_CAGCGTGTCCATAAGC-1,1901,CD4 T,CD4 TEM
PBMC10k_CAGGCCACATACGCAT-1,1904,CD4 T,CD4 Naive
PBMC10k_CAGGCCAGTCCATAGT-1,1905,CD8 T,CD8 TEM
PBMC10k_CAGGCCATCCACGGGT-1,1909,CD4 T,CD4 Naive
PBMC10k_CAGGGCTAGTTGGCGA-1,1911,Mono,CD14 Mono
PBMC10k_CAGGGCTCAAACGAGC-1,1912,other T,MAIT
PBMC10k_CAGGGCTCACGGTGCT-1,1913,other,Eryth
PBMC10k_CAGGGCTCAGTCGAGA-1,1914,NK,NK
PBMC10k_CAGGGCTCATCCTAAG-1,1915,CD4 T,CD4 TCM
PBMC10k_CAGGGCTGTATTCCGA-1,1917,CD4 T,CD4 Naive
PBMC10k_CAGGTATAGTCATCCA-1,1921,CD8 T,CD8 TEM
PBMC10k_CAGGTATCACTTACAG-1,1922,CD8 T,CD8 Naive
PBMC10k_CAGGTATCAGAGATTA-1,1923,CD4 T,CD4 TEM
PBMC10k_CAGGTATGTGGTCTCG-1,1925,Mono,CD14 Mono
PBMC10k_CAGGTATGTGTCCGGT-1,1926,CD4 T,CD4 Naive
PBMC10k_CAGGTATTCAACCTCC-1,1927,B,B naive
PBMC10k_CAGGTATTCGCTTGAA-1,1928,CD8 T,CD8 Naive
PBMC10k_CAGTGCGAGCTGGCCT-1,1929,Mono,CD14 Mono
PBMC10k_CAGTGCGCAAGAGTAT-1,1932,Mono,CD14 Mono
PBMC10k_CAGTGCGCACGAGGAT-1,1934,other T,MAIT
PBMC10k_CAGTTAGCACGGCGTT-1,1935,CD8 T,CD8 TCM
PBMC10k_CAGTTAGCACTATCGA-1,1936,other T,gdT
PBMC10k_CAGTTAGTCATGAGTC-1,1938,CD4 T,CD4 Naive
PBMC10k_CAGTTAGTCCCAGGAC-1,1939,CD8 T,CD8 TEM
PBMC10k_CAGTTCCAGGTGAGCT-1,1940,CD4 T,CD4 Naive
PBMC10k_CAGTTCCGTCATGGCC-1,1941,Mono,CD16 Mono
PBMC10k_CAGTTCCTCCTCACTG-1,1943,Mono,CD14 Mono
PBMC10k_CATAAGCAGCCACCGT-1,1945,NK,NK_CD56bright
PBMC10k_CATAAGCCAAGTCCAT-1,1946,CD4 T,CD4 TCM
PBMC10k_CATAAGCGTCCCACGA-1,1948,CD4 T,CD4 Naive
PBMC10k_CATACAGAGATAACGT-1,1949,other,Eryth
PBMC10k_CATACAGCATGAGATA-1,1951,Mono,CD14 Mono
PBMC10k_CATACAGGTAACCCTA-1,1952,NK,NK
PBMC10k_CATACAGGTAGGATAT-1,1953,Mono,CD14 Mono
PBMC10k_CATACAGGTTAAGGAT-1,1956,CD4 T,CD4 TCM
PBMC10k_CATACAGTCACGGTCG-1,1957,DC,cDC2
PBMC10k_CATACCCCAATGAACA-1,1960,other T,MAIT
PBMC10k_CATACCCGTGTTACAC-1,1962,Mono,CD14 Mono
PBMC10k_CATACCCGTTATGTCG-1,1963,Mono,CD14 Mono
PBMC10k_CATACCCTCATTGCGA-1,1965,other T,dnT
PBMC10k_CATACCCTCGGCTTCT-1,1966,other T,gdT
PBMC10k_CATACTTCACATATGC-1,1967,CD4 T,CD4 Naive
PBMC10k_CATACTTCATCGCCTT-1,1968,Mono,CD16 Mono
PBMC10k_CATACTTGTGGGTATG-1,1969,B,B naive
PBMC10k_CATACTTTCCTCAGGG-1,1971,CD8 T,CD8 Naive
PBMC10k_CATAGACCAGACGCTC-1,1974,CD8 T,CD8 TCM
PBMC10k_CATAGACGTGTTACTG-1,1975,CD4 T,CD4 Naive
PBMC10k_CATAGACTCGGCTTGG-1,1977,Mono,CD14 Mono
PBMC10k_CATCAAGAGACGACTG-1,1978,NK,NK
PBMC10k_CATCAAGAGCGAGTCA-1,1979,CD4 T,CD4 Naive
PBMC10k_CATCAAGCAGTAGGAC-1,1982,Mono,CD14 Mono
PBMC10k_CATCAAGGTCGAACAG-1,1983,CD4 T,CD4 Naive
PBMC10k_CATCAAGTCACGTCCT-1,1985,CD8 T,CD8 Naive
PBMC10k_CATCAAGTCATGCCCT-1,1986,NK,NK
PBMC10k_CATCAAGTCGCCTTTG-1,1987,B,B naive
PBMC10k_CATCCACAGGCCACCT-1,1988,NK,NK
PBMC10k_CATCCACCACAGTCGC-1,1989,B,B naive
PBMC10k_CATCCACCATGTTTGG-1,1991,B,B naive
PBMC10k_CATCCACGTTGCATGT-1,1992,CD8 T,CD8 TEM
PBMC10k_CATCCACTCCTTCTTC-1,1993,DC,cDC2
PBMC10k_CATCCCATCTGGGCGT-1,1999,Mono,CD14 Mono
PBMC10k_CATCCGTAGGACGCTA-1,2001,B,B naive
PBMC10k_CATCCGTAGGCTGAAC-1,2002,Mono,CD14 Mono
PBMC10k_CATCCGTGTGAATATG-1,2005,CD4 T,CD4 TCM
PBMC10k_CATCCGTGTGTGTGGA-1,2006,CD8 T,CD8 TEM
PBMC10k_CATCCGTTCAAAGGAT-1,2007,other T,dnT
PBMC10k_CATCCGTTCGTGGGTC-1,2009,CD4 T,CD4 TEM
PBMC10k_CATCCGTTCGTTTACT-1,2010,Mono,CD14 Mono
PBMC10k_CATCCGTTCTGAGTCA-1,2011,CD4 T,CD4 Naive
PBMC10k_CATCGCTAGGACAACC-1,2012,CD4 T,CD4 Naive
PBMC10k_CATCGCTCAATACGCT-1,2013,CD8 T,CD8 Naive
PBMC10k_CATCGCTCATCGGATT-1,2014,NK,NK
PBMC10k_CATCGCTGTGTTGCCG-1,2016,Mono,CD14 Mono
PBMC10k_CATCGGGAGACCAGAC-1,2019,CD4 T,Treg
PBMC10k_CATCGGGAGTTGCCTA-1,2020,Mono,CD16 Mono
PBMC10k_CATCGGGCACTGCGTG-1,2021,CD4 T,CD4 Naive
PBMC10k_CATCGGGGTATGAGCG-1,2024,CD4 T,CD4 Naive
PBMC10k_CATCGGGTCTCTTGCG-1,2025,CD4 T,CD4 Naive
PBMC10k_CATCGGGTCTGGGATT-1,2026,other T,gdT
PBMC10k_CATCGTCGTGGCGCTT-1,2030,CD4 T,Treg
PBMC10k_CATGAGTAGCAAGGAA-1,2032,CD8 T,CD8 TCM
PBMC10k_CATGAGTCAACGCATT-1,2033,CD8 T,CD8 TEM
PBMC10k_CATGAGTCAAGGCTTT-1,2034,CD4 T,CD4 TCM
PBMC10k_CATGAGTCACAAGCCC-1,2035,NK,NK
PBMC10k_CATGAGTGTTATTCCT-1,2037,Mono,CD14 Mono
PBMC10k_CATGAGTTCCCGATCT-1,2039,Mono,CD16 Mono
PBMC10k_CATGCAACAGACAATA-1,2042,Mono,CD14 Mono
PBMC10k_CATGCAAGTCTAGATC-1,2043,Mono,CD16 Mono
PBMC10k_CATGCAATCGGCGATC-1,2045,CD8 T,CD8 Naive
PBMC10k_CATGCCTTCGGCTATA-1,2052,CD8 T,CD8 Naive
PBMC10k_CATGCCTTCTTCCGTG-1,2053,other,Eryth
PBMC10k_CATGCGGAGCGTGAAC-1,2054,B,B naive
PBMC10k_CATGCGGAGCTTAAGA-1,2055,other,Eryth
PBMC10k_CATGCGGAGGGTGAGG-1,2056,CD4 T,Treg
PBMC10k_CATGCGGAGTTTCAGC-1,2057,Mono,CD14 Mono
PBMC10k_CATGCGGGTACAAAGT-1,2058,Mono,CD14 Mono
PBMC10k_CATGCGGGTTCGAGCC-1,2059,CD8 T,CD8 Naive
PBMC10k_CATGCGGTCTCTGCTG-1,2061,NK,NK
PBMC10k_CATGGATCAATGAGCG-1,2068,Mono,CD14 Mono
PBMC10k_CATGGATGTCAGACTT-1,2071,CD4 T,CD4 Naive
PBMC10k_CATGGATGTCCAGCAC-1,2073,CD4 T,CD4 Naive
PBMC10k_CATGGATTCCTCCACA-1,2075,CD8 T,CD8 TCM
PBMC10k_CATGGTACAAACGGCA-1,2076,CD4 T,CD4 Naive
PBMC10k_CATGGTATCTTCCGTG-1,2078,Mono,CD14 Mono
PBMC10k_CATTCATAGTCGGCCT-1,2081,CD4 T,CD4 TEM
PBMC10k_CATTCATGTTCGTAAC-1,2083,Mono,CD14 Mono
PBMC10k_CATTCATGTTGATCGT-1,2084,other T,MAIT
PBMC10k_CATTCATTCCTAGAGT-1,2086,CD4 T,CD4 TCM
PBMC10k_CATTCATTCGTCAGAT-1,2087,NK,NK
PBMC10k_CATTCCGGTAGCTAAA-1,2092,CD8 T,CD8 Naive
PBMC10k_CATTCCGGTCAAGGCA-1,2093,CD4 T,CD4 Naive
PBMC10k_CATTCCGTCTAAGAAG-1,2097,NK,NK
PBMC10k_CATTCCGTCTACACTT-1,2098,Mono,CD14 Mono
PBMC10k_CATTCCGTCTAGCAAC-1,2099,NK,NK
PBMC10k_CATTCTAAGGTAACTA-1,2100,Mono,CD14 Mono
PBMC10k_CATTGAGAGAATCCCT-1,2101,other,Eryth
PBMC10k_CATTGAGAGATAGTGT-1,2102,NK,NK
PBMC10k_CATTGAGCAAGAGCTG-1,2104,NK,NK
PBMC10k_CATTGAGCAGGATGAC-1,2105,B,B naive
PBMC10k_CATTGAGGTGAGATCG-1,2106,CD8 T,CD8 TEM
PBMC10k_CATTGCCAGAATCGAT-1,2108,CD4 T,Treg
PBMC10k_CATTGCCAGGCTCTCG-1,2109,other,ILC
PBMC10k_CATTGCCCAAACTGCT-1,2110,Mono,CD14 Mono
PBMC10k_CATTGCCCAGCTGTGC-1,2111,CD4 T,Treg
PBMC10k_CATTGCCGTCTTAGTG-1,2113,CD4 T,CD4 Proliferating
PBMC10k_CATTGCCGTTGCCGAC-1,2114,other T,gdT
PBMC10k_CATTGCCTCCTCTCGA-1,2116,B,B naive
PBMC10k_CATTGTTAGAACCGCA-1,2118,NK,NK
PBMC10k_CATTGTTAGTAAACGT-1,2119,CD4 T,CD4 TCM
PBMC10k_CATTGTTGTACCTAAC-1,2122,CD4 T,CD4 Naive
PBMC10k_CATTGTTTCTGTGCAA-1,2125,CD4 T,CD4 TCM
PBMC10k_CATTTCAGTGAGACGT-1,2130,Mono,CD14 Mono
PBMC10k_CATTTCATCAAGAAAC-1,2131,NK,NK
PBMC10k_CATTTCATCACTGGGC-1,2133,B,B intermediate
PBMC10k_CATTTCATCAGGACGA-1,2134,NK,NK
PBMC10k_CCAAGCGGTGTACGCC-1,2137,DC,cDC2
PBMC10k_CCAAGCGTCCTTCAGC-1,2138,Mono,CD14 Mono
PBMC10k_CCAAGCGTCGAGTGGA-1,2140,NK,NK
PBMC10k_CCAATGAAGACCAGCA-1,2141,CD4 T,CD4 TCM
PBMC10k_CCAATGAAGTTACGGG-1,2143,NK,NK
PBMC10k_CCAATGACAACTCCCT-1,2144,CD4 T,Treg
PBMC10k_CCAATGACACGACGAA-1,2145,Mono,CD14 Mono
PBMC10k_CCAATGACATCTAGAC-1,2147,B,B naive
PBMC10k_CCAATGATCGGATTAC-1,2150,Mono,CD14 Mono
PBMC10k_CCAATTTCATGTGGCC-1,2153,other,ILC
PBMC10k_CCACAAAAGCTGGCCT-1,2154,Mono,CD14 Mono
PBMC10k_CCACAAAAGTGGAAGA-1,2156,CD4 T,Treg
PBMC10k_CCACAAACAGCACACC-1,2158,Mono,CD14 Mono
PBMC10k_CCACAAACAGCTATAC-1,2159,CD8 T,CD8 Naive
PBMC10k_CCACAAATCTCCCAAC-1,2163,CD4 T,CD4 TEM
PBMC10k_CCACACTAGTTGGGAC-1,2165,B,B memory
PBMC10k_CCACACTCAACGGGTA-1,2167,NK,NK
PBMC10k_CCACACTCAGAGTCAG-1,2168,CD8 T,CD8 TEM
PBMC10k_CCACACTGTACCCGAC-1,2170,other T,MAIT
PBMC10k_CCACACTTCGTTCTGC-1,2171,other,Platelet
PBMC10k_CCACACTTCTTGGTGA-1,2172,CD4 T,CD4 TEM
PBMC10k_CCACCATCAACCACAT-1,2175,CD8 T,CD8 TEM
PBMC10k_CCACCATCATCTGTTT-1,2177,CD4 T,CD4 Naive
PBMC10k_CCACCATTCCAGCTCT-1,2178,NK,NK
PBMC10k_CCACCATTCTAGTGTG-1,2179,NK,NK
PBMC10k_CCACGAGAGCGAGAAA-1,2181,Mono,CD14 Mono
PBMC10k_CCACGAGAGGCTAACG-1,2183,CD4 T,CD4 TCM
PBMC10k_CCACGAGTCAGCAGAG-1,2189,Mono,CD14 Mono
PBMC10k_CCACGTTAGACCAACG-1,2192,CD4 T,CD4 TCM
PBMC10k_CCACGTTGTGCCAAGA-1,2194,Mono,CD14 Mono
PBMC10k_CCACGTTGTTAGGCTT-1,2195,CD4 T,CD4 TCM
PBMC10k_CCACTTGAGATGCCGA-1,2197,CD8 T,CD8 TCM
PBMC10k_CCACTTGCAAGAGCTG-1,2200,NK,NK Proliferating
PBMC10k_CCACTTGTCTTTGCGC-1,2206,NK,NK
PBMC10k_CCATAAGCACTGCTTC-1,2208,CD4 T,Treg
PBMC10k_CCATAAGCACTGTTCC-1,2209,CD4 T,CD4 Naive
PBMC10k_CCATAAGCAGTTAAAG-1,2210,other,ILC
PBMC10k_CCATCACGTATCGATC-1,2213,Mono,CD14 Mono
PBMC10k_CCCAACTAGAATTCAG-1,2216,Mono,CD14 Mono
PBMC10k_CCCAACTAGCAAGTCG-1,2217,CD8 T,CD8 TEM
PBMC10k_CCCAACTGTATGAGCG-1,2218,NK,NK
PBMC10k_CCCAACTGTTTGTTCT-1,2219,CD4 T,CD4 TCM
PBMC10k_CCCAACTTCGAACGCC-1,2220,CD4 T,Treg
PBMC10k_CCCAACTTCTCCACTG-1,2221,Mono,CD14 Mono
PBMC10k_CCCAACTTCTTCCCAG-1,2222,Mono,CD14 Mono
PBMC10k_CCCATTGAGTCCGCGT-1,2224,Mono,CD14 Mono
PBMC10k_CCCATTGCAAGTCCCG-1,2226,CD4 T,CD4 Naive
PBMC10k_CCCATTGCAGTCGCTG-1,2227,CD4 T,CD4 TCM
PBMC10k_CCCATTGCATCCTAAG-1,2228,other T,MAIT
PBMC10k_CCCATTGGTGGTCTAT-1,2229,CD4 T,CD4 TEM
PBMC10k_CCCATTGGTTTATGCG-1,2230,other T,MAIT
PBMC10k_CCCGAAGAGGAGGCAG-1,2231,B,B naive
PBMC10k_CCCGAAGAGGCGCTCT-1,2232,CD4 T,CD4 TEM
PBMC10k_CCCGAAGCACAGTCCG-1,2233,CD4 T,CD4 TCM
PBMC10k_CCCGAAGCAGCGTAGA-1,2234,NK,NK
PBMC10k_CCCGAAGGTCGATTTG-1,2235,NK,NK
PBMC10k_CCCGAAGTCCACTTCG-1,2236,B,B naive
PBMC10k_CCCGGAACAAAGACTA-1,2238,NK,NK
PBMC10k_CCCGGAACAACGTATC-1,2239,CD4 T,CD4 TEM
PBMC10k_CCCGGAACAAGATGGC-1,2240,CD4 T,CD4 TCM
PBMC10k_CCCGGAACACACCGCA-1,2241,CD4 T,CD4 Naive
PBMC10k_CCCGGAACAGAAGCTG-1,2243,DC,cDC2
PBMC10k_CCCGGAATCTGGAGAG-1,2246,CD4 T,CD4 TCM
PBMC10k_CCCTAACGTAATTAGG-1,2249,Mono,CD14 Mono
PBMC10k_CCCTAACTCTAGATCG-1,2251,DC,cDC2
PBMC10k_CCCTCAAAGGCCGCTT-1,2252,B,B naive
PBMC10k_CCCTCAAAGTCACTAC-1,2253,NK,NK
PBMC10k_CCCTCAAGTGAGAGGG-1,2255,B,B memory
PBMC10k_CCCTCAAGTTGCGTAT-1,2259,CD4 T,CD4 CTL
PBMC10k_CCCTCTCAGACCAAGC-1,2261,Mono,CD14 Mono
PBMC10k_CCCTCTCCAACTGCTA-1,2263,CD4 T,CD4 Naive
PBMC10k_CCCTCTCTCTGCTTAT-1,2267,other,Eryth
PBMC10k_CCCTGATAGCATTGTC-1,2268,CD8 T,CD8 Naive
PBMC10k_CCCTGATAGGCTCTCG-1,2269,CD8 T,CD8 Naive
PBMC10k_CCCTGATAGTCCTACA-1,2270,CD8 T,CD8 TEM
PBMC10k_CCCTGATCAACAACAA-1,2271,CD4 T,CD4 Naive
PBMC10k_CCCTGATCAACTCGTA-1,2272,NK,NK
PBMC10k_CCCTGATCAGGAATAT-1,2273,CD4 T,CD4 Naive
PBMC10k_CCCTGATTCGTAACCA-1,2276,other,Eryth
PBMC10k_CCCTTAGAGCGAATGC-1,2278,CD4 T,CD4 TCM
PBMC10k_CCCTTAGAGCTCTGTA-1,2279,CD8 T,CD8 TCM
PBMC10k_CCCTTAGCAAGTACCT-1,2281,CD4 T,CD4 TEM
PBMC10k_CCCTTAGCACTGAGTT-1,2283,CD8 T,CD8 Naive
PBMC10k_CCCTTAGGTGTTCGTA-1,2284,Mono,CD14 Mono
PBMC10k_CCCTTAGGTTGCATGT-1,2285,CD4 T,CD4 TCM
PBMC10k_CCCTTAGTCCATGCAA-1,2286,CD4 T,CD4 TCM
PBMC10k_CCGAACGAGACTTCGT-1,2287,Mono,CD14 Mono
PBMC10k_CCGAACGCAAGGTTGG-1,2288,NK,NK
PBMC10k_CCGAACGCATCGGATT-1,2289,CD4 T,CD4 Naive
PBMC10k_CCGAACGGTACGACAG-1,2290,B,B naive
PBMC10k_CCGAACGTCACCATGA-1,2292,other,Eryth
PBMC10k_CCGAACGTCACGTAGT-1,2293,CD4 T,CD4 Naive
PBMC10k_CCGATCTAGGTAAGGA-1,2295,Mono,CD14 Mono
PBMC10k_CCGATCTCACGTGAGA-1,2297,NK,NK
PBMC10k_CCGATCTGTGACACGA-1,2298,other T,MAIT
PBMC10k_CCGATCTTCTCCGAGG-1,2301,CD4 T,CD4 Naive
PBMC10k_CCGATCTTCTCTGAGA-1,2302,CD4 T,CD4 Naive
PBMC10k_CCGATGGAGCAAGGAA-1,2303,Mono,CD14 Mono
PBMC10k_CCGATGGGTATAGGAT-1,2304,CD4 T,CD4 TEM
PBMC10k_CCGATGGGTCGAATTC-1,2305,Mono,CD14 Mono
PBMC10k_CCGATGGTCCGAACGC-1,2308,NK,NK
PBMC10k_CCGCAAGCATGACCCG-1,2311,NK,NK
PBMC10k_CCGGACACAATTAGGA-1,2314,CD4 T,CD4 TEM
PBMC10k_CCGGACATCGTGGAAG-1,2316,B,B memory
PBMC10k_CCGGGTAAGAGTTCGG-1,2318,CD8 T,CD8 Naive
PBMC10k_CCGGGTAAGCAATTAG-1,2319,Mono,CD14 Mono
PBMC10k_CCGGGTAGTAAGGTCG-1,2323,CD4 T,CD4 Naive
PBMC10k_CCGGGTAGTGGCGCTT-1,2324,NK,NK
PBMC10k_CCGGGTATCCATACTT-1,2325,CD4 T,Treg
PBMC10k_CCGGTAGCAATGGGTG-1,2329,other T,MAIT
PBMC10k_CCGGTAGGTACGGTTT-1,2330,CD4 T,CD4 Naive
PBMC10k_CCGGTAGTCCACTTCG-1,2331,NK,NK
PBMC10k_CCGGTAGTCCTGTAGA-1,2332,CD4 T,Treg
PBMC10k_CCGGTAGTCTACCACC-1,2333,CD4 T,CD4 TCM
PBMC10k_CCGGTGAAGAGCATCG-1,2334,Mono,CD14 Mono
PBMC10k_CCGGTGAAGGGAACAA-1,2335,B,B intermediate
PBMC10k_CCGTAGGCAATTCACG-1,2338,CD4 T,CD4 TCM
PBMC10k_CCGTAGGTCAACTGGT-1,2340,NK,NK
PBMC10k_CCGTAGGTCTCAGGCG-1,2342,CD4 T,Treg
PBMC10k_CCGTAGGTCTGCCTGT-1,2343,other,Eryth
PBMC10k_CCGTGAGAGCACTCAT-1,2344,B,B memory
PBMC10k_CCGTGAGAGCTAAGTA-1,2345,CD4 T,CD4 TCM
PBMC10k_CCGTGAGGTAGCGATG-1,2347,Mono,CD14 Mono
PBMC10k_CCGTGAGGTTAGAGTA-1,2348,CD4 T,CD4 TEM
PBMC10k_CCGTGAGTCTCGCGTT-1,2349,CD8 T,CD8 Naive
PBMC10k_CCGTTCAGTAACGCGA-1,2352,CD4 T,CD4 TCM
PBMC10k_CCGTTCAGTAGCTTTG-1,2354,CD4 T,CD4 Naive
PBMC10k_CCGTTCAGTCACTTAG-1,2355,other,Platelet
PBMC10k_CCGTTCAGTGGATCAG-1,2356,CD4 T,CD4 Naive
PBMC10k_CCTAACCCAAGTCGTT-1,2359,other,ILC
PBMC10k_CCTAACCGTATAGGAT-1,2361,B,B naive
PBMC10k_CCTAACCGTCTGTGGC-1,2362,NK,NK_CD56bright
PBMC10k_CCTAACCGTGCCCAGT-1,2363,CD4 T,CD4 Naive
PBMC10k_CCTAACCTCTTGAACG-1,2366,Mono,CD14 Mono
PBMC10k_CCTAAGAAGATGGCAC-1,2368,other T,MAIT
PBMC10k_CCTAAGAAGGTGCCTC-1,2370,CD4 T,CD4 TCM
PBMC10k_CCTAAGAAGTAAACTG-1,2371,other T,dnT
PBMC10k_CCTAAGAAGTATGGCG-1,2372,CD4 T,Treg
PBMC10k_CCTAAGACACACTGGC-1,2373,CD4 T,CD4 TCM
PBMC10k_CCTAAGAGTATCCCTC-1,2374,Mono,CD14 Mono
PBMC10k_CCTAAGAGTCTTGTCC-1,2375,CD4 T,CD4 TCM
PBMC10k_CCTACGTAGGTGCATG-1,2380,NK,NK
PBMC10k_CCTACGTCAGGTTCAT-1,2382,CD4 T,CD4 Naive
PBMC10k_CCTACGTGTGAATAAC-1,2385,B,B naive
PBMC10k_CCTACGTTCAGCTAGT-1,2387,NK,NK
PBMC10k_CCTACGTTCCGTGGTG-1,2388,Mono,CD14 Mono
PBMC10k_CCTACGTTCTAACGCA-1,2389,Mono,CD14 Mono
PBMC10k_CCTATCGAGCCTAGGA-1,2390,other,Eryth
PBMC10k_CCTATCGAGGTGGCTA-1,2391,CD4 T,CD4 TEM
PBMC10k_CCTATCGCACAACGTT-1,2392,CD4 T,CD4 Naive
PBMC10k_CCTATCGCACGCTGCA-1,2393,Mono,CD14 Mono
PBMC10k_CCTATCGGTAGAGTTA-1,2394,CD4 T,CD4 TCM
PBMC10k_CCTATCGGTGTACGCC-1,2395,Mono,CD14 Mono
PBMC10k_CCTCAACAGGGACACT-1,2398,DC,cDC2
PBMC10k_CCTCAACCAGGACTTT-1,2399,Mono,CD14 Mono
PBMC10k_CCTCAACGTGAATATG-1,2403,CD4 T,CD4 TCM
PBMC10k_CCTCAACTCAGGTGTT-1,2404,other T,MAIT
PBMC10k_CCTCAACTCATTACGG-1,2405,Mono,CD14 Mono
PBMC10k_CCTCAACTCCCAGTGG-1,2407,other T,MAIT
PBMC10k_CCTCAACTCCCATTTA-1,2408,CD4 T,CD4 Naive
PBMC10k_CCTCACAAGCTCCGAC-1,2410,Mono,CD14 Mono
PBMC10k_CCTCACATCGTGTTCC-1,2413,other T,MAIT
PBMC10k_CCTCAGTGTATGAAGT-1,2414,NK,NK
PBMC10k_CCTCAGTTCACTTTGT-1,2415,CD4 T,CD4 Naive
PBMC10k_CCTCATGAGATAACAC-1,2418,CD4 T,CD4 TEM
PBMC10k_CCTCATGGTCTTTCAT-1,2420,CD4 T,CD4 TEM
PBMC10k_CCTCATGGTTCGTAAC-1,2421,other T,MAIT
PBMC10k_CCTCATGTCAAGCCAT-1,2424,CD8 T,CD8 Naive
PBMC10k_CCTCCAAAGATGAACT-1,2428,CD8 T,CD8 TEM
PBMC10k_CCTCCAATCAACGTGT-1,2431,NK,NK
PBMC10k_CCTCCAATCTAAGAAG-1,2434,CD4 T,CD4 Naive
PBMC10k_CCTCCTCAGTCTCGTA-1,2435,CD4 T,CD4 TCM
PBMC10k_CCTCTAGAGGAGCAAA-1,2439,Mono,CD14 Mono
PBMC10k_CCTCTAGAGTATTGCC-1,2440,other T,dnT
PBMC10k_CCTCTAGGTATCGTTG-1,2441,other T,MAIT
PBMC10k_CCTCTAGTCTATACGG-1,2444,Mono,CD14 Mono
PBMC10k_CCTCTCCCAACAGCTT-1,2445,Mono,CD14 Mono
PBMC10k_CCTCTCCCAGATTTCG-1,2446,CD4 T,CD4 Naive
PBMC10k_CCTCTCCGTATACCCA-1,2447,CD4 T,Treg
PBMC10k_CCTCTCCGTCACCGCA-1,2448,CD4 T,CD4 TCM
PBMC10k_CCTCTCCGTCCTGTCT-1,2449,Mono,CD14 Mono
PBMC10k_CCTCTCCGTGACCTGC-1,2450,CD4 T,CD4 Naive
PBMC10k_CCTCTCCGTGGCCTCA-1,2451,NK,NK
PBMC10k_CCTCTCCTCAAACCCA-1,2452,CD4 T,CD4 TCM
PBMC10k_CCTCTCCTCAAGTCTG-1,2453,other,ILC
PBMC10k_CCTGCATAGCCTCGTG-1,2454,other,Eryth
PBMC10k_CCTGCATCAGATTAAG-1,2455,NK,NK
PBMC10k_CCTGCATTCACCTCTG-1,2457,CD4 T,CD4 Naive
PBMC10k_CCTGTTGCAACCACAT-1,2458,CD8 T,CD8 Naive
PBMC10k_CCTGTTGCAACTCGTA-1,2459,CD4 T,CD4 Naive
PBMC10k_CCTGTTGGTGACCGAA-1,2465,other T,MAIT
PBMC10k_CCTGTTGTCAAAGACA-1,2467,CD4 T,CD4 Naive
PBMC10k_CCTGTTGTCAGAGTGG-1,2468,CD8 T,CD8 Naive
PBMC10k_CCTTCAGGTGTGAATA-1,2475,CD4 T,CD4 TCM
PBMC10k_CCTTCAGTCCTTGACC-1,2477,NK,NK
PBMC10k_CCTTCAGTCCTTTGAT-1,2478,CD8 T,CD8 TCM
PBMC10k_CCTTGTGAGACTTCAC-1,2479,CD4 T,CD4 TEM
PBMC10k_CCTTGTGGTAGTTCCA-1,2481,CD4 T,CD4 TEM
PBMC10k_CCTTGTGGTCGTGATT-1,2483,NK,NK
PBMC10k_CCTTGTGGTCTTCCGT-1,2484,CD4 T,CD4 TEM
PBMC10k_CCTTGTGGTGCTGATT-1,2485,other T,gdT
PBMC10k_CCTTTGGAGGCTTAAA-1,2487,other,Eryth
PBMC10k_CCTTTGGCAAACTAGA-1,2489,CD4 T,CD4 TCM
PBMC10k_CCTTTGGCAAGAGCTG-1,2490,CD4 T,CD4 TEM
PBMC10k_CCTTTGGCACAAATAG-1,2491,Mono,CD14 Mono
PBMC10k_CCTTTGGCATTCGGGC-1,2494,CD4 T,CD4 TCM
PBMC10k_CCTTTGGGTGTGTCCG-1,2495,NK,NK
PBMC10k_CCTTTGGTCCTGGCTT-1,2496,CD8 T,CD8 TCM
PBMC10k_CGAAGGAAGATTGTGA-1,2498,NK,NK
PBMC10k_CGAAGGAAGCGCAATG-1,2499,CD4 T,CD4 TCM
PBMC10k_CGAAGGAAGTCGTCTA-1,2501,NK,NK
PBMC10k_CGAAGGACACGCAAAG-1,2503,CD4 T,CD4 Naive
PBMC10k_CGAAGGACAGCGCTTG-1,2504,CD8 T,CD8 TEM
PBMC10k_CGAAGGAGTGCATGTT-1,2506,CD8 T,CD8 Naive
PBMC10k_CGAAGGATCAGCGTCG-1,2508,CD4 T,CD4 TEM
PBMC10k_CGAAGTTCATCTGGGC-1,2510,Mono,CD14 Mono
PBMC10k_CGAATTGAGTAATCCC-1,2512,CD4 T,CD4 TEM
PBMC10k_CGACAGCAGATGGCAC-1,2515,NK,NK
PBMC10k_CGACAGCCAGACACAG-1,2516,NK,NK
PBMC10k_CGACAGCCATATGCGT-1,2517,CD8 T,CD8 Naive
PBMC10k_CGACAGCGTGACACAG-1,2520,Mono,CD14 Mono
PBMC10k_CGACAGCGTGTACAGG-1,2521,CD4 T,CD4 TEM
PBMC10k_CGAGAAGGTGACCTGC-1,2523,CD8 T,CD8 Naive
PBMC10k_CGAGAAGGTGATACCT-1,2524,other T,MAIT
PBMC10k_CGAGGAAAGCAGTCTT-1,2525,NK,NK_CD56bright
PBMC10k_CGAGGAAAGTGGAAAG-1,2527,CD4 T,CD4 TCM
PBMC10k_CGAGGAAAGTTGGGAC-1,2528,Mono,CD14 Mono
PBMC10k_CGAGGAACACCATAAC-1,2531,DC,cDC2
PBMC10k_CGAGGAAGTTTAGTCG-1,2533,CD4 T,CD4 TCM
PBMC10k_CGAGGCTAGACACACG-1,2534,CD4 T,CD4 Naive
PBMC10k_CGAGGCTAGGTAGTCG-1,2535,DC,pDC
PBMC10k_CGAGGCTCAGAGAGGG-1,2536,CD4 T,CD4 Naive
PBMC10k_CGAGGCTCATAGAAAC-1,2537,CD4 T,CD4 Naive
PBMC10k_CGAGTGCAGTCAGCCC-1,2542,CD4 T,CD4 Naive
PBMC10k_CGAGTGCCACGCGTGT-1,2543,CD4 T,CD4 TEM
PBMC10k_CGAGTGCGTGAGTAGC-1,2545,Mono,CD14 Mono
PBMC10k_CGAGTGCGTGTTCATG-1,2546,Mono,CD14 Mono
PBMC10k_CGAGTTAAGATGTAGT-1,2550,DC,cDC2
PBMC10k_CGAGTTAAGGTACAGC-1,2551,Mono,CD16 Mono
PBMC10k_CGAGTTACACGACAAG-1,2553,CD4 T,CD4 TEM
PBMC10k_CGAGTTACATGAATCC-1,2554,other T,gdT
PBMC10k_CGAGTTATCCACGTAA-1,2557,Mono,CD14 Mono
PBMC10k_CGAGTTATCTACGCAA-1,2558,CD4 T,Treg
PBMC10k_CGAGTTATCTAGCATG-1,2559,CD4 T,Treg
PBMC10k_CGATCGGCATTCCTAT-1,2560,CD4 T,CD4 TEM
PBMC10k_CGATCGGGTATGAGCG-1,2561,CD8 T,CD8 Naive
PBMC10k_CGATCGGGTCGTATGT-1,2562,CD4 T,Treg
PBMC10k_CGATCGGTCAATGTCG-1,2564,CD4 T,CD4 TCM
PBMC10k_CGATCGGTCGCAACAT-1,2565,CD8 T,CD8 TEM
PBMC10k_CGATGCGAGCGTGAGT-1,2568,CD4 T,CD4 TCM
PBMC10k_CGATGCGGTCCTGAAT-1,2569,Mono,CD16 Mono
PBMC10k_CGATGCGGTTCATCGA-1,2570,Mono,CD14 Mono
PBMC10k_CGATGGCAGAGGATCC-1,2572,CD4 T,CD4 TEM
PBMC10k_CGATGGCAGTACTGTC-1,2574,CD4 T,CD4 Naive
PBMC10k_CGATGGCGTCGTGGAA-1,2577,NK,NK
PBMC10k_CGATGGCTCGGACTGC-1,2578,other T,MAIT
PBMC10k_CGATGGCTCTTCGGTC-1,2579,Mono,CD14 Mono
PBMC10k_CGCAGGTAGGCGAAGG-1,2580,Mono,CD14 Mono
PBMC10k_CGCAGGTCACGCTGCA-1,2581,DC,cDC2
PBMC10k_CGCAGGTCATTCCTAT-1,2582,CD4 T,CD4 TCM
PBMC10k_CGCAGGTGTCTATGAC-1,2584,CD8 T,CD8 Naive
PBMC10k_CGCAGGTTCCAAGCAT-1,2586,CD4 T,CD4 TEM
PBMC10k_CGCATAAAGCAGGCTA-1,2588,CD4 T,CD4 Naive
PBMC10k_CGCATAAAGGTAGACC-1,2589,CD4 T,CD4 Naive
PBMC10k_CGCATAAAGTTGGACG-1,2590,Mono,CD14 Mono
PBMC10k_CGCATAACAGAATTCC-1,2591,CD4 T,CD4 Naive
PBMC10k_CGCATAACAGTTGAAA-1,2592,NK,NK
PBMC10k_CGCATAATCCATACTT-1,2597,CD4 T,Treg
PBMC10k_CGCATAATCTACTCAT-1,2600,other T,dnT
PBMC10k_CGCATGGCACATCCCT-1,2601,B,B naive
PBMC10k_CGCATGGTCCGGTTCT-1,2604,other T,MAIT
PBMC10k_CGCATGGTCGTGGGTC-1,2606,B,B naive
PBMC10k_CGCCAGACACGTCGGT-1,2607,Mono,CD14 Mono
PBMC10k_CGCCAGACATACAGGG-1,2610,other,ILC
PBMC10k_CGCCAGAGTATCGAGG-1,2612,Mono,CD14 Mono
PBMC10k_CGCCAGAGTCCCTCAT-1,2613,Mono,CD16 Mono
PBMC10k_CGCCAGAGTGAGATAT-1,2614,NK,NK_CD56bright
PBMC10k_CGCCATTAGACTTCAC-1,2617,NK,NK
PBMC10k_CGCCATTCAGCTGCCA-1,2618,CD4 T,CD4 Naive
PBMC10k_CGCGTGAAGAATTGCA-1,2622,Mono,CD14 Mono
PBMC10k_CGCGTGACACTGTCGG-1,2623,NK,NK
PBMC10k_CGCGTGATCCTCTCGA-1,2625,Mono,CD14 Mono
PBMC10k_CGGAACCCAACCGCCA-1,2628,other T,MAIT
PBMC10k_CGGAACCTCAGACTGT-1,2631,NK,NK
PBMC10k_CGGAACCTCCACTTTA-1,2632,DC,cDC2
PBMC10k_CGGAACCTCTTTCAGT-1,2633,NK,NK
PBMC10k_CGGAATTGTTCATCGA-1,2636,other T,dnT
PBMC10k_CGGACACGTCTCGCGA-1,2638,CD4 T,CD4 TEM
PBMC10k_CGGACACTCTCACCCA-1,2640,Mono,CD14 Mono
PBMC10k_CGGAGAACACCCAATA-1,2643,CD4 T,Treg
PBMC10k_CGGCAGTGTCGTGGTC-1,2650,Mono,CD14 Mono
PBMC10k_CGGCAGTGTTGTAAAG-1,2651,CD4 T,CD4 Naive
PBMC10k_CGGGACTAGTCTAACC-1,2652,other,ILC
PBMC10k_CGGGACTCAATAGGGC-1,2653,B,B memory
PBMC10k_CGGGACTCATAGACTC-1,2655,Mono,CD14 Mono
PBMC10k_CGGGACTGTTGGCCGT-1,2657,other,ILC
PBMC10k_CGGGCATCACATCCCT-1,2662,CD4 T,CD4 TCM
PBMC10k_CGGGCATGTTAGGCTT-1,2663,Mono,CD14 Mono
PBMC10k_CGGGTCAAGACAACTA-1,2665,Mono,CD14 Mono
PBMC10k_CGGGTCAGTATCCCAA-1,2668,CD8 T,CD8 TCM
PBMC10k_CGGGTCATCGTACACA-1,2669,Mono,CD14 Mono
PBMC10k_CGGGTCATCTTGGTCC-1,2670,other,Eryth
PBMC10k_CGGGTGTAGTACAGCG-1,2671,other,Eryth
PBMC10k_CGGGTGTAGTCTAGAA-1,2672,CD8 T,CD8 TCM
PBMC10k_CGGGTGTCAAGTCCCG-1,2673,NK,NK
PBMC10k_CGGGTGTCAATTCTTC-1,2674,CD4 T,Treg
PBMC10k_CGGGTGTCAGGAGGAG-1,2677,CD4 T,Treg
PBMC10k_CGGGTGTCATTGGATC-1,2678,CD4 T,Treg
PBMC10k_CGGGTGTTCCATAAGC-1,2679,CD8 T,CD8 Naive
PBMC10k_CGGGTGTTCGCGTAGC-1,2680,CD4 T,CD4 Naive
PBMC10k_CGGTCAGAGCCTGAGA-1,2681,Mono,CD14 Mono
PBMC10k_CGGTCAGCAAGCCTGC-1,2682,CD4 T,CD4 Naive
PBMC10k_CGGTCAGCAGTTGGTT-1,2687,CD4 T,CD4 TCM
PBMC10k_CGGTCAGGTACCGGCT-1,2688,CD4 T,CD4 TCM
PBMC10k_CGGTCAGGTAGAATGT-1,2689,CD4 T,CD4 TEM
PBMC10k_CGGTCAGGTAGATGTA-1,2690,Mono,CD14 Mono
PBMC10k_CGGTCAGGTTGTCAGT-1,2693,CD4 T,CD4 Naive
PBMC10k_CGTAAGTAGACCAAAT-1,2696,B,B memory
PBMC10k_CGTAAGTAGCCAAGTG-1,2697,B,B intermediate
PBMC10k_CGTAAGTGTAGTCTTG-1,2698,Mono,CD14 Mono
PBMC10k_CGTAAGTGTCTACACA-1,2699,NK,NK
PBMC10k_CGTAAGTGTGGAAATT-1,2700,other T,dnT
PBMC10k_CGTAAGTTCCAACTGA-1,2701,CD8 T,CD8 TCM
PBMC10k_CGTAAGTTCTAGATCG-1,2702,CD4 T,CD4 TCM
PBMC10k_CGTAATGAGCCTCTTC-1,2703,CD8 T,CD8 TCM
PBMC10k_CGTAATGCACTGAGGA-1,2705,Mono,CD14 Mono
PBMC10k_CGTAATGGTATAGGGC-1,2706,CD8 T,CD8 TEM
PBMC10k_CGTAGTAAGAGAGAAC-1,2707,CD4 T,Treg
PBMC10k_CGTAGTAAGTAGATCA-1,2708,NK,NK
PBMC10k_CGTAGTACAATCGCAT-1,2709,other T,dnT
PBMC10k_CGTAGTACACTCACTC-1,2711,other,Eryth
PBMC10k_CGTAGTACAGAAACCG-1,2712,Mono,CD14 Mono
PBMC10k_CGTAGTACAGACCGCT-1,2713,other,ILC
PBMC10k_CGTAGTACAGCGTAGA-1,2714,B,B naive
PBMC10k_CGTAGTATCTGCGGGT-1,2717,CD4 T,CD4 Naive
PBMC10k_CGTCAAAAGCTGAAAT-1,2718,NK,NK
PBMC10k_CGTCAAACACAACGCC-1,2720,Mono,CD14 Mono
PBMC10k_CGTCAAATCAAATGAG-1,2722,CD4 T,CD4 Naive
PBMC10k_CGTCCATCAGTTGAAA-1,2726,NK,NK
PBMC10k_CGTCCATGTCCTTGTC-1,2727,CD4 T,CD4 TEM
PBMC10k_CGTCCATTCCGGACTG-1,2728,CD8 T,CD8 TEM
PBMC10k_CGTCCATTCGCCTCTA-1,2729,NK,NK
PBMC10k_CGTGAATAGAGAAGGT-1,2730,B,B naive
PBMC10k_CGTGAATAGATTGTGA-1,2731,Mono,CD14 Mono
PBMC10k_CGTGAATAGGTCTGGA-1,2732,Mono,CD14 Mono
PBMC10k_CGTGAATGTCTGGTTA-1,2733,CD4 T,CD4 TCM
PBMC10k_CGTGAATTCAGAGTTC-1,2734,NK,NK
PBMC10k_CGTGAATTCTTCTGTA-1,2736,CD4 T,CD4 TEM
PBMC10k_CGTGATAAGCGTACAG-1,2738,Mono,CD14 Mono
PBMC10k_CGTGCTTAGTCTTGGT-1,2740,DC,cDC2
PBMC10k_CGTGCTTCAGAACTTC-1,2741,CD4 T,CD4 Naive
PBMC10k_CGTGCTTGTATGATCC-1,2743,Mono,CD14 Mono
PBMC10k_CGTGCTTTCATTCATC-1,2745,CD4 T,CD4 TCM
PBMC10k_CGTGTCTAGTTACGAA-1,2747,Mono,CD14 Mono
PBMC10k_CGTGTCTCAAGAGTGC-1,2749,CD4 T,CD4 CTL
PBMC10k_CGTGTCTCATACTGTG-1,2750,CD4 T,CD4 TCM
PBMC10k_CGTGTCTGTCTATGAC-1,2751,CD8 T,CD8 Naive
PBMC10k_CGTTAGACATGATCTG-1,2757,other,ILC
PBMC10k_CGTTAGATCATGGTAC-1,2759,other T,MAIT
PBMC10k_CGTTCTGAGACCTCCG-1,2760,CD4 T,CD4 Naive
PBMC10k_CGTTCTGAGCGAAACC-1,2761,CD8 T,CD8 TEM
PBMC10k_CGTTCTGGTATCATGC-1,2762,NK,NK
PBMC10k_CGTTCTGGTTTGAACC-1,2763,CD4 T,CD4 Naive
PBMC10k_CGTTCTGTCAGGAACG-1,2764,CD4 T,CD4 Naive
PBMC10k_CGTTCTGTCGCTTACC-1,2765,Mono,CD14 Mono
PBMC10k_CGTTGGGAGGATCATA-1,2766,Mono,CD14 Mono
PBMC10k_CGTTGGGCACCAGACC-1,2767,CD4 T,CD4 Naive
PBMC10k_CGTTGGGCAGTATTCG-1,2768,NK,NK
PBMC10k_CGTTGGGCATGCCGAC-1,2769,CD4 T,CD4 Naive
PBMC10k_CGTTGGGTCTGGCCGA-1,2771,CD4 T,CD4 TCM
PBMC10k_CTAACCCCAGTCGCTG-1,2772,other,ILC
PBMC10k_CTAACCCTCAAAGGTA-1,2774,Mono,CD14 Mono
PBMC10k_CTAACTTTCAACCCGG-1,2780,CD4 T,CD4 TCM
PBMC10k_CTAACTTTCGTTGCCT-1,2782,DC,cDC2
PBMC10k_CTAAGTGAGGCCCAAA-1,2784,other,ILC
PBMC10k_CTAAGTGAGTTCCGGC-1,2786,NK,NK
PBMC10k_CTAAGTGGTACTGTTG-1,2787,B,B naive
PBMC10k_CTAAGTGTCCGATTAG-1,2788,CD8 T,CD8 Naive
PBMC10k_CTACAGAAGACCGCCT-1,2789,CD4 T,CD4 TEM
PBMC10k_CTACAGACATTGACCA-1,2790,Mono,CD14 Mono
PBMC10k_CTACAGAGTAAGATAC-1,2791,Mono,CD14 Mono
PBMC10k_CTACAGATCCATCTCG-1,2792,CD4 T,CD4 TCM
PBMC10k_CTACAGATCCGAGATT-1,2793,other T,dnT
PBMC10k_CTACAGATCCTAAGTG-1,2794,Mono,CD14 Mono
PBMC10k_CTACAGATCGTAGGAG-1,2795,B,B naive
PBMC10k_CTACATTAGCGATGAC-1,2798,CD4 T,CD4 TEM
PBMC10k_CTACATTGTTTCTATC-1,2800,NK,NK
PBMC10k_CTACCCACATGAAAGT-1,2802,CD8 T,CD8 Naive
PBMC10k_CTACCCATCGCTTTAT-1,2804,B,B naive
PBMC10k_CTACCCATCGGCCCAA-1,2805,other,Eryth
PBMC10k_CTACCTGAGAGCAAGA-1,2806,NK,NK
PBMC10k_CTACCTGCACACACTA-1,2807,Mono,CD14 Mono
PBMC10k_CTACCTGGTTGGGTTT-1,2808,DC,cDC2
PBMC10k_CTACGGGAGCAACAAT-1,2810,other T,MAIT
PBMC10k_CTACGGGCAGAGCTAG-1,2812,CD4 T,CD4 TCM
PBMC10k_CTACGGGGTCGAAGCA-1,2814,Mono,CD16 Mono
PBMC10k_CTACGGGTCATAAGGA-1,2816,NK,NK
PBMC10k_CTACGGGTCTGTCGTC-1,2817,CD8 T,CD8 Naive
PBMC10k_CTACTATAGCCTCTCT-1,2818,CD4 T,CD4 TCM
PBMC10k_CTACTATCAAGTTCCA-1,2819,other T,MAIT
PBMC10k_CTAGACAAGAAGGGAT-1,2822,B,B naive
PBMC10k_CTAGACAAGTCGAATA-1,2823,CD4 T,CD4 Naive
PBMC10k_CTAGACAGTCCAGGTC-1,2825,other T,dnT
PBMC10k_CTAGACAGTGAGATCG-1,2826,other,Eryth
PBMC10k_CTAGACATCGAGTACT-1,2827,CD8 T,CD8 Naive
PBMC10k_CTAGACATCTAGAGCT-1,2828,NK,NK
PBMC10k_CTAGGTACATGGACAG-1,2830,Mono,CD14 Mono
PBMC10k_CTAGGTATCAAGCCGC-1,2831,Mono,CD14 Mono
PBMC10k_CTAGGTATCAAGCCTA-1,2832,CD4 T,CD4 Naive
PBMC10k_CTATAGGCACAGCTGC-1,2834,CD4 T,CD4 Naive
PBMC10k_CTATAGGCACCCGTAG-1,2835,CD4 T,CD4 Naive
PBMC10k_CTATAGGCACCTGCAG-1,2836,B,B naive
PBMC10k_CTATAGGGTCGATTAC-1,2841,CD4 T,CD4 Naive
PBMC10k_CTATAGGGTGTGTGTT-1,2842,Mono,CD14 Mono
PBMC10k_CTATCCGGTTCCATTT-1,2849,CD4 T,CD4 TCM
PBMC10k_CTATCTAAGTTGGAGC-1,2850,Mono,CD14 Mono
PBMC10k_CTATCTACAATTCACG-1,2851,CD4 T,CD4 TCM
PBMC10k_CTATCTAGTCTCAGGC-1,2852,NK,NK
PBMC10k_CTATCTATCCGATGCG-1,2854,Mono,CD14 Mono
PBMC10k_CTCAACCAGGACTTCT-1,2856,other T,gdT
PBMC10k_CTCAACCTCTGTAAGC-1,2858,Mono,CD14 Mono
PBMC10k_CTCAAGAAGAGCCATG-1,2859,CD4 T,Treg
PBMC10k_CTCAAGAGTTCTTCAT-1,2861,Mono,CD14 Mono
PBMC10k_CTCAAGATCGTTCTGC-1,2863,NK,NK
PBMC10k_CTCAATTAGAGTCGAC-1,2864,CD4 T,CD4 TCM
PBMC10k_CTCAATTAGCGTCTGC-1,2865,Mono,CD14 Mono
PBMC10k_CTCAATTCACTCGATA-1,2867,CD4 T,CD4 Naive
PBMC10k_CTCAATTCATATGAAG-1,2868,Mono,CD14 Mono
PBMC10k_CTCAATTTCCACTTCG-1,2869,CD8 T,CD8 TEM
PBMC10k_CTCAATTTCTCCAATT-1,2870,other T,gdT
PBMC10k_CTCAATTTCTCGCTTG-1,2871,Mono,CD14 Mono
PBMC10k_CTCACTGAGCCTCAGC-1,2872,other,Eryth
PBMC10k_CTCACTGAGCTGCCTG-1,2873,NK,NK
PBMC10k_CTCACTGAGTCTGCAT-1,2874,Mono,CD14 Mono
PBMC10k_CTCACTGGTCAGACTT-1,2875,CD4 T,CD4 TCM
PBMC10k_CTCACTGGTCGTCATA-1,2876,CD4 T,Treg
PBMC10k_CTCACTGTCTCCGAGG-1,2878,NK,NK
PBMC10k_CTCAGAAAGCACCGAA-1,2880,NK,NK
PBMC10k_CTCAGAAAGCCAAGGT-1,2881,Mono,CD14 Mono
PBMC10k_CTCAGAAAGCGACTGA-1,2882,CD4 T,CD4 TEM
PBMC10k_CTCAGAAAGTGCTCGC-1,2884,CD4 T,Treg
PBMC10k_CTCAGAACAGACCAAG-1,2889,Mono,CD14 Mono
PBMC10k_CTCAGAACAGCGTACC-1,2890,Mono,CD14 Mono
PBMC10k_CTCAGAAGTATACGGG-1,2891,CD4 T,CD4 TCM
PBMC10k_CTCAGGGAGTAGTCCT-1,2895,other,ILC
PBMC10k_CTCAGGGCAAAGACTA-1,2896,Mono,CD14 Mono
PBMC10k_CTCAGGGTCGGCACTG-1,2900,Mono,CD14 Mono
PBMC10k_CTCAGGGTCTGGGAGA-1,2901,other T,MAIT
PBMC10k_CTCAGTCAGTCGTTAC-1,2905,other T,MAIT
PBMC10k_CTCAGTCCACCAGTTA-1,2906,CD8 T,CD8 Naive
PBMC10k_CTCAGTCCATAAGCAA-1,2908,B,B naive
PBMC10k_CTCAGTCCATAATGCC-1,2909,NK,NK
PBMC10k_CTCAGTCCATTACTCT-1,2910,CD4 T,CD4 TCM
PBMC10k_CTCAGTCTCCATCGTC-1,2912,CD8 T,CD8 Naive
PBMC10k_CTCATCGAGTGTTGAA-1,2918,other,Eryth
PBMC10k_CTCATCGCACGGTAGA-1,2919,CD4 T,CD4 TEM
PBMC10k_CTCATCGCATAACCCA-1,2922,NK,NK
PBMC10k_CTCATCGGTCGACGCT-1,2924,NK,NK
PBMC10k_CTCATCGGTTTAGAGA-1,2925,CD8 T,CD8 Proliferating
PBMC10k_CTCATCGTCACTCTTA-1,2926,NK,NK
PBMC10k_CTCATCGTCCATCAGA-1,2927,other T,MAIT
PBMC10k_CTCATGCAGCAATAAC-1,2929,other T,MAIT
PBMC10k_CTCATGCCAAATGGTA-1,2931,CD4 T,CD4 TCM
PBMC10k_CTCATGCCATCATCTT-1,2932,CD8 T,CD8 TEM
PBMC10k_CTCATGCTCAATCTCT-1,2933,Mono,CD14 Mono
PBMC10k_CTCATTAAGTGCACAG-1,2937,other T,MAIT
PBMC10k_CTCATTACACATGACT-1,2938,B,B naive
PBMC10k_CTCATTAGTCACATTG-1,2939,other T,MAIT
PBMC10k_CTCATTAGTCGCCACA-1,2940,CD4 T,Treg
PBMC10k_CTCATTAGTCTCGGAC-1,2941,NK,NK
PBMC10k_CTCATTATCCTTATAC-1,2943,other,Eryth
PBMC10k_CTCCAACAGAATTGCA-1,2944,Mono,CD16 Mono
PBMC10k_CTCCAACTCGCACGGT-1,2946,DC,cDC2
PBMC10k_CTCCAACTCGCGTGAC-1,2947,NK,NK
PBMC10k_CTCCAACTCGTTACCC-1,2948,other,Eryth
PBMC10k_CTCCACACATCTGCGG-1,2950,CD4 T,CD4 TCM
PBMC10k_CTCCACAGTAAGCGGT-1,2951,CD8 T,CD8 Naive
PBMC10k_CTCCACAGTGGCAACA-1,2952,CD4 T,CD4 Naive
PBMC10k_CTCCCAACAGAGGACT-1,2961,Mono,CD14 Mono
PBMC10k_CTCCCAAGTACGTGAG-1,2963,CD4 T,CD4 TEM
PBMC10k_CTCCCAAGTGCATTAC-1,2964,Mono,CD14 Mono
PBMC10k_CTCCCTCAGCATTTGC-1,2966,NK,NK
PBMC10k_CTCCCTCAGGCGATAC-1,2967,CD8 T,CD8 Naive
PBMC10k_CTCCCTCGTAATACCC-1,2968,Mono,CD16 Mono
PBMC10k_CTCCGATCACTCCACT-1,2973,Mono,CD14 Mono
PBMC10k_CTCCGATGTCCTGGGT-1,2975,other T,gdT
PBMC10k_CTCCTCCAGATGATTG-1,2979,Mono,CD14 Mono
PBMC10k_CTCCTCCAGGTCGTCC-1,2980,NK,NK_CD56bright
PBMC10k_CTCCTCCCAGCAGATG-1,2982,CD4 T,CD4 CTL
PBMC10k_CTCCTCCTCAGGTGTT-1,2986,CD4 T,CD4 TCM
PBMC10k_CTCCTTTCAAATGGCG-1,2989,DC,pDC
PBMC10k_CTCCTTTCAGAGTCTT-1,2990,CD4 T,CD4 Naive
PBMC10k_CTCCTTTTCACTTGTT-1,2991,B,B intermediate
PBMC10k_CTCCTTTTCGAGTCTA-1,2993,CD8 T,CD8 TCM
PBMC10k_CTCGAGGAGAAGGCTC-1,2995,NK,NK
PBMC10k_CTCGAGGAGTGGTCAG-1,2996,DC,cDC2
PBMC10k_CTCGAGGCACTGTCCT-1,2997,B,B naive
PBMC10k_CTCGAGGCAGAACGCA-1,2998,B,B naive
PBMC10k_CTCGAGGGTTCGTAAC-1,3000,CD4 T,CD4 Naive
PBMC10k_CTCGAGGTCGCATTGA-1,3001,CD4 T,CD4 TEM
PBMC10k_CTCGAGGTCTCTCGCA-1,3002,CD8 T,CD8 Naive
PBMC10k_CTCTCAGAGCACCCAC-1,3003,B,B intermediate
PBMC10k_CTCTCAGCATGCGTGC-1,3004,Mono,CD14 Mono
PBMC10k_CTCTCAGGTACACGTT-1,3005,CD4 T,CD4 TCM
PBMC10k_CTCTCAGTCGATACGT-1,3007,Mono,CD14 Mono
PBMC10k_CTCTCGACATAGATCC-1,3010,B,B naive
PBMC10k_CTCTCGAGTAGCGTTT-1,3011,CD4 T,CD4 Naive
PBMC10k_CTCTCGAGTATTTCGG-1,3012,Mono,CD16 Mono
PBMC10k_CTCTCGATCTCAAAGC-1,3014,other,ILC
PBMC10k_CTCTGGTAGGATACAT-1,3015,CD4 T,CD4 Naive
PBMC10k_CTCTGGTAGTGGTGAC-1,3016,CD8 T,CD8 TCM
PBMC10k_CTCTGGTGTACTCGAT-1,3017,CD4 T,CD4 Naive
PBMC10k_CTCTGGTTCTACTCAT-1,3019,CD8 T,CD8 TEM
PBMC10k_CTGAATGCATTACGGT-1,3020,Mono,CD14 Mono
PBMC10k_CTGAATGGTCACTTAG-1,3021,CD8 T,CD8 Naive
PBMC10k_CTGAATGTCTCCCAAC-1,3023,other,ILC
PBMC10k_CTGAGCGAGCTGGCCT-1,3024,CD4 T,CD4 Naive
PBMC10k_CTGAGCGAGGGAGGAC-1,3025,CD4 T,CD4 Naive
PBMC10k_CTGAGCGCAAACTAGA-1,3029,CD4 T,Treg
PBMC10k_CTGAGCGCATATCTGG-1,3030,CD4 T,CD4 TEM
PBMC10k_CTGAGGCCAAGAAATC-1,3035,CD4 T,CD4 Naive
PBMC10k_CTGAGGCTCGTACACA-1,3037,CD4 T,CD4 Naive
PBMC10k_CTGATCCCACTCCGAG-1,3038,CD4 T,CD4 Naive
PBMC10k_CTGATCCGTCACTAGT-1,3039,CD4 T,CD4 Naive
PBMC10k_CTGATCCGTGAATGAT-1,3040,CD4 T,CD4 Naive
PBMC10k_CTGATCCTCCTAGAGT-1,3041,CD4 T,CD4 Naive
PBMC10k_CTGCAGGGTTCAATCG-1,3045,CD4 T,CD4 TCM
PBMC10k_CTGCAGGGTTCACGAT-1,3046,Mono,CD14 Mono
PBMC10k_CTGCATCCACCCTGAG-1,3048,CD4 T,Treg
PBMC10k_CTGCATCGTCGGCTAC-1,3050,Mono,CD14 Mono
PBMC10k_CTGCATCGTGTGTGTT-1,3051,CD4 T,CD4 Naive
PBMC10k_CTGCATCGTTGCGGAA-1,3053,B,B naive
PBMC10k_CTGCATCTCGACTCCT-1,3054,B,B naive
PBMC10k_CTGCCATAGCAATTAG-1,3055,CD8 T,CD8 TEM
PBMC10k_CTGCCATAGCGCCATC-1,3056,NK,NK
PBMC10k_CTGCCATCATGACGTT-1,3058,CD8 T,CD8 Naive
PBMC10k_CTGCCATTCATGACAC-1,3062,CD8 T,CD8 TEM
PBMC10k_CTGCCTAGTAGCTGTT-1,3063,CD4 T,CD4 TCM
PBMC10k_CTGCCTAGTATCTCGA-1,3064,B,B memory
PBMC10k_CTGCGAGCATAACTCG-1,3066,other,Eryth
PBMC10k_CTGCGAGGTGACAGCA-1,3067,CD4 T,CD4 Naive
PBMC10k_CTGCGAGTCAAGCCGC-1,3069,Mono,CD14 Mono
PBMC10k_CTGCGAGTCTCCTACG-1,3070,CD4 T,CD4 Naive
PBMC10k_CTGCTCAAGAACTTCC-1,3071,Mono,CD14 Mono
PBMC10k_CTGCTCAAGCTCATAC-1,3072,CD4 T,CD4 TCM
PBMC10k_CTGCTCAAGGATATGT-1,3073,CD8 T,CD8 TEM
PBMC10k_CTGCTCAAGGCCTGAA-1,3074,DC,pDC
PBMC10k_CTGCTCACACCCATAA-1,3076,CD4 T,CD4 Naive
PBMC10k_CTGCTCACACTGTCCT-1,3077,other T,dnT
PBMC10k_CTGCTCAGTAGGTAGC-1,3078,NK,NK
PBMC10k_CTGCTCATCATAGAGA-1,3079,CD8 T,CD8 Naive
PBMC10k_CTGGACGAGTACCCTA-1,3081,NK,NK
PBMC10k_CTGGACGGTAACATAG-1,3082,NK,NK
PBMC10k_CTGGACGGTACGCGTC-1,3083,Mono,CD14 Mono
PBMC10k_CTGGACGTCATTTGTC-1,3085,Mono,CD14 Mono
PBMC10k_CTGGACGTCCGAGTGC-1,3086,CD8 T,CD8 Naive
PBMC10k_CTGGACGTCTTTGCGC-1,3088,CD4 T,CD4 Naive
PBMC10k_CTGGCAGAGCTCAGAG-1,3089,CD4 T,CD4 Naive
PBMC10k_CTGGCAGCATGGTACT-1,3091,Mono,CD14 Mono
PBMC10k_CTGGTCTAGATACTGA-1,3092,CD4 T,CD4 TEM
PBMC10k_CTGGTCTAGGCACAAC-1,3093,NK,NK
PBMC10k_CTGGTCTGTCTTCAAG-1,3097,B,B intermediate
PBMC10k_CTGTACCAGACAACTA-1,3098,NK,NK
PBMC10k_CTGTACCAGTGTTCAC-1,3099,CD4 T,CD4 TEM
PBMC10k_CTGTACCCAACAGCCC-1,3100,Mono,CD14 Mono
PBMC10k_CTGTACCGTTACAGCT-1,3101,CD4 T,Treg
PBMC10k_CTGTACCTCCGTGTGG-1,3103,CD8 T,CD8 Proliferating
PBMC10k_CTGTACCTCGCAATGT-1,3104,Mono,CD14 Mono
PBMC10k_CTGTACCTCTGGGTCG-1,3105,Mono,CD14 Mono
PBMC10k_CTGTAGAAGATGCAGC-1,3107,CD4 T,CD4 TCM
PBMC10k_CTGTAGAAGGGTTGCA-1,3108,Mono,CD14 Mono
PBMC10k_CTGTAGACACTTTATC-1,3110,CD4 T,CD4 TCM
PBMC10k_CTGTAGATCGTTCATT-1,3113,other T,MAIT
PBMC10k_CTGTATTGTATACCCA-1,3117,B,B naive
PBMC10k_CTGTATTTCTTCGTGC-1,3119,CD8 T,CD8 TCM
PBMC10k_CTGTCGTCAGTCAGCC-1,3121,CD4 T,CD4 TEM
PBMC10k_CTGTCGTTCAATCCGA-1,3124,CD4 T,CD4 Naive
PBMC10k_CTGTCGTTCCTACGAA-1,3125,CD4 T,CD4 TEM
PBMC10k_CTGTCGTTCGAGCACC-1,3126,other T,MAIT
PBMC10k_CTGTCGTTCGGCATAT-1,3127,CD4 T,Treg
PBMC10k_CTGTGAACAGCTCTGG-1,3131,CD4 T,CD4 Naive
PBMC10k_CTGTGAAGTAACGTTC-1,3132,NK,NK
PBMC10k_CTGTGAAGTACGTACT-1,3133,CD8 T,CD8 TEM
PBMC10k_CTGTGAATCACATCAG-1,3135,Mono,CD14 Mono
PBMC10k_CTGTGGGCACAACGCC-1,3139,NK,NK
PBMC10k_CTGTGGGCACCTGATA-1,3140,NK,NK
PBMC10k_CTGTGGGGTGAGTAGC-1,3141,NK,NK
PBMC10k_CTGTGGGTCACGTAGT-1,3142,NK,NK
PBMC10k_CTTACCGAGGGCAGTT-1,3147,other T,gdT
PBMC10k_CTTACCGCATAACCCA-1,3148,CD4 T,CD4 TEM
PBMC10k_CTTACCGGTAGGACCA-1,3150,CD8 T,CD8 TEM
PBMC10k_CTTACCGTCACTAGCA-1,3151,Mono,CD14 Mono
PBMC10k_CTTAGGAAGAGGGTCT-1,3152,B,B naive
PBMC10k_CTTAGGAAGCCACCGT-1,3153,CD8 T,CD8 TEM
PBMC10k_CTTAGGACAGAGCCCT-1,3155,B,B naive
PBMC10k_CTTAGGACATTGTGCA-1,3156,CD4 T,CD4 Naive
PBMC10k_CTTAGGAGTAACTGCT-1,3157,CD4 T,CD4 Naive
PBMC10k_CTTAGGAGTCGCTTAA-1,3158,B,B naive
PBMC10k_CTTCAATAGCCGATTT-1,3159,other,Eryth
PBMC10k_CTTCAATAGTGCACCC-1,3162,CD4 T,Treg
PBMC10k_CTTCAATCAGACTCTA-1,3164,CD4 T,CD4 Naive
PBMC10k_CTTCAATCAGCGTGCT-1,3165,CD4 T,CD4 Naive
PBMC10k_CTTCAATTCGTGGACC-1,3168,CD4 T,CD4 Naive
PBMC10k_CTTCCGAAGTTTCTTC-1,3170,DC,cDC2
PBMC10k_CTTCCGACACCTCTGT-1,3171,CD8 T,CD8 Proliferating
PBMC10k_CTTCCGATCAACTGGT-1,3175,CD4 T,CD4 Naive
PBMC10k_CTTCCGATCGATTGAC-1,3176,CD4 T,CD4 Naive
PBMC10k_CTTCCTTAGCAGGCAT-1,3177,NK,NK
PBMC10k_CTTCCTTAGGCACTAG-1,3178,CD8 T,CD8 TEM
PBMC10k_CTTCCTTAGGGCCTCT-1,3179,CD4 T,Treg
PBMC10k_CTTCCTTGTCGGTGTC-1,3183,CD8 T,CD8 Naive
PBMC10k_CTTCCTTTCACCACAA-1,3184,other T,gdT
PBMC10k_CTTCCTTTCAGGAGAC-1,3185,CD4 T,CD4 TCM
PBMC10k_CTTCGGTAGCATGCGA-1,3187,other T,gdT
PBMC10k_CTTCGGTAGTTTGGCT-1,3188,NK,NK
PBMC10k_CTTCGGTGTCTCGCGA-1,3189,B,B naive
PBMC10k_CTTCGGTTCACCTACC-1,3190,CD4 T,CD4 Naive
PBMC10k_CTTCTAAAGATTGAGT-1,3192,NK,NK_CD56bright
PBMC10k_CTTCTAAAGGTGTGAC-1,3194,other T,dnT
PBMC10k_CTTCTAACACTGCATA-1,3195,CD4 T,CD4 TEM
PBMC10k_CTTCTAACAGCTACCG-1,3196,NK,NK
PBMC10k_CTTCTAACATCAGTGT-1,3197,CD4 T,CD4 TCM
PBMC10k_CTTCTAACATGTCGTA-1,3198,Mono,CD14 Mono
PBMC10k_CTTCTAATCGTTTACT-1,3203,NK,NK
PBMC10k_CTTCTCTAGATTTGCC-1,3205,CD8 T,CD8 Naive
PBMC10k_CTTCTCTAGGTCACTT-1,3206,other,ILC
PBMC10k_CTTCTCTCAAGTATCC-1,3207,CD4 T,CD4 Naive
PBMC10k_CTTCTCTCATAATGCC-1,3208,CD4 T,CD4 TEM
PBMC10k_CTTCTCTTCGAACCTA-1,3211,CD4 T,CD4 TCM
PBMC10k_CTTCTCTTCGAGATGG-1,3212,other,ILC
PBMC10k_CTTGAGAAGCGAGTCA-1,3214,Mono,CD14 Mono
PBMC10k_CTTGAGACATAGAGGC-1,3215,NK,NK
PBMC10k_CTTGAGAGTATGTCCA-1,3216,other T,MAIT
PBMC10k_CTTGAGAGTGTCCCTT-1,3217,Mono,CD14 Mono
PBMC10k_CTTGAGATCTCGTGAA-1,3218,Mono,CD14 Mono
PBMC10k_CTTGATTCAAACCGGA-1,3219,CD8 T,CD8 Naive
PBMC10k_CTTGATTCAGTCGCTG-1,3221,CD4 T,CD4 TCM
PBMC10k_CTTGATTTCTCAAAGC-1,3222,CD4 T,Treg
PBMC10k_CTTTCAAAGATAGGGA-1,3223,other T,MAIT
PBMC10k_CTTTCAAAGATGAACT-1,3224,Mono,CD14 Mono
PBMC10k_CTTTCAAAGGGTCAAC-1,3225,CD4 T,CD4 TCM
PBMC10k_CTTTCAACAAATAGCA-1,3226,CD4 T,Treg
PBMC10k_CTTTCAACAACTCGAT-1,3227,NK,NK
PBMC10k_CTTTCAAGTCAACCTA-1,3228,other T,MAIT
PBMC10k_CTTTCAATCTATACTC-1,3229,Mono,CD14 Mono
PBMC10k_CTTTCGGAGGCAGGGA-1,3230,CD8 T,CD8 TEM
PBMC10k_CTTTCGGCACACGGAA-1,3231,Mono,CD14 Mono
PBMC10k_CTTTCGGGTCGGTGTC-1,3232,Mono,CD14 Mono
PBMC10k_CTTTCGGTCGTACCTC-1,3236,NK,NK
PBMC10k_CTTTCGGTCGTCGATA-1,3237,NK,NK
PBMC10k_GAAACCTAGAGGTTTA-1,3238,CD8 T,CD8 TEM
PBMC10k_GAAACCTAGCGTCTGC-1,3239,CD4 T,CD4 TCM
PBMC10k_GAAACCTTCAACCGAT-1,3245,CD8 T,CD8 TEM
PBMC10k_GAAACCTTCTCTTCAA-1,3246,B,B naive
PBMC10k_GAAATGACACGCAGTC-1,3248,Mono,CD14 Mono
PBMC10k_GAACACTCAGGTCAGA-1,3254,NK,NK
PBMC10k_GAACACTTCTAGATCG-1,3258,NK,NK
PBMC10k_GAACTGTAGCTACGTT-1,3261,CD4 T,CD4 TEM
PBMC10k_GAACTGTCACATCCCT-1,3263,NK,NK
PBMC10k_GAACTGTGTCTGCCTT-1,3265,NK,NK
PBMC10k_GAACTGTTCCAAGCTA-1,3266,CD4 T,CD4 Naive
PBMC10k_GAACTGTTCTCAAAGC-1,3267,Mono,CD14 Mono
PBMC10k_GAAGAATAGAGCATCG-1,3268,other T,dnT
PBMC10k_GAAGAATCACCGTCTT-1,3269,Mono,CD16 Mono
PBMC10k_GAAGAATTCACCATCC-1,3270,CD4 T,CD4 Naive
PBMC10k_GAAGAATTCACTCACC-1,3271,Mono,CD14 Mono
PBMC10k_GAAGAATTCCCATTTA-1,3272,Mono,CD14 Mono
PBMC10k_GAAGCCCGTTCATCGA-1,3276,other T,MAIT
PBMC10k_GAAGCGAAGACCGTTT-1,3280,CD4 T,CD4 Naive
PBMC10k_GAAGCGAGTCTACTGA-1,3284,Mono,CD14 Mono
PBMC10k_GAAGCGATCCAATGCA-1,3286,other T,dnT
PBMC10k_GAAGCGATCCATTGCC-1,3287,B,B naive
PBMC10k_GAAGGACAGCTGGCCT-1,3288,CD4 T,CD4 TCM
PBMC10k_GAAGGACCACTGTGAT-1,3290,other T,gdT
PBMC10k_GAAGGACCATAACAGA-1,3291,CD4 T,CD4 TEM
PBMC10k_GAAGGACGTCATCCCT-1,3292,CD4 T,CD4 Naive
PBMC10k_GAAGGGTAGTAAGGGA-1,3296,Mono,CD14 Mono
PBMC10k_GAAGGGTCAAGGTCAG-1,3298,CD8 T,CD8 TEM
PBMC10k_GAAGGGTCACAATGAA-1,3299,CD4 T,CD4 Naive
PBMC10k_GAAGGGTGTCTGTGCG-1,3300,CD4 T,CD4 Naive
PBMC10k_GAAGGGTGTGATTCTG-1,3301,CD4 T,CD4 Naive
PBMC10k_GAAGTAACAATACAGA-1,3303,CD4 T,CD4 TCM
PBMC10k_GAAGTAATCTAGCAAC-1,3304,DC,pDC
PBMC10k_GAAGTAATCTTACGGA-1,3306,B,B memory
PBMC10k_GAATAGAAGAAGTCCG-1,3307,other,ILC
PBMC10k_GAATAGAAGACCTCAT-1,3308,CD4 T,CD4 Naive
PBMC10k_GAATAGACAAGAAACT-1,3309,other T,MAIT
PBMC10k_GAATCACAGAATTCAG-1,3311,CD8 T,CD8 TEM
PBMC10k_GAATCACAGGTCATTC-1,3312,other,ILC
PBMC10k_GAATCACTCAAACGTC-1,3315,CD4 T,CD4 Naive
PBMC10k_GAATCACTCCGCCTAT-1,3316,CD4 T,CD4 Naive
PBMC10k_GAATCACTCTGCTTTA-1,3318,Mono,CD14 Mono
PBMC10k_GAATCGTCAAAGCTAA-1,3323,Mono,CD14 Mono
PBMC10k_GAATCGTCAAATTGGA-1,3324,CD4 T,CD4 TCM
PBMC10k_GAATCGTCAATGCTCA-1,3325,CD4 T,CD4 CTL
PBMC10k_GAATCGTCAGAGCGTA-1,3328,NK,NK Proliferating
PBMC10k_GAATCGTCAGCGAGTA-1,3329,B,B memory
PBMC10k_GACACGCAGCACGGAT-1,3331,CD8 T,CD8 TCM
PBMC10k_GACACGCCAAGTGTCT-1,3332,CD4 T,CD4 Naive
PBMC10k_GACACGCCACGCGGTT-1,3333,NK,NK
PBMC10k_GACACGCTCAATCGGT-1,3336,CD8 T,CD8 TEM
PBMC10k_GACACGCTCACAGTGT-1,3337,B,B naive
PBMC10k_GACAGCCAGCTTAAGA-1,3341,CD4 T,CD4 Naive
PBMC10k_GACAGCCCATTCTCTA-1,3343,NK,NK
PBMC10k_GACAGCCTCAGCTGTA-1,3344,CD4 T,CD4 Naive
PBMC10k_GACAGCCTCTGATTCT-1,3346,DC,cDC2
PBMC10k_GACATCAAGAGGTCAC-1,3347,Mono,CD14 Mono
PBMC10k_GACATCACAACTAGAA-1,3348,Mono,CD14 Mono
PBMC10k_GACATCACACACGGTC-1,3349,CD4 T,CD4 Naive
PBMC10k_GACATCACACGTTCGG-1,3350,CD4 T,Treg
PBMC10k_GACATCAGTGACTCTA-1,3352,Mono,CD14 Mono
PBMC10k_GACATCATCGACCAAT-1,3354,NK,NK
PBMC10k_GACATCATCGAGAGAC-1,3355,DC,cDC2
PBMC10k_GACCAATAGCTTTCCC-1,3357,CD8 T,CD8 Naive
PBMC10k_GACCAATGTTGTCATG-1,3360,CD4 T,CD4 Naive
PBMC10k_GACCAATTCACCGGTG-1,3362,CD4 T,CD4 TCM
PBMC10k_GACCCAGTCATCCTAT-1,3365,CD4 T,CD4 TEM
PBMC10k_GACCCAGTCCATACAG-1,3366,B,B intermediate
PBMC10k_GACCCTTAGAGAGTTT-1,3367,CD4 T,CD4 TEM
PBMC10k_GACCCTTAGATTAGAC-1,3368,Mono,CD14 Mono
PBMC10k_GACCCTTAGTAAGCAT-1,3370,CD8 T,CD8 Naive
PBMC10k_GACCCTTCACGTCGGT-1,3372,CD4 T,CD4 TCM
PBMC10k_GACCCTTCACGTCTCT-1,3373,CD8 T,CD8 TEM
PBMC10k_GACCCTTGTACGATGG-1,3374,other,Eryth
PBMC10k_GACCCTTTCTCCTACG-1,3375,other,Eryth
PBMC10k_GACCGTGGTCACTTAG-1,3378,CD4 T,Treg
PBMC10k_GACCTTCAGATCCTAC-1,3382,other,Eryth
PBMC10k_GACCTTCAGCGTTGTT-1,3384,CD4 T,CD4 Naive
PBMC10k_GACCTTCGTGTCATGT-1,3387,other T,MAIT
PBMC10k_GACCTTCTCTAGGCAT-1,3388,other T,dnT
PBMC10k_GACGCTGGTCGTAATC-1,3393,CD4 T,CD4 Naive
PBMC10k_GACGCTGTCAGCTCTC-1,3394,Mono,CD14 Mono
PBMC10k_GACGCTGTCTTCGTGC-1,3395,CD8 T,CD8 TEM
PBMC10k_GACGTTACACTAGAGG-1,3397,CD4 T,CD4 TCM
PBMC10k_GACGTTAGTGGTCTAT-1,3399,CD4 T,Treg
PBMC10k_GACTATGCATCGTTCC-1,3407,CD4 T,CD4 TEM
PBMC10k_GACTATGGTCGTTCAA-1,3409,Mono,CD14 Mono
PBMC10k_GACTATGGTCTCGCGA-1,3410,Mono,CD16 Mono
PBMC10k_GACTATGTCCTTATGT-1,3411,CD4 T,CD4 TEM
PBMC10k_GACTCAACACTAACGT-1,3413,NK,NK
PBMC10k_GACTCAAGTGAGTAGC-1,3415,CD4 T,CD4 TCM
PBMC10k_GACTCTCGTCAACGCC-1,3420,NK,NK
PBMC10k_GACTCTCGTGTGTACT-1,3422,CD4 T,CD4 Naive
PBMC10k_GACTCTCTCCCTTTGG-1,3423,NK,NK
PBMC10k_GACTCTCTCGTTCCTG-1,3424,NK,NK
PBMC10k_GACTGATCAAGATCCT-1,3425,Mono,CD14 Mono
PBMC10k_GACTGATCAGCATACT-1,3427,NK,NK
PBMC10k_GACTGATCAGTAGAGC-1,3428,CD4 T,CD4 Naive
PBMC10k_GACTGATCAGTCGCAC-1,3429,CD4 T,Treg
PBMC10k_GACTGATCATCCTTGC-1,3430,CD8 T,CD8 TCM
PBMC10k_GACTGATTCGGTAGAG-1,3433,CD8 T,CD8 Naive
PBMC10k_GACTGATTCGTTCAGA-1,3434,B,B memory
PBMC10k_GACTTCCAGATTGCGG-1,3437,B,B naive
PBMC10k_GACTTCCGTAACTGCT-1,3441,CD4 T,Treg
PBMC10k_GACTTCCGTCAACCAT-1,3443,NK,NK
PBMC10k_GACTTCCGTTGCTCGG-1,3445,B,B naive
PBMC10k_GAGAAATAGGTCGACA-1,3448,CD4 T,CD4 Naive
PBMC10k_GAGAAATGTAGGTGCA-1,3451,CD4 T,CD4 TEM
PBMC10k_GAGAAATGTATTCCTT-1,3452,NK,NK
PBMC10k_GAGACCCCAAAGGGTC-1,3455,Mono,CD14 Mono
PBMC10k_GAGACCCCACATAACC-1,3456,CD8 T,CD8 Naive
PBMC10k_GAGACCCTCAGACATC-1,3459,other,Eryth
PBMC10k_GAGACTTCAATCGAAA-1,3462,CD4 T,CD4 TEM
PBMC10k_GAGACTTGTATCATGC-1,3464,CD4 T,CD4 Naive
PBMC10k_GAGAGGTCAGCTGAGA-1,3468,CD4 T,CD4 TCM
PBMC10k_GAGAGGTCATAATGAG-1,3469,CD8 T,CD8 TEM
PBMC10k_GAGAGGTTCCCTCTAG-1,3470,CD4 T,CD4 TEM
PBMC10k_GAGAGGTTCGCCACTT-1,3471,other T,MAIT
PBMC10k_GAGAGGTTCTTGTTAC-1,3472,CD4 T,CD4 TCM
PBMC10k_GAGATGGTCTAGCCAA-1,3476,Mono,CD14 Mono
PBMC10k_GAGATGGTCTCGCTCA-1,3477,CD4 T,CD4 TCM
PBMC10k_GAGCCTGCATCGGTTA-1,3480,Mono,CD14 Mono
PBMC10k_GAGCCTGGTACCTGTA-1,3481,CD4 T,CD4 TEM
PBMC10k_GAGCCTGGTGTCGCTG-1,3482,other,ILC
PBMC10k_GAGCCTGTCTACAGGT-1,3485,CD8 T,CD8 Naive
PBMC10k_GAGCTGCCATCCTTCG-1,3487,CD4 T,CD4 Naive
PBMC10k_GAGCTGCGTGTAAATG-1,3488,other T,dnT
PBMC10k_GAGCTGCTCCCTTGGT-1,3489,CD4 T,CD4 TEM
PBMC10k_GAGGCAAAGGGACACT-1,3491,CD8 T,CD8 TEM
PBMC10k_GAGGCAAAGTGGAAAG-1,3493,CD4 T,CD4 TCM
PBMC10k_GAGGCAACAAGCTACT-1,3494,B,B memory
PBMC10k_GAGGCCTAGATTTGCC-1,3496,CD4 T,CD4 Naive
PBMC10k_GAGGCCTCACTCTGCT-1,3500,Mono,CD14 Mono
PBMC10k_GAGGCCTGTCTACACA-1,3501,Mono,CD14 Mono
PBMC10k_GAGGCCTGTGGAACAC-1,3502,NK,NK
PBMC10k_GAGGCCTGTGTTAAAG-1,3503,other T,MAIT
PBMC10k_GAGGCCTGTTCAGCTA-1,3504,CD4 T,CD4 TCM
PBMC10k_GAGGGATGTCGCTTAA-1,3506,CD8 T,CD8 Naive
PBMC10k_GAGGGATTCATGGATC-1,3507,Mono,CD14 Mono
PBMC10k_GAGGGTACACGCTATA-1,3510,NK,NK
PBMC10k_GAGGGTACAGAATCGG-1,3511,NK,NK
PBMC10k_GAGTCATGTGATTCTG-1,3517,Mono,CD14 Mono
PBMC10k_GAGTCATTCACTCGAA-1,3518,Mono,CD14 Mono
PBMC10k_GAGTCTAAGGAACGTC-1,3519,CD4 T,Treg
PBMC10k_GAGTCTACAGCTGCCA-1,3521,Mono,CD14 Mono
PBMC10k_GAGTCTAGTGCGCTCA-1,3522,CD4 T,CD4 Naive
PBMC10k_GAGTGAGCAGAGAATT-1,3524,CD4 T,Treg
PBMC10k_GAGTGTTCACATTCTT-1,3527,CD4 T,CD4 Naive
PBMC10k_GAGTGTTGTGTACAGG-1,3529,NK,NK
PBMC10k_GAGTTACAGTTGGGAC-1,3531,CD8 T,CD8 Naive
PBMC10k_GAGTTACAGTTGTAGA-1,3532,CD4 T,CD4 TCM
PBMC10k_GAGTTACGTCTCGGAC-1,3535,CD4 T,CD4 Naive
PBMC10k_GAGTTACTCGGCTGTG-1,3536,NK,NK
PBMC10k_GAGTTGTAGGACTGGT-1,3539,CD4 T,CD4 Naive
PBMC10k_GAGTTGTTCCAAAGGG-1,3541,CD8 T,CD8 TEM
PBMC10k_GAGTTGTTCCCAATAG-1,3542,Mono,CD14 Mono
PBMC10k_GAGTTTGAGCATATGA-1,3545,CD4 T,Treg
PBMC10k_GAGTTTGCATACAGGG-1,3548,Mono,CD14 Mono
PBMC10k_GAGTTTGGTAGGAGTC-1,3549,CD8 T,CD8 Naive
PBMC10k_GAGTTTGTCAGCATTG-1,3550,other T,dnT
PBMC10k_GAGTTTGTCCAACTGA-1,3551,Mono,CD14 Mono
PBMC10k_GAGTTTGTCGCGTGCA-1,3555,other T,dnT
PBMC10k_GATAGAAGTTACGTAC-1,3557,NK,NK
PBMC10k_GATAGAAGTTGTTGAC-1,3558,CD8 T,CD8 TEM
PBMC10k_GATAGAATCCTAAACG-1,3559,other T,MAIT
PBMC10k_GATAGAATCTGCTGAA-1,3560,Mono,CD14 Mono
PBMC10k_GATAGCTCAGCTACTA-1,3564,B,B intermediate
PBMC10k_GATAGCTGTATCCTTT-1,3565,Mono,CD16 Mono
PBMC10k_GATCACAAGCGTCAAG-1,3567,Mono,CD14 Mono
PBMC10k_GATCACACACGGCTAC-1,3568,B,B naive
PBMC10k_GATCACACATGTACGT-1,3570,Mono,CD14 Mono
PBMC10k_GATCACAGTATTTCGG-1,3571,CD4 T,CD4 Naive
PBMC10k_GATCACAGTTCCAGGC-1,3572,CD4 T,CD4 Naive
PBMC10k_GATCACATCTTTCCGG-1,3574,B,B intermediate
PBMC10k_GATCAGTAGGAGGGTG-1,3575,NK,NK
PBMC10k_GATCAGTAGTTCCGGC-1,3577,CD4 T,CD4 Naive
PBMC10k_GATCATGAGGAAGAAC-1,3580,CD4 T,CD4 TCM
PBMC10k_GATCATGCAATGCAGG-1,3581,CD4 T,CD4 TEM
PBMC10k_GATCATGGTGCGAGTA-1,3585,Mono,CD14 Mono
PBMC10k_GATCCCTAGGTCTGGA-1,3588,Mono,CD16 Mono
PBMC10k_GATCCCTCAGTCTTCC-1,3591,CD8 T,CD8 Naive
PBMC10k_GATCCCTCATGGAAGC-1,3592,CD4 T,CD4 TCM
PBMC10k_GATCCCTGTTTGCAGT-1,3596,CD4 T,CD4 TCM
PBMC10k_GATCGTAGTACGCTTA-1,3599,other,ILC
PBMC10k_GATCGTATCGGTTGTA-1,3601,CD8 T,CD8 TCM
PBMC10k_GATGACTGTGCGTTTA-1,3606,Mono,CD14 Mono
PBMC10k_GATGACTTCCGACATA-1,3607,CD8 T,CD8 TEM
PBMC10k_GATGACTTCTGTCCCA-1,3608,Mono,CD14 Mono
PBMC10k_GATGACTTCTTAGCCC-1,3609,CD8 T,CD8 TCM
PBMC10k_GATGAGGAGAGAGCAA-1,3610,other,ILC
PBMC10k_GATGAGGAGCCTAGGA-1,3611,Mono,CD14 Mono
PBMC10k_GATGAGGAGCCTTCTC-1,3612,CD4 T,CD4 CTL
PBMC10k_GATGAGGAGCTTCGTA-1,3614,Mono,CD14 Mono
PBMC10k_GATGAGGGTGGTCTGC-1,3615,CD4 T,CD4 TCM
PBMC10k_GATGAGGTCTCCTGAC-1,3616,CD4 T,CD4 TEM
PBMC10k_GATGAGGTCTGCGGCA-1,3617,CD8 T,CD8 Naive
PBMC10k_GATGATCCACGTATAC-1,3619,other T,gdT
PBMC10k_GATGATCTCCCTCTTT-1,3621,Mono,CD14 Mono
PBMC10k_GATGCTAAGAAACACT-1,3623,NK,NK
PBMC10k_GATGCTACACTCCTTG-1,3624,Mono,CD14 Mono
PBMC10k_GATGGAGCAAATCAAG-1,3628,Mono,CD14 Mono
PBMC10k_GATGGAGCAGAAGTTA-1,3629,CD4 T,CD4 Naive
PBMC10k_GATGGAGTCAATGCAC-1,3632,CD8 T,CD8 TCM
PBMC10k_GATGGAGTCAGCTGAT-1,3633,CD8 T,CD8 Naive
PBMC10k_GATGGAGTCATCGCTC-1,3634,B,B naive
PBMC10k_GATGGAGTCGACGATT-1,3635,DC,cDC2
PBMC10k_GATGTTGAGACCCTTA-1,3636,Mono,CD14 Mono
PBMC10k_GATGTTGAGGAAAGTG-1,3637,CD4 T,CD4 TCM
PBMC10k_GATGTTGGTACAGTCT-1,3639,CD4 T,CD4 TCM
PBMC10k_GATGTTGGTACCCGCA-1,3640,CD4 T,CD4 TEM
PBMC10k_GATGTTGGTGCTAGCC-1,3641,CD4 T,CD4 Naive
PBMC10k_GATGTTGGTGTTCATG-1,3642,CD4 T,CD4 TEM
PBMC10k_GATGTTGTCAAGAAAC-1,3643,CD4 T,CD4 Naive
PBMC10k_GATGTTGTCGCTCTCA-1,3645,Mono,CD14 Mono
PBMC10k_GATTCGAAGGCACTCC-1,3647,B,B memory
PBMC10k_GATTCGAAGTGCTACT-1,3648,CD4 T,CD4 TEM
PBMC10k_GATTCGACATCATTGG-1,3649,CD8 T,CD8 TEM
PBMC10k_GATTCGAGTCTGTGAT-1,3650,CD4 T,CD4 Naive
PBMC10k_GATTCGATCAGGACGA-1,3653,other T,MAIT
PBMC10k_GATTCTTAGACGGTCA-1,3655,CD4 T,CD4 Naive
PBMC10k_GATTCTTAGTTTGGCT-1,3656,NK,NK
PBMC10k_GATTCTTGTGCGACAA-1,3657,CD4 T,CD4 Naive
PBMC10k_GATTCTTTCCGCGGAT-1,3659,CD4 T,CD4 Naive
PBMC10k_GATTCTTTCCTCAGGG-1,3660,CD4 T,CD4 Naive
PBMC10k_GATTGGTCATCTCGTC-1,3661,B,B naive
PBMC10k_GATTGGTTCACTCTTA-1,3662,other,Eryth
PBMC10k_GATTGGTTCCTACTGC-1,3663,B,B naive
PBMC10k_GATTGGTTCGGTCACG-1,3664,Mono,CD14 Mono
PBMC10k_GATTGGTTCGTCAGAT-1,3665,NK,NK
PBMC10k_GATTGGTTCTAGCCTC-1,3666,CD4 T,CD4 Naive
PBMC10k_GATTTCTAGACTTCGT-1,3670,other,Eryth
PBMC10k_GATTTCTAGGTTGCCC-1,3671,CD4 T,CD4 Naive
PBMC10k_GATTTCTCATACTGAC-1,3672,CD4 T,CD4 TEM
PBMC10k_GATTTCTTCTGCAGCG-1,3675,CD8 T,CD8 Naive
PBMC10k_GATTTCTTCTGGTGCG-1,3676,CD4 T,CD4 TCM
PBMC10k_GCAACATAGACAGCTG-1,3677,CD4 T,Treg
PBMC10k_GCAACCGAGCGCAATG-1,3679,CD4 T,CD4 TEM
PBMC10k_GCAACCGAGCGCCTAC-1,3680,NK,NK Proliferating
PBMC10k_GCAACCGCATTGACAC-1,3685,CD4 T,CD4 Naive
PBMC10k_GCAACCGGTATGATCC-1,3686,other,Eryth
PBMC10k_GCAACCGGTGTACAGG-1,3687,CD8 T,CD8 Naive
PBMC10k_GCAACCGGTGTGTACT-1,3688,CD4 T,CD4 Naive
PBMC10k_GCACATAAGCTCCATA-1,3692,CD4 T,CD4 TEM
PBMC10k_GCACATAAGGTAGTAT-1,3693,B,B memory
PBMC10k_GCACATAGTAATTAGG-1,3694,NK,NK
PBMC10k_GCACATAGTATTTCTC-1,3695,CD8 T,CD8 Naive
PBMC10k_GCACATAGTGCCCGTA-1,3696,CD4 T,CD4 Naive
PBMC10k_GCACGGTCAGGGACTA-1,3698,Mono,CD14 Mono
PBMC10k_GCACGGTGTAATTAGG-1,3700,Mono,CD14 Mono
PBMC10k_GCACGGTGTAGCGAGT-1,3701,CD4 T,CD4 TCM
PBMC10k_GCACGGTGTGCAGGAT-1,3702,other T,dnT
PBMC10k_GCACGTGCAGACCAGA-1,3705,Mono,CD14 Mono
PBMC10k_GCACGTGGTATGAAAC-1,3707,NK,NK
PBMC10k_GCACGTGTCTAGGCCG-1,3709,CD4 T,CD4 TEM
PBMC10k_GCACTAAAGCCAGTAG-1,3710,Mono,CD14 Mono
PBMC10k_GCACTAAAGGGTCAAC-1,3711,B,B memory
PBMC10k_GCACTAACAATACGCT-1,3713,CD8 T,CD8 Naive
PBMC10k_GCACTAACATACCATG-1,3716,other T,MAIT
PBMC10k_GCACTAAGTAACACCT-1,3717,CD4 T,CD4 Naive
PBMC10k_GCACTAATCCCAATAG-1,3718,CD4 T,CD4 TCM
PBMC10k_GCAGCCAAGGTCTACT-1,3720,CD4 T,CD4 TCM
PBMC10k_GCAGCCAAGTCTACCA-1,3721,Mono,CD14 Mono
PBMC10k_GCAGCCACAACGGTAG-1,3722,B,B memory
PBMC10k_GCAGCCACAGTCGCTG-1,3724,other T,MAIT
PBMC10k_GCAGCCACATAGCTGT-1,3725,other T,MAIT
PBMC10k_GCAGCCAGTAGCTTGT-1,3726,CD4 T,Treg
PBMC10k_GCAGCTGAGGTTGAGC-1,3728,Mono,CD14 Mono
PBMC10k_GCAGCTGCATATGGCT-1,3729,Mono,CD14 Mono
PBMC10k_GCAGCTGCATGCCGGT-1,3730,CD4 T,Treg
PBMC10k_GCAGCTGGTCAGTTTG-1,3733,CD8 T,CD8 TEM
PBMC10k_GCAGCTGTCTTCCGTG-1,3736,CD4 T,CD4 TEM
PBMC10k_GCAGGCTAGTAGCCAG-1,3737,CD8 T,CD8 Naive
PBMC10k_GCAGGCTCAGCCGGTT-1,3738,CD4 T,CD4 TEM
PBMC10k_GCAGGCTTCAACTGGT-1,3741,CD8 T,CD8 Naive
PBMC10k_GCAGTTAAGCTACGTT-1,3743,CD4 T,CD4 TEM
PBMC10k_GCAGTTACATTGAGCT-1,3746,Mono,CD14 Mono
PBMC10k_GCAGTTAGTCGCAACC-1,3748,Mono,CD16 Mono
PBMC10k_GCAGTTAGTCGTTTCC-1,3749,Mono,CD14 Mono
PBMC10k_GCAGTTATCCCAGTGG-1,3750,Mono,CD14 Mono
PBMC10k_GCATCGGGTCCCTGTT-1,3755,CD4 T,CD4 TCM
PBMC10k_GCATCGGGTCCTCATC-1,3756,CD4 T,CD4 TCM
PBMC10k_GCATCTCCAAACCGGA-1,3761,CD8 T,CD8 TEM
PBMC10k_GCATCTCGTGCAACGA-1,3766,NK,NK
PBMC10k_GCATCTCGTTTCAGAC-1,3767,CD4 T,CD4 TEM
PBMC10k_GCATCTCTCACTACTT-1,3768,Mono,CD14 Mono
PBMC10k_GCATGATAGAATTCAG-1,3769,Mono,CD14 Mono
PBMC10k_GCATGATAGGTGGTTG-1,3770,CD8 T,CD8 TCM
PBMC10k_GCATGATGTGGAAGTC-1,3774,CD4 T,CD4 Naive
PBMC10k_GCATGATTCAGGGATG-1,3775,CD4 T,CD4 TCM
PBMC10k_GCATGATTCATGCCAA-1,3776,NK,NK
PBMC10k_GCATTAGGTCACCTTC-1,3779,CD4 T,Treg
PBMC10k_GCATTAGTCCCATGGG-1,3781,other T,MAIT
PBMC10k_GCATTAGTCCGTGTGG-1,3782,other,Eryth
PBMC10k_GCCAACGAGGTGCAGT-1,3785,NK,NK
PBMC10k_GCCAACGGTACGAGCA-1,3786,Mono,CD14 Mono
PBMC10k_GCCAGCACAAGCCATT-1,3788,B,B naive
PBMC10k_GCCAGCACACCCAATA-1,3790,Mono,CD14 Mono
PBMC10k_GCCAGCAGTACAGAAT-1,3792,CD4 T,CD4 TEM
PBMC10k_GCCAGCAGTCTACGAT-1,3793,B,B naive
PBMC10k_GCCAGCATCGATGGAG-1,3794,Mono,CD14 Mono
PBMC10k_GCCAGGTGTCCAACGC-1,3796,CD4 T,CD4 Naive
PBMC10k_GCCAGGTTCTGCTAGA-1,3798,other T,MAIT
PBMC10k_GCCAGTGCAGCTCATA-1,3799,CD4 T,CD4 TEM
PBMC10k_GCCAGTGTCCTACTGC-1,3801,CD4 T,CD4 TEM
PBMC10k_GCCAGTGTCGTCAAAC-1,3802,CD4 T,CD4 Naive
PBMC10k_GCCAGTGTCTGCTTTA-1,3803,CD4 T,CD4 TCM
PBMC10k_GCCATGGGTAATCAAG-1,3804,CD4 T,CD4 TCM
PBMC10k_GCCATGGGTCTTGCGG-1,3806,Mono,CD14 Mono
PBMC10k_GCCATGGGTTGCTCGG-1,3807,CD4 T,CD4 Naive
PBMC10k_GCCATGGTCCCTCAAC-1,3809,CD4 T,CD4 Naive
PBMC10k_GCCATTCAGAAACACT-1,3811,Mono,CD14 Mono
PBMC10k_GCCATTCCAGTAGTGG-1,3815,NK,NK
PBMC10k_GCCATTCGTACTCCCT-1,3816,NK,NK
PBMC10k_GCCATTCGTGTTTGCA-1,3818,NK,NK
PBMC10k_GCCATTCTCGACACCG-1,3819,other,ILC
PBMC10k_GCCATTCTCTTCCGTG-1,3822,CD8 T,CD8 Naive
PBMC10k_GCCCAGAAGTGGACTG-1,3823,NK,NK
PBMC10k_GCCCAGAGTCTGTGGC-1,3826,Mono,CD14 Mono
PBMC10k_GCCCGAAGTACGAGTG-1,3830,B,B memory
PBMC10k_GCCCGAAGTTCATCGA-1,3831,Mono,CD14 Mono
PBMC10k_GCCCGAATCCGGACTG-1,3833,CD8 T,CD8 Naive
PBMC10k_GCCCGAATCCGTGTGG-1,3834,other T,MAIT
PBMC10k_GCCGATGAGCACCGTC-1,3835,NK,NK_CD56bright
PBMC10k_GCCGATGCAATCGTCA-1,3837,CD4 T,Treg
PBMC10k_GCCGATGCACGCGTGT-1,3838,other,ILC
PBMC10k_GCCGATGGTGTCCAAT-1,3840,other T,MAIT
PBMC10k_GCCGTGAAGATGGTAT-1,3843,NK,NK
PBMC10k_GCCGTGAAGTTGAAAC-1,3844,other T,MAIT
PBMC10k_GCCGTGACACCCTCTA-1,3845,other T,MAIT
PBMC10k_GCCGTGACATCCCACT-1,3846,DC,cDC2
PBMC10k_GCCGTGAGTGCTAGCC-1,3847,CD4 T,CD4 Naive
PBMC10k_GCCGTGATCCGAGCTG-1,3848,CD4 T,CD4 Naive
PBMC10k_GCCGTGATCCGTTTCG-1,3849,Mono,CD14 Mono
PBMC10k_GCCGTGATCGCCACTT-1,3850,Mono,CD16 Mono
PBMC10k_GCCTGTTAGAGGCCAT-1,3851,other T,dnT
PBMC10k_GCCTGTTCAATAAGGT-1,3852,CD4 T,Treg
PBMC10k_GCCTGTTGTTACACTG-1,3855,CD8 T,CD8 TEM
PBMC10k_GCCTGTTTCAGAGTTC-1,3856,CD4 T,CD4 Naive
PBMC10k_GCGAGAAAGTCCCAGC-1,3858,other T,MAIT
PBMC10k_GCGAGAAAGTTCATCG-1,3860,CD4 T,CD4 Naive
PBMC10k_GCGAGAAGTCACCGCA-1,3863,CD4 T,CD4 TCM
PBMC10k_GCGAGAATCTGGGAGA-1,3864,CD4 T,CD4 Naive
PBMC10k_GCGATCGAGAGTTGAT-1,3865,CD4 T,CD4 Naive
PBMC10k_GCGATCGAGGTAAGAG-1,3866,NK,NK
PBMC10k_GCGATCGAGTCGAAGC-1,3867,NK,NK
PBMC10k_GCGATCGCAGCCCAGT-1,3868,Mono,CD16 Mono
PBMC10k_GCGATCGGTACGATCT-1,3869,B,B naive
PBMC10k_GCGATCGGTGCGACAA-1,3871,NK,NK
PBMC10k_GCGATCGGTTATGGTC-1,3872,B,B memory
PBMC10k_GCGATCGTCAGCCTCT-1,3873,Mono,CD14 Mono
PBMC10k_GCGGAAAGTCTGATAC-1,3875,Mono,CD14 Mono
PBMC10k_GCGGAAAGTTGCGGAA-1,3876,CD8 T,CD8 TEM
PBMC10k_GCGGATCCAATGAGCG-1,3879,Mono,CD14 Mono
PBMC10k_GCGTGCAAGCACCGTC-1,3884,NK,NK
PBMC10k_GCGTGCACATAATGCC-1,3885,Mono,CD16 Mono
PBMC10k_GCGTGCAGTCATCAGT-1,3886,CD8 T,CD8 Naive
PBMC10k_GCGTGCATCCGAGATT-1,3888,Mono,CD14 Mono
PBMC10k_GCGTGCATCGCAGAGA-1,3889,NK,NK
PBMC10k_GCGTTTCAGCGTGAAC-1,3890,CD4 T,CD4 Naive
PBMC10k_GCGTTTCCACGGTGCT-1,3891,CD4 T,CD4 Naive
PBMC10k_GCGTTTCCACTGTGAT-1,3892,CD4 T,CD4 TEM
PBMC10k_GCGTTTCTCCGCAACG-1,3894,NK,NK
PBMC10k_GCTACAACACGGCCAT-1,3895,CD4 T,CD4 Naive
PBMC10k_GCTACAACATCATCCC-1,3896,CD4 T,CD4 TCM
PBMC10k_GCTACAACATCCGATA-1,3897,Mono,CD14 Mono
PBMC10k_GCTACAAGTATCGCTA-1,3898,other,Eryth
PBMC10k_GCTACAAGTCAAGTTC-1,3899,other T,MAIT
PBMC10k_GCTACAATCATTCGTT-1,3900,CD8 T,CD8 Naive
PBMC10k_GCTACCTAGACAACAT-1,3902,CD4 T,CD4 TCM
PBMC10k_GCTACCTAGCTATCTG-1,3903,Mono,CD14 Mono
PBMC10k_GCTACCTAGTCGAAGC-1,3904,CD4 T,CD4 Naive
PBMC10k_GCTACCTCACCGTCGA-1,3905,B,B naive
PBMC10k_GCTACCTGTCATAAAG-1,3907,B,B naive
PBMC10k_GCTACCTTCATAAGGA-1,3908,CD4 T,CD4 TCM
PBMC10k_GCTACCTTCTCATTAC-1,3910,CD4 T,CD4 Naive
PBMC10k_GCTCAAACACTTCAAG-1,3913,Mono,CD14 Mono
PBMC10k_GCTCAAATCCACACCT-1,3915,B,B naive
PBMC10k_GCTCAAATCTCCAATT-1,3917,CD4 T,CD4 Naive
PBMC10k_GCTGAATAGACAGCGT-1,3918,NK,NK
PBMC10k_GCTGAATAGTATAGAC-1,3920,CD4 T,CD4 CTL
PBMC10k_GCTGAATCACAACGAG-1,3921,B,Plasmablast
PBMC10k_GCTGAATGTGATAGTA-1,3923,CD4 T,CD4 Naive
PBMC10k_GCTGAATTCAGCTAGT-1,3924,Mono,CD14 Mono
PBMC10k_GCTGCAGGTCCTCAGG-1,3928,Mono,CD14 Mono
PBMC10k_GCTGCAGGTTGCTTGA-1,3930,Mono,CD14 Mono
PBMC10k_GCTGGGTCAAGGCGTA-1,3932,CD4 T,CD4 Naive
PBMC10k_GCTGGGTTCACTTATC-1,3934,B,B memory
PBMC10k_GCTTCACAGGATATGT-1,3935,DC,cDC2
PBMC10k_GCTTCACCACGTACTA-1,3936,other T,MAIT
PBMC10k_GCTTCACGTACGTTCA-1,3937,Mono,CD14 Mono
PBMC10k_GCTTCACGTTGACTAC-1,3939,other,ILC
PBMC10k_GCTTCACTCACATTGG-1,3941,Mono,CD14 Mono
PBMC10k_GCTTCACTCCCATTCG-1,3942,CD4 T,CD4 Naive
PBMC10k_GCTTCACTCCGAGGCT-1,3943,NK,NK
PBMC10k_GCTTGGGAGATGAATC-1,3945,NK,NK
PBMC10k_GCTTGGGAGCTGTACT-1,3946,CD4 T,CD4 Naive
PBMC10k_GCTTGGGCACGATAGG-1,3948,CD4 T,Treg
PBMC10k_GCTTGGGGTAAGATTG-1,3951,Mono,CD14 Mono
PBMC10k_GCTTGGGGTAAGTAGT-1,3952,B,B memory
PBMC10k_GCTTGGGGTACACTCA-1,3953,NK,NK
PBMC10k_GCTTTCGCATATGGCT-1,3956,Mono,CD14 Mono
PBMC10k_GCTTTCGGTCGCCTAG-1,3958,CD4 T,CD4 Naive
PBMC10k_GCTTTCGTCCTGGGTG-1,3959,NK,NK
PBMC10k_GGAACCCAGAAGGCTC-1,3961,CD4 T,Treg
PBMC10k_GGAACCCAGCGTCTCG-1,3962,CD4 T,CD4 Naive
PBMC10k_GGAACCCAGTATTAGG-1,3963,CD4 T,CD4 Naive
PBMC10k_GGAACCCCATCGGAGA-1,3964,CD4 T,Treg
PBMC10k_GGAACCCGTCCACACG-1,3966,NK,NK Proliferating
PBMC10k_GGAACCCTCGATTCCC-1,3969,CD8 T,CD8 Naive
PBMC10k_GGAACCCTCTAACGCA-1,3970,CD8 T,CD8 TEM
PBMC10k_GGAAGTGAGTACTGGG-1,3973,B,B intermediate
PBMC10k_GGAAGTGGTACGTACT-1,3974,CD8 T,CD8 TEM
PBMC10k_GGAATCTAGCCGATCC-1,3977,CD4 T,CD4 Naive
PBMC10k_GGAATGGAGGCTGAAC-1,3981,CD4 T,CD4 TCM
PBMC10k_GGAATGGCAGTAGAAT-1,3982,CD4 T,CD4 TEM
PBMC10k_GGAATGGCATCGATGT-1,3983,CD4 T,CD4 Naive
PBMC10k_GGACGTCAGAGGTATT-1,3988,Mono,CD14 Mono
PBMC10k_GGACGTCCAATACAGA-1,3991,DC,cDC2
PBMC10k_GGACGTCTCTTTCGAT-1,3992,CD4 T,CD4 TCM
PBMC10k_GGAGAACAGGAGAATG-1,3993,CD4 T,CD4 TCM
PBMC10k_GGAGAACCAACCACAT-1,3994,NK,NK
PBMC10k_GGAGAACTCGCCTTTG-1,3996,NK,NK
PBMC10k_GGAGATGAGAGAAGGT-1,3997,Mono,CD14 Mono
PBMC10k_GGAGATGAGTTGGCGA-1,3999,NK,NK
PBMC10k_GGAGATGGTATCGAGG-1,4000,Mono,CD14 Mono
PBMC10k_GGAGATGGTATGCAAA-1,4001,CD8 T,CD8 TEM
PBMC10k_GGAGATGGTGAGCTCC-1,4002,B,B naive
PBMC10k_GGAGATGTCAGAACCT-1,4003,Mono,CD14 Mono
PBMC10k_GGAGCAACAGTTCTAG-1,4006,Mono,CD14 Mono
PBMC10k_GGAGCAAGTTTACGAC-1,4007,Mono,CD14 Mono
PBMC10k_GGAGCAATCACAAGAA-1,4008,CD4 T,CD4 TCM
PBMC10k_GGAGGATAGAAGGTAG-1,4009,Mono,CD16 Mono
PBMC10k_GGAGGATAGAGCATAT-1,4010,CD4 T,CD4 Naive
PBMC10k_GGAGGATAGCTGGCTC-1,4012,Mono,CD14 Mono
PBMC10k_GGAGGATGTCCGAAAG-1,4014,Mono,CD16 Mono
PBMC10k_GGAGGATGTGGTCTGC-1,4015,CD4 T,CD4 TCM
PBMC10k_GGAGGATTCATGGTAC-1,4017,CD4 T,CD4 Naive
PBMC10k_GGAGGATTCCCTTTGG-1,4018,Mono,CD14 Mono
PBMC10k_GGAGGTACAGTCTCTC-1,4023,B,B naive
PBMC10k_GGAGGTAGTACGTAGG-1,4026,CD4 T,CD4 Naive
PBMC10k_GGAGGTAGTATTGACC-1,4027,Mono,CD14 Mono
PBMC10k_GGAGGTAGTTACAGCT-1,4028,DC,cDC2
PBMC10k_GGAGGTATCTGGAGAG-1,4030,CD8 T,CD8 TEM
PBMC10k_GGATCTATCAAGTTGC-1,4034,Mono,CD14 Mono
PBMC10k_GGATCTATCCATAGAC-1,4035,other T,MAIT
PBMC10k_GGATGTTAGAGCATAT-1,4036,Mono,CD14 Mono
PBMC10k_GGATGTTAGTCATGGG-1,4038,Mono,CD14 Mono
PBMC10k_GGATGTTCACGACAGA-1,4042,other,ILC
PBMC10k_GGATGTTCAGCAGTAG-1,4044,CD4 T,CD4 Naive
PBMC10k_GGATGTTGTCCAACGC-1,4045,CD4 T,CD4 TCM
PBMC10k_GGATGTTTCACGATCA-1,4047,Mono,CD14 Mono
PBMC10k_GGATGTTTCGGTTGTA-1,4049,NK,NK
PBMC10k_GGCACGTAGGGACCAT-1,4051,Mono,CD14 Mono
PBMC10k_GGCACGTGTCCTTAAG-1,4052,Mono,CD14 Mono
PBMC10k_GGCAGTCAGCATCAAA-1,4054,CD4 T,CD4 Naive
PBMC10k_GGCGTCAAGCCTCCAG-1,4057,B,B naive
PBMC10k_GGCGTCACATCGGTTA-1,4059,B,B naive
PBMC10k_GGCGTCAGTGAATAAC-1,4061,CD4 T,CD4 Naive
PBMC10k_GGCTGTGCAAGTTCCA-1,4062,CD4 T,CD4 Naive
PBMC10k_GGCTGTGCACTGAGGA-1,4063,CD4 T,CD4 Naive
PBMC10k_GGCTTGGAGACAACTA-1,4068,CD8 T,CD8 Naive
PBMC10k_GGCTTGGCATTGACTG-1,4069,B,B naive
PBMC10k_GGCTTGGGTAGACGTG-1,4070,NK,NK
PBMC10k_GGCTTGGGTATTGAGA-1,4071,CD4 T,CD4 TCM
PBMC10k_GGCTTGGGTCTAGGCC-1,4072,other,ILC
PBMC10k_GGCTTTCAGGTTTACC-1,4075,Mono,CD14 Mono
PBMC10k_GGCTTTCCACCCTGAG-1,4077,CD4 T,CD4 Naive
PBMC10k_GGCTTTCCATTGGGAG-1,4078,NK,NK
PBMC10k_GGCTTTCGTTATCCAG-1,4082,other,Eryth
PBMC10k_GGGAAGTAGATGTAGT-1,4083,Mono,CD14 Mono
PBMC10k_GGGAAGTCAGACAAGC-1,4084,Mono,CD14 Mono
PBMC10k_GGGAAGTCAGGCGATA-1,4085,Mono,CD16 Mono
PBMC10k_GGGAAGTGTCCTGAAT-1,4086,CD4 T,CD4 TCM
PBMC10k_GGGAAGTTCCTCTGCA-1,4088,other T,dnT
PBMC10k_GGGACAAAGCTACAAA-1,4089,Mono,CD14 Mono
PBMC10k_GGGACAAAGGAAGTGA-1,4090,CD8 T,CD8 Naive
PBMC10k_GGGACAAAGGTGGTTG-1,4091,CD4 T,CD4 Naive
PBMC10k_GGGACAACACACTTAG-1,4093,other,ILC
PBMC10k_GGGACAATCAATCTCT-1,4095,CD4 T,CD4 Naive
PBMC10k_GGGACAATCGGTGTAT-1,4098,Mono,CD14 Mono
PBMC10k_GGGACAATCGTGGAAG-1,4099,B,B memory
PBMC10k_GGGACCTAGCGTCAAG-1,4100,B,B memory
PBMC10k_GGGACCTGTGCAACAG-1,4103,Mono,CD14 Mono
PBMC10k_GGGACTCCAGCTTCGG-1,4105,Mono,CD14 Mono
PBMC10k_GGGACTCCAGGGAGAG-1,4106,DC,cDC2
PBMC10k_GGGACTCCAGGTTCGC-1,4107,CD4 T,Treg
PBMC10k_GGGACTCTCAGCAATC-1,4108,CD4 T,CD4 TCM
PBMC10k_GGGAGATAGACCATAA-1,4109,CD8 T,CD8 Naive
PBMC10k_GGGAGATCAAACTCGT-1,4110,CD4 T,CD4 Naive
PBMC10k_GGGAGATTCAGTGATC-1,4113,CD4 T,CD4 Naive
PBMC10k_GGGAGTACACACGTGC-1,4115,CD4 T,CD4 TCM
PBMC10k_GGGAGTACACCAGACC-1,4116,CD4 T,CD4 Naive
PBMC10k_GGGAGTACACTTCAGA-1,4117,CD4 T,CD4 TCM
PBMC10k_GGGAGTATCAAGGTGG-1,4120,NK,NK_CD56bright
PBMC10k_GGGAGTATCATTACCT-1,4122,CD4 T,CD4 TEM
PBMC10k_GGGAGTATCCAATGCA-1,4123,other T,MAIT
PBMC10k_GGGAGTATCGAAACAA-1,4124,CD4 T,CD4 Naive
PBMC10k_GGGAGTATCTCGACCT-1,4126,Mono,CD14 Mono
PBMC10k_GGGATCCAGAAAGTCT-1,4127,NK,NK
PBMC10k_GGGATCCCAACTCCAA-1,4128,CD8 T,CD8 TEM
PBMC10k_GGGATCCCACGACCTG-1,4129,Mono,CD14 Mono
PBMC10k_GGGATCCCACGTAACT-1,4130,Mono,CD14 Mono
PBMC10k_GGGATCCTCCTAAGTG-1,4132,CD8 T,CD8 TEM
PBMC10k_GGGATCCTCGAAGCCC-1,4133,CD4 T,CD4 TCM
PBMC10k_GGGATCCTCTGTCGCT-1,4134,CD4 T,Treg
PBMC10k_GGGATGACAGAACTCT-1,4137,other T,MAIT
PBMC10k_GGGATGACAGCCCACA-1,4138,NK,NK
PBMC10k_GGGATGATCAGTGTTG-1,4140,other,ILC
PBMC10k_GGGCCATAGATCGCTT-1,4142,B,B naive
PBMC10k_GGGCCATGTGATCGTT-1,4143,CD4 T,CD4 Naive
PBMC10k_GGGCCATGTTGCACGC-1,4144,NK,NK
PBMC10k_GGGCGTTAGGTCACCC-1,4145,B,B memory
PBMC10k_GGGCGTTGTGGAGGTT-1,4147,other T,MAIT
PBMC10k_GGGCTACGTAGACTGG-1,4150,CD4 T,CD4 TEM
PBMC10k_GGGCTACGTCCTACAA-1,4152,CD4 T,CD4 Naive
PBMC10k_GGGCTACGTCGAACAG-1,4153,CD8 T,CD8 Naive
PBMC10k_GGGCTACTCGGTCGAC-1,4156,CD4 T,CD4 TCM
PBMC10k_GGGCTCAAGTGTTCAC-1,4158,CD4 T,Treg
PBMC10k_GGGCTCACATCTCCCA-1,4160,CD4 T,CD4 TCM
PBMC10k_GGGCTCATCCAACTGA-1,4161,B,B naive
PBMC10k_GGGCTCATCCAGCAAT-1,4162,CD4 T,Treg
PBMC10k_GGGTAGACAAGCGCTC-1,4164,CD4 T,CD4 TEM
PBMC10k_GGGTAGACACTCCTTG-1,4165,CD4 T,CD4 TCM
PBMC10k_GGGTAGACACTCTAGA-1,4166,CD4 T,CD4 TCM
PBMC10k_GGGTAGATCCGTGCGA-1,4171,CD8 T,CD8 TEM
PBMC10k_GGGTAGATCCTAAACG-1,4172,other T,dnT
PBMC10k_GGGTATTAGCCTGAAG-1,4173,Mono,CD14 Mono
PBMC10k_GGGTATTCAACAGTGG-1,4175,CD4 T,Treg
PBMC10k_GGGTATTCATATGCGT-1,4176,other,ILC
PBMC10k_GGGTCACCACCATTCC-1,4178,other T,dnT
PBMC10k_GGGTCACGTAGACACG-1,4179,CD4 T,CD4 TCM
PBMC10k_GGGTCACGTCCACTCT-1,4180,CD4 T,CD4 TCM
PBMC10k_GGGTCTGAGAACCCGA-1,4182,CD4 T,CD4 TEM
PBMC10k_GGGTCTGCACATACGT-1,4185,other T,dnT
PBMC10k_GGGTCTGGTGGCTTGC-1,4186,Mono,CD14 Mono
PBMC10k_GGGTCTGGTGTTAGCT-1,4187,CD4 T,CD4 Naive
PBMC10k_GGGTGAACATCGTCCT-1,4188,Mono,CD14 Mono
PBMC10k_GGGTGAATCGCAACAT-1,4191,other T,MAIT
PBMC10k_GGGTGTCAGAGGTATT-1,4192,Mono,CD14 Mono
PBMC10k_GGGTGTCAGATTGAGT-1,4193,B,B naive
PBMC10k_GGGTGTCAGTCAACAA-1,4195,CD4 T,Treg
PBMC10k_GGGTGTCCAAGAGTTA-1,4196,Mono,CD14 Mono
PBMC10k_GGGTGTCTCCAAACCA-1,4197,NK,NK
PBMC10k_GGGTTATAGAATTCAG-1,4199,CD4 T,CD4 Naive
PBMC10k_GGGTTATAGGTTGAGC-1,4201,Mono,CD14 Mono
PBMC10k_GGGTTATGTCTCCTGT-1,4203,CD4 T,CD4 Naive
PBMC10k_GGGTTATGTGCTCCGA-1,4204,other T,MAIT
PBMC10k_GGGTTATGTTAGAAAC-1,4205,CD4 T,CD4 Naive
PBMC10k_GGGTTATTCACGAACT-1,4207,CD4 T,Treg
PBMC10k_GGGTTATTCGAGAGCA-1,4209,NK,NK
PBMC10k_GGGTTATTCTTGAGCA-1,4210,CD8 T,CD8 TEM
PBMC10k_GGGTTTAAGTCGAATA-1,4212,CD4 T,CD4 TCM
PBMC10k_GGGTTTACATCTCAAG-1,4214,CD4 T,CD4 Naive
PBMC10k_GGGTTTACATGCCGCA-1,4215,NK,NK
PBMC10k_GGGTTTAGTCACCGAC-1,4216,CD4 T,CD4 Naive
PBMC10k_GGGTTTAGTCTAGGCC-1,4217,Mono,CD14 Mono
PBMC10k_GGGTTTATCCACTAGA-1,4219,Mono,CD14 Mono
PBMC10k_GGTAACTAGGGAGTGG-1,4221,CD4 T,CD4 Naive
PBMC10k_GGTAACTCAAATGGTA-1,4223,CD4 T,CD4 TCM
PBMC10k_GGTAACTTCATCTATC-1,4225,Mono,CD14 Mono
PBMC10k_GGTAATCAGGCAGGGA-1,4228,CD4 T,CD4 Naive
PBMC10k_GGTAATCAGGCTATCT-1,4229,CD4 T,CD4 TCM
PBMC10k_GGTAGAGAGATTAGTG-1,4234,CD8 T,CD8 Naive
PBMC10k_GGTAGAGAGTAAGCAT-1,4235,other T,MAIT
PBMC10k_GGTAGAGCACTATGTG-1,4236,other T,MAIT
PBMC10k_GGTAGAGGTTTGCAGT-1,4238,CD4 T,CD4 TCM
PBMC10k_GGTAGAGTCCATTGTT-1,4240,B,B naive
PBMC10k_GGTAGAGTCTAGCCTC-1,4241,CD4 T,CD4 Naive
PBMC10k_GGTCACGAGGTATAGT-1,4243,Mono,CD14 Mono
PBMC10k_GGTCACGCAAAGGAGA-1,4244,NK,NK
PBMC10k_GGTCACGCAAGTCCCG-1,4245,CD4 T,CD4 Naive
PBMC10k_GGTCACGCAGGGTTGA-1,4248,Mono,CD14 Mono
PBMC10k_GGTCACGTCACCACAA-1,4250,Mono,CD14 Mono
PBMC10k_GGTCTGGAGAGTTGTA-1,4251,Mono,CD16 Mono
PBMC10k_GGTCTGGGTAGGCAAC-1,4252,CD8 T,CD8 TEM
PBMC10k_GGTCTGGTCGAGTTGT-1,4255,Mono,CD14 Mono
PBMC10k_GGTGAAGTCTGCATGA-1,4259,other,Eryth
PBMC10k_GGTGATTAGCAAGCCA-1,4260,CD8 T,CD8 Naive
PBMC10k_GGTGATTCAAGTGGGT-1,4262,CD4 T,CD4 Naive
PBMC10k_GGTGATTCAGGCCCTA-1,4263,CD8 T,CD8 TEM
PBMC10k_GGTGATTCATGGGCAA-1,4264,CD4 T,CD4 TCM
PBMC10k_GGTGATTGTACATTGC-1,4265,other,ILC
PBMC10k_GGTGATTTCCAGCTCT-1,4268,Mono,CD14 Mono
PBMC10k_GGTGATTTCCATAAGC-1,4269,NK,NK
PBMC10k_GGTGGCTAGACCAACG-1,4270,CD4 T,Treg
PBMC10k_GGTGGCTCACCCTAGG-1,4274,DC,cDC2
PBMC10k_GGTGGCTCAGCTCATA-1,4277,NK,NK
PBMC10k_GGTGGCTGTAGCACGA-1,4279,B,B naive
PBMC10k_GGTGGCTTCCGGTAGC-1,4280,NK,NK
PBMC10k_GGTGTCGCAACGATTC-1,4281,Mono,CD14 Mono
PBMC10k_GGTGTCGGTATGCAAA-1,4282,other T,MAIT
PBMC10k_GGTGTCGTCAAGGACG-1,4284,CD4 T,CD4 TEM
PBMC10k_GGTGTTAAGATGCCGA-1,4286,NK,NK
PBMC10k_GGTGTTAAGCCAAGCA-1,4287,other,ILC
PBMC10k_GGTGTTACAAACTCTG-1,4288,Mono,CD14 Mono
PBMC10k_GGTGTTAGTTGCCTAA-1,4290,NK,NK
PBMC10k_GGTTAACAGACTTCCA-1,4292,other,ILC
PBMC10k_GGTTAACAGCCACCGT-1,4293,B,B memory
PBMC10k_GGTTAACAGGTCTTTG-1,4294,other T,MAIT
PBMC10k_GGTTAACCAGCCGTCA-1,4295,CD8 T,CD8 TEM
PBMC10k_GGTTAACCATAATGCC-1,4296,CD4 T,CD4 Naive
PBMC10k_GGTTAACGTTCGGCCA-1,4299,B,B naive
PBMC10k_GGTTAACTCTAGCCTC-1,4300,CD4 T,CD4 Naive
PBMC10k_GGTTCTCAGAATACAC-1,4301,NK,NK
PBMC10k_GGTTCTCGTGGTCTCG-1,4306,DC,cDC2
PBMC10k_GGTTCTCTCAGGAACG-1,4308,CD4 T,Treg
PBMC10k_GGTTCTCTCGTCGACG-1,4309,other,ILC
PBMC10k_GGTTCTCTCTAGTCAG-1,4310,CD4 T,Treg
PBMC10k_GGTTGTAAGAAGCGGG-1,4311,DC,pDC
PBMC10k_GGTTGTACAGGTGTGA-1,4312,other,Eryth
PBMC10k_GGTTGTACATGTCGTA-1,4313,CD4 T,CD4 Naive
PBMC10k_GGTTGTAGTTACCCAA-1,4314,CD4 T,Treg
PBMC10k_GGTTGTATCGTGGGTC-1,4317,CD4 T,CD4 TCM
PBMC10k_GTAACACCACTCCGGA-1,4320,CD4 T,Treg
PBMC10k_GTAACACCAGTTACCA-1,4321,Mono,CD14 Mono
PBMC10k_GTAACACCATGCACTA-1,4322,CD8 T,CD8 Naive
PBMC10k_GTAACACTCATTGAGC-1,4323,CD4 T,CD4 Naive
PBMC10k_GTAACCAAGCCTCACG-1,4324,Mono,CD14 Mono
PBMC10k_GTAACCACATGACTTG-1,4327,B,B memory
PBMC10k_GTAACCATCGTCGACG-1,4331,Mono,CD14 Mono
PBMC10k_GTAAGTCAGAAGTGTT-1,4332,Mono,CD14 Mono
PBMC10k_GTAAGTCCAACCCGCA-1,4333,CD8 T,CD8 TEM
PBMC10k_GTAAGTCGTCGTCTCT-1,4335,other,Eryth
PBMC10k_GTAATCGAGAAGTCTA-1,4337,CD4 T,CD4 Naive
PBMC10k_GTAATCGAGGAACGTC-1,4339,B,B naive
PBMC10k_GTAATCGCACGGTGAA-1,4341,other T,MAIT
PBMC10k_GTAATCGCATGACACT-1,4342,CD4 T,CD4 TCM
PBMC10k_GTAATGCAGGACGCTA-1,4344,CD4 T,CD4 TEM
PBMC10k_GTAATGCAGGTCCAGA-1,4345,NK,NK
PBMC10k_GTAATGCCACGGTCTG-1,4347,Mono,CD14 Mono
PBMC10k_GTAATGCCATAGGAGC-1,4348,CD8 T,CD8 TEM
PBMC10k_GTAATGCGTAGGAGGG-1,4350,CD4 T,CD4 Naive
PBMC10k_GTAATGCGTCCATAGT-1,4352,CD4 T,CD4 TCM
PBMC10k_GTACAACCAGCCGTTG-1,4358,CD4 T,Treg
PBMC10k_GTACAACTCTCGCAGG-1,4360,Mono,CD14 Mono
PBMC10k_GTACAGTCATTGCCTC-1,4361,NK,NK
PBMC10k_GTACAGTGTTACTCAG-1,4362,CD8 T,CD8 Naive
PBMC10k_GTACAGTTCTCTAGGA-1,4364,NK,NK
PBMC10k_GTAGAAACATGATAGA-1,4367,Mono,CD14 Mono
PBMC10k_GTAGAAATCGGCTGGT-1,4370,NK,NK
PBMC10k_GTAGAAATCGTTCTAT-1,4371,other T,MAIT
PBMC10k_GTAGAGGGTACTCCGG-1,4375,other T,MAIT
PBMC10k_GTAGAGGGTACTCGCG-1,4376,B,B naive
PBMC10k_GTAGAGGGTGGTTTGT-1,4379,B,B naive
PBMC10k_GTAGAGGGTTCAACGT-1,4381,CD8 T,CD8 TCM
PBMC10k_GTAGAGGTCGGAATTC-1,4382,CD4 T,Treg
PBMC10k_GTAGATCAGGAACATT-1,4384,Mono,CD14 Mono
PBMC10k_GTAGATCAGGCTCAAG-1,4385,DC,cDC2
PBMC10k_GTAGATCCACAGTCAT-1,4387,CD4 T,CD4 TCM
PBMC10k_GTAGATCCAGAACTAA-1,4389,other,Eryth
PBMC10k_GTAGATCGTCTGCAAT-1,4390,other T,gdT
PBMC10k_GTAGATCGTTCCACGG-1,4391,CD4 T,Treg
PBMC10k_GTAGATCTCACATTGG-1,4392,CD4 T,Treg
PBMC10k_GTAGATCTCATGCAGT-1,4393,CD4 T,Treg
PBMC10k_GTAGATCTCCAAGGGA-1,4394,Mono,CD14 Mono
PBMC10k_GTAGCTAAGATCGACG-1,4397,DC,cDC2
PBMC10k_GTAGCTAAGGCATCGA-1,4399,CD4 T,CD4 TCM
PBMC10k_GTAGCTACAGCGGTCT-1,4400,CD4 T,CD4 Naive
PBMC10k_GTAGCTACAGGCTCTG-1,4401,CD8 T,CD8 Naive
PBMC10k_GTAGCTAGTAGATTAG-1,4402,other T,MAIT
PBMC10k_GTAGCTAGTCCCGTGA-1,4403,Mono,CD14 Mono
PBMC10k_GTAGCTAGTGTCCTAA-1,4404,other,Eryth
PBMC10k_GTAGGAGAGAAGTCTA-1,4406,Mono,CD14 Mono
PBMC10k_GTAGGAGCAGCGCGTT-1,4410,CD8 T,CD8 Naive
PBMC10k_GTAGGAGTCCCAAGTA-1,4414,CD4 T,Treg
PBMC10k_GTAGGAGTCCTTATGT-1,4415,CD4 T,CD4 Naive
PBMC10k_GTAGGTTAGCCTAACT-1,4416,NK,NK
PBMC10k_GTAGGTTTCAGCCTCT-1,4418,Mono,CD14 Mono
PBMC10k_GTAGGTTTCCACACCT-1,4419,CD4 T,CD4 Naive
PBMC10k_GTAGTACAGCATTTCG-1,4420,Mono,CD14 Mono
PBMC10k_GTAGTACAGCGAGGAG-1,4421,CD4 T,CD4 TCM
PBMC10k_GTAGTACCACTTACAG-1,4423,CD4 T,CD4 Naive
PBMC10k_GTAGTACTCGCCATAA-1,4425,Mono,CD14 Mono
PBMC10k_GTAGTACTCTCTCCGA-1,4426,other T,dnT
PBMC10k_GTATTGGCAAGATGGC-1,4427,NK,NK
PBMC10k_GTATTGGTCTGGACCG-1,4431,other T,MAIT
PBMC10k_GTATTTCCACTGTTCC-1,4433,Mono,CD16 Mono
PBMC10k_GTATTTCCATCGGTTA-1,4435,CD8 T,CD8 Naive
PBMC10k_GTATTTCGTAGAAACT-1,4436,CD4 T,Treg
PBMC10k_GTATTTCGTATAATGG-1,4437,CD4 T,CD4 TEM
PBMC10k_GTATTTCGTCGAAACG-1,4438,NK,NK
PBMC10k_GTATTTCGTGATGTAA-1,4439,CD4 T,Treg
PBMC10k_GTATTTCTCGCACGAC-1,4440,NK,NK
PBMC10k_GTATTTCTCTCAACCC-1,4441,other T,MAIT
PBMC10k_GTCAAACAGGTCGTGA-1,4443,Mono,CD14 Mono
PBMC10k_GTCAAACTCCTTACCG-1,4446,Mono,CD16 Mono
PBMC10k_GTCAAACTCGAGAAGC-1,4447,CD4 T,CD4 Naive
PBMC10k_GTCAAGTAGTCCGCGT-1,4449,CD4 T,CD4 CTL
PBMC10k_GTCAAGTAGTGCCCGT-1,4450,other T,MAIT
PBMC10k_GTCAAGTCAATTGCGT-1,4451,Mono,CD14 Mono
PBMC10k_GTCAAGTTCTGAGCAT-1,4462,CD8 T,CD8 Proliferating
PBMC10k_GTCACGGAGAGTTGCG-1,4463,other T,MAIT
PBMC10k_GTCACGGAGTTTCTTC-1,4465,CD4 T,CD4 Naive
PBMC10k_GTCACGGCAACCAACT-1,4466,CD4 T,CD4 TCM
PBMC10k_GTCACGGCAGTGGTGA-1,4468,CD4 T,CD4 TEM
PBMC10k_GTCACGGCATGACTCA-1,4469,NK,NK
PBMC10k_GTCACGGGTCACTTAG-1,4470,Mono,CD14 Mono
PBMC10k_GTCACGGGTTTATGCG-1,4471,CD4 T,CD4 Naive
PBMC10k_GTCACTCAGCCAAGTG-1,4473,NK,NK
PBMC10k_GTCACTCCAATTTCTC-1,4474,Mono,CD14 Mono
PBMC10k_GTCACTCGTCTCAGGC-1,4475,CD4 T,Treg
PBMC10k_GTCACTCTCAAGAAAC-1,4476,CD4 T,CD4 Naive
PBMC10k_GTCACTCTCGACATCA-1,4477,NK,NK
PBMC10k_GTCAGCGAGCATTTCG-1,4481,CD4 T,Treg
PBMC10k_GTCAGCGAGCTCGTGC-1,4482,CD4 T,CD4 TEM
PBMC10k_GTCAGCGAGTACTGTC-1,4483,CD4 T,CD4 TCM
PBMC10k_GTCAGCGCACATGACT-1,4485,CD4 T,CD4 TEM
PBMC10k_GTCAGCGCAGGCGATA-1,4486,other,Eryth
PBMC10k_GTCAGCGTCTGAGTCA-1,4488,CD4 T,CD4 Naive
PBMC10k_GTCAGCGTCTGTCCGT-1,4489,NK,NK
PBMC10k_GTCATCCAGCATCAAA-1,4490,Mono,CD14 Mono
PBMC10k_GTCATCCCAAGGCAAC-1,4493,CD4 T,Treg
PBMC10k_GTCATCCCACGCTGAC-1,4494,CD4 T,CD4 TCM
PBMC10k_GTCATCCGTCTACAGT-1,4495,CD4 T,CD4 TCM
PBMC10k_GTCATCCGTGTTGAGG-1,4496,Mono,CD14 Mono
PBMC10k_GTCATCCTCAAAGCCT-1,4498,NK,NK
PBMC10k_GTCATCCTCCGCTAGG-1,4499,CD4 T,CD4 Naive
PBMC10k_GTCATGAAGATCCCAT-1,4500,NK,NK
PBMC10k_GTCATGACACTACTTT-1,4505,Mono,CD14 Mono
PBMC10k_GTCATGACATAAGATG-1,4506,Mono,CD14 Mono
PBMC10k_GTCATTTAGCGCCATC-1,4508,CD4 T,CD4 TEM
PBMC10k_GTCATTTCATGAATCC-1,4511,CD4 T,CD4 TCM
PBMC10k_GTCATTTGTAATGCTC-1,4512,CD4 T,Treg
PBMC10k_GTCATTTGTGTTCGTA-1,4514,CD4 T,CD4 Naive
PBMC10k_GTCCACTCAAACGAGC-1,4518,CD4 T,CD4 Naive
PBMC10k_GTCCACTCAATTGAGA-1,4520,CD8 T,CD8 TCM
PBMC10k_GTCCACTCAGTATTCG-1,4521,Mono,CD14 Mono
PBMC10k_GTCCACTTCACGGTCG-1,4525,CD4 T,CD4 Naive
PBMC10k_GTCCACTTCGCGTGCA-1,4526,NK,NK
PBMC10k_GTCCACTTCGTGTGGC-1,4527,Mono,CD14 Mono
PBMC10k_GTCCCATAGCCTGAGA-1,4528,CD4 T,Treg
PBMC10k_GTCCCATCAAGACTGG-1,4530,CD8 T,CD8 Naive
PBMC10k_GTCCCATCACCAGCTG-1,4531,Mono,CD14 Mono
PBMC10k_GTCCCATGTTCGGTCG-1,4533,NK,NK
PBMC10k_GTCCCATTCAAGCCCG-1,4534,other T,MAIT
PBMC10k_GTCCCATTCCCTCGAT-1,4535,CD8 T,CD8 Naive
PBMC10k_GTCCCATTCGTCGGGT-1,4536,other T,MAIT
PBMC10k_GTCCTCAAGTCTGCAT-1,4538,Mono,CD14 Mono
PBMC10k_GTCCTCACACGCGCTA-1,4541,Mono,CD14 Mono
PBMC10k_GTCCTCACAGTCGTTA-1,4542,other T,dnT
PBMC10k_GTCCTCAGTGCATTAC-1,4543,NK,NK
PBMC10k_GTCCTCATCACCTGTC-1,4544,B,B naive
PBMC10k_GTCCTCATCGCTGTTC-1,4545,CD4 T,CD4 TCM
PBMC10k_GTCCTCATCTTGATTC-1,4546,Mono,CD14 Mono
PBMC10k_GTCGAATAGAGCAACC-1,4547,NK,NK
PBMC10k_GTCGAATCATCGTCCT-1,4549,CD4 T,CD4 TCM
PBMC10k_GTCGAATCATGACTAC-1,4550,Mono,CD14 Mono
PBMC10k_GTCGAATGTTAGGGAC-1,4554,NK,NK
PBMC10k_GTCGAATTCGGTAAGG-1,4555,CD4 T,CD4 TEM
PBMC10k_GTCGCGAAGATGACAT-1,4557,B,B naive
PBMC10k_GTCGCGACACAGCCAC-1,4559,DC,cDC2
PBMC10k_GTCGCGACATATACCG-1,4560,CD4 T,CD4 Naive
PBMC10k_GTCGCGAGTAAGCTCT-1,4561,NK,NK
PBMC10k_GTCGCGAGTTGTGCAT-1,4562,other T,MAIT
PBMC10k_GTCGTAAAGACTTCAC-1,4564,B,B naive
PBMC10k_GTCGTAAAGAGGCGTT-1,4565,NK,NK
PBMC10k_GTCGTAAAGGTCCCTG-1,4567,other T,dnT
PBMC10k_GTCGTAACAACCTATG-1,4569,Mono,CD14 Mono
PBMC10k_GTCGTAACAGGTCCGT-1,4570,other,Eryth
PBMC10k_GTCGTAAGTCTTCTAT-1,4573,B,B intermediate
PBMC10k_GTCGTAATCCGTACGG-1,4574,Mono,CD14 Mono
PBMC10k_GTCGTAATCGTTGCCT-1,4575,other T,dnT
PBMC10k_GTCGTTCCAGTCGGAA-1,4578,Mono,CD14 Mono
PBMC10k_GTCGTTCGTCATATGC-1,4579,CD8 T,CD8 Naive
PBMC10k_GTCGTTCGTGGGCTTC-1,4580,CD4 T,CD4 Naive
PBMC10k_GTCGTTCGTTCTCGCT-1,4583,B,B naive
PBMC10k_GTCGTTCTCATAGCAC-1,4585,CD4 T,CD4 Naive
PBMC10k_GTCTACCCATCGGAGA-1,4588,other T,MAIT
PBMC10k_GTCTACCCATGCAGCC-1,4589,CD4 T,CD4 Naive
PBMC10k_GTCTACCTCACGACTA-1,4590,CD8 T,CD8 TEM
PBMC10k_GTCTAGAAGAGGCGTT-1,4591,CD4 T,CD4 Naive
PBMC10k_GTCTAGACACATCATG-1,4594,B,B memory
PBMC10k_GTCTCACAGAGCTTTC-1,4597,CD4 T,CD4 Proliferating
PBMC10k_GTCTCACAGCTCACTA-1,4598,CD8 T,CD8 Naive
PBMC10k_GTCTCACGTAACGTTC-1,4600,CD4 T,CD4 Naive
PBMC10k_GTCTCACGTCAAATCC-1,4601,B,B naive
PBMC10k_GTCTCACGTTCCACAA-1,4602,CD4 T,CD4 TCM
PBMC10k_GTCTGTCAGCGCCTAC-1,4605,CD8 T,CD8 Naive
PBMC10k_GTCTGTCAGTCCCTAA-1,4606,DC,cDC2
PBMC10k_GTCTGTCAGTTGGAGC-1,4607,CD8 T,CD8 TEM
PBMC10k_GTCTGTCCAAGTGATA-1,4608,CD4 T,CD4 Naive
PBMC10k_GTCTGTCGTGTATCCA-1,4610,other T,MAIT
PBMC10k_GTCTTTACATTGTACG-1,4614,NK,NK
PBMC10k_GTCTTTAGTACTTGTG-1,4615,Mono,CD14 Mono
PBMC10k_GTCTTTAGTAGCTGCC-1,4616,other,Eryth
PBMC10k_GTCTTTAGTCCGTTTC-1,4617,Mono,CD14 Mono
PBMC10k_GTCTTTAGTCGGCACT-1,4618,CD4 T,Treg
PBMC10k_GTGACGCAGACTCAAA-1,4619,other T,MAIT
PBMC10k_GTGACGCAGATCACCT-1,4620,CD8 T,CD8 Naive
PBMC10k_GTGACGCCAAGCCATT-1,4621,CD4 T,CD4 Naive
PBMC10k_GTGACGCGTGCTTCAA-1,4622,CD4 T,CD4 TCM
PBMC10k_GTGACGCTCAGCTAGT-1,4623,CD4 T,CD4 TCM
PBMC10k_GTGACGCTCCATTGTT-1,4624,NK,NK
PBMC10k_GTGACGCTCGGACTTA-1,4625,NK,NK
PBMC10k_GTGACGCTCTCGACGG-1,4626,NK,NK
PBMC10k_GTGAGCCAGGGCCTCT-1,4627,CD4 T,CD4 TEM
PBMC10k_GTGAGCCTCACCACAA-1,4629,Mono,CD14 Mono
PBMC10k_GTGAGGACAGTCTACA-1,4631,CD8 T,CD8 Naive
PBMC10k_GTGAGGACATTGTGCA-1,4633,other T,gdT
PBMC10k_GTGAGGAGTGTTGACT-1,4634,Mono,CD14 Mono
PBMC10k_GTGAGGATCACACCGG-1,4637,NK,NK
PBMC10k_GTGAGGATCACCCATC-1,4638,Mono,CD14 Mono
PBMC10k_GTGAGGATCAGGGATG-1,4639,other T,MAIT
PBMC10k_GTGAGTTCAATAGTAG-1,4640,Mono,CD14 Mono
PBMC10k_GTGAGTTGTTGCCGAC-1,4642,CD8 T,CD8 Naive
PBMC10k_GTGAGTTGTTGCGGAA-1,4643,NK,NK
PBMC10k_GTGAGTTTCATGCAGT-1,4644,CD8 T,CD8 Naive
PBMC10k_GTGAGTTTCCAACTAG-1,4645,CD4 T,CD4 TCM
PBMC10k_GTGAGTTTCTTCTAAC-1,4647,other T,gdT
PBMC10k_GTGATGTAGGCCTGCT-1,4649,CD4 T,CD4 TCM
PBMC10k_GTGATGTAGTGCGCTC-1,4650,NK,NK
PBMC10k_GTGATGTCAATTCTCT-1,4652,NK,NK
PBMC10k_GTGATGTTCCTCAGGG-1,4654,other T,gdT
PBMC10k_GTGATGTTCGAGTGGA-1,4655,CD4 T,CD4 Naive
PBMC10k_GTGCACGGTATTGAGA-1,4658,CD4 T,CD4 TCM
PBMC10k_GTGCACGTCATGAAAG-1,4659,other,Eryth
PBMC10k_GTGCAGCCAGCGCTTG-1,4663,B,B naive
PBMC10k_GTGCAGCCATTCGGGC-1,4664,CD4 T,CD4 Naive
PBMC10k_GTGCAGCTCTCAGGCG-1,4666,NK,NK
PBMC10k_GTGCGTGAGAATACAC-1,4667,Mono,CD14 Mono
PBMC10k_GTGCGTGAGGCTAGCA-1,4669,CD4 T,CD4 Proliferating
PBMC10k_GTGCGTGCAGACAAGC-1,4672,Mono,CD14 Mono
PBMC10k_GTGCGTGGTGTCCGTG-1,4674,CD8 T,CD8 TEM
PBMC10k_GTGCGTGTCCATGAGT-1,4675,CD4 T,CD4 Naive
PBMC10k_GTGCTGGCACTGAATC-1,4680,CD8 T,CD8 Naive
PBMC10k_GTGCTGGCAGCTGCCA-1,4681,other T,MAIT
PBMC10k_GTGCTTCCAATCGTCA-1,4686,B,B naive
PBMC10k_GTGCTTCCACGAAAGC-1,4687,B,B naive
PBMC10k_GTGCTTCCAGATAAAC-1,4688,CD4 T,CD4 Naive
PBMC10k_GTGCTTCGTGCGTGCT-1,4690,Mono,CD14 Mono
PBMC10k_GTGCTTCTCAGACAAA-1,4691,other T,MAIT
PBMC10k_GTGGAAGAGAAGCTCG-1,4693,CD4 T,CD4 Naive
PBMC10k_GTGGAAGAGAGTAACT-1,4694,CD4 T,CD4 Naive
PBMC10k_GTGGAAGAGCTCCCTT-1,4695,NK,NK
PBMC10k_GTGGAAGAGGGACTGT-1,4697,NK,NK
PBMC10k_GTGGAAGTCTTGAGCA-1,4700,CD4 T,CD4 Naive
PBMC10k_GTGGAGAGTAAGTAGT-1,4702,Mono,CD14 Mono
PBMC10k_GTGGAGAGTCCTTGTC-1,4703,CD4 T,CD4 TEM
PBMC10k_GTGGAGAGTGGAGAAA-1,4704,CD4 T,CD4 Naive
PBMC10k_GTGGAGAGTTGCAACT-1,4705,Mono,CD14 Mono
PBMC10k_GTGGAGATCAAGGACG-1,4706,CD4 T,CD4 Naive
PBMC10k_GTGGAGATCGGCTTGG-1,4707,CD4 T,Treg
PBMC10k_GTGGCGTGTTCCTACC-1,4710,CD4 T,CD4 Naive
PBMC10k_GTGGCGTTCGAAACAA-1,4711,Mono,CD14 Mono
PBMC10k_GTGGGAAGTAACGCGA-1,4715,NK,NK
PBMC10k_GTGGGAAGTAGCTGTT-1,4716,CD4 T,CD4 Naive
PBMC10k_GTGGGAAGTCTTGCTC-1,4717,other,ILC
PBMC10k_GTGGGAATCACTACGA-1,4718,Mono,CD14 Mono
PBMC10k_GTGGGAATCGAGTACT-1,4719,Mono,CD14 Mono
PBMC10k_GTGGTTACAGCTTCCT-1,4721,CD4 T,Treg
PBMC10k_GTGGTTAGTCGCGTCA-1,4725,CD8 T,CD8 Naive
PBMC10k_GTGGTTAGTGACCGTC-1,4726,CD4 T,CD4 TCM
PBMC10k_GTGTAACAGCAAGCCA-1,4729,NK,NK
PBMC10k_GTGTAACAGCTAGATA-1,4730,CD4 T,CD4 Naive
PBMC10k_GTGTAACAGTATCCTG-1,4731,Mono,CD14 Mono
PBMC10k_GTGTAACCACGACAGA-1,4733,B,B naive
PBMC10k_GTGTAACCACTTGAAC-1,4735,CD4 T,CD4 Naive
PBMC10k_GTGTAACCAGCTGTAT-1,4736,other,Eryth
PBMC10k_GTGTAACTCGAAGCCC-1,4737,other,ILC
PBMC10k_GTGTCCTCAATTCTTC-1,4740,CD4 T,Treg
PBMC10k_GTGTCCTGTCGCCTAG-1,4742,NK,NK_CD56bright
PBMC10k_GTGTCCTTCTTTGCAT-1,4743,NK,NK
PBMC10k_GTGTGGCAGAATAACC-1,4749,other,Eryth
PBMC10k_GTGTGGCAGAGCTGAC-1,4750,CD4 T,CD4 Naive
PBMC10k_GTGTGGCCACAACGAG-1,4751,NK,NK
PBMC10k_GTGTGGCCACCTGCTT-1,4752,NK,NK
PBMC10k_GTGTGGCGTTGTGTAC-1,4754,Mono,CD14 Mono
PBMC10k_GTGTGGCTCTACGGTA-1,4755,CD4 T,CD4 Naive
PBMC10k_GTGTTAGGTCGCCTAG-1,4756,CD4 T,CD4 Naive
PBMC10k_GTGTTCCAGGCCATAG-1,4758,Mono,CD14 Mono
PBMC10k_GTGTTCCAGGCCGCTT-1,4759,B,B naive
PBMC10k_GTGTTCCGTTCCTTGC-1,4762,DC,cDC2
PBMC10k_GTGTTCCTCCCAATAG-1,4763,other T,MAIT
PBMC10k_GTGTTCCTCTCCACTG-1,4765,CD4 T,CD4 Naive
PBMC10k_GTTACAGAGTTCACTG-1,4767,NK,NK
PBMC10k_GTTACAGGTCCACACG-1,4770,CD4 T,CD4 Naive
PBMC10k_GTTACCCAGACAACAT-1,4775,B,B memory
PBMC10k_GTTACCCAGCCTTCTC-1,4776,CD8 T,CD8 Naive
PBMC10k_GTTACCCCAACAGATA-1,4778,Mono,CD14 Mono
PBMC10k_GTTACCCGTATCTCTT-1,4779,CD4 T,CD4 Naive
PBMC10k_GTTACCCGTCCCTGTT-1,4780,CD4 T,CD4 Naive
PBMC10k_GTTACCCGTTTCGGCG-1,4781,other,ILC
PBMC10k_GTTACCCTCTCATGGA-1,4784,B,B naive
PBMC10k_GTTACGACAATTGCAC-1,4787,NK,NK
PBMC10k_GTTACGAGTATCCCAA-1,4788,Mono,CD14 Mono
PBMC10k_GTTACGATCTTTGATC-1,4789,CD8 T,CD8 Naive
PBMC10k_GTTAGACAGAGGCGGA-1,4790,Mono,CD14 Mono
PBMC10k_GTTAGACCACTTGAAC-1,4792,B,B naive
PBMC10k_GTTAGACCAGCGGTTC-1,4793,DC,cDC2
PBMC10k_GTTAGACTCCAGCAAT-1,4795,CD4 T,CD4 Naive
PBMC10k_GTTAGACTCTCCGAGG-1,4799,Mono,CD14 Mono
PBMC10k_GTTAGACTCTCTCCGA-1,4800,CD8 T,CD8 TCM
PBMC10k_GTTAGTGAGACCCGCT-1,4801,Mono,CD14 Mono
PBMC10k_GTTAGTGCACATACGT-1,4802,CD4 T,CD4 TEM
PBMC10k_GTTAGTGTCGAACACT-1,4803,other,Eryth
PBMC10k_GTTAGTGTCGACATCA-1,4804,Mono,CD14 Mono
PBMC10k_GTTATGGAGTAGCCAG-1,4805,CD4 T,Treg
PBMC10k_GTTATGGAGTTGGCTT-1,4806,CD4 T,CD4 TEM
PBMC10k_GTTATGGGTACTGCGC-1,4807,Mono,CD14 Mono
PBMC10k_GTTATGGGTTGAAGTA-1,4808,CD8 T,CD8 Naive
PBMC10k_GTTATGGTCGCGTTTC-1,4809,Mono,CD14 Mono
PBMC10k_GTTCATTAGATGGCAC-1,4810,Mono,CD14 Mono
PBMC10k_GTTCATTAGGGCAGAG-1,4812,CD4 T,CD4 Naive
PBMC10k_GTTCATTCAAATGAAC-1,4813,NK,NK
PBMC10k_GTTCATTCATGGCCCA-1,4815,CD8 T,CD8 Naive
PBMC10k_GTTCATTCATGGGATG-1,4816,CD4 T,CD4 Naive
PBMC10k_GTTCATTCATTGGGAG-1,4817,NK,NK
PBMC10k_GTTCATTGTTAGGCTT-1,4819,Mono,CD14 Mono
PBMC10k_GTTCCGTGTCAATCTG-1,4823,NK,NK
PBMC10k_GTTCCGTGTTGATCGT-1,4824,Mono,CD14 Mono
PBMC10k_GTTCCGTGTTTACGTG-1,4825,other T,dnT
PBMC10k_GTTCCGTTCCCATTCG-1,4826,CD4 T,CD4 TCM
PBMC10k_GTTCCGTTCCGCTAGG-1,4827,CD4 T,Treg
PBMC10k_GTTCGCTGTAGATGTA-1,4833,NK,NK
PBMC10k_GTTCGCTTCAAAGACA-1,4834,CD4 T,CD4 TEM
PBMC10k_GTTCGCTTCACAGTGT-1,4835,other T,MAIT
PBMC10k_GTTCTATAGTACCGGA-1,4839,CD4 T,CD4 Naive
PBMC10k_GTTCTATAGTTCCATG-1,4840,NK,NK
PBMC10k_GTTCTATCACCTCTGT-1,4841,CD8 T,CD8 TEM
PBMC10k_GTTCTATTCGAACGCC-1,4843,CD4 T,CD4 Naive
PBMC10k_GTTCTATTCTCAATCT-1,4845,other,Eryth
PBMC10k_GTTGAACAGAATCGTA-1,4846,Mono,CD14 Mono
PBMC10k_GTTGAACAGACCAAGC-1,4847,Mono,CD14 Mono
PBMC10k_GTTGAACCACACAGAG-1,4848,NK,NK
PBMC10k_GTTGAACTCGTCGCTT-1,4849,Mono,CD14 Mono
PBMC10k_GTTGCGGCAGCTGGTC-1,4853,CD4 T,CD4 Naive
PBMC10k_GTTGCGGCATCAGTGT-1,4854,other,Eryth
PBMC10k_GTTGCGGGTCATGACT-1,4856,other T,gdT
PBMC10k_GTTGCGGGTCTAGATC-1,4857,NK,NK
PBMC10k_GTTGCTCAGAGGATGA-1,4859,Mono,CD14 Mono
PBMC10k_GTTGCTCAGATTTGCC-1,4860,CD4 T,CD4 Naive
PBMC10k_GTTGCTCGTGCTGTCG-1,4862,Mono,CD14 Mono
PBMC10k_GTTGCTCTCGTCCATC-1,4863,B,B naive
PBMC10k_GTTGTAGAGTTGCCCG-1,4865,Mono,CD14 Mono
PBMC10k_GTTGTAGCAATTGCCA-1,4866,CD8 T,CD8 Naive
PBMC10k_GTTGTAGCATTAGGAA-1,4867,CD4 T,CD4 TEM
PBMC10k_GTTGTAGGTTTGCCGG-1,4870,Mono,CD14 Mono
PBMC10k_GTTGTAGTCACGACTA-1,4871,CD4 T,CD4 Naive
PBMC10k_GTTGTCCGTAACATAG-1,4874,Mono,CD14 Mono
PBMC10k_GTTGTCCGTACACGCC-1,4875,CD4 T,CD4 TCM
PBMC10k_GTTGTCCGTGGCTTGC-1,4878,CD8 T,CD8 Proliferating
PBMC10k_GTTGTCCTCCTTTAGT-1,4881,Mono,CD14 Mono
PBMC10k_GTTGTCCTCGCTGTCT-1,4882,Mono,CD14 Mono
PBMC10k_GTTGTGACAGGACTAG-1,4887,NK,NK
PBMC10k_GTTGTGACATTGCTGA-1,4888,Mono,CD14 Mono
PBMC10k_GTTGTGAGTCACTACA-1,4889,other,Eryth
PBMC10k_GTTGTGAGTCTTCAAG-1,4890,Mono,CD14 Mono
PBMC10k_GTTGTGAGTGTTTCTT-1,4891,NK,NK
PBMC10k_GTTGTGATCATCACAG-1,4892,CD4 T,CD4 Naive
PBMC10k_GTTTACTCAGGCACAA-1,4895,Mono,CD14 Mono
PBMC10k_GTTTACTGTGGTCTGC-1,4899,other T,dnT
PBMC10k_GTTTACTTCGCATGAT-1,4900,NK,NK
PBMC10k_GTTTACTTCTCCTGCA-1,4901,NK,NK_CD56bright
PBMC10k_GTTTGGAAGGATACAT-1,4902,CD8 T,CD8 Naive
PBMC10k_GTTTGGACAAGTACCT-1,4904,B,B naive
PBMC10k_GTTTGGAGTTGTTTGG-1,4907,Mono,CD14 Mono
PBMC10k_GTTTGGAGTTTCGCTC-1,4908,CD8 T,CD8 TCM
PBMC10k_TAACACGAGCGAACTG-1,4909,Mono,CD14 Mono
PBMC10k_TAACACGCACTATCGA-1,4910,CD4 T,CD4 Naive
PBMC10k_TAACCAGAGACCTCAT-1,4913,CD4 T,CD4 TEM
PBMC10k_TAACCAGCACCAAAGG-1,4914,CD4 T,Treg
PBMC10k_TAACCAGCACTCATAG-1,4915,B,Plasmablast
PBMC10k_TAACCAGCAGCTTTCC-1,4916,CD8 T,CD8 Naive
PBMC10k_TAACCAGGTAGACAGC-1,4917,Mono,CD14 Mono
PBMC10k_TAACGACAGGCGAAGG-1,4918,other,ILC
PBMC10k_TAACGACAGTCGCCAC-1,4919,other T,MAIT
PBMC10k_TAACGACCAATGTCTG-1,4920,CD4 T,CD4 TCM
PBMC10k_TAACGACCACCTCAGG-1,4921,CD4 T,CD4 TEM
PBMC10k_TAACGACCATTCTTCA-1,4922,NK,NK
PBMC10k_TAACGACTCCTTATCA-1,4926,Mono,CD14 Mono
PBMC10k_TAACTTCAGTTGGAGC-1,4927,other T,MAIT
PBMC10k_TAACTTCCAGCTTCCT-1,4928,CD8 T,CD8 TCM
PBMC10k_TAACTTCTCAAACTGC-1,4930,CD4 T,CD4 TCM
PBMC10k_TAAGCACAGATGAACT-1,4931,CD8 T,CD8 Naive
PBMC10k_TAAGCACAGGTGCCTC-1,4934,Mono,CD14 Mono
PBMC10k_TAAGCACCAGACCAGA-1,4935,NK,NK
PBMC10k_TAAGCACCAGTCGAGA-1,4936,other T,MAIT
PBMC10k_TAAGCACCATTAAGCC-1,4937,CD4 T,Treg
PBMC10k_TAAGCACGTCTTGTCC-1,4939,CD8 T,CD8 TEM
PBMC10k_TAAGCACGTTTGGCTA-1,4940,CD4 T,CD4 TEM
PBMC10k_TAAGCCATCAGTGGGA-1,4942,B,B intermediate
PBMC10k_TAAGCGTAGTCCCGGT-1,4944,other T,MAIT
PBMC10k_TAAGCGTAGTTGGACG-1,4945,CD4 T,Treg
PBMC10k_TAAGCGTCAGTCTGGC-1,4946,NK,NK
PBMC10k_TAAGCGTGTAGGCAGT-1,4949,other,Eryth
PBMC10k_TAAGTCGCAGTTGTCA-1,4954,CD4 T,Treg
PBMC10k_TAAGTCGCATTCATCT-1,4955,DC,cDC2
PBMC10k_TAAGTCGTCCGGGACT-1,4956,other T,MAIT
PBMC10k_TAAGTCGTCGGCTGAC-1,4957,B,B naive
PBMC10k_TAATCTCAGCATCTTG-1,4958,other,ILC
PBMC10k_TAATCTCCAGATACTC-1,4961,CD8 T,CD8 TEM
PBMC10k_TAATCTCTCATACAGC-1,4963,B,B naive
PBMC10k_TAATCTCTCATCTCTA-1,4964,B,B naive
PBMC10k_TAATTCCAGCATCAGG-1,4967,CD4 T,CD4 CTL
PBMC10k_TAATTCCGTAGGTTTC-1,4969,Mono,CD16 Mono
PBMC10k_TAATTCCTCCCAAGCG-1,4971,NK,NK
PBMC10k_TAATTCCTCGCAACAT-1,4972,NK,NK
PBMC10k_TACAACGAGACGACGT-1,4973,Mono,CD14 Mono
PBMC10k_TACAACGTCATCTATC-1,4978,other,Eryth
PBMC10k_TACAACGTCCGGACTG-1,4979,CD4 T,CD4 TCM
PBMC10k_TACAACGTCGATTTCT-1,4980,Mono,CD14 Mono
PBMC10k_TACAACGTCGGCAGTC-1,4981,Mono,CD14 Mono
PBMC10k_TACAGGTAGGGAACAA-1,4986,Mono,CD14 Mono
PBMC10k_TACAGGTCACCTGCAG-1,4988,NK,NK
PBMC10k_TACATTCAGAGCCGAT-1,4992,CD8 T,CD8 Naive
PBMC10k_TACATTCAGCGCTGCT-1,4993,NK,NK
PBMC10k_TACATTCCACTAACCA-1,4995,CD4 T,Treg
PBMC10k_TACATTCGTGGACTAG-1,4996,NK,NK
PBMC10k_TACATTCTCACCATCC-1,4997,CD4 T,CD4 TEM
PBMC10k_TACATTCTCTAGGCAT-1,4999,Mono,CD14 Mono
PBMC10k_TACCCACAGATCGGTG-1,5000,NK,NK
PBMC10k_TACCCACTCGACATTG-1,5002,Mono,CD14 Mono
PBMC10k_TACCCGTAGTGCACCC-1,5004,CD4 T,CD4 TEM
PBMC10k_TACCCGTAGTGCTCAT-1,5005,Mono,CD14 Mono
PBMC10k_TACCCGTCAAACCATC-1,5006,CD4 T,CD4 Naive
PBMC10k_TACCCGTCACGCGGTT-1,5007,CD4 T,CD4 Naive
PBMC10k_TACCCGTCAGAAGCGT-1,5008,Mono,CD14 Mono
PBMC10k_TACCCGTCAGTTCTAG-1,5009,CD4 T,Treg
PBMC10k_TACCCGTTCCCGTGTT-1,5012,NK,NK
PBMC10k_TACCCGTTCGGAACTT-1,5014,NK,NK
PBMC10k_TACCCGTTCTGGTGGC-1,5018,CD4 T,CD4 Naive
PBMC10k_TACCGAACACAGCCTG-1,5019,CD8 T,CD8 TEM
PBMC10k_TACCGAATCAGTGCGC-1,5022,Mono,CD14 Mono
PBMC10k_TACCGGGAGCGATGCA-1,5026,Mono,CD14 Mono
PBMC10k_TACCGGGAGGTAAGAG-1,5027,CD4 T,CD4 Naive
PBMC10k_TACCGGGTCTTACTGT-1,5028,CD4 T,CD4 TEM
PBMC10k_TACCTCGAGTTAGAAC-1,5030,CD4 T,CD4 TEM
PBMC10k_TACCTCGCAACTGCTA-1,5031,other T,MAIT
PBMC10k_TACCTCGGTCAGTCCG-1,5032,CD4 T,CD4 TEM
PBMC10k_TACCTCGTCGCTCTCA-1,5033,Mono,CD14 Mono
PBMC10k_TACCTGCAGCTAAACA-1,5034,Mono,CD14 Mono
PBMC10k_TACCTGCAGCTTTGTG-1,5035,other T,MAIT
PBMC10k_TACCTGCAGTCACGCC-1,5036,other T,MAIT
PBMC10k_TACCTGCGTTGATGTC-1,5038,other T,MAIT
PBMC10k_TACCTGCGTTGCTAGT-1,5039,CD8 T,CD8 TEM
PBMC10k_TACCTGCTCCCAGGCA-1,5040,NK,NK
PBMC10k_TACCTGCTCCCTCAAC-1,5041,CD4 T,CD4 Naive
PBMC10k_TACGCTCAGCTGACCC-1,5043,CD4 T,Treg
PBMC10k_TACGCTCTCATCGCAA-1,5044,Mono,CD16 Mono
PBMC10k_TACGGGCCAGAACTTC-1,5048,Mono,CD14 Mono
PBMC10k_TACGGGCCATTGCCTC-1,5049,Mono,CD14 Mono
PBMC10k_TACGGGCGTTGTATGC-1,5051,NK,NK
PBMC10k_TACGGGCGTTTGGAAA-1,5052,B,B naive
PBMC10k_TACGGGCTCTGCCTCA-1,5053,CD4 T,CD4 TCM
PBMC10k_TACGGTAGTCTTTCAT-1,5054,NK,NK
PBMC10k_TACGGTAGTTGCCGCA-1,5055,CD8 T,CD8 TCM
PBMC10k_TACGTCCAGCCTCACG-1,5056,CD4 T,CD4 TCM
PBMC10k_TACGTCCGTCCGATCG-1,5059,CD4 T,CD4 Naive
PBMC10k_TACGTCCTCACCTCAC-1,5061,other T,MAIT
PBMC10k_TACGTCCTCCGCGGAT-1,5062,Mono,CD14 Mono
PBMC10k_TACGTCCTCTATCACT-1,5063,CD4 T,Treg
PBMC10k_TACGTCCTCTGGGATT-1,5064,other,ILC
PBMC10k_TACTGCCAGATTCGCT-1,5065,NK,NK
PBMC10k_TACTGCCAGGAACGAA-1,5066,CD4 T,CD4 Naive
PBMC10k_TACTGCCAGTACAGCG-1,5067,CD4 T,Treg
PBMC10k_TACTGCCCATGACGAG-1,5069,Mono,CD14 Mono
PBMC10k_TACTGCCGTGATTCAC-1,5070,CD8 T,CD8 TCM
PBMC10k_TACTGCCGTTCTTAGG-1,5071,CD4 T,Treg
PBMC10k_TACTTACGTTGGCCTG-1,5075,other T,MAIT
PBMC10k_TACTTACTCAGTCCGG-1,5076,CD4 T,CD4 Naive
PBMC10k_TACTTCAAGGATACGC-1,5079,Mono,CD14 Mono
PBMC10k_TACTTCAGTCATAACC-1,5081,CD8 T,CD8 Naive
PBMC10k_TACTTCATCACTGTCC-1,5082,DC,pDC
PBMC10k_TACTTCATCGAGAGCA-1,5083,CD8 T,CD8 TCM
PBMC10k_TACTTCATCTTTCGAT-1,5084,other T,MAIT
PBMC10k_TACTTGTCAAGAGTGC-1,5086,CD4 T,CD4 TCM
PBMC10k_TAGACCAAGAAGGATG-1,5091,B,B memory
PBMC10k_TAGACCAAGCGCCGTT-1,5094,CD4 T,CD4 TCM
PBMC10k_TAGACCACATCGTGGC-1,5095,NK,NK
PBMC10k_TAGACCAGTCGAGCAA-1,5098,CD4 T,Treg
PBMC10k_TAGACCAGTTGTAGCT-1,5100,other T,dnT
PBMC10k_TAGACCATCCGAGAAG-1,5101,CD8 T,CD8 TEM
PBMC10k_TAGACTGAGAGGTTTA-1,5102,CD4 T,CD4 TCM
PBMC10k_TAGACTGAGGAGAGTA-1,5103,CD4 T,CD4 TCM
PBMC10k_TAGACTGCACGGTGCT-1,5106,Mono,CD14 Mono
PBMC10k_TAGACTGTCATTCGGA-1,5108,other T,MAIT
PBMC10k_TAGACTGTCTTTCGAT-1,5110,other T,gdT
PBMC10k_TAGAGTCAGCGTTGTT-1,5111,CD8 T,CD8 Naive
PBMC10k_TAGAGTCGTATACCTG-1,5115,Mono,CD14 Mono
PBMC10k_TAGAGTCGTGTATCCA-1,5116,Mono,CD14 Mono
PBMC10k_TAGATCGAGTAAGGGA-1,5117,CD4 T,CD4 TCM
PBMC10k_TAGATCGCACAGTCCG-1,5118,other T,MAIT
PBMC10k_TAGATCGCATAGAAAC-1,5119,DC,cDC2
PBMC10k_TAGATCGGTCGATTTG-1,5120,CD4 T,Treg
PBMC10k_TAGATCGGTTGGCCGT-1,5122,CD4 T,CD4 TEM
PBMC10k_TAGATCGTCGGACTGC-1,5125,other T,MAIT
PBMC10k_TAGCACACACCTCGTT-1,5128,other T,dnT
PBMC10k_TAGCACAGTAAGCTCT-1,5129,CD8 T,CD8 TCM
PBMC10k_TAGGAGGGTTGTCCCT-1,5134,CD4 T,CD4 Naive
PBMC10k_TAGGTACAGGAAGTCC-1,5135,Mono,CD14 Mono
PBMC10k_TAGGTACCAGAACATA-1,5140,NK,NK
PBMC10k_TAGGTACGTCAGGTAG-1,5141,CD4 T,CD4 Naive
PBMC10k_TAGGTACGTTACCCAA-1,5143,CD8 T,CD8 TEM
PBMC10k_TAGGTACTCCGACAGC-1,5144,B,B memory
PBMC10k_TAGGTACTCGAAGTGG-1,5146,CD4 T,CD4 Naive
PBMC10k_TAGGTACTCTTTCGAT-1,5147,CD4 T,CD4 TCM
PBMC10k_TAGGTTGAGCTCGCAC-1,5149,Mono,CD14 Mono
PBMC10k_TAGTGCAGTATGAGCG-1,5156,NK,NK
PBMC10k_TAGTGCAGTCACAGTT-1,5157,DC,cDC2
PBMC10k_TAGTGCAGTCCATAGT-1,5158,CD4 T,CD4 Naive
PBMC10k_TATACCTAGCCATTGT-1,5159,CD4 T,CD4 TCM
PBMC10k_TATACCTAGGCCCAAA-1,5160,CD4 T,CD4 TCM
PBMC10k_TATACCTAGTCTTCCC-1,5161,CD4 T,Treg
PBMC10k_TATACCTCATTCAGGT-1,5163,Mono,CD14 Mono
PBMC10k_TATACCTGTACATACC-1,5164,Mono,CD14 Mono
PBMC10k_TATACCTTCGCTTTAT-1,5166,CD4 T,CD4 TCM
PBMC10k_TATACCTTCTATCCAT-1,5167,CD4 T,CD4 TEM
PBMC10k_TATATCCAGGATTTCC-1,5168,B,B naive
PBMC10k_TATATCCGTAGACGTG-1,5170,B,B intermediate
PBMC10k_TATATCCGTTCTTAGG-1,5171,CD4 T,CD4 Naive
PBMC10k_TATATCCTCAGATTGC-1,5172,B,B naive
PBMC10k_TATATCCTCCCTATTA-1,5173,DC,cDC2
PBMC10k_TATATCCTCTAACACG-1,5174,Mono,CD14 Mono
PBMC10k_TATCAGGAGTCGAGGT-1,5176,Mono,CD14 Mono
PBMC10k_TATCAGGAGTGCTCAT-1,5177,B,B intermediate
PBMC10k_TATCAGGCATCCAATG-1,5178,Mono,CD14 Mono
PBMC10k_TATCAGGTCGTAGCCG-1,5181,CD4 T,Treg
PBMC10k_TATCAGGTCTTGGCTC-1,5182,B,B naive
PBMC10k_TATCCTACACAGCGCT-1,5185,Mono,CD14 Mono
PBMC10k_TATCCTACACATACTG-1,5186,DC,cDC2
PBMC10k_TATCGCCAGAATAGTC-1,5190,other T,dnT
PBMC10k_TATCGCCAGTAGCAAT-1,5192,Mono,CD14 Mono
PBMC10k_TATCGCCGTACACGTT-1,5195,other T,dnT
PBMC10k_TATCGCCGTACTGGGA-1,5196,CD4 T,CD4 TCM
PBMC10k_TATCGCCTCTACGCGG-1,5197,NK,NK
PBMC10k_TATCTGTAGTCGAAAT-1,5198,other,Eryth
PBMC10k_TATCTGTAGTTCTCTT-1,5199,CD8 T,CD8 Naive
PBMC10k_TATCTGTGTAATACCC-1,5200,Mono,CD14 Mono
PBMC10k_TATCTGTTCACGTCCT-1,5203,CD8 T,CD8 TCM
PBMC10k_TATCTGTTCTCGCGTT-1,5204,CD8 T,CD8 TEM
PBMC10k_TATCTGTTCTGTTCAT-1,5205,Mono,CD14 Mono
PBMC10k_TATCTTGAGCCATGCC-1,5206,NK,NK
PBMC10k_TATCTTGAGGTTGCCC-1,5207,Mono,CD14 Mono
PBMC10k_TATCTTGGTGGACCAA-1,5209,CD8 T,CD8 Naive
PBMC10k_TATCTTGTCCATAGGT-1,5210,NK,NK
PBMC10k_TATGTTCAGCGCGTTC-1,5212,CD8 T,CD8 Naive
PBMC10k_TATGTTCAGTGCGTCC-1,5213,CD8 T,CD8 Naive
PBMC10k_TATGTTCCAGATGCGA-1,5214,CD4 T,CD4 TEM
PBMC10k_TATGTTCCATAGTCGT-1,5215,other,ILC
PBMC10k_TATTCCAAGCGCTGAA-1,5216,Mono,CD14 Mono
PBMC10k_TATTCCAAGCTCGTGC-1,5217,Mono,CD14 Mono
PBMC10k_TATTCCACAATCGCCG-1,5220,Mono,CD14 Mono
PBMC10k_TATTCCAGTATGTCCA-1,5222,NK,NK
PBMC10k_TATTCCATCATCTATC-1,5225,other T,MAIT
PBMC10k_TATTGCTAGCAATTCC-1,5228,NK,NK
PBMC10k_TATTGCTAGTGTTGAA-1,5229,CD4 T,CD4 TCM
PBMC10k_TATTGCTCACAGTCAT-1,5231,Mono,CD14 Mono
PBMC10k_TATTGCTCAGACCATT-1,5232,other T,MAIT
PBMC10k_TATTGCTTCATTGGTG-1,5234,B,B memory
PBMC10k_TATTGCTTCTTCCCAG-1,5235,B,B intermediate
PBMC10k_TATTGGGAGATCCGAG-1,5236,NK,NK
PBMC10k_TATTGGGAGCGACTTT-1,5237,other T,gdT
PBMC10k_TATTGGGAGTACTGGG-1,5238,B,B naive
PBMC10k_TATTGGGCAGTTTCAG-1,5242,CD4 T,Treg
PBMC10k_TATTGGGCATTGGCAT-1,5243,other,Eryth
PBMC10k_TATTGGGGTAGCCCTG-1,5244,Mono,CD14 Mono
PBMC10k_TATTGGGGTCTTGAAC-1,5245,B,B naive
PBMC10k_TATTGGGGTTGGCTAT-1,5246,CD8 T,CD8 TCM
PBMC10k_TATTGGGGTTTACTTC-1,5247,NK,NK
PBMC10k_TATTTCGAGACTCATC-1,5248,NK,NK
PBMC10k_TATTTCGGTGGTCTAT-1,5249,CD8 T,CD8 Naive
PBMC10k_TATTTCGGTTCGAGCC-1,5251,Mono,CD14 Mono
PBMC10k_TATTTCGTCACTGGGC-1,5252,other,Platelet
PBMC10k_TATTTCGTCAGATGCT-1,5253,CD4 T,CD4 TCM
PBMC10k_TATTTCGTCTCAGGCG-1,5255,CD4 T,CD4 Naive
PBMC10k_TCAAGACAGATGACCG-1,5257,CD4 T,CD4 TEM
PBMC10k_TCAAGACCATGTGTCA-1,5258,CD8 T,CD8 Naive
PBMC10k_TCAAGACGTTATTCCT-1,5259,CD4 T,CD4 Naive
PBMC10k_TCAAGACTCATCACAG-1,5260,DC,cDC2
PBMC10k_TCAAGACTCCCTCTCC-1,5261,NK,NK
PBMC10k_TCAAGCATCCGTAGTA-1,5263,B,B naive
PBMC10k_TCAAGCATCGCTCTAC-1,5264,DC,cDC2
PBMC10k_TCAAGTGAGCCGCACT-1,5265,NK,NK
PBMC10k_TCAAGTGAGGCTATCT-1,5267,NK,NK
PBMC10k_TCAAGTGAGTAATCCC-1,5268,Mono,CD14 Mono
PBMC10k_TCAAGTGAGTCTGGTT-1,5269,Mono,CD14 Mono
PBMC10k_TCAAGTGCAAAGGCTG-1,5270,Mono,CD14 Mono
PBMC10k_TCAAGTGCAAGGAGTC-1,5271,other,ILC
PBMC10k_TCAAGTGGTGCGGCTT-1,5275,CD4 T,CD4 TCM
PBMC10k_TCAATTCCAAGCGAAC-1,5281,NK,NK
PBMC10k_TCAATTCCATACTGAC-1,5284,CD4 T,CD4 Naive
PBMC10k_TCAATTCGTCCTGAAT-1,5285,CD4 T,Treg
PBMC10k_TCAATTCTCGACGACC-1,5286,DC,cDC2
PBMC10k_TCAATTCTCTTTGCTA-1,5288,Mono,CD14 Mono
PBMC10k_TCACAAGAGGAGCAAA-1,5289,CD4 T,CD4 TCM
PBMC10k_TCACAAGCAGCCTTCT-1,5291,CD4 T,CD4 TEM
PBMC10k_TCACAAGGTAAGGCTG-1,5292,NK,NK
PBMC10k_TCACAAGGTCTAGATC-1,5293,DC,cDC2
PBMC10k_TCACAAGGTTCAAGTC-1,5294,other T,MAIT
PBMC10k_TCACACCCAGTGTGCC-1,5298,CD4 T,CD4 Naive
PBMC10k_TCACACCGTACCGTCG-1,5300,CD4 T,CD4 TCM
PBMC10k_TCACACCGTACTTGTG-1,5301,CD4 T,CD4 TCM
PBMC10k_TCACACCGTTAGTTCG-1,5303,CD4 T,Treg
PBMC10k_TCACATTCAGTAGTTC-1,5304,CD4 T,CD4 Naive
PBMC10k_TCACGCTGTCGCCTAG-1,5309,CD4 T,CD4 TCM
PBMC10k_TCACGCTGTCTGTTAG-1,5310,other,Eryth
PBMC10k_TCACGCTGTGAATTAG-1,5311,CD4 T,CD4 Naive
PBMC10k_TCACGCTGTGGGTATG-1,5312,NK,NK
PBMC10k_TCACGCTGTTCGTACA-1,5313,other T,MAIT
PBMC10k_TCACGCTTCCTGTACC-1,5315,Mono,CD14 Mono
PBMC10k_TCACGCTTCTCGCTCA-1,5316,B,B naive
PBMC10k_TCACGGGAGACAACAT-1,5317,CD8 T,CD8 Naive
PBMC10k_TCACGGGTCAATCAGC-1,5320,NK,NK_CD56bright
PBMC10k_TCACTATTCAGCGTCG-1,5326,NK,NK Proliferating
PBMC10k_TCACTATTCGCTTACC-1,5328,CD8 T,CD8 Naive
PBMC10k_TCACTCGAGGTAGTAT-1,5329,B,B naive
PBMC10k_TCACTCGCAACTGCCG-1,5330,Mono,CD14 Mono
PBMC10k_TCACTCGCAATGAAAC-1,5331,other,Eryth
PBMC10k_TCACTCGTCTGAGATC-1,5333,NK,NK
PBMC10k_TCAGCAAAGATAACGT-1,5335,CD4 T,CD4 Naive
PBMC10k_TCAGCAAAGGTTCTTG-1,5337,CD4 T,CD4 Naive
PBMC10k_TCAGCAAAGTAACAGT-1,5338,NK,NK
PBMC10k_TCAGCAACACTACAGT-1,5339,other T,MAIT
PBMC10k_TCAGCAAGTTGTAGCT-1,5340,B,B naive
PBMC10k_TCAGCAATCATCGACA-1,5341,Mono,CD14 Mono
PBMC10k_TCAGCCTCAGTTGCGC-1,5344,CD4 T,Treg
PBMC10k_TCAGCCTGTAACACCT-1,5345,Mono,CD16 Mono
PBMC10k_TCAGCCTGTCCTCCAT-1,5346,NK,NK_CD56bright
PBMC10k_TCAGCCTGTGGCGTAA-1,5347,CD8 T,CD8 TEM
PBMC10k_TCAGGGCGTCAAAGCG-1,5351,Mono,CD14 Mono
PBMC10k_TCAGGTAAGATGGCAC-1,5356,B,B naive
PBMC10k_TCAGGTAAGCAATAGT-1,5358,CD4 T,CD4 TEM
PBMC10k_TCAGGTACAAGTGGTG-1,5361,NK,NK
PBMC10k_TCAGGTACAGAGGACT-1,5363,other T,MAIT
PBMC10k_TCAGGTATCCGCTGTT-1,5364,CD8 T,CD8 Naive
PBMC10k_TCAGGTATCTCTCGCA-1,5365,B,B naive
PBMC10k_TCAGTCCAGAAATGGG-1,5366,CD4 T,CD4 TCM
PBMC10k_TCAGTCCAGGCCTAAG-1,5367,CD4 T,CD4 Naive
PBMC10k_TCAGTCCTCCATACTT-1,5370,Mono,CD14 Mono
PBMC10k_TCAGTGAAGCTGGAGT-1,5371,other T,MAIT
PBMC10k_TCAGTGAAGCTGTTAC-1,5372,CD4 T,CD4 TCM
PBMC10k_TCAGTGAAGGATTTCC-1,5373,CD8 T,CD8 TCM
PBMC10k_TCAGTGACACTTCATT-1,5374,CD4 T,CD4 Naive
PBMC10k_TCAGTGAGTTTGGCTA-1,5377,CD4 T,CD4 TCM
PBMC10k_TCAGTTTCAAGTATAG-1,5379,Mono,CD14 Mono
PBMC10k_TCAGTTTCACTGGACC-1,5381,B,B naive
PBMC10k_TCAGTTTCATCCGCGA-1,5382,DC,cDC2
PBMC10k_TCAGTTTGTCAGGTGA-1,5383,CD4 T,CD4 TCM
PBMC10k_TCAGTTTTCAGAGTTC-1,5384,CD4 T,CD4 Naive
PBMC10k_TCAGTTTTCGGCACTG-1,5385,NK,NK
PBMC10k_TCATACTCACCATAAC-1,5388,NK,NK
PBMC10k_TCATACTCATCGCCTT-1,5389,other T,dnT
PBMC10k_TCATACTTCACCTTAT-1,5391,B,B memory
PBMC10k_TCATACTTCCGATGCG-1,5392,NK,NK
PBMC10k_TCATATCAGTTGAAAC-1,5395,Mono,CD14 Mono
PBMC10k_TCATATCCACCTTCGT-1,5396,CD8 T,CD8 Naive
PBMC10k_TCATATCCAGGAGACT-1,5398,other T,dnT
PBMC10k_TCATATCGTTGTGTTG-1,5399,other T,MAIT
PBMC10k_TCATCATAGCGATGAC-1,5401,other,Eryth
PBMC10k_TCATCATAGGAAGTCC-1,5402,Mono,CD16 Mono
PBMC10k_TCATCATCAATCCTAG-1,5404,CD4 T,CD4 TEM
PBMC10k_TCATCATCAGACAATA-1,5405,DC,cDC2
PBMC10k_TCATCATGTAAGGCCA-1,5407,CD4 T,Treg
PBMC10k_TCATCATTCGTTGTTT-1,5408,CD8 T,CD8 Naive
PBMC10k_TCATCATTCTCCATAT-1,5409,CD8 T,CD8 TEM
PBMC10k_TCATCCGCAGGGCTTC-1,5411,NK,NK
PBMC10k_TCATCCGCAGTATACC-1,5412,CD8 T,CD8 Naive
PBMC10k_TCATCCGGTCTCACAA-1,5413,NK,NK
PBMC10k_TCATGAGAGATGTTAG-1,5414,Mono,CD14 Mono
PBMC10k_TCATGAGAGCCGTCGT-1,5415,NK,NK Proliferating
PBMC10k_TCATGAGAGCTAGATA-1,5416,Mono,CD14 Mono
PBMC10k_TCATGAGCAACTGCCG-1,5417,Mono,CD14 Mono
PBMC10k_TCATGAGCACATGGTT-1,5418,Mono,CD14 Mono
PBMC10k_TCATGAGGTAAGATTG-1,5420,NK,NK
PBMC10k_TCATGAGGTTTCACAG-1,5421,B,B intermediate
PBMC10k_TCATGCCAGGGTTTCT-1,5424,CD4 T,CD4 Naive
PBMC10k_TCATGCCAGGTGAGCT-1,5425,NK,NK
PBMC10k_TCATGCCCAAGAGATT-1,5426,other T,gdT
PBMC10k_TCATGCCCACCACATA-1,5427,Mono,CD14 Mono
PBMC10k_TCATGCCGTGAGTAGC-1,5429,NK,NK
PBMC10k_TCATGCCGTTAGAGAT-1,5430,CD4 T,CD4 TCM
PBMC10k_TCATGCCGTTCCGCAG-1,5431,CD4 T,CD4 TCM
PBMC10k_TCATGCCTCGCGGTAC-1,5434,other,ILC
PBMC10k_TCATGCCTCTACTATC-1,5435,Mono,CD14 Mono
PBMC10k_TCATGGAAGCAATAGT-1,5436,other T,MAIT
PBMC10k_TCATGGACATCTCATT-1,5437,NK,NK
PBMC10k_TCATGGAGTCCTGTCT-1,5438,NK,NK Proliferating
PBMC10k_TCATGGATCCGATGTA-1,5439,Mono,CD14 Mono
PBMC10k_TCATGTTAGAGTCCGA-1,5441,CD4 T,CD4 TEM
PBMC10k_TCATGTTCAGACAATA-1,5442,CD4 T,CD4 TCM
PBMC10k_TCATTACCATTCACAG-1,5446,CD4 T,CD4 Naive
PBMC10k_TCATTACTCGCAATTG-1,5447,CD4 T,CD4 Naive
PBMC10k_TCATTACTCGTCTCAC-1,5448,Mono,CD14 Mono
PBMC10k_TCATTTGAGCACCGTC-1,5452,CD8 T,CD8 Naive
PBMC10k_TCCACCACAGAACGCA-1,5456,CD4 T,CD4 TCM
PBMC10k_TCCACCACAGCCGGTT-1,5457,B,Plasmablast
PBMC10k_TCCACCAGTGGGTCAA-1,5459,Mono,CD14 Mono
PBMC10k_TCCACCAGTGTAACGG-1,5460,Mono,CD14 Mono
PBMC10k_TCCACCATCATCCTAT-1,5461,Mono,CD14 Mono
PBMC10k_TCCACCATCCTTGGAA-1,5462,CD4 T,CD4 Naive
PBMC10k_TCCACGTAGCTAGAAT-1,5463,NK,NK
PBMC10k_TCCACGTAGTATGAAC-1,5464,other,Eryth
PBMC10k_TCCACGTGTCCGGCAT-1,5465,CD4 T,Treg
PBMC10k_TCCACGTGTGGCTGAA-1,5466,other T,MAIT
PBMC10k_TCCACGTGTTTAGACC-1,5469,CD4 T,CD4 Naive
PBMC10k_TCCACGTTCATGAGAA-1,5470,NK,NK
PBMC10k_TCCACGTTCGACTCCT-1,5472,NK,NK
PBMC10k_TCCAGAAAGAAGGGAT-1,5474,CD8 T,CD8 Naive
PBMC10k_TCCAGAACAAGATGTA-1,5476,NK,NK
PBMC10k_TCCAGAACAATACGAA-1,5477,B,B naive
PBMC10k_TCCAGAACACATATGC-1,5478,other,Eryth
PBMC10k_TCCAGAAGTGACTCGC-1,5480,CD4 T,CD4 TCM
PBMC10k_TCCAGAAGTGTCTCCT-1,5481,CD4 T,CD4 TCM
PBMC10k_TCCAGAATCGTCAACA-1,5482,CD8 T,CD8 TCM
PBMC10k_TCCATCGAGAAGTCAT-1,5484,CD8 T,CD8 Naive
PBMC10k_TCCATCGCATAAGCGG-1,5488,B,B naive
PBMC10k_TCCATCGGTCTTGGTA-1,5489,CD8 T,CD8 Naive
PBMC10k_TCCATCGTCAATCAGC-1,5491,Mono,CD14 Mono
PBMC10k_TCCATGCAGATTTGCC-1,5492,other T,MAIT
PBMC10k_TCCATGCAGGAACTCG-1,5493,Mono,CD14 Mono
PBMC10k_TCCATGCCAGGCTATT-1,5494,NK,NK
PBMC10k_TCCATGCGTCTGTCAA-1,5495,CD4 T,CD4 Naive
PBMC10k_TCCATGCGTTCGTTCC-1,5496,CD8 T,CD8 TEM
PBMC10k_TCCATGCTCAGTAGGG-1,5499,other T,MAIT
PBMC10k_TCCCACAAGCTGGAGT-1,5501,NK,NK
PBMC10k_TCCCACAAGGACAGCT-1,5502,CD4 T,CD4 Naive
PBMC10k_TCCCACACAAGCTACT-1,5503,other T,dnT
PBMC10k_TCCCACACAGCTCTGG-1,5504,Mono,CD14 Mono
PBMC10k_TCCCACATCAGGGTAG-1,5506,CD4 T,CD4 Naive
PBMC10k_TCCCAGTCACTTCCTG-1,5508,Mono,CD16 Mono
PBMC10k_TCCCAGTGTAGGCAAC-1,5509,Mono,CD16 Mono
PBMC10k_TCCCAGTGTCGTACTA-1,5511,CD4 T,CD4 Naive
PBMC10k_TCCCAGTGTGTCCCTT-1,5512,NK,NK
PBMC10k_TCCCATGGTCCTGGGT-1,5514,Mono,CD14 Mono
PBMC10k_TCCCATGGTGAAGCGT-1,5515,CD8 T,CD8 TEM
PBMC10k_TCCCATGGTGCTCTCT-1,5516,other T,MAIT
PBMC10k_TCCCATGGTGTCTTCC-1,5517,Mono,CD14 Mono
PBMC10k_TCCCATGTCCTACCAC-1,5519,Mono,CD14 Mono
PBMC10k_TCCGAAAAGTATGAAC-1,5521,CD4 T,CD4 Naive
PBMC10k_TCCGAAAAGTGTTCAC-1,5522,Mono,CD14 Mono
PBMC10k_TCCGAAAGTACATTGC-1,5523,NK,NK
PBMC10k_TCCGAAATCTGCTTAT-1,5527,CD8 T,CD8 Naive
PBMC10k_TCCGATCCATTGACTG-1,5529,B,B naive
PBMC10k_TCCGATCTCGAACCTA-1,5531,CD4 T,CD4 TEM
PBMC10k_TCCGATCTCGCAGATT-1,5532,B,B naive
PBMC10k_TCCGGGAAGCTACTGT-1,5533,CD4 T,CD4 TCM
PBMC10k_TCCGGGAAGGATTACA-1,5534,CD4 T,Treg
PBMC10k_TCCGTGTCAATTCACG-1,5539,Mono,CD14 Mono
PBMC10k_TCCGTGTGTAACATCC-1,5540,DC,cDC2
PBMC10k_TCCGTGTGTGTCCATA-1,5542,CD4 T,Treg
PBMC10k_TCCTAATAGGCACCAA-1,5545,B,B intermediate
PBMC10k_TCCTAATAGTCATACC-1,5546,CD4 T,CD4 Naive
PBMC10k_TCCTAATCAGCATTGT-1,5547,CD4 T,CD4 TCM
PBMC10k_TCCTAATCATACAGAA-1,5549,CD4 T,CD4 TCM
PBMC10k_TCCTAATGTCTTGTCC-1,5550,CD8 T,CD8 Naive
PBMC10k_TCCTCCCAGTCCCTAA-1,5553,CD8 T,CD8 TEM
PBMC10k_TCCTCCCCACACCTAA-1,5555,other,Eryth
PBMC10k_TCCTCCCCAGAACCGA-1,5557,other,Eryth
PBMC10k_TCCTCCCCAGCAGAAC-1,5558,CD4 T,Treg
PBMC10k_TCCTCCCCATAAGATG-1,5559,Mono,CD14 Mono
PBMC10k_TCCTCGAAGACTACGG-1,5560,Mono,CD14 Mono
PBMC10k_TCCTCGAAGAGAGTTT-1,5561,CD8 T,CD8 Naive
PBMC10k_TCCTCGAAGTTAACGA-1,5562,CD4 T,CD4 Naive
PBMC10k_TCCTCGACAAGAAACT-1,5563,B,B naive
PBMC10k_TCCTCGAGTCAATGGG-1,5566,DC,cDC2
PBMC10k_TCCTCGATCGAGCCTG-1,5568,Mono,CD14 Mono
PBMC10k_TCCTCGATCTAAGAAG-1,5569,B,B naive
PBMC10k_TCCTCTTAGTCATGAA-1,5572,CD4 T,CD4 TEM
PBMC10k_TCCTCTTCAATAACGA-1,5573,CD4 T,CD4 TCM
PBMC10k_TCCTCTTCACGACAAG-1,5574,CD4 T,CD4 TEM
PBMC10k_TCCTCTTGTAGTCCTA-1,5576,CD8 T,CD8 TCM
PBMC10k_TCCTCTTTCTATCGTT-1,5579,CD4 T,CD4 TEM
PBMC10k_TCCTGCAAGGCATGGT-1,5581,Mono,CD14 Mono
PBMC10k_TCCTGCAAGTGGTCAG-1,5582,CD4 T,Treg
PBMC10k_TCCTGCACACTACTTT-1,5583,B,B memory
PBMC10k_TCCTGCAGTATCGTAC-1,5584,other T,MAIT
PBMC10k_TCCTGCAGTTTGGGAG-1,5586,CD4 T,Treg
PBMC10k_TCCTGCATCCGCAGTG-1,5587,CD4 T,CD4 Naive
PBMC10k_TCCTTCTCAGTTAGGG-1,5588,DC,cDC2
PBMC10k_TCCTTCTGTACGCGTC-1,5589,NK,NK
PBMC10k_TCCTTCTGTGGTACAG-1,5590,DC,pDC
PBMC10k_TCCTTCTTCAATCTTC-1,5591,CD8 T,CD8 TCM
PBMC10k_TCCTTCTTCGCTAGCG-1,5592,B,B intermediate
PBMC10k_TCCTTTCGTATGGGAC-1,5593,Mono,CD14 Mono
PBMC10k_TCGAACACACCCAATA-1,5597,CD4 T,CD4 Naive
PBMC10k_TCGAACATCGATTGGT-1,5599,CD4 T,CD4 Naive
PBMC10k_TCGAAGTAGGGTTTCT-1,5601,Mono,CD14 Mono
PBMC10k_TCGAAGTAGTGGTCAG-1,5602,other T,MAIT
PBMC10k_TCGAAGTCATATGCGT-1,5603,CD8 T,CD8 TEM
PBMC10k_TCGAAGTGTAATCAGA-1,5604,CD4 T,Treg
PBMC10k_TCGAAGTGTCCAGCCA-1,5605,other T,MAIT
PBMC10k_TCGAAGTTCGTCCTCA-1,5606,CD4 T,CD4 TEM
PBMC10k_TCGACCTCACACCAGC-1,5610,CD8 T,CD8 TCM
PBMC10k_TCGACCTCAGGACAGT-1,5611,CD4 T,CD4 TCM
PBMC10k_TCGACCTCAGGCATGA-1,5612,other T,MAIT
PBMC10k_TCGACCTCAGTGACCC-1,5613,CD8 T,CD8 TEM
PBMC10k_TCGACCTGTCTTGAAC-1,5614,other T,MAIT
PBMC10k_TCGACCTGTGCTCTCT-1,5615,NK,NK
PBMC10k_TCGACCTGTGTGTCCG-1,5616,CD8 T,CD8 Naive
PBMC10k_TCGACCTTCCATCAGA-1,5617,NK,NK
PBMC10k_TCGACGGCACACGTGC-1,5619,CD4 T,CD4 TEM
PBMC10k_TCGACGGGTCCTCCAT-1,5620,NK,NK
PBMC10k_TCGACGGGTGAGACGT-1,5621,CD4 T,CD4 TEM
PBMC10k_TCGACGGGTGTGAATA-1,5622,CD8 T,CD8 Naive
PBMC10k_TCGACGGTCGCTCATC-1,5624,Mono,CD14 Mono
PBMC10k_TCGATTTAGCAGGGAG-1,5626,DC,cDC2
PBMC10k_TCGATTTAGTGCCGAA-1,5628,Mono,CD14 Mono
PBMC10k_TCGATTTCAAGAATGT-1,5629,CD4 T,Treg
PBMC10k_TCGATTTCACTTCTCG-1,5630,Mono,CD14 Mono
PBMC10k_TCGATTTGTAATGTGA-1,5631,CD4 T,CD4 Naive
PBMC10k_TCGATTTGTGGCCCAT-1,5632,Mono,CD14 Mono
PBMC10k_TCGATTTGTTCCACAA-1,5633,NK,NK
PBMC10k_TCGATTTTCAAGTGTC-1,5634,CD4 T,CD4 TEM
PBMC10k_TCGCACTAGTCAAGCG-1,5636,NK,NK
PBMC10k_TCGCACTTCATCCTAT-1,5640,B,B naive
PBMC10k_TCGCACTTCGCGCTGA-1,5641,CD4 T,Treg
PBMC10k_TCGCACTTCGGACCAC-1,5642,NK,NK
PBMC10k_TCGCAGGAGTCTAGCT-1,5643,CD4 T,CD4 Naive
PBMC10k_TCGCAGGCAGAGACTG-1,5646,CD8 T,CD8 TCM
PBMC10k_TCGCAGGGTCATGCAT-1,5648,Mono,CD16 Mono
PBMC10k_TCGCAGGTCCTCCACA-1,5651,other T,MAIT
PBMC10k_TCGCAGGTCGACACCG-1,5652,Mono,CD14 Mono
PBMC10k_TCGCAGGTCGTGAGAG-1,5653,other T,dnT
PBMC10k_TCGCAGGTCTTACACT-1,5654,Mono,CD14 Mono
PBMC10k_TCGCTCACAAGCGCTC-1,5657,B,B naive
PBMC10k_TCGCTCACACCAGCCA-1,5658,other T,MAIT
PBMC10k_TCGCTCACAGTCAGCC-1,5659,CD4 T,CD4 Naive
PBMC10k_TCGCTCACATGTGTCA-1,5660,CD4 T,CD4 Naive
PBMC10k_TCGCTCAGTCAGCGTC-1,5661,Mono,CD14 Mono
PBMC10k_TCGCTCAGTTCACGAT-1,5662,CD4 T,Treg
PBMC10k_TCGCTTGAGTACAACA-1,5664,CD4 T,CD4 TCM
PBMC10k_TCGCTTGCAGTGACCC-1,5665,CD4 T,CD4 TCM
PBMC10k_TCGCTTGCATAGATCC-1,5666,Mono,CD14 Mono
PBMC10k_TCGCTTGCATCGCCTT-1,5667,CD4 T,CD4 TEM
PBMC10k_TCGCTTGTCTCGCAGG-1,5671,Mono,CD14 Mono
PBMC10k_TCGGATAAGCAGCACA-1,5672,B,B naive
PBMC10k_TCGGATAAGCTTTCCC-1,5673,CD4 T,CD4 TCM
PBMC10k_TCGGATAAGTATAGGT-1,5674,Mono,CD14 Mono
PBMC10k_TCGGATACACCTGATA-1,5675,other T,MAIT
PBMC10k_TCGGATACAGTAGTGG-1,5676,CD4 T,CD4 Naive
PBMC10k_TCGGATAGTTTATGCG-1,5677,B,B naive
PBMC10k_TCGGGACAGGCATCGA-1,5679,Mono,CD14 Mono
PBMC10k_TCGGGACAGTTGGCGA-1,5681,CD4 T,CD4 Naive
PBMC10k_TCGGGACCACGGTGTC-1,5682,B,B naive
PBMC10k_TCGGGACCAGCTTCCT-1,5683,NK,NK
PBMC10k_TCGGGACGTACCACGC-1,5684,CD4 T,CD4 TEM
PBMC10k_TCGGGACGTACTAACC-1,5685,CD8 T,CD8 Naive
PBMC10k_TCGGGACGTCATTCCC-1,5686,other,Eryth
PBMC10k_TCGGGACGTCTGCGCA-1,5687,CD8 T,CD8 TEM
PBMC10k_TCGGGACTCTCGAGTA-1,5688,CD8 T,CD8 Naive
PBMC10k_TCGGGCACAAGTGTCT-1,5689,other,Eryth
PBMC10k_TCGGGCACACCGCTAG-1,5690,Mono,CD14 Mono
PBMC10k_TCGGGCAGTCACAATC-1,5694,CD4 T,Treg
PBMC10k_TCGGGCAGTTTAGTCG-1,5696,CD4 T,CD4 Naive
PBMC10k_TCGGGCATCTAGTACG-1,5699,Mono,CD14 Mono
PBMC10k_TCGGGCATCTTCGTAT-1,5701,CD4 T,Treg
PBMC10k_TCGGGTGAGGTAGACC-1,5702,other T,MAIT
PBMC10k_TCGGGTGCACCTGAAT-1,5703,CD4 T,CD4 TCM
PBMC10k_TCGGGTGGTACCGGCT-1,5704,other T,dnT
PBMC10k_TCGGGTGGTCTGATAC-1,5705,Mono,CD14 Mono
PBMC10k_TCGGGTGTCATGCGGC-1,5706,other T,MAIT
PBMC10k_TCGGGTGTCGACCACG-1,5707,other T,MAIT
PBMC10k_TCGGTCTAGAGCCTGA-1,5708,CD4 T,CD4 Naive
PBMC10k_TCGGTCTAGAGTTCGG-1,5709,Mono,CD14 Mono
PBMC10k_TCGGTCTAGCCAACCC-1,5710,Mono,CD14 Mono
PBMC10k_TCGGTCTGTGCCTTCT-1,5714,CD4 T,CD4 CTL
PBMC10k_TCGGTCTGTGGTGATG-1,5715,DC,cDC2
PBMC10k_TCGGTCTGTGTCCGTG-1,5716,NK,NK
PBMC10k_TCGGTCTTCAAGAGTA-1,5717,CD4 T,CD4 Naive
PBMC10k_TCGGTCTTCGCGTTTC-1,5718,Mono,CD14 Mono
PBMC10k_TCGTAGAAGTACGTCT-1,5719,CD8 T,CD8 Naive
PBMC10k_TCGTAGAAGTAGCATA-1,5720,CD4 T,Treg
PBMC10k_TCGTAGACACATAGCT-1,5722,other T,gdT
PBMC10k_TCGTAGAGTACGGGAT-1,5723,CD4 T,CD4 Naive
PBMC10k_TCGTAGATCACGAACT-1,5727,CD4 T,CD4 Naive
PBMC10k_TCGTCCAAGGGAGGGT-1,5729,other T,MAIT
PBMC10k_TCGTCCAAGTTCCTGA-1,5730,B,B naive
PBMC10k_TCGTCCACAATGGCAG-1,5731,CD4 T,CD4 Naive
PBMC10k_TCGTCCAGTCTCCTGT-1,5733,Mono,CD14 Mono
PBMC10k_TCGTCCATCGGCATCG-1,5735,NK,NK
PBMC10k_TCGTGCTAGCGTCTCG-1,5737,other T,MAIT
PBMC10k_TCGTGCTCACGCTGCA-1,5738,CD4 T,Treg
PBMC10k_TCGTGCTGTAGTCGGA-1,5739,CD8 T,CD8 Naive
PBMC10k_TCGTGCTGTCAGGTAG-1,5740,CD4 T,Treg
PBMC10k_TCGTGCTTCATCACAG-1,5741,CD4 T,CD4 Naive
PBMC10k_TCGTGGGAGCCATTGT-1,5744,other T,dnT
PBMC10k_TCGTGGGAGCTGGCCT-1,5745,CD8 T,CD8 TEM
PBMC10k_TCGTGGGGTGAGGCAT-1,5750,other T,dnT
PBMC10k_TCTAACTCACTGCGAC-1,5756,CD4 T,CD4 Naive
PBMC10k_TCTAACTCAGAATCGG-1,5757,other,Eryth
PBMC10k_TCTAACTTCGTAGAGG-1,5760,other,Eryth
PBMC10k_TCTACATAGTACAGAT-1,5762,CD8 T,CD8 Naive
PBMC10k_TCTACCGAGGGTAATT-1,5767,CD8 T,CD8 Naive
PBMC10k_TCTACCGAGTGATAGT-1,5768,other T,MAIT
PBMC10k_TCTATACAGTCGAATA-1,5776,CD8 T,CD8 TEM
PBMC10k_TCTATACGTCATCCGG-1,5779,NK,NK
PBMC10k_TCTATACTCATGCGGC-1,5781,NK,NK
PBMC10k_TCTATCAAGCACTAAA-1,5782,NK,NK
PBMC10k_TCTATCATCACAAGGG-1,5784,other T,gdT
PBMC10k_TCTCACGAGTTGTACC-1,5787,other,Eryth
PBMC10k_TCTCACGCATATGAAG-1,5788,NK,NK
PBMC10k_TCTCACGTCTATCCAT-1,5791,other,Eryth
PBMC10k_TCTCAGCAGCTGGTGA-1,5793,Mono,CD14 Mono
PBMC10k_TCTCAGCCAAGCCTGC-1,5794,other T,MAIT
PBMC10k_TCTCAGCCATCCGAAT-1,5797,CD4 T,CD4 TCM
PBMC10k_TCTCAGCGTCGATTCA-1,5799,CD4 T,Treg
PBMC10k_TCTCAGCGTTGCGTAT-1,5802,CD4 T,CD4 TCM
PBMC10k_TCTCAGCTCCCATTTA-1,5803,other T,MAIT
PBMC10k_TCTCCGAGTACCGTCG-1,5808,Mono,CD14 Mono
PBMC10k_TCTCCGAGTCGGATTT-1,5809,Mono,CD14 Mono
PBMC10k_TCTCCGAGTGGCACTC-1,5810,Mono,CD14 Mono
PBMC10k_TCTCCGAGTTGCGGAA-1,5811,NK,NK
PBMC10k_TCTCCGAGTTGTACGT-1,5812,B,B naive
PBMC10k_TCTCCGATCATTGTTC-1,5813,NK,NK
PBMC10k_TCTCTGGAGGTTATAG-1,5815,NK,NK
PBMC10k_TCTCTGGCACCTCTGT-1,5817,other,Eryth
PBMC10k_TCTCTGGCATCAGCAT-1,5818,Mono,CD14 Mono
PBMC10k_TCTGCCAAGCGAGTAC-1,5823,Mono,CD14 Mono
PBMC10k_TCTGCCAGTAACAGTA-1,5824,NK,NK
PBMC10k_TCTGGCTAGTATGATG-1,5827,CD4 T,Treg
PBMC10k_TCTGGCTCACATCATG-1,5828,other,Eryth
PBMC10k_TCTGGCTTCAAATGCC-1,5830,DC,cDC2
PBMC10k_TCTGTCGAGAGCGACT-1,5831,Mono,CD14 Mono
PBMC10k_TCTGTCGAGCCGATTT-1,5832,NK,NK
PBMC10k_TCTGTCGAGTGGATAT-1,5833,other T,MAIT
PBMC10k_TCTGTCGCATACCGTA-1,5834,CD4 T,CD4 CTL
PBMC10k_TCTGTCGTCCGCTGTT-1,5836,CD4 T,CD4 TEM
PBMC10k_TCTGTCGTCCTACCGT-1,5837,CD4 T,CD4 Naive
PBMC10k_TCTGTCGTCTACCAGA-1,5838,Mono,CD14 Mono
PBMC10k_TCTTAGTAGTCCCAGC-1,5840,NK,NK Proliferating
PBMC10k_TCTTAGTTCACCCTTG-1,5842,CD8 T,CD8 TCM
PBMC10k_TCTTCCTAGATGACAT-1,5844,NK,NK
PBMC10k_TCTTCCTCAGTAGAGC-1,5846,NK,NK Proliferating
PBMC10k_TCTTCCTGTCAATGGG-1,5847,other,Eryth
PBMC10k_TCTTCCTGTCGTACTA-1,5848,CD4 T,Treg
PBMC10k_TCTTCCTGTGGGCTTC-1,5849,other,Eryth
PBMC10k_TCTTCCTTCATGAAAG-1,5850,B,B intermediate
PBMC10k_TCTTGCGAGACATATG-1,5853,CD8 T,CD8 TEM
PBMC10k_TCTTGCGCACTCCACT-1,5855,Mono,CD14 Mono
PBMC10k_TCTTGCGGTCTGTGAT-1,5858,CD4 T,CD4 TCM
PBMC10k_TCTTGCGGTGTCCTAA-1,5859,Mono,CD14 Mono
PBMC10k_TCTTGCGGTTCGTAAC-1,5860,CD8 T,CD8 Naive
PBMC10k_TCTTGCGGTTGCAACT-1,5861,other,ILC
PBMC10k_TCTTGCGTCTGTAAGC-1,5862,NK,NK
PBMC10k_TCTTTGAAGCGATGGT-1,5863,CD4 T,CD4 TCM
PBMC10k_TCTTTGACAGGGACTA-1,5866,Mono,CD14 Mono
PBMC10k_TCTTTGACATGGGAAC-1,5868,CD4 T,Treg
PBMC10k_TCTTTGAGTCGCTGCA-1,5870,other T,MAIT
PBMC10k_TGAACGTAGGTAGATT-1,5873,NK,NK
PBMC10k_TGAACGTCACGGTGAA-1,5874,CD4 T,CD4 Naive
PBMC10k_TGAACGTGTGACTCTA-1,5875,B,B memory
PBMC10k_TGAACGTTCTTCGACC-1,5876,Mono,CD16 Mono
PBMC10k_TGAATCGTCATCTCTA-1,5879,DC,pDC
PBMC10k_TGAATCGTCCTAGCCT-1,5880,other T,dnT
PBMC10k_TGAATCGTCTTGCGCT-1,5881,Mono,CD14 Mono
PBMC10k_TGAATGCAGGCGTTGA-1,5882,other T,gdT
PBMC10k_TGAATGCGTCACAGTT-1,5884,NK,NK
PBMC10k_TGAATGCGTCGAATTC-1,5885,NK,NK
PBMC10k_TGACAGTCAAGCAATA-1,5887,B,B intermediate
PBMC10k_TGACAGTCATCCGAGC-1,5888,NK,NK
PBMC10k_TGACAGTGTCACCGCA-1,5889,CD8 T,CD8 Naive
PBMC10k_TGACAGTTCACTTGGA-1,5890,CD4 T,CD4 Naive
PBMC10k_TGACCCTCACAAATCC-1,5895,other T,dnT
PBMC10k_TGACGCGAGGTGGTTG-1,5899,other T,MAIT
PBMC10k_TGACGCGCACAGTGTT-1,5901,CD8 T,CD8 TCM
PBMC10k_TGACGCGGTTCGGTTA-1,5903,CD8 T,CD8 Naive
PBMC10k_TGACGCGTCTATTGTC-1,5905,B,B memory
PBMC10k_TGACTCCCATGAAGGC-1,5907,Mono,CD14 Mono
PBMC10k_TGACTCCGTAACTAAG-1,5908,Mono,CD16 Mono
PBMC10k_TGACTCCGTTCACGAT-1,5909,Mono,CD14 Mono
PBMC10k_TGACTCCTCATTCGGA-1,5911,CD4 T,CD4 TCM
PBMC10k_TGAGACTAGCTAGCCC-1,5912,B,B memory
PBMC10k_TGAGACTCAACAGCCC-1,5914,CD8 T,CD8 Proliferating
PBMC10k_TGAGACTCAATGGCCC-1,5915,other,Eryth
PBMC10k_TGAGACTCAGCAGATG-1,5917,other,ILC
PBMC10k_TGAGACTCAGCTTTGA-1,5918,Mono,CD14 Mono
PBMC10k_TGAGACTGTCCAGAAG-1,5919,Mono,CD14 Mono
PBMC10k_TGAGACTGTCTAACTG-1,5920,Mono,CD14 Mono
PBMC10k_TGAGACTGTGAACTAA-1,5921,other T,dnT
PBMC10k_TGAGACTGTGTCTTCC-1,5923,other T,MAIT
PBMC10k_TGAGACTTCCATTGTT-1,5925,CD4 T,CD4 Naive
PBMC10k_TGAGACTTCGGCGATC-1,5926,CD4 T,CD4 Naive
PBMC10k_TGAGACTTCGGTTCAA-1,5927,B,B intermediate
PBMC10k_TGAGACTTCTGGTGCG-1,5929,CD4 T,CD4 TEM
PBMC10k_TGAGACTTCTTGTTAC-1,5931,Mono,CD14 Mono
PBMC10k_TGAGCATGTAGCTTGT-1,5935,CD8 T,CD8 TEM
PBMC10k_TGAGCATGTGTGTTTG-1,5936,CD4 T,CD4 Naive
PBMC10k_TGAGCATTCTACCTTA-1,5937,Mono,CD14 Mono
PBMC10k_TGAGCATTCTCGACGG-1,5938,Mono,CD14 Mono
PBMC10k_TGAGCGCTCGACCTAA-1,5941,Mono,CD14 Mono
PBMC10k_TGAGGAGAGTCTTGGT-1,5944,NK,NK
PBMC10k_TGAGGAGCAACCGTAT-1,5945,CD4 T,CD4 Naive
PBMC10k_TGAGGAGCAATAACGA-1,5946,Mono,CD14 Mono
PBMC10k_TGAGGAGGTAGCACAG-1,5948,Mono,CD14 Mono
PBMC10k_TGAGGAGGTATGACAA-1,5949,CD4 T,CD4 Naive
PBMC10k_TGAGGGAAGTTGAAGT-1,5951,CD4 T,CD4 TEM
PBMC10k_TGAGGGACACACCAGC-1,5953,Mono,CD14 Mono
PBMC10k_TGAGGGACACGATAGG-1,5954,CD4 T,CD4 Naive
PBMC10k_TGAGGGACAGTCAGCC-1,5955,CD8 T,CD8 TEM
PBMC10k_TGAGGGAGTCGATTCA-1,5957,CD4 T,Treg
PBMC10k_TGAGGGATCCACCTGT-1,5958,CD4 T,CD4 TEM
PBMC10k_TGAGGGATCCTCTCGA-1,5959,CD8 T,CD8 TCM
PBMC10k_TGAGGTTAGACGATAT-1,5960,Mono,CD16 Mono
PBMC10k_TGAGGTTCACCATTCC-1,5961,DC,cDC2
PBMC10k_TGAGGTTTCACTGTTT-1,5963,NK,NK_CD56bright
PBMC10k_TGAGGTTTCTCGCCTA-1,5964,CD4 T,CD4 Naive
PBMC10k_TGAGGTTTCTTCCTAA-1,5965,NK,NK
PBMC10k_TGAGTCACACCGCTGA-1,5967,CD4 T,CD4 TCM
PBMC10k_TGAGTCATCGGTTGTA-1,5970,Mono,CD14 Mono
PBMC10k_TGAGTCATCTGTACAG-1,5971,B,B memory
PBMC10k_TGATCAGAGTCCTACA-1,5973,Mono,CD14 Mono
PBMC10k_TGATCAGCAATCAAGA-1,5975,NK,NK
PBMC10k_TGATCAGCACTGTTCC-1,5976,Mono,CD14 Mono
PBMC10k_TGATCAGGTACAGAGC-1,5977,Mono,CD14 Mono
PBMC10k_TGATCTTAGTCAAGCG-1,5981,B,B memory
PBMC10k_TGATCTTAGTCTAGCT-1,5982,B,B naive
PBMC10k_TGATCTTAGTTTCTTC-1,5983,NK,NK
PBMC10k_TGATCTTCACCAAAGG-1,5984,CD4 T,CD4 Naive
PBMC10k_TGATCTTGTCCCGTGA-1,5985,other T,MAIT
PBMC10k_TGATCTTGTGCGTGCT-1,5987,CD4 T,Treg
PBMC10k_TGATGCAAGGTCCCTG-1,5990,Mono,CD14 Mono
PBMC10k_TGATGCAGTATGCAAA-1,5992,CD4 T,Treg
PBMC10k_TGATGCAGTCCAAATC-1,5993,DC,cDC2
PBMC10k_TGATGCATCTACGCGG-1,5994,Mono,CD14 Mono
PBMC10k_TGATGGTAGCTGAAAT-1,5997,DC,cDC2
PBMC10k_TGATGGTAGGAGCAAA-1,5998,CD4 T,CD4 TCM
PBMC10k_TGATGGTAGTAGTCCT-1,5999,B,Plasmablast
PBMC10k_TGATGGTCACAGAGAC-1,6000,CD4 T,CD4 Naive
PBMC10k_TGATGGTCACCCTCTA-1,6001,NK,NK
PBMC10k_TGATGGTCATCGGTTA-1,6002,Mono,CD14 Mono
PBMC10k_TGATGGTGTATGTCCA-1,6004,CD4 T,Treg
PBMC10k_TGATGGTGTCACAATC-1,6005,CD4 T,CD4 TCM
PBMC10k_TGATGGTTCAGAACCT-1,6007,NK,NK
PBMC10k_TGATGGTTCGTTCTAT-1,6009,other T,MAIT
PBMC10k_TGATTCTAGATCCTAC-1,6010,Mono,CD14 Mono
PBMC10k_TGATTCTGTCCAACGC-1,6011,CD8 T,CD8 TEM
PBMC10k_TGATTCTGTCCTGTTC-1,6012,CD4 T,CD4 TEM
PBMC10k_TGATTCTGTTGCCTAA-1,6013,CD8 T,CD8 TEM
PBMC10k_TGATTCTTCGAGTGGA-1,6015,CD4 T,CD4 Naive
PBMC10k_TGATTTCAGCACACCC-1,6017,CD4 T,CD4 TCM
PBMC10k_TGATTTCAGTGCACCC-1,6019,CD4 T,CD4 Naive
PBMC10k_TGATTTCCAAACTCTG-1,6020,CD4 T,CD4 TCM
PBMC10k_TGATTTCTCCGTATGA-1,6022,other T,dnT
PBMC10k_TGCACGGAGCTTAGTC-1,6024,CD4 T,CD4 TCM
PBMC10k_TGCACGGCAAATGGAT-1,6026,other T,gdT
PBMC10k_TGCACGGCAACTGAAA-1,6027,CD4 T,CD4 TCM
PBMC10k_TGCACGGGTCGGTGAA-1,6030,CD4 T,Treg
PBMC10k_TGCACGGGTCTCGCGA-1,6031,Mono,CD14 Mono
PBMC10k_TGCACGGTCTCCCTAG-1,6033,Mono,CD14 Mono
PBMC10k_TGCAGATAGAGCATTA-1,6035,Mono,CD14 Mono
PBMC10k_TGCAGATTCAGACCGC-1,6041,CD4 T,CD4 Naive
PBMC10k_TGCAGGCAGATAACAC-1,6042,NK,NK
PBMC10k_TGCAGGCAGATGACCG-1,6043,B,B naive
PBMC10k_TGCAGGCAGCGAATGC-1,6044,NK,NK
PBMC10k_TGCAGGCAGGTGATCG-1,6046,CD8 T,CD8 TEM
PBMC10k_TGCAGGCTCCGCTAGG-1,6049,CD8 T,CD8 TCM
PBMC10k_TGCAGGCTCTCCACTG-1,6050,CD4 T,CD4 TCM
PBMC10k_TGCAGTAAGATAGTGT-1,6051,CD4 T,CD4 TEM
PBMC10k_TGCAGTAAGGTAGGCT-1,6052,CD4 T,Treg
PBMC10k_TGCAGTAGTTTGTTGG-1,6056,CD4 T,CD4 TEM
PBMC10k_TGCATCCAGGAGTATT-1,6058,CD4 T,CD4 TEM
PBMC10k_TGCATCCAGGCAGGTT-1,6059,NK,NK
PBMC10k_TGCATCCCAACGCCCA-1,6060,Mono,CD16 Mono
PBMC10k_TGCATCCCAGCTCCTT-1,6062,CD4 T,CD4 Naive
PBMC10k_TGCATCCGTCTCAAGT-1,6063,CD8 T,CD8 Naive
PBMC10k_TGCATCCTCGCATGAT-1,6064,Mono,CD14 Mono
PBMC10k_TGCATGAGTGTCATCA-1,6065,CD4 T,CD4 Naive
PBMC10k_TGCATGATCGGATACT-1,6067,CD8 T,CD8 TEM
PBMC10k_TGCATGATCTTCGCTG-1,6068,CD4 T,CD4 Naive
PBMC10k_TGCCGAGAGCGGGTTA-1,6069,other T,MAIT
PBMC10k_TGCCGAGAGGAGGGTG-1,6070,CD4 T,CD4 Naive
PBMC10k_TGCCGAGCAACTTCTT-1,6072,CD8 T,CD8 TEM
PBMC10k_TGCCGAGTCCAGCACG-1,6073,other T,MAIT
PBMC10k_TGCCGAGTCTTGAACG-1,6075,B,B naive
PBMC10k_TGCGACGCAAGGAGTC-1,6077,CD4 T,CD4 TCM
PBMC10k_TGCGACGCATCCTAAG-1,6079,NK,NK Proliferating
PBMC10k_TGCGACGTCCCGTTGT-1,6081,Mono,CD14 Mono
PBMC10k_TGCGACGTCTCTATGT-1,6082,CD8 T,CD8 TEM
PBMC10k_TGCGATAAGGGCTAAC-1,6085,CD4 T,CD4 TEM
PBMC10k_TGCGATACACTGTCCT-1,6086,NK,NK
PBMC10k_TGCGATAGTTAAGACA-1,6087,B,B naive
PBMC10k_TGCGATATCGTAGAGG-1,6090,CD4 T,CD4 Naive
PBMC10k_TGCGGCAGTCAAAGAT-1,6091,CD4 T,CD4 Naive
PBMC10k_TGCGGCATCCGGACTG-1,6093,Mono,CD14 Mono
PBMC10k_TGCGGCATCTAAGAAG-1,6094,Mono,CD14 Mono
PBMC10k_TGCGGGTAGAGGCGTT-1,6096,CD4 T,CD4 TEM
PBMC10k_TGCGGGTAGCGGATCA-1,6097,Mono,CD14 Mono
PBMC10k_TGCGGGTAGGACAGCT-1,6098,CD4 T,CD4 TCM
PBMC10k_TGCGGGTAGTGGATTA-1,6099,CD4 T,CD4 TEM
PBMC10k_TGCGGGTAGTGTTGAA-1,6100,CD8 T,CD8 TEM
PBMC10k_TGCGGGTCAACCTATG-1,6101,CD4 T,Treg
PBMC10k_TGCGGGTCAAGAGCTG-1,6102,Mono,CD14 Mono
PBMC10k_TGCTCCAAGGCACGAT-1,6104,DC,ASDC
PBMC10k_TGCTCCACAAGCCATT-1,6105,Mono,CD14 Mono
PBMC10k_TGCTCCACAAGCTACT-1,6106,other,Eryth
PBMC10k_TGCTCCACAGTTAAAG-1,6109,CD4 T,CD4 TEM
PBMC10k_TGCTCCACATGAATAG-1,6110,other T,MAIT
PBMC10k_TGCTCCAGTCGCCTAG-1,6111,CD4 T,CD4 TCM
PBMC10k_TGCTCCAGTGCAGGAT-1,6112,CD4 T,CD4 Naive
PBMC10k_TGCTCCAGTTTCCAAG-1,6113,DC,pDC
PBMC10k_TGCTCCATCAACTGGT-1,6114,CD4 T,CD4 TCM
PBMC10k_TGCTCCATCACGATAC-1,6115,CD4 T,CD4 Naive
PBMC10k_TGCTCGTAGGAATGTT-1,6117,CD4 T,CD4 Naive
PBMC10k_TGCTCGTCACCATAAC-1,6118,CD4 T,CD4 Naive
PBMC10k_TGCTGAAAGAGATTCA-1,6121,B,B naive
PBMC10k_TGCTGAAAGGTGCATG-1,6122,CD4 T,CD4 TEM
PBMC10k_TGCTTCGAGGCTTAAA-1,6127,Mono,CD14 Mono
PBMC10k_TGCTTCGCACTCCGAG-1,6128,CD4 T,CD4 Naive
PBMC10k_TGCTTCGGTCCTTTGC-1,6130,CD8 T,CD8 TEM
PBMC10k_TGCTTCGGTTCTCCCA-1,6133,CD8 T,CD8 Naive
PBMC10k_TGCTTCGTCGAGAAAT-1,6134,CD4 T,CD4 Proliferating
PBMC10k_TGCTTGCCAGTAACCT-1,6135,CD4 T,Treg
PBMC10k_TGCTTGCGTGTCTTAG-1,6136,NK,NK
PBMC10k_TGCTTGCTCCAACCGG-1,6139,CD8 T,CD8 TEM
PBMC10k_TGCTTGCTCTGAGGTT-1,6140,other,Eryth
PBMC10k_TGGAACTCAGTTACCA-1,6144,CD4 T,CD4 TEM
PBMC10k_TGGAACTGTAACTGCT-1,6145,Mono,CD14 Mono
PBMC10k_TGGAACTGTACAACGG-1,6146,Mono,CD14 Mono
PBMC10k_TGGAACTGTAGACGGT-1,6147,CD4 T,CD4 TCM
PBMC10k_TGGAACTTCTCTTCAA-1,6150,Mono,CD14 Mono
PBMC10k_TGGAGAGGTTCGGCTG-1,6154,NK,NK
PBMC10k_TGGAGAGTCGTTTACT-1,6156,CD8 T,CD8 TCM
PBMC10k_TGGAGGAAGGCAGGGA-1,6157,NK,NK
PBMC10k_TGGAGGACACAAATAG-1,6158,Mono,CD14 Mono
PBMC10k_TGGAGGATCCACGTGG-1,6161,B,B memory
PBMC10k_TGGAGGATCTAGCATG-1,6165,Mono,CD14 Mono
PBMC10k_TGGATCACACGGTAGA-1,6167,CD4 T,CD4 TEM
PBMC10k_TGGATCAGTCCAAAGG-1,6168,CD4 T,CD4 Naive
PBMC10k_TGGATCATCTCTTGCG-1,6169,CD4 T,CD4 Naive
PBMC10k_TGGATGTCAAGGGCAT-1,6172,other T,dnT
PBMC10k_TGGATGTGTATGCTAC-1,6174,Mono,CD14 Mono
PBMC10k_TGGATGTGTGGATTTC-1,6176,CD4 T,CD4 Naive
PBMC10k_TGGATGTTCACTAGCA-1,6178,Mono,CD14 Mono
PBMC10k_TGGCGTGAGACTGAGC-1,6179,other,Eryth
PBMC10k_TGGCGTGAGCGCCTAC-1,6180,CD4 T,CD4 TCM
PBMC10k_TGGCGTGCAAGGGTCA-1,6181,NK,NK
PBMC10k_TGGCGTGGTAACATCC-1,6183,Mono,CD14 Mono
PBMC10k_TGGCGTGGTCCACTCT-1,6184,CD4 T,CD4 TCM
PBMC10k_TGGCGTGGTTTAGTCG-1,6185,DC,cDC2
PBMC10k_TGGGAAGAGTTCCGGC-1,6188,B,B naive
PBMC10k_TGGGAAGCACCAATTG-1,6190,CD4 T,CD4 Naive
PBMC10k_TGGGAAGTCGACCTAA-1,6191,Mono,CD16 Mono
PBMC10k_TGGGAGACAGGGAGAG-1,6193,NK,NK
PBMC10k_TGGGAGAGTTCCCACT-1,6194,other T,MAIT
PBMC10k_TGGGAGAGTTCGGGTC-1,6195,CD4 T,CD4 TCM
PBMC10k_TGGGAGAGTTGTGGAG-1,6196,other,Eryth
PBMC10k_TGGGAGATCTCCCATG-1,6198,other T,MAIT
PBMC10k_TGGGAGATCTGCCCTA-1,6199,CD4 T,CD4 Naive
PBMC10k_TGGGAGATCTTCTGGC-1,6200,CD4 T,Treg
PBMC10k_TGGGATTCAACGGTAG-1,6202,CD4 T,CD4 TCM
PBMC10k_TGGGATTCACACACGC-1,6204,CD4 T,CD4 TCM
PBMC10k_TGGGATTCATGGAAGC-1,6206,NK,NK Proliferating
PBMC10k_TGGGATTGTACGATCT-1,6207,CD4 T,CD4 TEM
PBMC10k_TGGGATTGTCGTCAGC-1,6208,CD8 T,CD8 TCM
PBMC10k_TGGGATTGTGCCTGCA-1,6209,CD4 T,Treg
PBMC10k_TGGGATTTCCGATCTC-1,6210,other,Eryth
PBMC10k_TGGGATTTCCTCACGT-1,6211,NK,NK
PBMC10k_TGGGCGTAGAGCAGAA-1,6213,CD4 T,CD4 CTL
PBMC10k_TGGGCGTAGGTCCCTG-1,6214,NK,NK
PBMC10k_TGGGCGTCAATTGAAG-1,6215,CD4 T,CD4 TEM
PBMC10k_TGGGCGTTCGTGTTCC-1,6218,Mono,CD14 Mono
PBMC10k_TGGGCTGAGAGGTATT-1,6219,Mono,CD16 Mono
PBMC10k_TGGGCTGAGGGCAACT-1,6220,other T,dnT
PBMC10k_TGGGCTGCAGACATCT-1,6221,CD8 T,CD8 Naive
PBMC10k_TGGGCTGGTAGCGTTT-1,6223,Mono,CD14 Mono
PBMC10k_TGGGCTGTCGCTTGCT-1,6224,B,B memory
PBMC10k_TGGGTTAGTCGTTCAA-1,6227,CD4 T,CD4 Naive
PBMC10k_TGGGTTAGTGTATTGC-1,6228,CD4 T,CD4 Naive
PBMC10k_TGGTACAAGCGACATG-1,6230,CD8 T,CD8 Naive
PBMC10k_TGGTACAAGGCGTTGA-1,6231,Mono,CD14 Mono
PBMC10k_TGGTACACACTAGTAC-1,6232,Mono,CD16 Mono
PBMC10k_TGGTACATCCCTGGTT-1,6234,CD4 T,CD4 Naive
PBMC10k_TGGTAGTAGACTGGGT-1,6235,NK,NK
PBMC10k_TGGTAGTAGGATTTAG-1,6236,CD4 T,CD4 TCM
PBMC10k_TGGTAGTAGTTACGAA-1,6237,Mono,CD14 Mono
PBMC10k_TGGTAGTGTAGCTTTG-1,6240,CD4 T,CD4 TCM
PBMC10k_TGGTAGTGTATGCAAA-1,6241,CD4 T,CD4 Naive
PBMC10k_TGGTGATAGACAGCGT-1,6245,Mono,CD14 Mono
PBMC10k_TGGTGATCAAGACCTT-1,6251,B,B intermediate
PBMC10k_TGGTGATCATCGTTCC-1,6253,CD4 T,CD4 Naive
PBMC10k_TGGTGATCATTCACCC-1,6254,other T,MAIT
PBMC10k_TGGTGATTCTTTGCAT-1,6257,NK,NK
PBMC10k_TGGTTAGAGCATTTGC-1,6259,other,Eryth
PBMC10k_TGGTTAGAGGCCTTCG-1,6260,CD4 T,CD4 Naive
PBMC10k_TGGTTAGAGGTATTGA-1,6261,CD4 T,CD4 TCM
PBMC10k_TGGTTAGAGTGTAGAT-1,6262,NK,NK_CD56bright
PBMC10k_TGGTTAGCACCCGTAG-1,6263,NK,NK
PBMC10k_TGGTTAGGTGAGCGAT-1,6265,CD4 T,CD4 TCM
PBMC10k_TGGTTAGTCCTGTTGC-1,6268,CD4 T,CD4 TCM
PBMC10k_TGTAACGAGGGCCTCT-1,6271,CD4 T,CD4 TEM
PBMC10k_TGTAACGAGTTGCGAG-1,6273,other T,gdT
PBMC10k_TGTAACGGTTTGTGGT-1,6277,CD8 T,CD8 TEM
PBMC10k_TGTAACGTCGCAACAT-1,6278,Mono,CD14 Mono
PBMC10k_TGTAAGCGTCTCTCCA-1,6280,CD4 T,CD4 TEM
PBMC10k_TGTACAGCAATAGGAT-1,6282,NK,NK
PBMC10k_TGTACAGCACCGTCGA-1,6283,Mono,CD16 Mono
PBMC10k_TGTACAGGTTACACAC-1,6284,other T,MAIT
PBMC10k_TGTACAGTCCATTCAT-1,6285,CD4 T,CD4 Proliferating
PBMC10k_TGTACAGTCGACGCGT-1,6286,CD4 T,CD4 Naive
PBMC10k_TGTAGACAGATCCCGC-1,6289,B,B naive
PBMC10k_TGTAGACAGCTAGAAT-1,6290,NK,NK
PBMC10k_TGTAGACAGGTACAAT-1,6291,B,B naive
PBMC10k_TGTAGACCATATGAAG-1,6293,B,B naive
PBMC10k_TGTAGACTCCCTGTTG-1,6294,Mono,CD14 Mono
PBMC10k_TGTAGACTCTGCGAGC-1,6295,other T,gdT
PBMC10k_TGTCAGAAGCCTGGAA-1,6297,Mono,CD14 Mono
PBMC10k_TGTCAGAAGGAACGAA-1,6298,Mono,CD14 Mono
PBMC10k_TGTCAGACACACGTGC-1,6300,other,Eryth
PBMC10k_TGTCCACAGTCAGCCC-1,6301,NK,NK
PBMC10k_TGTCCACAGTTCCAGT-1,6302,NK,NK
PBMC10k_TGTCCACAGTTGAAGT-1,6303,Mono,CD14 Mono
PBMC10k_TGTCCACCAACGTATC-1,6304,NK,NK
PBMC10k_TGTCCACTCTTGGGCG-1,6307,B,B memory
PBMC10k_TGTCCCAAGTCCGCCA-1,6309,CD4 T,CD4 Naive
PBMC10k_TGTCCCATCCACAGGC-1,6310,DC,cDC2
PBMC10k_TGTCCCATCGGTAAGG-1,6312,CD8 T,CD8 TEM
PBMC10k_TGTCCTGCAATCAAGA-1,6314,CD4 T,CD4 TCM
PBMC10k_TGTCCTGCAGGAATCG-1,6316,CD4 T,Treg
PBMC10k_TGTCCTGCATATGGCT-1,6317,Mono,CD14 Mono
PBMC10k_TGTCCTGTCCGCCTAT-1,6319,other,ILC
PBMC10k_TGTGAGTAGTCATGAA-1,6320,NK,NK
PBMC10k_TGTGAGTAGTGGACTG-1,6321,NK,NK
PBMC10k_TGTGAGTTCCATCGTC-1,6326,CD8 T,CD8 Naive
PBMC10k_TGTGATGCAACTTGCA-1,6328,other T,MAIT
PBMC10k_TGTGATGCAAGTGTCT-1,6329,CD4 T,CD4 TCM
PBMC10k_TGTGATGCATAGGCGA-1,6330,CD4 T,CD4 Naive
PBMC10k_TGTGATGGTCTGTAAC-1,6332,CD4 T,CD4 TCM
PBMC10k_TGTGATGGTTCCGCAG-1,6333,CD4 T,CD4 TCM
PBMC10k_TGTGATGTCGCATGAT-1,6334,CD4 T,CD4 TCM
PBMC10k_TGTGCGGTCCGAAATC-1,6337,CD4 T,CD4 Naive
PBMC10k_TGTGGCGAGGGTATAT-1,6339,CD4 T,CD4 Naive
PBMC10k_TGTGTGATCGCTAGCG-1,6345,CD4 T,CD4 Naive
PBMC10k_TGTTACTAGCTGAGTG-1,6346,CD4 T,CD4 Naive
PBMC10k_TGTTACTCAAACCGGA-1,6347,CD4 T,CD4 TCM
PBMC10k_TGTTACTGTGAGGAAA-1,6350,NK,NK_CD56bright
PBMC10k_TGTTACTTCGAGTCTA-1,6352,other,Eryth
PBMC10k_TGTTCATAGAGGTCAC-1,6353,Mono,CD14 Mono
PBMC10k_TGTTCATAGATGGTAT-1,6354,CD4 T,CD4 Naive
PBMC10k_TGTTCATGTGTGTCCG-1,6355,CD8 T,CD8 Naive
PBMC10k_TGTTCATTCCATTCGC-1,6357,CD8 T,CD8 Naive
PBMC10k_TGTTCCGCACGATAGG-1,6358,B,B naive
PBMC10k_TGTTCCGCAGCAGAAC-1,6359,Mono,CD14 Mono
PBMC10k_TGTTCCGGTCTCACAA-1,6360,CD4 T,Treg
PBMC10k_TGTTCCGGTCTGCCTT-1,6361,NK,NK
PBMC10k_TGTTCCGGTTGGGTTT-1,6363,CD4 T,CD4 TCM
PBMC10k_TGTTCCGGTTTGACAC-1,6364,CD4 T,CD4 Naive
PBMC10k_TGTTCTAAGTCGTCTA-1,6366,Mono,CD14 Mono
PBMC10k_TGTTCTAAGTGTTGTC-1,6367,NK,NK
PBMC10k_TGTTCTATCTCAGGCG-1,6369,CD4 T,Treg
PBMC10k_TGTTGAGAGCACGTCC-1,6371,B,B naive
PBMC10k_TGTTGAGGTTGTCCCT-1,6377,CD4 T,CD4 Naive
PBMC10k_TGTTGGAGTATCCTCC-1,6381,CD8 T,CD8 TCM
PBMC10k_TGTTGGAGTCAAAGCG-1,6382,Mono,CD14 Mono
PBMC10k_TGTTGGATCTGACCCT-1,6385,CD8 T,CD8 TEM
PBMC10k_TGTTTGTAGGCGCTTC-1,6386,CD8 T,CD8 Naive
PBMC10k_TGTTTGTTCAACTGAC-1,6389,other T,dnT
PBMC10k_TGTTTGTTCGCTCTAC-1,6390,CD4 T,CD4 Naive
PBMC10k_TGTTTGTTCGTGTCAA-1,6391,CD4 T,CD4 Naive
PBMC10k_TTAATCCCAAGCGCTC-1,6392,CD4 T,CD4 TCM
PBMC10k_TTAATCCCACGTAACT-1,6393,Mono,CD14 Mono
PBMC10k_TTAATCCCAGAACTAA-1,6394,B,B naive
PBMC10k_TTAATCCGTAGGACCA-1,6395,CD4 T,CD4 Naive
PBMC10k_TTAATCCGTTGTCATG-1,6397,NK,NK
PBMC10k_TTAATCCGTTTGGGAG-1,6398,NK,NK Proliferating
PBMC10k_TTAATCCTCAACGTGT-1,6399,B,B memory
PBMC10k_TTACAGGAGGCAGCTA-1,6402,CD4 T,CD4 Naive
PBMC10k_TTACAGGGTTACCTGA-1,6405,Mono,CD14 Mono
PBMC10k_TTACAGGTCAACACGT-1,6406,B,B memory
PBMC10k_TTACAGGTCAAGAGGC-1,6407,CD4 T,CD4 Naive
PBMC10k_TTACAGGTCATTTGGG-1,6408,other T,dnT
PBMC10k_TTACAGGTCGCTGTCT-1,6411,B,B memory
PBMC10k_TTACCATAGACAGTCG-1,6413,CD4 T,CD4 TEM
PBMC10k_TTACCATAGAGCACTG-1,6414,CD4 T,CD4 Naive
PBMC10k_TTACCATGTAGGTTTC-1,6418,CD4 T,CD4 TCM
PBMC10k_TTACCATTCGGTCACG-1,6422,CD8 T,CD8 TEM
PBMC10k_TTACCATTCTACGGGC-1,6423,Mono,CD14 Mono
PBMC10k_TTACCGCAGTGTTCCA-1,6425,DC,cDC2
PBMC10k_TTACCGCCACCGGAAA-1,6427,Mono,CD14 Mono
PBMC10k_TTACCGCTCCATCGTC-1,6430,CD8 T,CD8 TEM
PBMC10k_TTACGCCTCAGTGTCA-1,6432,B,B memory
PBMC10k_TTACGCCTCCTCTGCA-1,6433,Mono,CD14 Mono
PBMC10k_TTACGCCTCTAGCCTC-1,6435,CD4 T,CD4 TCM
PBMC10k_TTACGCCTCTATCCAT-1,6436,other T,dnT
PBMC10k_TTACGCCTCTCTGGTC-1,6437,B,B intermediate
PBMC10k_TTACGTTAGGAACATT-1,6438,CD4 T,CD4 Naive
PBMC10k_TTACGTTAGTATCCTG-1,6439,NK,NK Proliferating
PBMC10k_TTACTGTAGGTTACAA-1,6440,other,Eryth
PBMC10k_TTACTGTCAAGTGGCA-1,6441,NK,NK Proliferating
PBMC10k_TTACTGTCACCCTATC-1,6442,other T,dnT
PBMC10k_TTACTGTCAGAGTTGG-1,6444,CD4 T,CD4 TEM
PBMC10k_TTACTGTCAGATTTCG-1,6445,NK,NK
PBMC10k_TTACTGTCAGTCGGAA-1,6446,CD8 T,CD8 Naive
PBMC10k_TTACTGTCATGACAGG-1,6447,other T,MAIT
PBMC10k_TTACTGTGTGAATAAC-1,6449,NK,NK
PBMC10k_TTAGGCAAGGAGATAG-1,6451,NK,NK
PBMC10k_TTAGGCACAGAAGCTG-1,6453,B,B intermediate
PBMC10k_TTAGGCATCGGATAAA-1,6457,CD4 T,Treg
PBMC10k_TTAGGCATCTCCATAT-1,6458,B,B intermediate
PBMC10k_TTAGGGTCACATTCTT-1,6459,NK,NK
PBMC10k_TTAGGGTCATGACGGA-1,6460,CD4 T,CD4 Naive
PBMC10k_TTAGGGTGTACCTAAC-1,6461,Mono,CD14 Mono
PBMC10k_TTAGGGTGTGGTCTCG-1,6463,CD4 T,CD4 TCM
PBMC10k_TTAGGGTTCGACACTA-1,6466,CD8 T,CD8 Naive
PBMC10k_TTAGGGTTCGGCTGAC-1,6467,CD4 T,CD4 Naive
PBMC10k_TTAGTCTAGATTAGTG-1,6468,Mono,CD14 Mono
PBMC10k_TTAGTCTAGGCTTTCA-1,6469,CD4 T,CD4 TCM
PBMC10k_TTAGTCTAGGTCCTGC-1,6470,CD4 T,Treg
PBMC10k_TTAGTCTAGGTGCATG-1,6471,CD4 T,CD4 TEM
PBMC10k_TTAGTCTCAAGTATAG-1,6473,other T,MAIT
PBMC10k_TTAGTCTCAGCCTATA-1,6475,CD4 T,CD4 Naive
PBMC10k_TTAGTCTCATGAAGGC-1,6476,other T,MAIT
PBMC10k_TTAGTCTGTCTGTGCG-1,6478,CD8 T,CD8 TEM
PBMC10k_TTATTGCAGCGTGAGT-1,6480,CD4 T,Treg
PBMC10k_TTATTGCAGTATGTAG-1,6481,CD4 T,Treg
PBMC10k_TTATTGCCACTGAATC-1,6483,Mono,CD14 Mono
PBMC10k_TTATTGCCAGTTGTCA-1,6484,B,B naive
PBMC10k_TTATTGCTCCGAGCTG-1,6486,CD4 T,CD4 Naive
PBMC10k_TTATTGCTCGGATACT-1,6487,CD4 T,Treg
PBMC10k_TTATTGCTCGTCTAAG-1,6488,Mono,CD14 Mono
PBMC10k_TTCAATCCATTGAAGA-1,6492,CD8 T,CD8 TEM
PBMC10k_TTCAATCGTAGCGTCC-1,6493,Mono,CD14 Mono
PBMC10k_TTCAATCGTCATGCAT-1,6494,CD4 T,Treg
PBMC10k_TTCAATCTCTCCCAAC-1,6495,CD4 T,CD4 TEM
PBMC10k_TTCACCGCACAGTCCG-1,6497,CD8 T,CD8 Naive
PBMC10k_TTCACCGCAGCTGCCA-1,6498,other T,gdT
PBMC10k_TTCACCGGTGCCTGAC-1,6499,NK,NK
PBMC10k_TTCACGCGTCTCCCTA-1,6504,B,B naive
PBMC10k_TTCACGCGTTTCCCAC-1,6505,Mono,CD14 Mono
PBMC10k_TTCACGCTCCGTGGTG-1,6507,Mono,CD14 Mono
PBMC10k_TTCAGGAGTGTCACAT-1,6511,CD4 T,CD4 Naive
PBMC10k_TTCAGGATCGCTGACG-1,6512,CD8 T,CD8 TEM
PBMC10k_TTCATGTAGATCACCT-1,6514,Mono,CD14 Mono
PBMC10k_TTCATGTCACTCCTTG-1,6515,NK,NK
PBMC10k_TTCATGTGTCATTCCC-1,6516,Mono,CD16 Mono
PBMC10k_TTCATGTGTTGGCCGT-1,6518,CD4 T,CD4 Naive
PBMC10k_TTCATTGAGCGTCAAG-1,6520,CD4 T,CD4 Naive
PBMC10k_TTCATTGCAGCAGTCC-1,6523,CD8 T,CD8 TEM
PBMC10k_TTCATTGGTACGGCAA-1,6525,NK,NK
PBMC10k_TTCATTGTCGTACACA-1,6527,other,Eryth
PBMC10k_TTCCAATCACGTCGGT-1,6528,B,B memory
PBMC10k_TTCCACGGTGACAGGT-1,6531,Mono,CD14 Mono
PBMC10k_TTCCACGTCGATGGAG-1,6533,CD8 T,CD8 TEM
PBMC10k_TTCCGGTAGGCTCACC-1,6534,CD4 T,CD4 Naive
PBMC10k_TTCCGGTAGTGGCCTC-1,6535,B,B naive
PBMC10k_TTCCGGTCACAACGCC-1,6537,CD4 T,CD4 TCM
PBMC10k_TTCCGGTGTCACATTG-1,6539,other T,MAIT
PBMC10k_TTCCGGTGTCTGTGCG-1,6540,Mono,CD14 Mono
PBMC10k_TTCCGTGAGAGTCCGA-1,6541,CD4 T,CD4 TCM
PBMC10k_TTCCGTGCAACTAGAA-1,6542,CD4 T,CD4 TEM
PBMC10k_TTCCGTGCAAGAGTAT-1,6543,other T,MAIT
PBMC10k_TTCCGTGCATGAGATA-1,6544,CD4 T,CD4 TEM
PBMC10k_TTCCGTGGTCAACGCC-1,6547,CD4 T,CD4 Naive
PBMC10k_TTCCGTGTCCATTTAC-1,6548,Mono,CD14 Mono
PBMC10k_TTCCGTGTCTCAGAAC-1,6550,Mono,CD14 Mono
PBMC10k_TTCCTAAAGCTAGAAT-1,6551,B,B naive
PBMC10k_TTCCTAAAGTTGGACG-1,6552,CD4 T,CD4 TCM
PBMC10k_TTCCTAAAGTTTCGAC-1,6553,other T,gdT
PBMC10k_TTCCTAAGTCAGTCGC-1,6556,B,B naive
PBMC10k_TTCCTCTCAATAGTAG-1,6559,NK,NK
PBMC10k_TTCCTCTTCTACTCAT-1,6561,Mono,CD16 Mono
PBMC10k_TTCCTTCCAAAGGATT-1,6562,CD8 T,CD8 Naive
PBMC10k_TTCCTTCCATACATCG-1,6563,other T,MAIT
PBMC10k_TTCCTTCGTCCAACGC-1,6564,NK,NK
PBMC10k_TTCCTTCGTGTGTCCG-1,6566,other,Eryth
PBMC10k_TTCCTTCTCAGCACCG-1,6567,NK,NK
PBMC10k_TTCCTTCTCGACCAAT-1,6568,NK,NK
PBMC10k_TTCGATTAGGGCCAAT-1,6569,CD8 T,CD8 Naive
PBMC10k_TTCGATTCACGGCTAC-1,6570,CD4 T,CD4 TEM
PBMC10k_TTCGATTCAGGCACTC-1,6571,CD4 T,CD4 TCM
PBMC10k_TTCGATTGTGGAAATT-1,6572,CD8 T,CD8 TEM
PBMC10k_TTCGCTGAGACTGGGT-1,6575,B,B naive
PBMC10k_TTCGCTGCACACCTTC-1,6576,CD8 T,CD8 Proliferating
PBMC10k_TTCGCTGCAGGTGGAT-1,6578,Mono,CD14 Mono
PBMC10k_TTCGCTGCAGGTTCAT-1,6579,CD8 T,CD8 TEM
PBMC10k_TTCGCTGTCCATCTCG-1,6582,NK,NK
PBMC10k_TTCGCTGTCCATTGTT-1,6583,CD8 T,CD8 TEM
PBMC10k_TTCGGTCCATCGCTAA-1,6586,CD4 T,Treg
PBMC10k_TTCGGTCGTGTCCGGT-1,6587,CD4 T,CD4 TCM
PBMC10k_TTCTAACAGTATAGGT-1,6589,CD4 T,CD4 TCM
PBMC10k_TTCTAACCAAACAGGC-1,6590,Mono,CD14 Mono
PBMC10k_TTCTAACCACTTGAGT-1,6591,Mono,CD14 Mono
PBMC10k_TTCTAACCATCCTAAG-1,6593,CD4 T,CD4 Naive
PBMC10k_TTCTAGTAGACCATGG-1,6599,CD4 T,CD4 TEM
PBMC10k_TTCTAGTCACCTCTAC-1,6602,other,Eryth
PBMC10k_TTCTAGTGTCAAAGAT-1,6604,CD8 T,CD8 TEM
PBMC10k_TTCTAGTGTCGAAGCA-1,6606,CD4 T,CD4 TCM
PBMC10k_TTCTAGTTCGCCAACG-1,6607,NK,NK
PBMC10k_TTCTAGTTCTGAACGT-1,6608,CD4 T,CD4 TCM
PBMC10k_TTCTAGTTCTGAGAAA-1,6609,CD8 T,CD8 TEM
PBMC10k_TTCTAGTTCTTAGCTT-1,6610,CD8 T,CD8 Naive
PBMC10k_TTCTCTCAGGGCAGAG-1,6611,CD4 T,CD4 TCM
PBMC10k_TTCTCTCAGTGCAAAT-1,6612,CD4 T,Treg
PBMC10k_TTCTCTCCATATCTCT-1,6613,CD4 T,CD4 Naive
PBMC10k_TTCTCTCTCAGTCACA-1,6615,CD4 T,CD4 TCM
PBMC10k_TTCTCTCTCTTTCTAG-1,6616,CD8 T,CD8 TCM
PBMC10k_TTCTGTAAGACGAGCT-1,6617,CD4 T,CD4 TCM
PBMC10k_TTCTGTAAGCAGGGAG-1,6618,NK,NK
PBMC10k_TTCTGTAAGGCATGCA-1,6620,Mono,CD14 Mono
PBMC10k_TTCTGTATCGGTGCAC-1,6622,CD4 T,Treg
PBMC10k_TTCTTCCTCATGCCGG-1,6625,B,B memory
PBMC10k_TTCTTCCTCTCCGATC-1,6627,B,B naive
PBMC10k_TTCTTCCTCTGGGCGT-1,6628,B,B naive
PBMC10k_TTCTTGACACGTGTGC-1,6629,CD8 T,CD8 Naive
PBMC10k_TTCTTGACAGCTTTCC-1,6631,CD4 T,CD4 Naive
PBMC10k_TTCTTGAGTACAAGTA-1,6632,CD4 T,CD4 Naive
PBMC10k_TTCTTGATCAGTGTGT-1,6634,NK,NK
PBMC10k_TTCTTGATCCGTACGG-1,6635,Mono,CD14 Mono
PBMC10k_TTGAACGGTGGCGCTT-1,6636,CD4 T,CD4 TCM
PBMC10k_TTGAACGTCCTCTGCA-1,6638,CD8 T,CD8 TEM
PBMC10k_TTGAACGTCGCCGTGA-1,6639,B,B intermediate
PBMC10k_TTGAACGTCGCTGATA-1,6640,DC,cDC2
PBMC10k_TTGACCCAGTCCGCGT-1,6641,Mono,CD14 Mono
PBMC10k_TTGACCCTCGGCTATA-1,6643,CD4 T,CD4 TCM
PBMC10k_TTGAGTGAGCACCGAA-1,6644,DC,cDC2
PBMC10k_TTGAGTGCAGGAAGTC-1,6645,Mono,CD14 Mono
PBMC10k_TTGAGTGTCGCCTAGG-1,6646,NK,NK
PBMC10k_TTGATGGAGTTGCCCG-1,6647,CD4 T,CD4 Naive
PBMC10k_TTGATGGCACGATTCA-1,6649,CD4 T,CD4 Naive
PBMC10k_TTGATGGGTCGACTGC-1,6650,CD4 T,CD4 Naive
PBMC10k_TTGATGGGTCTACGTA-1,6651,CD4 T,CD4 Naive
PBMC10k_TTGATGGTCCATTCGC-1,6652,Mono,CD14 Mono
PBMC10k_TTGATGGTCCTACTGC-1,6653,other T,gdT
PBMC10k_TTGATGGTCGGCCAAC-1,6654,other T,MAIT
PBMC10k_TTGATGGTCTCTTAAC-1,6655,NK,NK
PBMC10k_TTGCATTAGACCGCCT-1,6656,NK,NK
PBMC10k_TTGCATTCACGATAGG-1,6658,other,Eryth
PBMC10k_TTGCATTCATACTTTC-1,6659,Mono,CD14 Mono
PBMC10k_TTGCATTCATGGCCCA-1,6660,Mono,CD14 Mono
PBMC10k_TTGCATTTCTATCGGA-1,6662,CD4 T,CD4 Naive
PBMC10k_TTGCCTGAGCACTAGG-1,6663,CD4 T,CD4 TCM
PBMC10k_TTGCCTGAGGCGATAC-1,6664,CD4 T,CD4 Naive
PBMC10k_TTGCCTGCACCCGTAG-1,6665,CD4 T,CD4 TCM
PBMC10k_TTGCCTGCATCAGCTA-1,6666,DC,ASDC
PBMC10k_TTGCCTGGTCAAAGTA-1,6668,CD4 T,Treg
PBMC10k_TTGCGTCCATCGCTGG-1,6673,CD4 T,CD4 TCM
PBMC10k_TTGCTGCCAAAGCACG-1,6675,CD4 T,CD4 Naive
PBMC10k_TTGCTGCCACAACGTT-1,6676,Mono,CD14 Mono
PBMC10k_TTGCTGCCAGAGACTG-1,6677,other T,MAIT
PBMC10k_TTGCTGCGTCGCGTCA-1,6678,B,B memory
PBMC10k_TTGCTGCGTGCCGAAA-1,6679,B,B naive
PBMC10k_TTGCTGCTCAAGAATG-1,6680,DC,cDC2
PBMC10k_TTGCTGCTCATGCTAG-1,6682,CD4 T,CD4 Naive
PBMC10k_TTGCTGCTCGATACTG-1,6683,Mono,CD14 Mono
PBMC10k_TTGCTGCTCTGAATCG-1,6684,Mono,CD14 Mono
PBMC10k_TTGGATGAGATCCAAA-1,6685,CD8 T,CD8 Naive
PBMC10k_TTGGATGAGGCGTTGA-1,6687,CD4 T,CD4 TCM
PBMC10k_TTGGATGCAATATCCG-1,6688,Mono,CD14 Mono
PBMC10k_TTGGATGCACCGAATT-1,6689,NK,NK
PBMC10k_TTGGATGGTTCTCACC-1,6690,CD4 T,CD4 TCM
PBMC10k_TTGGATGTCTTCCACG-1,6693,Mono,CD14 Mono
PBMC10k_TTGGGATAGCGGATCA-1,6694,CD4 T,CD4 TCM
PBMC10k_TTGGGATAGTTTCAGC-1,6695,Mono,CD16 Mono
PBMC10k_TTGGGATGTATGTGTC-1,6698,CD4 T,CD4 Naive
PBMC10k_TTGGGCGGTGTGTTTG-1,6701,B,B memory
PBMC10k_TTGGGCGGTTACGATC-1,6702,Mono,CD14 Mono
PBMC10k_TTGGGTAAGCTCTTCC-1,6705,CD8 T,CD8 Naive
PBMC10k_TTGGGTAAGTCACAGG-1,6707,NK,NK
PBMC10k_TTGGGTAAGTGAGTTA-1,6708,CD8 T,CD8 Naive
PBMC10k_TTGGGTAAGTGTTCAC-1,6709,Mono,CD14 Mono
PBMC10k_TTGGGTACAGGCTATT-1,6710,CD4 T,CD4 TCM
PBMC10k_TTGGTTTAGACAACAT-1,6714,CD8 T,CD8 TEM
PBMC10k_TTGGTTTAGAGTCACG-1,6715,CD4 T,CD4 TEM
PBMC10k_TTGGTTTCAACCGATT-1,6719,CD4 T,CD4 Naive
PBMC10k_TTGTGGAAGACGACTG-1,6723,B,B naive
PBMC10k_TTGTGGAAGTCGCCCA-1,6724,Mono,CD14 Mono
PBMC10k_TTGTGGACAACGTAAA-1,6725,CD4 T,CD4 TEM
PBMC10k_TTGTGGATCTGACCCT-1,6727,NK,NK
PBMC10k_TTGTGTTAGCAAGTGC-1,6729,Mono,CD14 Mono
PBMC10k_TTGTGTTAGTGGTTCT-1,6730,B,B naive
PBMC10k_TTGTGTTCAAATCGTC-1,6731,NK,NK
PBMC10k_TTGTGTTCAGGGCTTC-1,6732,CD4 T,CD4 Naive
PBMC10k_TTGTGTTTCAGCATTG-1,6733,CD4 T,CD4 TCM
PBMC10k_TTGTGTTTCAGCCCAG-1,6734,DC,cDC1
PBMC10k_TTGTTCACAGCTCCTT-1,6736,B,B naive
PBMC10k_TTGTTCAGTAGAGCTG-1,6738,CD4 T,CD4 TCM
PBMC10k_TTGTTGTAGTAGCAAT-1,6742,CD4 T,CD4 Naive
PBMC10k_TTGTTGTAGTGTTCCA-1,6743,other T,MAIT
PBMC10k_TTGTTGTAGTTGTAGA-1,6744,CD4 T,CD4 Naive
PBMC10k_TTGTTGTGTCTGTGAT-1,6746,CD8 T,CD8 Proliferating
PBMC10k_TTGTTTGCATCGTTCC-1,6750,NK,NK
PBMC10k_TTTACGTCAATCTCTT-1,6755,B,B naive
PBMC10k_TTTACGTGTGCCCACA-1,6758,CD4 T,Treg
PBMC10k_TTTACGTGTTAAGGGC-1,6759,NK,NK
PBMC10k_TTTACTGAGTGCCTCG-1,6762,CD4 T,CD4 TEM
PBMC10k_TTTACTGCAGAAATCA-1,6765,Mono,CD14 Mono
PBMC10k_TTTACTGGTACACGCC-1,6767,NK,NK
PBMC10k_TTTACTGGTCGTGCCA-1,6769,NK,NK
PBMC10k_TTTAGTCCAACACACT-1,6774,other,Eryth
PBMC10k_TTTAGTCCACCTAAAC-1,6776,CD4 T,CD4 TEM
PBMC10k_TTTAGTCTCATGCCGG-1,6778,Mono,CD14 Mono
PBMC10k_TTTAGTCTCCCATACC-1,6779,NK,NK
PBMC10k_TTTATGCAGCCGTAAG-1,6781,Mono,CD14 Mono
PBMC10k_TTTATGCAGCTCGGCT-1,6782,CD8 T,CD8 TEM
PBMC10k_TTTATGCGTAGACGTG-1,6783,CD4 T,CD4 TCM
PBMC10k_TTTATGCGTTTCAGAC-1,6784,CD4 T,CD4 TEM
PBMC10k_TTTCACAAGAGGTATT-1,6787,Mono,CD14 Mono
PBMC10k_TTTCACACACCAGTAT-1,6790,CD8 T,CD8 TCM
PBMC10k_TTTCACAGTACGAAAT-1,6791,CD4 T,CD4 Naive
PBMC10k_TTTCACATCAAACGAA-1,6792,other T,dnT
PBMC10k_TTTCACATCAGAGTGG-1,6793,DC,cDC2
PBMC10k_TTTCACATCTCCGAGG-1,6794,Mono,CD14 Mono
PBMC10k_TTTCAGTGTGAATTGA-1,6798,other,Eryth
PBMC10k_TTTCAGTTCCACAAGT-1,6800,other T,gdT
PBMC10k_TTTCAGTTCGTTCAGA-1,6802,Mono,CD14 Mono
PBMC10k_TTTCATGAGCCTCGTG-1,6803,Mono,CD16 Mono
PBMC10k_TTTCATGCACGTAGTT-1,6804,NK,NK
PBMC10k_TTTCATGTCCGTTGAA-1,6806,Mono,CD14 Mono
PBMC10k_TTTCCTCAGGGAGAAT-1,6807,Mono,CD14 Mono
PBMC10k_TTTCGATCACCAGACC-1,6816,CD4 T,Treg
PBMC10k_TTTCGATGTTACACAC-1,6818,NK,NK
PBMC10k_TTTGACTAGAGCCCAA-1,6819,CD8 T,CD8 Naive
PBMC10k_TTTGACTAGGAAGTGA-1,6820,other,Platelet
PBMC10k_TTTGACTGTCCTCATC-1,6823,CD4 T,CD4 Naive
PBMC10k_TTTGACTGTCTGTTAG-1,6824,other T,MAIT
PBMC10k_TTTGACTTCCTTATGT-1,6825,CD8 T,CD8 Naive
PBMC10k_TTTGATCCAATTTCGG-1,6827,DC,cDC2
PBMC10k_TTTGGAGCAACGGTAG-1,6832,CD4 T,Treg
PBMC10k_TTTGGAGCAATTCACG-1,6833,other,ILC
PBMC10k_TTTGGAGGTTTGTTGG-1,6837,CD4 T,CD4 TCM
PBMC10k_TTTGGAGTCCAAGAGG-1,6838,B,B naive
PBMC10k_TTTGGAGTCCAGCCTT-1,6839,other T,MAIT
PBMC10k_TTTGGAGTCTCTATGT-1,6840,CD4 T,Treg
PBMC10k_TTTGGTTGTCTTCAAG-1,6843,DC,cDC2
PBMC10k_TTTGGTTTCAAGAAAC-1,6844,Mono,CD14 Mono
PBMC10k_TTTGGTTTCCACGTAA-1,6845,CD4 T,CD4 Naive
PBMC10k_TTTGTTGAGGCCACCT-1,6848,NK,NK
PBMC10k_TTTGTTGCACGAAAGC-1,6849,Mono,CD14 Mono
PBMC10k_TTTGTTGGTCTCTCAC-1,6850,CD4 T,CD4 Naive
PBMC10k_TTTGTTGGTGGCCACT-1,6851,NK,NK
PBMC10k_TTTGTTGTCGAGTGAG-1,6853,CD4 T,CD4 TEM
