cell_id,source_row_index,cell_type_l1,cell_type_l2
PBMC10k_AAACCCACATCGGTTA-1,1,Mono,CD14 Mono
PBMC10k_AAACCCAGTACCGCGT-1,2,Mono,CD14 Mono
PBMC10k_AAACCCAGTGCAAGAC-1,6,Mono,CD14 Mono
PBMC10k_AAACCCAGTGCATTTG-1,7,Mono,CD14 Mono
PBMC10k_AAACCCATCCGATGTA-1,8,CD4 T,CD4 Naive
PBMC10k_AAACCCATCTCTCGAC-1,10,CD4 T,Treg
PBMC10k_AAACGAACAATCGTCA-1,11,CD4 T,CD4 Naive
PBMC10k_AAACGAACACGATTCA-1,12,CD4 T,CD4 TCM
PBMC10k_AAACGAATCAGAACCT-1,16,CD8 T,CD8 Naive
PBMC10k_AAACGCTCAGTTAAAG-1,20,Mono,CD14 Mono
PBMC10k_AAACGCTGTGCTATTG-1,22,CD8 T,CD8 Naive
PBMC10k_AAACGCTTCGGCCTTT-1,24,CD4 T,CD4 Naive
PBMC10k_AAAGAACAGGTAGACC-1,26,Mono,CD14 Mono
PBMC10k_AAAGAACCAAAGCTAA-1,27,DC,cDC2
PBMC10k_AAAGAACCACTGTGTA-1,29,B,B intermediate
PBMC10k_AAAGAACGTACAGTTC-1,31,CD4 T,CD4 Naive
PBMC10k_AAAGGATAGAAGCGCT-1,32,CD4 T,CD4 Naive
PBMC10k_AAAGGATAGCAGGCTA-1,33,other,ILC
PBMC10k_AAAGGATAGTACTCGT-1,37,Mono,CD14 Mono
PBMC10k_AAAGGATAGTCACTAC-1,38,NK,NK Proliferating
PBMC10k_AAAGGATAGTCGCGAA-1,39,CD4 T,CD4 Naive
PBMC10k_AAAGGATCAACTAGAA-1,40,DC,cDC2
PBMC10k_AAAGGATCACAACGCC-1,41,CD4 T,CD4 TCM
PBMC10k_AAAGGATCACCGAATT-1,42,CD4 T,CD4 Naive
PBMC10k_AAAGGATCATCCCGTT-1,44,CD4 T,Treg
PBMC10k_AAAGGATGTATACAGA-1,45,CD4 T,CD4 TCM
PBMC10k_AAAGGATTCAGCATTG-1,47,Mono,CD14 Mono
PBMC10k_AAAGGGCAGATTGCGG-1,48,NK,NK
PBMC10k_AAAGGGCAGCATGAAT-1,49,Mono,CD14 Mono
PBMC10k_AAAGGGCTCTGGGCGT-1,55,Mono,CD14 Mono
PBMC10k_AAAGGGCTCTTAGCCC-1,56,NK,NK
PBMC10k_AAAGGTAAGTGTTGTC-1,58,other T,MAIT
PBMC10k_AAAGGTACAACTGGTT-1,59,NK,NK
PBMC10k_AAAGGTAGTCTACGTA-1,61,CD4 T,CD4 Naive
PBMC10k_AAAGGTATCTGCCTGT-1,62,CD4 T,CD4 Naive
PBMC10k_AAAGTCCAGGCATCGA-1,63,DC,cDC2
PBMC10k_AAAGTCCCACTACCCT-1,65,Mono,CD14 Mono
PBMC10k_AAAGTCCTCTTACGTT-1,67,NK,NK
PBMC10k_AAAGTGAAGAGCTGAC-1,69,CD4 T,CD4 TEM
PBMC10k_AAAGTGAAGAGCTGCA-1,70,CD8 T,CD8 Naive
PBMC10k_AAAGTGAGTCCAATCA-1,74,CD4 T,CD4 TCM
PBMC10k_AAAGTGAGTTTGTTGG-1,76,Mono,CD14 Mono
PBMC10k_AAATGGATCAATCAGC-1,78,CD4 T,CD4 Naive
PBMC10k_AAATGGATCCATCTGC-1,79,other T,MAIT
PBMC10k_AACAAAGAGGCAATGC-1,81,CD4 T,CD4 TCM
PBMC10k_AACAAAGCAATGTTGC-1,82,B,B memory
PBMC10k_AACAACCAGAATCGAT-1,86,Mono,CD14 Mono
PBMC10k_AACAACCTCTCCAATT-1,90,CD4 T,CD4 TCM
PBMC10k_AACAAGACATCGATGT-1,91,CD4 T,CD4 Naive
PBMC10k_AACACACAGGACAGTC-1,95,CD4 T,CD4 TEM
PBMC10k_AACACACAGGGAGTGG-1,96,CD4 T,CD4 TCM
PBMC10k_AACACACGTTAGTTCG-1,97,CD4 T,CD4 TEM
PBMC10k_AACAGGGAGAAACCCG-1,99,CD4 T,CD4 TEM
PBMC10k_AACAGGGAGGTCACCC-1,101,Mono,CD14 Mono
PBMC10k_AACAGGGAGGTTAAAC-1,102,DC,cDC2
PBMC10k_AACAGGGCAAGTTCCA-1,103,NK,NK
PBMC10k_AACAGGGGTCAACATC-1,107,Mono,CD14 Mono
PBMC10k_AACCAACAGCTGCGAA-1,109,CD8 T,CD8 Naive
PBMC10k_AACCAACAGTATGACA-1,110,Mono,CD14 Mono
PBMC10k_AACCAACCACGACAAG-1,111,B,B intermediate
PBMC10k_AACCACAAGGTAGATT-1,114,NK,NK_CD56bright
PBMC10k_AACCACACAGCGTTGC-1,115,other T,MAIT
PBMC10k_AACCACAGTCACCTTC-1,117,NK,NK
PBMC10k_AACCACATCGTGCAGC-1,121,other T,dnT
PBMC10k_AACCATGGTTTACCTT-1,125,CD8 T,CD8 Naive
PBMC10k_AACCATGTCCCAAGCG-1,126,CD4 T,CD4 TCM
PBMC10k_AACCATGTCCGCGATG-1,127,NK,NK
PBMC10k_AACCCAAGTTTCCCAC-1,130,CD4 T,CD4 TCM
PBMC10k_AACCTGACATCCCGTT-1,131,other T,MAIT
PBMC10k_AACCTGACATTGAAAG-1,132,NK,NK
PBMC10k_AACCTGATCCATGATG-1,134,Mono,CD14 Mono
PBMC10k_AACCTTTAGAGAGCAA-1,137,CD4 T,CD4 Naive
PBMC10k_AACCTTTCAATTGCAC-1,139,CD4 T,CD4 Naive
PBMC10k_AACCTTTCACCCTGAG-1,140,CD4 T,CD4 TCM
PBMC10k_AACCTTTCAGCGACCT-1,141,other T,dnT
PBMC10k_AACCTTTCAGTAGTGG-1,142,B,B naive
PBMC10k_AACCTTTTCCTTATCA-1,144,Mono,CD14 Mono
PBMC10k_AACCTTTTCGACACTA-1,145,Mono,CD14 Mono
PBMC10k_AACCTTTTCGGTCATA-1,146,CD4 T,CD4 Naive
PBMC10k_AACGAAAAGCTTGTGT-1,148,CD4 T,CD4 TCM
PBMC10k_AACGAAAAGGAACGTC-1,149,CD4 T,CD4 TEM
PBMC10k_AACGAAACAATGTGGG-1,151,CD8 T,CD8 Naive
PBMC10k_AACGAAACACCATTCC-1,152,Mono,CD14 Mono
PBMC10k_AACGAAATCACCACAA-1,153,other T,dnT
PBMC10k_AACGAAATCTTGCGCT-1,155,NK,NK
PBMC10k_AACGGGAAGTGATTCC-1,157,CD8 T,CD8 Naive
PBMC10k_AACGGGACAAACTAGA-1,158,Mono,CD14 Mono
PBMC10k_AACGTCAAGAGTCAGC-1,163,Mono,CD14 Mono
PBMC10k_AACGTCACAGCACAGA-1,165,CD8 T,CD8 Naive
PBMC10k_AACGTCACAGTCAACT-1,166,CD4 T,CD4 TCM
PBMC10k_AACGTCATCGGCTGGT-1,167,other T,MAIT
PBMC10k_AACTTCTCATCATCCC-1,168,B,B memory
PBMC10k_AACTTCTGTACTGAGG-1,170,Mono,CD14 Mono
PBMC10k_AACTTCTTCTCGCAGG-1,171,other T,MAIT
PBMC10k_AACTTCTTCTCGTGGG-1,172,CD8 T,CD8 TEM
PBMC10k_AACTTCTTCTCTTCAA-1,173,CD4 T,CD4 TCM
PBMC10k_AAGAACAAGCCTCTCT-1,174,B,B naive
PBMC10k_AAGAACACACAGTCGC-1,177,Mono,CD14 Mono
PBMC10k_AAGAACACAGCTACTA-1,178,CD4 T,CD4 TCM
PBMC10k_AAGAACACAGGCACAA-1,179,CD4 T,CD4 Naive
PBMC10k_AAGAACAGTCAGGAGT-1,180,CD8 T,CD8 TEM
PBMC10k_AAGAACATCACCGCTT-1,181,CD4 T,Treg
PBMC10k_AAGAACATCAGAGTTC-1,182,Mono,CD14 Mono
PBMC10k_AAGAACATCCGGCTTT-1,183,Mono,CD14 Mono
PBMC10k_AAGACAATCATTACCT-1,186,CD4 T,CD4 TCM
PBMC10k_AAGACAATCTGCACCT-1,187,other T,dnT
PBMC10k_AAGACTCAGTATAGAC-1,189,NK,NK
PBMC10k_AAGACTCGTTGACGGA-1,191,CD8 T,CD8 Naive
PBMC10k_AAGACTCTCATGAGGG-1,193,CD4 T,Treg
PBMC10k_AAGACTCTCCTACAAG-1,194,Mono,CD14 Mono
PBMC10k_AAGACTCTCGAGAACG-1,195,CD4 T,CD4 TCM
PBMC10k_AAGACTCTCTCTTAAC-1,197,other T,MAIT
PBMC10k_AAGATAGAGAAAGCGA-1,198,NK,NK_CD56bright
PBMC10k_AAGATAGAGAGCCATG-1,199,other,Eryth
PBMC10k_AAGCATCCAATACCTG-1,207,CD8 T,CD8 TEM
PBMC10k_AAGCATCTCGGAATTC-1,212,Mono,CD14 Mono
PBMC10k_AAGCCATCAGACGATG-1,215,CD4 T,CD4 TEM
PBMC10k_AAGCCATCAGAGAGGG-1,216,Mono,CD14 Mono
PBMC10k_AAGCCATGTTACAGCT-1,217,Mono,CD14 Mono
PBMC10k_AAGCCATTCAAGAATG-1,218,other,ILC
PBMC10k_AAGCGAGAGGTAAGGA-1,219,Mono,CD14 Mono
PBMC10k_AAGCGAGCATTGTAGC-1,223,CD4 T,CD4 Naive
PBMC10k_AAGCGAGGTGGCTGAA-1,225,CD4 T,CD4 TEM
PBMC10k_AAGCGAGGTTATGTCG-1,226,NK,NK
PBMC10k_AAGCGAGTCACTTATC-1,227,Mono,CD14 Mono
PBMC10k_AAGCGAGTCCTGTTGC-1,228,Mono,CD14 Mono
PBMC10k_AAGCGTTCAACGATTC-1,230,CD4 T,CD4 Naive
PBMC10k_AAGCGTTCAATGTGGG-1,231,NK,NK
PBMC10k_AAGCGTTGTCGCGTTG-1,233,NK,NK
PBMC10k_AAGCGTTGTGTCTAAC-1,235,NK,NK
PBMC10k_AAGCGTTTCAGACCGC-1,236,CD4 T,CD4 TEM
PBMC10k_AAGGAATAGCGAGTCA-1,237,CD4 T,CD4 TCM
PBMC10k_AAGGAATTCGACCACG-1,239,CD4 T,CD4 TEM
PBMC10k_AAGGTAACACATGAAA-1,242,CD4 T,CD4 Naive
PBMC10k_AAGGTAATCAACTGAC-1,245,Mono,CD16 Mono
PBMC10k_AAGGTAATCTTCGCTG-1,246,CD8 T,CD8 Naive
PBMC10k_AAGTACCAGAGACAAG-1,247,B,B intermediate
PBMC10k_AAGTACCAGGCGACAT-1,248,CD4 T,CD4 TCM
PBMC10k_AAGTACCCAAGCGCTC-1,250,B,B intermediate
PBMC10k_AAGTCGTAGTAAATGC-1,254,B,B naive
PBMC10k_AAGTCGTCACTCCCTA-1,255,B,B naive
PBMC10k_AAGTCGTCACTTCATT-1,256,other T,MAIT
PBMC10k_AAGTCGTGTACCGGCT-1,257,Mono,CD14 Mono
PBMC10k_AAGTGAACACCTTCCA-1,261,CD4 T,CD4 TCM
PBMC10k_AAGTGAAGTACTTCCC-1,263,Mono,CD14 Mono
PBMC10k_AAGTGAAGTAGATGTA-1,264,CD4 T,CD4 Naive
PBMC10k_AAGTGAAGTGCGTTTA-1,265,CD4 T,Treg
PBMC10k_AAGTTCGCAGTTGTCA-1,267,Mono,CD14 Mono
PBMC10k_AAGTTCGGTCGTGGTC-1,268,CD4 T,CD4 Naive
PBMC10k_AATAGAGAGACTCTAC-1,272,Mono,CD14 Mono
PBMC10k_AATAGAGCAGCAGTAG-1,275,DC,cDC2
PBMC10k_AATAGAGTCCCGAGAC-1,276,CD4 T,CD4 Naive
PBMC10k_AATCACGGTTGGAGGT-1,280,CD4 T,CD4 TCM
PBMC10k_AATCACGTCAGTGCGC-1,281,Mono,CD14 Mono
PBMC10k_AATCACGTCTAAGCGT-1,283,CD4 T,CD4 TCM
PBMC10k_AATCGACAGAAGGTAG-1,285,CD4 T,CD4 CTL
PBMC10k_AATCGACCAATGGCCC-1,287,CD4 T,CD4 TEM
PBMC10k_AATCGACCAGATGCGA-1,290,other T,MAIT
PBMC10k_AATCGACCAGGGAATC-1,291,CD8 T,CD8 Naive
PBMC10k_AATCGACGTGCAGGAT-1,292,other,Eryth
PBMC10k_AATCGACGTGTGCTTA-1,293,CD4 T,CD4 Naive
PBMC10k_AATCGACTCTATACTC-1,295,CD4 T,CD4 Naive
PBMC10k_AATCGTGAGGGACACT-1,296,other,ILC
PBMC10k_AATCGTGTCCCAATAG-1,297,other T,dnT
PBMC10k_AATCGTGTCTAACGGT-1,298,CD4 T,CD4 Naive
PBMC10k_AATGAAGTCATGCCAA-1,303,other,Eryth
PBMC10k_AATGACCGTAACTTCG-1,305,B,B naive
PBMC10k_AATGACCGTTAAGGGC-1,308,Mono,CD14 Mono
PBMC10k_AATGCCAAGCTAAACA-1,312,CD4 T,CD4 TCM
PBMC10k_AATGCCAAGTTCAACC-1,313,B,B naive
PBMC10k_AATGCCACAACGAGGT-1,314,CD4 T,CD4 Naive
PBMC10k_AATGCCACAAGACAAT-1,315,B,B naive
PBMC10k_AATGCCACACATCCCT-1,316,NK,NK
PBMC10k_AATGCCAGTGTATTCG-1,317,CD4 T,CD4 TCM
PBMC10k_AATGCCATCCAAGCTA-1,318,Mono,CD14 Mono
PBMC10k_AATGGAAAGCGTTGTT-1,321,NK,NK
PBMC10k_AATGGAAAGTAGACAT-1,322,Mono,CD14 Mono
PBMC10k_AATGGAAAGTCACTGT-1,323,Mono,CD14 Mono
PBMC10k_AATGGAACACAAGGTG-1,324,CD8 T,CD8 TEM
PBMC10k_AATGGAACAGCATGCC-1,325,Mono,CD14 Mono
PBMC10k_AATGGAATCAGACAAA-1,327,DC,pDC
PBMC10k_AATGGCTAGTATGAAC-1,329,NK,NK
PBMC10k_AATGGCTGTACGCGTC-1,330,CD8 T,CD8 TCM
PBMC10k_AATGGCTGTTCTCAGA-1,331,Mono,CD14 Mono
PBMC10k_AATGGCTTCCACTTCG-1,332,Mono,CD14 Mono
PBMC10k_AATTCCTAGCCTCTGG-1,333,CD8 T,CD8 TEM
PBMC10k_AATTCCTAGGTAACTA-1,335,CD4 T,CD4 TCM
PBMC10k_AATTCCTAGTAGTGCG-1,336,NK,NK
PBMC10k_AATTCCTCAGGGTCTC-1,338,CD4 T,CD4 Naive
PBMC10k_AATTCCTCAGGTAGTG-1,339,Mono,CD14 Mono
PBMC10k_AATTCCTCATCCGTTC-1,340,Mono,CD14 Mono
PBMC10k_AATTTCCGTTGCTCCT-1,347,CD4 T,CD4 TEM
PBMC10k_AATTTCCTCAAGTGTC-1,349,Mono,CD14 Mono
PBMC10k_ACAAAGAAGTCATAGA-1,351,Mono,CD14 Mono
PBMC10k_ACAAAGACACACAGAG-1,353,Mono,CD14 Mono
PBMC10k_ACAAAGAGTCATCGCG-1,355,other,ILC
PBMC10k_ACAAAGATCGAAACAA-1,358,Mono,CD14 Mono
PBMC10k_ACAACCAAGTTGCTCA-1,360,CD4 T,CD4 Naive
PBMC10k_ACAACCACAGCGAGTA-1,363,B,Plasmablast
PBMC10k_ACAACCACATGACACT-1,364,CD4 T,CD4 TEM
PBMC10k_ACAACCAGTCGAGCTC-1,365,Mono,CD14 Mono
PBMC10k_ACAAGCTAGGCACTCC-1,367,CD4 T,CD4 TEM
PBMC10k_ACAAGCTCACTACCGG-1,368,Mono,CD14 Mono
PBMC10k_ACAAGCTCAGGGATAC-1,369,CD8 T,CD8 TEM
PBMC10k_ACAAGCTCATAAGCGG-1,370,other,Eryth
PBMC10k_ACAAGCTCATTCCTCG-1,371,CD4 T,Treg
PBMC10k_ACAAGCTTCGAACACT-1,373,CD8 T,CD8 Naive
PBMC10k_ACAAGCTTCGCCACTT-1,374,NK,NK
PBMC10k_ACACAGTAGTCATAGA-1,375,Mono,CD14 Mono
PBMC10k_ACACAGTAGTTACGGG-1,376,CD4 T,CD4 TCM
PBMC10k_ACACAGTCAGTTTCGA-1,377,other T,dnT
PBMC10k_ACACAGTTCACCCTGT-1,379,CD4 T,CD4 TCM
PBMC10k_ACACAGTTCGGTTAGT-1,380,CD8 T,CD8 Naive
PBMC10k_ACACCAAAGACTACGG-1,381,CD8 T,CD8 Naive
PBMC10k_ACACCAAAGCGGCTCT-1,383,Mono,CD14 Mono
PBMC10k_ACACCAAAGTATTGCC-1,384,other T,gdT
PBMC10k_ACACCAACACAACATC-1,386,other T,MAIT
PBMC10k_ACACCAACACTGATTG-1,387,other,Eryth
PBMC10k_ACACCAATCCGAACGC-1,388,CD4 T,CD4 TCM
PBMC10k_ACACCAATCGCTGTTC-1,389,CD4 T,CD4 TCM
PBMC10k_ACACGCGCACTGGAAG-1,392,CD4 T,CD4 Naive
PBMC10k_ACACGCGCAGTAGTTC-1,394,Mono,CD14 Mono
PBMC10k_ACACGCGTCTTTCAGT-1,397,CD4 T,CD4 Naive
PBMC10k_ACACGCGTCTTTGGAG-1,398,Mono,CD14 Mono
PBMC10k_ACACTGACAAGTGTCT-1,400,CD4 T,CD4 TEM
PBMC10k_ACACTGAGTACTCGTA-1,403,NK,NK
PBMC10k_ACACTGAGTATCGAAA-1,404,CD4 T,Treg
PBMC10k_ACACTGATCTCGCGTT-1,406,Mono,CD14 Mono
PBMC10k_ACAGAAACAAAGACGC-1,407,CD4 T,CD4 TCM
PBMC10k_ACAGAAAGTAGGCAGT-1,409,NK,NK
PBMC10k_ACAGAAATCGGCGATC-1,410,DC,cDC2
PBMC10k_ACAGCCGGTCCGTTTC-1,413,Mono,CD14 Mono
PBMC10k_ACAGCCGGTGCTGTCG-1,414,NK,NK
PBMC10k_ACAGCCGGTTGGGATG-1,415,NK,NK
PBMC10k_ACAGCCGTCCCTTCCC-1,416,CD4 T,CD4 TCM
PBMC10k_ACAGGGAAGACCATGG-1,419,CD8 T,CD8 TEM
PBMC10k_ACAGGGAAGGACTATA-1,420,CD4 T,CD4 TCM
PBMC10k_ACAGGGAGTCCACAGC-1,422,NK,NK
PBMC10k_ACAGGGATCCACCTGT-1,423,other T,MAIT
PBMC10k_ACATCCCCACAGTCAT-1,426,CD8 T,CD8 TEM
PBMC10k_ACATCCCCAGTGCCTG-1,428,Mono,CD14 Mono
PBMC10k_ACATCCCCATGTGCCG-1,429,other,Eryth
PBMC10k_ACATCCCGTGGTACAG-1,431,Mono,CD14 Mono
PBMC10k_ACATCCCTCGAGAACG-1,432,Mono,CD14 Mono
PBMC10k_ACATCCCTCTGCCTGT-1,433,CD4 T,CD4 Naive
PBMC10k_ACATCGAAGAGGTCAC-1,434,B,B naive
PBMC10k_ACATCGACAAAGGCGT-1,436,B,B naive
PBMC10k_ACATCGAGTATGAAAC-1,439,other T,MAIT
PBMC10k_ACATGCAAGTCTAACC-1,441,CD4 T,CD4 Naive
PBMC10k_ACATGCACAAGTACCT-1,443,CD4 T,CD4 TCM
PBMC10k_ACATTTCAGAGACAAG-1,448,CD4 T,CD4 Naive
PBMC10k_ACATTTCCAATGCAGG-1,450,Mono,CD14 Mono
PBMC10k_ACATTTCTCACGAACT-1,452,Mono,CD14 Mono
PBMC10k_ACATTTCTCCCGTGTT-1,453,CD4 T,CD4 Naive
PBMC10k_ACATTTCTCGTAGCCG-1,454,CD4 T,CD4 TEM
PBMC10k_ACCAAACAGTCAGAGC-1,455,Mono,CD14 Mono
PBMC10k_ACCAAACCATGTTCAG-1,457,Mono,CD14 Mono
PBMC10k_ACCAAACTCGGCCTTT-1,458,other T,MAIT
PBMC10k_ACCAACAAGACACACG-1,460,CD4 T,CD4 TEM
PBMC10k_ACCAACATCATGGTAC-1,463,other T,MAIT
PBMC10k_ACCAACATCATTACTC-1,464,B,B naive
PBMC10k_ACCAACATCGTCGCTT-1,465,CD4 T,CD4 TEM
PBMC10k_ACCACAAAGACATAAC-1,466,CD8 T,CD8 Naive
PBMC10k_ACCACAACAGAGCTAG-1,467,CD4 T,CD4 TCM
PBMC10k_ACCATTTAGTTCCAGT-1,471,Mono,CD14 Mono
PBMC10k_ACCATTTCAAGTCATC-1,472,CD4 T,CD4 Naive
PBMC10k_ACCATTTGTCGAATTC-1,475,other T,MAIT
PBMC10k_ACCCAAACAGCAAGAC-1,481,CD4 T,CD4 TCM
PBMC10k_ACCCAAAGTTGCCGAC-1,483,Mono,CD14 Mono
PBMC10k_ACCCTCAAGCTGAAAT-1,486,NK,NK
PBMC10k_ACCCTCACAGCAGAAC-1,487,CD4 T,CD4 Naive
PBMC10k_ACCCTCACATTCTTCA-1,488,DC,pDC
PBMC10k_ACCCTCAGTGATACTC-1,489,CD4 T,CD4 Naive
PBMC10k_ACCCTCATCACAACCA-1,490,CD4 T,CD4 Naive
PBMC10k_ACCCTCATCTTGGATG-1,492,CD8 T,CD8 Naive
PBMC10k_ACCCTTGAGATTGATG-1,493,Mono,CD14 Mono
PBMC10k_ACCCTTGAGCTGTTCA-1,494,DC,cDC2
PBMC10k_ACCCTTGAGGGCCTCT-1,495,CD4 T,CD4 Naive
PBMC10k_ACCCTTGTCAGCGTCG-1,499,Mono,CD14 Mono
PBMC10k_ACCCTTGTCGAACGCC-1,501,CD8 T,CD8 Naive
PBMC10k_ACCGTTCAGTTGTCAC-1,502,B,B naive
PBMC10k_ACCGTTCGTACCCAGC-1,503,CD4 T,CD4 TCM
PBMC10k_ACCGTTCGTACTGCGC-1,504,Mono,CD14 Mono
PBMC10k_ACCGTTCTCTCGGCTT-1,507,CD4 T,CD4 TCM
PBMC10k_ACCTACCAGAGCTGCA-1,508,B,B intermediate
PBMC10k_ACCTACCAGCGTATGG-1,510,Mono,CD14 Mono
PBMC10k_ACCTACCCAACGTATC-1,512,CD8 T,CD8 TCM
PBMC10k_ACCTACCGTATGCGTT-1,516,CD8 T,CD8 TEM
PBMC10k_ACCTACCGTGATACCT-1,517,Mono,CD14 Mono
PBMC10k_ACCTACCTCACCCTCA-1,518,other T,MAIT
PBMC10k_ACCTGAAAGAAGCTGC-1,520,CD4 T,CD4 TCM
PBMC10k_ACCTGAAAGGCTCTCG-1,521,Mono,CD14 Mono
PBMC10k_ACCTGAAAGGGCATGT-1,522,other T,MAIT
PBMC10k_ACCTGAAGTAGCTAAA-1,524,Mono,CD14 Mono
PBMC10k_ACCTGTCAGCCATCCG-1,526,Mono,CD14 Mono
PBMC10k_ACCTGTCAGGATTTGA-1,527,CD4 T,CD4 TCM
PBMC10k_ACCTGTCCAATATCCG-1,528,NK,NK
PBMC10k_ACCTGTCCACCTGCGA-1,529,other T,MAIT
PBMC10k_ACCTGTCGTAAGTCAA-1,530,Mono,CD14 Mono
PBMC10k_ACCTGTCGTATGGGAC-1,531,NK,NK
PBMC10k_ACCTGTCGTGATTCTG-1,532,Mono,CD14 Mono
PBMC10k_ACCTGTCTCCTCACCA-1,534,other T,MAIT
PBMC10k_ACCTGTCTCTTCGATT-1,536,DC,cDC2
PBMC10k_ACGATCAAGGGCAAGG-1,537,Mono,CD14 Mono
PBMC10k_ACGATCAAGTCCCAAT-1,538,other T,MAIT
PBMC10k_ACGATCACAGTTGGTT-1,540,CD8 T,CD8 TEM
PBMC10k_ACGATCAGTCGAAACG-1,543,CD4 T,CD4 Naive
PBMC10k_ACGATGTCACAGCTTA-1,548,NK,NK
PBMC10k_ACGATGTGTAGATTGA-1,549,CD4 T,CD4 TCM
PBMC10k_ACGATGTGTATGTGTC-1,550,NK,NK Proliferating
PBMC10k_ACGATGTGTCTCGACG-1,551,Mono,CD14 Mono
PBMC10k_ACGATGTTCTTGTGCC-1,552,Mono,CD14 Mono
PBMC10k_ACGCACGCAAACACGG-1,555,CD4 T,CD4 Naive
PBMC10k_ACGCACGCACTGAATC-1,556,other,ILC
PBMC10k_ACGCACGTCAGATTGC-1,559,CD8 T,CD8 TEM
PBMC10k_ACGCACGTCTTGCAGA-1,560,B,B naive
PBMC10k_ACGGAAGAGACTCTAC-1,561,CD4 T,CD4 Naive
PBMC10k_ACGGAAGAGGTCTGGA-1,562,Mono,CD14 Mono
PBMC10k_ACGGAAGAGGTGCTAG-1,563,NK,NK
PBMC10k_ACGGAAGGTTCCACGG-1,565,Mono,CD14 Mono
PBMC10k_ACGGGTCAGCGATGCA-1,570,CD4 T,CD4 TCM
PBMC10k_ACGGGTCAGGTCACTT-1,571,other T,dnT
PBMC10k_ACGGGTCCACTGTCGG-1,572,Mono,CD14 Mono
PBMC10k_ACGGGTCGTTACCCTC-1,575,CD4 T,CD4 TCM
PBMC10k_ACGGGTCTCGAGATAA-1,576,CD4 T,CD4 TEM
PBMC10k_ACGGGTCTCGCTGTTC-1,577,CD8 T,CD8 Proliferating
PBMC10k_ACGGGTCTCTCAACCC-1,578,B,B naive
PBMC10k_ACGGGTCTCTGCACCT-1,579,B,B intermediate
PBMC10k_ACGGTCGGTCTGTAAC-1,580,other,Eryth
PBMC10k_ACGGTCGTCCACTGAA-1,582,CD8 T,CD8 Naive
PBMC10k_ACGGTTAAGAAGAACG-1,583,CD4 T,CD4 TCM
PBMC10k_ACGGTTAAGGTCGTAG-1,584,Mono,CD14 Mono
PBMC10k_ACGGTTAAGTTCATGC-1,585,CD4 T,CD4 Naive
PBMC10k_ACGGTTACAACCGACC-1,586,Mono,CD14 Mono
PBMC10k_ACGGTTACACCACTGG-1,587,NK,NK
PBMC10k_ACGGTTACATACAGAA-1,588,Mono,CD16 Mono
PBMC10k_ACGGTTAGTACGAGCA-1,590,CD4 T,CD4 TEM
PBMC10k_ACGGTTAGTGAATATG-1,592,B,B naive
PBMC10k_ACGTAACAGTCTAGAA-1,594,CD4 T,CD4 Naive
PBMC10k_ACGTAACTCACAAGGG-1,597,B,B memory
PBMC10k_ACGTAACTCCTAAGTG-1,598,Mono,CD14 Mono
PBMC10k_ACGTACAAGGATATAC-1,600,CD8 T,CD8 Naive
PBMC10k_ACGTACACAAGAGAGA-1,602,B,B naive
PBMC10k_ACGTACAGTGCTCCGA-1,603,Mono,CD14 Mono
PBMC10k_ACGTACATCACAATGC-1,604,NK,NK
PBMC10k_ACGTACATCGGTATGT-1,605,B,B naive
PBMC10k_ACGTAGTCAGGGTTGA-1,607,CD4 T,CD4 Naive
PBMC10k_ACGTAGTCAGTCCCGA-1,608,other,Eryth
PBMC10k_ACGTAGTGTTCAAACC-1,610,CD4 T,CD4 TEM
PBMC10k_ACGTAGTTCACCCATC-1,611,B,B naive
PBMC10k_ACGTCCTAGAACTTCC-1,612,Mono,CD14 Mono
PBMC10k_ACGTCCTAGGTTGACG-1,614,CD4 T,CD4 TEM
PBMC10k_ACGTCCTTCTTCGGAA-1,617,CD4 T,CD4 TCM
PBMC10k_ACTACGACAGCTGGTC-1,622,CD8 T,CD8 Naive
PBMC10k_ACTACGAGTCGATTTG-1,623,NK,NK Proliferating
PBMC10k_ACTACGAGTCTTTATC-1,624,CD8 T,CD8 TCM
PBMC10k_ACTACGAGTGGACCAA-1,626,NK,NK_CD56bright
PBMC10k_ACTACGAGTTCGTACA-1,627,CD4 T,CD4 Naive
PBMC10k_ACTACGATCCGATGTA-1,629,other,ILC
PBMC10k_ACTACGATCGGACGTC-1,630,NK,NK Proliferating
PBMC10k_ACTACGATCTGGGATT-1,631,other T,MAIT
PBMC10k_ACTATCTAGGAAAGTG-1,632,CD4 T,CD4 TCM
PBMC10k_ACTATCTCAAACCACT-1,633,Mono,CD16 Mono
PBMC10k_ACTATCTGTTCTCTCG-1,635,other,Eryth
PBMC10k_ACTATCTTCGTCCTTG-1,638,NK,NK
PBMC10k_ACTATGGAGAGGCGGA-1,639,other T,dnT
PBMC10k_ACTATGGAGCCTCAAT-1,640,CD4 T,CD4 Naive
PBMC10k_ACTATGGAGGGTGGGA-1,641,NK,NK
PBMC10k_ACTATGGCAGTAGATA-1,642,CD4 T,CD4 TEM
PBMC10k_ACTATGGGTAGATTGA-1,643,Mono,CD14 Mono
PBMC10k_ACTATGGGTTTAGACC-1,646,CD8 T,CD8 TEM
PBMC10k_ACTATTCCAAGTGCTT-1,649,NK,NK
PBMC10k_ACTATTCTCCAACCAA-1,650,NK,NK
PBMC10k_ACTATTCTCCCTTCCC-1,651,other,Eryth
PBMC10k_ACTCCCAAGAGCCCAA-1,652,B,B naive
PBMC10k_ACTCCCACAAGGTTGG-1,653,CD8 T,CD8 Proliferating
PBMC10k_ACTCCCACAAGTCATC-1,654,CD8 T,CD8 Naive
PBMC10k_ACTCCCATCGACATCA-1,658,Mono,CD14 Mono
PBMC10k_ACTCTCGAGATTCGCT-1,659,DC,cDC2
PBMC10k_ACTCTCGAGCTGGAGT-1,660,CD8 T,CD8 Naive
PBMC10k_ACTCTCGCATCTCATT-1,665,NK,NK
PBMC10k_ACTCTCGGTTCAGCTA-1,667,CD8 T,CD8 TEM
PBMC10k_ACTCTCGGTTCAGTAC-1,668,CD4 T,CD4 Naive
PBMC10k_ACTGATGGTCATCCGG-1,670,NK,NK_CD56bright
PBMC10k_ACTGATGGTCTGCCTT-1,671,NK,NK
PBMC10k_ACTGATGTCTTCTGGC-1,672,NK,NK
PBMC10k_ACTGCAAAGAGTCTTC-1,673,Mono,CD16 Mono
PBMC10k_ACTGCAAAGTGCTAGG-1,674,CD4 T,CD4 Naive
PBMC10k_ACTGCAACACGGCACT-1,675,NK,NK
PBMC10k_ACTGCAACATTGCCTC-1,676,other,Eryth
PBMC10k_ACTGCAATCCCGTAAA-1,678,CD4 T,CD4 Naive
PBMC10k_ACTGTCCCAACCGTGC-1,679,NK,NK
PBMC10k_ACTGTCCCAAGCAATA-1,680,Mono,CD14 Mono
PBMC10k_ACTGTCCCATTCTCCG-1,682,other,Eryth
PBMC10k_ACTGTCCGTTTGAACC-1,683,Mono,CD14 Mono
PBMC10k_ACTGTGAAGACGATAT-1,686,CD4 T,CD4 Naive
PBMC10k_ACTGTGAAGATTGAGT-1,687,other,Eryth
PBMC10k_ACTGTGAAGCTTACGT-1,688,Mono,CD14 Mono
PBMC10k_ACTGTGAGTATCAAGA-1,689,CD4 T,CD4 Naive
PBMC10k_ACTGTGATCTCTGCCA-1,692,CD8 T,CD8 Naive
PBMC10k_ACTTAGGAGAAAGTCT-1,693,Mono,CD14 Mono
PBMC10k_ACTTAGGAGAACTCCT-1,694,CD4 T,CD4 Naive
PBMC10k_ACTTAGGAGAATTCAG-1,695,Mono,CD14 Mono
PBMC10k_ACTTAGGAGTGTTGAA-1,697,CD4 T,CD4 Naive
PBMC10k_ACTTAGGTCGTTCATT-1,700,CD4 T,CD4 Naive
PBMC10k_ACTTATCCAGAGTCAG-1,703,CD4 T,CD4 TCM
PBMC10k_ACTTATCTCAGGACAG-1,704,B,Plasmablast
PBMC10k_ACTTCCGAGACTGGGT-1,706,B,B naive
PBMC10k_ACTTCCGAGTCGGCAA-1,708,other T,MAIT
PBMC10k_ACTTCCGCAAAGGGTC-1,709,Mono,CD16 Mono
PBMC10k_ACTTCCGTCAGTGTGT-1,710,CD4 T,CD4 Naive
PBMC10k_ACTTCCGTCTGAGTCA-1,712,CD4 T,CD4 Naive
PBMC10k_ACTTCGCAGACCGTTT-1,714,CD4 T,CD4 TEM
PBMC10k_ACTTCGCAGTGCGACA-1,717,Mono,CD14 Mono
PBMC10k_ACTTCGCCAATCGCAT-1,718,CD8 T,CD8 Naive
PBMC10k_ACTTCGCGTCGGAAAC-1,719,NK,NK
PBMC10k_ACTTCGCGTTCGGCGT-1,720,CD8 T,CD8 Naive
PBMC10k_ACTTCGCTCTCCCATG-1,721,DC,cDC2
PBMC10k_ACTTTCAAGCCATGCC-1,723,B,B memory
PBMC10k_ACTTTCAGTAACAGTA-1,728,CD8 T,CD8 TEM
PBMC10k_ACTTTCAGTTTGGCTA-1,730,CD4 T,Treg
PBMC10k_ACTTTCATCTGGACTA-1,732,CD4 T,Treg
PBMC10k_ACTTTGTAGATTGTGA-1,733,CD4 T,CD4 Naive
PBMC10k_ACTTTGTGTTGTAGCT-1,735,NK,NK
PBMC10k_ACTTTGTTCTCAACGA-1,736,DC,cDC2
PBMC10k_ACTTTGTTCTCCAATT-1,737,Mono,CD14 Mono
PBMC10k_AGAAATGCAACCGACC-1,738,NK,NK
PBMC10k_AGAAATGCATCATTTC-1,739,Mono,CD16 Mono
PBMC10k_AGAAATGTCACAATGC-1,741,other T,MAIT
PBMC10k_AGAAATGTCTTCGTGC-1,742,CD4 T,CD4 TCM
PBMC10k_AGAACAAGTCGATTAC-1,744,NK,NK
PBMC10k_AGAACCTTCAGCGTCG-1,748,CD8 T,CD8 TCM
PBMC10k_AGAAGCGAGGATCACG-1,749,CD4 T,CD4 Naive
PBMC10k_AGAAGCGAGGGTAGCT-1,750,Mono,CD14 Mono
PBMC10k_AGAAGCGTCAAGCCCG-1,754,CD4 T,CD4 Naive
PBMC10k_AGAAGCGTCACCTACC-1,755,other T,dnT
PBMC10k_AGAAGTAAGCGAAACC-1,757,B,B intermediate
PBMC10k_AGAAGTAAGCGACAGT-1,758,NK,NK
PBMC10k_AGAAGTAAGTATGATG-1,759,CD8 T,CD8 TEM
PBMC10k_AGACAAACATGGAATA-1,763,Mono,CD16 Mono
PBMC10k_AGACAAATCGCGGTAC-1,765,CD4 T,CD4 Naive
PBMC10k_AGACACTCAGCTCGGT-1,768,other T,dnT
PBMC10k_AGACACTGTTGTAGCT-1,769,NK,NK
PBMC10k_AGACACTGTTTATGCG-1,770,CD8 T,CD8 Naive
PBMC10k_AGACACTTCACCATGA-1,771,Mono,CD14 Mono
PBMC10k_AGACACTTCCCTCAAC-1,773,Mono,CD14 Mono
PBMC10k_AGACACTTCGGTAGAG-1,774,Mono,CD14 Mono
PBMC10k_AGACAGGAGTCCCGAC-1,775,NK,NK
PBMC10k_AGACAGGGTCTGGTTA-1,776,CD4 T,CD4 Naive
PBMC10k_AGACCATAGTCGCCCA-1,780,CD8 T,CD8 Naive
PBMC10k_AGACCATGTGGTCTGC-1,785,Mono,CD14 Mono
PBMC10k_AGACCATTCGGCATAT-1,787,B,B naive
PBMC10k_AGACCATTCTTAGCCC-1,789,CD4 T,CD4 Naive
PBMC10k_AGACCCGAGCTATCCA-1,790,NK,NK
PBMC10k_AGACCCGAGTAAACGT-1,791,CD4 T,CD4 TCM
PBMC10k_AGACCCGCACCCAACG-1,792,B,B naive
PBMC10k_AGACCCGCAGAGACTG-1,793,CD4 T,Treg
PBMC10k_AGACCCGCAGCACAGA-1,794,CD8 T,CD8 Naive
PBMC10k_AGACCCGCATCGCCTT-1,795,Mono,CD14 Mono
PBMC10k_AGACCCGTCCGTCACT-1,798,CD4 T,CD4 TCM
PBMC10k_AGACCCGTCGGCCTTT-1,799,CD4 T,CD4 Naive
PBMC10k_AGACTCAAGCCTCATA-1,801,CD8 T,CD8 TEM
PBMC10k_AGACTCAAGCGGGTTA-1,802,CD8 T,CD8 TCM
PBMC10k_AGACTCACAATAACCC-1,803,B,Plasmablast
PBMC10k_AGACTCACAATCACGT-1,804,Mono,CD14 Mono
PBMC10k_AGACTCACACAAGCTT-1,805,CD8 T,CD8 Naive
PBMC10k_AGACTCACACTGAATC-1,806,Mono,CD14 Mono
PBMC10k_AGACTCAGTCGAATGG-1,809,CD4 T,CD4 TCM
PBMC10k_AGACTCAGTCTGTTAG-1,810,other,Eryth
PBMC10k_AGACTCAGTGGCTACC-1,811,other T,MAIT
PBMC10k_AGACTCATCAGCCTTC-1,812,CD4 T,CD4 TCM
PBMC10k_AGACTCATCGGCATAT-1,813,other,Eryth
PBMC10k_AGAGAATAGCTGACAG-1,814,CD8 T,CD8 TEM
PBMC10k_AGAGAATGTCGTTATG-1,817,other T,dnT
PBMC10k_AGAGAATGTGCATGAG-1,818,Mono,CD14 Mono
PBMC10k_AGAGAGCAGAGTGTTA-1,822,B,B naive
PBMC10k_AGAGAGCCAACTTGGT-1,823,CD4 T,CD4 TCM
PBMC10k_AGAGAGCGTACGGGAT-1,824,CD8 T,CD8 TEM
PBMC10k_AGAGAGCGTCACTTCC-1,826,CD4 T,CD4 TCM
PBMC10k_AGAGAGCGTTTAGAGA-1,827,Mono,CD14 Mono
PBMC10k_AGAGCAGCACGTAGAG-1,831,Mono,CD14 Mono
PBMC10k_AGAGCAGTCCATTTAC-1,832,NK,NK
PBMC10k_AGAGCAGTCGCAGATT-1,833,NK,NK
PBMC10k_AGAGCCCAGCTCCACG-1,834,Mono,CD14 Mono
PBMC10k_AGAGCCCCAACTTGCA-1,837,CD4 T,Treg
PBMC10k_AGAGCCCCACACCGCA-1,840,CD8 T,CD8 TEM
PBMC10k_AGAGCCCGTTGTAGCT-1,841,Mono,CD14 Mono
PBMC10k_AGAGCCCTCCATCGTC-1,842,NK,NK_CD56bright
PBMC10k_AGAGCCCTCTGTAAGC-1,845,CD8 T,CD8 TEM
PBMC10k_AGAGCCCTCTTGAGCA-1,846,Mono,CD14 Mono
PBMC10k_AGATAGAGTAGCACGA-1,849,other,ILC
PBMC10k_AGATAGATCCTGTTAT-1,851,B,B memory
PBMC10k_AGATCCAAGTTGCCCG-1,852,other T,MAIT
PBMC10k_AGATCCAGTTAGGGAC-1,853,DC,cDC2
PBMC10k_AGATCGTAGGCGATAC-1,855,CD4 T,CD4 TEM
PBMC10k_AGATCGTCAGAGATGC-1,857,Mono,CD14 Mono
PBMC10k_AGATGAAAGCATCCTA-1,859,B,B naive
PBMC10k_AGATGAATCATCTACT-1,861,CD4 T,CD4 Naive
PBMC10k_AGATGAATCATTCATC-1,862,CD4 T,CD4 TCM
PBMC10k_AGATGCTAGCAATAAC-1,863,CD4 T,CD4 Naive
PBMC10k_AGATGCTGTGTTAGCT-1,866,DC,cDC2
PBMC10k_AGATGCTGTGTTTGCA-1,867,NK,NK
PBMC10k_AGATGCTGTTGACTGT-1,868,CD8 T,CD8 TEM
PBMC10k_AGATGCTTCACATACG-1,869,Mono,CD14 Mono
PBMC10k_AGATGCTTCAGCCTTC-1,870,other T,MAIT
PBMC10k_AGCATCAAGTCTAGCT-1,871,CD4 T,CD4 Naive
PBMC10k_AGCATCACAAATGAGT-1,872,other T,MAIT
PBMC10k_AGCATCAGTTGGATCT-1,875,CD4 T,CD4 Naive
PBMC10k_AGCATCATCCGACAGC-1,877,CD4 T,CD4 Naive
PBMC10k_AGCCAATCAATAGTCC-1,880,CD4 T,CD4 TCM
PBMC10k_AGCCAATCACACGGAA-1,881,NK,NK
PBMC10k_AGCCAATCACTGTCGG-1,882,NK,NK
PBMC10k_AGCCAATCAGAATTCC-1,883,NK,NK_CD56bright
PBMC10k_AGCCAATCAGTAGATA-1,884,NK,NK
PBMC10k_AGCCAATGTACTGAGG-1,886,other T,dnT
PBMC10k_AGCCAATGTAGTGCGA-1,887,Mono,CD14 Mono
PBMC10k_AGCCAATGTCATAACC-1,888,CD8 T,CD8 Naive
PBMC10k_AGCCAATGTGTGAATA-1,889,Mono,CD16 Mono
PBMC10k_AGCCAATTCGGCTTGG-1,891,CD4 T,CD4 TEM
PBMC10k_AGCCACGAGACCTCCG-1,892,other,ILC
PBMC10k_AGCCACGAGGCCCGTT-1,893,CD4 T,CD4 TEM
PBMC10k_AGCCACGTCGCAGTGC-1,894,Mono,CD16 Mono
PBMC10k_AGCCACGTCTCTTAAC-1,895,Mono,CD14 Mono
PBMC10k_AGCCACGTCTTCGTAT-1,897,NK,NK
PBMC10k_AGCCAGCAGGACGCTA-1,898,other T,dnT
PBMC10k_AGCCAGCAGGATACCG-1,899,Mono,CD14 Mono
PBMC10k_AGCCAGCAGGATCACG-1,900,CD4 T,CD4 Naive
PBMC10k_AGCCAGCAGGTCATAA-1,901,Mono,CD14 Mono
PBMC10k_AGCCAGCCAATAAGGT-1,902,CD4 T,CD4 TEM
PBMC10k_AGCCAGCGTACTCCGG-1,903,CD4 T,CD4 TEM
PBMC10k_AGCCAGCGTGATTCAC-1,904,other,ILC
PBMC10k_AGCCAGCTCACTGGGC-1,906,NK,NK
PBMC10k_AGCCAGCTCGAGTCTA-1,908,Mono,CD14 Mono
PBMC10k_AGCGATTCAAAGCAAT-1,909,CD4 T,CD4 Naive
PBMC10k_AGCGATTCACGCTGTG-1,910,CD8 T,CD8 Naive
PBMC10k_AGCGATTGTTCGGCCA-1,913,B,B memory
PBMC10k_AGCGATTGTTGACTAC-1,914,other T,gdT
PBMC10k_AGCGATTTCCATGAGT-1,915,CD4 T,CD4 TCM
PBMC10k_AGCGCCAAGCCGATAG-1,916,Mono,CD14 Mono
PBMC10k_AGCGCCACATTGAAAG-1,920,CD4 T,CD4 TEM
PBMC10k_AGCGCCAGTGCCGGTT-1,921,Mono,CD14 Mono
PBMC10k_AGCGCCAGTTCCTACC-1,922,Mono,CD14 Mono
PBMC10k_AGCGCCATCTCAACGA-1,923,CD4 T,CD4 TCM
PBMC10k_AGCGCTGGTTCTCCCA-1,926,CD4 T,CD4 Naive
PBMC10k_AGCGCTGTCACCGACG-1,928,B,B naive
PBMC10k_AGCGTATAGAGGCGTT-1,930,NK,NK
PBMC10k_AGCGTATAGGTATAGT-1,933,B,B memory
PBMC10k_AGCGTATAGGTGGGTT-1,934,CD4 T,CD4 Naive
PBMC10k_AGCGTATCAGCTGTGC-1,936,other T,dnT
PBMC10k_AGCGTATCATGACTAC-1,938,CD4 T,CD4 TCM
PBMC10k_AGCGTATGTGTGACCC-1,940,Mono,CD14 Mono
PBMC10k_AGCGTATGTTGCCGAC-1,942,Mono,CD14 Mono
PBMC10k_AGCGTCGAGCTCATAC-1,944,CD4 T,Treg
PBMC10k_AGCGTCGCAACTGCTA-1,945,other T,gdT
PBMC10k_AGCGTCGCACATACTG-1,946,CD4 T,CD4 Naive
PBMC10k_AGCGTCGTCCGTGACG-1,947,Mono,CD14 Mono
PBMC10k_AGCTACAAGTAGACCG-1,949,other T,dnT
PBMC10k_AGCTACAGTATTGAGA-1,951,CD4 T,CD4 TCM
PBMC10k_AGCTACAGTCAGGTGA-1,952,CD4 T,CD4 TCM
PBMC10k_AGCTACAGTGCGGTAA-1,953,CD4 T,CD4 Naive
PBMC10k_AGCTACATCCAAACCA-1,954,CD4 T,CD4 TEM
PBMC10k_AGCTACATCCGCATAA-1,955,CD4 T,CD4 CTL
PBMC10k_AGCTCAAGTACCAATC-1,956,Mono,CD14 Mono
PBMC10k_AGCTTCCCAAGAGGTC-1,961,other T,MAIT
PBMC10k_AGCTTCCCAGAAATTG-1,962,CD4 T,CD4 TEM
PBMC10k_AGCTTCCCAGTCAACT-1,963,NK,NK
PBMC10k_AGGAAATAGAAACTAC-1,965,CD4 T,CD4 TEM
PBMC10k_AGGAAATAGCTCAGAG-1,966,CD4 T,CD4 Naive
PBMC10k_AGGAAATAGTGAGCCA-1,967,CD4 T,CD4 Naive
PBMC10k_AGGAAATTCGTTAGAC-1,970,NK,NK
PBMC10k_AGGAATAAGCTCCATA-1,972,CD8 T,CD8 TEM
PBMC10k_AGGAATAAGGATGAGA-1,973,CD4 T,CD4 TEM
PBMC10k_AGGAATAAGGCGCTCT-1,974,CD4 T,CD4 TCM
PBMC10k_AGGAATACACCTGATA-1,977,Mono,CD14 Mono
PBMC10k_AGGAATAGTCGAGCAA-1,979,NK,NK Proliferating
PBMC10k_AGGAATAGTGCGTCGT-1,980,CD4 T,Treg
PBMC10k_AGGACGACACTGGACC-1,983,CD4 T,CD4 Naive
PBMC10k_AGGACGAGTGGTAATA-1,986,other T,MAIT
PBMC10k_AGGACGAGTTCCACGG-1,987,B,B naive
PBMC10k_AGGACGAGTTTCAGAC-1,988,Mono,CD16 Mono
PBMC10k_AGGACGATCATACGAC-1,989,B,B naive
PBMC10k_AGGACTTAGACCATGG-1,990,CD4 T,CD4 TCM
PBMC10k_AGGACTTAGATTAGTG-1,991,CD8 T,CD8 TEM
PBMC10k_AGGACTTAGCCTGTGC-1,992,other T,dnT
PBMC10k_AGGACTTCACACACTA-1,993,Mono,CD16 Mono
PBMC10k_AGGAGGTCAAGCACCC-1,998,CD4 T,CD4 TEM
PBMC10k_AGGAGGTCACCGTCTT-1,999,other T,gdT
PBMC10k_AGGAGGTCATGACTGT-1,1000,CD4 T,CD4 Naive
PBMC10k_AGGAGGTCATTGTGCA-1,1001,CD4 T,CD4 TCM
PBMC10k_AGGAGGTGTCATCCCT-1,1002,other T,MAIT
PBMC10k_AGGATAACAACCGCCA-1,1004,B,B intermediate
PBMC10k_AGGATAACAGGCACAA-1,1006,B,B memory
PBMC10k_AGGATAAGTACGCTAT-1,1007,NK,NK
PBMC10k_AGGATAAGTTGAGTCT-1,1008,CD4 T,CD4 Naive
PBMC10k_AGGATAATCTCTATGT-1,1010,CD8 T,CD8 TEM
PBMC10k_AGGATCTAGAGTTGCG-1,1011,NK,NK
PBMC10k_AGGATCTCAATACCCA-1,1014,CD8 T,CD8 Proliferating
PBMC10k_AGGCATTAGCAGCAGT-1,1018,Mono,CD16 Mono
PBMC10k_AGGCATTAGGTTCATC-1,1019,CD4 T,Treg
PBMC10k_AGGCATTAGTAGCCAG-1,1020,CD4 T,CD4 Naive
PBMC10k_AGGCATTCAGAGTCAG-1,1022,B,B naive
PBMC10k_AGGCATTTCTGCGTCT-1,1025,Mono,CD14 Mono
PBMC10k_AGGCCACAGACTCTTG-1,1026,Mono,CD14 Mono
PBMC10k_AGGCCACAGCTCCATA-1,1028,NK,NK
PBMC10k_AGGCCACCACACTTAG-1,1031,CD4 T,CD4 TCM
PBMC10k_AGGCCACCATGCCATA-1,1032,CD8 T,CD8 Naive
PBMC10k_AGGCCACTCCAAACCA-1,1035,CD8 T,CD8 Naive
PBMC10k_AGGCCACTCTATCACT-1,1037,CD4 T,CD4 TEM
PBMC10k_AGGCTGCGTTCAAAGA-1,1042,other T,MAIT
PBMC10k_AGGGAGTGTCGGCCTA-1,1044,CD4 T,CD4 TCM
PBMC10k_AGGGCCTTCCTGGGTG-1,1048,CD4 T,CD4 Naive
PBMC10k_AGGGCTCGTCCGGTCA-1,1053,other T,MAIT
PBMC10k_AGGGCTCGTGCATGTT-1,1054,NK,NK
PBMC10k_AGGGCTCGTGGCCACT-1,1055,Mono,CD14 Mono
PBMC10k_AGGGTCCAGAATAACC-1,1056,B,B memory
PBMC10k_AGGGTCCAGCGAAACC-1,1057,CD4 T,CD4 Naive
PBMC10k_AGGGTCCAGTGCCAGA-1,1058,NK,NK
PBMC10k_AGGGTCCTCCTTGACC-1,1059,other,Eryth
PBMC10k_AGGGTGACACCCTTGT-1,1061,CD4 T,CD4 Naive
PBMC10k_AGGGTGACACTGAATC-1,1062,B,B naive
PBMC10k_AGGGTGACAGATGCGA-1,1063,Mono,CD14 Mono
PBMC10k_AGGGTTTCATTGCTGA-1,1065,B,B naive
PBMC10k_AGGTAGGTCTGCCTGT-1,1070,NK,NK
PBMC10k_AGGTCATCAATGACCT-1,1071,CD4 T,CD4 TCM
PBMC10k_AGGTCATCACCAAATC-1,1072,NK,NK
PBMC10k_AGGTCATCATCTATCT-1,1074,CD8 T,CD8 TEM
PBMC10k_AGGTCATGTTCTCAGA-1,1075,CD8 T,CD8 Naive
PBMC10k_AGGTCATTCACGGACC-1,1076,CD4 T,CD4 TCM
PBMC10k_AGGTCATTCCATTGTT-1,1077,CD4 T,CD4 TCM
PBMC10k_AGGTCTAAGGAACGAA-1,1079,other,ILC
PBMC10k_AGGTCTAAGGCTAACG-1,1080,NK,NK
PBMC10k_AGGTCTAAGTCATCGT-1,1081,other T,MAIT
PBMC10k_AGGTCTACAATGTTGC-1,1082,Mono,CD14 Mono
PBMC10k_AGGTCTACACCGTGGT-1,1083,B,B naive
PBMC10k_AGGTCTAGTGCTCGTG-1,1084,NK,NK
PBMC10k_AGGTCTAGTGTCTCCT-1,1085,other,Eryth
PBMC10k_AGGTCTATCTTGGAAC-1,1089,CD4 T,CD4 TEM
PBMC10k_AGGTGTTAGTTGCGAG-1,1091,other,Platelet
PBMC10k_AGGTGTTCAATTGCTG-1,1092,Mono,CD14 Mono
PBMC10k_AGGTGTTCACACACGC-1,1093,CD4 T,Treg
PBMC10k_AGGTGTTTCCTCTAAT-1,1095,CD4 T,CD4 Naive
PBMC10k_AGGTGTTTCTGCGGCA-1,1097,CD4 T,Treg
PBMC10k_AGGTTACAGCTCCCTT-1,1098,CD8 T,CD8 TEM
PBMC10k_AGGTTACCATGGCTAT-1,1101,other T,MAIT
PBMC10k_AGGTTACGTATGAGCG-1,1102,B,B memory
PBMC10k_AGGTTACGTCTTACTT-1,1103,CD4 T,CD4 TCM
PBMC10k_AGGTTACTCCGCATAA-1,1104,CD8 T,CD8 TEM
PBMC10k_AGGTTACTCGAACCTA-1,1105,other T,MAIT
PBMC10k_AGGTTGTAGCGCCCAT-1,1108,Mono,CD14 Mono
PBMC10k_AGGTTGTGTACGAGTG-1,1109,CD4 T,CD4 TCM
PBMC10k_AGGTTGTGTGCATACT-1,1110,CD4 T,CD4 TEM
PBMC10k_AGGTTGTTCACATCAG-1,1111,Mono,CD14 Mono
PBMC10k_AGTAACCAGGCCCACT-1,1114,DC,cDC2
PBMC10k_AGTAACCAGGTCCAGA-1,1115,CD8 T,CD8 Naive
PBMC10k_AGTAACCTCCAACACA-1,1116,CD4 T,CD4 Naive
PBMC10k_AGTACCAAGAGATGCC-1,1117,NK,NK
PBMC10k_AGTACCAAGCACTCCG-1,1119,Mono,CD14 Mono
PBMC10k_AGTACCAAGGAAAGGT-1,1120,CD4 T,CD4 Naive
PBMC10k_AGTACCACAACCCTAA-1,1122,CD8 T,CD8 TEM
PBMC10k_AGTACCACAGCGACCT-1,1123,Mono,CD14 Mono
PBMC10k_AGTACCACAGTTGTCA-1,1124,B,B naive
PBMC10k_AGTACCACATGTGGCC-1,1126,NK,NK
PBMC10k_AGTACCAGTGAACCGA-1,1127,Mono,CD14 Mono
PBMC10k_AGTACCAGTTATAGAG-1,1128,CD8 T,CD8 TEM
PBMC10k_AGTAGCTAGACTTAAG-1,1134,NK,NK
PBMC10k_AGTAGCTAGAGTACCG-1,1135,CD4 T,CD4 TEM
PBMC10k_AGTAGCTAGCTACGTT-1,1136,NK,NK Proliferating
PBMC10k_AGTAGCTGTCTTAGTG-1,1139,NK,NK
PBMC10k_AGTAGCTTCCTAAACG-1,1141,other T,gdT
PBMC10k_AGTAGCTTCCTCTGCA-1,1142,B,B intermediate
PBMC10k_AGTAGTCAGCTGTACT-1,1144,CD8 T,CD8 Naive
PBMC10k_AGTAGTCAGGGTGAGG-1,1145,NK,NK
PBMC10k_AGTAGTCAGGTAAGAG-1,1146,Mono,CD14 Mono
PBMC10k_AGTAGTCAGTCGGCAA-1,1147,B,B naive
PBMC10k_AGTAGTCGTCTATGAC-1,1149,NK,NK
PBMC10k_AGTCAACAGCTAGAGC-1,1152,CD4 T,Treg
PBMC10k_AGTCAACAGGTTAGTA-1,1153,CD4 T,CD4 Naive
PBMC10k_AGTCAACAGTCTGCAT-1,1154,CD4 T,CD4 TCM
PBMC10k_AGTCAACGTTTCTTAC-1,1159,CD8 T,CD8 TEM
PBMC10k_AGTCAACTCATGCATG-1,1160,Mono,CD14 Mono
PBMC10k_AGTCATGAGCGCCTAC-1,1165,NK,NK
PBMC10k_AGTCATGAGCTACTAC-1,1166,other T,MAIT
PBMC10k_AGTCATGAGTATGTAG-1,1167,DC,pDC
PBMC10k_AGTCATGTCAAACCTG-1,1169,Mono,CD14 Mono
PBMC10k_AGTCTCCGTTAAGCAA-1,1172,B,B naive
PBMC10k_AGTCTCCTCAGAGTGG-1,1175,B,B naive
PBMC10k_AGTGACTAGCTACTAC-1,1176,Mono,CD14 Mono
PBMC10k_AGTGACTCAGCAGTTT-1,1177,CD8 T,CD8 TCM
PBMC10k_AGTGACTCATCTTTCA-1,1180,Mono,CD14 Mono
PBMC10k_AGTGATCAGCGGTAGT-1,1182,other T,MAIT
PBMC10k_AGTGATCGTGCAGGAT-1,1185,CD4 T,CD4 TEM
PBMC10k_AGTGATCGTTTGTGGT-1,1186,CD4 T,CD4 Naive
PBMC10k_AGTGCCGAGCGCCCAT-1,1188,B,B intermediate
PBMC10k_AGTGCCGAGTGATGGC-1,1189,Mono,CD14 Mono
PBMC10k_AGTGCCGGTCGATGCC-1,1190,NK,NK
PBMC10k_AGTGCCGTCAGTGTGT-1,1191,other T,MAIT
PBMC10k_AGTGCCGTCGACCATA-1,1192,CD8 T,CD8 Naive
PBMC10k_AGTGTTGCAGGGTCTC-1,1194,NK,NK
PBMC10k_AGTGTTGTCTGACCCT-1,1198,other T,MAIT
PBMC10k_AGTTAGCAGGTTCAGG-1,1200,CD8 T,CD8 TEM
PBMC10k_AGTTAGCGTCAGATTC-1,1202,CD4 T,CD4 Naive
PBMC10k_AGTTAGCGTCGTATTG-1,1203,Mono,CD14 Mono
PBMC10k_AGTTAGCTCCGTAGGC-1,1206,Mono,CD14 Mono
PBMC10k_AGTTCCCAGGGCAGTT-1,1208,CD4 T,CD4 TCM
PBMC10k_AGTTCCCAGTAATTGG-1,1209,Mono,CD14 Mono
PBMC10k_AGTTCCCAGTGAGTGC-1,1210,other T,dnT
PBMC10k_AGTTCCCCAAAGGAGA-1,1211,NK,NK
PBMC10k_AGTTCCCCAACCTAAC-1,1212,CD8 T,CD8 TEM
PBMC10k_AGTTCCCCACGTGTGC-1,1213,other T,dnT
PBMC10k_AGTTCCCCATCTGGGC-1,1214,NK,NK_CD56bright
PBMC10k_AGTTCCCGTCGCAGTC-1,1216,CD4 T,CD4 TCM
PBMC10k_AGTTCGAAGGGATCTG-1,1220,B,B memory
PBMC10k_AGTTCGACAACACTAC-1,1222,CD4 T,CD4 TCM
PBMC10k_AGTTCGACACTGGATT-1,1223,CD8 T,CD8 TEM
PBMC10k_AGTTCGAGTTCTTGTT-1,1228,CD4 T,CD4 Naive
PBMC10k_ATACCGAAGACTGGGT-1,1230,NK,NK
PBMC10k_ATACCGACACAACGTT-1,1232,Mono,CD14 Mono
PBMC10k_ATACCGACACTCATAG-1,1233,B,B memory
PBMC10k_ATACCTTAGGATGGCT-1,1236,Mono,CD14 Mono
PBMC10k_ATACCTTCACGGGCTT-1,1237,Mono,CD14 Mono
PBMC10k_ATACCTTCATAGATCC-1,1239,CD8 T,CD8 Naive
PBMC10k_ATACCTTGTCATTGCA-1,1241,CD4 T,CD4 TEM
PBMC10k_ATACCTTGTCCAAGAG-1,1242,CD4 T,CD4 TCM
PBMC10k_ATACCTTGTTCAATCG-1,1243,B,B memory
PBMC10k_ATACTTCCAGCTCTGG-1,1245,CD4 T,CD4 CTL
PBMC10k_ATACTTCCATACATCG-1,1246,NK,NK_CD56bright
PBMC10k_ATACTTCGTAAGGCTG-1,1247,other T,MAIT
PBMC10k_ATACTTCGTAGACGGT-1,1248,CD4 T,CD4 Naive
PBMC10k_ATACTTCGTCTGCAAT-1,1249,CD4 T,CD4 TCM
PBMC10k_ATACTTCTCCATCAGA-1,1251,CD4 T,CD4 TCM
PBMC10k_ATAGACCAGAGTAACT-1,1253,B,B intermediate
PBMC10k_ATAGACCAGCAATAGT-1,1254,DC,cDC2
PBMC10k_ATAGACCTCCAAAGGG-1,1256,B,B naive
PBMC10k_ATAGAGAAGATGGTAT-1,1259,CD4 T,CD4 Naive
PBMC10k_ATAGAGAAGCAGCACA-1,1260,CD4 T,CD4 TCM
PBMC10k_ATAGAGACACCGTGAC-1,1262,CD8 T,CD8 Naive
PBMC10k_ATAGAGATCGGTGTTA-1,1263,NK,NK
PBMC10k_ATAGAGATCGTAACTG-1,1264,CD4 T,CD4 TCM
PBMC10k_ATAGGCTAGAGGTGCT-1,1266,B,B naive
PBMC10k_ATAGGCTAGCGTCTGC-1,1267,NK,NK
PBMC10k_ATAGGCTCAAGTTTGC-1,1268,NK,NK
PBMC10k_ATAGGCTGTCGAGCAA-1,1269,Mono,CD14 Mono
PBMC10k_ATAGGCTGTGCCAAGA-1,1271,CD4 T,CD4 TCM
PBMC10k_ATAGGCTTCCATGAGT-1,1272,CD8 T,CD8 TEM
PBMC10k_ATATCCTAGCGCATCC-1,1273,Mono,CD14 Mono
PBMC10k_ATATCCTAGTGACCTT-1,1277,other T,MAIT
PBMC10k_ATATCCTCAGCGTAGA-1,1279,DC,cDC2
PBMC10k_ATATCCTGTCCACTTC-1,1280,other T,MAIT
PBMC10k_ATATCCTGTCTAGTGT-1,1281,CD4 T,CD4 TCM
PBMC10k_ATCACAGCACCATAAC-1,1285,other T,MAIT
PBMC10k_ATCACAGCATACATCG-1,1286,CD4 T,CD4 Naive
PBMC10k_ATCACAGTCTTTACAC-1,1288,Mono,CD14 Mono
PBMC10k_ATCACGAGTGTGTCCG-1,1290,CD4 T,CD4 TEM
PBMC10k_ATCACGATCGTTAGAC-1,1293,other,Eryth
PBMC10k_ATCACTTCACTCCTGT-1,1294,other T,MAIT
PBMC10k_ATCACTTCACTCTAGA-1,1295,Mono,CD14 Mono
PBMC10k_ATCACTTCAGGACGAT-1,1296,CD4 T,CD4 TCM
PBMC10k_ATCACTTTCTAGAACC-1,1300,Mono,CD14 Mono
PBMC10k_ATCAGGTGTTTACCAG-1,1305,Mono,CD14 Mono
PBMC10k_ATCAGGTTCCTCTTTC-1,1306,Mono,CD14 Mono
PBMC10k_ATCAGGTTCGCACTCT-1,1307,other T,gdT
PBMC10k_ATCATTCAGCCTGGAA-1,1308,CD4 T,Treg
PBMC10k_ATCATTCCAGTCACGC-1,1309,CD8 T,CD8 TCM
PBMC10k_ATCATTCGTCGCACGT-1,1310,NK,NK
PBMC10k_ATCATTCGTGAATGTA-1,1311,Mono,CD14 Mono
PBMC10k_ATCATTCGTGGCACTC-1,1312,other T,dnT
PBMC10k_ATCATTCTCTGGGATT-1,1313,other,HSPC
PBMC10k_ATCATTCTCTGTTCAT-1,1314,DC,pDC
PBMC10k_ATCCACCAGAGCTGCA-1,1316,B,B naive
PBMC10k_ATCCACCAGCTTGTTG-1,1317,CD4 T,CD4 Naive
PBMC10k_ATCCACCAGGAATGTT-1,1318,CD8 T,CD8 TEM
PBMC10k_ATCCACCAGGAGTACC-1,1319,Mono,CD14 Mono
PBMC10k_ATCCATTCACCACTGG-1,1324,Mono,CD14 Mono
PBMC10k_ATCCATTTCCGTAGTA-1,1327,CD4 T,CD4 TCM
PBMC10k_ATCCCTGTCCTTTGAT-1,1330,NK,NK_CD56bright
PBMC10k_ATCCGTCAGCCTTTGA-1,1332,NK,NK
PBMC10k_ATCCGTCAGTGCCAGA-1,1333,other T,MAIT
PBMC10k_ATCCGTCCAAGTGATA-1,1335,CD8 T,CD8 TEM
PBMC10k_ATCCGTCGTAAGATAC-1,1336,NK,NK
PBMC10k_ATCCGTCGTGGATTTC-1,1337,Mono,CD14 Mono
PBMC10k_ATCCGTCTCCCATACC-1,1339,NK,NK
PBMC10k_ATCCTATCAGCGTTTA-1,1342,CD4 T,CD4 Naive
PBMC10k_ATCCTATCATGCGTGC-1,1343,CD4 T,CD4 Naive
PBMC10k_ATCCTATCATGTTTGG-1,1344,Mono,CD14 Mono
PBMC10k_ATCGATGAGGCATCAG-1,1347,other T,gdT
PBMC10k_ATCGATGCAATGGGTG-1,1348,Mono,CD14 Mono
PBMC10k_ATCGATGCATCAGCGC-1,1349,other T,MAIT
PBMC10k_ATCGATGGTAGCGATG-1,1350,Mono,CD14 Mono
PBMC10k_ATCGATGTCTCGTGAA-1,1352,other T,gdT
PBMC10k_ATCGATGTCTGGGCAC-1,1353,CD4 T,CD4 Naive
PBMC10k_ATCGCCTAGAACTTCC-1,1354,CD4 T,CD4 TCM
PBMC10k_ATCGCCTAGGTAAAGG-1,1355,CD4 T,Treg
PBMC10k_ATCGCCTCACGTAACT-1,1356,CD4 T,CD4 Naive
PBMC10k_ATCGCCTCATGCGGTC-1,1357,B,B memory
PBMC10k_ATCGCCTGTCGAGCTC-1,1358,CD8 T,CD8 TEM
PBMC10k_ATCGCCTGTGGGACAT-1,1359,B,Plasmablast
PBMC10k_ATCGCCTTCGACTCCT-1,1361,CD4 T,CD4 TCM
PBMC10k_ATCGGATAGTAACCGG-1,1363,CD4 T,CD4 CTL
PBMC10k_ATCGGATAGTAGTGCG-1,1364,NK,NK
PBMC10k_ATCGGATCACGTTCGG-1,1366,Mono,CD14 Mono
PBMC10k_ATCGGATTCGCGTTTC-1,1367,NK,NK
PBMC10k_ATCGGATTCTTACGGA-1,1368,CD8 T,CD8 Naive
PBMC10k_ATCGGCGCAACTGCTA-1,1371,Mono,CD14 Mono
PBMC10k_ATCGGCGGTACAAACA-1,1372,NK,NK
PBMC10k_ATCGTAGAGCAGGCAT-1,1374,Mono,CD14 Mono
PBMC10k_ATCGTAGAGGATCACG-1,1375,CD8 T,CD8 TCM
PBMC10k_ATCGTAGGTCTACTGA-1,1376,CD4 T,CD4 Naive
PBMC10k_ATCGTCCAGGAACTCG-1,1378,B,B intermediate
PBMC10k_ATCGTCCAGTTACTCG-1,1379,CD4 T,CD4 TCM
PBMC10k_ATCGTCCCAGGGACTA-1,1381,B,B intermediate
PBMC10k_ATCGTCCGTATCAAGA-1,1383,CD4 T,CD4 Naive
PBMC10k_ATCGTCCGTCAAAGTA-1,1384,CD4 T,CD4 Naive
PBMC10k_ATCGTCCGTTAGAGTA-1,1385,Mono,CD14 Mono
PBMC10k_ATCGTCCGTTCGGCGT-1,1386,CD4 T,CD4 Naive
PBMC10k_ATCGTGAAGGATACCG-1,1389,B,B memory
PBMC10k_ATCGTGACACTATGTG-1,1390,other T,MAIT
PBMC10k_ATCGTGACAGACGCTC-1,1392,CD4 T,CD4 TCM
PBMC10k_ATCTCTAAGATCCCAT-1,1397,Mono,CD14 Mono
PBMC10k_ATCTCTAAGATGGGCT-1,1398,CD4 T,CD4 TCM
PBMC10k_ATCTCTAAGTGGTGAC-1,1400,Mono,CD14 Mono
PBMC10k_ATCTCTACAGCCTTCT-1,1402,NK,NK
PBMC10k_ATCTCTACATTCTTCA-1,1404,NK,NK
PBMC10k_ATCTCTAGTACGAGTG-1,1405,CD4 T,CD4 TCM
PBMC10k_ATCTCTAGTTATCTGG-1,1406,CD8 T,CD8 Naive
PBMC10k_ATCTTCAAGTCGTTAC-1,1409,CD4 T,CD4 Naive
PBMC10k_ATCTTCAAGTCTTCCC-1,1410,CD8 T,CD8 TEM
PBMC10k_ATCTTCACAGGTGACA-1,1411,Mono,CD14 Mono
PBMC10k_ATCTTCAGTCCAACGC-1,1412,CD4 T,CD4 TCM
PBMC10k_ATCTTCAGTGCCCAGT-1,1413,CD4 T,CD4 TCM
PBMC10k_ATCTTCATCGGAATGG-1,1415,CD4 T,CD4 Naive
PBMC10k_ATGAAAGAGCGTTAGG-1,1418,CD8 T,CD8 TEM
PBMC10k_ATGAAAGAGGCTGAAC-1,1419,other T,MAIT
PBMC10k_ATGACCAAGCCAAGCA-1,1427,CD4 T,CD4 TCM
PBMC10k_ATGACCAAGTTACGAA-1,1429,B,B naive
PBMC10k_ATGACCACAGATACTC-1,1430,other T,gdT
PBMC10k_ATGACCACAGGTATGG-1,1431,other T,dnT
PBMC10k_ATGACCATCGTTATCT-1,1434,CD4 T,CD4 Naive
PBMC10k_ATGAGTCAGAGGCGGA-1,1440,CD4 T,CD4 TCM
PBMC10k_ATGAGTCAGATCACTC-1,1441,B,B naive
PBMC10k_ATGAGTCCAATACAGA-1,1444,CD4 T,CD4 CTL
PBMC10k_ATGAGTCCATCCCACT-1,1445,CD8 T,CD8 TEM
PBMC10k_ATGAGTCTCCTTCTGG-1,1448,B,B memory
PBMC10k_ATGATCGAGGATACAT-1,1450,NK,NK
PBMC10k_ATGATCGGTAGGATAT-1,1453,NK,NK_CD56bright
PBMC10k_ATGATCGGTTGCTCCT-1,1455,CD4 T,CD4 TCM
PBMC10k_ATGATCGTCTCGTGGG-1,1458,Mono,CD14 Mono
PBMC10k_ATGCATGAGACGCCAA-1,1459,CD4 T,CD4 Naive
PBMC10k_ATGCATGAGCATTTCG-1,1460,DC,cDC2
PBMC10k_ATGCATGAGGGCTGAT-1,1461,CD8 T,CD8 TCM
PBMC10k_ATGCATGAGTTGTCAC-1,1462,CD4 T,CD4 TCM
PBMC10k_ATGCATGGTACGACTT-1,1464,Mono,CD14 Mono
PBMC10k_ATGCATGGTATGAGGC-1,1465,NK,NK
PBMC10k_ATGCATGGTCGACTGC-1,1466,Mono,CD14 Mono
PBMC10k_ATGCATGGTGACCGTC-1,1468,other T,MAIT
PBMC10k_ATGCATGGTGATTCAC-1,1469,DC,cDC2
PBMC10k_ATGCATGGTTAGAGTA-1,1470,NK,NK
PBMC10k_ATGCATGTCGGAAGGT-1,1473,CD4 T,CD4 TCM
PBMC10k_ATGCCTCAGAAGCCAC-1,1474,other,ILC
PBMC10k_ATGCCTCAGCAAGCCA-1,1475,CD8 T,CD8 TCM
PBMC10k_ATGCCTCTCCTAGAGT-1,1481,B,B naive
PBMC10k_ATGCCTCTCGTAGTGT-1,1482,other T,MAIT
PBMC10k_ATGCGATAGCACGTCC-1,1483,Mono,CD14 Mono
PBMC10k_ATGCGATAGTTCTACG-1,1484,CD4 T,CD4 TCM
PBMC10k_ATGCGATCAGAGAGGG-1,1486,other,ILC
PBMC10k_ATGCGATGTCACGACC-1,1489,DC,cDC2
PBMC10k_ATGGAGGAGACAAGCC-1,1491,other,ILC
PBMC10k_ATGGAGGAGCGCTGCT-1,1492,CD4 T,CD4 TCM
PBMC10k_ATGGAGGCAATGAACA-1,1493,Mono,CD14 Mono
PBMC10k_ATGGAGGTCAAGAAAC-1,1496,CD4 T,CD4 TCM
PBMC10k_ATGGATCAGATTCGAA-1,1498,CD4 T,CD4 TCM
PBMC10k_ATGGATCAGGAAGTGA-1,1499,CD4 T,Treg
PBMC10k_ATGGATCCACTATGTG-1,1501,CD4 T,CD4 Naive
PBMC10k_ATGGATCCAGACACCC-1,1502,CD4 T,CD4 TCM
PBMC10k_ATGGATCGTGAGAACC-1,1505,Mono,CD14 Mono
PBMC10k_ATGGGAGCAACATACC-1,1506,other,Eryth
PBMC10k_ATGGGAGCAGCTGTCG-1,1509,CD4 T,CD4 Naive
PBMC10k_ATGGGAGGTACAGAAT-1,1511,CD4 T,CD4 Naive
PBMC10k_ATGGGAGTCTCTCTAA-1,1513,other,Eryth
PBMC10k_ATGGGAGTCTGACCCT-1,1514,DC,cDC2
PBMC10k_ATGGGTTAGAGTGACC-1,1516,CD4 T,CD4 Naive
PBMC10k_ATGGGTTAGCGAACTG-1,1517,NK,NK_CD56bright
PBMC10k_ATGGGTTGTATCGCAT-1,1519,CD8 T,CD8 Naive
PBMC10k_ATGGTTGGTGATATAG-1,1522,CD8 T,CD8 TCM
PBMC10k_ATGGTTGTCTCTATAC-1,1523,other T,MAIT
PBMC10k_ATGTCCCCACCGGCTA-1,1526,Mono,CD14 Mono
PBMC10k_ATGTCCCGTGAAGCTG-1,1528,Mono,CD14 Mono
PBMC10k_ATGTCCCTCAAGTCTG-1,1529,other T,MAIT
PBMC10k_ATGTCCCTCGTTCATT-1,1530,Mono,CD14 Mono
PBMC10k_ATGTCTTAGTGCAGCA-1,1532,CD4 T,Treg
PBMC10k_ATGTCTTCACAATGTC-1,1534,CD4 T,CD4 Naive
PBMC10k_ATGTCTTCAGCCGTTG-1,1535,CD4 T,CD4 TCM
PBMC10k_ATGTCTTGTAGTGCGA-1,1536,B,B memory
PBMC10k_ATGTCTTGTTGGTGTT-1,1537,NK,NK
PBMC10k_ATGTCTTTCTCACTCG-1,1538,CD4 T,CD4 TEM
PBMC10k_ATTACCTAGAAGCCTG-1,1539,Mono,CD14 Mono
PBMC10k_ATTACCTAGCACCGTC-1,1541,CD4 T,CD4 Naive
PBMC10k_ATTACCTAGCCATCCG-1,1542,CD4 T,CD4 Naive
PBMC10k_ATTACCTCAAGTTCGT-1,1544,NK,NK
PBMC10k_ATTACCTCAGAGCGTA-1,1546,CD4 T,CD4 Naive
PBMC10k_ATTACCTTCACATACG-1,1547,other T,gdT
PBMC10k_ATTACTCAGACCAGCA-1,1550,other T,MAIT
PBMC10k_ATTACTCAGGACAGCT-1,1551,CD8 T,CD8 TEM
PBMC10k_ATTACTCAGTGGATTA-1,1552,CD8 T,CD8 TEM
PBMC10k_ATTACTCCACTCCACT-1,1554,CD8 T,CD8 Naive
PBMC10k_ATTACTCCACTGCATA-1,1555,CD4 T,CD4 TEM
PBMC10k_ATTACTCTCGAAATCC-1,1557,CD8 T,CD8 TCM
PBMC10k_ATTACTCTCGGTCATA-1,1558,CD4 T,CD4 TCM
PBMC10k_ATTATCCCATCATGAC-1,1559,Mono,CD14 Mono
PBMC10k_ATTATCCGTCATCGCG-1,1560,CD4 T,CD4 TCM
PBMC10k_ATTATCCTCGAAGCAG-1,1561,CD4 T,CD4 TCM
PBMC10k_ATTCACTAGCTAAATG-1,1563,CD4 T,CD4 Naive
PBMC10k_ATTCACTAGCTACTAC-1,1564,CD4 T,CD4 Naive
PBMC10k_ATTCACTAGTTGCATC-1,1565,NK,NK
PBMC10k_ATTCACTGTCAGACGA-1,1567,CD4 T,CD4 Naive
PBMC10k_ATTCACTGTGCTGTCG-1,1568,other T,MAIT
PBMC10k_ATTCACTTCCTGTACC-1,1571,NK,NK
PBMC10k_ATTCATCCAGCAGTCC-1,1578,other T,MAIT
PBMC10k_ATTCATCCAGGTGTGA-1,1579,Mono,CD14 Mono
PBMC10k_ATTCATCGTGAGTAAT-1,1580,Mono,CD14 Mono
PBMC10k_ATTCATCTCTGCAGCG-1,1583,other T,gdT
PBMC10k_ATTCCATAGTAGGATT-1,1584,Mono,CD14 Mono
PBMC10k_ATTCCATGTCACTCGG-1,1585,CD4 T,CD4 Naive
PBMC10k_ATTCCATTCCAACCAA-1,1587,CD4 T,Treg
PBMC10k_ATTCCATTCGGCTTGG-1,1588,CD8 T,CD8 TEM
PBMC10k_ATTCCATTCTTCTGTA-1,1589,NK,NK
PBMC10k_ATTCCCGAGCTTGTGT-1,1591,NK,NK
PBMC10k_ATTCCCGAGTTCACTG-1,1592,CD4 T,CD4 Naive
PBMC10k_ATTCCCGCAAGCGCAA-1,1593,CD4 T,Treg
PBMC10k_ATTCCCGCACAATGTC-1,1594,CD4 T,CD4 TCM
PBMC10k_ATTCCCGCATGGGAAC-1,1596,CD4 T,CD4 TCM
PBMC10k_ATTCCCGGTCGATGCC-1,1597,NK,NK
PBMC10k_ATTCCCGTCCCAAGCG-1,1598,CD4 T,Treg
PBMC10k_ATTCCCGTCTTGCGCT-1,1599,CD4 T,Treg
PBMC10k_ATTCCTACATGTGTCA-1,1602,NK,NK
PBMC10k_ATTCGTTAGCCACCGT-1,1606,CD4 T,CD4 Naive
PBMC10k_ATTCGTTCATCGGCCA-1,1609,Mono,CD14 Mono
PBMC10k_ATTCGTTGTTAAGAAC-1,1611,Mono,CD14 Mono
PBMC10k_ATTCGTTTCGAGCCTG-1,1612,Mono,CD14 Mono
PBMC10k_ATTCTACGTACCGGAA-1,1613,B,B memory
PBMC10k_ATTCTACTCATTCCTA-1,1615,CD4 T,CD4 Naive
PBMC10k_ATTCTACTCGAATCCA-1,1617,Mono,CD14 Mono
PBMC10k_ATTCTACTCTCCAAGA-1,1618,CD4 T,CD4 Naive
PBMC10k_ATTCTACTCTGAGCAT-1,1619,Mono,CD14 Mono
PBMC10k_ATTCTTGAGCCTGAGA-1,1620,CD4 T,CD4 Naive
PBMC10k_ATTCTTGGTAACCCGC-1,1621,CD4 T,CD4 Naive
PBMC10k_ATTCTTGGTGCTTCAA-1,1622,NK,NK
PBMC10k_ATTCTTGGTGGCCTCA-1,1623,CD8 T,CD8 TCM
PBMC10k_ATTGGGTAGCACGGAT-1,1625,Mono,CD14 Mono
PBMC10k_ATTGGGTCATATGGCT-1,1627,DC,pDC
PBMC10k_ATTGGGTGTAGGCAAC-1,1628,CD8 T,CD8 Naive
PBMC10k_ATTGGGTTCATTCATC-1,1630,CD4 T,CD4 Naive
PBMC10k_ATTGGGTTCGCACTCT-1,1631,NK,NK
PBMC10k_ATTGTTCGTAGGTGCA-1,1636,CD4 T,CD4 TCM
PBMC10k_ATTGTTCGTAGTCGTT-1,1637,CD8 T,CD8 TEM
PBMC10k_ATTGTTCGTCTTGAAC-1,1638,CD8 T,CD8 TEM
PBMC10k_ATTGTTCTCCCACAGG-1,1639,Mono,CD14 Mono
PBMC10k_ATTTACCAGATGTTCC-1,1640,DC,pDC
PBMC10k_ATTTACCAGCGCCTTG-1,1641,CD4 T,Treg
PBMC10k_ATTTACCCAACTGATC-1,1643,Mono,CD16 Mono
PBMC10k_ATTTACCCAGCGGTCT-1,1645,CD4 T,CD4 Naive
PBMC10k_ATTTACCGTATGGAAT-1,1647,Mono,CD14 Mono
PBMC10k_ATTTACCGTTTAGACC-1,1649,CD8 T,CD8 TEM
PBMC10k_ATTTACCTCGCCGATG-1,1650,other T,gdT
PBMC10k_ATTTCACAGGCGAACT-1,1651,CD4 T,CD4 Naive
PBMC10k_ATTTCACCAGAACGCA-1,1652,other T,MAIT
PBMC10k_ATTTCACCATCACAGT-1,1653,NK,NK
PBMC10k_ATTTCACGTAAGGCCA-1,1654,CD4 T,CD4 TEM
PBMC10k_ATTTCACTCGATGCAT-1,1656,CD4 T,CD4 TCM
PBMC10k_ATTTCTGAGCATCCCG-1,1658,Mono,CD14 Mono
PBMC10k_ATTTCTGCAACCAGAG-1,1660,CD4 T,CD4 TEM
PBMC10k_ATTTCTGCACAGTCAT-1,1661,other,Eryth
PBMC10k_ATTTCTGTCCTTGAAG-1,1665,CD4 T,CD4 TCM
PBMC10k_CAAAGAAAGATACGAT-1,1667,other T,MAIT
PBMC10k_CAAAGAAAGGTAAGTT-1,1668,B,B intermediate
PBMC10k_CAACAACGTACCGCGT-1,1671,CD4 T,CD4 TEM
PBMC10k_CAACAACGTGGGTTGA-1,1672,CD4 T,CD4 TCM
PBMC10k_CAACAACTCTGCCTGT-1,1674,CD4 T,CD4 TCM
PBMC10k_CAACAGTAGGTCATAA-1,1675,NK,NK
PBMC10k_CAACAGTAGGTGAGAA-1,1676,NK,NK
PBMC10k_CAACAGTAGTGTACCT-1,1677,other T,MAIT
PBMC10k_CAACAGTCAACATACC-1,1678,CD4 T,CD4 Naive
PBMC10k_CAACAGTTCGCTGACG-1,1681,CD4 T,CD4 Naive
PBMC10k_CAACAGTTCGTTACCC-1,1682,Mono,CD14 Mono
PBMC10k_CAACCAACACCTAAAC-1,1683,Mono,CD14 Mono
PBMC10k_CAACCAAGTTAGGCTT-1,1684,NK,NK
PBMC10k_CAACCAATCATCTCTA-1,1686,CD4 T,Treg
PBMC10k_CAACCAATCCATCACC-1,1687,NK,NK
PBMC10k_CAACCAATCTTGGAAC-1,1689,Mono,CD14 Mono
PBMC10k_CAACCTCAGACAACTA-1,1690,CD4 T,CD4 Naive
PBMC10k_CAACCTCAGTCGGGAT-1,1692,CD4 T,CD4 Naive
PBMC10k_CAACCTCCATATCTGG-1,1694,CD4 T,CD4 TCM
PBMC10k_CAACGATAGCCAGAGT-1,1697,CD8 T,CD8 TCM
PBMC10k_CAACGATCACCCTTAC-1,1698,Mono,CD14 Mono
PBMC10k_CAACGATCATACCACA-1,1699,other T,gdT
PBMC10k_CAACGGCAGCATGCGA-1,1700,CD8 T,CD8 Naive
PBMC10k_CAACGGCAGGACAACC-1,1701,other T,MAIT
PBMC10k_CAACGGCCACGACGTC-1,1702,CD8 T,CD8 TEM
PBMC10k_CAACGGCTCGTCGGGT-1,1704,other,ILC
PBMC10k_CAACGGCTCTCGCCTA-1,1705,NK,NK
PBMC10k_CAAGACTAGTCAGCGA-1,1706,CD4 T,CD4 Naive
PBMC10k_CAAGACTAGTTCCGTA-1,1707,CD4 T,CD4 Naive
PBMC10k_CAAGAGGGTCTGTGCG-1,1714,CD8 T,CD8 TCM
PBMC10k_CAAGAGGGTGGCTTAT-1,1715,Mono,CD14 Mono
PBMC10k_CAAGAGGGTGTGTCGC-1,1716,B,B naive
PBMC10k_CAAGCTAAGGCATTTC-1,1719,CD4 T,CD4 Naive
PBMC10k_CAAGCTACACAACGAG-1,1720,CD4 T,CD4 TEM
PBMC10k_CAAGCTACAGAGAATT-1,1721,CD8 T,CD8 TEM
PBMC10k_CAAGCTAGTCGAACGA-1,1722,B,B naive
PBMC10k_CAATACGAGACGATAT-1,1728,Mono,CD14 Mono
PBMC10k_CAATACGGTTCAGGTT-1,1732,Mono,CD14 Mono
PBMC10k_CAATACGTCAAGTGGG-1,1733,CD4 T,CD4 TEM
PBMC10k_CAATCGACACGGGTAA-1,1735,DC,cDC2
PBMC10k_CAATCGACATTGACAC-1,1736,CD4 T,CD4 TEM
PBMC10k_CAATCGATCCGAAGGA-1,1737,NK,NK
PBMC10k_CAATCGATCCTTCAGC-1,1738,CD8 T,CD8 TCM
PBMC10k_CAATGACAGATTGTGA-1,1739,DC,cDC2
PBMC10k_CAATGACAGGTTACCT-1,1740,other T,dnT
PBMC10k_CAATGACCAGGTCCGT-1,1741,CD4 T,CD4 TEM
PBMC10k_CAATGACGTACAGGTG-1,1742,CD4 T,CD4 Naive
PBMC10k_CAATGACTCATGGAGG-1,1745,CD4 T,CD4 TCM
PBMC10k_CAATGACTCCAAGAGG-1,1746,CD4 T,CD4 TCM
PBMC10k_CAATTTCGTATCTCGA-1,1747,CD4 T,CD4 TCM
PBMC10k_CAATTTCGTCCTCCTA-1,1748,other T,MAIT
PBMC10k_CAATTTCGTTTGAAAG-1,1750,other T,MAIT
PBMC10k_CAATTTCTCATTTGGG-1,1751,NK,NK
PBMC10k_CAATTTCTCCCTGTTG-1,1752,Mono,CD14 Mono
PBMC10k_CACAACACACGCTATA-1,1753,Mono,CD14 Mono
PBMC10k_CACAACACACTCGATA-1,1754,Mono,CD14 Mono
PBMC10k_CACAACATCAAGGCTT-1,1757,CD8 T,CD8 Proliferating
PBMC10k_CACAACATCCATACAG-1,1758,CD4 T,Treg
PBMC10k_CACACAAAGTCTCTGA-1,1760,other,Eryth
PBMC10k_CACACAAGTGGTCAAG-1,1761,Mono,CD16 Mono
PBMC10k_CACACAAGTTAAACAG-1,1762,B,B memory
PBMC10k_CACACAAGTTTATGCG-1,1763,other,Eryth
PBMC10k_CACACAATCTCTCTAA-1,1764,CD4 T,Treg
PBMC10k_CACAGATGTTCAGCTA-1,1770,CD4 T,CD4 TCM
PBMC10k_CACAGGCAGAGTAACT-1,1771,CD4 T,CD4 TCM
PBMC10k_CACAGGCAGTCAGCGA-1,1772,other T,MAIT
PBMC10k_CACAGGCCAGTTTGGT-1,1773,CD4 T,CD4 Naive
PBMC10k_CACAGGCGTGGTCCGT-1,1775,CD4 T,CD4 Naive
PBMC10k_CACAGGCGTGTCTTCC-1,1776,Mono,CD14 Mono
PBMC10k_CACATGAAGGAAAGTG-1,1777,B,B naive
PBMC10k_CACATGAGTTTCGATG-1,1781,CD4 T,CD4 TCM
PBMC10k_CACCAAAAGACGGTCA-1,1782,CD8 T,CD8 Naive
PBMC10k_CACCAAAAGCCATATC-1,1784,other T,MAIT
PBMC10k_CACCGTTAGGACAGCT-1,1787,CD4 T,CD4 TEM
PBMC10k_CACCGTTGTGGATACG-1,1789,CD4 T,CD4 TCM
PBMC10k_CACCGTTGTGTAGTGG-1,1790,CD8 T,CD8 Naive
PBMC10k_CACGAATCAACACACT-1,1793,CD8 T,CD8 Naive
PBMC10k_CACGAATGTACAATAG-1,1798,CD4 T,CD4 TCM
PBMC10k_CACGAATGTATGTCTG-1,1799,DC,cDC2
PBMC10k_CACGAATGTCGCAGTC-1,1800,CD8 T,CD8 TCM
PBMC10k_CACGAATGTGCCTGCA-1,1801,other T,MAIT
PBMC10k_CACGAATTCCAGTGTA-1,1803,B,B naive
PBMC10k_CACGAATTCCCTAGGG-1,1804,CD4 T,CD4 Naive
PBMC10k_CACGGGTCAAACCATC-1,1807,CD8 T,CD8 Naive
PBMC10k_CACGTGGAGTATAGAC-1,1809,CD4 T,CD4 TCM
PBMC10k_CACGTGGGTTCGCGTG-1,1815,CD4 T,CD4 TCM
PBMC10k_CACGTGGGTTGCTCAA-1,1816,Mono,CD14 Mono
PBMC10k_CACGTGGTCCATAGAC-1,1817,Mono,CD14 Mono
PBMC10k_CACGTGGTCTAAGCGT-1,1818,CD4 T,CD4 TCM
PBMC10k_CACGTTCAGTGATAAC-1,1819,Mono,CD14 Mono
PBMC10k_CACGTTCCATATACCG-1,1821,Mono,CD16 Mono
PBMC10k_CACGTTCTCTGCAGCG-1,1823,B,B memory
PBMC10k_CACTAAGCACCAAATC-1,1825,CD8 T,CD8 Naive
PBMC10k_CACTGAAAGGAGTCTG-1,1828,NK,NK
PBMC10k_CACTGAAAGGTTGGAC-1,1829,NK,NK
PBMC10k_CACTGAATCCGCGGAT-1,1831,CD4 T,Treg
PBMC10k_CACTGGGCAGCCTACG-1,1832,Mono,CD14 Mono
PBMC10k_CACTGGGGTTGCGGAA-1,1833,Mono,CD14 Mono
PBMC10k_CACTGTCCAATGAGCG-1,1838,CD4 T,CD4 Naive
PBMC10k_CACTGTCCACAAATGA-1,1839,CD4 T,CD4 Naive
PBMC10k_CACTGTCCAGCGTATT-1,1840,Mono,CD14 Mono
PBMC10k_CACTTCGAGGCACAAC-1,1845,other T,MAIT
PBMC10k_CACTTCGCAGGTCCGT-1,1848,Mono,CD14 Mono
PBMC10k_CACTTCGGTATGAGGC-1,1849,CD4 T,CD4 TEM
PBMC10k_CACTTCGGTCTCAAGT-1,1850,Mono,CD14 Mono
PBMC10k_CAGAGCCAGTTCGGTT-1,1855,NK,NK
PBMC10k_CAGAGCCCAACCAATC-1,1856,NK,NK
PBMC10k_CAGATACAGGTCCGAA-1,1857,CD4 T,CD4 TCM
PBMC10k_CAGATACAGGTGCCTC-1,1858,NK,NK
PBMC10k_CAGATACTCAATCCGA-1,1859,CD4 T,CD4 TCM
PBMC10k_CAGATCAAGAGCCCAA-1,1860,CD4 T,CD4 Naive
PBMC10k_CAGATCAAGGGAGATA-1,1861,B,B naive
PBMC10k_CAGATCACATTGTAGC-1,1864,NK,NK Proliferating
PBMC10k_CAGATCATCGATTGAC-1,1867,CD4 T,CD4 TEM
PBMC10k_CAGATTGAGAGTCTGG-1,1868,CD4 T,CD4 Naive
PBMC10k_CAGATTGCACTAGTAC-1,1869,Mono,CD14 Mono
PBMC10k_CAGATTGTCAACCTCC-1,1871,NK,NK
PBMC10k_CAGATTGTCAAGAGTA-1,1872,Mono,CD14 Mono
PBMC10k_CAGATTGTCCATACTT-1,1873,B,B naive
PBMC10k_CAGCAATAGTATGACA-1,1876,CD4 T,CD4 Naive
PBMC10k_CAGCAATGTCGTGGAA-1,1878,Mono,CD14 Mono
PBMC10k_CAGCAATTCTGGTGGC-1,1881,NK,NK
PBMC10k_CAGCACGCAGCGGTTC-1,1883,Mono,CD14 Mono
PBMC10k_CAGCACGTCGGTCATA-1,1884,B,B memory
PBMC10k_CAGCAGCTCATACGAC-1,1885,CD8 T,CD8 TCM
PBMC10k_CAGCCAGAGCAGTCTT-1,1886,CD4 T,CD4 TCM
PBMC10k_CAGCCAGAGCGATTCT-1,1887,CD4 T,CD4 Naive
PBMC10k_CAGCCAGAGCGCCATC-1,1888,DC,cDC2
PBMC10k_CAGCCAGAGTGGATTA-1,1889,CD8 T,CD8 Naive
PBMC10k_CAGCCAGAGTTGAATG-1,1890,CD4 T,CD4 Naive
PBMC10k_CAGCCAGCAGCCCAGT-1,1891,CD4 T,CD4 TCM
PBMC10k_CAGCGTGAGATCCGAG-1,1894,other,Eryth
PBMC10k_CAGCGTGAGTCTAGAA-1,1896,other,Eryth
PBMC10k_CAGCGTGCAATTGCCA-1,1897,DC,cDC2
PBMC10k_CAGCGTGCACTCCGGA-1,1898,Mono,CD14 Mono
PBMC10k_CAGCGTGGTGTGCCTG-1,1900,other T,dnT
PBMC10k_CAGGCCAAGCGTTCCG-1,1902,Mono,CD14 Mono
PBMC10k_CAGGCCACATACGCAT-1,1904,CD4 T,CD4 Naive
PBMC10k_CAGGCCAGTCCATAGT-1,1905,CD8 T,CD8 TEM
PBMC10k_CAGGCCAGTCTTGAGT-1,1907,Mono,CD14 Mono
PBMC10k_CAGGCCAGTGATTAGA-1,1908,Mono,CD16 Mono
PBMC10k_CAGGGCTAGTTGGCGA-1,1911,Mono,CD14 Mono
PBMC10k_CAGGGCTCACGGTGCT-1,1913,other,Eryth
PBMC10k_CAGGGCTCAGTCGAGA-1,1914,NK,NK
PBMC10k_CAGGGCTGTATTCCGA-1,1917,CD4 T,CD4 Naive
PBMC10k_CAGGTATAGAAGGGAT-1,1919,NK,NK
PBMC10k_CAGGTATCACTTACAG-1,1922,CD8 T,CD8 Naive
PBMC10k_CAGGTATCAGAGATTA-1,1923,CD4 T,CD4 TEM
PBMC10k_CAGGTATGTGCCTTCT-1,1924,Mono,CD14 Mono
PBMC10k_CAGGTATGTGGTCTCG-1,1925,Mono,CD14 Mono
PBMC10k_CAGGTATGTGTCCGGT-1,1926,CD4 T,CD4 Naive
PBMC10k_CAGGTATTCAACCTCC-1,1927,B,B naive
PBMC10k_CAGGTATTCGCTTGAA-1,1928,CD8 T,CD8 Naive
PBMC10k_CAGTGCGAGTACCCTA-1,1930,Mono,CD14 Mono
PBMC10k_CAGTGCGCAAGAGTAT-1,1932,Mono,CD14 Mono
PBMC10k_CAGTGCGCACAGACGA-1,1933,CD4 T,Treg
PBMC10k_CAGTTAGCACGGCGTT-1,1935,CD8 T,CD8 TCM
PBMC10k_CAGTTAGCACTATCGA-1,1936,other T,gdT
PBMC10k_CAGTTCCTCCTCACTG-1,1943,Mono,CD14 Mono
PBMC10k_CATAAGCCAAGTCCAT-1,1946,CD4 T,CD4 TCM
PBMC10k_CATAAGCCAGCTGCCA-1,1947,Mono,CD14 Mono
PBMC10k_CATAAGCGTCCCACGA-1,1948,CD4 T,CD4 Naive
PBMC10k_CATACAGAGATAACGT-1,1949,other,Eryth
PBMC10k_CATACAGAGTGGAAGA-1,1950,Mono,CD14 Mono
PBMC10k_CATACAGGTAGGATAT-1,1953,Mono,CD14 Mono
PBMC10k_CATACAGGTCGCGTTG-1,1954,CD4 T,Treg
PBMC10k_CATACAGGTGGCTTAT-1,1955,CD4 T,CD4 TCM
PBMC10k_CATACAGTCACGGTCG-1,1957,DC,cDC2
PBMC10k_CATACAGTCGTGGTAT-1,1958,Mono,CD14 Mono
PBMC10k_CATACCCAGACCTCCG-1,1959,NK,NK
PBMC10k_CATACCCCAATGAACA-1,1960,other T,MAIT
PBMC10k_CATACCCCAGGATTCT-1,1961,CD8 T,CD8 TEM
PBMC10k_CATACCCGTTATGTCG-1,1963,Mono,CD14 Mono
PBMC10k_CATACCCTCAAGGAGC-1,1964,other,Eryth
PBMC10k_CATACCCTCATTGCGA-1,1965,other T,dnT
PBMC10k_CATACTTCATCGCCTT-1,1968,Mono,CD16 Mono
PBMC10k_CATACTTTCAAGCCCG-1,1970,B,B naive
PBMC10k_CATACTTTCCTCAGGG-1,1971,CD8 T,CD8 Naive
PBMC10k_CATAGACAGGATAATC-1,1972,Mono,CD14 Mono
PBMC10k_CATAGACCAGACGCTC-1,1974,CD8 T,CD8 TCM
PBMC10k_CATAGACGTTCCGCTT-1,1976,Mono,CD14 Mono
PBMC10k_CATAGACTCGGCTTGG-1,1977,Mono,CD14 Mono
PBMC10k_CATCAAGAGACGACTG-1,1978,NK,NK
PBMC10k_CATCAAGAGCGAGTCA-1,1979,CD4 T,CD4 Naive
PBMC10k_CATCAAGCACAATGTC-1,1981,CD8 T,CD8 Naive
PBMC10k_CATCAAGGTGGCTAGA-1,1984,other T,MAIT
PBMC10k_CATCAAGTCACGTCCT-1,1985,CD8 T,CD8 Naive
PBMC10k_CATCAAGTCATGCCCT-1,1986,NK,NK
PBMC10k_CATCAAGTCGCCTTTG-1,1987,B,B naive
PBMC10k_CATCCACCACAGTCGC-1,1989,B,B naive
PBMC10k_CATCCACCATGTTTGG-1,1991,B,B naive
PBMC10k_CATCCACGTTGCATGT-1,1992,CD8 T,CD8 TEM
PBMC10k_CATCCACTCCTTCTTC-1,1993,DC,cDC2
PBMC10k_CATCCCAAGGCGACAT-1,1995,other,Eryth
PBMC10k_CATCCCACACTCCGGA-1,1997,CD4 T,CD4 Naive
PBMC10k_CATCCCAGTGTAAATG-1,1998,Mono,CD14 Mono
PBMC10k_CATCCCATCTGGGCGT-1,1999,Mono,CD14 Mono
PBMC10k_CATCCGTAGGACGCTA-1,2001,B,B naive
PBMC10k_CATCCGTAGTCATGAA-1,2003,CD8 T,CD8 TEM
PBMC10k_CATCCGTCACGGGTAA-1,2004,B,B naive
PBMC10k_CATCCGTGTGAATATG-1,2005,CD4 T,CD4 TCM
PBMC10k_CATCCGTTCCTACTGC-1,2008,Mono,CD14 Mono
PBMC10k_CATCCGTTCTGAGTCA-1,2011,CD4 T,CD4 Naive
PBMC10k_CATCGCTAGGACAACC-1,2012,CD4 T,CD4 Naive
PBMC10k_CATCGCTCAATACGCT-1,2013,CD8 T,CD8 Naive
PBMC10k_CATCGCTCATCGGATT-1,2014,NK,NK
PBMC10k_CATCGCTGTGTTGCCG-1,2016,Mono,CD14 Mono
PBMC10k_CATCGCTTCTTGGATG-1,2018,Mono,CD14 Mono
PBMC10k_CATCGGGAGACCAGAC-1,2019,CD4 T,Treg
PBMC10k_CATCGGGAGTTGCCTA-1,2020,Mono,CD16 Mono
PBMC10k_CATCGGGCATGAATAG-1,2023,Mono,CD14 Mono
PBMC10k_CATCGGGTCTCTTGCG-1,2025,CD4 T,CD4 Naive
PBMC10k_CATCGGGTCTGGGATT-1,2026,other T,gdT
PBMC10k_CATCGTCCAGTATGAA-1,2028,CD4 T,CD4 TCM
PBMC10k_CATCGTCGTAGCGCTC-1,2029,NK,NK
PBMC10k_CATCGTCGTGGCGCTT-1,2030,CD4 T,Treg
PBMC10k_CATCGTCTCCTGTAAG-1,2031,Mono,CD16 Mono
PBMC10k_CATGAGTCAACGCATT-1,2033,CD8 T,CD8 TEM
PBMC10k_CATGAGTCACAAGCCC-1,2035,NK,NK
PBMC10k_CATGAGTGTTCTTGCC-1,2038,NK,NK Proliferating
PBMC10k_CATGCAAAGCCTCTTC-1,2040,CD8 T,CD8 Naive
PBMC10k_CATGCAAAGGTCACCC-1,2041,other T,MAIT
PBMC10k_CATGCAACAGACAATA-1,2042,Mono,CD14 Mono
PBMC10k_CATGCAAGTCTAGATC-1,2043,Mono,CD16 Mono
PBMC10k_CATGCAATCGGCGATC-1,2045,CD8 T,CD8 Naive
PBMC10k_CATGCCTAGTTGGCGA-1,2047,CD4 T,CD4 TCM
PBMC10k_CATGCCTGTAGTCCTA-1,2049,CD4 T,CD4 Naive
PBMC10k_CATGCCTTCTTCCGTG-1,2053,other,Eryth
PBMC10k_CATGCGGGTACAAAGT-1,2058,Mono,CD14 Mono
PBMC10k_CATGCGGGTTCGAGCC-1,2059,CD8 T,CD8 Naive
PBMC10k_CATGCGGGTTCTGACA-1,2060,CD4 T,CD4 TCM
PBMC10k_CATGCTCCAATGTCAC-1,2062,Mono,CD14 Mono
PBMC10k_CATGGATAGAAACCCG-1,2065,CD4 T,CD4 TCM
PBMC10k_CATGGATAGTTCACTG-1,2067,CD4 T,Treg
PBMC10k_CATGGATCAGTCCCGA-1,2069,CD4 T,CD4 TCM
PBMC10k_CATGGATGTCACCGCA-1,2070,CD8 T,CD8 TEM
PBMC10k_CATGGATGTCAGACTT-1,2071,CD4 T,CD4 Naive
PBMC10k_CATGGATGTCAGTCGC-1,2072,CD4 T,Treg
PBMC10k_CATGGTACAAACGGCA-1,2076,CD4 T,CD4 Naive
PBMC10k_CATGGTATCTTCCGTG-1,2078,Mono,CD14 Mono
PBMC10k_CATTCATAGCGACAGT-1,2079,CD8 T,CD8 TEM
PBMC10k_CATTCATAGTCGAATA-1,2080,CD8 T,CD8 Naive
PBMC10k_CATTCATCAGGCACAA-1,2082,CD4 T,CD4 Naive
PBMC10k_CATTCATGTTCGTAAC-1,2083,Mono,CD14 Mono
PBMC10k_CATTCATTCCTAGAGT-1,2086,CD4 T,CD4 TCM
PBMC10k_CATTCCGAGATTACCC-1,2089,CD4 T,CD4 TCM
PBMC10k_CATTCCGGTAGAATGT-1,2091,other T,gdT
PBMC10k_CATTCCGGTAGCTAAA-1,2092,CD8 T,CD8 Naive
PBMC10k_CATTCCGGTCAAGGCA-1,2093,CD4 T,CD4 Naive
PBMC10k_CATTCCGTCAAGCCGC-1,2095,CD4 T,Treg
PBMC10k_CATTCCGTCGGTCGAC-1,2096,Mono,CD14 Mono
PBMC10k_CATTCCGTCTAAGAAG-1,2097,NK,NK
PBMC10k_CATTCCGTCTACACTT-1,2098,Mono,CD14 Mono
PBMC10k_CATTGAGAGAATCCCT-1,2101,other,Eryth
PBMC10k_CATTGAGCAAGAGCTG-1,2104,NK,NK
PBMC10k_CATTGAGTCTGTGTGA-1,2107,CD4 T,Treg
PBMC10k_CATTGCCAGGCTCTCG-1,2109,other,ILC
PBMC10k_CATTGCCCAGCTGTGC-1,2111,CD4 T,Treg
PBMC10k_CATTGCCGTCTCGGGT-1,2112,other,ILC
PBMC10k_CATTGCCTCCTCTCGA-1,2116,B,B naive
PBMC10k_CATTGTTAGTAAACGT-1,2119,CD4 T,CD4 TCM
PBMC10k_CATTGTTGTACCTAAC-1,2122,CD4 T,CD4 Naive
PBMC10k_CATTGTTTCTGTGCAA-1,2125,CD4 T,CD4 TCM
PBMC10k_CATTGTTTCTTGCGCT-1,2126,B,B naive
PBMC10k_CATTTCAAGCTCCGAC-1,2128,B,B naive
PBMC10k_CATTTCAAGTGTAGTA-1,2129,CD4 T,CD4 Naive
PBMC10k_CATTTCATCAAGAAAC-1,2131,NK,NK
PBMC10k_CATTTCATCAGGACGA-1,2134,NK,NK
PBMC10k_CCAAGCGAGATCGACG-1,2136,NK,NK
PBMC10k_CCAAGCGTCCTTCAGC-1,2138,Mono,CD14 Mono
PBMC10k_CCAAGCGTCGAGTGGA-1,2140,NK,NK
PBMC10k_CCAATGAAGTACGAGC-1,2142,CD8 T,CD8 TEM
PBMC10k_CCAATGAAGTTACGGG-1,2143,NK,NK
PBMC10k_CCAATGACATCCTAAG-1,2146,CD4 T,CD4 TCM
PBMC10k_CCAATGATCACTCTTA-1,2148,CD4 T,CD4 TCM
PBMC10k_CCAATTTAGGACTATA-1,2151,Mono,CD14 Mono
PBMC10k_CCAATTTCATGTGGCC-1,2153,other,ILC
PBMC10k_CCACAAACAACGACAG-1,2157,CD8 T,CD8 Naive
PBMC10k_CCACAAACAGCTATAC-1,2159,CD8 T,CD8 Naive
PBMC10k_CCACAAAGTCTGTAGT-1,2160,CD8 T,CD8 TCM
PBMC10k_CCACAAATCGGTCAGC-1,2162,other T,MAIT
PBMC10k_CCACAAATCTCCCAAC-1,2163,CD4 T,CD4 TEM
PBMC10k_CCACACTAGCTGGCTC-1,2164,Mono,CD14 Mono
PBMC10k_CCACACTAGTTGGGAC-1,2165,B,B memory
PBMC10k_CCACACTCAGAGTCAG-1,2168,CD8 T,CD8 TEM
PBMC10k_CCACACTTCTTGGTGA-1,2172,CD4 T,CD4 TEM
PBMC10k_CCACACTTCTTTCCGG-1,2173,Mono,CD14 Mono
PBMC10k_CCACCATAGTAGCAAT-1,2174,NK,NK
PBMC10k_CCACCATCACGTGTGC-1,2176,other,Eryth
PBMC10k_CCACCATTCCAGCTCT-1,2178,NK,NK
PBMC10k_CCACCATTCTAGTGTG-1,2179,NK,NK
PBMC10k_CCACCATTCTCCGTGT-1,2180,other,Eryth
PBMC10k_CCACGAGAGCGAGAAA-1,2181,Mono,CD14 Mono
PBMC10k_CCACGAGAGCTCCCTT-1,2182,Mono,CD14 Mono
PBMC10k_CCACGAGAGGCTAACG-1,2183,CD4 T,CD4 TCM
PBMC10k_CCACGAGCACAGCTTA-1,2184,Mono,CD14 Mono
PBMC10k_CCACGAGCAGTGGCTC-1,2185,Mono,CD14 Mono
PBMC10k_CCACGAGTCCGACGGT-1,2191,Mono,CD14 Mono
PBMC10k_CCACGTTAGACCAACG-1,2192,CD4 T,CD4 TCM
PBMC10k_CCACGTTGTAGACAAT-1,2193,Mono,CD14 Mono
PBMC10k_CCACGTTTCGGCATAT-1,2196,B,B intermediate
PBMC10k_CCACTTGAGCAGATAT-1,2198,CD8 T,CD8 Naive
PBMC10k_CCACTTGAGTCTGGTT-1,2199,CD4 T,CD4 Naive
PBMC10k_CCACTTGCAAGAGCTG-1,2200,NK,NK Proliferating
PBMC10k_CCACTTGGTTGAATCC-1,2203,CD4 T,CD4 Naive
PBMC10k_CCACTTGTCCACGGGT-1,2204,Mono,CD16 Mono
PBMC10k_CCACTTGTCTTTGCGC-1,2206,NK,NK
PBMC10k_CCATAAGCACAAATAG-1,2207,CD4 T,CD4 TCM
PBMC10k_CCATAAGCACTGTTCC-1,2209,CD4 T,CD4 Naive
PBMC10k_CCATAAGCAGTTAAAG-1,2210,other,ILC
PBMC10k_CCATAAGCATCGCTCT-1,2211,Mono,CD14 Mono
PBMC10k_CCATCACGTATCGATC-1,2213,Mono,CD14 Mono
PBMC10k_CCCAACTAGCAAGTCG-1,2217,CD8 T,CD8 TEM
PBMC10k_CCCAACTGTTTGTTCT-1,2219,CD4 T,CD4 TCM
PBMC10k_CCCAACTTCTTCGTAT-1,2223,CD4 T,CD4 TEM
PBMC10k_CCCATTGAGTCCGCGT-1,2224,Mono,CD14 Mono
PBMC10k_CCCATTGCAGTCGCTG-1,2227,CD4 T,CD4 TCM
PBMC10k_CCCATTGGTGGTCTAT-1,2229,CD4 T,CD4 TEM
PBMC10k_CCCGAAGAGGAGGCAG-1,2231,B,B naive
PBMC10k_CCCGAAGAGGCGCTCT-1,2232,CD4 T,CD4 TEM
PBMC10k_CCCGAAGCAGCGTAGA-1,2234,NK,NK
PBMC10k_CCCGAAGGTCGATTTG-1,2235,NK,NK
PBMC10k_CCCGAAGTCTCGACCT-1,2237,Mono,CD14 Mono
PBMC10k_CCCGGAACAAAGACTA-1,2238,NK,NK
PBMC10k_CCCGGAACACACCGCA-1,2241,CD4 T,CD4 Naive
PBMC10k_CCCGGAAGTGGGTATG-1,2244,DC,cDC2
PBMC10k_CCCGGAATCTGGAGAG-1,2246,CD4 T,CD4 TCM
PBMC10k_CCCTAACAGATACTGA-1,2247,CD4 T,CD4 TEM
PBMC10k_CCCTAACCAGGAGGTT-1,2248,CD4 T,CD4 TCM
PBMC10k_CCCTCAACAACCAACT-1,2254,Mono,CD14 Mono
PBMC10k_CCCTCAAGTGAGAGGG-1,2255,B,B memory
PBMC10k_CCCTCAAGTGCTGCAC-1,2256,CD8 T,CD8 Naive
PBMC10k_CCCTCAAGTGTCCACG-1,2257,B,B intermediate
PBMC10k_CCCTCAAGTTACCCTC-1,2258,Mono,CD14 Mono
PBMC10k_CCCTCAAGTTGCGTAT-1,2259,CD4 T,CD4 CTL
PBMC10k_CCCTCTCCAACTGCTA-1,2263,CD4 T,CD4 Naive
PBMC10k_CCCTCTCTCGCGCCAA-1,2266,CD4 T,CD4 TCM
PBMC10k_CCCTCTCTCTGCTTAT-1,2267,other,Eryth
PBMC10k_CCCTGATAGCATTGTC-1,2268,CD8 T,CD8 Naive
PBMC10k_CCCTGATAGGCTCTCG-1,2269,CD8 T,CD8 Naive
PBMC10k_CCCTGATAGTCCTACA-1,2270,CD8 T,CD8 TEM
PBMC10k_CCCTGATCAACAACAA-1,2271,CD4 T,CD4 Naive
PBMC10k_CCCTGATCAACTCGTA-1,2272,NK,NK
PBMC10k_CCCTGATCAGGAATAT-1,2273,CD4 T,CD4 Naive
PBMC10k_CCCTGATGTCGATGCC-1,2274,CD4 T,CD4 Naive
PBMC10k_CCCTGATTCGTAACCA-1,2276,other,Eryth
PBMC10k_CCCTTAGAGCGAATGC-1,2278,CD4 T,CD4 TCM
PBMC10k_CCCTTAGCAACACGTT-1,2280,Mono,CD14 Mono
PBMC10k_CCCTTAGCAAGTACCT-1,2281,CD4 T,CD4 TEM
PBMC10k_CCCTTAGTCCATGCAA-1,2286,CD4 T,CD4 TCM
PBMC10k_CCGAACGCATCGGATT-1,2289,CD4 T,CD4 Naive
PBMC10k_CCGAACGGTACGACAG-1,2290,B,B naive
PBMC10k_CCGAACGGTCCCTGTT-1,2291,CD4 T,CD4 Naive
PBMC10k_CCGAACGTCACGTAGT-1,2293,CD4 T,CD4 Naive
PBMC10k_CCGATCTCACGTGAGA-1,2297,NK,NK
PBMC10k_CCGATCTTCCTACGAA-1,2300,Mono,CD16 Mono
PBMC10k_CCGATGGAGCAAGGAA-1,2303,Mono,CD14 Mono
PBMC10k_CCGATGGGTATAGGAT-1,2304,CD4 T,CD4 TEM
PBMC10k_CCGATGGGTCTTGCTC-1,2306,CD4 T,CD4 Naive
PBMC10k_CCGATGGTCACAACCA-1,2307,CD4 T,CD4 TCM
PBMC10k_CCGCAAGCATGACCCG-1,2311,NK,NK
PBMC10k_CCGGACACAATTAGGA-1,2314,CD4 T,CD4 TEM
PBMC10k_CCGGACAGTCACGACC-1,2315,Mono,CD14 Mono
PBMC10k_CCGGACATCGTGGAAG-1,2316,B,B memory
PBMC10k_CCGGACATCTGAATCG-1,2317,B,B intermediate
PBMC10k_CCGGGTAAGAGTTCGG-1,2318,CD8 T,CD8 Naive
PBMC10k_CCGGGTAAGCAATTAG-1,2319,Mono,CD14 Mono
PBMC10k_CCGGGTACAATGCTCA-1,2320,DC,pDC
PBMC10k_CCGGGTACACGTCGTG-1,2321,other,Eryth
PBMC10k_CCGGGTACATCGGTTA-1,2322,Mono,CD14 Mono
PBMC10k_CCGGGTAGTGGCGCTT-1,2324,NK,NK
PBMC10k_CCGGGTATCGTCTCAC-1,2326,other T,dnT
PBMC10k_CCGGGTATCTGCGGCA-1,2327,CD8 T,CD8 TEM
PBMC10k_CCGGTAGGTACGGTTT-1,2330,CD4 T,CD4 Naive
PBMC10k_CCGGTAGTCCACTTCG-1,2331,NK,NK
PBMC10k_CCGGTAGTCCTGTAGA-1,2332,CD4 T,Treg
PBMC10k_CCGGTAGTCTACCACC-1,2333,CD4 T,CD4 TCM
PBMC10k_CCGGTGAAGAGCATCG-1,2334,Mono,CD14 Mono
PBMC10k_CCGGTGAAGGGAACAA-1,2335,B,B intermediate
PBMC10k_CCGGTGACACCAGTAT-1,2336,NK,NK
PBMC10k_CCGGTGATCATTGAGC-1,2337,other T,MAIT
PBMC10k_CCGTAGGCAATTCACG-1,2338,CD4 T,CD4 TCM
PBMC10k_CCGTAGGGTGTAACGG-1,2339,other T,MAIT
PBMC10k_CCGTAGGTCAACTGGT-1,2340,NK,NK
PBMC10k_CCGTGAGAGCTAAGTA-1,2345,CD4 T,CD4 TCM
PBMC10k_CCGTGAGAGTCGAAAT-1,2346,other T,dnT
PBMC10k_CCGTGAGGTAGCGATG-1,2347,Mono,CD14 Mono
PBMC10k_CCGTGAGGTTAGAGTA-1,2348,CD4 T,CD4 TEM
PBMC10k_CCGTTCAAGCTCTTCC-1,2350,Mono,CD14 Mono
PBMC10k_CCGTTCAGTAACGCGA-1,2352,CD4 T,CD4 TCM
PBMC10k_CCGTTCAGTACCAGAG-1,2353,CD4 T,CD4 Naive
PBMC10k_CCGTTCAGTGGATCAG-1,2356,CD4 T,CD4 Naive
PBMC10k_CCTAACCAGAGTCTGG-1,2358,CD4 T,CD4 TCM
PBMC10k_CCTAACCCAAGTCGTT-1,2359,other,ILC
PBMC10k_CCTAACCCAGCGATTT-1,2360,CD8 T,CD8 Naive
PBMC10k_CCTAACCGTCTGTGGC-1,2362,NK,NK_CD56bright
PBMC10k_CCTAACCGTGCCCAGT-1,2363,CD4 T,CD4 Naive
PBMC10k_CCTAACCGTTGTGTAC-1,2364,NK,NK
PBMC10k_CCTAAGAAGGTACCTT-1,2369,NK,NK
PBMC10k_CCTAAGAAGGTGCCTC-1,2370,CD4 T,CD4 TCM
PBMC10k_CCTAAGACACACTGGC-1,2373,CD4 T,CD4 TCM
PBMC10k_CCTAAGAGTATCCCTC-1,2374,Mono,CD14 Mono
PBMC10k_CCTAAGAGTCTTGTCC-1,2375,CD4 T,CD4 TCM
PBMC10k_CCTAAGAGTTCACGAT-1,2376,CD4 T,CD4 TEM
PBMC10k_CCTAAGATCGTAGCCG-1,2379,CD8 T,CD8 Proliferating
PBMC10k_CCTACGTCAGCCATTA-1,2381,DC,cDC2
PBMC10k_CCTACGTCAGGTTCAT-1,2382,CD4 T,CD4 Naive
PBMC10k_CCTACGTGTGAATAAC-1,2385,B,B naive
PBMC10k_CCTACGTGTGCTGATT-1,2386,Mono,CD14 Mono
PBMC10k_CCTACGTTCAGCTAGT-1,2387,NK,NK
PBMC10k_CCTACGTTCTAACGCA-1,2389,Mono,CD14 Mono
PBMC10k_CCTATCGAGCCTAGGA-1,2390,other,Eryth
PBMC10k_CCTATCGGTAGAGTTA-1,2394,CD4 T,CD4 TCM
PBMC10k_CCTCAACAGATTAGTG-1,2397,other T,MAIT
PBMC10k_CCTCAACAGGGACACT-1,2398,DC,cDC2
PBMC10k_CCTCAACCAGGTTCAT-1,2400,CD4 T,CD4 Naive
PBMC10k_CCTCAACGTGAATATG-1,2403,CD4 T,CD4 TCM
PBMC10k_CCTCAACTCAGGTGTT-1,2404,other T,MAIT
PBMC10k_CCTCAACTCCATCACC-1,2406,NK,NK
PBMC10k_CCTCAACTCGCGAAGA-1,2409,Mono,CD14 Mono
PBMC10k_CCTCACAAGCTCCGAC-1,2410,Mono,CD14 Mono
PBMC10k_CCTCACAGTATGCTTG-1,2411,Mono,CD14 Mono
PBMC10k_CCTCACAGTATTGAGA-1,2412,Mono,CD14 Mono
PBMC10k_CCTCAGTGTATGAAGT-1,2414,NK,NK
PBMC10k_CCTCAGTTCACTTTGT-1,2415,CD4 T,CD4 Naive
PBMC10k_CCTCAGTTCCTAGCCT-1,2417,CD8 T,CD8 Naive
PBMC10k_CCTCATGGTTCGTAAC-1,2421,other T,MAIT
PBMC10k_CCTCATGGTTTGGAAA-1,2423,Mono,CD14 Mono
PBMC10k_CCTCATGTCAAGCCAT-1,2424,CD8 T,CD8 Naive
PBMC10k_CCTCCAATCTAAGAAG-1,2434,CD4 T,CD4 Naive
PBMC10k_CCTCCTCTCATCAGTG-1,2436,CD4 T,CD4 TCM
PBMC10k_CCTCCTCTCTTGTGCC-1,2438,NK,NK
PBMC10k_CCTCTAGAGTATTGCC-1,2440,other T,dnT
PBMC10k_CCTCTAGGTCTCCCTA-1,2442,CD8 T,CD8 TEM
PBMC10k_CCTCTAGTCGAGTCTA-1,2443,CD8 T,CD8 Naive
PBMC10k_CCTCTAGTCTATACGG-1,2444,Mono,CD14 Mono
PBMC10k_CCTCTCCCAACAGCTT-1,2445,Mono,CD14 Mono
PBMC10k_CCTCTCCCAGATTTCG-1,2446,CD4 T,CD4 Naive
PBMC10k_CCTCTCCGTATACCCA-1,2447,CD4 T,Treg
PBMC10k_CCTCTCCGTCACCGCA-1,2448,CD4 T,CD4 TCM
PBMC10k_CCTCTCCGTCCTGTCT-1,2449,Mono,CD14 Mono
PBMC10k_CCTCTCCGTGACCTGC-1,2450,CD4 T,CD4 Naive
PBMC10k_CCTCTCCGTGGCCTCA-1,2451,NK,NK
PBMC10k_CCTGCATCAGATTAAG-1,2455,NK,NK
PBMC10k_CCTGCATCATGTGACT-1,2456,other,ILC
PBMC10k_CCTGTTGCAACTCGTA-1,2459,CD4 T,CD4 Naive
PBMC10k_CCTGTTGCACCGTACG-1,2460,CD4 T,CD4 Naive
PBMC10k_CCTGTTGCAGGCAATG-1,2462,Mono,CD14 Mono
PBMC10k_CCTGTTGCATAGAATG-1,2463,CD4 T,CD4 Naive
PBMC10k_CCTGTTGCATCCGTGG-1,2464,B,B intermediate
PBMC10k_CCTGTTGGTGACCGAA-1,2465,other T,MAIT
PBMC10k_CCTGTTGTCAAAGACA-1,2467,CD4 T,CD4 Naive
PBMC10k_CCTGTTGTCAGAGTGG-1,2468,CD8 T,CD8 Naive
PBMC10k_CCTTCAGAGGGAGTTC-1,2471,CD4 T,CD4 TCM
PBMC10k_CCTTCAGCATCGGATT-1,2473,CD4 T,CD4 TCM
PBMC10k_CCTTCAGGTACGAAAT-1,2474,CD4 T,CD4 TCM
PBMC10k_CCTTCAGGTGTGAATA-1,2475,CD4 T,CD4 TCM
PBMC10k_CCTTCAGTCACCTCTG-1,2476,other T,MAIT
PBMC10k_CCTTCAGTCCTTGACC-1,2477,NK,NK
PBMC10k_CCTTGTGAGACTTCAC-1,2479,CD4 T,CD4 TEM
PBMC10k_CCTTGTGGTATAGGGC-1,2482,NK,NK
PBMC10k_CCTTGTGGTCGTGATT-1,2483,NK,NK
PBMC10k_CCTTGTGGTGCTGATT-1,2485,other T,gdT
PBMC10k_CCTTTGGAGGCTTAAA-1,2487,other,Eryth
PBMC10k_CCTTTGGCAGGACGAT-1,2493,CD4 T,CD4 Naive
PBMC10k_CCTTTGGTCCTGGCTT-1,2496,CD8 T,CD8 TCM
PBMC10k_CGAAGGAAGAACTTCC-1,2497,CD4 T,CD4 Naive
PBMC10k_CGAAGGAAGATTGTGA-1,2498,NK,NK
PBMC10k_CGAAGGAAGCGCAATG-1,2499,CD4 T,CD4 TCM
PBMC10k_CGAAGGAAGGCCATAG-1,2500,NK,NK
PBMC10k_CGAAGGAAGTCGTCTA-1,2501,NK,NK
PBMC10k_CGAAGGACAAAGTGTA-1,2502,CD4 T,CD4 Naive
PBMC10k_CGAAGGACACGCAAAG-1,2503,CD4 T,CD4 Naive
PBMC10k_CGAAGGACAGCGCTTG-1,2504,CD8 T,CD8 TEM
PBMC10k_CGAAGGAGTTCTCCCA-1,2507,CD4 T,CD4 Naive
PBMC10k_CGAAGGATCAGCGTCG-1,2508,CD4 T,CD4 TEM
PBMC10k_CGAATTGGTCTGGTTA-1,2513,CD4 T,CD4 TCM
PBMC10k_CGAATTGGTTTCTTAC-1,2514,other T,MAIT
PBMC10k_CGACAGCAGATGGCAC-1,2515,NK,NK
PBMC10k_CGACAGCCAGACACAG-1,2516,NK,NK
PBMC10k_CGACAGCCATATGCGT-1,2517,CD8 T,CD8 Naive
PBMC10k_CGACAGCGTATGACAA-1,2519,Mono,CD14 Mono
PBMC10k_CGACAGCGTGACACAG-1,2520,Mono,CD14 Mono
PBMC10k_CGACAGCGTGTACAGG-1,2521,CD4 T,CD4 TEM
PBMC10k_CGAGAAGGTGACCTGC-1,2523,CD8 T,CD8 Naive
PBMC10k_CGAGGAAAGCAGTCTT-1,2525,NK,NK_CD56bright
PBMC10k_CGAGGAAAGTGCCCGT-1,2526,other,ILC
PBMC10k_CGAGGAAAGTTGGGAC-1,2528,Mono,CD14 Mono
PBMC10k_CGAGGAACAAGTACCT-1,2529,B,B naive
PBMC10k_CGAGGAACACATTGTG-1,2530,Mono,CD14 Mono
PBMC10k_CGAGGAACACCATAAC-1,2531,DC,cDC2
PBMC10k_CGAGGAAGTTTAGTCG-1,2533,CD4 T,CD4 TCM
PBMC10k_CGAGGCTGTGCATCTA-1,2538,CD4 T,CD4 Naive
PBMC10k_CGAGGCTGTTGTTGAC-1,2539,CD8 T,CD8 Naive
PBMC10k_CGAGTGCCACGCGTGT-1,2543,CD4 T,CD4 TEM
PBMC10k_CGAGTGCGTGTTCATG-1,2546,Mono,CD14 Mono
PBMC10k_CGAGTGCTCAAGCGTT-1,2547,DC,pDC
PBMC10k_CGAGTGCTCGCAACAT-1,2549,CD4 T,Treg
PBMC10k_CGAGTTAAGATGTAGT-1,2550,DC,cDC2
PBMC10k_CGAGTTAAGGTACAGC-1,2551,Mono,CD16 Mono
PBMC10k_CGAGTTAAGTCTAACC-1,2552,B,B naive
PBMC10k_CGAGTTAGTCGTTGCG-1,2555,CD4 T,CD4 Naive
PBMC10k_CGAGTTAGTGGGTATG-1,2556,NK,NK
PBMC10k_CGATCGGCATTCCTAT-1,2560,CD4 T,CD4 TEM
PBMC10k_CGATCGGGTCGTATGT-1,2562,CD4 T,Treg
PBMC10k_CGATCGGTCGCAACAT-1,2565,CD8 T,CD8 TEM
PBMC10k_CGATCGGTCTGTCGCT-1,2566,Mono,CD14 Mono
PBMC10k_CGATGCGAGCGTGAGT-1,2568,CD4 T,CD4 TCM
PBMC10k_CGATGCGGTCCTGAAT-1,2569,Mono,CD16 Mono
PBMC10k_CGATGGCAGAGAGTTT-1,2571,NK,NK
PBMC10k_CGCAGGTCACGCTGCA-1,2581,DC,cDC2
PBMC10k_CGCAGGTCATTCCTAT-1,2582,CD4 T,CD4 TCM
PBMC10k_CGCAGGTGTCGCTGCA-1,2583,Mono,CD14 Mono
PBMC10k_CGCAGGTTCACAGTGT-1,2585,Mono,CD14 Mono
PBMC10k_CGCAGGTTCCAAGCAT-1,2586,CD4 T,CD4 TEM
PBMC10k_CGCAGGTTCTCAGTCC-1,2587,CD4 T,CD4 TEM
PBMC10k_CGCATAAAGCAGGCTA-1,2588,CD4 T,CD4 Naive
PBMC10k_CGCATAAAGGTAGACC-1,2589,CD4 T,CD4 Naive
PBMC10k_CGCATAAAGTTGGACG-1,2590,Mono,CD14 Mono
PBMC10k_CGCATAACAGAATTCC-1,2591,CD4 T,CD4 Naive
PBMC10k_CGCATAACATCGTCCT-1,2593,other,ILC
PBMC10k_CGCATAAGTCAGGAGT-1,2594,other T,dnT
PBMC10k_CGCATAAGTTGAGGAC-1,2595,NK,NK
PBMC10k_CGCATAAGTTTCGATG-1,2596,NK,NK
PBMC10k_CGCATAATCCATACTT-1,2597,CD4 T,Treg
PBMC10k_CGCATAATCTACTCAT-1,2600,other T,dnT
PBMC10k_CGCATGGGTTAGGCTT-1,2603,NK,NK
PBMC10k_CGCATGGTCCGGTTCT-1,2604,other T,MAIT
PBMC10k_CGCATGGTCCTTGAAG-1,2605,DC,cDC2
PBMC10k_CGCATGGTCGTGGGTC-1,2606,B,B naive
PBMC10k_CGCCAGACACGTCGGT-1,2607,Mono,CD14 Mono
PBMC10k_CGCCAGACAGCGCGTT-1,2609,NK,NK Proliferating
PBMC10k_CGCCAGACATACAGGG-1,2610,other,ILC
PBMC10k_CGCCAGAGTAGCTGAG-1,2611,other,Eryth
PBMC10k_CGCCAGAGTATCGAGG-1,2612,Mono,CD14 Mono
PBMC10k_CGCCAGAGTGAGATAT-1,2614,NK,NK_CD56bright
PBMC10k_CGCCAGAGTGAGCCAA-1,2615,NK,NK
PBMC10k_CGCCAGATCGTAATGC-1,2616,Mono,CD14 Mono
PBMC10k_CGCCATTCAGCTGCCA-1,2618,CD4 T,CD4 Naive
PBMC10k_CGCGTGAAGAATTGCA-1,2622,Mono,CD14 Mono
PBMC10k_CGCGTGACACTGTCGG-1,2623,NK,NK
PBMC10k_CGCGTGATCCTCTCGA-1,2625,Mono,CD14 Mono
PBMC10k_CGGAACCAGTGGTTCT-1,2627,NK,NK
PBMC10k_CGGAACCCAACCGCCA-1,2628,other T,MAIT
PBMC10k_CGGAACCCAATTGCAC-1,2629,CD4 T,CD4 TCM
PBMC10k_CGGAACCTCAGACTGT-1,2631,NK,NK
PBMC10k_CGGAACCTCCACTTTA-1,2632,DC,cDC2
PBMC10k_CGGAACCTCTTTCAGT-1,2633,NK,NK
PBMC10k_CGGAATTAGTTCCTGA-1,2634,Mono,CD14 Mono
PBMC10k_CGGAATTTCCCTATTA-1,2637,CD4 T,CD4 TEM
PBMC10k_CGGACACGTCTCGCGA-1,2638,CD4 T,CD4 TEM
PBMC10k_CGGACACGTTGGTACT-1,2639,CD4 T,CD4 TCM
PBMC10k_CGGACACTCTCACCCA-1,2640,Mono,CD14 Mono
PBMC10k_CGGAGAAAGACAGCTG-1,2641,CD4 T,CD4 Naive
PBMC10k_CGGAGAACAACGCATT-1,2642,NK,NK
PBMC10k_CGGAGAACAGGTGTGA-1,2644,Mono,CD14 Mono
PBMC10k_CGGAGAATCGCCGAAC-1,2645,NK,NK
PBMC10k_CGGCAGTGTATGTCAC-1,2649,CD4 T,CD4 Naive
PBMC10k_CGGCAGTGTCGTGGTC-1,2650,Mono,CD14 Mono
PBMC10k_CGGCAGTGTTGTAAAG-1,2651,CD4 T,CD4 Naive
PBMC10k_CGGGACTAGTCTAACC-1,2652,other,ILC
PBMC10k_CGGGACTCAATAGGGC-1,2653,B,B memory
PBMC10k_CGGGACTCACGAGAAC-1,2654,other T,MAIT
PBMC10k_CGGGACTCATAGACTC-1,2655,Mono,CD14 Mono
PBMC10k_CGGGACTGTTGGCCGT-1,2657,other,ILC
PBMC10k_CGGGACTTCTCCATAT-1,2659,CD4 T,CD4 Naive
PBMC10k_CGGGCATAGAATCCCT-1,2660,other T,MAIT
PBMC10k_CGGGCATAGCTGAGCA-1,2661,other T,MAIT
PBMC10k_CGGGCATGTTAGGCTT-1,2663,Mono,CD14 Mono
PBMC10k_CGGGCATTCTCGTCGT-1,2664,CD4 T,CD4 TCM
PBMC10k_CGGGTCACAGACTGCC-1,2666,Mono,CD14 Mono
PBMC10k_CGGGTCAGTATCCCAA-1,2668,CD8 T,CD8 TCM
PBMC10k_CGGGTCATCGTACACA-1,2669,Mono,CD14 Mono
PBMC10k_CGGGTGTAGTCTAGAA-1,2672,CD8 T,CD8 TCM
PBMC10k_CGGGTGTCAATTCTTC-1,2674,CD4 T,Treg
PBMC10k_CGGGTGTCACAGAAGC-1,2675,other,ILC
PBMC10k_CGGGTGTCAGCACACC-1,2676,Mono,CD14 Mono
PBMC10k_CGGGTGTCAGGAGGAG-1,2677,CD4 T,Treg
PBMC10k_CGGGTGTTCCATAAGC-1,2679,CD8 T,CD8 Naive
PBMC10k_CGGGTGTTCGCGTAGC-1,2680,CD4 T,CD4 Naive
PBMC10k_CGGTCAGAGCCTGAGA-1,2681,Mono,CD14 Mono
PBMC10k_CGGTCAGCACAACGAG-1,2684,NK,NK
PBMC10k_CGGTCAGCACACGGTC-1,2685,Mono,CD14 Mono
PBMC10k_CGGTCAGCAGCACAAG-1,2686,CD4 T,CD4 TEM
PBMC10k_CGGTCAGGTACCGGCT-1,2688,CD4 T,CD4 TCM
PBMC10k_CGGTCAGGTAGATGTA-1,2690,Mono,CD14 Mono
PBMC10k_CGGTCAGGTAGCGCTC-1,2691,CD4 T,CD4 TEM
PBMC10k_CGGTCAGGTTCTCAGA-1,2692,Mono,CD14 Mono
PBMC10k_CGGTCAGGTTGTCAGT-1,2693,CD4 T,CD4 Naive
PBMC10k_CGGTCAGTCTCTGCCA-1,2695,CD8 T,CD8 TEM
PBMC10k_CGTAAGTAGCCAAGTG-1,2697,B,B intermediate
PBMC10k_CGTAAGTGTAGTCTTG-1,2698,Mono,CD14 Mono
PBMC10k_CGTAAGTGTCTACACA-1,2699,NK,NK
PBMC10k_CGTAAGTGTGGAAATT-1,2700,other T,dnT
PBMC10k_CGTAATGAGCCTCTTC-1,2703,CD8 T,CD8 TCM
PBMC10k_CGTAATGCACTGAGGA-1,2705,Mono,CD14 Mono
PBMC10k_CGTAATGGTATAGGGC-1,2706,CD8 T,CD8 TEM
PBMC10k_CGTAGTAAGTAGATCA-1,2708,NK,NK
PBMC10k_CGTAGTACACTCACTC-1,2711,other,Eryth
PBMC10k_CGTAGTACAGAAACCG-1,2712,Mono,CD14 Mono
PBMC10k_CGTAGTACAGACCGCT-1,2713,other,ILC
PBMC10k_CGTAGTAGTAACAGTA-1,2715,other T,dnT
PBMC10k_CGTAGTATCTAGTGAC-1,2716,CD4 T,CD4 TCM
PBMC10k_CGTAGTATCTGCGGGT-1,2717,CD4 T,CD4 Naive
PBMC10k_CGTCAAAAGGCTAACG-1,2719,other T,gdT
PBMC10k_CGTCAAATCTTCCAGC-1,2723,CD4 T,CD4 Naive
PBMC10k_CGTCCATAGGGCGAGA-1,2725,Mono,CD14 Mono
PBMC10k_CGTCCATTCGCCTCTA-1,2729,NK,NK
PBMC10k_CGTGAATAGATTGTGA-1,2731,Mono,CD14 Mono
PBMC10k_CGTGAATAGGTCTGGA-1,2732,Mono,CD14 Mono
PBMC10k_CGTGAATTCAGAGTTC-1,2734,NK,NK
PBMC10k_CGTGATAAGCCTGCCA-1,2737,CD4 T,CD4 TCM
PBMC10k_CGTGATAAGGCTATCT-1,2739,CD8 T,CD8 TEM
PBMC10k_CGTGCTTCAGAACTTC-1,2741,CD4 T,CD4 Naive
PBMC10k_CGTGCTTCAGTGCCTG-1,2742,other T,MAIT
PBMC10k_CGTGCTTGTATGATCC-1,2743,Mono,CD14 Mono
PBMC10k_CGTGTCTAGGTACAGC-1,2746,other T,MAIT
PBMC10k_CGTGTCTCAAATCAGA-1,2748,other T,dnT
PBMC10k_CGTGTCTTCCTCTCGA-1,2752,other T,gdT
PBMC10k_CGTTAGACATAGCACT-1,2756,CD4 T,CD4 Naive
PBMC10k_CGTTAGACATGATCTG-1,2757,other,ILC
PBMC10k_CGTTAGATCATGGTAC-1,2759,other T,MAIT
PBMC10k_CGTTCTGGTATCATGC-1,2762,NK,NK
PBMC10k_CGTTCTGGTTTGAACC-1,2763,CD4 T,CD4 Naive
PBMC10k_CGTTCTGTCAGGAACG-1,2764,CD4 T,CD4 Naive
PBMC10k_CGTTCTGTCGCTTACC-1,2765,Mono,CD14 Mono
PBMC10k_CGTTGGGCATGCCGAC-1,2769,CD4 T,CD4 Naive
PBMC10k_CGTTGGGTCTGGCCGA-1,2771,CD4 T,CD4 TCM
PBMC10k_CTAACCCTCAAAGGTA-1,2774,Mono,CD14 Mono
PBMC10k_CTAACCCTCACGATAC-1,2775,Mono,CD14 Mono
PBMC10k_CTAACCCTCTGCTTAT-1,2777,CD4 T,CD4 TCM
PBMC10k_CTAACTTCAGGCGAAT-1,2779,CD4 T,CD4 Naive
PBMC10k_CTAACTTTCAACCCGG-1,2780,CD4 T,CD4 TCM
PBMC10k_CTAACTTTCCCAGCGA-1,2781,CD4 T,CD4 CTL
PBMC10k_CTAACTTTCGTTGCCT-1,2782,DC,cDC2
PBMC10k_CTAAGTGAGGAACTAT-1,2783,Mono,CD14 Mono
PBMC10k_CTAAGTGAGTTATGGA-1,2785,NK,NK
PBMC10k_CTAAGTGAGTTCCGGC-1,2786,NK,NK
PBMC10k_CTAAGTGGTACTGTTG-1,2787,B,B naive
PBMC10k_CTAAGTGTCCGATTAG-1,2788,CD8 T,CD8 Naive
PBMC10k_CTACAGACATTGACCA-1,2790,Mono,CD14 Mono
PBMC10k_CTACAGATCCATCTCG-1,2792,CD4 T,CD4 TCM
PBMC10k_CTACAGATCCGAGATT-1,2793,other T,dnT
PBMC10k_CTACAGATCCTAAGTG-1,2794,Mono,CD14 Mono
PBMC10k_CTACAGATCTCAACCC-1,2796,CD4 T,CD4 Naive
PBMC10k_CTACATTAGCGATGAC-1,2798,CD4 T,CD4 TEM
PBMC10k_CTACATTGTGATGAAT-1,2799,NK,NK
PBMC10k_CTACATTGTTTCTATC-1,2800,NK,NK
PBMC10k_CTACCCATCCTGTAGA-1,2803,Mono,CD14 Mono
PBMC10k_CTACCCATCGGCCCAA-1,2805,other,Eryth
PBMC10k_CTACCTGAGAGCAAGA-1,2806,NK,NK
PBMC10k_CTACCTGCACACACTA-1,2807,Mono,CD14 Mono
PBMC10k_CTACCTGGTTGGGTTT-1,2808,DC,cDC2
PBMC10k_CTACGGGGTTGTGGCC-1,2815,DC,pDC
PBMC10k_CTACGGGTCATAAGGA-1,2816,NK,NK
PBMC10k_CTACGGGTCTGTCGTC-1,2817,CD8 T,CD8 Naive
PBMC10k_CTACTATCAAGTTCCA-1,2819,other T,MAIT
PBMC10k_CTAGACAAGTCTACCA-1,2824,other T,MAIT
PBMC10k_CTAGGTACAAGGATGC-1,2829,Mono,CD14 Mono
PBMC10k_CTAGGTATCAAGCCGC-1,2831,Mono,CD14 Mono
PBMC10k_CTAGGTATCAAGCCTA-1,2832,CD4 T,CD4 Naive
PBMC10k_CTAGGTATCGGAGTAG-1,2833,NK,NK
PBMC10k_CTATAGGCACAGCTGC-1,2834,CD4 T,CD4 Naive
PBMC10k_CTATAGGCACCCGTAG-1,2835,CD4 T,CD4 Naive
PBMC10k_CTATAGGCACCTGCAG-1,2836,B,B naive
PBMC10k_CTATAGGCACGTTCGG-1,2837,other T,MAIT
PBMC10k_CTATAGGCACTAGAGG-1,2838,Mono,CD14 Mono
PBMC10k_CTATAGGCAGTTACCA-1,2839,CD4 T,CD4 TEM
PBMC10k_CTATAGGGTCGATTAC-1,2841,CD4 T,CD4 Naive
PBMC10k_CTATAGGTCACTACGA-1,2843,CD8 T,CD8 Naive
PBMC10k_CTATCCGAGCCGCTTG-1,2845,Mono,CD14 Mono
PBMC10k_CTATCCGAGCGTTACT-1,2846,NK,NK
PBMC10k_CTATCCGCATTCCTCG-1,2847,CD8 T,CD8 Naive
PBMC10k_CTATCCGGTGGAACCA-1,2848,CD4 T,CD4 Naive
PBMC10k_CTATCCGGTTCCATTT-1,2849,CD4 T,CD4 TCM
PBMC10k_CTATCTAAGTTGGAGC-1,2850,Mono,CD14 Mono
PBMC10k_CTATCTAGTCTCAGGC-1,2852,NK,NK
PBMC10k_CTATCTAGTGCCCTTT-1,2853,other T,MAIT
PBMC10k_CTATCTATCCGATGCG-1,2854,Mono,CD14 Mono
PBMC10k_CTATCTATCTTTACAC-1,2855,B,B naive
PBMC10k_CTCAAGAGTGAGCCAA-1,2860,Mono,CD14 Mono
PBMC10k_CTCAAGATCATTGTGG-1,2862,NK,NK
PBMC10k_CTCAATTAGCGTCTGC-1,2865,Mono,CD14 Mono
PBMC10k_CTCAATTCACGGGTAA-1,2866,DC,cDC2
PBMC10k_CTCAATTCACTCGATA-1,2867,CD4 T,CD4 Naive
PBMC10k_CTCACTGGTCGTCATA-1,2876,CD4 T,Treg
PBMC10k_CTCACTGTCTCCGAGG-1,2878,NK,NK
PBMC10k_CTCACTGTCTGCCTCA-1,2879,CD4 T,Treg
PBMC10k_CTCAGAAAGTGCTCGC-1,2884,CD4 T,Treg
PBMC10k_CTCAGAACACATGACT-1,2885,CD8 T,CD8 TEM
PBMC10k_CTCAGAACAGAAGCTG-1,2887,Mono,CD14 Mono
PBMC10k_CTCAGAACAGACACAG-1,2888,CD4 T,CD4 TCM
PBMC10k_CTCAGAACAGCGTACC-1,2890,Mono,CD14 Mono
PBMC10k_CTCAGAAGTATACGGG-1,2891,CD4 T,CD4 TCM
PBMC10k_CTCAGAATCGTTGTAG-1,2892,Mono,CD14 Mono
PBMC10k_CTCAGGGAGCAGCAGT-1,2893,other,Eryth
PBMC10k_CTCAGGGAGTAATCCC-1,2894,other,Eryth
PBMC10k_CTCAGGGAGTAGTCCT-1,2895,other,ILC
PBMC10k_CTCAGGGCAACACGAG-1,2897,other T,MAIT
PBMC10k_CTCAGGGGTTTACACG-1,2899,Mono,CD14 Mono
PBMC10k_CTCAGGGTCTGGGAGA-1,2901,other T,MAIT
PBMC10k_CTCAGTCAGACATACA-1,2902,CD4 T,CD4 Naive
PBMC10k_CTCAGTCAGGAACATT-1,2903,Mono,CD14 Mono
PBMC10k_CTCAGTCAGGATACAT-1,2904,CD4 T,CD4 Naive
PBMC10k_CTCAGTCAGTCGTTAC-1,2905,other T,MAIT
PBMC10k_CTCAGTCCACCAGTTA-1,2906,CD8 T,CD8 Naive
PBMC10k_CTCAGTCCACCTTCCA-1,2907,Mono,CD14 Mono
PBMC10k_CTCAGTCCATAAGCAA-1,2908,B,B naive
PBMC10k_CTCAGTCCATAATGCC-1,2909,NK,NK
PBMC10k_CTCATCGCACGGTAGA-1,2919,CD4 T,CD4 TEM
PBMC10k_CTCATCGCACTTGACA-1,2920,CD4 T,CD4 Naive
PBMC10k_CTCATCGCATAACCCA-1,2922,NK,NK
PBMC10k_CTCATCGGTTTAGAGA-1,2925,CD8 T,CD8 Proliferating
PBMC10k_CTCATCGTCACTCTTA-1,2926,NK,NK
PBMC10k_CTCATCGTCCATCAGA-1,2927,other T,MAIT
PBMC10k_CTCATGCAGCCGATAG-1,2930,CD4 T,CD4 TCM
PBMC10k_CTCATGCCAAATGGTA-1,2931,CD4 T,CD4 TCM
PBMC10k_CTCATGCTCATTACCT-1,2934,CD4 T,CD4 TCM
PBMC10k_CTCATTAAGGGTCTTT-1,2935,Mono,CD14 Mono
PBMC10k_CTCATTACACATGACT-1,2938,B,B naive
PBMC10k_CTCATTAGTCACATTG-1,2939,other T,MAIT
PBMC10k_CTCATTAGTCGCCACA-1,2940,CD4 T,Treg
PBMC10k_CTCATTAGTCTCGGAC-1,2941,NK,NK
PBMC10k_CTCATTATCCTTATAC-1,2943,other,Eryth
PBMC10k_CTCCAACGTTGTGTTG-1,2945,NK,NK
PBMC10k_CTCCAACTCGCACGGT-1,2946,DC,cDC2
PBMC10k_CTCCAACTCGCGTGAC-1,2947,NK,NK
PBMC10k_CTCCAACTCGTTACCC-1,2948,other,Eryth
PBMC10k_CTCCACACATCTGCGG-1,2950,CD4 T,CD4 TCM
PBMC10k_CTCCACATCCGACATA-1,2954,CD4 T,CD4 TEM
PBMC10k_CTCCATGCACCGTACG-1,2955,NK,NK
PBMC10k_CTCCATGTCCAAGCAT-1,2956,NK,NK
PBMC10k_CTCCCAAAGCCATTGT-1,2958,other T,MAIT
PBMC10k_CTCCCAACAACTCCCT-1,2959,other T,gdT
PBMC10k_CTCCCAACACATGTTG-1,2960,CD4 T,CD4 Naive
PBMC10k_CTCCCAACAGAGGACT-1,2961,Mono,CD14 Mono
PBMC10k_CTCCCAACATTGAGCT-1,2962,CD4 T,CD4 TEM
PBMC10k_CTCCCTCAGCATTTGC-1,2966,NK,NK
PBMC10k_CTCCCTCAGGCGATAC-1,2967,CD8 T,CD8 Naive
PBMC10k_CTCCCTCTCTATCCAT-1,2971,CD4 T,CD4 TEM
PBMC10k_CTCCGATCACTCCACT-1,2973,Mono,CD14 Mono
PBMC10k_CTCCTCCAGAATTTGG-1,2978,CD4 T,CD4 Naive
PBMC10k_CTCCTCCAGATGATTG-1,2979,Mono,CD14 Mono
PBMC10k_CTCCTCCCAGCAGATG-1,2982,CD4 T,CD4 CTL
PBMC10k_CTCCTCCGTCCAGCCA-1,2984,CD8 T,CD8 Naive
PBMC10k_CTCCTCCGTGGCGCTT-1,2985,CD4 T,CD4 TCM
PBMC10k_CTCCTCCTCAGGTGTT-1,2986,CD4 T,CD4 TCM
PBMC10k_CTCCTCCTCGTTCAGA-1,2987,CD8 T,CD8 TEM
PBMC10k_CTCCTTTCAAATGGCG-1,2989,DC,pDC
PBMC10k_CTCCTTTTCACTTGTT-1,2991,B,B intermediate
PBMC10k_CTCCTTTTCCGCACTT-1,2992,CD4 T,CD4 TEM
PBMC10k_CTCCTTTTCGAGTCTA-1,2993,CD8 T,CD8 TCM
PBMC10k_CTCCTTTTCGTTGCCT-1,2994,NK,NK
PBMC10k_CTCGAGGCACTGTCCT-1,2997,B,B naive
PBMC10k_CTCGAGGTCGCATTGA-1,3001,CD4 T,CD4 TEM
PBMC10k_CTCGAGGTCTCTCGCA-1,3002,CD8 T,CD8 Naive
PBMC10k_CTCTCAGGTACCCGAC-1,3006,Mono,CD16 Mono
PBMC10k_CTCTCAGTCGATACGT-1,3007,Mono,CD14 Mono
PBMC10k_CTCTCGAAGTATCCTG-1,3008,NK,NK
PBMC10k_CTCTCGAAGTGATAGT-1,3009,NK,NK
PBMC10k_CTCTCGAGTATTTCGG-1,3012,Mono,CD16 Mono
PBMC10k_CTCTCGAGTTAGTTCG-1,3013,Mono,CD14 Mono
PBMC10k_CTCTGGTGTACTCGAT-1,3017,CD4 T,CD4 Naive
PBMC10k_CTCTGGTGTGAAAGTT-1,3018,other T,MAIT
PBMC10k_CTGAATGCATTACGGT-1,3020,Mono,CD14 Mono
PBMC10k_CTGAATGTCTCCCAAC-1,3023,other,ILC
PBMC10k_CTGAGCGAGGGAGGAC-1,3025,CD4 T,CD4 Naive
PBMC10k_CTGAGCGAGTCTGCAT-1,3026,CD8 T,CD8 Naive
PBMC10k_CTGAGCGAGTGCCTCG-1,3027,Mono,CD14 Mono
PBMC10k_CTGAGCGAGTGCGCTC-1,3028,CD4 T,CD4 TCM
PBMC10k_CTGAGCGCAAACTAGA-1,3029,CD4 T,Treg
PBMC10k_CTGAGCGCATATCTGG-1,3030,CD4 T,CD4 TEM
PBMC10k_CTGAGCGGTATCGATC-1,3031,Mono,CD14 Mono
PBMC10k_CTGAGGCAGCCTCGTG-1,3034,B,B naive
PBMC10k_CTGAGGCCAAGAAATC-1,3035,CD4 T,CD4 Naive
PBMC10k_CTGAGGCTCAGACATC-1,3036,Mono,CD14 Mono
PBMC10k_CTGATCCGTGAATGAT-1,3040,CD4 T,CD4 Naive
PBMC10k_CTGATCCTCCTAGAGT-1,3041,CD4 T,CD4 Naive
PBMC10k_CTGATCCTCGGCTTGG-1,3043,Mono,CD14 Mono
PBMC10k_CTGCAGGCAGCGCTTG-1,3044,CD4 T,CD4 Naive
PBMC10k_CTGCAGGGTTCAATCG-1,3045,CD4 T,CD4 TCM
PBMC10k_CTGCAGGTCAGTGGGA-1,3047,Mono,CD14 Mono
PBMC10k_CTGCATCCACCCTGAG-1,3048,CD4 T,Treg
PBMC10k_CTGCATCCATAGTCGT-1,3049,Mono,CD16 Mono
PBMC10k_CTGCATCGTCGGCTAC-1,3050,Mono,CD14 Mono
PBMC10k_CTGCATCGTGTGTGTT-1,3051,CD4 T,CD4 Naive
PBMC10k_CTGCATCGTTGCGGAA-1,3053,B,B naive
PBMC10k_CTGCATCTCGACTCCT-1,3054,B,B naive
PBMC10k_CTGCCATAGCAATTAG-1,3055,CD8 T,CD8 TEM
PBMC10k_CTGCCATCATGACGTT-1,3058,CD8 T,CD8 Naive
PBMC10k_CTGCCATGTAGCTTGT-1,3059,B,B naive
PBMC10k_CTGCCATGTTCGGGTC-1,3060,other T,MAIT
PBMC10k_CTGCCATTCAGTCATG-1,3061,CD4 T,CD4 TCM
PBMC10k_CTGCCTAGTATCTCGA-1,3064,B,B memory
PBMC10k_CTGCGAGCATAACTCG-1,3066,other,Eryth
PBMC10k_CTGCGAGTCAAGCCGC-1,3069,Mono,CD14 Mono
PBMC10k_CTGCGAGTCTCCTACG-1,3070,CD4 T,CD4 Naive
PBMC10k_CTGCTCAAGAACTTCC-1,3071,Mono,CD14 Mono
PBMC10k_CTGCTCAAGCTCATAC-1,3072,CD4 T,CD4 TCM
PBMC10k_CTGCTCAAGGCCTGAA-1,3074,DC,pDC
PBMC10k_CTGCTCACACCCATAA-1,3076,CD4 T,CD4 Naive
PBMC10k_CTGCTCACACTGTCCT-1,3077,other T,dnT
PBMC10k_CTGCTCATCATAGAGA-1,3079,CD8 T,CD8 Naive
PBMC10k_CTGGACGAGTACCCTA-1,3081,NK,NK
PBMC10k_CTGGACGGTACGCGTC-1,3083,Mono,CD14 Mono
PBMC10k_CTGGACGGTTAAGCAA-1,3084,CD4 T,CD4 TCM
PBMC10k_CTGGACGTCCGAGTGC-1,3086,CD8 T,CD8 Naive
PBMC10k_CTGGACGTCTCTCAAT-1,3087,CD4 T,CD4 TCM
PBMC10k_CTGGACGTCTTTGCGC-1,3088,CD4 T,CD4 Naive
PBMC10k_CTGGCAGAGCTCAGAG-1,3089,CD4 T,CD4 Naive
PBMC10k_CTGGCAGCATGGTACT-1,3091,Mono,CD14 Mono
PBMC10k_CTGGTCTGTCTTCAAG-1,3097,B,B intermediate
PBMC10k_CTGTACCAGTGTTCAC-1,3099,CD4 T,CD4 TEM
PBMC10k_CTGTACCGTTACAGCT-1,3101,CD4 T,Treg
PBMC10k_CTGTACCGTTAGAAGT-1,3102,other,Eryth
PBMC10k_CTGTACCTCCGTGTGG-1,3103,CD8 T,CD8 Proliferating
PBMC10k_CTGTACCTCGCAATGT-1,3104,Mono,CD14 Mono
PBMC10k_CTGTACCTCTGGGTCG-1,3105,Mono,CD14 Mono
PBMC10k_CTGTAGACACTTTATC-1,3110,CD4 T,CD4 TCM
PBMC10k_CTGTAGACAGTCAACT-1,3111,B,B naive
PBMC10k_CTGTAGATCGTTCATT-1,3113,other T,MAIT
PBMC10k_CTGTATTCACGGCACT-1,3114,Mono,CD14 Mono
PBMC10k_CTGTATTCATGCCGGT-1,3115,NK,NK
PBMC10k_CTGTATTGTAGCGAGT-1,3116,other T,MAIT
PBMC10k_CTGTATTGTATACCCA-1,3117,B,B naive
PBMC10k_CTGTATTTCCGCCTAT-1,3118,CD4 T,CD4 TEM
PBMC10k_CTGTATTTCTTCGTGC-1,3119,CD8 T,CD8 TCM
PBMC10k_CTGTCGTGTGAATAAC-1,3122,Mono,CD14 Mono
PBMC10k_CTGTCGTGTGACCGTC-1,3123,CD4 T,CD4 TCM
PBMC10k_CTGTCGTTCCTACGAA-1,3125,CD4 T,CD4 TEM
PBMC10k_CTGTCGTTCGAGCACC-1,3126,other T,MAIT
PBMC10k_CTGTCGTTCGGCATAT-1,3127,CD4 T,Treg
PBMC10k_CTGTCGTTCTGGCCGA-1,3128,B,B memory
PBMC10k_CTGTGAAAGGACAAGA-1,3129,other T,MAIT
PBMC10k_CTGTGAAAGGCCTGCT-1,3130,other T,MAIT
PBMC10k_CTGTGAAGTACGTACT-1,3133,CD8 T,CD8 TEM
PBMC10k_CTGTGAAGTTCAGTAC-1,3134,CD4 T,CD4 Naive
PBMC10k_CTGTGAATCTAAGCCA-1,3137,other T,MAIT
PBMC10k_CTGTGGGAGACTGTTC-1,3138,Mono,CD14 Mono
PBMC10k_CTGTGGGCACAACGCC-1,3139,NK,NK
PBMC10k_CTGTGGGGTGAGTAGC-1,3141,NK,NK
PBMC10k_CTGTGGGTCACGTAGT-1,3142,NK,NK
PBMC10k_CTGTGGGTCGCGCTGA-1,3144,NK,NK
PBMC10k_CTTACCGAGCCTGCCA-1,3145,CD4 T,CD4 TEM
PBMC10k_CTTACCGAGGAATTAC-1,3146,other T,MAIT
PBMC10k_CTTACCGAGGGCAGTT-1,3147,other T,gdT
PBMC10k_CTTACCGCATAACCCA-1,3148,CD4 T,CD4 TEM
PBMC10k_CTTACCGGTAGGACCA-1,3150,CD8 T,CD8 TEM
PBMC10k_CTTACCGTCACTAGCA-1,3151,Mono,CD14 Mono
PBMC10k_CTTAGGAAGCCACCGT-1,3153,CD8 T,CD8 TEM
PBMC10k_CTTAGGACAAGTATAG-1,3154,Mono,CD14 Mono
PBMC10k_CTTAGGACAGAGCCCT-1,3155,B,B naive
PBMC10k_CTTAGGACATTGTGCA-1,3156,CD4 T,CD4 Naive
PBMC10k_CTTCAATAGGTTGTTC-1,3160,CD4 T,Treg
PBMC10k_CTTCAATAGTGCAAAT-1,3161,Mono,CD14 Mono
PBMC10k_CTTCAATAGTGCACCC-1,3162,CD4 T,Treg
PBMC10k_CTTCAATCAAGTCGTT-1,3163,NK,NK
PBMC10k_CTTCAATCAGACTCTA-1,3164,CD4 T,CD4 Naive
PBMC10k_CTTCAATCATGAAAGT-1,3166,CD4 T,CD4 TEM
PBMC10k_CTTCAATTCCCGGTAG-1,3167,Mono,CD14 Mono
PBMC10k_CTTCAATTCGTGGACC-1,3168,CD4 T,CD4 Naive
PBMC10k_CTTCAATTCTTTCGAT-1,3169,CD4 T,Treg
PBMC10k_CTTCCGAAGTTTCTTC-1,3170,DC,cDC2
PBMC10k_CTTCCGAGTCGCCTAG-1,3173,CD8 T,CD8 Naive
PBMC10k_CTTCCTTAGCAGGCAT-1,3177,NK,NK
PBMC10k_CTTCCTTAGGCACTAG-1,3178,CD8 T,CD8 TEM
PBMC10k_CTTCCTTAGGGCCTCT-1,3179,CD4 T,Treg
PBMC10k_CTTCCTTAGGTCATTC-1,3180,CD4 T,CD4 TCM
PBMC10k_CTTCCTTAGTAAAGCT-1,3181,other T,MAIT
PBMC10k_CTTCCTTTCAGGAGAC-1,3185,CD4 T,CD4 TCM
PBMC10k_CTTCCTTTCCACAGGC-1,3186,CD4 T,CD4 Naive
PBMC10k_CTTCGGTAGCATGCGA-1,3187,other T,gdT
PBMC10k_CTTCGGTAGTTTGGCT-1,3188,NK,NK
PBMC10k_CTTCGGTGTCTCGCGA-1,3189,B,B naive
PBMC10k_CTTCGGTTCACCTACC-1,3190,CD4 T,CD4 Naive
PBMC10k_CTTCGGTTCATAGGCT-1,3191,B,B naive
PBMC10k_CTTCTAAAGGAGAGGC-1,3193,B,B naive
PBMC10k_CTTCTAAAGGTGTGAC-1,3194,other T,dnT
PBMC10k_CTTCTAACATCAGTGT-1,3197,CD4 T,CD4 TCM
PBMC10k_CTTCTAAGTCAGGAGT-1,3199,CD4 T,CD4 Naive
PBMC10k_CTTCTAAGTGTTGATC-1,3201,CD4 T,CD4 Naive
PBMC10k_CTTCTAATCGGCCTTT-1,3202,Mono,CD14 Mono
PBMC10k_CTTCTAATCGTTTACT-1,3203,NK,NK
PBMC10k_CTTCTCTTCGAGATGG-1,3212,other,ILC
PBMC10k_CTTGAGAAGCGAGTCA-1,3214,Mono,CD14 Mono
PBMC10k_CTTGAGAGTGTCCCTT-1,3217,Mono,CD14 Mono
PBMC10k_CTTGAGATCTCGTGAA-1,3218,Mono,CD14 Mono
PBMC10k_CTTGATTCAAACCGGA-1,3219,CD8 T,CD8 Naive
PBMC10k_CTTGATTCAGTCGCTG-1,3221,CD4 T,CD4 TCM
PBMC10k_CTTGATTTCTCAAAGC-1,3222,CD4 T,Treg
PBMC10k_CTTTCAAAGATGAACT-1,3224,Mono,CD14 Mono
PBMC10k_CTTTCAACAACTCGAT-1,3227,NK,NK
PBMC10k_CTTTCAAGTCAACCTA-1,3228,other T,MAIT
PBMC10k_CTTTCAATCTATACTC-1,3229,Mono,CD14 Mono
PBMC10k_CTTTCGGAGGCAGGGA-1,3230,CD8 T,CD8 TEM
PBMC10k_CTTTCGGCACACGGAA-1,3231,Mono,CD14 Mono
PBMC10k_CTTTCGGGTCGGTGTC-1,3232,Mono,CD14 Mono
PBMC10k_CTTTCGGTCAACACCA-1,3234,CD4 T,CD4 TEM
PBMC10k_CTTTCGGTCGTACCTC-1,3236,NK,NK
PBMC10k_GAAACCTAGCTATCCA-1,3240,Mono,CD14 Mono
PBMC10k_GAAACCTCATCGGTTA-1,3241,CD4 T,CD4 TEM
PBMC10k_GAAACCTGTACTGGGA-1,3242,CD4 T,CD4 Naive
PBMC10k_GAAACCTTCTCTTCAA-1,3246,B,B naive
PBMC10k_GAACACTAGAGTGAAG-1,3252,CD4 T,CD4 Naive
PBMC10k_GAACACTCACTGTCGG-1,3253,CD4 T,CD4 TEM
PBMC10k_GAACACTCAGGTCAGA-1,3254,NK,NK
PBMC10k_GAACACTCATGAAGGC-1,3255,CD4 T,CD4 Naive
PBMC10k_GAACACTCATTACGGT-1,3256,DC,cDC2
PBMC10k_GAACACTTCTAGATCG-1,3258,NK,NK
PBMC10k_GAACTGTAGCTACGTT-1,3261,CD4 T,CD4 TEM
PBMC10k_GAACTGTAGCTACTGT-1,3262,CD4 T,CD4 TCM
PBMC10k_GAACTGTCACATCCCT-1,3263,NK,NK
PBMC10k_GAACTGTCATGGGATG-1,3264,B,Plasmablast
PBMC10k_GAACTGTGTCTGCCTT-1,3265,NK,NK
PBMC10k_GAACTGTTCTCAAAGC-1,3267,Mono,CD14 Mono
PBMC10k_GAAGAATCACCGTCTT-1,3269,Mono,CD16 Mono
PBMC10k_GAAGAATTCACCATCC-1,3270,CD4 T,CD4 Naive
PBMC10k_GAAGAATTCACTCACC-1,3271,Mono,CD14 Mono
PBMC10k_GAAGCCCCAGTGGTGA-1,3275,Mono,CD14 Mono
PBMC10k_GAAGCCCGTTCATCGA-1,3276,other T,MAIT
PBMC10k_GAAGCCCTCCGTGCGA-1,3277,other,Eryth
PBMC10k_GAAGCGAAGAGGTCAC-1,3281,CD4 T,CD4 Naive
PBMC10k_GAAGCGACATAATCCG-1,3282,CD4 T,CD4 Naive
PBMC10k_GAAGCGAGTGTTCCAA-1,3285,CD4 T,CD4 TEM
PBMC10k_GAAGCGATCCAATGCA-1,3286,other T,dnT
PBMC10k_GAAGGACAGCTGGCCT-1,3288,CD4 T,CD4 TCM
PBMC10k_GAAGGACCACTGTGAT-1,3290,other T,gdT
PBMC10k_GAAGGACGTCATCCCT-1,3292,CD4 T,CD4 Naive
PBMC10k_GAAGGACGTCATCTAG-1,3293,Mono,CD14 Mono
PBMC10k_GAAGGACTCCACGGGT-1,3295,other,Eryth
PBMC10k_GAAGGGTAGTAAGGGA-1,3296,Mono,CD14 Mono
PBMC10k_GAAGGGTAGTGGTCAG-1,3297,CD4 T,CD4 TCM
PBMC10k_GAAGGGTCAAGGTCAG-1,3298,CD8 T,CD8 TEM
PBMC10k_GAAGGGTGTCTGTGCG-1,3300,CD4 T,CD4 Naive
PBMC10k_GAAGGGTGTGATTCTG-1,3301,CD4 T,CD4 Naive
PBMC10k_GAAGTAATCTAGCAAC-1,3304,DC,pDC
PBMC10k_GAAGTAATCTAGCCAA-1,3305,CD4 T,CD4 TEM
PBMC10k_GAATAGAAGACCTCAT-1,3308,CD4 T,CD4 Naive
PBMC10k_GAATAGACAAGAAACT-1,3309,other T,MAIT
PBMC10k_GAATAGACAGAGCTAG-1,3310,B,B naive
PBMC10k_GAATCACAGAATTCAG-1,3311,CD8 T,CD8 TEM
PBMC10k_GAATCACAGGTCATTC-1,3312,other,ILC
PBMC10k_GAATCACCAAGGTCTT-1,3313,CD8 T,CD8 Naive
PBMC10k_GAATCACGTTTCACAG-1,3314,Mono,CD14 Mono
PBMC10k_GAATCACTCCGCCTAT-1,3316,CD4 T,CD4 Naive
PBMC10k_GAATCACTCGGCATAT-1,3317,NK,NK
PBMC10k_GAATCACTCTGCTTTA-1,3318,Mono,CD14 Mono
PBMC10k_GAATCACTCTTCGCTG-1,3319,CD4 T,Treg
PBMC10k_GAATCACTCTTCGTAT-1,3320,NK,NK
PBMC10k_GAATCGTAGAGTGAAG-1,3321,NK,NK
PBMC10k_GAATCGTAGGGCCAAT-1,3322,other T,dnT
PBMC10k_GAATCGTCAAAGCTAA-1,3323,Mono,CD14 Mono
PBMC10k_GAATCGTCAGAGCGTA-1,3328,NK,NK Proliferating
PBMC10k_GAATCGTCAGCGAGTA-1,3329,B,B memory
PBMC10k_GACACGCCAAGTGTCT-1,3332,CD4 T,CD4 Naive
PBMC10k_GACACGCCACGCGGTT-1,3333,NK,NK
PBMC10k_GACACGCTCAATCGGT-1,3336,CD8 T,CD8 TEM
PBMC10k_GACACGCTCCATCGTC-1,3338,CD8 T,CD8 Naive
PBMC10k_GACACGCTCTCTATGT-1,3340,Mono,CD14 Mono
PBMC10k_GACAGCCCAGCTTCCT-1,3342,CD4 T,CD4 Naive
PBMC10k_GACAGCCTCAGCTGTA-1,3344,CD4 T,CD4 Naive
PBMC10k_GACAGCCTCTAGTCAG-1,3345,Mono,CD16 Mono
PBMC10k_GACATCAAGAGGTCAC-1,3347,Mono,CD14 Mono
PBMC10k_GACATCACAACTAGAA-1,3348,Mono,CD14 Mono
PBMC10k_GACATCACACGTTCGG-1,3350,CD4 T,Treg
PBMC10k_GACATCAGTGACTCTA-1,3352,Mono,CD14 Mono
PBMC10k_GACCAATAGGATACAT-1,3358,CD4 T,CD4 Naive
PBMC10k_GACCAATGTCGTTATG-1,3359,CD4 T,CD4 TCM
PBMC10k_GACCAATGTTGTGTTG-1,3361,Mono,CD14 Mono
PBMC10k_GACCAATTCACCGGTG-1,3362,CD4 T,CD4 TCM
PBMC10k_GACCCAGAGAGGCCAT-1,3363,Mono,CD14 Mono
PBMC10k_GACCCAGTCATCCTAT-1,3365,CD4 T,CD4 TEM
PBMC10k_GACCCTTAGAGAGTTT-1,3367,CD4 T,CD4 TEM
PBMC10k_GACCCTTAGATTAGAC-1,3368,Mono,CD14 Mono
PBMC10k_GACCCTTAGCAAATCA-1,3369,CD4 T,CD4 TCM
PBMC10k_GACCCTTAGTAAGCAT-1,3370,CD8 T,CD8 Naive
PBMC10k_GACCCTTCACGTCGGT-1,3372,CD4 T,CD4 TCM
PBMC10k_GACCCTTCACGTCTCT-1,3373,CD8 T,CD8 TEM
PBMC10k_GACCGTGTCGTAACCA-1,3380,CD4 T,CD4 Naive
PBMC10k_GACCTTCAGACAACTA-1,3381,CD4 T,CD4 Naive
PBMC10k_GACCTTCAGATCCTAC-1,3382,other,Eryth
PBMC10k_GACCTTCAGGGCTGAT-1,3385,Mono,CD14 Mono
PBMC10k_GACCTTCGTGTCATGT-1,3387,other T,MAIT
PBMC10k_GACGCTGAGGGAGATA-1,3389,other T,gdT
PBMC10k_GACGCTGCACTGCATA-1,3390,Mono,CD14 Mono
PBMC10k_GACGCTGCACTTCAGA-1,3391,CD4 T,CD4 Naive
PBMC10k_GACGCTGGTCGTAATC-1,3393,CD4 T,CD4 Naive
PBMC10k_GACGCTGTCTTCGTGC-1,3395,CD8 T,CD8 TEM
PBMC10k_GACGTTAGTCGATTCA-1,3398,CD4 T,CD4 TCM
PBMC10k_GACGTTAGTGGTCTAT-1,3399,CD4 T,Treg
PBMC10k_GACTATGAGAGCCATG-1,3403,CD4 T,Treg
PBMC10k_GACTATGCACAGCGCT-1,3405,CD8 T,CD8 TCM
PBMC10k_GACTATGCATCGTTCC-1,3407,CD4 T,CD4 TEM
PBMC10k_GACTATGGTATCGATC-1,3408,NK,NK
PBMC10k_GACTATGGTCTCGCGA-1,3410,Mono,CD16 Mono
PBMC10k_GACTATGTCCTTATGT-1,3411,CD4 T,CD4 TEM
PBMC10k_GACTATGTCTTTGCTA-1,3412,other T,MAIT
PBMC10k_GACTCAACATATCTGG-1,3414,B,B naive
PBMC10k_GACTCTCAGAGAACCC-1,3419,CD4 T,CD4 Naive
PBMC10k_GACTCTCGTCAACGCC-1,3420,NK,NK
PBMC10k_GACTCTCGTGCGCTCA-1,3421,CD4 T,Treg
PBMC10k_GACTCTCTCCCTTTGG-1,3423,NK,NK
PBMC10k_GACTCTCTCGTTCCTG-1,3424,NK,NK
PBMC10k_GACTGATCAGCAGACA-1,3426,other,Eryth
PBMC10k_GACTGATCAGCATACT-1,3427,NK,NK
PBMC10k_GACTGATCAGTAGAGC-1,3428,CD4 T,CD4 Naive
PBMC10k_GACTGATCAGTCGCAC-1,3429,CD4 T,Treg
PBMC10k_GACTGATGTACGATGG-1,3431,Mono,CD14 Mono
PBMC10k_GACTGATGTCTACACA-1,3432,CD8 T,CD8 TCM
PBMC10k_GACTGATTCGTTCAGA-1,3434,B,B memory
PBMC10k_GACTGATTCTTCCCGA-1,3435,NK,NK_CD56bright
PBMC10k_GACTTCCAGAGTAACT-1,3436,NK,NK
PBMC10k_GACTTCCAGCTTACGT-1,3439,CD4 T,CD4 Naive
PBMC10k_GACTTCCAGGTAGACC-1,3440,Mono,CD14 Mono
PBMC10k_GACTTCCGTACAAGTA-1,3442,NK,NK
PBMC10k_GACTTCCGTTGCTCGG-1,3445,B,B naive
PBMC10k_GAGAAATAGGTCGACA-1,3448,CD4 T,CD4 Naive
PBMC10k_GAGAAATAGTCACGCC-1,3449,CD4 T,CD4 Naive
PBMC10k_GAGAAATGTAGGTGCA-1,3451,CD4 T,CD4 TEM
PBMC10k_GAGAAATGTATTCCTT-1,3452,NK,NK
PBMC10k_GAGACCCCAAAGGGTC-1,3455,Mono,CD14 Mono
PBMC10k_GAGACCCGTGAGTCAG-1,3457,CD8 T,CD8 Naive
PBMC10k_GAGACCCTCACCTGTC-1,3458,Mono,CD14 Mono
PBMC10k_GAGACCCTCAGACATC-1,3459,other,Eryth
PBMC10k_GAGACCCTCTACCAGA-1,3460,CD4 T,CD4 Naive
PBMC10k_GAGACTTCAAGGCCTC-1,3461,NK,NK
PBMC10k_GAGACTTGTATCATGC-1,3464,CD4 T,CD4 Naive
PBMC10k_GAGACTTTCCTTCTAA-1,3465,NK,NK
PBMC10k_GAGAGGTCAGCTGAGA-1,3468,CD4 T,CD4 TCM
PBMC10k_GAGAGGTCATAATGAG-1,3469,CD8 T,CD8 TEM
PBMC10k_GAGATGGAGAGTACCG-1,3473,Mono,CD14 Mono
PBMC10k_GAGATGGCATGAAAGT-1,3474,B,B memory
PBMC10k_GAGATGGTCTCGCTCA-1,3477,CD4 T,CD4 TCM
PBMC10k_GAGCCTGAGCAGCGAT-1,3478,NK,NK
PBMC10k_GAGCCTGAGTGCACAG-1,3479,CD8 T,CD8 Naive
PBMC10k_GAGCCTGCATCGGTTA-1,3480,Mono,CD14 Mono
PBMC10k_GAGCCTGGTACCTGTA-1,3481,CD4 T,CD4 TEM
PBMC10k_GAGCCTGGTTGTCCCT-1,3483,CD4 T,CD4 TCM
PBMC10k_GAGCCTGTCCAAGCAT-1,3484,Mono,CD14 Mono
PBMC10k_GAGCTGCGTGTAAATG-1,3488,other T,dnT
PBMC10k_GAGCTGCTCCCTTGGT-1,3489,CD4 T,CD4 TEM
PBMC10k_GAGGCAAAGACGCAGT-1,3490,Mono,CD14 Mono
PBMC10k_GAGGCAAAGGGACACT-1,3491,CD8 T,CD8 TEM
PBMC10k_GAGGCAAAGTGGAAAG-1,3493,CD4 T,CD4 TCM
PBMC10k_GAGGCCTAGCTAAATG-1,3497,CD4 T,CD4 TEM
PBMC10k_GAGGCCTCAAAGGCGT-1,3499,CD8 T,CD8 TEM
PBMC10k_GAGGCCTGTGTTAAAG-1,3503,other T,MAIT
PBMC10k_GAGGCCTTCTTTCTAG-1,3505,CD4 T,Treg
PBMC10k_GAGGGATGTCGCTTAA-1,3506,CD8 T,CD8 Naive
PBMC10k_GAGGGATTCATGGATC-1,3507,Mono,CD14 Mono
PBMC10k_GAGGGTACACATTCTT-1,3509,CD4 T,CD4 Naive
PBMC10k_GAGGGTACAGAATCGG-1,3511,NK,NK
PBMC10k_GAGTCATCAAGATGGC-1,3514,Mono,CD16 Mono
PBMC10k_GAGTCATCACAACGTT-1,3515,CD4 T,CD4 TCM
PBMC10k_GAGTCATGTCGATTCA-1,3516,NK,NK
PBMC10k_GAGTCATGTGATTCTG-1,3517,Mono,CD14 Mono
PBMC10k_GAGTCATTCACTCGAA-1,3518,Mono,CD14 Mono
PBMC10k_GAGTCTAAGGAACGTC-1,3519,CD4 T,Treg
PBMC10k_GAGTCTACAGCTGCCA-1,3521,Mono,CD14 Mono
PBMC10k_GAGTGAGAGGTGCATG-1,3523,CD4 T,CD4 Naive
PBMC10k_GAGTGAGGTCAGGAGT-1,3526,Mono,CD14 Mono
PBMC10k_GAGTGTTCACATTCTT-1,3527,CD4 T,CD4 Naive
PBMC10k_GAGTGTTCACTATGTG-1,3528,other T,MAIT
PBMC10k_GAGTTACGTACTGTTG-1,3533,CD8 T,CD8 TEM
PBMC10k_GAGTTACGTCTCGGAC-1,3535,CD4 T,CD4 Naive
PBMC10k_GAGTTACTCGGCTGTG-1,3536,NK,NK
PBMC10k_GAGTTGTAGCTCTATG-1,3538,B,B memory
PBMC10k_GAGTTGTAGGACTGGT-1,3539,CD4 T,CD4 Naive
PBMC10k_GAGTTGTTCCCAATAG-1,3542,Mono,CD14 Mono
PBMC10k_GAGTTGTTCCGATGCG-1,3543,other T,gdT
PBMC10k_GAGTTTGCACACCGAC-1,3547,Mono,CD14 Mono
PBMC10k_GAGTTTGTCAGCATTG-1,3550,other T,dnT
PBMC10k_GAGTTTGTCGCCAATA-1,3554,CD8 T,CD8 TEM
PBMC10k_GAGTTTGTCGCGTGCA-1,3555,other T,dnT
PBMC10k_GATAGAAAGCCATTGT-1,3556,Mono,CD14 Mono
PBMC10k_GATAGAAGTTGTTGAC-1,3558,CD8 T,CD8 TEM
PBMC10k_GATAGAATCCTAAACG-1,3559,other T,MAIT
PBMC10k_GATAGAATCTGCTGAA-1,3560,Mono,CD14 Mono
PBMC10k_GATAGCTCAGCTACTA-1,3564,B,B intermediate
PBMC10k_GATAGCTGTATCCTTT-1,3565,Mono,CD16 Mono
PBMC10k_GATCACAAGAAGCCTG-1,3566,other T,dnT
PBMC10k_GATCACAAGCGTCAAG-1,3567,Mono,CD14 Mono
PBMC10k_GATCACACACGGCTAC-1,3568,B,B naive
PBMC10k_GATCACACATGTACGT-1,3570,Mono,CD14 Mono
PBMC10k_GATCACATCCGTGCGA-1,3573,Mono,CD14 Mono
PBMC10k_GATCACATCTTTCCGG-1,3574,B,B intermediate
PBMC10k_GATCAGTAGTTCCGGC-1,3577,CD4 T,CD4 Naive
PBMC10k_GATCAGTGTCAGATTC-1,3578,other T,MAIT
PBMC10k_GATCATGAGCAGCGAT-1,3579,CD8 T,CD8 Naive
PBMC10k_GATCATGAGGAAGAAC-1,3580,CD4 T,CD4 TCM
PBMC10k_GATCATGGTGCCCTTT-1,3584,CD8 T,CD8 TCM
PBMC10k_GATCATGGTGCGAGTA-1,3585,Mono,CD14 Mono
PBMC10k_GATCATGTCGAGCCAC-1,3587,other T,MAIT
PBMC10k_GATCCCTAGGTCTGGA-1,3588,Mono,CD16 Mono
PBMC10k_GATCCCTAGTATGATG-1,3589,CD8 T,CD8 Naive
PBMC10k_GATCCCTCAACTCCAA-1,3590,CD4 T,CD4 Naive
PBMC10k_GATCCCTCAGTCTTCC-1,3591,CD8 T,CD8 Naive
PBMC10k_GATCCCTCATGGAAGC-1,3592,CD4 T,CD4 TCM
PBMC10k_GATCCCTGTATCAGGG-1,3593,other T,MAIT
PBMC10k_GATCCCTGTGCCCGTA-1,3595,CD8 T,CD8 TCM
PBMC10k_GATCGTAAGGATATAC-1,3597,CD4 T,CD4 Naive
PBMC10k_GATCGTAGTACGCTTA-1,3599,other,ILC
PBMC10k_GATCGTATCGGTTGTA-1,3601,CD8 T,CD8 TCM
PBMC10k_GATGACTAGGGCAAGG-1,3602,Mono,CD14 Mono
PBMC10k_GATGACTCAATAGTCC-1,3604,NK,NK Proliferating
PBMC10k_GATGACTCAATTCGTG-1,3605,CD4 T,CD4 Naive
PBMC10k_GATGACTGTGCGTTTA-1,3606,Mono,CD14 Mono
PBMC10k_GATGACTTCCGACATA-1,3607,CD8 T,CD8 TEM
PBMC10k_GATGACTTCTTAGCCC-1,3609,CD8 T,CD8 TCM
PBMC10k_GATGAGGAGCCTTCTC-1,3612,CD4 T,CD4 CTL
PBMC10k_GATGAGGAGCGACTGA-1,3613,Mono,CD14 Mono
PBMC10k_GATGAGGAGCTTCGTA-1,3614,Mono,CD14 Mono
PBMC10k_GATGAGGTCTCCTGAC-1,3616,CD4 T,CD4 TEM
PBMC10k_GATGATCCACGTATAC-1,3619,other T,gdT
PBMC10k_GATGATCTCCCTCTTT-1,3621,Mono,CD14 Mono
PBMC10k_GATGATCTCGGCTATA-1,3622,Mono,CD14 Mono
PBMC10k_GATGCTAAGAAACACT-1,3623,NK,NK
PBMC10k_GATGCTACACTCCTTG-1,3624,Mono,CD14 Mono
PBMC10k_GATGCTACATAGGCGA-1,3626,CD4 T,Treg
PBMC10k_GATGCTAGTGACTCTA-1,3627,CD4 T,Treg
PBMC10k_GATGGAGCAGAAGTTA-1,3629,CD4 T,CD4 Naive
PBMC10k_GATGGAGGTAACGCGA-1,3630,CD8 T,CD8 TEM
PBMC10k_GATGGAGGTCGCACGT-1,3631,CD8 T,CD8 Proliferating
PBMC10k_GATGGAGTCAATGCAC-1,3632,CD8 T,CD8 TCM
PBMC10k_GATGGAGTCAGCTGAT-1,3633,CD8 T,CD8 Naive
PBMC10k_GATGGAGTCATCGCTC-1,3634,B,B naive
PBMC10k_GATGTTGAGACCCTTA-1,3636,Mono,CD14 Mono
PBMC10k_GATGTTGAGGAAAGTG-1,3637,CD4 T,CD4 TCM
PBMC10k_GATGTTGGTAACGATA-1,3638,Mono,CD14 Mono
PBMC10k_GATGTTGGTGTTCATG-1,3642,CD4 T,CD4 TEM
PBMC10k_GATGTTGTCAAGAAAC-1,3643,CD4 T,CD4 Naive
PBMC10k_GATGTTGTCCGGCTTT-1,3644,CD4 T,CD4 Naive
PBMC10k_GATGTTGTCGCTCTCA-1,3645,Mono,CD14 Mono
PBMC10k_GATTCGAAGGCACTCC-1,3647,B,B memory
PBMC10k_GATTCGAGTTCCCAAA-1,3652,NK,NK
PBMC10k_GATTCGATCAGGACGA-1,3653,other T,MAIT
PBMC10k_GATTCTTAGTTTGGCT-1,3656,NK,NK
PBMC10k_GATTCTTTCAGGAGAC-1,3658,NK,NK
PBMC10k_GATTCTTTCCGCGGAT-1,3659,CD4 T,CD4 Naive
PBMC10k_GATTGGTCATCTCGTC-1,3661,B,B naive
PBMC10k_GATTGGTTCACTCTTA-1,3662,other,Eryth
PBMC10k_GATTGGTTCTCTCTAA-1,3667,NK,NK
PBMC10k_GATTTCTAGAACCGCA-1,3669,CD4 T,Treg
PBMC10k_GATTTCTGTTAGGACG-1,3673,Mono,CD14 Mono
PBMC10k_GATTTCTTCGCTACGG-1,3674,CD4 T,CD4 Naive
PBMC10k_GATTTCTTCTGCAGCG-1,3675,CD8 T,CD8 Naive
PBMC10k_GATTTCTTCTGGTGCG-1,3676,CD4 T,CD4 TCM
PBMC10k_GCAACCGAGCCTTGAT-1,3678,NK,NK
PBMC10k_GCAACCGAGGGAGTGG-1,3681,Mono,CD14 Mono
PBMC10k_GCAACCGAGGGATCTG-1,3682,CD4 T,Treg
PBMC10k_GCAACCGCAGACCCGT-1,3683,CD4 T,CD4 Naive
PBMC10k_GCAACCGCATTGACAC-1,3685,CD4 T,CD4 Naive
PBMC10k_GCAACCGGTATGATCC-1,3686,other,Eryth
PBMC10k_GCAACCGGTTCCACGG-1,3689,CD4 T,CD4 Naive
PBMC10k_GCAACCGGTTGCTCCT-1,3690,CD8 T,CD8 Naive
PBMC10k_GCAACCGTCGAACACT-1,3691,CD8 T,CD8 TEM
PBMC10k_GCACATAAGCTCCATA-1,3692,CD4 T,CD4 TEM
PBMC10k_GCACATAGTAATTAGG-1,3694,NK,NK
PBMC10k_GCACATAGTATTTCTC-1,3695,CD8 T,CD8 Naive
PBMC10k_GCACATAGTGCCCGTA-1,3696,CD4 T,CD4 Naive
PBMC10k_GCACATATCTTTGGAG-1,3697,NK,NK
PBMC10k_GCACGGTCAGGGACTA-1,3698,Mono,CD14 Mono
PBMC10k_GCACGGTGTAATTAGG-1,3700,Mono,CD14 Mono
PBMC10k_GCACGGTGTAGCGAGT-1,3701,CD4 T,CD4 TCM
PBMC10k_GCACGGTGTGCAGGAT-1,3702,other T,dnT
PBMC10k_GCACGTGAGAAATGGG-1,3704,other T,MAIT
PBMC10k_GCACGTGCAGCTGTTA-1,3706,Mono,CD14 Mono
PBMC10k_GCACGTGTCCGCAAAT-1,3708,other T,MAIT
PBMC10k_GCACTAAAGCCAGTAG-1,3710,Mono,CD14 Mono
PBMC10k_GCACTAAAGGGTCAAC-1,3711,B,B memory
PBMC10k_GCACTAACAATACCTG-1,3712,NK,NK_CD56bright
PBMC10k_GCACTAACAGCCTACG-1,3715,NK,NK
PBMC10k_GCACTAACATACCATG-1,3716,other T,MAIT
PBMC10k_GCACTAAGTAACACCT-1,3717,CD4 T,CD4 Naive
PBMC10k_GCACTAATCTGCATGA-1,3719,other T,dnT
PBMC10k_GCAGCCAAGGTCTACT-1,3720,CD4 T,CD4 TCM
PBMC10k_GCAGCCAAGTCTACCA-1,3721,Mono,CD14 Mono
PBMC10k_GCAGCCACACTAGGTT-1,3723,Mono,CD14 Mono
PBMC10k_GCAGCCACAGTCGCTG-1,3724,other T,MAIT
PBMC10k_GCAGCCAGTAGCTTGT-1,3726,CD4 T,Treg
PBMC10k_GCAGCCAGTCGTATGT-1,3727,CD8 T,CD8 Naive
PBMC10k_GCAGCTGAGGTTGAGC-1,3728,Mono,CD14 Mono
PBMC10k_GCAGCTGGTAACACGG-1,3731,CD8 T,CD8 Naive
PBMC10k_GCAGCTGGTCAAGCGA-1,3732,DC,cDC2
PBMC10k_GCAGCTGGTCAGTTTG-1,3733,CD8 T,CD8 TEM
PBMC10k_GCAGCTGGTGACGCCT-1,3734,CD4 T,CD4 Naive
PBMC10k_GCAGCTGTCCATCAGA-1,3735,CD8 T,CD8 Naive
PBMC10k_GCAGCTGTCTTCCGTG-1,3736,CD4 T,CD4 TEM
PBMC10k_GCAGGCTAGTAGCCAG-1,3737,CD8 T,CD8 Naive
PBMC10k_GCAGGCTCAGCCGGTT-1,3738,CD4 T,CD4 TEM
PBMC10k_GCAGGCTGTCGCCACA-1,3739,NK,NK
PBMC10k_GCAGGCTGTTCCGTTC-1,3740,other T,MAIT
PBMC10k_GCAGGCTTCAACTGGT-1,3741,CD8 T,CD8 Naive
PBMC10k_GCAGTTAAGTAGCAAT-1,3744,Mono,CD14 Mono
PBMC10k_GCAGTTAGTCCTCAGG-1,3747,CD4 T,Treg
PBMC10k_GCAGTTAGTCGCAACC-1,3748,Mono,CD16 Mono
PBMC10k_GCAGTTAGTCGTTTCC-1,3749,Mono,CD14 Mono
PBMC10k_GCATCGGAGACGAAGA-1,3751,DC,cDC2
PBMC10k_GCATCGGCAAGCAATA-1,3753,CD4 T,CD4 Naive
PBMC10k_GCATCGGCATCAGTGT-1,3754,other,Eryth
PBMC10k_GCATCGGGTCCCTGTT-1,3755,CD4 T,CD4 TCM
PBMC10k_GCATCGGGTCCTCATC-1,3756,CD4 T,CD4 TCM
PBMC10k_GCATCGGTCGCTCTCA-1,3757,CD4 T,CD4 Naive
PBMC10k_GCATCTCAGCTCGTGC-1,3759,CD4 T,Treg
PBMC10k_GCATCTCCAAACCGGA-1,3761,CD8 T,CD8 TEM
PBMC10k_GCATCTCCACCAGCTG-1,3762,Mono,CD14 Mono
PBMC10k_GCATCTCCACTGCATA-1,3763,CD4 T,CD4 Naive
PBMC10k_GCATCTCCAGATTTCG-1,3764,other,ILC
PBMC10k_GCATCTCGTTTCAGAC-1,3767,CD4 T,CD4 TEM
PBMC10k_GCATCTCTCACTACTT-1,3768,Mono,CD14 Mono
PBMC10k_GCATGATAGAATTCAG-1,3769,Mono,CD14 Mono
PBMC10k_GCATGATAGGTGGTTG-1,3770,CD8 T,CD8 TCM
PBMC10k_GCATGATCAACACTAC-1,3771,other T,MAIT
PBMC10k_GCATGATCATTGTACG-1,3772,CD4 T,CD4 Naive
PBMC10k_GCATGATGTGGAAGTC-1,3774,CD4 T,CD4 Naive
PBMC10k_GCATGATTCAGGGATG-1,3775,CD4 T,CD4 TCM
PBMC10k_GCATTAGCAGAAGTTA-1,3778,Mono,CD14 Mono
PBMC10k_GCATTAGGTCACCTTC-1,3779,CD4 T,Treg
PBMC10k_GCCAACGAGACGTCGA-1,3784,CD4 T,CD4 TEM
PBMC10k_GCCAACGAGGTGCAGT-1,3785,NK,NK
PBMC10k_GCCAACGGTACGAGCA-1,3786,Mono,CD14 Mono
PBMC10k_GCCAGCACAAGCCATT-1,3788,B,B naive
PBMC10k_GCCAGCACACCCAATA-1,3790,Mono,CD14 Mono
PBMC10k_GCCAGCACAGCGAACA-1,3791,B,B naive
PBMC10k_GCCAGGTAGTACAGAT-1,3795,CD8 T,CD8 TCM
PBMC10k_GCCAGGTGTCCAACGC-1,3796,CD4 T,CD4 Naive
PBMC10k_GCCAGGTTCTGCTAGA-1,3798,other T,MAIT
PBMC10k_GCCAGTGCAGCTCATA-1,3799,CD4 T,CD4 TEM
PBMC10k_GCCAGTGCATGACGGA-1,3800,other T,MAIT
PBMC10k_GCCAGTGTCCTACTGC-1,3801,CD4 T,CD4 TEM
PBMC10k_GCCATGGGTAATCAAG-1,3804,CD4 T,CD4 TCM
PBMC10k_GCCATGGGTCTTGCGG-1,3806,Mono,CD14 Mono
PBMC10k_GCCATGGTCAGCAGAG-1,3808,CD4 T,CD4 Naive
PBMC10k_GCCATGGTCCCTCAAC-1,3809,CD4 T,CD4 Naive
PBMC10k_GCCATGGTCTGCTGAA-1,3810,CD4 T,CD4 Naive
PBMC10k_GCCATTCAGGTCCTGC-1,3812,CD8 T,CD8 TEM
PBMC10k_GCCATTCAGTAGTGCG-1,3813,CD8 T,CD8 TEM
PBMC10k_GCCATTCCAACCCTCT-1,3814,Mono,CD14 Mono
PBMC10k_GCCATTCGTGGTAATA-1,3817,CD8 T,CD8 TEM
PBMC10k_GCCATTCGTGTTTGCA-1,3818,NK,NK
PBMC10k_GCCATTCTCGTTGTTT-1,3820,CD4 T,Treg
PBMC10k_GCCATTCTCTTCCGTG-1,3822,CD8 T,CD8 Naive
PBMC10k_GCCCAGACAAGCAATA-1,3824,NK,NK
PBMC10k_GCCCAGAGTATTGAGA-1,3825,CD8 T,CD8 TEM
PBMC10k_GCCCGAAAGTAGTCCT-1,3828,Mono,CD16 Mono
PBMC10k_GCCCGAATCCAGCACG-1,3832,CD4 T,CD4 TCM
PBMC10k_GCCGATGAGCACCGTC-1,3835,NK,NK_CD56bright
PBMC10k_GCCGATGAGCGAATGC-1,3836,Mono,CD14 Mono
PBMC10k_GCCGATGCAATCGTCA-1,3837,CD4 T,Treg
PBMC10k_GCCGATGCACGCGTGT-1,3838,other,ILC
PBMC10k_GCCGATGGTCGCCTAG-1,3839,CD8 T,CD8 TEM
PBMC10k_GCCGATGGTGTCCAAT-1,3840,other T,MAIT
PBMC10k_GCCGATGGTTCGGTTA-1,3841,CD4 T,CD4 TCM
PBMC10k_GCCGTGAAGAGGTTAT-1,3842,DC,ASDC
PBMC10k_GCCGTGATCCGTTTCG-1,3849,Mono,CD14 Mono
PBMC10k_GCCGTGATCGCCACTT-1,3850,Mono,CD16 Mono
PBMC10k_GCCTGTTAGAGGCCAT-1,3851,other T,dnT
PBMC10k_GCCTGTTCAGGTTCGC-1,3853,CD8 T,CD8 TEM
PBMC10k_GCCTGTTGTCGTGTTA-1,3854,CD4 T,CD4 TEM
PBMC10k_GCCTGTTTCAGAGTTC-1,3856,CD4 T,CD4 Naive
PBMC10k_GCGAGAAAGTCCCAGC-1,3858,other T,MAIT
PBMC10k_GCGAGAAAGTGAATAC-1,3859,CD4 T,CD4 TCM
PBMC10k_GCGAGAAGTACGATTC-1,3862,other,Eryth
PBMC10k_GCGAGAATCTGGGAGA-1,3864,CD4 T,CD4 Naive
PBMC10k_GCGATCGAGGTAAGAG-1,3866,NK,NK
PBMC10k_GCGATCGCAGCCCAGT-1,3868,Mono,CD16 Mono
PBMC10k_GCGATCGGTGACAGGT-1,3870,B,B naive
PBMC10k_GCGATCGGTGCGACAA-1,3871,NK,NK
PBMC10k_GCGATCGTCAGCCTCT-1,3873,Mono,CD14 Mono
PBMC10k_GCGGAAAAGAGAAGGT-1,3874,CD4 T,Treg
PBMC10k_GCGGAAAGTCTGATAC-1,3875,Mono,CD14 Mono
PBMC10k_GCGGAAAGTTGCGGAA-1,3876,CD8 T,CD8 TEM
PBMC10k_GCGGATCAGATTCGAA-1,3877,B,B memory
PBMC10k_GCGGATCAGCTAAGTA-1,3878,other T,MAIT
PBMC10k_GCGGATCCAATGAGCG-1,3879,Mono,CD14 Mono
PBMC10k_GCGGATCTCCCTGTTG-1,3883,NK,NK
PBMC10k_GCGTGCAAGCACCGTC-1,3884,NK,NK
PBMC10k_GCGTGCACATAATGCC-1,3885,Mono,CD16 Mono
PBMC10k_GCGTGCATCATACGGT-1,3887,NK,NK
PBMC10k_GCGTGCATCCGAGATT-1,3888,Mono,CD14 Mono
PBMC10k_GCGTGCATCGCAGAGA-1,3889,NK,NK
PBMC10k_GCGTTTCCACGGTGCT-1,3891,CD4 T,CD4 Naive
PBMC10k_GCGTTTCCACTGTGAT-1,3892,CD4 T,CD4 TEM
PBMC10k_GCGTTTCGTGCCTACG-1,3893,other T,MAIT
PBMC10k_GCGTTTCTCCGCAACG-1,3894,NK,NK
PBMC10k_GCTACAACACGGCCAT-1,3895,CD4 T,CD4 Naive
PBMC10k_GCTACAACATCATCCC-1,3896,CD4 T,CD4 TCM
PBMC10k_GCTACAAGTATCGCTA-1,3898,other,Eryth
PBMC10k_GCTACAAGTCAAGTTC-1,3899,other T,MAIT
PBMC10k_GCTACAATCATTCGTT-1,3900,CD8 T,CD8 Naive
PBMC10k_GCTACCTAGACAACAT-1,3902,CD4 T,CD4 TCM
PBMC10k_GCTACCTAGCTATCTG-1,3903,Mono,CD14 Mono
PBMC10k_GCTACCTAGTCGAAGC-1,3904,CD4 T,CD4 Naive
PBMC10k_GCTACCTCAGTCGCAC-1,3906,NK,NK
PBMC10k_GCTACCTTCTCATTAC-1,3910,CD4 T,CD4 Naive
PBMC10k_GCTCAAAAGAAGTATC-1,3911,other,Eryth
PBMC10k_GCTCAAAAGGGAGTGG-1,3912,NK,NK
PBMC10k_GCTCAAATCCACACCT-1,3915,B,B naive
PBMC10k_GCTCAAATCTCCAATT-1,3917,CD4 T,CD4 Naive
PBMC10k_GCTGAATAGTATAGAC-1,3920,CD4 T,CD4 CTL
PBMC10k_GCTGAATCACAACGAG-1,3921,B,Plasmablast
PBMC10k_GCTGAATTCAGCTAGT-1,3924,Mono,CD14 Mono
PBMC10k_GCTGCAGAGCTTTCTT-1,3926,NK,NK_CD56bright
PBMC10k_GCTGCAGCATGGCCAC-1,3927,B,B naive
PBMC10k_GCTGCAGTCGGCTATA-1,3931,NK,NK
PBMC10k_GCTGGGTCACGGCGTT-1,3933,NK,NK
PBMC10k_GCTTCACAGGATATGT-1,3935,DC,cDC2
PBMC10k_GCTTCACGTACGTTCA-1,3937,Mono,CD14 Mono
PBMC10k_GCTTCACGTGGGTATG-1,3938,CD8 T,CD8 TEM
PBMC10k_GCTTCACTCACATTGG-1,3941,Mono,CD14 Mono
PBMC10k_GCTTCACTCCGAGGCT-1,3943,NK,NK
PBMC10k_GCTTGGGAGCTGTACT-1,3946,CD4 T,CD4 Naive
PBMC10k_GCTTGGGCAACCGCTG-1,3947,NK,NK
PBMC10k_GCTTGGGCACGATAGG-1,3948,CD4 T,Treg
PBMC10k_GCTTGGGCACTGCACG-1,3949,other T,MAIT
PBMC10k_GCTTGGGCAGTTCACA-1,3950,Mono,CD14 Mono
PBMC10k_GCTTGGGGTAAGATTG-1,3951,Mono,CD14 Mono
PBMC10k_GCTTGGGGTAAGTAGT-1,3952,B,B memory
PBMC10k_GCTTGGGGTACACTCA-1,3953,NK,NK
PBMC10k_GCTTTCGAGGGCGAGA-1,3955,Mono,CD14 Mono
PBMC10k_GCTTTCGGTCCCTGAG-1,3957,B,B naive
PBMC10k_GGAACCCCATTCTGTT-1,3965,CD4 T,CD4 Naive
PBMC10k_GGAACCCGTGGCCTCA-1,3967,Mono,CD14 Mono
PBMC10k_GGAACCCTCCGGTTCT-1,3968,CD4 T,CD4 Naive
PBMC10k_GGAACCCTCGATTCCC-1,3969,CD8 T,CD8 Naive
PBMC10k_GGAACCCTCTAACGCA-1,3970,CD8 T,CD8 TEM
PBMC10k_GGAAGTGGTACGTACT-1,3974,CD8 T,CD8 TEM
PBMC10k_GGAAGTGGTGATACAA-1,3975,B,B naive
PBMC10k_GGAAGTGGTTAACAGA-1,3976,B,B naive
PBMC10k_GGAATGGAGGCTGAAC-1,3981,CD4 T,CD4 TCM
PBMC10k_GGAATGGGTCCAAAGG-1,3984,other,Eryth
PBMC10k_GGAATGGGTTCTCTAT-1,3985,Mono,CD14 Mono
PBMC10k_GGAATGGTCATGAGGG-1,3986,CD4 T,CD4 TCM
PBMC10k_GGACGTCAGAGGTATT-1,3988,Mono,CD14 Mono
PBMC10k_GGACGTCCAATACAGA-1,3991,DC,cDC2
PBMC10k_GGACGTCTCTTTCGAT-1,3992,CD4 T,CD4 TCM
PBMC10k_GGAGAACTCGCCTTTG-1,3996,NK,NK
PBMC10k_GGAGATGAGGAAAGTG-1,3998,CD4 T,CD4 TCM
PBMC10k_GGAGATGAGTTGGCGA-1,3999,NK,NK
PBMC10k_GGAGATGGTATCGAGG-1,4000,Mono,CD14 Mono
PBMC10k_GGAGATGGTATGCAAA-1,4001,CD8 T,CD8 TEM
PBMC10k_GGAGATGGTGAGCTCC-1,4002,B,B naive
PBMC10k_GGAGATGTCAGAACCT-1,4003,Mono,CD14 Mono
PBMC10k_GGAGCAAAGCGAAACC-1,4005,CD4 T,CD4 TCM
PBMC10k_GGAGCAACAGTTCTAG-1,4006,Mono,CD14 Mono
PBMC10k_GGAGGATAGAGCATAT-1,4010,CD4 T,CD4 Naive
PBMC10k_GGAGGATTCACCATCC-1,4016,CD8 T,CD8 TEM
PBMC10k_GGAGGATTCATGGTAC-1,4017,CD4 T,CD4 Naive
PBMC10k_GGAGGATTCCCTTTGG-1,4018,Mono,CD14 Mono
PBMC10k_GGAGGATTCGCTCATC-1,4019,CD4 T,CD4 TCM
PBMC10k_GGAGGTACAAGCCATT-1,4020,B,B naive
PBMC10k_GGAGGTACACAACGTT-1,4021,other,Eryth
PBMC10k_GGAGGTACATCATTTC-1,4024,other T,MAIT
PBMC10k_GGAGGTAGTACGTAGG-1,4026,CD4 T,CD4 Naive
PBMC10k_GGAGGTATCTGGAGAG-1,4030,CD8 T,CD8 TEM
PBMC10k_GGATCTACAGTAGTTC-1,4031,CD4 T,CD4 Naive
PBMC10k_GGATCTACATCAGTGT-1,4032,Mono,CD14 Mono
PBMC10k_GGATCTAGTAGGTCAG-1,4033,other,HSPC
PBMC10k_GGATCTATCAAGTTGC-1,4034,Mono,CD14 Mono
PBMC10k_GGATCTATCCATAGAC-1,4035,other T,MAIT
PBMC10k_GGATGTTAGGACGCTA-1,4037,CD4 T,CD4 Naive
PBMC10k_GGATGTTAGTCATGGG-1,4038,Mono,CD14 Mono
PBMC10k_GGATGTTAGTGACACG-1,4039,CD4 T,CD4 TCM
PBMC10k_GGATGTTAGTTCAACC-1,4040,CD4 T,CD4 TEM
PBMC10k_GGATGTTCACCAGGTC-1,4041,Mono,CD16 Mono
PBMC10k_GGATGTTCACGACAGA-1,4042,other,ILC
PBMC10k_GGATGTTCAGACAAGC-1,4043,CD4 T,CD4 TCM
PBMC10k_GGATGTTCAGCAGTAG-1,4044,CD4 T,CD4 Naive
PBMC10k_GGATGTTTCACGATCA-1,4047,Mono,CD14 Mono
PBMC10k_GGATGTTTCGTGCAGC-1,4050,CD4 T,CD4 TCM
PBMC10k_GGCACGTAGGGACCAT-1,4051,Mono,CD14 Mono
PBMC10k_GGCACGTGTCCTTAAG-1,4052,Mono,CD14 Mono
PBMC10k_GGCAGTCCAGGCTTGC-1,4056,NK,NK
PBMC10k_GGCGTCACAGCGTGAA-1,4058,CD4 T,CD4 Naive
PBMC10k_GGCGTCAGTAACATCC-1,4060,CD4 T,CD4 Naive
PBMC10k_GGCGTCAGTGAATAAC-1,4061,CD4 T,CD4 Naive
PBMC10k_GGCTGTGCAAGTTCCA-1,4062,CD4 T,CD4 Naive
PBMC10k_GGCTGTGTCAAGATAG-1,4066,Mono,CD14 Mono
PBMC10k_GGCTTGGAGACAACTA-1,4068,CD8 T,CD8 Naive
PBMC10k_GGCTTGGGTATTGAGA-1,4071,CD4 T,CD4 TCM
PBMC10k_GGCTTGGGTCTAGGCC-1,4072,other,ILC
PBMC10k_GGCTTGGGTTGCTCCT-1,4074,B,B naive
PBMC10k_GGCTTTCCAATTCTCT-1,4076,other T,MAIT
PBMC10k_GGCTTTCCACCCTGAG-1,4077,CD4 T,CD4 Naive
PBMC10k_GGCTTTCGTACAGCGA-1,4079,Mono,CD14 Mono
PBMC10k_GGCTTTCGTACGTAGG-1,4080,CD8 T,CD8 TEM
PBMC10k_GGCTTTCGTTATCCAG-1,4082,other,Eryth
PBMC10k_GGGAAGTAGATGTAGT-1,4083,Mono,CD14 Mono
PBMC10k_GGGAAGTGTCCTGAAT-1,4086,CD4 T,CD4 TCM
PBMC10k_GGGAAGTGTGGTTTGT-1,4087,other T,dnT
PBMC10k_GGGACAAAGCTACAAA-1,4089,Mono,CD14 Mono
PBMC10k_GGGACAAAGGTGGTTG-1,4091,CD4 T,CD4 Naive
PBMC10k_GGGACAACAAAGGCAC-1,4092,CD4 T,CD4 TCM
PBMC10k_GGGACAACACACTTAG-1,4093,other,ILC
PBMC10k_GGGACAAGTACTGCCG-1,4094,Mono,CD14 Mono
PBMC10k_GGGACAATCAATCTCT-1,4095,CD4 T,CD4 Naive
PBMC10k_GGGACAATCCGGTAGC-1,4097,NK,NK
PBMC10k_GGGACAATCGTGGAAG-1,4099,B,B memory
PBMC10k_GGGACCTAGCGTCAAG-1,4100,B,B memory
PBMC10k_GGGACCTGTGACCGTC-1,4102,Mono,CD14 Mono
PBMC10k_GGGACTCAGTAGTGCG-1,4104,CD4 T,CD4 Naive
PBMC10k_GGGACTCCAGCTTCGG-1,4105,Mono,CD14 Mono
PBMC10k_GGGACTCCAGGGAGAG-1,4106,DC,cDC2
PBMC10k_GGGACTCTCAGCAATC-1,4108,CD4 T,CD4 TCM
PBMC10k_GGGAGATAGACCATAA-1,4109,CD8 T,CD8 Naive
PBMC10k_GGGAGATGTCGTGGTC-1,4111,CD4 T,CD4 Naive
PBMC10k_GGGAGATTCAAGTCGT-1,4112,CD8 T,CD8 Naive
PBMC10k_GGGAGATTCAGTGATC-1,4113,CD4 T,CD4 Naive
PBMC10k_GGGAGTACACACCGAC-1,4114,CD4 T,CD4 TCM
PBMC10k_GGGAGTACACACGTGC-1,4115,CD4 T,CD4 TCM
PBMC10k_GGGAGTACACCAGACC-1,4116,CD4 T,CD4 Naive
PBMC10k_GGGAGTACACTTCAGA-1,4117,CD4 T,CD4 TCM
PBMC10k_GGGAGTACATCGTCCT-1,4118,Mono,CD14 Mono
PBMC10k_GGGAGTAGTGCATGAG-1,4119,CD4 T,Treg
PBMC10k_GGGAGTATCAAGGTGG-1,4120,NK,NK_CD56bright
PBMC10k_GGGAGTATCATTACCT-1,4122,CD4 T,CD4 TEM
PBMC10k_GGGAGTATCGAAACAA-1,4124,CD4 T,CD4 Naive
PBMC10k_GGGAGTATCGACATCA-1,4125,CD4 T,CD4 TCM
PBMC10k_GGGAGTATCTCGACCT-1,4126,Mono,CD14 Mono
PBMC10k_GGGATCCCAACTCCAA-1,4128,CD8 T,CD8 TEM
PBMC10k_GGGATCCTCGAAGCCC-1,4133,CD4 T,CD4 TCM
PBMC10k_GGGATGAAGAGCGACT-1,4135,other,Eryth
PBMC10k_GGGATGACACATTGTG-1,4136,other T,MAIT
PBMC10k_GGGATGACAGAACTCT-1,4137,other T,MAIT
PBMC10k_GGGATGACAGCCCACA-1,4138,NK,NK
PBMC10k_GGGATGACAGGATTCT-1,4139,CD8 T,CD8 Naive
PBMC10k_GGGATGATCAGTGTTG-1,4140,other,ILC
PBMC10k_GGGATGATCCCGTAAA-1,4141,Mono,CD14 Mono
PBMC10k_GGGCCATAGATCGCTT-1,4142,B,B naive
PBMC10k_GGGCCATGTGATCGTT-1,4143,CD4 T,CD4 Naive
PBMC10k_GGGCCATGTTGCACGC-1,4144,NK,NK
PBMC10k_GGGCGTTAGGTCACCC-1,4145,B,B memory
PBMC10k_GGGCTACGTAGACTGG-1,4150,CD4 T,CD4 TEM
PBMC10k_GGGCTACGTCCTACAA-1,4152,CD4 T,CD4 Naive
PBMC10k_GGGCTACGTTTGGGTT-1,4154,CD8 T,CD8 Naive
PBMC10k_GGGCTACTCCGCACGA-1,4155,CD8 T,CD8 Naive
PBMC10k_GGGCTACTCGGTCGAC-1,4156,CD4 T,CD4 TCM
PBMC10k_GGGCTCACAGCTCCTT-1,4159,NK,NK
PBMC10k_GGGCTCATCCCGAAAT-1,4163,B,B naive
PBMC10k_GGGTAGACAAGCGCTC-1,4164,CD4 T,CD4 TEM
PBMC10k_GGGTAGACACTCTAGA-1,4166,CD4 T,CD4 TCM
PBMC10k_GGGTAGATCCTAAACG-1,4172,other T,dnT
PBMC10k_GGGTATTCAACAGTGG-1,4175,CD4 T,Treg
PBMC10k_GGGTCTGAGAACCCGA-1,4182,CD4 T,CD4 TEM
PBMC10k_GGGTCTGGTGGCTTGC-1,4186,Mono,CD14 Mono
PBMC10k_GGGTCTGGTGTTAGCT-1,4187,CD4 T,CD4 Naive
PBMC10k_GGGTGAACATCGTCCT-1,4188,Mono,CD14 Mono
PBMC10k_GGGTGAAGTTGGACTT-1,4189,CD8 T,CD8 TEM
PBMC10k_GGGTGAAGTTTCTATC-1,4190,CD8 T,CD8 Naive
PBMC10k_GGGTGTCAGGCTATCT-1,4194,Mono,CD14 Mono
PBMC10k_GGGTGTCAGTCAACAA-1,4195,CD4 T,Treg
PBMC10k_GGGTGTCTCTGGCCTT-1,4198,CD4 T,CD4 Naive
PBMC10k_GGGTTATAGAATTCAG-1,4199,CD4 T,CD4 Naive
PBMC10k_GGGTTATAGGATTCCT-1,4200,CD4 T,CD4 Naive
PBMC10k_GGGTTATAGGTTGAGC-1,4201,Mono,CD14 Mono
PBMC10k_GGGTTATGTTTACCAG-1,4206,CD4 T,CD4 TCM
PBMC10k_GGGTTATTCGAGAGCA-1,4209,NK,NK
PBMC10k_GGGTTATTCTTGAGCA-1,4210,CD8 T,CD8 TEM
PBMC10k_GGGTTTAAGGAAAGTG-1,4211,B,B naive
PBMC10k_GGGTTTACACCTTCCA-1,4213,CD4 T,CD4 TCM
PBMC10k_GGGTTTACATGCCGCA-1,4215,NK,NK
PBMC10k_GGGTTTAGTGCCTGAC-1,4218,CD8 T,CD8 Naive
PBMC10k_GGGTTTATCCACTAGA-1,4219,Mono,CD14 Mono
PBMC10k_GGTAACTAGGGAGTGG-1,4221,CD4 T,CD4 Naive
PBMC10k_GGTAACTGTCGAATTC-1,4224,CD8 T,CD8 Naive
PBMC10k_GGTAACTTCCCGATCT-1,4226,CD8 T,CD8 TEM
PBMC10k_GGTAACTTCTGAGGTT-1,4227,other T,MAIT
PBMC10k_GGTAATCAGGCAGGGA-1,4228,CD4 T,CD4 Naive
PBMC10k_GGTAATCAGGCTATCT-1,4229,CD4 T,CD4 TCM
PBMC10k_GGTAATCGTACTCGAT-1,4231,B,B naive
PBMC10k_GGTAGAGAGAGTCAGC-1,4232,CD4 T,Treg
PBMC10k_GGTAGAGAGTAAGCAT-1,4235,other T,MAIT
PBMC10k_GGTAGAGCACTATGTG-1,4236,other T,MAIT
PBMC10k_GGTAGAGGTTTGCAGT-1,4238,CD4 T,CD4 TCM
PBMC10k_GGTAGAGTCAGAACCT-1,4239,CD8 T,CD8 TEM
PBMC10k_GGTAGAGTCTAGCCTC-1,4241,CD4 T,CD4 Naive
PBMC10k_GGTCACGAGCATCTTG-1,4242,CD4 T,CD4 Naive
PBMC10k_GGTCACGAGGTATAGT-1,4243,Mono,CD14 Mono
PBMC10k_GGTCACGCAATTCTCT-1,4246,NK,NK
PBMC10k_GGTCACGCACCGAATT-1,4247,NK,NK
PBMC10k_GGTCTGGGTAGGCAAC-1,4252,CD8 T,CD8 TEM
PBMC10k_GGTCTGGGTGTCCCTT-1,4254,other T,MAIT
PBMC10k_GGTGAAGGTCATAGTC-1,4257,CD4 T,CD4 Naive
PBMC10k_GGTGAAGTCTGCATGA-1,4259,other,Eryth
PBMC10k_GGTGATTAGCAAGCCA-1,4260,CD8 T,CD8 Naive
PBMC10k_GGTGATTAGTAACAGT-1,4261,Mono,CD14 Mono
PBMC10k_GGTGATTCAGGCCCTA-1,4263,CD8 T,CD8 TEM
PBMC10k_GGTGATTGTACATTGC-1,4265,other,ILC
PBMC10k_GGTGATTGTGTCCAAT-1,4266,CD4 T,CD4 Naive
PBMC10k_GGTGATTGTTACCGTA-1,4267,Mono,CD14 Mono
PBMC10k_GGTGATTTCCAGCTCT-1,4268,Mono,CD14 Mono
PBMC10k_GGTGATTTCCATAAGC-1,4269,NK,NK
PBMC10k_GGTGGCTAGAGTCGAC-1,4271,CD8 T,CD8 TEM
PBMC10k_GGTGGCTCACCCTAGG-1,4274,DC,cDC2
PBMC10k_GGTGGCTCACCGTCGA-1,4275,CD8 T,CD8 Naive
PBMC10k_GGTGGCTCACGTAGAG-1,4276,Mono,CD14 Mono
PBMC10k_GGTGGCTCAGCTCATA-1,4277,NK,NK
PBMC10k_GGTGGCTCATCGGATT-1,4278,B,B naive
PBMC10k_GGTGGCTGTAGCACGA-1,4279,B,B naive
PBMC10k_GGTGGCTTCCGGTAGC-1,4280,NK,NK
PBMC10k_GGTGTCGCAACGATTC-1,4281,Mono,CD14 Mono
PBMC10k_GGTGTCGTCAAGGACG-1,4284,CD4 T,CD4 TEM
PBMC10k_GGTGTCGTCCGACAGC-1,4285,Mono,CD16 Mono
PBMC10k_GGTGTTAAGATGCCGA-1,4286,NK,NK
PBMC10k_GGTGTTAAGCCAAGCA-1,4287,other,ILC
PBMC10k_GGTGTTACAAACTCTG-1,4288,Mono,CD14 Mono
PBMC10k_GGTGTTACAACTCCCT-1,4289,Mono,CD16 Mono
PBMC10k_GGTGTTATCAGAGTGG-1,4291,CD4 T,CD4 TEM
PBMC10k_GGTTAACAGGTCTTTG-1,4294,other T,MAIT
PBMC10k_GGTTAACCAGCCGTCA-1,4295,CD8 T,CD8 TEM
PBMC10k_GGTTAACCATAATGCC-1,4296,CD4 T,CD4 Naive
PBMC10k_GGTTAACGTGGAATGC-1,4297,CD4 T,CD4 TCM
PBMC10k_GGTTCTCAGAATACAC-1,4301,NK,NK
PBMC10k_GGTTCTCAGGTAGGCT-1,4302,NK,NK
PBMC10k_GGTTCTCCACAAGCAG-1,4303,NK,NK
PBMC10k_GGTTCTCCAGTAACAA-1,4304,other T,dnT
PBMC10k_GGTTCTCGTAAGAACT-1,4305,Mono,CD14 Mono
PBMC10k_GGTTCTCGTGGTCTCG-1,4306,DC,cDC2
PBMC10k_GGTTCTCTCGTCGACG-1,4309,other,ILC
PBMC10k_GGTTCTCTCTAGTCAG-1,4310,CD4 T,Treg
PBMC10k_GGTTGTAAGAAGCGGG-1,4311,DC,pDC
PBMC10k_GGTTGTACAGGTGTGA-1,4312,other,Eryth
PBMC10k_GGTTGTACATGTCGTA-1,4313,CD4 T,CD4 Naive
PBMC10k_GGTTGTAGTTACCCAA-1,4314,CD4 T,Treg
PBMC10k_GGTTGTATCGTGGGTC-1,4317,CD4 T,CD4 TCM
PBMC10k_GTAACACAGCCTTGAT-1,4318,CD4 T,CD4 TEM
PBMC10k_GTAACACCATGCACTA-1,4322,CD8 T,CD8 Naive
PBMC10k_GTAACCAAGCCTCACG-1,4324,Mono,CD14 Mono
PBMC10k_GTAACCACACGCTGTG-1,4326,B,B naive
PBMC10k_GTAACCATCATCACTT-1,4328,NK,NK
PBMC10k_GTAACCATCGGCAGTC-1,4330,NK,NK
PBMC10k_GTAACCATCGTCGACG-1,4331,Mono,CD14 Mono
PBMC10k_GTAAGTCGTCGTCTCT-1,4335,other,Eryth
PBMC10k_GTAAGTCTCCGCTTAC-1,4336,CD8 T,CD8 TEM
PBMC10k_GTAATCGAGAAGTCTA-1,4337,CD4 T,CD4 Naive
PBMC10k_GTAATCGAGCCAGTAG-1,4338,DC,cDC2
PBMC10k_GTAATCGAGGAACGTC-1,4339,B,B naive
PBMC10k_GTAATCGAGGTCGTGA-1,4340,CD8 T,CD8 Naive
PBMC10k_GTAATCGCACGGTGAA-1,4341,other T,MAIT
PBMC10k_GTAATCGCATGACACT-1,4342,CD4 T,CD4 TCM
PBMC10k_GTAATCGGTCGTGGAA-1,4343,CD4 T,CD4 TEM
PBMC10k_GTAATGCAGGACGCTA-1,4344,CD4 T,CD4 TEM
PBMC10k_GTAATGCCAAACCACT-1,4346,B,B naive
PBMC10k_GTAATGCCACGGTCTG-1,4347,Mono,CD14 Mono
PBMC10k_GTAATGCCATAGGAGC-1,4348,CD8 T,CD8 TEM
PBMC10k_GTAATGCGTACCAGAG-1,4349,CD8 T,CD8 TEM
PBMC10k_GTAATGCGTAGGAGGG-1,4350,CD4 T,CD4 Naive
PBMC10k_GTAATGCGTCAACCTA-1,4351,CD4 T,CD4 Naive
PBMC10k_GTACAACAGCACTGGA-1,4354,Mono,CD14 Mono
PBMC10k_GTACAACAGTAACAGT-1,4356,Mono,CD14 Mono
PBMC10k_GTACAACCAGCCGTTG-1,4358,CD4 T,Treg
PBMC10k_GTACAGTTCTCTAGGA-1,4364,NK,NK
PBMC10k_GTAGAAACACGTCATA-1,4365,CD4 T,CD4 TCM
PBMC10k_GTAGAAACAGTAGGAC-1,4366,NK,NK
PBMC10k_GTAGAAAGTCGTAATC-1,4369,CD4 T,CD4 TEM
PBMC10k_GTAGAAATCGGCTGGT-1,4370,NK,NK
PBMC10k_GTAGAGGAGAGTAACT-1,4372,CD4 T,CD4 Naive
PBMC10k_GTAGAGGAGTCATTGC-1,4373,other T,MAIT
PBMC10k_GTAGAGGCACATTGTG-1,4374,B,B naive
PBMC10k_GTAGAGGGTGGTGATG-1,4378,CD4 T,CD4 TEM
PBMC10k_GTAGAGGGTGGTTTGT-1,4379,B,B naive
PBMC10k_GTAGAGGGTTAGTCGT-1,4380,NK,NK
PBMC10k_GTAGAGGTCGGAATTC-1,4382,CD4 T,Treg
PBMC10k_GTAGATCAGCTCATAC-1,4383,Mono,CD14 Mono
PBMC10k_GTAGATCAGGAACATT-1,4384,Mono,CD14 Mono
PBMC10k_GTAGATCAGGCTCAAG-1,4385,DC,cDC2
PBMC10k_GTAGATCGTCTGCAAT-1,4390,other T,gdT
PBMC10k_GTAGATCGTTCCACGG-1,4391,CD4 T,Treg
PBMC10k_GTAGATCTCACATTGG-1,4392,CD4 T,Treg
PBMC10k_GTAGATCTCCAAGGGA-1,4394,Mono,CD14 Mono
PBMC10k_GTAGCTAAGATCGACG-1,4397,DC,cDC2
PBMC10k_GTAGCTAAGCCGATTT-1,4398,CD4 T,CD4 Naive
PBMC10k_GTAGCTAAGGCATCGA-1,4399,CD4 T,CD4 TCM
PBMC10k_GTAGCTACAGGCTCTG-1,4401,CD8 T,CD8 Naive
PBMC10k_GTAGCTATCCTGTTGC-1,4405,DC,cDC2
PBMC10k_GTAGGAGAGAAGTCTA-1,4406,Mono,CD14 Mono
PBMC10k_GTAGGAGAGCAAGTGC-1,4407,Mono,CD14 Mono
PBMC10k_GTAGGAGCAATCTCGA-1,4408,NK,NK
PBMC10k_GTAGGAGCACGAAGAC-1,4409,CD4 T,CD4 TCM
PBMC10k_GTAGGAGCAGCGCGTT-1,4410,CD8 T,CD8 Naive
PBMC10k_GTAGGAGGTATTGGCT-1,4413,other T,MAIT
PBMC10k_GTAGGAGTCCTTATGT-1,4415,CD4 T,CD4 Naive
PBMC10k_GTAGGTTGTAGCTCGC-1,4417,Mono,CD14 Mono
PBMC10k_GTAGTACAGCATTTCG-1,4420,Mono,CD14 Mono
PBMC10k_GTAGTACCACTTACAG-1,4423,CD4 T,CD4 Naive
PBMC10k_GTAGTACGTCACGTGC-1,4424,CD4 T,CD4 TEM
PBMC10k_GTAGTACTCGCCATAA-1,4425,Mono,CD14 Mono
PBMC10k_GTAGTACTCTCTCCGA-1,4426,other T,dnT
PBMC10k_GTATTGGCAAGATGGC-1,4427,NK,NK
PBMC10k_GTATTGGCACAACCGC-1,4428,CD4 T,CD4 TCM
PBMC10k_GTATTGGCATCTCATT-1,4429,CD4 T,CD4 TCM
PBMC10k_GTATTGGGTTTGGGAG-1,4430,Mono,CD14 Mono
PBMC10k_GTATTGGTCTTAGCCC-1,4432,DC,cDC2
PBMC10k_GTATTTCCAGCTGTGC-1,4434,CD8 T,CD8 Proliferating
PBMC10k_GTATTTCCATCGGTTA-1,4435,CD8 T,CD8 Naive
PBMC10k_GTATTTCGTAGAAACT-1,4436,CD4 T,Treg
PBMC10k_GTATTTCGTCGAAACG-1,4438,NK,NK
PBMC10k_GTATTTCGTGATGTAA-1,4439,CD4 T,Treg
PBMC10k_GTCAAACAGCGAGTAC-1,4442,Mono,CD14 Mono
PBMC10k_GTCAAACAGGTCGTGA-1,4443,Mono,CD14 Mono
PBMC10k_GTCAAACTCCTTACCG-1,4446,Mono,CD16 Mono
PBMC10k_GTCAAGTAGATCGCTT-1,4448,CD4 T,CD4 TCM
PBMC10k_GTCAAGTAGTCCGCGT-1,4449,CD4 T,CD4 CTL
PBMC10k_GTCAAGTAGTGCCCGT-1,4450,other T,MAIT
PBMC10k_GTCAAGTCAATTGCGT-1,4451,Mono,CD14 Mono
PBMC10k_GTCAAGTCACAATGCT-1,4452,NK,NK
PBMC10k_GTCAAGTCACTTACAG-1,4454,NK,NK
PBMC10k_GTCAAGTGTCGGATTT-1,4455,CD4 T,CD4 Naive
PBMC10k_GTCAAGTTCCACTTCG-1,4458,Mono,CD14 Mono
PBMC10k_GTCAAGTTCTCCCAAC-1,4461,NK,NK
PBMC10k_GTCACGGAGAGTTGCG-1,4463,other T,MAIT
PBMC10k_GTCACGGAGGCTGTAG-1,4464,CD8 T,CD8 Naive
PBMC10k_GTCACGGCAACCAACT-1,4466,CD4 T,CD4 TCM
PBMC10k_GTCACGGCAGGTATGG-1,4467,CD4 T,CD4 Naive
PBMC10k_GTCACGGCAGTGGTGA-1,4468,CD4 T,CD4 TEM
PBMC10k_GTCACGGGTCACTTAG-1,4470,Mono,CD14 Mono
PBMC10k_GTCACTCAGCCAAGTG-1,4473,NK,NK
PBMC10k_GTCACTCGTCTCAGGC-1,4475,CD4 T,Treg
PBMC10k_GTCAGCGAGCACTCAT-1,4480,Mono,CD14 Mono
PBMC10k_GTCAGCGAGCTCGTGC-1,4482,CD4 T,CD4 TEM
PBMC10k_GTCAGCGAGTTGGACG-1,4484,CD4 T,CD4 Naive
PBMC10k_GTCAGCGCACATGACT-1,4485,CD4 T,CD4 TEM
PBMC10k_GTCAGCGCAGGCGATA-1,4486,other,Eryth
PBMC10k_GTCAGCGGTTTAGTCG-1,4487,NK,NK
PBMC10k_GTCAGCGTCTGAGTCA-1,4488,CD4 T,CD4 Naive
PBMC10k_GTCATCCAGCATCAAA-1,4490,Mono,CD14 Mono
PBMC10k_GTCATCCGTCTACAGT-1,4495,CD4 T,CD4 TCM
PBMC10k_GTCATCCGTTCCCACT-1,4497,Mono,CD14 Mono
PBMC10k_GTCATCCTCAAAGCCT-1,4498,NK,NK
PBMC10k_GTCATGAAGCCAGTAG-1,4501,B,B naive
PBMC10k_GTCATGAAGTGCTCAT-1,4504,CD4 T,CD4 Naive
PBMC10k_GTCATGACACTACTTT-1,4505,Mono,CD14 Mono
PBMC10k_GTCATTTAGTATGGCG-1,4510,B,B naive
PBMC10k_GTCATTTCATGAATCC-1,4511,CD4 T,CD4 TCM
PBMC10k_GTCATTTGTGCGTGCT-1,4513,CD4 T,CD4 Naive
PBMC10k_GTCATTTTCGCTTACC-1,4515,DC,cDC2
PBMC10k_GTCCACTAGTACTCGT-1,4517,Mono,CD14 Mono
PBMC10k_GTCCACTCAAACGAGC-1,4518,CD4 T,CD4 Naive
PBMC10k_GTCCACTCAATTGAGA-1,4520,CD8 T,CD8 TCM
PBMC10k_GTCCACTCAGTATTCG-1,4521,Mono,CD14 Mono
PBMC10k_GTCCACTCATAATGCC-1,4522,CD4 T,CD4 TCM
PBMC10k_GTCCACTGTAAGAACT-1,4523,B,B intermediate
PBMC10k_GTCCACTGTATGGTTC-1,4524,CD8 T,CD8 TEM
PBMC10k_GTCCACTTCACGGTCG-1,4525,CD4 T,CD4 Naive
PBMC10k_GTCCACTTCGCGTGCA-1,4526,NK,NK
PBMC10k_GTCCCATAGCCTGAGA-1,4528,CD4 T,Treg
PBMC10k_GTCCCATAGCTAAGTA-1,4529,CD8 T,CD8 Naive
PBMC10k_GTCCCATCAAGACTGG-1,4530,CD8 T,CD8 Naive
PBMC10k_GTCCCATCACCAGCTG-1,4531,Mono,CD14 Mono
PBMC10k_GTCCCATGTTCGGTCG-1,4533,NK,NK
PBMC10k_GTCCCATTCAAGCCCG-1,4534,other T,MAIT
PBMC10k_GTCCCATTCGTCGGGT-1,4536,other T,MAIT
PBMC10k_GTCCTCAAGCCTAACT-1,4537,CD8 T,CD8 TCM
PBMC10k_GTCCTCAAGTCTGCAT-1,4538,Mono,CD14 Mono
PBMC10k_GTCCTCACACGCGCTA-1,4541,Mono,CD14 Mono
PBMC10k_GTCCTCACAGTCGTTA-1,4542,other T,dnT
PBMC10k_GTCCTCATCACCTGTC-1,4544,B,B naive
PBMC10k_GTCCTCATCTTGATTC-1,4546,Mono,CD14 Mono
PBMC10k_GTCGAATCATCGTCCT-1,4549,CD4 T,CD4 TCM
PBMC10k_GTCGAATCATGACTAC-1,4550,Mono,CD14 Mono
PBMC10k_GTCGAATGTAGGACCA-1,4551,Mono,CD16 Mono
PBMC10k_GTCGAATGTATCCTTT-1,4552,CD8 T,CD8 Proliferating
PBMC10k_GTCGAATGTTAGGGAC-1,4554,NK,NK
PBMC10k_GTCGAATTCGGTAAGG-1,4555,CD4 T,CD4 TEM
PBMC10k_GTCGCGAAGTGCCTCG-1,4558,CD4 T,CD4 TCM
PBMC10k_GTCGCGACACAGCCAC-1,4559,DC,cDC2
PBMC10k_GTCGCGACATATACCG-1,4560,CD4 T,CD4 Naive
PBMC10k_GTCGCGAGTAAGCTCT-1,4561,NK,NK
PBMC10k_GTCGCGAGTTGTGCAT-1,4562,other T,MAIT
PBMC10k_GTCGCGATCGCCATAA-1,4563,B,B naive
PBMC10k_GTCGTAAAGACTTCAC-1,4564,B,B naive
PBMC10k_GTCGTAAAGAGGCGTT-1,4565,NK,NK
PBMC10k_GTCGTAAAGGTAGCCA-1,4566,CD4 T,CD4 Naive
PBMC10k_GTCGTAAAGTCACGCC-1,4568,NK,NK
PBMC10k_GTCGTAACAACCTATG-1,4569,Mono,CD14 Mono
PBMC10k_GTCGTAACAGTGCCTG-1,4571,B,B naive
PBMC10k_GTCGTAATCCGTACGG-1,4574,Mono,CD14 Mono
PBMC10k_GTCGTAATCGTTGCCT-1,4575,other T,dnT
PBMC10k_GTCGTTCGTGGGCTTC-1,4580,CD4 T,CD4 Naive
PBMC10k_GTCGTTCGTGGTAACG-1,4581,CD4 T,CD4 Naive
PBMC10k_GTCGTTCGTTCTCGCT-1,4583,B,B naive
PBMC10k_GTCGTTCTCATAGCAC-1,4585,CD4 T,CD4 Naive
PBMC10k_GTCTACCAGCGATCGA-1,4586,other T,MAIT
PBMC10k_GTCTACCCATCGGAGA-1,4588,other T,MAIT
PBMC10k_GTCTAGACAAATGGTA-1,4592,CD4 T,CD4 Naive
PBMC10k_GTCTAGACAATCCAGT-1,4593,CD4 T,CD4 TCM
PBMC10k_GTCTAGAGTACCCAGC-1,4595,CD8 T,CD8 TEM
PBMC10k_GTCTCACAGAGCTTTC-1,4597,CD4 T,CD4 Proliferating
PBMC10k_GTCTCACGTAACGTTC-1,4600,CD4 T,CD4 Naive
PBMC10k_GTCTCACGTCAAATCC-1,4601,B,B naive
PBMC10k_GTCTCACGTTCCACAA-1,4602,CD4 T,CD4 TCM
PBMC10k_GTCTCACTCGAGAGCA-1,4603,CD4 T,CD4 Naive
PBMC10k_GTCTGTCAGCGAGTCA-1,4604,CD4 T,CD4 TCM
PBMC10k_GTCTGTCCACACGCCA-1,4609,B,B naive
PBMC10k_GTCTTTAAGCAATAGT-1,4611,CD8 T,CD8 TCM
PBMC10k_GTCTTTAAGCGACTGA-1,4612,CD4 T,CD4 Naive
PBMC10k_GTCTTTACAGCGTGCT-1,4613,CD8 T,CD8 TEM
PBMC10k_GTCTTTAGTAGCTGCC-1,4616,other,Eryth
PBMC10k_GTCTTTAGTCCGTTTC-1,4617,Mono,CD14 Mono
PBMC10k_GTGACGCTCCATTGTT-1,4624,NK,NK
PBMC10k_GTGACGCTCGGACTTA-1,4625,NK,NK
PBMC10k_GTGAGCCAGGGCCTCT-1,4627,CD4 T,CD4 TEM
PBMC10k_GTGAGCCTCACCACAA-1,4629,Mono,CD14 Mono
PBMC10k_GTGAGCCTCTCACTCG-1,4630,CD4 T,CD4 TCM
PBMC10k_GTGAGGACATTGTGCA-1,4633,other T,gdT
PBMC10k_GTGAGGAGTGTTGACT-1,4634,Mono,CD14 Mono
PBMC10k_GTGAGGATCACACCGG-1,4637,NK,NK
PBMC10k_GTGAGGATCAGGGATG-1,4639,other T,MAIT
PBMC10k_GTGAGTTCAGCCCAGT-1,4641,Mono,CD14 Mono
PBMC10k_GTGAGTTGTTGCCGAC-1,4642,CD8 T,CD8 Naive
PBMC10k_GTGAGTTGTTGCGGAA-1,4643,NK,NK
PBMC10k_GTGAGTTTCATGCAGT-1,4644,CD8 T,CD8 Naive
PBMC10k_GTGAGTTTCGTTACCC-1,4646,NK,NK
PBMC10k_GTGAGTTTCTTCTAAC-1,4647,other T,gdT
PBMC10k_GTGATGTAGGCCTGCT-1,4649,CD4 T,CD4 TCM
PBMC10k_GTGATGTCAAGTGGTG-1,4651,other T,dnT
PBMC10k_GTGATGTCAATTCTCT-1,4652,NK,NK
PBMC10k_GTGATGTTCCTACTGC-1,4653,CD4 T,Treg
PBMC10k_GTGATGTTCCTCAGGG-1,4654,other T,gdT
PBMC10k_GTGATGTTCGAGTGGA-1,4655,CD4 T,CD4 Naive
PBMC10k_GTGCACGCATCGATGT-1,4657,CD8 T,CD8 Proliferating
PBMC10k_GTGCACGGTATTGAGA-1,4658,CD4 T,CD4 TCM
PBMC10k_GTGCACGTCATGAAAG-1,4659,other,Eryth
PBMC10k_GTGCAGCAGCGACAGT-1,4660,CD4 T,CD4 Naive
PBMC10k_GTGCAGCCAATGCAAA-1,4661,NK,NK
PBMC10k_GTGCAGCTCTCAGGCG-1,4666,NK,NK
PBMC10k_GTGCGTGAGACATATG-1,4668,CD8 T,CD8 TEM
PBMC10k_GTGCGTGCAAACTAGA-1,4670,NK,NK
PBMC10k_GTGCGTGCAAGGGTCA-1,4671,CD8 T,CD8 Naive
PBMC10k_GTGCGTGTCCATGAGT-1,4675,CD4 T,CD4 Naive
PBMC10k_GTGCGTGTCCCGTAAA-1,4676,other,ILC
PBMC10k_GTGCGTGTCGTAACAC-1,4677,Mono,CD14 Mono
PBMC10k_GTGCTGGAGATACGAT-1,4678,CD8 T,CD8 TCM
PBMC10k_GTGCTGGCACTGAATC-1,4680,CD8 T,CD8 Naive
PBMC10k_GTGCTGGGTAGTCTGT-1,4682,Mono,CD14 Mono
PBMC10k_GTGCTGGGTTTGAAAG-1,4684,CD8 T,CD8 Naive
PBMC10k_GTGCTTCCAATCGTCA-1,4686,B,B naive
PBMC10k_GTGCTTCCAGATAAAC-1,4688,CD4 T,CD4 Naive
PBMC10k_GTGCTTCGTGCCCTTT-1,4689,Mono,CD14 Mono
PBMC10k_GTGCTTCGTGCGTGCT-1,4690,Mono,CD14 Mono
PBMC10k_GTGCTTCTCAGACAAA-1,4691,other T,MAIT
PBMC10k_GTGCTTCTCTCTTGCG-1,4692,Mono,CD16 Mono
PBMC10k_GTGGAAGAGAGTAACT-1,4694,CD4 T,CD4 Naive
PBMC10k_GTGGAAGAGCTCCCTT-1,4695,NK,NK
PBMC10k_GTGGAAGAGCTCGGCT-1,4696,CD4 T,CD4 TEM
PBMC10k_GTGGAAGAGGGACTGT-1,4697,NK,NK
PBMC10k_GTGGAAGCATAGGTAA-1,4699,other,Eryth
PBMC10k_GTGGAGAGTAAGTAGT-1,4702,Mono,CD14 Mono
PBMC10k_GTGGAGAGTGGAGAAA-1,4704,CD4 T,CD4 Naive
PBMC10k_GTGGAGAGTTGCAACT-1,4705,Mono,CD14 Mono
PBMC10k_GTGGCGTCAATCAAGA-1,4708,other,Eryth
PBMC10k_GTGGCGTCACGTAGTT-1,4709,CD8 T,CD8 Naive
PBMC10k_GTGGCGTTCGAAACAA-1,4711,Mono,CD14 Mono
PBMC10k_GTGGGAACAACCAGAG-1,4713,Mono,CD14 Mono
PBMC10k_GTGGGAAGTAACGCGA-1,4715,NK,NK
PBMC10k_GTGGGAAGTAGCTGTT-1,4716,CD4 T,CD4 Naive
PBMC10k_GTGGGAAGTCTTGCTC-1,4717,other,ILC
PBMC10k_GTGGTTACAGCTTCCT-1,4721,CD4 T,Treg
PBMC10k_GTGGTTACATACCACA-1,4722,other,Eryth
PBMC10k_GTGGTTAGTCCAGCGT-1,4724,Mono,CD14 Mono
PBMC10k_GTGGTTAGTGACCGTC-1,4726,CD4 T,CD4 TCM
PBMC10k_GTGGTTAGTGTTTGCA-1,4727,Mono,CD14 Mono
PBMC10k_GTGTAACAGTATCCTG-1,4731,Mono,CD14 Mono
PBMC10k_GTGTAACCACGACAGA-1,4733,B,B naive
PBMC10k_GTGTAACCAGCTGTAT-1,4736,other,Eryth
PBMC10k_GTGTCCTAGTGCAGCA-1,4739,Mono,CD14 Mono
PBMC10k_GTGTCCTCAGAACCGA-1,4741,CD4 T,CD4 TEM
PBMC10k_GTGTCCTGTCGCCTAG-1,4742,NK,NK_CD56bright
PBMC10k_GTGTGATAGTCGCTAT-1,4745,B,B memory
PBMC10k_GTGTGGCAGAGCTGAC-1,4750,CD4 T,CD4 Naive
PBMC10k_GTGTGGCTCTACGGTA-1,4755,CD4 T,CD4 Naive
PBMC10k_GTGTTAGGTCGCCTAG-1,4756,CD4 T,CD4 Naive
PBMC10k_GTGTTAGTCCGACGGT-1,4757,Mono,CD14 Mono
PBMC10k_GTGTTCCAGGCCATAG-1,4758,Mono,CD14 Mono
PBMC10k_GTGTTCCAGGCCGCTT-1,4759,B,B naive
PBMC10k_GTGTTCCCACGACAAG-1,4761,CD4 T,CD4 Naive
PBMC10k_GTGTTCCGTTCCTTGC-1,4762,DC,cDC2
PBMC10k_GTGTTCCTCGGATAAA-1,4764,CD8 T,CD8 TEM
PBMC10k_GTGTTCCTCTCCACTG-1,4765,CD4 T,CD4 Naive
PBMC10k_GTTACAGAGATGACAT-1,4766,other,Eryth
PBMC10k_GTTACAGCATTGAAGA-1,4769,other T,MAIT
PBMC10k_GTTACAGGTCCACACG-1,4770,CD4 T,CD4 Naive
PBMC10k_GTTACAGTCAGATGCT-1,4773,B,B naive
PBMC10k_GTTACCCAGACAACAT-1,4775,B,B memory
PBMC10k_GTTACCCAGCCTTCTC-1,4776,CD8 T,CD8 Naive
PBMC10k_GTTACCCAGTCGCTAT-1,4777,Mono,CD14 Mono
PBMC10k_GTTACCCCAACAGATA-1,4778,Mono,CD14 Mono
PBMC10k_GTTACCCGTATCTCTT-1,4779,CD4 T,CD4 Naive
PBMC10k_GTTACCCGTTTCGGCG-1,4781,other,ILC
PBMC10k_GTTACCCGTTTCTATC-1,4782,NK,NK
PBMC10k_GTTACCCTCGGCTCTT-1,4783,other T,MAIT
PBMC10k_GTTACCCTCTCATGGA-1,4784,B,B naive
PBMC10k_GTTACGAAGCCAAGGT-1,4785,CD4 T,Treg
PBMC10k_GTTACGACAATTCACG-1,4786,NK,NK
PBMC10k_GTTACGACAATTGCAC-1,4787,NK,NK
PBMC10k_GTTACGAGTATCCCAA-1,4788,Mono,CD14 Mono
PBMC10k_GTTAGACAGAGGCGGA-1,4790,Mono,CD14 Mono
PBMC10k_GTTAGACCAAGGGCAT-1,4791,CD4 T,CD4 TCM
PBMC10k_GTTAGACCACTTGAAC-1,4792,B,B naive
PBMC10k_GTTAGACCAGCGGTTC-1,4793,DC,cDC2
PBMC10k_GTTAGACGTCGCATGC-1,4794,CD4 T,Treg
PBMC10k_GTTAGACTCGCCTATC-1,4797,CD4 T,CD4 TCM
PBMC10k_GTTAGACTCGCGTGAC-1,4798,CD4 T,CD4 Naive
PBMC10k_GTTAGACTCTCTCCGA-1,4800,CD8 T,CD8 TCM
PBMC10k_GTTAGTGAGACCCGCT-1,4801,Mono,CD14 Mono
PBMC10k_GTTAGTGCACATACGT-1,4802,CD4 T,CD4 TEM
PBMC10k_GTTATGGAGTAGCCAG-1,4805,CD4 T,Treg
PBMC10k_GTTATGGAGTTGGCTT-1,4806,CD4 T,CD4 TEM
PBMC10k_GTTATGGGTACTGCGC-1,4807,Mono,CD14 Mono
PBMC10k_GTTCATTAGATGGCAC-1,4810,Mono,CD14 Mono
PBMC10k_GTTCATTCAAATGAAC-1,4813,NK,NK
PBMC10k_GTTCATTCACATTCGA-1,4814,CD4 T,CD4 TEM
PBMC10k_GTTCATTCATTGGGAG-1,4817,NK,NK
PBMC10k_GTTCATTGTATTAAGG-1,4818,CD4 T,CD4 TCM
PBMC10k_GTTCCGTCAAGCCTGC-1,4821,B,B memory
PBMC10k_GTTCCGTGTTGATCGT-1,4824,Mono,CD14 Mono
PBMC10k_GTTCCGTGTTTACGTG-1,4825,other T,dnT
PBMC10k_GTTCGCTAGTCAGGGT-1,4829,Mono,CD14 Mono
PBMC10k_GTTCGCTCATCTTTCA-1,4831,CD4 T,CD4 TEM
PBMC10k_GTTCGCTGTAACAAGT-1,4832,Mono,CD14 Mono
PBMC10k_GTTCGCTGTAGATGTA-1,4833,NK,NK
PBMC10k_GTTCGCTTCAAAGACA-1,4834,CD4 T,CD4 TEM
PBMC10k_GTTCGCTTCACAGTGT-1,4835,other T,MAIT
PBMC10k_GTTCTATAGAAAGTCT-1,4837,NK,NK
PBMC10k_GTTCTATAGTACCGGA-1,4839,CD4 T,CD4 Naive
PBMC10k_GTTCTATAGTTCCATG-1,4840,NK,NK
PBMC10k_GTTCTATTCTCAATCT-1,4845,other,Eryth
PBMC10k_GTTGAACTCGTCGCTT-1,4849,Mono,CD14 Mono
PBMC10k_GTTGCGGAGACCAAAT-1,4850,CD8 T,CD8 Naive
PBMC10k_GTTGCGGCATCTGTTT-1,4855,CD4 T,Treg
PBMC10k_GTTGCGGGTCATGACT-1,4856,other T,gdT
PBMC10k_GTTGCGGGTCTAGATC-1,4857,NK,NK
PBMC10k_GTTGCTCAGAGGATGA-1,4859,Mono,CD14 Mono
PBMC10k_GTTGCTCGTCGAAGCA-1,4861,CD8 T,CD8 Naive
PBMC10k_GTTGCTCGTGCTGTCG-1,4862,Mono,CD14 Mono
PBMC10k_GTTGTAGAGTCTCGTA-1,4864,CD8 T,CD8 TEM
PBMC10k_GTTGTAGAGTTGCCCG-1,4865,Mono,CD14 Mono
PBMC10k_GTTGTAGCAATTGCCA-1,4866,CD8 T,CD8 Naive
PBMC10k_GTTGTAGCATTAGGAA-1,4867,CD4 T,CD4 TEM
PBMC10k_GTTGTAGTCCTGGGAC-1,4872,NK,NK
PBMC10k_GTTGTCCGTAACATAG-1,4874,Mono,CD14 Mono
PBMC10k_GTTGTCCGTACACGCC-1,4875,CD4 T,CD4 TCM
PBMC10k_GTTGTCCGTGGCTTGC-1,4878,CD8 T,CD8 Proliferating
PBMC10k_GTTGTCCGTTCTCACC-1,4879,CD4 T,CD4 TEM
PBMC10k_GTTGTCCTCAATGTCG-1,4880,other T,MAIT
PBMC10k_GTTGTCCTCCTTTAGT-1,4881,Mono,CD14 Mono
PBMC10k_GTTGTCCTCGCTGTCT-1,4882,Mono,CD14 Mono
PBMC10k_GTTGTGACAAACTAGA-1,4885,CD4 T,CD4 TEM
PBMC10k_GTTGTGACAGGACTAG-1,4887,NK,NK
PBMC10k_GTTGTGACATTGCTGA-1,4888,Mono,CD14 Mono
PBMC10k_GTTGTGAGTCACTACA-1,4889,other,Eryth
PBMC10k_GTTGTGAGTCTTCAAG-1,4890,Mono,CD14 Mono
PBMC10k_GTTTACTCATAGGCGA-1,4896,Mono,CD14 Mono
PBMC10k_GTTTACTGTATCGGTT-1,4897,other,Eryth
PBMC10k_GTTTACTGTGGTCTGC-1,4899,other T,dnT
PBMC10k_GTTTACTTCGCATGAT-1,4900,NK,NK
PBMC10k_GTTTGGACAAGTACCT-1,4904,B,B naive
PBMC10k_GTTTGGAGTCGAATTC-1,4905,NK,NK
PBMC10k_GTTTGGAGTTGCACGC-1,4906,Mono,CD14 Mono
PBMC10k_GTTTGGAGTTGTTTGG-1,4907,Mono,CD14 Mono
PBMC10k_TAACACGAGCGAACTG-1,4909,Mono,CD14 Mono
PBMC10k_TAACACGGTGTAAATG-1,4912,CD8 T,CD8 TEM
PBMC10k_TAACCAGCACCAAAGG-1,4914,CD4 T,Treg
PBMC10k_TAACCAGCACTCATAG-1,4915,B,Plasmablast
PBMC10k_TAACCAGCAGCTTTCC-1,4916,CD8 T,CD8 Naive
PBMC10k_TAACCAGGTAGACAGC-1,4917,Mono,CD14 Mono
PBMC10k_TAACGACAGGCGAAGG-1,4918,other,ILC
PBMC10k_TAACGACCACCTCAGG-1,4921,CD4 T,CD4 TEM
PBMC10k_TAACGACTCACGAGGA-1,4924,other T,MAIT
PBMC10k_TAACGACTCCATCTCG-1,4925,NK,NK
PBMC10k_TAACGACTCCTTATCA-1,4926,Mono,CD14 Mono
PBMC10k_TAACTTCCAGCTTCCT-1,4928,CD8 T,CD8 TCM
PBMC10k_TAAGCACAGGTGCCTC-1,4934,Mono,CD14 Mono
PBMC10k_TAAGCACCAGACCAGA-1,4935,NK,NK
PBMC10k_TAAGCACCAGTCGAGA-1,4936,other T,MAIT
PBMC10k_TAAGCACCATTAAGCC-1,4937,CD4 T,Treg
PBMC10k_TAAGCACGTCCACAGC-1,4938,NK,NK
PBMC10k_TAAGCACGTCTTGTCC-1,4939,CD8 T,CD8 TEM
PBMC10k_TAAGCACGTTTGGCTA-1,4940,CD4 T,CD4 TEM
PBMC10k_TAAGCGTAGTCCCGGT-1,4944,other T,MAIT
PBMC10k_TAAGCGTAGTTGGACG-1,4945,CD4 T,Treg
PBMC10k_TAAGCGTCAGTCTGGC-1,4946,NK,NK
PBMC10k_TAAGCGTCATTCAGGT-1,4947,NK,NK
PBMC10k_TAAGCGTGTAGAAACT-1,4948,CD4 T,CD4 TCM
PBMC10k_TAAGCGTGTAGGCAGT-1,4949,other,Eryth
PBMC10k_TAAGCGTTCGTCCTCA-1,4951,Mono,CD16 Mono
PBMC10k_TAAGTCGTCCGGGACT-1,4956,other T,MAIT
PBMC10k_TAAGTCGTCGGCTGAC-1,4957,B,B naive
PBMC10k_TAATCTCAGGTAAGTT-1,4960,NK,NK
PBMC10k_TAATCTCGTTACCTGA-1,4962,CD4 T,CD4 Naive
PBMC10k_TAATCTCTCATACAGC-1,4963,B,B naive
PBMC10k_TAATCTCTCATCTCTA-1,4964,B,B naive
PBMC10k_TAATCTCTCTGTACAG-1,4966,Mono,CD14 Mono
PBMC10k_TAATTCCAGCATCAGG-1,4967,CD4 T,CD4 CTL
PBMC10k_TAATTCCCACCTAAAC-1,4968,Mono,CD14 Mono
PBMC10k_TAATTCCGTAGGTTTC-1,4969,Mono,CD16 Mono
PBMC10k_TAATTCCGTCCACATA-1,4970,NK,NK
PBMC10k_TAATTCCTCCCAAGCG-1,4971,NK,NK
PBMC10k_TACAACGAGACGACGT-1,4973,Mono,CD14 Mono
PBMC10k_TACAACGTCAAATGAG-1,4977,Mono,CD14 Mono
PBMC10k_TACAACGTCATCTATC-1,4978,other,Eryth
PBMC10k_TACAACGTCCGGACTG-1,4979,CD4 T,CD4 TCM
PBMC10k_TACAACGTCGATTTCT-1,4980,Mono,CD14 Mono
PBMC10k_TACAACGTCGGCAGTC-1,4981,Mono,CD14 Mono
PBMC10k_TACACCCAGTGTTGTC-1,4983,CD4 T,Treg
PBMC10k_TACACCCTCACGGTCG-1,4985,CD4 T,CD4 TCM
PBMC10k_TACAGGTCAAACTAGA-1,4987,CD4 T,CD4 Naive
PBMC10k_TACAGGTCAGACGCTC-1,4989,other T,MAIT
PBMC10k_TACAGGTTCGTTTACT-1,4991,CD4 T,CD4 Naive
PBMC10k_TACATTCAGAGCCGAT-1,4992,CD8 T,CD8 Naive
PBMC10k_TACATTCAGTCACGAG-1,4994,CD4 T,CD4 TEM
PBMC10k_TACATTCTCGAATCCA-1,4998,CD8 T,CD8 TEM
PBMC10k_TACCCACTCGACATTG-1,5002,Mono,CD14 Mono
PBMC10k_TACCCGTAGTGCACCC-1,5004,CD4 T,CD4 TEM
PBMC10k_TACCCGTCACGCGGTT-1,5007,CD4 T,CD4 Naive
PBMC10k_TACCCGTCAGAAGCGT-1,5008,Mono,CD14 Mono
PBMC10k_TACCCGTTCCACAGGC-1,5011,Mono,CD14 Mono
PBMC10k_TACCCGTTCCCGTGTT-1,5012,NK,NK
PBMC10k_TACCCGTTCCGAGATT-1,5013,NK,NK
PBMC10k_TACCCGTTCGGAACTT-1,5014,NK,NK
PBMC10k_TACCCGTTCTGGTGGC-1,5018,CD4 T,CD4 Naive
PBMC10k_TACCGAACATGGAGAC-1,5020,CD4 T,CD4 Naive
PBMC10k_TACCGAAGTTATCTGG-1,5021,CD4 T,CD4 Naive
PBMC10k_TACCGAATCAGTGCGC-1,5022,Mono,CD14 Mono
PBMC10k_TACCGGGAGAATACAC-1,5024,CD8 T,CD8 Naive
PBMC10k_TACCGGGAGACTTCCA-1,5025,NK,NK
PBMC10k_TACCGGGAGCGATGCA-1,5026,Mono,CD14 Mono
PBMC10k_TACCGGGAGGTAAGAG-1,5027,CD4 T,CD4 Naive
PBMC10k_TACCGGGTCTTACTGT-1,5028,CD4 T,CD4 TEM
PBMC10k_TACCTCGAGATCGCTT-1,5029,other T,MAIT
PBMC10k_TACCTCGAGTTAGAAC-1,5030,CD4 T,CD4 TEM
PBMC10k_TACCTCGCAACTGCTA-1,5031,other T,MAIT
PBMC10k_TACCTCGGTCAGTCCG-1,5032,CD4 T,CD4 TEM
PBMC10k_TACCTCGTCGCTCTCA-1,5033,Mono,CD14 Mono
PBMC10k_TACCTGCAGCTTTGTG-1,5035,other T,MAIT
PBMC10k_TACCTGCGTTGCTAGT-1,5039,CD8 T,CD8 TEM
PBMC10k_TACCTGCTCCCAGGCA-1,5040,NK,NK
PBMC10k_TACGCTCAGCTGACCC-1,5043,CD4 T,Treg
PBMC10k_TACGCTCTCATCGCAA-1,5044,Mono,CD16 Mono
PBMC10k_TACGCTCTCCTGGGAC-1,5045,CD8 T,CD8 Naive
PBMC10k_TACGCTCTCGGATAAA-1,5046,Mono,CD14 Mono
PBMC10k_TACGGGCCAGAACTTC-1,5048,Mono,CD14 Mono
PBMC10k_TACGGGCGTTTGGAAA-1,5052,B,B naive
PBMC10k_TACGGGCTCTGCCTCA-1,5053,CD4 T,CD4 TCM
PBMC10k_TACGTCCCAGTCGGTC-1,5058,CD4 T,CD4 Naive
PBMC10k_TACGTCCTCTATCACT-1,5063,CD4 T,Treg
PBMC10k_TACGTCCTCTGGGATT-1,5064,other,ILC
PBMC10k_TACTGCCAGATTCGCT-1,5065,NK,NK
PBMC10k_TACTGCCAGGAACGAA-1,5066,CD4 T,CD4 Naive
PBMC10k_TACTGCCAGTGGCGAT-1,5068,Mono,CD14 Mono
PBMC10k_TACTGCCCATGACGAG-1,5069,Mono,CD14 Mono
PBMC10k_TACTGCCGTGATTCAC-1,5070,CD8 T,CD8 TCM
PBMC10k_TACTGCCGTTCTTAGG-1,5071,CD4 T,Treg
PBMC10k_TACTTACGTCTTACTT-1,5073,NK,NK_CD56bright
PBMC10k_TACTTACGTTATGGTC-1,5074,CD4 T,CD4 TCM
PBMC10k_TACTTACTCAGTCCGG-1,5076,CD4 T,CD4 Naive
PBMC10k_TACTTCAAGGTATAGT-1,5080,Mono,CD14 Mono
PBMC10k_TACTTCAGTCATAACC-1,5081,CD8 T,CD8 Naive
PBMC10k_TACTTCATCACTGTCC-1,5082,DC,pDC
PBMC10k_TACTTCATCGAGAGCA-1,5083,CD8 T,CD8 TCM
PBMC10k_TACTTCATCTTTCGAT-1,5084,other T,MAIT
PBMC10k_TACTTGTCAAGAGTGC-1,5086,CD4 T,CD4 TCM
PBMC10k_TACTTGTGTTGGGACA-1,5088,Mono,CD14 Mono
PBMC10k_TACTTGTTCCTGTAGA-1,5090,NK,NK
PBMC10k_TAGACCAAGAGGGCGA-1,5092,other T,MAIT
PBMC10k_TAGACCAAGCCGTTAT-1,5093,CD4 T,CD4 TCM
PBMC10k_TAGACCAAGCGCCGTT-1,5094,CD4 T,CD4 TCM
PBMC10k_TAGACCAGTCACGTGC-1,5097,CD8 T,CD8 TEM
PBMC10k_TAGACCAGTCGAGCAA-1,5098,CD4 T,Treg
PBMC10k_TAGACCAGTGACATCT-1,5099,Mono,CD14 Mono
PBMC10k_TAGACCATCCGAGAAG-1,5101,CD8 T,CD8 TEM
PBMC10k_TAGACTGAGGTAGCCA-1,5104,Mono,CD14 Mono
PBMC10k_TAGACTGCAAATCGGG-1,5105,CD4 T,CD4 TEM
PBMC10k_TAGACTGCACGGTGCT-1,5106,Mono,CD14 Mono
PBMC10k_TAGACTGTCATTCGGA-1,5108,other T,MAIT
PBMC10k_TAGACTGTCTTTCGAT-1,5110,other T,gdT
PBMC10k_TAGAGTCAGGCACAAC-1,5112,CD8 T,CD8 Naive
PBMC10k_TAGAGTCGTATACCTG-1,5115,Mono,CD14 Mono
PBMC10k_TAGAGTCGTGTATCCA-1,5116,Mono,CD14 Mono
PBMC10k_TAGATCGAGTAAGGGA-1,5117,CD4 T,CD4 TCM
PBMC10k_TAGATCGCACAGTCCG-1,5118,other T,MAIT
PBMC10k_TAGATCGCATAGAAAC-1,5119,DC,cDC2
PBMC10k_TAGATCGGTTGCTGAT-1,5121,NK,NK
PBMC10k_TAGATCGGTTGTAAAG-1,5123,Mono,CD14 Mono
PBMC10k_TAGATCGTCGGACTGC-1,5125,other T,MAIT
PBMC10k_TAGCACAAGCTGTTAC-1,5127,Mono,CD14 Mono
PBMC10k_TAGGAGGAGTCTAGAA-1,5130,CD4 T,CD4 TEM
PBMC10k_TAGGAGGCAAACGGCA-1,5131,B,Plasmablast
PBMC10k_TAGGAGGCACTTCTCG-1,5132,other,ILC
PBMC10k_TAGGAGGGTATGGGAC-1,5133,CD8 T,CD8 Naive
PBMC10k_TAGGAGGGTTGTCCCT-1,5134,CD4 T,CD4 Naive
PBMC10k_TAGGTACAGGAAGTCC-1,5135,Mono,CD14 Mono
PBMC10k_TAGGTACAGGTACATA-1,5136,Mono,CD14 Mono
PBMC10k_TAGGTACCAAGTGATA-1,5138,CD4 T,CD4 TEM
PBMC10k_TAGGTACCACCGTGCA-1,5139,CD4 T,CD4 TCM
PBMC10k_TAGGTACCAGAACATA-1,5140,NK,NK
PBMC10k_TAGGTACGTCGTGATT-1,5142,Mono,CD14 Mono
PBMC10k_TAGGTACGTTACCCAA-1,5143,CD8 T,CD8 TEM
PBMC10k_TAGGTACTCCGACAGC-1,5144,B,B memory
PBMC10k_TAGGTACTCCTCTCTT-1,5145,B,B memory
PBMC10k_TAGGTACTCTTTCGAT-1,5147,CD4 T,CD4 TCM
PBMC10k_TAGGTTGAGAATCGAT-1,5148,CD4 T,CD4 Naive
PBMC10k_TAGGTTGAGCTCGCAC-1,5149,Mono,CD14 Mono
PBMC10k_TAGTGCAAGCAGCCCT-1,5152,CD4 T,CD4 Naive
PBMC10k_TAGTGCAGTCACAGTT-1,5157,DC,cDC2
PBMC10k_TAGTGCAGTCCATAGT-1,5158,CD4 T,CD4 Naive
PBMC10k_TATACCTAGGCCCAAA-1,5160,CD4 T,CD4 TCM
PBMC10k_TATACCTAGTCTTCCC-1,5161,CD4 T,Treg
PBMC10k_TATACCTCATTCAGGT-1,5163,Mono,CD14 Mono
PBMC10k_TATACCTGTACATACC-1,5164,Mono,CD14 Mono
PBMC10k_TATACCTTCGCTTTAT-1,5166,CD4 T,CD4 TCM
PBMC10k_TATATCCAGGATTTCC-1,5168,B,B naive
PBMC10k_TATATCCGTTCTTAGG-1,5171,CD4 T,CD4 Naive
PBMC10k_TATATCCTCAGATTGC-1,5172,B,B naive
PBMC10k_TATATCCTCCCTATTA-1,5173,DC,cDC2
PBMC10k_TATATCCTCTAACACG-1,5174,Mono,CD14 Mono
PBMC10k_TATCAGGAGTGCTCAT-1,5177,B,B intermediate
PBMC10k_TATCAGGTCATTCGGA-1,5179,Mono,CD14 Mono
PBMC10k_TATCAGGTCCGGACGT-1,5180,CD4 T,CD4 TEM
PBMC10k_TATCAGGTCGTAGCCG-1,5181,CD4 T,Treg
PBMC10k_TATCAGGTCTTGGCTC-1,5182,B,B naive
PBMC10k_TATCCTAAGAGGATGA-1,5183,NK,NK
PBMC10k_TATCCTAAGCCTCAAT-1,5184,CD8 T,CD8 TCM
PBMC10k_TATCCTACACAGCGCT-1,5185,Mono,CD14 Mono
PBMC10k_TATCCTACACATACTG-1,5186,DC,cDC2
PBMC10k_TATCGCCAGAATAGTC-1,5190,other T,dnT
PBMC10k_TATCGCCCAAGTTCCA-1,5194,other,ILC
PBMC10k_TATCGCCGTACTGGGA-1,5196,CD4 T,CD4 TCM
PBMC10k_TATCGCCTCTACGCGG-1,5197,NK,NK
PBMC10k_TATCTGTAGTTCTCTT-1,5199,CD8 T,CD8 Naive
PBMC10k_TATCTGTTCACGTCCT-1,5203,CD8 T,CD8 TCM
PBMC10k_TATCTGTTCTCGCGTT-1,5204,CD8 T,CD8 TEM
PBMC10k_TATCTTGAGCCATGCC-1,5206,NK,NK
PBMC10k_TATCTTGGTGGACCAA-1,5209,CD8 T,CD8 Naive
PBMC10k_TATCTTGTCCATAGGT-1,5210,NK,NK
PBMC10k_TATCTTGTCTAGAACC-1,5211,Mono,CD14 Mono
PBMC10k_TATGTTCAGTGCGTCC-1,5213,CD8 T,CD8 Naive
PBMC10k_TATGTTCCAGATGCGA-1,5214,CD4 T,CD4 TEM
PBMC10k_TATTCCAAGCTCGTGC-1,5217,Mono,CD14 Mono
PBMC10k_TATTCCAAGGTCCTGC-1,5218,Mono,CD14 Mono
PBMC10k_TATTCCACAACGAGGT-1,5219,CD4 T,CD4 Naive
PBMC10k_TATTCCACAATCGCCG-1,5220,Mono,CD14 Mono
PBMC10k_TATTCCACACTCAGAT-1,5221,Mono,CD14 Mono
PBMC10k_TATTCCAGTATGTCCA-1,5222,NK,NK
PBMC10k_TATTCCAGTCGCACGT-1,5223,CD8 T,CD8 Naive
PBMC10k_TATTCCAGTCTAACTG-1,5224,CD4 T,Treg
PBMC10k_TATTGCTAGCAATTCC-1,5228,NK,NK
PBMC10k_TATTGCTAGTGTTGAA-1,5229,CD4 T,CD4 TCM
PBMC10k_TATTGCTTCTTCCCAG-1,5235,B,B intermediate
PBMC10k_TATTGGGAGATCCGAG-1,5236,NK,NK
PBMC10k_TATTGGGAGTACTGGG-1,5238,B,B naive
PBMC10k_TATTGGGAGTTCCATG-1,5239,NK,NK Proliferating
PBMC10k_TATTGGGAGTTTGGCT-1,5240,CD8 T,CD8 Naive
PBMC10k_TATTGGGCAGTTTCAG-1,5242,CD4 T,Treg
PBMC10k_TATTGGGCATTGGCAT-1,5243,other,Eryth
PBMC10k_TATTGGGGTAGCCCTG-1,5244,Mono,CD14 Mono
PBMC10k_TATTGGGGTCTTGAAC-1,5245,B,B naive
PBMC10k_TATTTCGAGACTCATC-1,5248,NK,NK
PBMC10k_TATTTCGGTGGTCTAT-1,5249,CD8 T,CD8 Naive
PBMC10k_TATTTCGGTTACGTAC-1,5250,NK,NK
PBMC10k_TATTTCGGTTCGAGCC-1,5251,Mono,CD14 Mono
PBMC10k_TATTTCGTCAGATGCT-1,5253,CD4 T,CD4 TCM
PBMC10k_TATTTCGTCGGTAGAG-1,5254,Mono,CD16 Mono
PBMC10k_TATTTCGTCTCAGGCG-1,5255,CD4 T,CD4 Naive
PBMC10k_TATTTCGTCTTTGCGC-1,5256,CD8 T,CD8 TCM
PBMC10k_TCAAGACAGATGACCG-1,5257,CD4 T,CD4 TEM
PBMC10k_TCAAGACCATGTGTCA-1,5258,CD8 T,CD8 Naive
PBMC10k_TCAAGACGTTATTCCT-1,5259,CD4 T,CD4 Naive
PBMC10k_TCAAGACTCCCTCTCC-1,5261,NK,NK
PBMC10k_TCAAGCAAGTTGAAAC-1,5262,other T,MAIT
PBMC10k_TCAAGCATCCGTAGTA-1,5263,B,B naive
PBMC10k_TCAAGTGAGCCGCACT-1,5265,NK,NK
PBMC10k_TCAAGTGAGGCTATCT-1,5267,NK,NK
PBMC10k_TCAAGTGCAAGGAGTC-1,5271,other,ILC
PBMC10k_TCAAGTGCATCGCTGG-1,5273,NK,NK
PBMC10k_TCAAGTGGTGCGGCTT-1,5275,CD4 T,CD4 TCM
PBMC10k_TCAAGTGGTTAGGGAC-1,5276,Mono,CD14 Mono
PBMC10k_TCAAGTGTCGGAATGG-1,5277,NK,NK
PBMC10k_TCAATCTCAAAGGCGT-1,5278,Mono,CD14 Mono
PBMC10k_TCAATTCAGTCCTGCG-1,5280,CD4 T,CD4 TCM
PBMC10k_TCAATTCCACAGAGCA-1,5282,B,B memory
PBMC10k_TCAATTCCATACAGGG-1,5283,CD4 T,CD4 Naive
PBMC10k_TCAATTCCATACTGAC-1,5284,CD4 T,CD4 Naive
PBMC10k_TCAATTCGTCCTGAAT-1,5285,CD4 T,Treg
PBMC10k_TCAATTCTCGACGACC-1,5286,DC,cDC2
PBMC10k_TCAATTCTCGTGGCGT-1,5287,CD8 T,CD8 TEM
PBMC10k_TCAATTCTCTTTGCTA-1,5288,Mono,CD14 Mono
PBMC10k_TCACAAGGTAAGGCTG-1,5292,NK,NK
PBMC10k_TCACAAGGTTCAAGTC-1,5294,other T,MAIT
PBMC10k_TCACAAGTCAGACCTA-1,5295,CD4 T,Treg
PBMC10k_TCACACCCAAATGGAT-1,5297,Mono,CD14 Mono
PBMC10k_TCACACCCAGTGTGCC-1,5298,CD4 T,CD4 Naive
PBMC10k_TCACATTCAGTAGTTC-1,5304,CD4 T,CD4 Naive
PBMC10k_TCACATTGTATCTCTT-1,5306,other T,dnT
PBMC10k_TCACATTTCATTTCGT-1,5307,other,Eryth
PBMC10k_TCACGCTGTAAGCTCT-1,5308,CD8 T,CD8 TEM
PBMC10k_TCACGCTGTCTGTTAG-1,5310,other,Eryth
PBMC10k_TCACGCTGTTCGTACA-1,5313,other T,MAIT
PBMC10k_TCACGCTTCTCGCTCA-1,5316,B,B naive
PBMC10k_TCACGGGAGACGGTTG-1,5318,CD4 T,CD4 TCM
PBMC10k_TCACGGGTCGACGTCG-1,5321,CD4 T,CD4 TCM
PBMC10k_TCACTATGTAGACACG-1,5322,CD8 T,CD8 Naive
PBMC10k_TCACTATGTTAAGAAC-1,5324,CD8 T,CD8 Naive
PBMC10k_TCACTATTCAGCGTCG-1,5326,NK,NK Proliferating
PBMC10k_TCACTATTCATTCATC-1,5327,CD4 T,CD4 TEM
PBMC10k_TCACTATTCGCTTACC-1,5328,CD8 T,CD8 Naive
PBMC10k_TCACTCGAGGTAGTAT-1,5329,B,B naive
PBMC10k_TCACTCGCAACTGCCG-1,5330,Mono,CD14 Mono
PBMC10k_TCACTCGCAATGAAAC-1,5331,other,Eryth
PBMC10k_TCACTCGTCGTTACCC-1,5332,CD4 T,CD4 TCM
PBMC10k_TCACTCGTCTGAGATC-1,5333,NK,NK
PBMC10k_TCACTCGTCTGCTGAA-1,5334,B,B naive
PBMC10k_TCAGCAAAGATAACGT-1,5335,CD4 T,CD4 Naive
PBMC10k_TCAGCAAAGCTGTTAC-1,5336,CD4 T,CD4 TCM
PBMC10k_TCAGCAAAGGTTCTTG-1,5337,CD4 T,CD4 Naive
PBMC10k_TCAGCAAAGTAACAGT-1,5338,NK,NK
PBMC10k_TCAGCAATCATCGACA-1,5341,Mono,CD14 Mono
PBMC10k_TCAGCAATCCGCACTT-1,5342,B,B naive
PBMC10k_TCAGCCTGTCCTCCAT-1,5346,NK,NK_CD56bright
PBMC10k_TCAGCCTGTGGCGTAA-1,5347,CD8 T,CD8 TEM
PBMC10k_TCAGCCTGTTCGGTAT-1,5348,CD4 T,CD4 Naive
PBMC10k_TCAGCCTTCAGCTGAT-1,5349,NK,NK
PBMC10k_TCAGGGCGTATGCAAA-1,5350,Mono,CD14 Mono
PBMC10k_TCAGGGCGTTTCCATT-1,5353,DC,cDC2
PBMC10k_TCAGGGCTCGGTCGGT-1,5354,CD4 T,CD4 Naive
PBMC10k_TCAGGTAAGCAATAGT-1,5358,CD4 T,CD4 TEM
PBMC10k_TCAGGTAAGGGAGATA-1,5359,B,B naive
PBMC10k_TCAGGTAAGGTAGGCT-1,5360,CD4 T,CD4 TCM
PBMC10k_TCAGGTACAAGTGGTG-1,5361,NK,NK
PBMC10k_TCAGGTACACGACGAA-1,5362,other,Eryth
PBMC10k_TCAGGTATCCGCTGTT-1,5364,CD8 T,CD8 Naive
PBMC10k_TCAGGTATCTCTCGCA-1,5365,B,B naive
PBMC10k_TCAGTCCAGGCCTAAG-1,5367,CD4 T,CD4 Naive
PBMC10k_TCAGTCCAGGGAGATA-1,5368,CD4 T,Treg
PBMC10k_TCAGTCCTCAAATGCC-1,5369,Mono,CD14 Mono
PBMC10k_TCAGTCCTCCATACTT-1,5370,Mono,CD14 Mono
PBMC10k_TCAGTGAAGCTGGAGT-1,5371,other T,MAIT
PBMC10k_TCAGTGAAGCTGTTAC-1,5372,CD4 T,CD4 TCM
PBMC10k_TCAGTGAAGGATTTCC-1,5373,CD8 T,CD8 TCM
PBMC10k_TCAGTGACAGCGAACA-1,5375,NK,NK
PBMC10k_TCAGTGAGTTAAGAAC-1,5376,CD4 T,CD4 Naive
PBMC10k_TCAGTGAGTTTGGCTA-1,5377,CD4 T,CD4 TCM
PBMC10k_TCAGTTTCAAGTATAG-1,5379,Mono,CD14 Mono
PBMC10k_TCAGTTTCAATCGCCG-1,5380,other T,gdT
PBMC10k_TCAGTTTCACTGGACC-1,5381,B,B naive
PBMC10k_TCAGTTTCATCCGCGA-1,5382,DC,cDC2
PBMC10k_TCAGTTTTCGGCACTG-1,5385,NK,NK
PBMC10k_TCATACTCAACAGTGG-1,5386,NK,NK
PBMC10k_TCATACTCAATGCAGG-1,5387,B,B intermediate
PBMC10k_TCATACTCACCATAAC-1,5388,NK,NK
PBMC10k_TCATACTCATCGCCTT-1,5389,other T,dnT
PBMC10k_TCATACTTCGAGTGAG-1,5393,Mono,CD14 Mono
PBMC10k_TCATATCAGGACGGAG-1,5394,NK,NK
PBMC10k_TCATATCAGTTGAAAC-1,5395,Mono,CD14 Mono
PBMC10k_TCATATCCACCTTCGT-1,5396,CD8 T,CD8 Naive
PBMC10k_TCATATCCACGGTGAA-1,5397,CD8 T,CD8 TCM
PBMC10k_TCATATCCAGGAGACT-1,5398,other T,dnT
PBMC10k_TCATATCGTTGTGTTG-1,5399,other T,MAIT
PBMC10k_TCATCATAGACTTCCA-1,5400,NK,NK
PBMC10k_TCATCATAGCGATGAC-1,5401,other,Eryth
PBMC10k_TCATCATAGGAAGTCC-1,5402,Mono,CD16 Mono
PBMC10k_TCATCATCATTGCCTC-1,5406,B,B intermediate
PBMC10k_TCATCATGTAAGGCCA-1,5407,CD4 T,Treg
PBMC10k_TCATCCGAGATACAGT-1,5410,CD4 T,CD4 Naive
PBMC10k_TCATCCGCAGGGCTTC-1,5411,NK,NK
PBMC10k_TCATGAGAGATGTTAG-1,5414,Mono,CD14 Mono
PBMC10k_TCATGAGGTAAGATTG-1,5420,NK,NK
PBMC10k_TCATGAGGTTTCACAG-1,5421,B,B intermediate
PBMC10k_TCATGCCAGCAACAAT-1,5422,B,B naive
PBMC10k_TCATGCCAGGAAGAAC-1,5423,Mono,CD14 Mono
PBMC10k_TCATGCCCAAGAGATT-1,5426,other T,gdT
PBMC10k_TCATGCCCATAACCCA-1,5428,other,ILC
PBMC10k_TCATGCCGTTCCGCAG-1,5431,CD4 T,CD4 TCM
PBMC10k_TCATGCCGTTCGATTG-1,5432,CD4 T,CD4 TCM
PBMC10k_TCATGCCTCGCGGTAC-1,5434,other,ILC
PBMC10k_TCATGCCTCTACTATC-1,5435,Mono,CD14 Mono
PBMC10k_TCATGGACATCTCATT-1,5437,NK,NK
PBMC10k_TCATGGAGTCCTGTCT-1,5438,NK,NK Proliferating
PBMC10k_TCATGGATCCGATGTA-1,5439,Mono,CD14 Mono
PBMC10k_TCATGTTCAGACAATA-1,5442,CD4 T,CD4 TCM
PBMC10k_TCATTACCAATGGCCC-1,5444,CD4 T,CD4 Naive
PBMC10k_TCATTACCATTCACAG-1,5446,CD4 T,CD4 Naive
PBMC10k_TCATTACTCGCAATTG-1,5447,CD4 T,CD4 Naive
PBMC10k_TCATTCACACTACAGT-1,5449,NK,NK
PBMC10k_TCATTGTCATCATGAC-1,5451,CD8 T,CD8 Naive
PBMC10k_TCATTTGAGCACCGTC-1,5452,CD8 T,CD8 Naive
PBMC10k_TCATTTGCAGGCATGA-1,5453,other,ILC
PBMC10k_TCATTTGGTTATGTCG-1,5454,CD4 T,CD4 TEM
PBMC10k_TCCACCACAGAACGCA-1,5456,CD4 T,CD4 TCM
PBMC10k_TCCACCACAGCCGGTT-1,5457,B,Plasmablast
PBMC10k_TCCACCAGTACCTGTA-1,5458,NK,NK
PBMC10k_TCCACCAGTGGGTCAA-1,5459,Mono,CD14 Mono
PBMC10k_TCCACCATCCTTGGAA-1,5462,CD4 T,CD4 Naive
PBMC10k_TCCACGTAGTATGAAC-1,5464,other,Eryth
PBMC10k_TCCACGTGTCCGGCAT-1,5465,CD4 T,Treg
PBMC10k_TCCACGTGTGGCTGAA-1,5466,other T,MAIT
PBMC10k_TCCACGTGTGTTCAGT-1,5467,CD4 T,CD4 Naive
PBMC10k_TCCACGTTCATGGAGG-1,5471,CD8 T,CD8 TEM
PBMC10k_TCCACGTTCGACTCCT-1,5472,NK,NK
PBMC10k_TCCAGAACAATACGAA-1,5477,B,B naive
PBMC10k_TCCAGAAGTGACTCGC-1,5480,CD4 T,CD4 TCM
PBMC10k_TCCAGAAGTGTCTCCT-1,5481,CD4 T,CD4 TCM
PBMC10k_TCCAGAATCGTCAACA-1,5482,CD8 T,CD8 TCM
PBMC10k_TCCAGAATCTCTATAC-1,5483,CD8 T,CD8 TEM
PBMC10k_TCCATCGAGAAGTCAT-1,5484,CD8 T,CD8 Naive
PBMC10k_TCCATCGAGGTGCTTT-1,5486,CD4 T,CD4 TCM
PBMC10k_TCCATCGCATAAGCGG-1,5488,B,B naive
PBMC10k_TCCATCGGTCTTGGTA-1,5489,CD8 T,CD8 Naive
PBMC10k_TCCATCGGTGTCCAAT-1,5490,CD4 T,CD4 Naive
PBMC10k_TCCATCGTCAATCAGC-1,5491,Mono,CD14 Mono
PBMC10k_TCCATGCAGATTTGCC-1,5492,other T,MAIT
PBMC10k_TCCATGCAGGAACTCG-1,5493,Mono,CD14 Mono
PBMC10k_TCCATGCCAGGCTATT-1,5494,NK,NK
PBMC10k_TCCATGCGTCTGTCAA-1,5495,CD4 T,CD4 Naive
PBMC10k_TCCATGCGTTCGTTCC-1,5496,CD8 T,CD8 TEM
PBMC10k_TCCATGCGTTGTCAGT-1,5497,CD8 T,CD8 Naive
PBMC10k_TCCATGCTCAGTAGGG-1,5499,other T,MAIT
PBMC10k_TCCCACAAGGACAGCT-1,5502,CD4 T,CD4 Naive
PBMC10k_TCCCACATCAGGGTAG-1,5506,CD4 T,CD4 Naive
PBMC10k_TCCCACATCGGCCCAA-1,5507,Mono,CD14 Mono
PBMC10k_TCCCAGTCACTTCCTG-1,5508,Mono,CD16 Mono
PBMC10k_TCCCAGTGTAGGCAAC-1,5509,Mono,CD16 Mono
PBMC10k_TCCCAGTGTCGTACTA-1,5511,CD4 T,CD4 Naive
PBMC10k_TCCCAGTGTGTCCCTT-1,5512,NK,NK
PBMC10k_TCCCAGTTCACGTAGT-1,5513,NK,NK
PBMC10k_TCCCATGGTCCTGGGT-1,5514,Mono,CD14 Mono
PBMC10k_TCCCATGGTGAAGCGT-1,5515,CD8 T,CD8 TEM
PBMC10k_TCCCATGGTGTCTTCC-1,5517,Mono,CD14 Mono
PBMC10k_TCCCATGTCATTTCCA-1,5518,NK,NK
PBMC10k_TCCCATGTCTTACCGC-1,5520,NK,NK
PBMC10k_TCCGAAAGTACATTGC-1,5523,NK,NK
PBMC10k_TCCGAAATCTGCTTAT-1,5527,CD8 T,CD8 Naive
PBMC10k_TCCGATCCATTGACTG-1,5529,B,B naive
PBMC10k_TCCGATCGTAGGGAGG-1,5530,CD4 T,CD4 Naive
PBMC10k_TCCGATCTCGAACCTA-1,5531,CD4 T,CD4 TEM
PBMC10k_TCCGATCTCGCAGATT-1,5532,B,B naive
PBMC10k_TCCGGGAAGCTACTGT-1,5533,CD4 T,CD4 TCM
PBMC10k_TCCGGGAAGTGCTCGC-1,5535,CD4 T,CD4 TCM
PBMC10k_TCCGGGACACCGCTGA-1,5537,other T,MAIT
PBMC10k_TCCGGGACAGCTTCCT-1,5538,CD4 T,Treg
PBMC10k_TCCGTGTGTAACATCC-1,5540,DC,cDC2
PBMC10k_TCCGTGTGTCCAGCGT-1,5541,NK,NK
PBMC10k_TCCGTGTGTTTGCAGT-1,5543,CD4 T,Treg
PBMC10k_TCCGTGTTCGAGTCCG-1,5544,B,B naive
PBMC10k_TCCTAATAGTCATACC-1,5546,CD4 T,CD4 Naive
PBMC10k_TCCTAATCAGCATTGT-1,5547,CD4 T,CD4 TCM
PBMC10k_TCCTAATCAGGTCAAG-1,5548,CD4 T,CD4 TCM
PBMC10k_TCCTAATCATACAGAA-1,5549,CD4 T,CD4 TCM
PBMC10k_TCCTAATGTCTTGTCC-1,5550,CD8 T,CD8 Naive
PBMC10k_TCCTCCCAGTATGGCG-1,5552,CD8 T,CD8 Naive
PBMC10k_TCCTCCCAGTCCCTAA-1,5553,CD8 T,CD8 TEM
PBMC10k_TCCTCCCAGTGGTTAA-1,5554,CD8 T,CD8 TEM
PBMC10k_TCCTCCCCACACCTAA-1,5555,other,Eryth
PBMC10k_TCCTCCCCAGAACCGA-1,5557,other,Eryth
PBMC10k_TCCTCCCCAGCAGAAC-1,5558,CD4 T,Treg
PBMC10k_TCCTCCCCATAAGATG-1,5559,Mono,CD14 Mono
PBMC10k_TCCTCGAAGACTACGG-1,5560,Mono,CD14 Mono
PBMC10k_TCCTCGACAAGAAACT-1,5563,B,B naive
PBMC10k_TCCTCGACACCCTCTA-1,5564,CD4 T,Treg
PBMC10k_TCCTCGAGTAATGCTC-1,5565,DC,cDC2
PBMC10k_TCCTCGATCACAAGGG-1,5567,Mono,CD14 Mono
PBMC10k_TCCTCGATCGAGCCTG-1,5568,Mono,CD14 Mono
PBMC10k_TCCTCGATCTAAGAAG-1,5569,B,B naive
PBMC10k_TCCTCTTAGGCTCCCA-1,5571,other,Eryth
PBMC10k_TCCTCTTAGTCATGAA-1,5572,CD4 T,CD4 TEM
PBMC10k_TCCTCTTCAATAACGA-1,5573,CD4 T,CD4 TCM
PBMC10k_TCCTCTTGTAATGCTC-1,5575,other T,dnT
PBMC10k_TCCTCTTTCGGTGTAT-1,5578,other,ILC
PBMC10k_TCCTGCAAGCTATCTG-1,5580,CD4 T,CD4 TEM
PBMC10k_TCCTGCAAGGCATGGT-1,5581,Mono,CD14 Mono
PBMC10k_TCCTGCAAGTGGTCAG-1,5582,CD4 T,Treg
PBMC10k_TCCTGCACACTACTTT-1,5583,B,B memory
PBMC10k_TCCTGCAGTTAAGTCC-1,5585,other,Eryth
PBMC10k_TCCTGCAGTTTGGGAG-1,5586,CD4 T,Treg
PBMC10k_TCCTGCATCCGCAGTG-1,5587,CD4 T,CD4 Naive
PBMC10k_TCCTTCTGTGGTACAG-1,5590,DC,pDC
PBMC10k_TCCTTCTTCAATCTTC-1,5591,CD8 T,CD8 TCM
PBMC10k_TCCTTTCGTGTTCCTC-1,5594,DC,cDC2
PBMC10k_TCGAACAAGCATATGA-1,5596,CD4 T,CD4 TCM
PBMC10k_TCGAACACACCCAATA-1,5597,CD4 T,CD4 Naive
PBMC10k_TCGAACATCACGTAGT-1,5598,CD4 T,CD4 TEM
PBMC10k_TCGAAGTAGGGTTTCT-1,5601,Mono,CD14 Mono
PBMC10k_TCGAAGTGTAATCAGA-1,5604,CD4 T,Treg
PBMC10k_TCGAAGTGTCCAGCCA-1,5605,other T,MAIT
PBMC10k_TCGACCTAGCTGACTT-1,5607,CD4 T,CD4 TCM
PBMC10k_TCGACCTCAGGCATGA-1,5612,other T,MAIT
PBMC10k_TCGACCTGTCTTGAAC-1,5614,other T,MAIT
PBMC10k_TCGACCTGTGTGTCCG-1,5616,CD8 T,CD8 Naive
PBMC10k_TCGACCTTCCATCAGA-1,5617,NK,NK
PBMC10k_TCGACCTTCTAGACAC-1,5618,CD4 T,Treg
PBMC10k_TCGACGGGTCCTCCAT-1,5620,NK,NK
PBMC10k_TCGACGGGTGTGAATA-1,5622,CD8 T,CD8 Naive
PBMC10k_TCGACGGTCGCTCATC-1,5624,Mono,CD14 Mono
PBMC10k_TCGACGGTCTGTAACG-1,5625,Mono,CD16 Mono
PBMC10k_TCGATTTAGCTCATAC-1,5627,NK,NK
PBMC10k_TCGATTTAGTGCCGAA-1,5628,Mono,CD14 Mono
PBMC10k_TCGATTTGTGGCCCAT-1,5632,Mono,CD14 Mono
PBMC10k_TCGCACTGTACTGTTG-1,5637,Mono,CD16 Mono
PBMC10k_TCGCACTGTTGACTGT-1,5639,CD4 T,CD4 TEM
PBMC10k_TCGCACTTCATCCTAT-1,5640,B,B naive
PBMC10k_TCGCACTTCGCGCTGA-1,5641,CD4 T,Treg
PBMC10k_TCGCACTTCGGACCAC-1,5642,NK,NK
PBMC10k_TCGCAGGAGTCTAGCT-1,5643,CD4 T,CD4 Naive
PBMC10k_TCGCAGGCACGGGTAA-1,5645,CD4 T,CD4 Naive
PBMC10k_TCGCAGGCAGAGACTG-1,5646,CD8 T,CD8 TCM
PBMC10k_TCGCAGGGTCATGCAT-1,5648,Mono,CD16 Mono
PBMC10k_TCGCAGGGTTAACCTG-1,5649,NK,NK
PBMC10k_TCGCAGGGTTTGGGAG-1,5650,CD4 T,CD4 Naive
PBMC10k_TCGCAGGTCTTACACT-1,5654,Mono,CD14 Mono
PBMC10k_TCGCTCAAGAGTCGAC-1,5655,CD4 T,CD4 TEM
PBMC10k_TCGCTCAAGCAGGTCA-1,5656,NK,NK
PBMC10k_TCGCTCACACCAGCCA-1,5658,other T,MAIT
PBMC10k_TCGCTCACATGTGTCA-1,5660,CD4 T,CD4 Naive
PBMC10k_TCGCTCAGTTCACGAT-1,5662,CD4 T,Treg
PBMC10k_TCGCTTGCAGTGACCC-1,5665,CD4 T,CD4 TCM
PBMC10k_TCGCTTGCATTAGGCT-1,5668,other T,MAIT
PBMC10k_TCGCTTGGTCGATTCA-1,5669,CD4 T,CD4 Naive
PBMC10k_TCGCTTGTCACTAGCA-1,5670,CD4 T,Treg
PBMC10k_TCGGATAAGCAGCACA-1,5672,B,B naive
PBMC10k_TCGGATAAGCTTTCCC-1,5673,CD4 T,CD4 TCM
PBMC10k_TCGGATAAGTATAGGT-1,5674,Mono,CD14 Mono
PBMC10k_TCGGATAGTTTATGCG-1,5677,B,B naive
PBMC10k_TCGGATATCCACACAA-1,5678,NK,NK
PBMC10k_TCGGGACAGGCATCGA-1,5679,Mono,CD14 Mono
PBMC10k_TCGGGACAGTGTACAA-1,5680,DC,pDC
PBMC10k_TCGGGACCACGGTGTC-1,5682,B,B naive
PBMC10k_TCGGGACCAGCTTCCT-1,5683,NK,NK
PBMC10k_TCGGGACGTACTAACC-1,5685,CD8 T,CD8 Naive
PBMC10k_TCGGGACGTCATTCCC-1,5686,other,Eryth
PBMC10k_TCGGGACTCTCGAGTA-1,5688,CD8 T,CD8 Naive
PBMC10k_TCGGGCACAAGTGTCT-1,5689,other,Eryth
PBMC10k_TCGGGCACACCGCTAG-1,5690,Mono,CD14 Mono
PBMC10k_TCGGGCACAGTGCGCT-1,5691,CD8 T,CD8 Proliferating
PBMC10k_TCGGGCAGTACGAGTG-1,5693,CD4 T,CD4 Naive
PBMC10k_TCGGGCAGTCACAATC-1,5694,CD4 T,Treg
PBMC10k_TCGGGCAGTCATCGCG-1,5695,Mono,CD16 Mono
PBMC10k_TCGGGCAGTTTAGTCG-1,5696,CD4 T,CD4 Naive
PBMC10k_TCGGGCATCTAGTACG-1,5699,Mono,CD14 Mono
PBMC10k_TCGGGCATCTATGTGG-1,5700,NK,NK
PBMC10k_TCGGGCATCTTCGTAT-1,5701,CD4 T,Treg
PBMC10k_TCGGGTGCACCTGAAT-1,5703,CD4 T,CD4 TCM
PBMC10k_TCGGGTGTCGACCACG-1,5707,other T,MAIT
PBMC10k_TCGGTCTAGAGCCTGA-1,5708,CD4 T,CD4 Naive
PBMC10k_TCGGTCTAGAGTTCGG-1,5709,Mono,CD14 Mono
PBMC10k_TCGGTCTCACGCGCTA-1,5711,NK,NK
PBMC10k_TCGGTCTCAGTTTCGA-1,5713,CD8 T,CD8 Naive
PBMC10k_TCGGTCTGTGGTGATG-1,5715,DC,cDC2
PBMC10k_TCGTAGAAGTCGAAGC-1,5721,Mono,CD14 Mono
PBMC10k_TCGTAGACACATAGCT-1,5722,other T,gdT
PBMC10k_TCGTAGAGTAGTTCCA-1,5724,NK,NK
PBMC10k_TCGTAGAGTGTTCGTA-1,5725,other T,dnT
PBMC10k_TCGTCCAAGGGAGGGT-1,5729,other T,MAIT
PBMC10k_TCGTCCAAGTTCCTGA-1,5730,B,B naive
PBMC10k_TCGTCCACAATGGCAG-1,5731,CD4 T,CD4 Naive
PBMC10k_TCGTCCACACATATGC-1,5732,NK,NK
PBMC10k_TCGTCCAGTCTCCTGT-1,5733,Mono,CD14 Mono
PBMC10k_TCGTCCAGTTCCATTT-1,5734,other,Eryth
PBMC10k_TCGTCCATCGGCATCG-1,5735,NK,NK
PBMC10k_TCGTCCATCTCTTCAA-1,5736,CD8 T,CD8 TEM
PBMC10k_TCGTGCTAGCGTCTCG-1,5737,other T,MAIT
PBMC10k_TCGTGCTCACGCTGCA-1,5738,CD4 T,Treg
PBMC10k_TCGTGCTGTAGTCGGA-1,5739,CD8 T,CD8 Naive
PBMC10k_TCGTGCTGTCAGGTAG-1,5740,CD4 T,Treg
PBMC10k_TCGTGCTTCATCACAG-1,5741,CD4 T,CD4 Naive
PBMC10k_TCGTGGGAGCTGGCCT-1,5745,CD8 T,CD8 TEM
PBMC10k_TCGTGGGAGGTGAGCT-1,5746,Mono,CD14 Mono
PBMC10k_TCGTGGGCATCGATGT-1,5748,CD8 T,CD8 TEM
PBMC10k_TCGTGGGGTCAATGGG-1,5749,Mono,CD14 Mono
PBMC10k_TCGTGGGGTGAGGCAT-1,5750,other T,dnT
PBMC10k_TCGTGGGGTTAGGAGC-1,5752,other T,dnT
PBMC10k_TCGTGGGTCGGCATTA-1,5753,CD4 T,CD4 TCM
PBMC10k_TCTAACTAGTAAGACT-1,5754,Mono,CD14 Mono
PBMC10k_TCTAACTCACTGCGAC-1,5756,CD4 T,CD4 Naive
PBMC10k_TCTAACTCAGAATCGG-1,5757,other,Eryth
PBMC10k_TCTAACTTCGTAGAGG-1,5760,other,Eryth
PBMC10k_TCTACATAGACCAGCA-1,5761,CD8 T,CD8 Naive
PBMC10k_TCTACATAGTTAACAG-1,5763,other T,MAIT
PBMC10k_TCTACATGTGACAGCA-1,5764,Mono,CD14 Mono
PBMC10k_TCTACCGAGAGTCACG-1,5766,NK,NK
PBMC10k_TCTACCGAGGGTAATT-1,5767,CD8 T,CD8 Naive
PBMC10k_TCTACCGCACAGTACT-1,5769,Mono,CD14 Mono
PBMC10k_TCTACCGTCCTACCAC-1,5771,CD4 T,CD4 TCM
PBMC10k_TCTACCGTCTGGAAGG-1,5772,B,B memory
PBMC10k_TCTACCGTCTTGTGCC-1,5773,Mono,CD14 Mono
PBMC10k_TCTATACAGGCCACTC-1,5775,NK,NK
PBMC10k_TCTATACGTGCCAAGA-1,5780,CD4 T,CD4 Naive
PBMC10k_TCTATCAAGCACTAAA-1,5782,NK,NK
PBMC10k_TCTATCAGTGCAACAG-1,5783,Mono,CD14 Mono
PBMC10k_TCTATCATCACAAGGG-1,5784,other T,gdT
PBMC10k_TCTCACGAGGTCCGAA-1,5786,Mono,CD14 Mono
PBMC10k_TCTCACGCATATGAAG-1,5788,NK,NK
PBMC10k_TCTCAGCAGCTGGTGA-1,5793,Mono,CD14 Mono
PBMC10k_TCTCAGCCAGCACAGA-1,5795,CD4 T,CD4 Naive
PBMC10k_TCTCAGCCAGTGTGGA-1,5796,CD8 T,CD8 Naive
PBMC10k_TCTCAGCCATCCGAAT-1,5797,CD4 T,CD4 TCM
PBMC10k_TCTCAGCGTCGATTCA-1,5799,CD4 T,Treg
PBMC10k_TCTCAGCGTTCCGGTG-1,5800,Mono,CD14 Mono
PBMC10k_TCTCAGCGTTGATGTC-1,5801,NK,NK
PBMC10k_TCTCAGCTCCCATTTA-1,5803,other T,MAIT
PBMC10k_TCTCCGAAGCCAAGTG-1,5804,CD4 T,CD4 TCM
PBMC10k_TCTCCGACACACCGCA-1,5805,Mono,CD14 Mono
PBMC10k_TCTCCGACAGGGAGAG-1,5806,Mono,CD16 Mono
PBMC10k_TCTCCGAGTCGGATTT-1,5809,Mono,CD14 Mono
PBMC10k_TCTCCGAGTGGCACTC-1,5810,Mono,CD14 Mono
PBMC10k_TCTCCGAGTTGCGGAA-1,5811,NK,NK
PBMC10k_TCTCTGGAGGTTATAG-1,5815,NK,NK
PBMC10k_TCTCTGGCATCAGCAT-1,5818,Mono,CD14 Mono
PBMC10k_TCTCTGGGTGCTCGTG-1,5820,Mono,CD14 Mono
PBMC10k_TCTGCCAAGCCGTTGC-1,5822,CD4 T,CD4 TCM
PBMC10k_TCTGCCAAGCGAGTAC-1,5823,Mono,CD14 Mono
PBMC10k_TCTGCCAGTAACAGTA-1,5824,NK,NK
PBMC10k_TCTGGCTAGGGAGGAC-1,5826,Mono,CD14 Mono
PBMC10k_TCTGTCGAGAGCGACT-1,5831,Mono,CD14 Mono
PBMC10k_TCTGTCGCATACCGTA-1,5834,CD4 T,CD4 CTL
PBMC10k_TCTGTCGGTTCACCGG-1,5835,other,Eryth
PBMC10k_TCTGTCGTCCGCTGTT-1,5836,CD4 T,CD4 TEM
PBMC10k_TCTGTCGTCCTACCGT-1,5837,CD4 T,CD4 Naive
PBMC10k_TCTGTCGTCTACCAGA-1,5838,Mono,CD14 Mono
PBMC10k_TCTTAGTAGAGAATCT-1,5839,DC,pDC
PBMC10k_TCTTAGTGTCGCTTAA-1,5841,Mono,CD16 Mono
PBMC10k_TCTTAGTTCACCCTTG-1,5842,CD8 T,CD8 TCM
PBMC10k_TCTTCCTGTCAATGGG-1,5847,other,Eryth
PBMC10k_TCTTCCTGTCGTACTA-1,5848,CD4 T,Treg
PBMC10k_TCTTCCTGTGGGCTTC-1,5849,other,Eryth
PBMC10k_TCTTCCTTCCGTGTGG-1,5851,NK,NK
PBMC10k_TCTTGCGAGACATATG-1,5853,CD8 T,CD8 TEM
PBMC10k_TCTTGCGCACTCCACT-1,5855,Mono,CD14 Mono
PBMC10k_TCTTGCGGTCTGTGAT-1,5858,CD4 T,CD4 TCM
PBMC10k_TCTTGCGGTGTCCTAA-1,5859,Mono,CD14 Mono
PBMC10k_TCTTTGAAGCGATGGT-1,5863,CD4 T,CD4 TCM
PBMC10k_TCTTTGACAGCCTATA-1,5865,B,B naive
PBMC10k_TCTTTGACAGGGACTA-1,5866,Mono,CD14 Mono
PBMC10k_TCTTTGAGTATCGTAC-1,5869,CD4 T,CD4 TCM
PBMC10k_TCTTTGAGTCGCTGCA-1,5870,other T,MAIT
PBMC10k_TCTTTGAGTTGCTCGG-1,5871,CD4 T,Treg
PBMC10k_TCTTTGATCGACGAGA-1,5872,CD8 T,CD8 Naive
PBMC10k_TGAACGTGTGACTCTA-1,5875,B,B memory
PBMC10k_TGAACGTTCTTCGACC-1,5876,Mono,CD16 Mono
PBMC10k_TGAATCGAGTGTCATC-1,5877,NK,NK_CD56bright
PBMC10k_TGAATCGGTCAGATTC-1,5878,CD4 T,CD4 TCM
PBMC10k_TGAATCGTCATCTCTA-1,5879,DC,pDC
PBMC10k_TGAATCGTCTTGCGCT-1,5881,Mono,CD14 Mono
PBMC10k_TGAATGCCAGACACCC-1,5883,CD8 T,CD8 Naive
PBMC10k_TGAATGCGTCACAGTT-1,5884,NK,NK
PBMC10k_TGACAGTCATCCGAGC-1,5888,NK,NK
PBMC10k_TGACAGTGTCACCGCA-1,5889,CD8 T,CD8 Naive
PBMC10k_TGACAGTTCACTTGGA-1,5890,CD4 T,CD4 Naive
PBMC10k_TGACAGTTCGACGCTG-1,5891,CD4 T,CD4 Naive
PBMC10k_TGACAGTTCTCGAGTA-1,5892,Mono,CD14 Mono
PBMC10k_TGACCCTCAAAGCTAA-1,5894,CD8 T,CD8 TEM
PBMC10k_TGACCCTCACGAGAAC-1,5896,Mono,CD16 Mono
PBMC10k_TGACCCTGTACTGCGC-1,5897,DC,cDC2
PBMC10k_TGACGCGAGGTGGTTG-1,5899,other T,MAIT
PBMC10k_TGACGCGCACAGTGTT-1,5901,CD8 T,CD8 TCM
PBMC10k_TGACGCGCACCGCTAG-1,5902,CD4 T,CD4 TEM
PBMC10k_TGACGCGTCCAGTGTA-1,5904,NK,NK
PBMC10k_TGACGCGTCTATTGTC-1,5905,B,B memory
PBMC10k_TGACTCCAGTCTCTGA-1,5906,other T,MAIT
PBMC10k_TGACTCCGTAACTAAG-1,5908,Mono,CD16 Mono
PBMC10k_TGACTCCGTTCACGAT-1,5909,Mono,CD14 Mono
PBMC10k_TGACTCCTCATTCGGA-1,5911,CD4 T,CD4 TCM
PBMC10k_TGAGACTAGCTAGCCC-1,5912,B,B memory
PBMC10k_TGAGACTCAACAGCCC-1,5914,CD8 T,CD8 Proliferating
PBMC10k_TGAGACTCAGCTTTGA-1,5918,Mono,CD14 Mono
PBMC10k_TGAGACTGTCCAGAAG-1,5919,Mono,CD14 Mono
PBMC10k_TGAGACTGTCTAACTG-1,5920,Mono,CD14 Mono
PBMC10k_TGAGACTGTGAACTAA-1,5921,other T,dnT
PBMC10k_TGAGACTGTGTCTTCC-1,5923,other T,MAIT
PBMC10k_TGAGACTTCCATTGTT-1,5925,CD4 T,CD4 Naive
PBMC10k_TGAGACTTCGGCGATC-1,5926,CD4 T,CD4 Naive
PBMC10k_TGAGACTTCTGAGAGG-1,5928,Mono,CD14 Mono
PBMC10k_TGAGACTTCTGGTGCG-1,5929,CD4 T,CD4 TEM
PBMC10k_TGAGACTTCTTGGATG-1,5930,NK,NK
PBMC10k_TGAGCATGTAGCTTGT-1,5935,CD8 T,CD8 TEM
PBMC10k_TGAGCATTCTACCTTA-1,5937,Mono,CD14 Mono
PBMC10k_TGAGCATTCTCGACGG-1,5938,Mono,CD14 Mono
PBMC10k_TGAGCGCAGGATTCCT-1,5939,B,B intermediate
PBMC10k_TGAGCGCCATTCATCT-1,5940,CD8 T,CD8 TEM
PBMC10k_TGAGGAGAGGAACTCG-1,5943,other T,gdT
PBMC10k_TGAGGAGCAACCGTAT-1,5945,CD4 T,CD4 Naive
PBMC10k_TGAGGAGCAATAACGA-1,5946,Mono,CD14 Mono
PBMC10k_TGAGGAGCACGTAGAG-1,5947,other,Eryth
PBMC10k_TGAGGGACAAACAGGC-1,5952,Mono,CD14 Mono
PBMC10k_TGAGGGACACACCAGC-1,5953,Mono,CD14 Mono
PBMC10k_TGAGGGACAGTCAGCC-1,5955,CD8 T,CD8 TEM
PBMC10k_TGAGGGACATCTCAAG-1,5956,Mono,CD14 Mono
PBMC10k_TGAGGGATCCACCTGT-1,5958,CD4 T,CD4 TEM
PBMC10k_TGAGGTTAGACGATAT-1,5960,Mono,CD16 Mono
PBMC10k_TGAGGTTCACCATTCC-1,5961,DC,cDC2
PBMC10k_TGAGGTTGTGCTCCGA-1,5962,B,B intermediate
PBMC10k_TGAGGTTTCACTGTTT-1,5963,NK,NK_CD56bright
PBMC10k_TGAGGTTTCTCGCCTA-1,5964,CD4 T,CD4 Naive
PBMC10k_TGAGTCAAGCTCGACC-1,5966,NK,NK Proliferating
PBMC10k_TGAGTCAGTGTTTCTT-1,5968,CD4 T,CD4 Naive
PBMC10k_TGAGTCAGTTCGCGTG-1,5969,CD4 T,Treg
PBMC10k_TGAGTCATCGGTTGTA-1,5970,Mono,CD14 Mono
PBMC10k_TGATCAGAGTCCTACA-1,5973,Mono,CD14 Mono
PBMC10k_TGATCAGAGTGCAAAT-1,5974,NK,NK
PBMC10k_TGATCAGCAATCAAGA-1,5975,NK,NK
PBMC10k_TGATCAGGTACAGAGC-1,5977,Mono,CD14 Mono
PBMC10k_TGATCTTAGTAAGCAT-1,5980,CD4 T,CD4 TEM
PBMC10k_TGATCTTAGTCAAGCG-1,5981,B,B memory
PBMC10k_TGATCTTAGTTTCTTC-1,5983,NK,NK
PBMC10k_TGATCTTCACCAAAGG-1,5984,CD4 T,CD4 Naive
PBMC10k_TGATCTTGTCCCGTGA-1,5985,other T,MAIT
PBMC10k_TGATCTTTCAGGGATG-1,5988,Mono,CD14 Mono
PBMC10k_TGATGCAAGCGGACAT-1,5989,NK,NK_CD56bright
PBMC10k_TGATGCACACAATTCG-1,5991,Mono,CD14 Mono
PBMC10k_TGATGCATCTGAATCG-1,5995,CD8 T,CD8 Naive
PBMC10k_TGATGGTAGTAGTCCT-1,5999,B,Plasmablast
PBMC10k_TGATGGTCATCGGTTA-1,6002,Mono,CD14 Mono
PBMC10k_TGATGGTGTATGTCCA-1,6004,CD4 T,Treg
PBMC10k_TGATGGTTCACTGGTA-1,6006,CD4 T,CD4 Naive
PBMC10k_TGATGGTTCAGAACCT-1,6007,NK,NK
PBMC10k_TGATGGTTCGTTCTAT-1,6009,other T,MAIT
PBMC10k_TGATTCTGTCCAACGC-1,6011,CD8 T,CD8 TEM
PBMC10k_TGATTCTGTTGCCTAA-1,6013,CD8 T,CD8 TEM
PBMC10k_TGATTCTTCCGTGTCT-1,6014,other T,gdT
PBMC10k_TGATTCTTCGAGTGGA-1,6015,CD4 T,CD4 Naive
PBMC10k_TGATTTCAGACATATG-1,6016,CD4 T,CD4 Naive
PBMC10k_TGATTTCAGCACACCC-1,6017,CD4 T,CD4 TCM
PBMC10k_TGATTTCAGCATGAAT-1,6018,NK,NK
PBMC10k_TGATTTCAGTGCACCC-1,6019,CD4 T,CD4 Naive
PBMC10k_TGATTTCTCCGTATGA-1,6022,other T,dnT
PBMC10k_TGATTTCTCGCCTATC-1,6023,Mono,CD14 Mono
PBMC10k_TGCACGGCAAATGGAT-1,6026,other T,gdT
PBMC10k_TGCACGGGTCATCGGC-1,6029,CD4 T,CD4 Naive
PBMC10k_TGCACGGGTCTCGCGA-1,6031,Mono,CD14 Mono
PBMC10k_TGCACGGTCTGGCTGG-1,6034,NK,NK
PBMC10k_TGCAGATAGAGCATTA-1,6035,Mono,CD14 Mono
PBMC10k_TGCAGATAGGCAGTCA-1,6036,NK,NK
PBMC10k_TGCAGATCACCTGATA-1,6038,NK,NK
PBMC10k_TGCAGATCATAATGAG-1,6039,NK,NK
PBMC10k_TGCAGATCATCCTTCG-1,6040,Mono,CD16 Mono
PBMC10k_TGCAGATTCAGACCGC-1,6041,CD4 T,CD4 Naive
PBMC10k_TGCAGGCAGCGAATGC-1,6044,NK,NK
PBMC10k_TGCAGGCAGCGGCTCT-1,6045,Mono,CD14 Mono
PBMC10k_TGCAGGCAGGTGATCG-1,6046,CD8 T,CD8 TEM
PBMC10k_TGCAGGCCATCCTAAG-1,6047,Mono,CD14 Mono
PBMC10k_TGCAGGCTCATCTACT-1,6048,CD8 T,CD8 Naive
PBMC10k_TGCAGTAAGATAGTGT-1,6051,CD4 T,CD4 TEM
PBMC10k_TGCAGTAAGGTAGGCT-1,6052,CD4 T,Treg
PBMC10k_TGCAGTACACAGCGCT-1,6053,CD4 T,CD4 TCM
PBMC10k_TGCAGTAGTTCGAGCC-1,6055,other T,MAIT
PBMC10k_TGCAGTATCGCGTTTC-1,6057,Mono,CD16 Mono
PBMC10k_TGCATCCCACTGAGGA-1,6061,CD4 T,CD4 Naive
PBMC10k_TGCATCCCAGCTCCTT-1,6062,CD4 T,CD4 Naive
PBMC10k_TGCATCCTCGCATGAT-1,6064,Mono,CD14 Mono
PBMC10k_TGCATGAGTGTCATCA-1,6065,CD4 T,CD4 Naive
PBMC10k_TGCATGATCGAGAATA-1,6066,B,B naive
PBMC10k_TGCCGAGAGGAGGGTG-1,6070,CD4 T,CD4 Naive
PBMC10k_TGCCGAGAGTAGTCCT-1,6071,Mono,CD14 Mono
PBMC10k_TGCCGAGTCCAGCACG-1,6073,other T,MAIT
PBMC10k_TGCCGAGTCGCTCATC-1,6074,other,ILC
PBMC10k_TGCGACGCAAGGAGTC-1,6077,CD4 T,CD4 TCM
PBMC10k_TGCGACGCACCGTCGA-1,6078,Mono,CD14 Mono
PBMC10k_TGCGACGGTACGAAAT-1,6080,Mono,CD14 Mono
PBMC10k_TGCGACGTCTCTATGT-1,6082,CD8 T,CD8 TEM
PBMC10k_TGCGATAAGAGTCGAC-1,6084,NK,NK
PBMC10k_TGCGATAAGGGCTAAC-1,6085,CD4 T,CD4 TEM
PBMC10k_TGCGATACACTGTCCT-1,6086,NK,NK
PBMC10k_TGCGATATCAAAGCCT-1,6088,NK,NK
PBMC10k_TGCGGCAGTCAAAGAT-1,6091,CD4 T,CD4 Naive
PBMC10k_TGCGGCATCCCGAGAC-1,6092,CD4 T,CD4 Naive
PBMC10k_TGCGGCATCTAAGAAG-1,6094,Mono,CD14 Mono
PBMC10k_TGCGGCATCTCTCGCA-1,6095,Mono,CD14 Mono
PBMC10k_TGCGGGTAGCGGATCA-1,6097,Mono,CD14 Mono
PBMC10k_TGCGGGTAGTGGATTA-1,6099,CD4 T,CD4 TEM
PBMC10k_TGCGGGTAGTGTTGAA-1,6100,CD8 T,CD8 TEM
PBMC10k_TGCGGGTTCTAGCCTC-1,6103,Mono,CD16 Mono
PBMC10k_TGCTCCAAGGCACGAT-1,6104,DC,ASDC
PBMC10k_TGCTCCACACAAGCCC-1,6107,other,Eryth
PBMC10k_TGCTCCACAGCAGATG-1,6108,CD4 T,CD4 TCM
PBMC10k_TGCTCCAGTCGCCTAG-1,6111,CD4 T,CD4 TCM
PBMC10k_TGCTCCAGTGCAGGAT-1,6112,CD4 T,CD4 Naive
PBMC10k_TGCTCCAGTTTCCAAG-1,6113,DC,pDC
PBMC10k_TGCTCCATCACGATAC-1,6115,CD4 T,CD4 Naive
PBMC10k_TGCTCGTGTATCGTAC-1,6120,other T,MAIT
PBMC10k_TGCTGAAAGGTGCATG-1,6122,CD4 T,CD4 TEM
PBMC10k_TGCTGAAAGTATAACG-1,6123,CD4 T,CD4 Naive
PBMC10k_TGCTTCGAGGCTTAAA-1,6127,Mono,CD14 Mono
PBMC10k_TGCTTCGTCGAGAAAT-1,6134,CD4 T,CD4 Proliferating
PBMC10k_TGCTTGCGTGTCTTAG-1,6136,NK,NK
PBMC10k_TGCTTGCGTTTACACG-1,6137,CD4 T,CD4 CTL
PBMC10k_TGCTTGCTCATGTCTT-1,6138,B,B naive
PBMC10k_TGCTTGCTCCAACCGG-1,6139,CD8 T,CD8 TEM
PBMC10k_TGCTTGCTCTGAGGTT-1,6140,other,Eryth
PBMC10k_TGGAACTCAACGACAG-1,6141,CD4 T,CD4 TEM
PBMC10k_TGGAACTCACGCTATA-1,6142,Mono,CD16 Mono
PBMC10k_TGGAACTCAGTTACCA-1,6144,CD4 T,CD4 TEM
PBMC10k_TGGAACTGTACAACGG-1,6146,Mono,CD14 Mono
PBMC10k_TGGAACTGTGTCTCCT-1,6148,other T,MAIT
PBMC10k_TGGAACTTCAGACATC-1,6149,CD8 T,CD8 TEM
PBMC10k_TGGAACTTCTCTTCAA-1,6150,Mono,CD14 Mono
PBMC10k_TGGAGAGGTTCAGCGC-1,6153,B,B naive
PBMC10k_TGGAGAGTCGTTTACT-1,6156,CD8 T,CD8 TCM
PBMC10k_TGGAGGAAGGCAGGGA-1,6157,NK,NK
PBMC10k_TGGAGGACAGAGTCAG-1,6159,CD4 T,CD4 TEM
PBMC10k_TGGAGGATCACGGACC-1,6160,CD8 T,CD8 TEM
PBMC10k_TGGAGGATCGCTCCTA-1,6163,CD8 T,CD8 TEM
PBMC10k_TGGAGGATCGTCTCAC-1,6164,Mono,CD14 Mono
PBMC10k_TGGATCAAGGCACTCC-1,6166,other,Eryth
PBMC10k_TGGATCACACGGTAGA-1,6167,CD4 T,CD4 TEM
PBMC10k_TGGATCAGTCCAAAGG-1,6168,CD4 T,CD4 Naive
PBMC10k_TGGATCATCTCTTGCG-1,6169,CD4 T,CD4 Naive
PBMC10k_TGGATGTAGGATACGC-1,6171,CD8 T,CD8 Naive
PBMC10k_TGGATGTCACCCTCTA-1,6173,Mono,CD14 Mono
PBMC10k_TGGATGTGTATGCTAC-1,6174,Mono,CD14 Mono
PBMC10k_TGGATGTTCAAGCTGT-1,6177,CD4 T,CD4 TCM
PBMC10k_TGGATGTTCACTAGCA-1,6178,Mono,CD14 Mono
PBMC10k_TGGCGTGAGACTGAGC-1,6179,other,Eryth
PBMC10k_TGGCGTGAGCGCCTAC-1,6180,CD4 T,CD4 TCM
PBMC10k_TGGCGTGCAAGGGTCA-1,6181,NK,NK
PBMC10k_TGGCGTGGTAACATCC-1,6183,Mono,CD14 Mono
PBMC10k_TGGGAAGAGCATTGAA-1,6187,other T,MAIT
PBMC10k_TGGGAAGAGTTCCGGC-1,6188,B,B naive
PBMC10k_TGGGAAGCACCAATTG-1,6190,CD4 T,CD4 Naive
PBMC10k_TGGGAGAAGTGGACTG-1,6192,CD4 T,Treg
PBMC10k_TGGGAGAGTTCCCACT-1,6194,other T,MAIT
PBMC10k_TGGGAGATCTGCCCTA-1,6199,CD4 T,CD4 Naive
PBMC10k_TGGGAGATCTTCTGGC-1,6200,CD4 T,Treg
PBMC10k_TGGGATTCAACGGTAG-1,6202,CD4 T,CD4 TCM
PBMC10k_TGGGATTCAATCTGCA-1,6203,other T,gdT
PBMC10k_TGGGATTCACACACGC-1,6204,CD4 T,CD4 TCM
PBMC10k_TGGGATTGTACGATCT-1,6207,CD4 T,CD4 TEM
PBMC10k_TGGGATTGTCGTCAGC-1,6208,CD8 T,CD8 TCM
PBMC10k_TGGGATTTCCGATCTC-1,6210,other,Eryth
PBMC10k_TGGGCGTAGAGCAGAA-1,6213,CD4 T,CD4 CTL
PBMC10k_TGGGCGTAGGTCCCTG-1,6214,NK,NK
PBMC10k_TGGGCGTGTAGACAAT-1,6216,other T,dnT
PBMC10k_TGGGCGTTCGTGTTCC-1,6218,Mono,CD14 Mono
PBMC10k_TGGGCTGAGGGCAACT-1,6220,other T,dnT
PBMC10k_TGGGCTGCAGACATCT-1,6221,CD8 T,CD8 Naive
PBMC10k_TGGGCTGGTAGCGTTT-1,6223,Mono,CD14 Mono
PBMC10k_TGGGCTGTCGGTAGGA-1,6225,NK,NK
PBMC10k_TGGGTTAGTGTATTGC-1,6228,CD4 T,CD4 Naive
PBMC10k_TGGGTTATCGAAGCCC-1,6229,Mono,CD14 Mono
PBMC10k_TGGTAGTAGACTGGGT-1,6235,NK,NK
PBMC10k_TGGTAGTAGTTACGAA-1,6237,Mono,CD14 Mono
PBMC10k_TGGTAGTCAGGAATCG-1,6238,CD4 T,CD4 Naive
PBMC10k_TGGTAGTCATCGGAGA-1,6239,CD4 T,CD4 TEM
PBMC10k_TGGTAGTGTAGCTTTG-1,6240,CD4 T,CD4 TCM
PBMC10k_TGGTAGTGTATGCAAA-1,6241,CD4 T,CD4 Naive
PBMC10k_TGGTAGTGTCGAAACG-1,6242,CD4 T,CD4 TCM
PBMC10k_TGGTAGTTCCAAGCAT-1,6243,NK,NK
PBMC10k_TGGTAGTTCGATTGAC-1,6244,other T,MAIT
PBMC10k_TGGTGATAGCCATGCC-1,6246,CD4 T,CD4 Naive
PBMC10k_TGGTGATAGGTATTGA-1,6247,Mono,CD14 Mono
PBMC10k_TGGTGATAGTGCTAGG-1,6249,CD4 T,CD4 TCM
PBMC10k_TGGTGATCAAGACCTT-1,6251,B,B intermediate
PBMC10k_TGGTGATTCAATCCGA-1,6255,CD4 T,CD4 Naive
PBMC10k_TGGTTAGAGACGCATG-1,6258,other,ILC
PBMC10k_TGGTTAGAGCATTTGC-1,6259,other,Eryth
PBMC10k_TGGTTAGAGGCCTTCG-1,6260,CD4 T,CD4 Naive
PBMC10k_TGGTTAGAGGTATTGA-1,6261,CD4 T,CD4 TCM
PBMC10k_TGGTTAGCACCCGTAG-1,6263,NK,NK
PBMC10k_TGGTTAGGTAGGTACG-1,6264,Mono,CD14 Mono
PBMC10k_TGGTTAGTCCTGTTGC-1,6268,CD4 T,CD4 TCM
PBMC10k_TGTAACGAGATGAAGG-1,6269,Mono,CD14 Mono
PBMC10k_TGTAACGAGATTGACA-1,6270,CD4 T,CD4 TCM
PBMC10k_TGTAACGAGTCATGCT-1,6272,B,B intermediate
PBMC10k_TGTAACGCAAGAGGCT-1,6274,CD4 T,CD4 Naive
PBMC10k_TGTAACGGTCAACCAT-1,6275,Mono,CD14 Mono
PBMC10k_TGTAACGGTTTGTGGT-1,6277,CD8 T,CD8 TEM
PBMC10k_TGTAACGTCGCAACAT-1,6278,Mono,CD14 Mono
PBMC10k_TGTAAGCAGCCTCTTC-1,6279,CD8 T,CD8 TEM
PBMC10k_TGTAAGCGTCTCTCCA-1,6280,CD4 T,CD4 TEM
PBMC10k_TGTACAGAGCACACAG-1,6281,DC,cDC2
PBMC10k_TGTACAGCAATAGGAT-1,6282,NK,NK
PBMC10k_TGTACAGCACCGTCGA-1,6283,Mono,CD16 Mono
PBMC10k_TGTACAGGTTACACAC-1,6284,other T,MAIT
PBMC10k_TGTACAGTCCATTCAT-1,6285,CD4 T,CD4 Proliferating
PBMC10k_TGTAGACAGATCCCGC-1,6289,B,B naive
PBMC10k_TGTAGACAGGTACAAT-1,6291,B,B naive
PBMC10k_TGTAGACCATATGAAG-1,6293,B,B naive
PBMC10k_TGTCAGAAGCCTGGAA-1,6297,Mono,CD14 Mono
PBMC10k_TGTCAGACACACGTGC-1,6300,other,Eryth
PBMC10k_TGTCCACAGTCAGCCC-1,6301,NK,NK
PBMC10k_TGTCCACAGTTCCAGT-1,6302,NK,NK
PBMC10k_TGTCCACTCTTGGGCG-1,6307,B,B memory
PBMC10k_TGTCCCAAGCGCCATC-1,6308,CD8 T,CD8 Naive
PBMC10k_TGTCCCATCCACAGGC-1,6310,DC,cDC2
PBMC10k_TGTCCCATCGGTAAGG-1,6312,CD8 T,CD8 TEM
PBMC10k_TGTCCTGAGAGGCCAT-1,6313,Mono,CD14 Mono
PBMC10k_TGTCCTGCAATCAAGA-1,6314,CD4 T,CD4 TCM
PBMC10k_TGTCCTGCAATCCAGT-1,6315,CD4 T,CD4 TCM
PBMC10k_TGTCCTGCAGGAATCG-1,6316,CD4 T,Treg
PBMC10k_TGTCCTGGTTATAGCC-1,6318,other T,MAIT
PBMC10k_TGTGAGTAGTCATGAA-1,6320,NK,NK
PBMC10k_TGTGAGTAGTGGACTG-1,6321,NK,NK
PBMC10k_TGTGAGTCACGTGAGA-1,6323,CD8 T,CD8 Naive
PBMC10k_TGTGAGTTCAGACCGC-1,6325,other,Eryth
PBMC10k_TGTGAGTTCCATCGTC-1,6326,CD8 T,CD8 Naive
PBMC10k_TGTGAGTTCGTTCATT-1,6327,CD4 T,CD4 TCM
PBMC10k_TGTGATGCAACTTGCA-1,6328,other T,MAIT
PBMC10k_TGTGATGCATAGGCGA-1,6330,CD4 T,CD4 Naive
PBMC10k_TGTGATGGTACATACC-1,6331,CD4 T,CD4 TEM
PBMC10k_TGTGATGGTCTGTAAC-1,6332,CD4 T,CD4 TCM
PBMC10k_TGTGATGGTTCCGCAG-1,6333,CD4 T,CD4 TCM
PBMC10k_TGTGCGGAGTGGATTA-1,6335,NK,NK
PBMC10k_TGTGCGGTCCGAAATC-1,6337,CD4 T,CD4 Naive
PBMC10k_TGTGGCGAGGGTATAT-1,6339,CD4 T,CD4 Naive
PBMC10k_TGTGGCGCACATTGTG-1,6340,NK,NK
PBMC10k_TGTGGCGGTACTCCCT-1,6341,NK,NK
PBMC10k_TGTGGCGTCATTGAGC-1,6342,CD4 T,CD4 TEM
PBMC10k_TGTGTGACAGAGCTAG-1,6344,Mono,CD14 Mono
PBMC10k_TGTGTGATCGCTAGCG-1,6345,CD4 T,CD4 Naive
PBMC10k_TGTTACTAGCTGAGTG-1,6346,CD4 T,CD4 Naive
PBMC10k_TGTTACTCAAACCGGA-1,6347,CD4 T,CD4 TCM
PBMC10k_TGTTACTCACGCGCAT-1,6348,Mono,CD16 Mono
PBMC10k_TGTTACTCAGCCTTCT-1,6349,DC,cDC2
PBMC10k_TGTTACTGTGAGGAAA-1,6350,NK,NK_CD56bright
PBMC10k_TGTTACTTCCGATAAC-1,6351,CD4 T,CD4 Naive
PBMC10k_TGTTACTTCGAGTCTA-1,6352,other,Eryth
PBMC10k_TGTTCATAGAGGTCAC-1,6353,Mono,CD14 Mono
PBMC10k_TGTTCATAGATGGTAT-1,6354,CD4 T,CD4 Naive
PBMC10k_TGTTCATTCCACTTCG-1,6356,Mono,CD14 Mono
PBMC10k_TGTTCATTCCATTCGC-1,6357,CD8 T,CD8 Naive
PBMC10k_TGTTCCGCACGATAGG-1,6358,B,B naive
PBMC10k_TGTTCCGGTCTGCCTT-1,6361,NK,NK
PBMC10k_TGTTCCGGTTTGACAC-1,6364,CD4 T,CD4 Naive
PBMC10k_TGTTCCGTCTTGGAAC-1,6365,CD4 T,CD4 TCM
PBMC10k_TGTTCTAAGTGTTGTC-1,6367,NK,NK
PBMC10k_TGTTGAGAGATTGCGG-1,6370,CD8 T,CD8 TCM
PBMC10k_TGTTGAGAGCACGTCC-1,6371,B,B naive
PBMC10k_TGTTGAGAGGTATCTC-1,6372,Mono,CD14 Mono
PBMC10k_TGTTGAGAGTACTCGT-1,6373,other T,MAIT
PBMC10k_TGTTGAGCACATCCCT-1,6374,CD4 T,CD4 Naive
PBMC10k_TGTTGAGGTTGTCCCT-1,6377,CD4 T,CD4 Naive
PBMC10k_TGTTGGACAACTCGTA-1,6378,NK,NK
PBMC10k_TGTTGGAGTATCCTCC-1,6381,CD8 T,CD8 TCM
PBMC10k_TGTTGGAGTCAAAGCG-1,6382,Mono,CD14 Mono
PBMC10k_TGTTGGATCCACGTAA-1,6383,Mono,CD14 Mono
PBMC10k_TGTTGGATCCCGAGTG-1,6384,CD4 T,CD4 TEM
PBMC10k_TGTTTGTAGGCGCTTC-1,6386,CD8 T,CD8 Naive
PBMC10k_TGTTTGTGTACGGTTT-1,6387,CD8 T,CD8 Naive
PBMC10k_TGTTTGTGTAGCGTTT-1,6388,B,B naive
PBMC10k_TGTTTGTTCGCTCTAC-1,6390,CD4 T,CD4 Naive
PBMC10k_TTAATCCCAAGCGCTC-1,6392,CD4 T,CD4 TCM
PBMC10k_TTAATCCGTAGGACCA-1,6395,CD4 T,CD4 Naive
PBMC10k_TTAATCCGTCCGCAGT-1,6396,NK,NK
PBMC10k_TTAATCCGTTGTCATG-1,6397,NK,NK
PBMC10k_TTAATCCGTTTGGGAG-1,6398,NK,NK Proliferating
PBMC10k_TTAATCCTCATTATCC-1,6400,CD4 T,Treg
PBMC10k_TTAATCCTCGACTCCT-1,6401,other T,MAIT
PBMC10k_TTACAGGGTATTGAGA-1,6404,NK,NK
PBMC10k_TTACAGGTCAACACGT-1,6406,B,B memory
PBMC10k_TTACAGGTCAAGAGGC-1,6407,CD4 T,CD4 Naive
PBMC10k_TTACAGGTCATTTGGG-1,6408,other T,dnT
PBMC10k_TTACAGGTCCACATAG-1,6409,NK,NK
PBMC10k_TTACAGGTCCGCCTAT-1,6410,Mono,CD14 Mono
PBMC10k_TTACCATAGACAGTCG-1,6413,CD4 T,CD4 TEM
PBMC10k_TTACCATCAAATGATG-1,6416,other,ILC
PBMC10k_TTACCATGTAGGTTTC-1,6418,CD4 T,CD4 TCM
PBMC10k_TTACCATTCCGACATA-1,6421,other,Eryth
PBMC10k_TTACCATTCGGTCACG-1,6422,CD8 T,CD8 TEM
PBMC10k_TTACCATTCTACGGGC-1,6423,Mono,CD14 Mono
PBMC10k_TTACCGCAGATAGTCA-1,6424,Mono,CD14 Mono
PBMC10k_TTACCGCAGTGTTCCA-1,6425,DC,cDC2
PBMC10k_TTACCGCCACAATGAA-1,6426,other,Eryth
PBMC10k_TTACCGCCACCGGAAA-1,6427,Mono,CD14 Mono
PBMC10k_TTACCGCGTGGTACAG-1,6429,NK,NK
PBMC10k_TTACGCCTCAGTGTCA-1,6432,B,B memory
PBMC10k_TTACGCCTCCTCTGCA-1,6433,Mono,CD14 Mono
PBMC10k_TTACGCCTCGTAACTG-1,6434,NK,NK
PBMC10k_TTACGCCTCTAGCCTC-1,6435,CD4 T,CD4 TCM
PBMC10k_TTACGTTAGGAACATT-1,6438,CD4 T,CD4 Naive
PBMC10k_TTACTGTCAAGTGGCA-1,6441,NK,NK Proliferating
PBMC10k_TTACTGTCACCCTATC-1,6442,other T,dnT
PBMC10k_TTACTGTCACTCATAG-1,6443,other T,dnT
PBMC10k_TTACTGTCAGAGTTGG-1,6444,CD4 T,CD4 TEM
PBMC10k_TTACTGTCAGATTTCG-1,6445,NK,NK
PBMC10k_TTACTGTCATGACAGG-1,6447,other T,MAIT
PBMC10k_TTACTGTGTACTGCGC-1,6448,CD4 T,CD4 Naive
PBMC10k_TTACTGTTCTCCCAAC-1,6450,CD8 T,CD8 TCM
PBMC10k_TTAGGCAAGGAGATAG-1,6451,NK,NK
PBMC10k_TTAGGCACAAACGGCA-1,6452,CD4 T,CD4 Naive
PBMC10k_TTAGGCACAGAAGCTG-1,6453,B,B intermediate
PBMC10k_TTAGGCACATTCAGCA-1,6455,CD4 T,CD4 TCM
PBMC10k_TTAGGCATCCTCTCGA-1,6456,CD8 T,CD8 TEM
PBMC10k_TTAGGCATCTCCATAT-1,6458,B,B intermediate
PBMC10k_TTAGGGTCACATTCTT-1,6459,NK,NK
PBMC10k_TTAGGGTCATGACGGA-1,6460,CD4 T,CD4 Naive
PBMC10k_TTAGGGTGTACCTAAC-1,6461,Mono,CD14 Mono
PBMC10k_TTAGGGTGTAGCTGCC-1,6462,CD4 T,CD4 TCM
PBMC10k_TTAGGGTGTTAAACCC-1,6464,CD4 T,CD4 TCM
PBMC10k_TTAGGGTTCGGCTGAC-1,6467,CD4 T,CD4 Naive
PBMC10k_TTAGTCTAGATTAGTG-1,6468,Mono,CD14 Mono
PBMC10k_TTAGTCTAGGTCCTGC-1,6470,CD4 T,Treg
PBMC10k_TTAGTCTAGGTGCATG-1,6471,CD4 T,CD4 TEM
PBMC10k_TTAGTCTCAAGAGAGA-1,6472,CD4 T,CD4 Naive
PBMC10k_TTAGTCTCATGAAGGC-1,6476,other T,MAIT
PBMC10k_TTAGTCTGTCCTTAAG-1,6477,Mono,CD14 Mono
PBMC10k_TTAGTCTGTCTGTGCG-1,6478,CD8 T,CD8 TEM
PBMC10k_TTATTGCAGCGTGAGT-1,6480,CD4 T,Treg
PBMC10k_TTATTGCCACATATCG-1,6482,Mono,CD14 Mono
PBMC10k_TTATTGCCACTGAATC-1,6483,Mono,CD14 Mono
PBMC10k_TTATTGCCAGTTGTCA-1,6484,B,B naive
PBMC10k_TTATTGCTCATGCATG-1,6485,other T,dnT
PBMC10k_TTCAATCAGGCGCTCT-1,6490,CD8 T,CD8 Naive
PBMC10k_TTCAATCAGGTTAAAC-1,6491,NK,NK
PBMC10k_TTCAATCCATTGAAGA-1,6492,CD8 T,CD8 TEM
PBMC10k_TTCAATCTCTCCCAAC-1,6495,CD4 T,CD4 TEM
PBMC10k_TTCACCGCAGCTGCCA-1,6498,other T,gdT
PBMC10k_TTCACGCCAGAACCGA-1,6501,NK,NK
PBMC10k_TTCACGCGTAGTCACT-1,6503,Mono,CD14 Mono
PBMC10k_TTCACGCGTCTCCCTA-1,6504,B,B naive
PBMC10k_TTCAGGACAGTGAGCA-1,6509,CD4 T,Treg
PBMC10k_TTCAGGAGTGTCACAT-1,6511,CD4 T,CD4 Naive
PBMC10k_TTCAGGATCGCTGACG-1,6512,CD8 T,CD8 TEM
PBMC10k_TTCATGTAGATAGCTA-1,6513,Mono,CD14 Mono
PBMC10k_TTCATGTAGATCACCT-1,6514,Mono,CD14 Mono
PBMC10k_TTCATGTCACTCCTTG-1,6515,NK,NK
PBMC10k_TTCATGTGTCATTCCC-1,6516,Mono,CD16 Mono
PBMC10k_TTCATGTGTTGGCCGT-1,6518,CD4 T,CD4 Naive
PBMC10k_TTCATGTTCTTGCAAG-1,6519,Mono,CD14 Mono
PBMC10k_TTCATTGAGCGTCAAG-1,6520,CD4 T,CD4 Naive
PBMC10k_TTCATTGAGCTAGCCC-1,6521,other,Eryth
PBMC10k_TTCATTGCAGCACGAA-1,6522,other T,MAIT
PBMC10k_TTCATTGTCGCTGTTC-1,6526,Mono,CD14 Mono
PBMC10k_TTCCAATCACGTCGGT-1,6528,B,B memory
PBMC10k_TTCCAATCATCGAAGG-1,6529,CD4 T,CD4 Naive
PBMC10k_TTCCACGTCCAATGCA-1,6532,other T,MAIT
PBMC10k_TTCCGGTAGGCTCACC-1,6534,CD4 T,CD4 Naive
PBMC10k_TTCCGGTCAAAGACTA-1,6536,NK,NK
PBMC10k_TTCCGGTCACAACGCC-1,6537,CD4 T,CD4 TCM
PBMC10k_TTCCGGTCAGCCCAGT-1,6538,CD4 T,CD4 TEM
PBMC10k_TTCCGGTGTCTGTGCG-1,6540,Mono,CD14 Mono
PBMC10k_TTCCGTGCAAGAGTAT-1,6543,other T,MAIT
PBMC10k_TTCCGTGCATGAGATA-1,6544,CD4 T,CD4 TEM
PBMC10k_TTCCGTGTCCATTTAC-1,6548,Mono,CD14 Mono
PBMC10k_TTCCGTGTCTCAGAAC-1,6550,Mono,CD14 Mono
PBMC10k_TTCCTAAAGCTAGAAT-1,6551,B,B naive
PBMC10k_TTCCTAAAGTTGGACG-1,6552,CD4 T,CD4 TCM
PBMC10k_TTCCTAAAGTTTCGAC-1,6553,other T,gdT
PBMC10k_TTCCTAAGTCAAATCC-1,6555,B,B memory
PBMC10k_TTCCTAAGTTCCCACT-1,6557,NK,NK
PBMC10k_TTCCTCTCATAGTCAC-1,6560,CD4 T,CD4 Naive
PBMC10k_TTCCTCTTCTACTCAT-1,6561,Mono,CD16 Mono
PBMC10k_TTCCTTCCAAAGGATT-1,6562,CD8 T,CD8 Naive
PBMC10k_TTCCTTCGTCCAACGC-1,6564,NK,NK
PBMC10k_TTCCTTCGTGCTCGTG-1,6565,NK,NK
PBMC10k_TTCCTTCGTGTGTCCG-1,6566,other,Eryth
PBMC10k_TTCCTTCTCAGCACCG-1,6567,NK,NK
PBMC10k_TTCGATTAGGGCCAAT-1,6569,CD8 T,CD8 Naive
PBMC10k_TTCGATTCACGGCTAC-1,6570,CD4 T,CD4 TEM
PBMC10k_TTCGATTCAGGCACTC-1,6571,CD4 T,CD4 TCM
PBMC10k_TTCGATTGTTCCAGGC-1,6573,NK,NK
PBMC10k_TTCGATTTCAGGGTAG-1,6574,CD4 T,CD4 TCM
PBMC10k_TTCGCTGCACACCTTC-1,6576,CD8 T,CD8 Proliferating
PBMC10k_TTCGCTGCACGAAGAC-1,6577,CD8 T,CD8 Naive
PBMC10k_TTCGCTGCAGGTGGAT-1,6578,Mono,CD14 Mono
PBMC10k_TTCGCTGTCCATTGTT-1,6583,CD8 T,CD8 TEM
PBMC10k_TTCGCTGTCTCGGCTT-1,6585,other T,MAIT
PBMC10k_TTCGGTCGTGTCCGGT-1,6587,CD4 T,CD4 TCM
PBMC10k_TTCTAACAGCAACAAT-1,6588,NK,NK_CD56bright
PBMC10k_TTCTAACCAAACAGGC-1,6590,Mono,CD14 Mono
PBMC10k_TTCTAACCATACCGTA-1,6592,Mono,CD14 Mono
PBMC10k_TTCTAACCATCCTAAG-1,6593,CD4 T,CD4 Naive
PBMC10k_TTCTAACGTACCAGAG-1,6594,DC,cDC2
PBMC10k_TTCTAACGTCATCAGT-1,6596,other T,MAIT
PBMC10k_TTCTAACGTCTGGTTA-1,6597,CD4 T,CD4 TEM
PBMC10k_TTCTAACTCCAGTGTA-1,6598,CD8 T,CD8 TEM
PBMC10k_TTCTAGTAGACCATGG-1,6599,CD4 T,CD4 TEM
PBMC10k_TTCTAGTAGTGTGTTC-1,6600,CD8 T,CD8 Naive
PBMC10k_TTCTAGTCACCTCTAC-1,6602,other,Eryth
PBMC10k_TTCTAGTCAGTATGAA-1,6603,other,Eryth
PBMC10k_TTCTAGTGTCAAAGAT-1,6604,CD8 T,CD8 TEM
PBMC10k_TTCTAGTTCTGAGAAA-1,6609,CD8 T,CD8 TEM
PBMC10k_TTCTAGTTCTTAGCTT-1,6610,CD8 T,CD8 Naive
PBMC10k_TTCTCTCAGGGCAGAG-1,6611,CD4 T,CD4 TCM
PBMC10k_TTCTCTCAGTGCAAAT-1,6612,CD4 T,Treg
PBMC10k_TTCTCTCCATATCTCT-1,6613,CD4 T,CD4 Naive
PBMC10k_TTCTCTCTCTTTCTAG-1,6616,CD8 T,CD8 TCM
PBMC10k_TTCTGTAAGGAAAGTG-1,6619,other T,dnT
PBMC10k_TTCTGTAAGGCATGCA-1,6620,Mono,CD14 Mono
PBMC10k_TTCTGTACAATGTCTG-1,6621,CD4 T,CD4 Naive
PBMC10k_TTCTTCCGTCGTACAT-1,6623,Mono,CD16 Mono
PBMC10k_TTCTTCCTCATGCCGG-1,6625,B,B memory
PBMC10k_TTCTTCCTCTAGCCTC-1,6626,CD8 T,CD8 TCM
PBMC10k_TTCTTCCTCTGGGCGT-1,6628,B,B naive
PBMC10k_TTCTTGACAGCACAGA-1,6630,other T,dnT
PBMC10k_TTCTTGACAGCTTTCC-1,6631,CD4 T,CD4 Naive
PBMC10k_TTCTTGAGTACAAGTA-1,6632,CD4 T,CD4 Naive
PBMC10k_TTCTTGAGTCCCAAAT-1,6633,CD4 T,Treg
PBMC10k_TTCTTGATCAGTGTGT-1,6634,NK,NK
PBMC10k_TTGAACGGTGGCGCTT-1,6636,CD4 T,CD4 TCM
PBMC10k_TTGAACGTCCGATGTA-1,6637,B,B memory
PBMC10k_TTGAACGTCCTCTGCA-1,6638,CD8 T,CD8 TEM
PBMC10k_TTGAACGTCGCCGTGA-1,6639,B,B intermediate
PBMC10k_TTGACCCAGTCCGCGT-1,6641,Mono,CD14 Mono
PBMC10k_TTGAGTGTCGCCTAGG-1,6646,NK,NK
PBMC10k_TTGATGGCAAACTCTG-1,6648,NK,NK
PBMC10k_TTGATGGCACGATTCA-1,6649,CD4 T,CD4 Naive
PBMC10k_TTGATGGGTCGACTGC-1,6650,CD4 T,CD4 Naive
PBMC10k_TTGATGGGTCTACGTA-1,6651,CD4 T,CD4 Naive
PBMC10k_TTGATGGTCCATTCGC-1,6652,Mono,CD14 Mono
PBMC10k_TTGATGGTCGGCCAAC-1,6654,other T,MAIT
PBMC10k_TTGATGGTCTCTTAAC-1,6655,NK,NK
PBMC10k_TTGCATTAGACCGCCT-1,6656,NK,NK
PBMC10k_TTGCATTAGTGGTTGG-1,6657,Mono,CD14 Mono
PBMC10k_TTGCATTGTGAGTTTC-1,6661,CD4 T,CD4 Naive
PBMC10k_TTGCATTTCTATCGGA-1,6662,CD4 T,CD4 Naive
PBMC10k_TTGCCTGAGCACTAGG-1,6663,CD4 T,CD4 TCM
PBMC10k_TTGCCTGCACCCGTAG-1,6665,CD4 T,CD4 TCM
PBMC10k_TTGCCTGGTACAAAGT-1,6667,CD4 T,CD4 Naive
PBMC10k_TTGCCTGGTCAAAGTA-1,6668,CD4 T,Treg
PBMC10k_TTGCCTGGTTAGGGTG-1,6669,CD8 T,CD8 Naive
PBMC10k_TTGCCTGTCGACGAGA-1,6670,Mono,CD14 Mono
PBMC10k_TTGCGTCCAGCTGTGC-1,6672,Mono,CD14 Mono
PBMC10k_TTGCGTCGTCGAAGCA-1,6674,CD8 T,CD8 TCM
PBMC10k_TTGCTGCCAAAGCACG-1,6675,CD4 T,CD4 Naive
PBMC10k_TTGCTGCGTCGCGTCA-1,6678,B,B memory
PBMC10k_TTGCTGCGTGCCGAAA-1,6679,B,B naive
PBMC10k_TTGCTGCTCAAGAATG-1,6680,DC,cDC2
PBMC10k_TTGCTGCTCACCTACC-1,6681,Mono,CD14 Mono
PBMC10k_TTGCTGCTCATGCTAG-1,6682,CD4 T,CD4 Naive
PBMC10k_TTGCTGCTCTGAATCG-1,6684,Mono,CD14 Mono
PBMC10k_TTGGATGAGATCCAAA-1,6685,CD8 T,CD8 Naive
PBMC10k_TTGGATGAGGCGTTGA-1,6687,CD4 T,CD4 TCM
PBMC10k_TTGGATGCACCGAATT-1,6689,NK,NK
PBMC10k_TTGGATGGTTCTCACC-1,6690,CD4 T,CD4 TCM
PBMC10k_TTGGATGTCACCCTTG-1,6691,other,HSPC
PBMC10k_TTGGATGTCTTCCACG-1,6693,Mono,CD14 Mono
PBMC10k_TTGGGATAGCGGATCA-1,6694,CD4 T,CD4 TCM
PBMC10k_TTGGGATAGTTTCAGC-1,6695,Mono,CD16 Mono
PBMC10k_TTGGGATGTATGTGTC-1,6698,CD4 T,CD4 Naive
PBMC10k_TTGGGCGCACTCACTC-1,6699,CD4 T,CD4 Naive
PBMC10k_TTGGGCGTCTGAATGC-1,6703,DC,cDC2
PBMC10k_TTGGGTAAGTCACAGG-1,6707,NK,NK
PBMC10k_TTGGGTAAGTGAGTTA-1,6708,CD8 T,CD8 Naive
PBMC10k_TTGGGTAAGTGTTCAC-1,6709,Mono,CD14 Mono
PBMC10k_TTGGGTACAGGCTATT-1,6710,CD4 T,CD4 TCM
PBMC10k_TTGGGTAGTGAATGAT-1,6711,NK,NK
PBMC10k_TTGGTTTAGACAACAT-1,6714,CD8 T,CD8 TEM
PBMC10k_TTGGTTTAGATTGAGT-1,6716,Mono,CD16 Mono
PBMC10k_TTGGTTTAGTGCTAGG-1,6718,B,B naive
PBMC10k_TTGGTTTCAACCGATT-1,6719,CD4 T,CD4 Naive
PBMC10k_TTGGTTTCAGGACTTT-1,6720,other T,MAIT
PBMC10k_TTGGTTTTCCTTCTTC-1,6721,NK,NK
PBMC10k_TTGTGGAAGACGACTG-1,6723,B,B naive
PBMC10k_TTGTGGAAGTCGCCCA-1,6724,Mono,CD14 Mono
PBMC10k_TTGTGGACAACGTAAA-1,6725,CD4 T,CD4 TEM
PBMC10k_TTGTGGATCATTCATC-1,6726,CD4 T,CD4 Naive
PBMC10k_TTGTGTTAGCAAGTGC-1,6729,Mono,CD14 Mono
PBMC10k_TTGTGTTCAGGGCTTC-1,6732,CD4 T,CD4 Naive
PBMC10k_TTGTGTTTCAGCATTG-1,6733,CD4 T,CD4 TCM
PBMC10k_TTGTGTTTCAGCCCAG-1,6734,DC,cDC1
PBMC10k_TTGTTCACAGCTCCTT-1,6736,B,B naive
PBMC10k_TTGTTCACATTCAGGT-1,6737,B,B naive
PBMC10k_TTGTTCAGTAGAGCTG-1,6738,CD4 T,CD4 TCM
PBMC10k_TTGTTCAGTAGATGTA-1,6739,Mono,CD16 Mono
PBMC10k_TTGTTCAGTTGGACCC-1,6740,CD4 T,Treg
PBMC10k_TTGTTGTAGTGTTCCA-1,6743,other T,MAIT
PBMC10k_TTGTTGTAGTTGTAGA-1,6744,CD4 T,CD4 Naive
PBMC10k_TTGTTGTGTATGAGAT-1,6745,NK,NK
PBMC10k_TTTACCAGTTAGTTCG-1,6752,CD4 T,CD4 Naive
PBMC10k_TTTACGTAGCATAGGC-1,6753,NK,NK
PBMC10k_TTTACGTAGCCTCTGG-1,6754,other T,MAIT
PBMC10k_TTTACGTCAATCTCTT-1,6755,B,B naive
PBMC10k_TTTACGTGTCTAGATC-1,6757,DC,pDC
PBMC10k_TTTACGTGTGCCCACA-1,6758,CD4 T,Treg
PBMC10k_TTTACGTGTTAAGGGC-1,6759,NK,NK
PBMC10k_TTTACGTTCGCGGTAC-1,6761,B,B naive
PBMC10k_TTTACTGCAATGTTGC-1,6764,other,ILC
PBMC10k_TTTACTGCAGAAATCA-1,6765,Mono,CD14 Mono
PBMC10k_TTTACTGCAGTTTGGT-1,6766,B,B naive
PBMC10k_TTTACTGGTATGGAAT-1,6768,Mono,CD14 Mono
PBMC10k_TTTACTGGTCGTGCCA-1,6769,NK,NK
PBMC10k_TTTACTGTCCTCACTG-1,6771,B,B naive
PBMC10k_TTTAGTCCAAGACAAT-1,6775,CD4 T,CD4 Naive
PBMC10k_TTTAGTCGTCCTACGG-1,6777,NK,NK
PBMC10k_TTTAGTCTCATGCCGG-1,6778,Mono,CD14 Mono
PBMC10k_TTTAGTCTCCCATACC-1,6779,NK,NK
PBMC10k_TTTAGTCTCTAAACGC-1,6780,Mono,CD14 Mono
PBMC10k_TTTATGCAGCCGTAAG-1,6781,Mono,CD14 Mono
PBMC10k_TTTATGCAGCTCGGCT-1,6782,CD8 T,CD8 TEM
PBMC10k_TTTATGCGTAGACGTG-1,6783,CD4 T,CD4 TCM
PBMC10k_TTTATGCGTTTCAGAC-1,6784,CD4 T,CD4 TEM
PBMC10k_TTTATGCTCCGACAGC-1,6785,other T,gdT
PBMC10k_TTTCACAAGAGGTATT-1,6787,Mono,CD14 Mono
PBMC10k_TTTCACAAGTACCCTA-1,6788,Mono,CD14 Mono
PBMC10k_TTTCACACACCAGTAT-1,6790,CD8 T,CD8 TCM
PBMC10k_TTTCAGTAGGCGATAC-1,6795,B,B memory
PBMC10k_TTTCAGTCAAACCACT-1,6796,CD4 T,CD4 Naive
PBMC10k_TTTCAGTCACGTGTGC-1,6797,other T,MAIT
PBMC10k_TTTCAGTGTGAATTGA-1,6798,other,Eryth
PBMC10k_TTTCAGTTCCACAAGT-1,6800,other T,gdT
PBMC10k_TTTCAGTTCGTGGGTC-1,6801,NK,NK
PBMC10k_TTTCATGAGCCTCGTG-1,6803,Mono,CD16 Mono
PBMC10k_TTTCATGCACGTAGTT-1,6804,NK,NK
PBMC10k_TTTCCTCCAAATGATG-1,6808,B,B intermediate
PBMC10k_TTTCCTCCACAAGTGG-1,6809,CD4 T,CD4 TEM
PBMC10k_TTTCCTCGTCTTGGTA-1,6810,CD8 T,CD8 TEM
PBMC10k_TTTCCTCGTTTACGAC-1,6811,other T,MAIT
PBMC10k_TTTCCTCTCGTGCACG-1,6813,other,Eryth
PBMC10k_TTTCGATGTTACACAC-1,6818,NK,NK
PBMC10k_TTTGACTAGAGCCCAA-1,6819,CD8 T,CD8 Naive
PBMC10k_TTTGACTAGGAAGTGA-1,6820,other,Platelet
PBMC10k_TTTGACTAGGTATCTC-1,6821,CD4 T,CD4 TEM
PBMC10k_TTTGACTCATGTGGTT-1,6822,B,B naive
PBMC10k_TTTGACTGTCCTCATC-1,6823,CD4 T,CD4 Naive
PBMC10k_TTTGACTGTCTGTTAG-1,6824,other T,MAIT
PBMC10k_TTTGATCGTAAGATAC-1,6828,other T,MAIT
PBMC10k_TTTGATCTCAAGCGTT-1,6829,CD4 T,CD4 Naive
PBMC10k_TTTGGAGAGAATCGTA-1,6831,CD4 T,Treg
PBMC10k_TTTGGAGCAACGGTAG-1,6832,CD4 T,Treg
PBMC10k_TTTGGAGCAATTCACG-1,6833,other,ILC
PBMC10k_TTTGGAGCAGCGTATT-1,6834,CD4 T,CD4 TCM
PBMC10k_TTTGGAGGTGGACTGA-1,6836,CD4 T,Treg
PBMC10k_TTTGGAGTCCAAGAGG-1,6838,B,B naive
PBMC10k_TTTGGAGTCTCTATGT-1,6840,CD4 T,Treg
PBMC10k_TTTGGTTAGTAGGGTC-1,6841,CD8 T,CD8 TEM
PBMC10k_TTTGGTTCAGAGTCAG-1,6842,Mono,CD14 Mono
PBMC10k_TTTGGTTGTCTTCAAG-1,6843,DC,cDC2
PBMC10k_TTTGGTTTCTAGGCCG-1,6846,CD4 T,CD4 Naive
PBMC10k_TTTGGTTTCTATTCGT-1,6847,CD4 T,CD4 Naive
PBMC10k_TTTGTTGCACGAAAGC-1,6849,Mono,CD14 Mono
PBMC10k_TTTGTTGGTCTCTCAC-1,6850,CD4 T,CD4 Naive
PBMC10k_TTTGTTGGTGGCCACT-1,6851,NK,NK
PBMC10k_TTTGTTGGTTGCATGT-1,6852,CD8 T,CD8 Naive
PBMC10k_TTTGTTGTCGTTCAGA-1,6854,CD4 T,CD4 TCM
