cell_id,source_row_index,cell_type_l1,cell_type_l2
PBMC10k_AAACCCAAGATTGTGA-1,0,Mono,CD14 Mono
PBMC10k_AAACCCAGTCGTCATA-1,4,NK,NK
PBMC10k_AAACCCAGTGCAAGAC-1,6,Mono,CD14 Mono
PBMC10k_AAACCCAGTGCATTTG-1,7,Mono,CD14 Mono
PBMC10k_AAACCCATCTCAACGA-1,9,CD4 T,CD4 Naive
PBMC10k_AAACGAACACGATTCA-1,12,CD4 T,CD4 TCM
PBMC10k_AAACGAAGTTGGGATG-1,15,CD4 T,Treg
PBMC10k_AAACGAATCAGAACCT-1,16,CD8 T,CD8 Naive
PBMC10k_AAACGCTAGACATAGT-1,17,other,Eryth
PBMC10k_AAACGCTCAGTTAAAG-1,20,Mono,CD14 Mono
PBMC10k_AAACGCTGTAGCACAG-1,21,CD4 T,CD4 Naive
PBMC10k_AAACGCTGTGCTATTG-1,22,CD8 T,CD8 Naive
PBMC10k_AAACGCTTCGGCCTTT-1,24,CD4 T,CD4 Naive
PBMC10k_AAAGAACCACTGTGAT-1,28,CD4 T,Treg
PBMC10k_AAAGAACGTAACGTTC-1,30,CD4 T,CD4 TCM
PBMC10k_AAAGGATAGAAGCGCT-1,32,CD4 T,CD4 Naive
PBMC10k_AAAGGATAGCAGTAAT-1,34,CD4 T,Treg
PBMC10k_AAAGGATAGCGTCTCG-1,35,CD8 T,CD8 Naive
PBMC10k_AAAGGATAGTCGCGAA-1,39,CD4 T,CD4 Naive
PBMC10k_AAAGGATCACCGAATT-1,42,CD4 T,CD4 Naive
PBMC10k_AAAGGATCATCATCTT-1,43,Mono,CD14 Mono
PBMC10k_AAAGGATGTATACAGA-1,45,CD4 T,CD4 TCM
PBMC10k_AAAGGGCAGCATGAAT-1,49,Mono,CD14 Mono
PBMC10k_AAAGGGCCATTGAGGG-1,50,CD4 T,CD4 Naive
PBMC10k_AAAGGGCGTATCGAGG-1,51,CD8 T,CD8 Proliferating
PBMC10k_AAAGGGCGTCCTATAG-1,52,CD4 T,CD4 TCM
PBMC10k_AAAGGGCGTGGCGTAA-1,53,CD4 T,CD4 TCM
PBMC10k_AAAGGGCTCGCCTAGG-1,54,other,Eryth
PBMC10k_AAAGGTAAGGTTAAAC-1,57,DC,cDC2
PBMC10k_AAAGGTACAACTGGTT-1,59,NK,NK
PBMC10k_AAAGGTAGTCTACGTA-1,61,CD4 T,CD4 Naive
PBMC10k_AAAGTCCCACGGCGTT-1,64,Mono,CD16 Mono
PBMC10k_AAAGTCCTCGGAACTT-1,66,DC,cDC2
PBMC10k_AAAGTGAAGAGCTGCA-1,70,CD8 T,CD8 Naive
PBMC10k_AAAGTGACACGTACAT-1,71,CD4 T,CD4 Naive
PBMC10k_AAAGTGACAGCGGTCT-1,72,CD4 T,CD4 Naive
PBMC10k_AAAGTGACATAACGGG-1,73,other,Eryth
PBMC10k_AAAGTGAGTCCAATCA-1,74,CD4 T,CD4 TCM
PBMC10k_AAAGTGAGTGGACCAA-1,75,CD4 T,CD4 TCM
PBMC10k_AAAGTGAGTTTGTTGG-1,76,Mono,CD14 Mono
PBMC10k_AAAGTGATCTGTCGCT-1,77,CD4 T,CD4 CTL
PBMC10k_AAATGGATCAATCAGC-1,78,CD4 T,CD4 Naive
PBMC10k_AAATGGATCCATCTGC-1,79,other T,MAIT
PBMC10k_AACAAAGCAATGTTGC-1,82,B,B memory
PBMC10k_AACAAAGTCACGGGCT-1,84,other,Eryth
PBMC10k_AACAACCAGAATCGAT-1,86,Mono,CD14 Mono
PBMC10k_AACAACCCAATTGCTG-1,87,CD4 T,CD4 Naive
PBMC10k_AACAACCTCATGAGTC-1,89,Mono,CD14 Mono
PBMC10k_AACAAGACATCGATGT-1,91,CD4 T,CD4 Naive
PBMC10k_AACAAGATCTGTCGTC-1,93,B,B intermediate
PBMC10k_AACACACAGGACAGTC-1,95,CD4 T,CD4 TEM
PBMC10k_AACACACAGGGAGTGG-1,96,CD4 T,CD4 TCM
PBMC10k_AACACACTCTGCGAGC-1,98,CD8 T,CD8 TEM
PBMC10k_AACAGGGAGAAACCCG-1,99,CD4 T,CD4 TEM
PBMC10k_AACAGGGAGCTGGCTC-1,100,CD4 T,CD4 TCM
PBMC10k_AACAGGGAGGTCACCC-1,101,Mono,CD14 Mono
PBMC10k_AACAGGGCACACCAGC-1,104,CD4 T,CD4 Naive
PBMC10k_AACAGGGCACCCTAAA-1,105,Mono,CD14 Mono
PBMC10k_AACAGGGCAGCTACTA-1,106,Mono,CD14 Mono
PBMC10k_AACAGGGGTCAACATC-1,107,Mono,CD14 Mono
PBMC10k_AACCAACAGCATGCAG-1,108,CD4 T,CD4 Naive
PBMC10k_AACCAACAGTATGACA-1,110,Mono,CD14 Mono
PBMC10k_AACCAACCACGACAAG-1,111,B,B intermediate
PBMC10k_AACCAACGTACTCGAT-1,112,Mono,CD14 Mono
PBMC10k_AACCACAAGGTAGATT-1,114,NK,NK_CD56bright
PBMC10k_AACCACACAGGTGACA-1,116,CD4 T,CD4 TCM
PBMC10k_AACCACAGTCTACGTA-1,118,NK,NK
PBMC10k_AACCATGTCCCAAGCG-1,126,CD4 T,CD4 TCM
PBMC10k_AACCATGTCCGCGATG-1,127,NK,NK
PBMC10k_AACCTGACATTGAAAG-1,132,NK,NK
PBMC10k_AACCTGAGTTTACGTG-1,133,Mono,CD14 Mono
PBMC10k_AACCTGATCCCATAGA-1,135,B,B naive
PBMC10k_AACCTGATCGGTAGAG-1,136,CD8 T,CD8 TEM
PBMC10k_AACCTTTCAATTGCAC-1,139,CD4 T,CD4 Naive
PBMC10k_AACCTTTCAGCGACCT-1,141,other T,dnT
PBMC10k_AACCTTTCAGTAGTGG-1,142,B,B naive
PBMC10k_AACCTTTGTAAGTCAA-1,143,NK,NK
PBMC10k_AACGAAAAGCTTGTGT-1,148,CD4 T,CD4 TCM
PBMC10k_AACGAAAAGGAACGTC-1,149,CD4 T,CD4 TEM
PBMC10k_AACGAAAAGTGGTTCT-1,150,Mono,CD14 Mono
PBMC10k_AACGAAACAATGTGGG-1,151,CD8 T,CD8 Naive
PBMC10k_AACGAAACACCATTCC-1,152,Mono,CD14 Mono
PBMC10k_AACGAAATCACCACAA-1,153,other T,dnT
PBMC10k_AACGAAATCTCCACTG-1,154,CD4 T,CD4 Naive
PBMC10k_AACGGGAAGCACGATG-1,156,CD8 T,CD8 Proliferating
PBMC10k_AACGGGACATGATCTG-1,159,CD4 T,CD4 Naive
PBMC10k_AACGGGACATTGTGCA-1,160,B,B intermediate
PBMC10k_AACGTCAAGAGTCAGC-1,163,Mono,CD14 Mono
PBMC10k_AACGTCATCGGCTGGT-1,167,other T,MAIT
PBMC10k_AACTTCTCATCGCTCT-1,169,other,Eryth
PBMC10k_AACTTCTGTACTGAGG-1,170,Mono,CD14 Mono
PBMC10k_AACTTCTTCTCGTGGG-1,172,CD8 T,CD8 TEM
PBMC10k_AACTTCTTCTCTTCAA-1,173,CD4 T,CD4 TCM
PBMC10k_AAGAACAAGTTACGAA-1,175,other,HSPC
PBMC10k_AAGAACAAGTTGAAAC-1,176,B,B memory
PBMC10k_AAGAACACAGCTACTA-1,178,CD4 T,CD4 TCM
PBMC10k_AAGAACACAGGCACAA-1,179,CD4 T,CD4 Naive
PBMC10k_AAGAACAGTCAGGAGT-1,180,CD8 T,CD8 TEM
PBMC10k_AAGAACATCAGAGTTC-1,182,Mono,CD14 Mono
PBMC10k_AAGAACATCCGGCTTT-1,183,Mono,CD14 Mono
PBMC10k_AAGACAAGTCTATGAC-1,185,Mono,CD14 Mono
PBMC10k_AAGACAATCTGCACCT-1,187,other T,dnT
PBMC10k_AAGACTCAGTATAGAC-1,189,NK,NK
PBMC10k_AAGACTCGTGGCTAGA-1,190,Mono,CD14 Mono
PBMC10k_AAGACTCGTTGACGGA-1,191,CD8 T,CD8 Naive
PBMC10k_AAGACTCTCACGTCCT-1,192,DC,cDC2
PBMC10k_AAGACTCTCATGAGGG-1,193,CD4 T,Treg
PBMC10k_AAGACTCTCCTACAAG-1,194,Mono,CD14 Mono
PBMC10k_AAGACTCTCGAGAACG-1,195,CD4 T,CD4 TCM
PBMC10k_AAGACTCTCTCTTAAC-1,197,other T,MAIT
PBMC10k_AAGATAGAGAAAGCGA-1,198,NK,NK_CD56bright
PBMC10k_AAGATAGAGCGAACTG-1,200,Mono,CD16 Mono
PBMC10k_AAGATAGGTGCCGGTT-1,202,NK,NK
PBMC10k_AAGATAGTCACTGCTC-1,204,CD4 T,CD4 TEM
PBMC10k_AAGATAGTCTCGCTTG-1,205,CD4 T,CD4 Naive
PBMC10k_AAGCATCAGTGGAATT-1,206,Mono,CD14 Mono
PBMC10k_AAGCATCGTCTAACTG-1,209,CD4 T,Treg
PBMC10k_AAGCATCTCGGAATTC-1,212,Mono,CD14 Mono
PBMC10k_AAGCATCTCTAACGCA-1,213,CD4 T,CD4 TCM
PBMC10k_AAGCCATCAGAGAGGG-1,216,Mono,CD14 Mono
PBMC10k_AAGCCATTCAAGAATG-1,218,other,ILC
PBMC10k_AAGCGAGAGGTAAGGA-1,219,Mono,CD14 Mono
PBMC10k_AAGCGAGCAGAGGTTG-1,221,Mono,CD14 Mono
PBMC10k_AAGCGAGCATTGTAGC-1,223,CD4 T,CD4 Naive
PBMC10k_AAGCGAGGTCCAGTTA-1,224,CD4 T,CD4 Naive
PBMC10k_AAGCGAGGTGGCTGAA-1,225,CD4 T,CD4 TEM
PBMC10k_AAGCGAGGTTATGTCG-1,226,NK,NK
PBMC10k_AAGCGAGTCCTGTTGC-1,228,Mono,CD14 Mono
PBMC10k_AAGCGAGTCTGAATCG-1,229,B,B memory
PBMC10k_AAGCGTTCAATGTGGG-1,231,NK,NK
PBMC10k_AAGCGTTGTGCCGAAA-1,234,Mono,CD14 Mono
PBMC10k_AAGCGTTTCAGACCGC-1,236,CD4 T,CD4 TEM
PBMC10k_AAGGAATAGCGAGTCA-1,237,CD4 T,CD4 TCM
PBMC10k_AAGGAATCAGTTAGAA-1,238,other T,MAIT
PBMC10k_AAGGAATTCGACCACG-1,239,CD4 T,CD4 TEM
PBMC10k_AAGGAATTCTCCAATT-1,240,CD8 T,CD8 TEM
PBMC10k_AAGGTAACACATGAAA-1,242,CD4 T,CD4 Naive
PBMC10k_AAGGTAAGTTCAGGTT-1,244,CD8 T,CD8 Proliferating
PBMC10k_AAGGTAATCAACTGAC-1,245,Mono,CD16 Mono
PBMC10k_AAGGTAATCTTCGCTG-1,246,CD8 T,CD8 Naive
PBMC10k_AAGTACCAGTCTCTGA-1,249,B,B memory
PBMC10k_AAGTCGTAGCACCAGA-1,253,CD4 T,CD4 TCM
PBMC10k_AAGTCGTCACTCCCTA-1,255,B,B naive
PBMC10k_AAGTCGTGTACCGGCT-1,257,Mono,CD14 Mono
PBMC10k_AAGTCGTGTGCAGATG-1,258,Mono,CD16 Mono
PBMC10k_AAGTCGTTCCATACAG-1,260,NK,NK
PBMC10k_AAGTGAAGTACTTCCC-1,263,Mono,CD14 Mono
PBMC10k_AAGTTCGCAGTTGTCA-1,267,Mono,CD14 Mono
PBMC10k_AAGTTCGGTCGTGGTC-1,268,CD4 T,CD4 Naive
PBMC10k_AAGTTCGGTGCAATGG-1,269,CD4 T,CD4 TCM
PBMC10k_AAGTTCGGTGCGTTTA-1,270,CD4 T,CD4 TEM
PBMC10k_AATAGAGAGAGGGTGG-1,273,CD8 T,CD8 TEM
PBMC10k_AATAGAGCAGCAGTAG-1,275,DC,cDC2
PBMC10k_AATAGAGTCCCGAGAC-1,276,CD4 T,CD4 Naive
PBMC10k_AATCACGAGACATCAA-1,277,NK,NK
PBMC10k_AATCACGAGGAAAGGT-1,278,CD4 T,CD4 Naive
PBMC10k_AATCACGGTGCATGAG-1,279,other T,MAIT
PBMC10k_AATCACGGTTGGAGGT-1,280,CD4 T,CD4 TCM
PBMC10k_AATCACGTCAGTGCGC-1,281,Mono,CD14 Mono
PBMC10k_AATCACGTCCGGCAGT-1,282,Mono,CD14 Mono
PBMC10k_AATCACGTCTGGGCCA-1,284,Mono,CD14 Mono
PBMC10k_AATCGACAGCAGGTCA-1,286,CD4 T,CD4 Naive
PBMC10k_AATCGACCACCTGAAT-1,288,NK,NK
PBMC10k_AATCGACCAGGGAATC-1,291,CD8 T,CD8 Naive
PBMC10k_AATCGACGTGCAGGAT-1,292,other,Eryth
PBMC10k_AATCGACGTGTGCTTA-1,293,CD4 T,CD4 Naive
PBMC10k_AATCGACTCGAAACAA-1,294,CD4 T,CD4 Naive
PBMC10k_AATCGACTCTATACTC-1,295,CD4 T,CD4 Naive
PBMC10k_AATCGTGAGGGACACT-1,296,other,ILC
PBMC10k_AATCGTGTCCCAATAG-1,297,other T,dnT
PBMC10k_AATGAAGAGGCTCAAG-1,299,CD4 T,CD4 TEM
PBMC10k_AATGAAGAGTGTTGAA-1,300,CD4 T,CD4 TCM
PBMC10k_AATGAAGGTGTTAAAG-1,302,other,Eryth
PBMC10k_AATGACCGTCCAATCA-1,306,CD4 T,CD4 TCM
PBMC10k_AATGACCGTCTACATG-1,307,other T,MAIT
PBMC10k_AATGACCGTTAAGGGC-1,308,Mono,CD14 Mono
PBMC10k_AATGACCGTTAGCGGA-1,309,NK,NK
PBMC10k_AATGACCTCATCGCCT-1,311,B,B naive
PBMC10k_AATGCCAAGCTAAACA-1,312,CD4 T,CD4 TCM
PBMC10k_AATGCCAAGTTCAACC-1,313,B,B naive
PBMC10k_AATGCCACAACGAGGT-1,314,CD4 T,CD4 Naive
PBMC10k_AATGCCACAAGACAAT-1,315,B,B naive
PBMC10k_AATGCCAGTGTATTCG-1,317,CD4 T,CD4 TCM
PBMC10k_AATGCCATCCAAGCTA-1,318,Mono,CD14 Mono
PBMC10k_AATGCCATCTCTCTAA-1,319,other T,MAIT
PBMC10k_AATGGAAAGCGTTGTT-1,321,NK,NK
PBMC10k_AATGGAAAGTAGACAT-1,322,Mono,CD14 Mono
PBMC10k_AATGGAAAGTCACTGT-1,323,Mono,CD14 Mono
PBMC10k_AATGGAACACAAGGTG-1,324,CD8 T,CD8 TEM
PBMC10k_AATGGAACAGCATGCC-1,325,Mono,CD14 Mono
PBMC10k_AATGGAACAGGCACTC-1,326,CD4 T,CD4 TCM
PBMC10k_AATGGAATCAGACAAA-1,327,DC,pDC
PBMC10k_AATGGAATCCACAGGC-1,328,other,Eryth
PBMC10k_AATGGCTGTTCTCAGA-1,331,Mono,CD14 Mono
PBMC10k_AATGGCTTCCACTTCG-1,332,Mono,CD14 Mono
PBMC10k_AATTCCTAGTAGTGCG-1,336,NK,NK
PBMC10k_AATTCCTCAGAGATGC-1,337,Mono,CD14 Mono
PBMC10k_AATTCCTCAGGGTCTC-1,338,CD4 T,CD4 Naive
PBMC10k_AATTCCTCATCCGTTC-1,340,Mono,CD14 Mono
PBMC10k_AATTCCTGTGGTCTAT-1,341,CD4 T,CD4 Naive
PBMC10k_AATTCCTTCAGCGCGT-1,342,CD8 T,CD8 TEM
PBMC10k_AATTCCTTCATTTGTC-1,344,CD4 T,CD4 TCM
PBMC10k_AATTTCCCAAGATTGA-1,345,other T,MAIT
PBMC10k_ACAAAGAAGTCATAGA-1,351,Mono,CD14 Mono
PBMC10k_ACAAAGACACACAGAG-1,353,Mono,CD14 Mono
PBMC10k_ACAAAGACACTACCGG-1,354,NK,NK
PBMC10k_ACAAAGAGTTAGGCCC-1,357,CD4 T,CD4 TEM
PBMC10k_ACAAAGATCGAAACAA-1,358,Mono,CD14 Mono
PBMC10k_ACAACCAAGTTGAAGT-1,359,CD4 T,CD4 TCM
PBMC10k_ACAACCACAACCGATT-1,361,Mono,CD14 Mono
PBMC10k_ACAACCACATGACACT-1,364,CD4 T,CD4 TEM
PBMC10k_ACAACCAGTCGAGCTC-1,365,Mono,CD14 Mono
PBMC10k_ACAAGCTCAGGGATAC-1,369,CD8 T,CD8 TEM
PBMC10k_ACAAGCTTCACTACGA-1,372,CD4 T,CD4 TCM
PBMC10k_ACAAGCTTCGAACACT-1,373,CD8 T,CD8 Naive
PBMC10k_ACACAGTAGTTACGGG-1,376,CD4 T,CD4 TCM
PBMC10k_ACACAGTCAGTTTCGA-1,377,other T,dnT
PBMC10k_ACACAGTTCGGTTAGT-1,380,CD8 T,CD8 Naive
PBMC10k_ACACCAAAGACTACGG-1,381,CD8 T,CD8 Naive
PBMC10k_ACACCAAAGATGACAT-1,382,CD4 T,CD4 TCM
PBMC10k_ACACCAACACTGATTG-1,387,other,Eryth
PBMC10k_ACACCAATCCGAACGC-1,388,CD4 T,CD4 TCM
PBMC10k_ACACCAATCGCTGTTC-1,389,CD4 T,CD4 TCM
PBMC10k_ACACGCGCACTGGAAG-1,392,CD4 T,CD4 Naive
PBMC10k_ACACGCGCAGACCTAT-1,393,CD4 T,CD4 TCM
PBMC10k_ACACGCGCAGTAGTTC-1,394,Mono,CD14 Mono
PBMC10k_ACACGCGGTCAATCTG-1,395,CD8 T,CD8 Naive
PBMC10k_ACACGCGTCTTTCAGT-1,397,CD4 T,CD4 Naive
PBMC10k_ACACGCGTCTTTGGAG-1,398,Mono,CD14 Mono
PBMC10k_ACACTGAAGAAGCGAA-1,399,Mono,CD14 Mono
PBMC10k_ACACTGACATCATTGG-1,401,Mono,CD14 Mono
PBMC10k_ACACTGAGTTTGATCG-1,405,other,Eryth
PBMC10k_ACAGAAATCGGCGATC-1,410,DC,cDC2
PBMC10k_ACAGCCGAGAGTTGTA-1,411,other T,gdT
PBMC10k_ACAGCCGCAAAGGGTC-1,412,Mono,CD14 Mono
PBMC10k_ACAGCCGGTCCGTTTC-1,413,Mono,CD14 Mono
PBMC10k_ACAGCCGGTGCTGTCG-1,414,NK,NK
PBMC10k_ACAGCCGGTTGGGATG-1,415,NK,NK
PBMC10k_ACAGCCGTCCCTTCCC-1,416,CD4 T,CD4 TCM
PBMC10k_ACAGCCGTCCTATTTG-1,417,CD4 T,CD4 Naive
PBMC10k_ACAGCCGTCTCTGACC-1,418,B,B naive
PBMC10k_ACAGGGAAGACCATGG-1,419,CD8 T,CD8 TEM
PBMC10k_ACAGGGAGTACCCGCA-1,421,CD4 T,CD4 Naive
PBMC10k_ACAGGGATCCACCTGT-1,423,other T,MAIT
PBMC10k_ACATCCCCACAGTCAT-1,426,CD8 T,CD8 TEM
PBMC10k_ACATCCCCAGTGCCTG-1,428,Mono,CD14 Mono
PBMC10k_ACATCCCGTGGTACAG-1,431,Mono,CD14 Mono
PBMC10k_ACATCCCTCTGCCTGT-1,433,CD4 T,CD4 Naive
PBMC10k_ACATCGAAGAGGTCAC-1,434,B,B naive
PBMC10k_ACATCGAAGGTAACTA-1,435,Mono,CD14 Mono
PBMC10k_ACATCGACACCCTAGG-1,437,other,Eryth
PBMC10k_ACATCGACACGACAGA-1,438,NK,NK
PBMC10k_ACATCGATCGACGATT-1,440,other T,MAIT
PBMC10k_ACATGCAAGTTCTACG-1,442,Mono,CD14 Mono
PBMC10k_ACATGCACACTGGAAG-1,444,other T,MAIT
PBMC10k_ACATGCAGTATCACGT-1,447,NK,NK
PBMC10k_ACATTTCAGAGACAAG-1,448,CD4 T,CD4 Naive
PBMC10k_ACATTTCAGCGTGTCC-1,449,CD4 T,CD4 Naive
PBMC10k_ACATTTCGTATCGAAA-1,451,CD4 T,CD4 Naive
PBMC10k_ACATTTCTCACGAACT-1,452,Mono,CD14 Mono
PBMC10k_ACCAAACAGTCAGAGC-1,455,Mono,CD14 Mono
PBMC10k_ACCAAACCAGCCTATA-1,456,other,ILC
PBMC10k_ACCAAACCATGTTCAG-1,457,Mono,CD14 Mono
PBMC10k_ACCAACAAGACACACG-1,460,CD4 T,CD4 TEM
PBMC10k_ACCAACATCAGTCACA-1,462,CD4 T,CD4 Naive
PBMC10k_ACCAACATCATGGTAC-1,463,other T,MAIT
PBMC10k_ACCAACATCATTACTC-1,464,B,B naive
PBMC10k_ACCAACATCGTCGCTT-1,465,CD4 T,CD4 TEM
PBMC10k_ACCACAAAGACATAAC-1,466,CD8 T,CD8 Naive
PBMC10k_ACCACAACATGGCTAT-1,468,Mono,CD14 Mono
PBMC10k_ACCACAATCGTTCGCT-1,469,CD8 T,CD8 Naive
PBMC10k_ACCATTTAGTTCCAGT-1,471,Mono,CD14 Mono
PBMC10k_ACCATTTCAAGTCATC-1,472,CD4 T,CD4 Naive
PBMC10k_ACCATTTCATGCCGAC-1,473,NK,NK
PBMC10k_ACCATTTGTCGAATTC-1,475,other T,MAIT
PBMC10k_ACCATTTGTTCCGCTT-1,476,NK,NK
PBMC10k_ACCCAAACAATTGGTC-1,478,Mono,CD16 Mono
PBMC10k_ACCCAAACACAATTCG-1,479,other,ILC
PBMC10k_ACCCAAACAGCAAGAC-1,481,CD4 T,CD4 TCM
PBMC10k_ACCCAAAGTAGGACTG-1,482,Mono,CD14 Mono
PBMC10k_ACCCAAAGTTGCCGAC-1,483,Mono,CD14 Mono
PBMC10k_ACCCAAATCTCGCAGG-1,484,CD8 T,CD8 TEM
PBMC10k_ACCCTCAAGCTGAAAT-1,486,NK,NK
PBMC10k_ACCCTCACAGCAGAAC-1,487,CD4 T,CD4 Naive
PBMC10k_ACCCTCACATTCTTCA-1,488,DC,pDC
PBMC10k_ACCCTCATCTGGTTGA-1,491,DC,cDC1
PBMC10k_ACCCTCATCTTGGATG-1,492,CD8 T,CD8 Naive
PBMC10k_ACCCTTGAGATTGATG-1,493,Mono,CD14 Mono
PBMC10k_ACCCTTGAGTAGCCAG-1,497,CD4 T,CD4 TCM
PBMC10k_ACCCTTGCAAGTGGCA-1,498,CD8 T,CD8 TEM
PBMC10k_ACCCTTGTCAGCGTCG-1,499,Mono,CD14 Mono
PBMC10k_ACCGTTCGTACTGCGC-1,504,Mono,CD14 Mono
PBMC10k_ACCGTTCGTGCCTTCT-1,505,Mono,CD16 Mono
PBMC10k_ACCGTTCGTTCGAGCC-1,506,other T,MAIT
PBMC10k_ACCTACCAGCGTATGG-1,510,Mono,CD14 Mono
PBMC10k_ACCTACCAGGCTAACG-1,511,CD4 T,CD4 TCM
PBMC10k_ACCTACCCACGTATAC-1,513,other,Eryth
PBMC10k_ACCTACCGTACGATTC-1,515,CD4 T,CD4 TCM
PBMC10k_ACCTACCTCACCCTCA-1,518,other T,MAIT
PBMC10k_ACCTACCTCCCGATCT-1,519,other T,dnT
PBMC10k_ACCTGAAAGGCTCTCG-1,521,Mono,CD14 Mono
PBMC10k_ACCTGAAAGGGCATGT-1,522,other T,MAIT
PBMC10k_ACCTGAACATCTCAAG-1,523,CD4 T,CD4 TEM
PBMC10k_ACCTGTCAGGATTTGA-1,527,CD4 T,CD4 TCM
PBMC10k_ACCTGTCCAATATCCG-1,528,NK,NK
PBMC10k_ACCTGTCGTGATTCTG-1,532,Mono,CD14 Mono
PBMC10k_ACCTGTCGTGGATTTC-1,533,CD4 T,CD4 TCM
PBMC10k_ACCTGTCTCTCTATGT-1,535,CD4 T,CD4 CTL
PBMC10k_ACGATCAAGGGCAAGG-1,537,Mono,CD14 Mono
PBMC10k_ACGATCAAGTGGTTGG-1,539,CD4 T,CD4 Naive
PBMC10k_ACGATCACAGTTGGTT-1,540,CD8 T,CD8 TEM
PBMC10k_ACGATCACATCGATCA-1,541,NK,NK
PBMC10k_ACGATCACATTGACTG-1,542,CD4 T,CD4 TCM
PBMC10k_ACGATCAGTCGAAACG-1,543,CD4 T,CD4 Naive
PBMC10k_ACGATCATCTCGCAGG-1,545,CD4 T,CD4 Naive
PBMC10k_ACGATGTAGGTTTACC-1,546,Mono,CD14 Mono
PBMC10k_ACGATGTGTAGATTGA-1,549,CD4 T,CD4 TCM
PBMC10k_ACGATGTTCTTGTGCC-1,552,Mono,CD14 Mono
PBMC10k_ACGCACGAGAACCGCA-1,553,other T,MAIT
PBMC10k_ACGCACGAGACATAAC-1,554,Mono,CD14 Mono
PBMC10k_ACGCACGGTGCGTTTA-1,557,CD4 T,CD4 TCM
PBMC10k_ACGCACGTCAGATTGC-1,559,CD8 T,CD8 TEM
PBMC10k_ACGCACGTCTTGCAGA-1,560,B,B naive
PBMC10k_ACGGAAGAGACTCTAC-1,561,CD4 T,CD4 Naive
PBMC10k_ACGGAAGAGGTCTGGA-1,562,Mono,CD14 Mono
PBMC10k_ACGGAAGAGGTGCTAG-1,563,NK,NK
PBMC10k_ACGGAAGTCAACACCA-1,566,CD4 T,CD4 TEM
PBMC10k_ACGGAAGTCATGCGGC-1,567,CD4 T,Treg
PBMC10k_ACGGAAGTCGTGGAAG-1,568,DC,cDC2
PBMC10k_ACGGGTCCACTGTCGG-1,572,Mono,CD14 Mono
PBMC10k_ACGGGTCGTAACATAG-1,573,CD4 T,CD4 Naive
PBMC10k_ACGGGTCGTTACCCTC-1,575,CD4 T,CD4 TCM
PBMC10k_ACGGGTCTCGAGATAA-1,576,CD4 T,CD4 TEM
PBMC10k_ACGGGTCTCGCTGTTC-1,577,CD8 T,CD8 Proliferating
PBMC10k_ACGGTCGGTCTGTAAC-1,580,other,Eryth
PBMC10k_ACGGTCGGTTCGTTCC-1,581,CD4 T,CD4 TCM
PBMC10k_ACGGTTAAGTTCATGC-1,585,CD4 T,CD4 Naive
PBMC10k_ACGGTTACAACCGACC-1,586,Mono,CD14 Mono
PBMC10k_ACGGTTACACCACTGG-1,587,NK,NK
PBMC10k_ACGGTTACATACAGAA-1,588,Mono,CD16 Mono
PBMC10k_ACGGTTACATAGCACT-1,589,Mono,CD14 Mono
PBMC10k_ACGGTTAGTACGAGCA-1,590,CD4 T,CD4 TEM
PBMC10k_ACGGTTAGTAGCTCGC-1,591,CD8 T,CD8 TEM
PBMC10k_ACGGTTAGTGAATATG-1,592,B,B naive
PBMC10k_ACGTAACAGGACAAGA-1,593,CD8 T,CD8 Naive
PBMC10k_ACGTAACAGTCTAGAA-1,594,CD4 T,CD4 Naive
PBMC10k_ACGTAACCACCAACAT-1,595,CD4 T,Treg
PBMC10k_ACGTAACCACGATAGG-1,596,B,B naive
PBMC10k_ACGTAACTCACAAGGG-1,597,B,B memory
PBMC10k_ACGTACAAGCCTCAAT-1,599,Mono,CD14 Mono
PBMC10k_ACGTACAAGGATATAC-1,600,CD8 T,CD8 Naive
PBMC10k_ACGTACAAGGCTCTCG-1,601,other,Eryth
PBMC10k_ACGTACACAAGAGAGA-1,602,B,B naive
PBMC10k_ACGTACATCACAATGC-1,604,NK,NK
PBMC10k_ACGTAGTTCACCCATC-1,611,B,B naive
PBMC10k_ACGTCCTAGAACTTCC-1,612,Mono,CD14 Mono
PBMC10k_ACGTCCTAGGCTTTCA-1,613,NK,NK
PBMC10k_ACGTCCTCACCCTATC-1,615,CD4 T,CD4 Naive
PBMC10k_ACGTCCTCACCTGCGA-1,616,CD4 T,CD4 TCM
PBMC10k_ACGTCCTTCTTCGGAA-1,617,CD4 T,CD4 TCM
PBMC10k_ACGTTCCTCGGATAAA-1,619,other T,dnT
PBMC10k_ACTACGACAGCTGGTC-1,622,CD8 T,CD8 Naive
PBMC10k_ACTACGAGTGCCTTTC-1,625,B,B memory
PBMC10k_ACTACGAGTGGACCAA-1,626,NK,NK_CD56bright
PBMC10k_ACTACGAGTTCGTACA-1,627,CD4 T,CD4 Naive
PBMC10k_ACTACGATCCCGTGAG-1,628,CD4 T,CD4 Naive
PBMC10k_ACTACGATCGGACGTC-1,630,NK,NK Proliferating
PBMC10k_ACTATCTAGGAAAGTG-1,632,CD4 T,CD4 TCM
PBMC10k_ACTATCTCAAACCACT-1,633,Mono,CD16 Mono
PBMC10k_ACTATCTGTTCTCTCG-1,635,other,Eryth
PBMC10k_ACTATCTTCGGTCGGT-1,637,Mono,CD14 Mono
PBMC10k_ACTATCTTCGTCCTTG-1,638,NK,NK
PBMC10k_ACTATGGAGAGGCGGA-1,639,other T,dnT
PBMC10k_ACTATGGAGGGTGGGA-1,641,NK,NK
PBMC10k_ACTATGGGTAGATTGA-1,643,Mono,CD14 Mono
PBMC10k_ACTATGGGTGGCTAGA-1,644,NK,NK
PBMC10k_ACTATGGGTTTAGACC-1,646,CD8 T,CD8 TEM
PBMC10k_ACTATTCCAAATACGA-1,648,other T,dnT
PBMC10k_ACTATTCCAAGTGCTT-1,649,NK,NK
PBMC10k_ACTATTCTCCAACCAA-1,650,NK,NK
PBMC10k_ACTATTCTCCCTTCCC-1,651,other,Eryth
PBMC10k_ACTCCCACAAGTCATC-1,654,CD8 T,CD8 Naive
PBMC10k_ACTCCCACACTGGCCA-1,655,CD4 T,CD4 TCM
PBMC10k_ACTCCCAGTTAGAAAC-1,657,CD4 T,CD4 TEM
PBMC10k_ACTCTCGAGATTCGCT-1,659,DC,cDC2
PBMC10k_ACTCTCGAGCTGGAGT-1,660,CD8 T,CD8 Naive
PBMC10k_ACTCTCGCAAACACGG-1,662,B,B naive
PBMC10k_ACTCTCGCATCTCATT-1,665,NK,NK
PBMC10k_ACTGATGAGGGCCAAT-1,669,CD4 T,CD4 TEM
PBMC10k_ACTGCAAAGAGTCTTC-1,673,Mono,CD16 Mono
PBMC10k_ACTGCAACACGGCACT-1,675,NK,NK
PBMC10k_ACTGTCCCAACCGTGC-1,679,NK,NK
PBMC10k_ACTGTCCCAAGCAATA-1,680,Mono,CD14 Mono
PBMC10k_ACTGTCCCACAGTCAT-1,681,NK,NK
PBMC10k_ACTGTCCGTTTGAACC-1,683,Mono,CD14 Mono
PBMC10k_ACTGTCCTCGGAATGG-1,685,other,Eryth
PBMC10k_ACTGTGAAGACGATAT-1,686,CD4 T,CD4 Naive
PBMC10k_ACTGTGAAGATTGAGT-1,687,other,Eryth
PBMC10k_ACTGTGAGTATCAAGA-1,689,CD4 T,CD4 Naive
PBMC10k_ACTGTGATCGAATCCA-1,690,CD4 T,Treg
PBMC10k_ACTTAGGAGAACTCCT-1,694,CD4 T,CD4 Naive
PBMC10k_ACTTAGGAGAATTCAG-1,695,Mono,CD14 Mono
PBMC10k_ACTTAGGAGGAGCAAA-1,696,CD4 T,CD4 TEM
PBMC10k_ACTTAGGAGTGTTGAA-1,697,CD4 T,CD4 Naive
PBMC10k_ACTTAGGCAAGGCGTA-1,698,Mono,CD14 Mono
PBMC10k_ACTTAGGTCGTTCATT-1,700,CD4 T,CD4 Naive
PBMC10k_ACTTATCCAGAGTCAG-1,703,CD4 T,CD4 TCM
PBMC10k_ACTTATCTCTATGCCC-1,705,CD4 T,CD4 Naive
PBMC10k_ACTTCCGAGGCATCAG-1,707,B,B naive
PBMC10k_ACTTCCGCAAAGGGTC-1,709,Mono,CD16 Mono
PBMC10k_ACTTCGCAGACCGTTT-1,714,CD4 T,CD4 TEM
PBMC10k_ACTTCGCAGCTAGAAT-1,715,Mono,CD14 Mono
PBMC10k_ACTTCGCAGTCGAAAT-1,716,NK,NK
PBMC10k_ACTTCGCAGTGCGACA-1,717,Mono,CD14 Mono
PBMC10k_ACTTCGCGTTCGGCGT-1,720,CD8 T,CD8 Naive
PBMC10k_ACTTCGCTCTCCCATG-1,721,DC,cDC2
PBMC10k_ACTTTCAAGCCATGCC-1,723,B,B memory
PBMC10k_ACTTTCAAGGTCCTGC-1,725,Mono,CD14 Mono
PBMC10k_ACTTTCACAAGCACCC-1,726,B,B naive
PBMC10k_ACTTTCACAGTTCTAG-1,727,Mono,CD14 Mono
PBMC10k_ACTTTCAGTGTTAACC-1,729,DC,cDC2
PBMC10k_ACTTTCAGTTTGGCTA-1,730,CD4 T,Treg
PBMC10k_ACTTTCATCAATCCGA-1,731,NK,NK
PBMC10k_ACTTTGTGTTGTAGCT-1,735,NK,NK
PBMC10k_ACTTTGTTCTCCAATT-1,737,Mono,CD14 Mono
PBMC10k_AGAAATGCAACCGACC-1,738,NK,NK
PBMC10k_AGAAATGCATCATTTC-1,739,Mono,CD16 Mono
PBMC10k_AGAAATGGTGAGTTTC-1,740,Mono,CD14 Mono
PBMC10k_AGAAATGTCTTCGTGC-1,742,CD4 T,CD4 TCM
PBMC10k_AGAAATGTCTTTCAGT-1,743,CD8 T,CD8 Proliferating
PBMC10k_AGAACAAGTCGATTAC-1,744,NK,NK
PBMC10k_AGAACCTAGGCTTAGG-1,745,CD4 T,CD4 Naive
PBMC10k_AGAAGCGAGGATCACG-1,749,CD4 T,CD4 Naive
PBMC10k_AGAAGCGTCTCATTGT-1,756,NK,NK
PBMC10k_AGAAGTAAGCGAAACC-1,757,B,B intermediate
PBMC10k_AGAAGTAAGCGACAGT-1,758,NK,NK
PBMC10k_AGAAGTATCGACACCG-1,760,other,Eryth
PBMC10k_AGACAAATCGCGGTAC-1,765,CD4 T,CD4 Naive
PBMC10k_AGACACTAGGAGGGTG-1,766,NK,NK
PBMC10k_AGACACTCAGAATCGG-1,767,NK,NK
PBMC10k_AGACACTGTTGTAGCT-1,769,NK,NK
PBMC10k_AGACACTGTTTATGCG-1,770,CD8 T,CD8 Naive
PBMC10k_AGACACTTCACCATGA-1,771,Mono,CD14 Mono
PBMC10k_AGACAGGAGTCCCGAC-1,775,NK,NK
PBMC10k_AGACAGGGTTAGGGAC-1,777,Mono,CD14 Mono
PBMC10k_AGACCATAGGACTAAT-1,779,other,Eryth
PBMC10k_AGACCATCAATTGCAC-1,782,Mono,CD14 Mono
PBMC10k_AGACCATGTGAATTGA-1,784,Mono,CD14 Mono
PBMC10k_AGACCATGTGGTCTGC-1,785,Mono,CD14 Mono
PBMC10k_AGACCATTCAAGTGGG-1,786,CD4 T,CD4 Naive
PBMC10k_AGACCATTCGTCGGGT-1,788,B,B memory
PBMC10k_AGACCATTCTTAGCCC-1,789,CD4 T,CD4 Naive
PBMC10k_AGACCCGAGTAAACGT-1,791,CD4 T,CD4 TCM
PBMC10k_AGACCCGCACCCAACG-1,792,B,B naive
PBMC10k_AGACCCGCAGAGACTG-1,793,CD4 T,Treg
PBMC10k_AGACCCGCAGCACAGA-1,794,CD8 T,CD8 Naive
PBMC10k_AGACCCGCATCGCCTT-1,795,Mono,CD14 Mono
PBMC10k_AGACCCGGTCGATTAC-1,796,other T,MAIT
PBMC10k_AGACCCGTCAGGAAGC-1,797,B,B intermediate
PBMC10k_AGACCCGTCCGTCACT-1,798,CD4 T,CD4 TCM
PBMC10k_AGACCCGTCGGCCTTT-1,799,CD4 T,CD4 Naive
PBMC10k_AGACCCGTCTCCGTGT-1,800,B,B intermediate
PBMC10k_AGACTCACAATCACGT-1,804,Mono,CD14 Mono
PBMC10k_AGACTCACACAAGCTT-1,805,CD8 T,CD8 Naive
PBMC10k_AGACTCACAGCGACCT-1,807,Mono,CD14 Mono
PBMC10k_AGACTCACAGCGAGTA-1,808,Mono,CD14 Mono
PBMC10k_AGACTCAGTCGAATGG-1,809,CD4 T,CD4 TCM
PBMC10k_AGACTCAGTCTGTTAG-1,810,other,Eryth
PBMC10k_AGACTCAGTGGCTACC-1,811,other T,MAIT
PBMC10k_AGAGAATAGCTGACAG-1,814,CD8 T,CD8 TEM
PBMC10k_AGAGAATCATAAGCAA-1,816,other,ILC
PBMC10k_AGAGAATGTCGTTATG-1,817,other T,dnT
PBMC10k_AGAGAATGTGCATGAG-1,818,Mono,CD14 Mono
PBMC10k_AGAGAATTCGTTCTGC-1,819,CD8 T,CD8 TEM
PBMC10k_AGAGAGCAGAGCCGAT-1,821,CD4 T,CD4 TEM
PBMC10k_AGAGAGCAGAGTGTTA-1,822,B,B naive
PBMC10k_AGAGAGCCAACTTGGT-1,823,CD4 T,CD4 TCM
PBMC10k_AGAGAGCGTACGGGAT-1,824,CD8 T,CD8 TEM
PBMC10k_AGAGAGCGTCACTTCC-1,826,CD4 T,CD4 TCM
PBMC10k_AGAGCAGAGAGCCGAT-1,829,NK,NK
PBMC10k_AGAGCAGAGTACGTCT-1,830,CD4 T,CD4 TEM
PBMC10k_AGAGCAGCACGTAGAG-1,831,Mono,CD14 Mono
PBMC10k_AGAGCAGTCGCAGATT-1,833,NK,NK
PBMC10k_AGAGCCCCACAATGAA-1,839,Mono,CD14 Mono
PBMC10k_AGAGCCCCACACCGCA-1,840,CD8 T,CD8 TEM
PBMC10k_AGAGCCCTCGAACGGA-1,843,Mono,CD16 Mono
PBMC10k_AGAGCCCTCGTGGAAG-1,844,CD4 T,CD4 Naive
PBMC10k_AGAGCCCTCTTGAGCA-1,846,Mono,CD14 Mono
PBMC10k_AGATAGACACCTGCTT-1,848,Mono,CD14 Mono
PBMC10k_AGATAGATCACTCCGT-1,850,CD8 T,CD8 TEM
PBMC10k_AGATAGATCCTGTTAT-1,851,B,B memory
PBMC10k_AGATCCAAGTTGCCCG-1,852,other T,MAIT
PBMC10k_AGATCGTAGCTGAAAT-1,854,CD8 T,CD8 Naive
PBMC10k_AGATCGTCAATTCTTC-1,856,Mono,CD16 Mono
PBMC10k_AGATCGTCAGAGATGC-1,857,Mono,CD14 Mono
PBMC10k_AGATGAAAGCATCCTA-1,859,B,B naive
PBMC10k_AGATGAATCATTCATC-1,862,CD4 T,CD4 TCM
PBMC10k_AGATGCTCATCTCCCA-1,864,Mono,CD14 Mono
PBMC10k_AGATGCTGTACAGTAA-1,865,B,B naive
PBMC10k_AGATGCTGTGTTAGCT-1,866,DC,cDC2
PBMC10k_AGATGCTTCAGCCTTC-1,870,other T,MAIT
PBMC10k_AGCATCAAGTCTAGCT-1,871,CD4 T,CD4 Naive
PBMC10k_AGCATCACAAATGAGT-1,872,other T,MAIT
PBMC10k_AGCATCACAGGGAGAG-1,873,Mono,CD14 Mono
PBMC10k_AGCATCAGTCGAGTTT-1,874,B,B naive
PBMC10k_AGCATCAGTTGGATCT-1,875,CD4 T,CD4 Naive
PBMC10k_AGCATCATCACCCATC-1,876,Mono,CD14 Mono
PBMC10k_AGCATCATCTTCGATT-1,878,other T,MAIT
PBMC10k_AGCCAATCAATAGTCC-1,880,CD4 T,CD4 TCM
PBMC10k_AGCCAATCACACGGAA-1,881,NK,NK
PBMC10k_AGCCAATCACTGTCGG-1,882,NK,NK
PBMC10k_AGCCAATCATCAACCA-1,885,B,B memory
PBMC10k_AGCCAATGTACTGAGG-1,886,other T,dnT
PBMC10k_AGCCAATGTAGTGCGA-1,887,Mono,CD14 Mono
PBMC10k_AGCCAATTCGGCTTGG-1,891,CD4 T,CD4 TEM
PBMC10k_AGCCACGAGGCCCGTT-1,893,CD4 T,CD4 TEM
PBMC10k_AGCCACGTCGCAGTGC-1,894,Mono,CD16 Mono
PBMC10k_AGCCACGTCTCTTAAC-1,895,Mono,CD14 Mono
PBMC10k_AGCCACGTCTTCGTAT-1,897,NK,NK
PBMC10k_AGCCAGCAGGATACCG-1,899,Mono,CD14 Mono
PBMC10k_AGCCAGCCAATAAGGT-1,902,CD4 T,CD4 TEM
PBMC10k_AGCCAGCGTGATTCAC-1,904,other,ILC
PBMC10k_AGCCAGCTCACTGGGC-1,906,NK,NK
PBMC10k_AGCGATTCACGCTGTG-1,910,CD8 T,CD8 Naive
PBMC10k_AGCGATTGTGACATCT-1,911,CD4 T,CD4 Naive
PBMC10k_AGCGATTGTTCGGCCA-1,913,B,B memory
PBMC10k_AGCGATTGTTGACTAC-1,914,other T,gdT
PBMC10k_AGCGATTTCCATGAGT-1,915,CD4 T,CD4 TCM
PBMC10k_AGCGCCACATATGAAG-1,918,NK,NK
PBMC10k_AGCGCCACATCGTTCC-1,919,DC,cDC2
PBMC10k_AGCGCCACATTGAAAG-1,920,CD4 T,CD4 TEM
PBMC10k_AGCGCCAGTGCCGGTT-1,921,Mono,CD14 Mono
PBMC10k_AGCGCCAGTTCCTACC-1,922,Mono,CD14 Mono
PBMC10k_AGCGCCATCTCAACGA-1,923,CD4 T,CD4 TCM
PBMC10k_AGCGCTGGTGACAACG-1,925,CD8 T,CD8 Naive
PBMC10k_AGCGCTGGTTCTCCCA-1,926,CD4 T,CD4 Naive
PBMC10k_AGCGTATAGAGGCGTT-1,930,NK,NK
PBMC10k_AGCGTATAGATTGCGG-1,931,CD4 T,CD4 TEM
PBMC10k_AGCGTATAGGTATAGT-1,933,B,B memory
PBMC10k_AGCGTATAGGTGGGTT-1,934,CD4 T,CD4 Naive
PBMC10k_AGCGTATCAAATCAAG-1,935,CD8 T,CD8 TEM
PBMC10k_AGCGTATCAGCTGTGC-1,936,other T,dnT
PBMC10k_AGCGTATGTTCGGTAT-1,941,CD4 T,Treg
PBMC10k_AGCGTATGTTGCCGAC-1,942,Mono,CD14 Mono
PBMC10k_AGCGTATTCTAGTTCT-1,943,B,B naive
PBMC10k_AGCGTCGAGCTCATAC-1,944,CD4 T,Treg
PBMC10k_AGCGTCGTCCGTGACG-1,947,Mono,CD14 Mono
PBMC10k_AGCTACAAGTCCGTCG-1,950,B,B naive
PBMC10k_AGCTACAGTATTGAGA-1,951,CD4 T,CD4 TCM
PBMC10k_AGCTACAGTCAGGTGA-1,952,CD4 T,CD4 TCM
PBMC10k_AGCTACAGTGCGGTAA-1,953,CD4 T,CD4 Naive
PBMC10k_AGCTACATCCGCATAA-1,955,CD4 T,CD4 CTL
PBMC10k_AGCTCAAGTACGATCT-1,957,CD8 T,CD8 Proliferating
PBMC10k_AGCTTCCAGCCTGTCG-1,959,CD4 T,CD4 TCM
PBMC10k_AGCTTCCCAAGAGGTC-1,961,other T,MAIT
PBMC10k_AGCTTCCCAGAAATTG-1,962,CD4 T,CD4 TEM
PBMC10k_AGCTTCCCAGTCAACT-1,963,NK,NK
PBMC10k_AGGAAATAGAAACTAC-1,965,CD4 T,CD4 TEM
PBMC10k_AGGAAATAGTGAGCCA-1,967,CD4 T,CD4 Naive
PBMC10k_AGGAAATGTGTAGGAC-1,968,B,B memory
PBMC10k_AGGAAATGTTTAAGGA-1,969,DC,cDC2
PBMC10k_AGGAAATTCGTTAGAC-1,970,NK,NK
PBMC10k_AGGAATAAGAGGATCC-1,971,CD4 T,CD4 Naive
PBMC10k_AGGAATACACCTGATA-1,977,Mono,CD14 Mono
PBMC10k_AGGAATAGTCGAGCAA-1,979,NK,NK Proliferating
PBMC10k_AGGAATAGTGCGTCGT-1,980,CD4 T,Treg
PBMC10k_AGGAATATCTGCCTCA-1,981,CD4 T,CD4 Naive
PBMC10k_AGGACGACACTGGACC-1,983,CD4 T,CD4 Naive
PBMC10k_AGGACGACATCGCCTT-1,985,B,B naive
PBMC10k_AGGACGAGTGGTAATA-1,986,other T,MAIT
PBMC10k_AGGACGAGTTTCAGAC-1,988,Mono,CD16 Mono
PBMC10k_AGGACGATCATACGAC-1,989,B,B naive
PBMC10k_AGGACTTAGACCATGG-1,990,CD4 T,CD4 TCM
PBMC10k_AGGACTTAGCCTGTGC-1,992,other T,dnT
PBMC10k_AGGACTTCACACACTA-1,993,Mono,CD16 Mono
PBMC10k_AGGACTTGTTCAAGGG-1,995,CD4 T,CD4 Naive
PBMC10k_AGGAGGTAGTTGTCAC-1,997,CD4 T,CD4 TCM
PBMC10k_AGGAGGTCAAGCACCC-1,998,CD4 T,CD4 TEM
PBMC10k_AGGAGGTCACCGTCTT-1,999,other T,gdT
PBMC10k_AGGAGGTCATGACTGT-1,1000,CD4 T,CD4 Naive
PBMC10k_AGGAGGTGTCATCCCT-1,1002,other T,MAIT
PBMC10k_AGGAGGTGTCATCGGC-1,1003,other T,MAIT
PBMC10k_AGGATAACAGGCACAA-1,1006,B,B memory
PBMC10k_AGGATAAGTTGAGTCT-1,1008,CD4 T,CD4 Naive
PBMC10k_AGGATCTAGAGTTGCG-1,1011,NK,NK
PBMC10k_AGGATCTAGTCATAGA-1,1013,CD4 T,CD4 TCM
PBMC10k_AGGATCTCAATACCCA-1,1014,CD8 T,CD8 Proliferating
PBMC10k_AGGATCTCATGAGGGT-1,1015,CD4 T,CD4 TCM
PBMC10k_AGGATCTTCCATTGGA-1,1016,CD8 T,CD8 Naive
PBMC10k_AGGCATTCAAGAGTAT-1,1021,CD4 T,CD4 Naive
PBMC10k_AGGCATTCAGAGTCAG-1,1022,B,B naive
PBMC10k_AGGCATTCAGGAATAT-1,1023,CD4 T,CD4 TCM
PBMC10k_AGGCATTCATCCAACA-1,1024,Mono,CD14 Mono
PBMC10k_AGGCATTTCTGCGTCT-1,1025,Mono,CD14 Mono
PBMC10k_AGGCCACAGCTCCATA-1,1028,NK,NK
PBMC10k_AGGCCACCACACACGC-1,1030,Mono,CD14 Mono
PBMC10k_AGGCCACCACACTTAG-1,1031,CD4 T,CD4 TCM
PBMC10k_AGGCCACCATGCCATA-1,1032,CD8 T,CD8 Naive
PBMC10k_AGGCCACGTATCCTCC-1,1034,other T,MAIT
PBMC10k_AGGCCACTCTATCACT-1,1037,CD4 T,CD4 TEM
PBMC10k_AGGCTGCGTGAATGTA-1,1040,CD4 T,Treg
PBMC10k_AGGCTGCGTTCAAAGA-1,1042,other T,MAIT
PBMC10k_AGGGAGTAGATGCCGA-1,1043,Mono,CD14 Mono
PBMC10k_AGGGCCTTCCTGGGTG-1,1048,CD4 T,CD4 Naive
PBMC10k_AGGGCTCAGACGTCCC-1,1050,CD4 T,CD4 TEM
PBMC10k_AGGGCTCCAACAGTGG-1,1052,Mono,CD14 Mono
PBMC10k_AGGGTCCAGCGAAACC-1,1057,CD4 T,CD4 Naive
PBMC10k_AGGGTCCTCCTTGACC-1,1059,other,Eryth
PBMC10k_AGGGTGAAGACGCTCC-1,1060,CD8 T,CD8 Naive
PBMC10k_AGGGTGACACCCTTGT-1,1061,CD4 T,CD4 Naive
PBMC10k_AGGGTGACACTGAATC-1,1062,B,B naive
PBMC10k_AGGGTGACAGATGCGA-1,1063,Mono,CD14 Mono
PBMC10k_AGGGTGATCCGATAGT-1,1064,CD4 T,CD4 CTL
PBMC10k_AGGGTTTCATTGCTGA-1,1065,B,B naive
PBMC10k_AGGTAGGAGTGATAAC-1,1066,NK,NK
PBMC10k_AGGTAGGGTGAGATCG-1,1068,CD8 T,CD8 TEM
PBMC10k_AGGTAGGTCGAGTGAG-1,1069,other T,gdT
PBMC10k_AGGTAGGTCTGCCTGT-1,1070,NK,NK
PBMC10k_AGGTCATCACCAAATC-1,1072,NK,NK
PBMC10k_AGGTCATCACCTGTCT-1,1073,Mono,CD14 Mono
PBMC10k_AGGTCATGTTCTCAGA-1,1075,CD8 T,CD8 Naive
PBMC10k_AGGTCTAAGGAACGAA-1,1079,other,ILC
PBMC10k_AGGTCTAAGGCTAACG-1,1080,NK,NK
PBMC10k_AGGTCTAAGTCATCGT-1,1081,other T,MAIT
PBMC10k_AGGTCTACAATGTTGC-1,1082,Mono,CD14 Mono
PBMC10k_AGGTCTACACCGTGGT-1,1083,B,B naive
PBMC10k_AGGTCTAGTGCTCGTG-1,1084,NK,NK
PBMC10k_AGGTCTAGTGTCTCCT-1,1085,other,Eryth
PBMC10k_AGGTCTATCCAAGCTA-1,1087,DC,cDC2
PBMC10k_AGGTCTATCGGCACTG-1,1088,NK,NK
PBMC10k_AGGTCTATCTTGGAAC-1,1089,CD4 T,CD4 TEM
PBMC10k_AGGTGTTAGTTGCGAG-1,1091,other,Platelet
PBMC10k_AGGTGTTTCCTCTAAT-1,1095,CD4 T,CD4 Naive
PBMC10k_AGGTTACAGCTCCCTT-1,1098,CD8 T,CD8 TEM
PBMC10k_AGGTTACCATGGCTAT-1,1101,other T,MAIT
PBMC10k_AGGTTACGTATGAGCG-1,1102,B,B memory
PBMC10k_AGGTTACTCGAACCTA-1,1105,other T,MAIT
PBMC10k_AGGTTACTCTAGTACG-1,1106,CD4 T,Treg
PBMC10k_AGGTTGTGTGCATACT-1,1110,CD4 T,CD4 TEM
PBMC10k_AGGTTGTTCACATCAG-1,1111,Mono,CD14 Mono
PBMC10k_AGGTTGTTCACTCTTA-1,1112,CD4 T,CD4 Naive
PBMC10k_AGTAACCAGGCCCACT-1,1114,DC,cDC2
PBMC10k_AGTAACCAGGTCCAGA-1,1115,CD8 T,CD8 Naive
PBMC10k_AGTAACCTCCAACACA-1,1116,CD4 T,CD4 Naive
PBMC10k_AGTACCAAGGAAAGGT-1,1120,CD4 T,CD4 Naive
PBMC10k_AGTACCAAGGTAAGTT-1,1121,Mono,CD14 Mono
PBMC10k_AGTACCACAGTTGTCA-1,1124,B,B naive
PBMC10k_AGTACCACATGTGGCC-1,1126,NK,NK
PBMC10k_AGTACCAGTTATAGAG-1,1128,CD8 T,CD8 TEM
PBMC10k_AGTACTGAGTGTGTTC-1,1129,CD4 T,CD4 Naive
PBMC10k_AGTACTGCATGTGTCA-1,1131,CD4 T,CD4 TCM
PBMC10k_AGTACTGCATTCTCTA-1,1132,CD4 T,CD4 CTL
PBMC10k_AGTACTGGTCACCGAC-1,1133,Mono,CD14 Mono
PBMC10k_AGTAGCTAGACTTAAG-1,1134,NK,NK
PBMC10k_AGTAGCTAGAGTACCG-1,1135,CD4 T,CD4 TEM
PBMC10k_AGTAGCTAGCTACGTT-1,1136,NK,NK Proliferating
PBMC10k_AGTAGCTCATCGCTCT-1,1137,other T,MAIT
PBMC10k_AGTAGCTGTTAGAGTA-1,1140,Mono,CD14 Mono
PBMC10k_AGTAGCTTCGTCTACC-1,1143,B,B naive
PBMC10k_AGTAGTCAGCTGTACT-1,1144,CD8 T,CD8 Naive
PBMC10k_AGTAGTCAGGGTGAGG-1,1145,NK,NK
PBMC10k_AGTAGTCAGGTAAGAG-1,1146,Mono,CD14 Mono
PBMC10k_AGTAGTCAGTCGGCAA-1,1147,B,B naive
PBMC10k_AGTAGTCGTCCATCTC-1,1148,Mono,CD14 Mono
PBMC10k_AGTAGTCGTCTATGAC-1,1149,NK,NK
PBMC10k_AGTAGTCGTCTTGAAC-1,1150,CD4 T,CD4 Naive
PBMC10k_AGTCAACAGCTAGAGC-1,1152,CD4 T,Treg
PBMC10k_AGTCAACAGGTTAGTA-1,1153,CD4 T,CD4 Naive
PBMC10k_AGTCAACAGTCTGCAT-1,1154,CD4 T,CD4 TCM
PBMC10k_AGTCAACAGTGGTTGG-1,1155,CD4 T,CD4 Naive
PBMC10k_AGTCAACCAGCAGATG-1,1156,CD4 T,CD4 Naive
PBMC10k_AGTCAACCAGCCTTCT-1,1157,other T,gdT
PBMC10k_AGTCAACCAGGGCTTC-1,1158,B,B intermediate
PBMC10k_AGTCAACGTTTCTTAC-1,1159,CD8 T,CD8 TEM
PBMC10k_AGTCACACACCCAACG-1,1162,CD4 T,CD4 Naive
PBMC10k_AGTCACACAGCACGAA-1,1163,Mono,CD14 Mono
PBMC10k_AGTCATGAGCACCTGC-1,1164,CD4 T,CD4 TEM
PBMC10k_AGTCATGAGCTACTAC-1,1166,other T,MAIT
PBMC10k_AGTCATGAGTATGTAG-1,1167,DC,pDC
PBMC10k_AGTCATGCAGTTGTTG-1,1168,Mono,CD14 Mono
PBMC10k_AGTCTCCCAAGAGGTC-1,1170,CD4 T,CD4 Naive
PBMC10k_AGTCTCCCATCCGTTC-1,1171,Mono,CD14 Mono
PBMC10k_AGTCTCCGTTAAGCAA-1,1172,B,B naive
PBMC10k_AGTCTCCGTTGCGAAG-1,1173,CD4 T,CD4 Naive
PBMC10k_AGTCTCCTCAATCCGA-1,1174,Mono,CD14 Mono
PBMC10k_AGTCTCCTCAGAGTGG-1,1175,B,B naive
PBMC10k_AGTGACTCAGCAGTTT-1,1177,CD8 T,CD8 TCM
PBMC10k_AGTGACTCAGGGTTGA-1,1178,CD4 T,CD4 TEM
PBMC10k_AGTGACTCATCTTTCA-1,1180,Mono,CD14 Mono
PBMC10k_AGTGATCAGCGGTAGT-1,1182,other T,MAIT
PBMC10k_AGTGATCCACACACGC-1,1183,B,B intermediate
PBMC10k_AGTGATCCAGCGTACC-1,1184,NK,NK
PBMC10k_AGTGATCGTTTGTGGT-1,1186,CD4 T,CD4 Naive
PBMC10k_AGTGATCTCCTATTTG-1,1187,CD4 T,CD4 TCM
PBMC10k_AGTGCCGTCAGTGTGT-1,1191,other T,MAIT
PBMC10k_AGTGCCGTCGACCATA-1,1192,CD8 T,CD8 Naive
PBMC10k_AGTGTTGAGTCTAGCT-1,1193,CD4 T,CD4 Naive
PBMC10k_AGTGTTGGTTGGGTTT-1,1195,CD4 T,CD4 Naive
PBMC10k_AGTGTTGTCCAACCAA-1,1197,other,ILC
PBMC10k_AGTTAGCCAGACCCGT-1,1201,CD4 T,CD4 TCM
PBMC10k_AGTTAGCGTCGTATTG-1,1203,Mono,CD14 Mono
PBMC10k_AGTTAGCGTGACACAG-1,1204,CD4 T,CD4 TCM
PBMC10k_AGTTAGCTCCATCTGC-1,1205,NK,NK
PBMC10k_AGTTAGCTCCGTAGGC-1,1206,Mono,CD14 Mono
PBMC10k_AGTTCCCAGGCTAAAT-1,1207,CD4 T,CD4 TCM
PBMC10k_AGTTCCCAGTAATTGG-1,1209,Mono,CD14 Mono
PBMC10k_AGTTCCCAGTGAGTGC-1,1210,other T,dnT
PBMC10k_AGTTCCCCACGTGTGC-1,1213,other T,dnT
PBMC10k_AGTTCCCCATCTGGGC-1,1214,NK,NK_CD56bright
PBMC10k_AGTTCCCGTCGCAGTC-1,1216,CD4 T,CD4 TCM
PBMC10k_AGTTCGAAGAGTCACG-1,1219,CD4 T,CD4 Naive
PBMC10k_AGTTCGAAGTCAGCGA-1,1221,Mono,CD16 Mono
PBMC10k_AGTTCGACAACACTAC-1,1222,CD4 T,CD4 TCM
PBMC10k_AGTTCGACATGCGTGC-1,1224,NK,NK
PBMC10k_ATACCGAAGACTGGGT-1,1230,NK,NK
PBMC10k_ATACCGACACTCATAG-1,1233,B,B memory
PBMC10k_ATACCGAGTGTCGCTG-1,1234,CD8 T,CD8 TCM
PBMC10k_ATACCGATCCCACAGG-1,1235,Mono,CD14 Mono
PBMC10k_ATACCTTAGGATGGCT-1,1236,Mono,CD14 Mono
PBMC10k_ATACCTTCACGGTAGA-1,1238,CD4 T,Treg
PBMC10k_ATACCTTCATAGATCC-1,1239,CD8 T,CD8 Naive
PBMC10k_ATACCTTGTCATTGCA-1,1241,CD4 T,CD4 TEM
PBMC10k_ATACCTTGTCCAAGAG-1,1242,CD4 T,CD4 TCM
PBMC10k_ATACCTTTCTTAGCAG-1,1244,Mono,CD14 Mono
PBMC10k_ATACTTCCATACATCG-1,1246,NK,NK_CD56bright
PBMC10k_ATACTTCGTAAGGCTG-1,1247,other T,MAIT
PBMC10k_ATACTTCGTAGACGGT-1,1248,CD4 T,CD4 Naive
PBMC10k_ATACTTCGTCTGCAAT-1,1249,CD4 T,CD4 TCM
PBMC10k_ATACTTCTCTAGTACG-1,1252,CD4 T,CD4 Naive
PBMC10k_ATAGACCAGAGTAACT-1,1253,B,B intermediate
PBMC10k_ATAGACCTCCAAAGGG-1,1256,B,B naive
PBMC10k_ATAGAGAAGACGTCCC-1,1258,other T,MAIT
PBMC10k_ATAGAGAAGTAAGCAT-1,1261,CD8 T,CD8 Naive
PBMC10k_ATAGAGATCGGTGTTA-1,1263,NK,NK
PBMC10k_ATAGGCTAGAGGTGCT-1,1266,B,B naive
PBMC10k_ATAGGCTAGCGTCTGC-1,1267,NK,NK
PBMC10k_ATAGGCTCAAGTTTGC-1,1268,NK,NK
PBMC10k_ATAGGCTGTCGAGCAA-1,1269,Mono,CD14 Mono
PBMC10k_ATAGGCTGTCGGTGTC-1,1270,CD4 T,CD4 TCM
PBMC10k_ATAGGCTGTGCCAAGA-1,1271,CD4 T,CD4 TCM
PBMC10k_ATAGGCTTCCATGAGT-1,1272,CD8 T,CD8 TEM
PBMC10k_ATATCCTAGCGCATCC-1,1273,Mono,CD14 Mono
PBMC10k_ATATCCTAGGTTAGTA-1,1275,Mono,CD14 Mono
PBMC10k_ATATCCTAGTCATGCT-1,1276,other T,MAIT
PBMC10k_ATATCCTAGTGACCTT-1,1277,other T,MAIT
PBMC10k_ATATCCTCAGCGTAGA-1,1279,DC,cDC2
PBMC10k_ATATCCTGTCTAGTGT-1,1281,CD4 T,CD4 TCM
PBMC10k_ATATCCTGTGATCGTT-1,1282,CD4 T,CD4 Naive
PBMC10k_ATATCCTGTTGACGGA-1,1283,CD8 T,CD8 TEM
PBMC10k_ATCACAGAGGTCATTC-1,1284,CD4 T,CD4 TCM
PBMC10k_ATCACAGCACCATAAC-1,1285,other T,MAIT
PBMC10k_ATCACAGCATACATCG-1,1286,CD4 T,CD4 Naive
PBMC10k_ATCACGAAGCCGGATA-1,1289,Mono,CD14 Mono
PBMC10k_ATCACGAGTGTGTCCG-1,1290,CD4 T,CD4 TEM
PBMC10k_ATCACGAGTTCAAACC-1,1291,NK,NK
PBMC10k_ATCACGATCACTACTT-1,1292,Mono,CD14 Mono
PBMC10k_ATCACGATCGTTAGAC-1,1293,other,Eryth
PBMC10k_ATCACTTCACTCTAGA-1,1295,Mono,CD14 Mono
PBMC10k_ATCACTTCAGGACGAT-1,1296,CD4 T,CD4 TCM
PBMC10k_ATCACTTCAGTGTGGA-1,1297,CD8 T,CD8 TEM
PBMC10k_ATCACTTGTAGAATGT-1,1298,Mono,CD14 Mono
PBMC10k_ATCACTTGTTCTCTAT-1,1299,CD4 T,CD4 TCM
PBMC10k_ATCACTTTCTAGAACC-1,1300,Mono,CD14 Mono
PBMC10k_ATCACTTTCTCCTGCA-1,1301,CD8 T,CD8 Naive
PBMC10k_ATCAGGTCACTCAAGT-1,1303,Mono,CD14 Mono
PBMC10k_ATCAGGTCATTGGGAG-1,1304,CD4 T,CD4 TEM
PBMC10k_ATCAGGTTCCTCTTTC-1,1306,Mono,CD14 Mono
PBMC10k_ATCAGGTTCGCACTCT-1,1307,other T,gdT
PBMC10k_ATCATTCCAGTCACGC-1,1309,CD8 T,CD8 TCM
PBMC10k_ATCATTCGTGAATGTA-1,1311,Mono,CD14 Mono
PBMC10k_ATCATTCGTGGCACTC-1,1312,other T,dnT
PBMC10k_ATCATTCTCTGGGATT-1,1313,other,HSPC
PBMC10k_ATCATTCTCTGTTCAT-1,1314,DC,pDC
PBMC10k_ATCCACCAGAGCTGCA-1,1316,B,B naive
PBMC10k_ATCCACCAGGAATGTT-1,1318,CD8 T,CD8 TEM
PBMC10k_ATCCACCCACTGTTCC-1,1321,other T,MAIT
PBMC10k_ATCCACCCATCATCTT-1,1322,CD8 T,CD8 TEM
PBMC10k_ATCCATTAGTATGACA-1,1323,CD4 T,CD4 TEM
PBMC10k_ATCCATTCACCACTGG-1,1324,Mono,CD14 Mono
PBMC10k_ATCCATTCATACTGTG-1,1325,NK,NK
PBMC10k_ATCCATTCATGTCAGT-1,1326,other T,MAIT
PBMC10k_ATCCATTTCCGTAGTA-1,1327,CD4 T,CD4 TCM
PBMC10k_ATCCGTCAGTGCCAGA-1,1333,other T,MAIT
PBMC10k_ATCCTATAGATCCGAG-1,1341,CD4 T,CD4 TCM
PBMC10k_ATCCTATCATGCGTGC-1,1343,CD4 T,CD4 Naive
PBMC10k_ATCCTATCATGTTTGG-1,1344,Mono,CD14 Mono
PBMC10k_ATCCTATGTGTCCGGT-1,1345,B,B naive
PBMC10k_ATCCTATTCATCACCC-1,1346,CD8 T,CD8 TCM
PBMC10k_ATCGATGAGGCATCAG-1,1347,other T,gdT
PBMC10k_ATCGATGCAATGGGTG-1,1348,Mono,CD14 Mono
PBMC10k_ATCGATGCATCAGCGC-1,1349,other T,MAIT
PBMC10k_ATCGATGGTAGCGATG-1,1350,Mono,CD14 Mono
PBMC10k_ATCGATGTCTGGGCAC-1,1353,CD4 T,CD4 Naive
PBMC10k_ATCGCCTAGAACTTCC-1,1354,CD4 T,CD4 TCM
PBMC10k_ATCGCCTAGGTAAAGG-1,1355,CD4 T,Treg
PBMC10k_ATCGCCTGTGGGACAT-1,1359,B,Plasmablast
PBMC10k_ATCGCCTTCAAAGAAC-1,1360,CD4 T,CD4 TCM
PBMC10k_ATCGGATAGCGAGGAG-1,1362,DC,cDC2
PBMC10k_ATCGGATAGTAGTGCG-1,1364,NK,NK
PBMC10k_ATCGGATCAAGGAGTC-1,1365,other,ILC
PBMC10k_ATCGGATCACGTTCGG-1,1366,Mono,CD14 Mono
PBMC10k_ATCGGATTCGCGTTTC-1,1367,NK,NK
PBMC10k_ATCGGATTCTTACGGA-1,1368,CD8 T,CD8 Naive
PBMC10k_ATCGGCGAGTAAACAC-1,1370,Mono,CD14 Mono
PBMC10k_ATCGGCGTCTCATTAC-1,1373,CD4 T,CD4 Naive
PBMC10k_ATCGTCCAGTTACTCG-1,1379,CD4 T,CD4 TCM
PBMC10k_ATCGTCCCACACAGAG-1,1380,Mono,CD14 Mono
PBMC10k_ATCGTCCCAGGGACTA-1,1381,B,B intermediate
PBMC10k_ATCGTCCCATCTGTTT-1,1382,CD4 T,CD4 TCM
PBMC10k_ATCGTCCGTATCAAGA-1,1383,CD4 T,CD4 Naive
PBMC10k_ATCGTCCGTCAAAGTA-1,1384,CD4 T,CD4 Naive
PBMC10k_ATCGTCCGTTCGGCGT-1,1386,CD4 T,CD4 Naive
PBMC10k_ATCGTCCTCGATACGT-1,1387,Mono,CD14 Mono
PBMC10k_ATCGTGACACTATGTG-1,1390,other T,MAIT
PBMC10k_ATCGTGACAGACGCTC-1,1392,CD4 T,CD4 TCM
PBMC10k_ATCGTGACATCGATAC-1,1393,CD4 T,CD4 Naive
PBMC10k_ATCGTGAGTTCAAACC-1,1394,CD4 T,CD4 TCM
PBMC10k_ATCGTGAGTTCTTGCC-1,1395,CD4 T,CD4 Naive
PBMC10k_ATCTCTAAGAGATCGC-1,1396,B,B memory
PBMC10k_ATCTCTAAGATGGGCT-1,1398,CD4 T,CD4 TCM
PBMC10k_ATCTCTAAGTGGTGAC-1,1400,Mono,CD14 Mono
PBMC10k_ATCTCTACAAGCCCAC-1,1401,CD4 T,Treg
PBMC10k_ATCTCTACAGCCTTCT-1,1402,NK,NK
PBMC10k_ATCTCTACAGCGGATA-1,1403,CD4 T,CD4 TCM
PBMC10k_ATCTCTACATTCTTCA-1,1404,NK,NK
PBMC10k_ATCTCTAGTACGAGTG-1,1405,CD4 T,CD4 TCM
PBMC10k_ATCTCTAGTTATCTGG-1,1406,CD8 T,CD8 Naive
PBMC10k_ATCTCTATCAAGAAAC-1,1407,B,B naive
PBMC10k_ATCTTCAAGTCTTCCC-1,1410,CD8 T,CD8 TEM
PBMC10k_ATCTTCAGTCCAACGC-1,1412,CD4 T,CD4 TCM
PBMC10k_ATCTTCAGTGCCCAGT-1,1413,CD4 T,CD4 TCM
PBMC10k_ATCTTCATCGGAATGG-1,1415,CD4 T,CD4 Naive
PBMC10k_ATGAAAGAGAGCAAGA-1,1416,NK,NK
PBMC10k_ATGAAAGAGGCTGAAC-1,1419,other T,MAIT
PBMC10k_ATGAAAGCAGTCTGGC-1,1420,CD4 T,CD4 TCM
PBMC10k_ATGAAAGGTCATAGTC-1,1423,other,Eryth
PBMC10k_ATGAAAGGTGACTCTA-1,1424,other T,MAIT
PBMC10k_ATGAAAGGTGAGTGAC-1,1425,other T,MAIT
PBMC10k_ATGACCAAGACGGATC-1,1426,CD4 T,CD4 TCM
PBMC10k_ATGACCAAGCCAAGCA-1,1427,CD4 T,CD4 TCM
PBMC10k_ATGACCAAGTGGAATT-1,1428,CD8 T,CD8 TEM
PBMC10k_ATGACCAGTCTCTCAC-1,1432,Mono,CD14 Mono
PBMC10k_ATGAGGGAGTCTACCA-1,1437,B,B naive
PBMC10k_ATGAGGGCATACAGCT-1,1438,Mono,CD14 Mono
PBMC10k_ATGAGGGGTATCGCAT-1,1439,NK,NK
PBMC10k_ATGAGTCAGAGGCGGA-1,1440,CD4 T,CD4 TCM
PBMC10k_ATGAGTCAGCGACTTT-1,1442,CD8 T,CD8 TEM
PBMC10k_ATGAGTCCAACGGGTA-1,1443,Mono,CD14 Mono
PBMC10k_ATGAGTCCATCCCACT-1,1445,CD8 T,CD8 TEM
PBMC10k_ATGAGTCGTGACAGGT-1,1446,CD4 T,CD4 TCM
PBMC10k_ATGAGTCGTTCACCGG-1,1447,CD4 T,Treg
PBMC10k_ATGAGTCTCTGAGGTT-1,1449,CD4 T,CD4 TCM
PBMC10k_ATGATCGCACAACGCC-1,1451,CD8 T,CD8 TEM
PBMC10k_ATGATCGGTAGGATAT-1,1453,NK,NK_CD56bright
PBMC10k_ATGATCGGTGGCCTCA-1,1454,Mono,CD14 Mono
PBMC10k_ATGATCGGTTGCTCCT-1,1455,CD4 T,CD4 TCM
PBMC10k_ATGATCGTCAGTGTCA-1,1456,Mono,CD14 Mono
PBMC10k_ATGCATGAGGGCTGAT-1,1461,CD8 T,CD8 TCM
PBMC10k_ATGCATGGTATGAGGC-1,1465,NK,NK
PBMC10k_ATGCATGGTCGACTGC-1,1466,Mono,CD14 Mono
PBMC10k_ATGCATGGTTAGAGTA-1,1470,NK,NK
PBMC10k_ATGCATGGTTCCTAGA-1,1471,CD4 T,CD4 TCM
PBMC10k_ATGCATGTCCATTTAC-1,1472,CD4 T,Treg
PBMC10k_ATGCATGTCGGAAGGT-1,1473,CD4 T,CD4 TCM
PBMC10k_ATGCCTCAGCAAGCCA-1,1475,CD8 T,CD8 TCM
PBMC10k_ATGCCTCAGGCACGAT-1,1476,B,B naive
PBMC10k_ATGCCTCAGTAAACGT-1,1477,CD4 T,CD4 TEM
PBMC10k_ATGCCTCAGTGTCATC-1,1478,CD8 T,CD8 Naive
PBMC10k_ATGCCTCTCCTAGAGT-1,1481,B,B naive
PBMC10k_ATGCCTCTCGTAGTGT-1,1482,other T,MAIT
PBMC10k_ATGCGATAGTTCTACG-1,1484,CD4 T,CD4 TCM
PBMC10k_ATGCGATCAAGATGTA-1,1485,CD8 T,CD8 Naive
PBMC10k_ATGCGATCAGAGAGGG-1,1486,other,ILC
PBMC10k_ATGCGATGTCACGACC-1,1489,DC,cDC2
PBMC10k_ATGCGATGTGGTTTGT-1,1490,CD4 T,CD4 TCM
PBMC10k_ATGGAGGAGACAAGCC-1,1491,other,ILC
PBMC10k_ATGGAGGCAATGAACA-1,1493,Mono,CD14 Mono
PBMC10k_ATGGAGGGTTAAGTCC-1,1495,other,Eryth
PBMC10k_ATGGAGGTCAAGAAAC-1,1496,CD4 T,CD4 TCM
PBMC10k_ATGGAGGTCCGTTTCG-1,1497,CD4 T,Treg
PBMC10k_ATGGATCAGATTCGAA-1,1498,CD4 T,CD4 TCM
PBMC10k_ATGGATCCACTAGGTT-1,1500,other T,MAIT
PBMC10k_ATGGATCCAGACACCC-1,1502,CD4 T,CD4 TCM
PBMC10k_ATGGATCCAGTCTACA-1,1503,B,B intermediate
PBMC10k_ATGGATCGTCCGGCAT-1,1504,CD8 T,CD8 TCM
PBMC10k_ATGGATCGTGAGAACC-1,1505,Mono,CD14 Mono
PBMC10k_ATGGGAGCAACATACC-1,1506,other,Eryth
PBMC10k_ATGGGAGCAATCAAGA-1,1508,CD8 T,CD8 Naive
PBMC10k_ATGGGAGCAGCTGTCG-1,1509,CD4 T,CD4 Naive
PBMC10k_ATGGGAGGTACAGAAT-1,1511,CD4 T,CD4 Naive
PBMC10k_ATGGGAGTCGTGGCGT-1,1512,CD4 T,CD4 TEM
PBMC10k_ATGGGAGTCTGACCCT-1,1514,DC,cDC2
PBMC10k_ATGGGAGTCTGGCTGG-1,1515,CD4 T,CD4 TCM
PBMC10k_ATGGGTTAGAGTGACC-1,1516,CD4 T,CD4 Naive
PBMC10k_ATGGGTTAGTACGTCT-1,1518,Mono,CD14 Mono
PBMC10k_ATGGGTTGTTGACGGA-1,1520,other,Eryth
PBMC10k_ATGGTTGGTGATATAG-1,1522,CD8 T,CD8 TCM
PBMC10k_ATGGTTGTCTCTATAC-1,1523,other T,MAIT
PBMC10k_ATGTCCCCAATAGGAT-1,1525,NK,NK
PBMC10k_ATGTCCCCAGGCGATA-1,1527,NK,NK
PBMC10k_ATGTCCCTCGTTCATT-1,1530,Mono,CD14 Mono
PBMC10k_ATGTCTTAGAATTGTG-1,1531,NK,NK
PBMC10k_ATGTCTTAGTGCAGCA-1,1532,CD4 T,Treg
PBMC10k_ATGTCTTCACAATGTC-1,1534,CD4 T,CD4 Naive
PBMC10k_ATGTCTTCAGCCGTTG-1,1535,CD4 T,CD4 TCM
PBMC10k_ATGTCTTGTAGTGCGA-1,1536,B,B memory
PBMC10k_ATGTCTTGTTGGTGTT-1,1537,NK,NK
PBMC10k_ATTACCTAGAAGCCTG-1,1539,Mono,CD14 Mono
PBMC10k_ATTACCTAGCCATCCG-1,1542,CD4 T,CD4 Naive
PBMC10k_ATTACCTAGTCAACAA-1,1543,B,B naive
PBMC10k_ATTACCTCAAGTTCGT-1,1544,NK,NK
PBMC10k_ATTACCTCACAGAAGC-1,1545,NK,NK
PBMC10k_ATTACCTCAGAGCGTA-1,1546,CD4 T,CD4 Naive
PBMC10k_ATTACTCAGACCAGCA-1,1550,other T,MAIT
PBMC10k_ATTACTCAGTGGATTA-1,1552,CD8 T,CD8 TEM
PBMC10k_ATTACTCCAATCTGCA-1,1553,Mono,CD14 Mono
PBMC10k_ATTACTCCACTCCACT-1,1554,CD8 T,CD8 Naive
PBMC10k_ATTACTCCATGGAAGC-1,1556,CD4 T,CD4 TCM
PBMC10k_ATTACTCTCGAAATCC-1,1557,CD8 T,CD8 TCM
PBMC10k_ATTATCCCATCATGAC-1,1559,Mono,CD14 Mono
PBMC10k_ATTATCCGTCATCGCG-1,1560,CD4 T,CD4 TCM
PBMC10k_ATTCACTAGTTGCATC-1,1565,NK,NK
PBMC10k_ATTCACTCAAGAGTGC-1,1566,CD4 T,CD4 TCM
PBMC10k_ATTCACTGTCAGACGA-1,1567,CD4 T,CD4 Naive
PBMC10k_ATTCACTGTGCTGTCG-1,1568,other T,MAIT
PBMC10k_ATTCACTTCACTGAAC-1,1570,other,Eryth
PBMC10k_ATTCACTTCCTGTACC-1,1571,NK,NK
PBMC10k_ATTCAGGGTAATGCTC-1,1574,Mono,CD14 Mono
PBMC10k_ATTCATCCACTAGGCC-1,1577,Mono,CD14 Mono
PBMC10k_ATTCATCCAGGTGTGA-1,1579,Mono,CD14 Mono
PBMC10k_ATTCATCGTGAGTAAT-1,1580,Mono,CD14 Mono
PBMC10k_ATTCATCTCGGCCCAA-1,1581,Mono,CD14 Mono
PBMC10k_ATTCATCTCGTTCAGA-1,1582,CD8 T,CD8 TEM
PBMC10k_ATTCCATAGTAGGATT-1,1584,Mono,CD14 Mono
PBMC10k_ATTCCATGTTAGTCGT-1,1586,CD8 T,CD8 TEM
PBMC10k_ATTCCATTCCAACCAA-1,1587,CD4 T,Treg
PBMC10k_ATTCCATTCGGCTTGG-1,1588,CD8 T,CD8 TEM
PBMC10k_ATTCCATTCTTCTGTA-1,1589,NK,NK
PBMC10k_ATTCCCGAGCGCCTCA-1,1590,CD4 T,CD4 Naive
PBMC10k_ATTCCCGAGTTCACTG-1,1592,CD4 T,CD4 Naive
PBMC10k_ATTCCCGCAAGCGCAA-1,1593,CD4 T,Treg
PBMC10k_ATTCCCGCACAATGTC-1,1594,CD4 T,CD4 TCM
PBMC10k_ATTCCCGCAGCATACT-1,1595,NK,NK
PBMC10k_ATTCCTAAGTCGAATA-1,1600,CD4 T,CD4 Naive
PBMC10k_ATTCCTATCATCGCAA-1,1603,CD8 T,CD8 Naive
PBMC10k_ATTCCTATCCAAGGGA-1,1604,NK,NK_CD56bright
PBMC10k_ATTCGTTCAAGCGAAC-1,1607,Mono,CD14 Mono
PBMC10k_ATTCGTTCATCGGCCA-1,1609,Mono,CD14 Mono
PBMC10k_ATTCGTTGTTAAGAAC-1,1611,Mono,CD14 Mono
PBMC10k_ATTCGTTTCGAGCCTG-1,1612,Mono,CD14 Mono
PBMC10k_ATTCTACGTACCGGAA-1,1613,B,B memory
PBMC10k_ATTCTACGTCTGCGCA-1,1614,Mono,CD14 Mono
PBMC10k_ATTCTACTCCTAGCCT-1,1616,Mono,CD14 Mono
PBMC10k_ATTCTACTCTCCAAGA-1,1618,CD4 T,CD4 Naive
PBMC10k_ATTCTACTCTGAGCAT-1,1619,Mono,CD14 Mono
PBMC10k_ATTCTTGGTAACCCGC-1,1621,CD4 T,CD4 Naive
PBMC10k_ATTCTTGGTGGCCTCA-1,1623,CD8 T,CD8 TCM
PBMC10k_ATTCTTGTCAAGCCGC-1,1624,CD4 T,CD4 TCM
PBMC10k_ATTGGGTAGCACGGAT-1,1625,Mono,CD14 Mono
PBMC10k_ATTGGGTCAGGTGTGA-1,1626,CD4 T,CD4 Naive
PBMC10k_ATTGGGTGTAGGCAAC-1,1628,CD8 T,CD8 Naive
PBMC10k_ATTGGGTGTCATTCCC-1,1629,B,B naive
PBMC10k_ATTGGGTTCGCTTACC-1,1632,CD8 T,CD8 TEM
PBMC10k_ATTGTTCAGACCCGCT-1,1633,CD4 T,CD4 TCM
PBMC10k_ATTGTTCGTAGGTGCA-1,1636,CD4 T,CD4 TCM
PBMC10k_ATTGTTCGTAGTCGTT-1,1637,CD8 T,CD8 TEM
PBMC10k_ATTGTTCGTCTTGAAC-1,1638,CD8 T,CD8 TEM
PBMC10k_ATTTACCAGCGCCTTG-1,1641,CD4 T,Treg
PBMC10k_ATTTACCAGGCCTGAA-1,1642,CD4 T,Treg
PBMC10k_ATTTACCCAACTGATC-1,1643,Mono,CD16 Mono
PBMC10k_ATTTACCCAGCGGTCT-1,1645,CD4 T,CD4 Naive
PBMC10k_ATTTACCGTACTAGCT-1,1646,CD8 T,CD8 TEM
PBMC10k_ATTTACCGTGTACGCC-1,1648,other T,dnT
PBMC10k_ATTTACCGTTTAGACC-1,1649,CD8 T,CD8 TEM
PBMC10k_ATTTCACCAGAACGCA-1,1652,other T,MAIT
PBMC10k_ATTTCACCATCACAGT-1,1653,NK,NK
PBMC10k_ATTTCACGTTCACGAT-1,1655,CD8 T,CD8 TEM
PBMC10k_ATTTCACTCTTAATCC-1,1657,CD8 T,CD8 TEM
PBMC10k_ATTTCTGAGCATCCCG-1,1658,Mono,CD14 Mono
PBMC10k_ATTTCTGCAACCAGAG-1,1660,CD4 T,CD4 TEM
PBMC10k_ATTTCTGGTGTCTCCT-1,1662,other,ILC
PBMC10k_ATTTCTGGTTCTCCAC-1,1663,NK,NK
PBMC10k_ATTTCTGTCCATCTAT-1,1664,CD4 T,CD4 Naive
PBMC10k_ATTTCTGTCCTTGAAG-1,1665,CD4 T,CD4 TCM
PBMC10k_ATTTCTGTCTCCTACG-1,1666,other,ILC
PBMC10k_CAAAGAAAGGTAAGTT-1,1668,B,B intermediate
PBMC10k_CAACAACCATCCAACA-1,1670,NK,NK
PBMC10k_CAACAACGTACCGCGT-1,1671,CD4 T,CD4 TEM
PBMC10k_CAACAACGTTCATCGA-1,1673,Mono,CD14 Mono
PBMC10k_CAACAGTCACATGACT-1,1679,CD8 T,CD8 Naive
PBMC10k_CAACAGTTCGCTGACG-1,1681,CD4 T,CD4 Naive
PBMC10k_CAACAGTTCGTTACCC-1,1682,Mono,CD14 Mono
PBMC10k_CAACCAACACCTAAAC-1,1683,Mono,CD14 Mono
PBMC10k_CAACCAAGTTAGGCTT-1,1684,NK,NK
PBMC10k_CAACCAATCCGATAGT-1,1688,CD4 T,CD4 TEM
PBMC10k_CAACCAATCTTGGAAC-1,1689,Mono,CD14 Mono
PBMC10k_CAACCTCAGACAACTA-1,1690,CD4 T,CD4 Naive
PBMC10k_CAACCTCAGGCACTAG-1,1691,B,B naive
PBMC10k_CAACCTCCAAGTACCT-1,1693,B,B naive
PBMC10k_CAACCTCGTAATGTGA-1,1695,other T,dnT
PBMC10k_CAACGATCATACCACA-1,1699,other T,gdT
PBMC10k_CAACGGCAGCATGCGA-1,1700,CD8 T,CD8 Naive
PBMC10k_CAACGGCAGGACAACC-1,1701,other T,MAIT
PBMC10k_CAACGGCCACGACGTC-1,1702,CD8 T,CD8 TEM
PBMC10k_CAACGGCGTTCGGCTG-1,1703,B,B naive
PBMC10k_CAACGGCTCTCGCCTA-1,1705,NK,NK
PBMC10k_CAAGACTAGTCAGCGA-1,1706,CD4 T,CD4 Naive
PBMC10k_CAAGACTAGTTCCGTA-1,1707,CD4 T,CD4 Naive
PBMC10k_CAAGACTCAAGTGGAC-1,1708,CD8 T,CD8 TEM
PBMC10k_CAAGACTGTGATGGCA-1,1709,other T,MAIT
PBMC10k_CAAGAGGGTCTGTGCG-1,1714,CD8 T,CD8 TCM
PBMC10k_CAAGAGGGTGTGTCGC-1,1716,B,B naive
PBMC10k_CAAGAGGTCAGGCGAA-1,1717,CD4 T,CD4 Proliferating
PBMC10k_CAAGGGACAAGACTGG-1,1724,B,B naive
PBMC10k_CAAGGGAGTGAGCCAA-1,1726,CD4 T,CD4 TEM
PBMC10k_CAATACGAGTATAGAC-1,1730,Mono,CD14 Mono
PBMC10k_CAATACGGTTCAGGTT-1,1732,Mono,CD14 Mono
PBMC10k_CAATACGTCAAGTGGG-1,1733,CD4 T,CD4 TEM
PBMC10k_CAATCGAAGTGTCATC-1,1734,other T,dnT
PBMC10k_CAATCGACATTGACAC-1,1736,CD4 T,CD4 TEM
PBMC10k_CAATCGATCCGAAGGA-1,1737,NK,NK
PBMC10k_CAATCGATCCTTCAGC-1,1738,CD8 T,CD8 TCM
PBMC10k_CAATGACAGGTTACCT-1,1740,other T,dnT
PBMC10k_CAATGACCAGGTCCGT-1,1741,CD4 T,CD4 TEM
PBMC10k_CAATGACGTGATTCTG-1,1743,Mono,CD14 Mono
PBMC10k_CAATTTCGTATCTCGA-1,1747,CD4 T,CD4 TCM
PBMC10k_CAATTTCGTTTGAAAG-1,1750,other T,MAIT
PBMC10k_CACAACACACTCGATA-1,1754,Mono,CD14 Mono
PBMC10k_CACAACATCAAGGCTT-1,1757,CD8 T,CD8 Proliferating
PBMC10k_CACAACATCCATACAG-1,1758,CD4 T,Treg
PBMC10k_CACAACATCGTAGCTA-1,1759,Mono,CD14 Mono
PBMC10k_CACACAAGTGGTCAAG-1,1761,Mono,CD16 Mono
PBMC10k_CACACAAGTTAAACAG-1,1762,B,B memory
PBMC10k_CACAGATAGAAGCCAC-1,1765,Mono,CD14 Mono
PBMC10k_CACAGATAGCAACAGC-1,1766,other,Eryth
PBMC10k_CACAGATAGCACGGAT-1,1767,NK,NK
PBMC10k_CACAGATGTGACTAAA-1,1769,other T,MAIT
PBMC10k_CACAGGCAGAGTAACT-1,1771,CD4 T,CD4 TCM
PBMC10k_CACAGGCCAGTTTGGT-1,1773,CD4 T,CD4 Naive
PBMC10k_CACAGGCCATGGACAG-1,1774,CD8 T,CD8 TEM
PBMC10k_CACAGGCGTGGTCCGT-1,1775,CD4 T,CD4 Naive
PBMC10k_CACAGGCGTGTCTTCC-1,1776,Mono,CD14 Mono
PBMC10k_CACATGAGTATGAAGT-1,1779,Mono,CD14 Mono
PBMC10k_CACATGAGTTACGTAC-1,1780,NK,NK
PBMC10k_CACCAAAAGAGGTTAT-1,1783,Mono,CD14 Mono
PBMC10k_CACCAAAAGCCATATC-1,1784,other T,MAIT
PBMC10k_CACCAAAGTTATAGCC-1,1785,CD4 T,CD4 TCM
PBMC10k_CACCGTTTCGGCATTA-1,1791,CD8 T,CD8 TEM
PBMC10k_CACGAATCAACACACT-1,1793,CD8 T,CD8 Naive
PBMC10k_CACGAATCATCTAGAC-1,1795,CD8 T,CD8 Proliferating
PBMC10k_CACGAATCATGTTCGA-1,1796,CD4 T,CD4 TCM
PBMC10k_CACGAATGTACAATAG-1,1798,CD4 T,CD4 TCM
PBMC10k_CACGAATGTGCCTGCA-1,1801,other T,MAIT
PBMC10k_CACGAATTCAGTCTTT-1,1802,Mono,CD14 Mono
PBMC10k_CACGGGTAGCAGCAGT-1,1806,CD8 T,CD8 Naive
PBMC10k_CACGTGGCAAATCAAG-1,1810,other,Eryth
PBMC10k_CACGTGGCAGTTAAAG-1,1811,NK,NK
PBMC10k_CACGTGGGTATGGTAA-1,1812,CD4 T,CD4 Naive
PBMC10k_CACGTGGGTCCTACAA-1,1813,CD4 T,CD4 Naive
PBMC10k_CACGTGGGTTAAACCC-1,1814,Mono,CD14 Mono
PBMC10k_CACGTGGTCCATAGAC-1,1817,Mono,CD14 Mono
PBMC10k_CACGTGGTCTAAGCGT-1,1818,CD4 T,CD4 TCM
PBMC10k_CACGTTCAGTGATAAC-1,1819,Mono,CD14 Mono
PBMC10k_CACGTTCCATATACCG-1,1821,Mono,CD16 Mono
PBMC10k_CACGTTCTCGACGTCG-1,1822,CD8 T,CD8 TEM
PBMC10k_CACTAAGCAATGGCCC-1,1824,NK,NK
PBMC10k_CACTAAGCACCAAATC-1,1825,CD8 T,CD8 Naive
PBMC10k_CACTAAGTCTGCTTAT-1,1827,CD4 T,CD4 TCM
PBMC10k_CACTGAAAGGTTGGAC-1,1829,NK,NK
PBMC10k_CACTGAATCCGCGGAT-1,1831,CD4 T,Treg
PBMC10k_CACTGGGCAGCCTACG-1,1832,Mono,CD14 Mono
PBMC10k_CACTGGGGTTGCGGAA-1,1833,Mono,CD14 Mono
PBMC10k_CACTGGGTCATGAGAA-1,1834,CD4 T,CD4 TEM
PBMC10k_CACTGGGTCATTCGTT-1,1835,B,B naive
PBMC10k_CACTGGGTCCCTCGTA-1,1836,NK,NK
PBMC10k_CACTGTCCAAACTAGA-1,1837,CD4 T,CD4 Naive
PBMC10k_CACTGTCCACAAATGA-1,1839,CD4 T,CD4 Naive
PBMC10k_CACTGTCCAGCGTATT-1,1840,Mono,CD14 Mono
PBMC10k_CACTGTCCATAGTCGT-1,1841,CD4 T,CD4 TCM
PBMC10k_CACTGTCGTGCGTCGT-1,1842,Mono,CD14 Mono
PBMC10k_CACTTCGCAGAACGCA-1,1846,CD4 T,CD4 TEM
PBMC10k_CACTTCGCAGGTCCGT-1,1848,Mono,CD14 Mono
PBMC10k_CACTTCGGTGAAGCGT-1,1851,Mono,CD14 Mono
PBMC10k_CACTTCGTCAAGCCTA-1,1852,NK,NK
PBMC10k_CACTTCGTCATTGTGG-1,1854,other T,MAIT
PBMC10k_CAGAGCCAGTTCGGTT-1,1855,NK,NK
PBMC10k_CAGAGCCCAACCAATC-1,1856,NK,NK
PBMC10k_CAGATACAGGTCCGAA-1,1857,CD4 T,CD4 TCM
PBMC10k_CAGATACAGGTGCCTC-1,1858,NK,NK
PBMC10k_CAGATCAAGAGCCCAA-1,1860,CD4 T,CD4 Naive
PBMC10k_CAGATCAAGTGGCGAT-1,1862,Mono,CD14 Mono
PBMC10k_CAGATCACATTGTAGC-1,1864,NK,NK Proliferating
PBMC10k_CAGATTGAGAGTCTGG-1,1868,CD4 T,CD4 Naive
PBMC10k_CAGATTGTCAACCTCC-1,1871,NK,NK
PBMC10k_CAGATTGTCGTAGCCG-1,1874,CD4 T,CD4 TCM
PBMC10k_CAGCAATGTTCTAAGC-1,1879,NK,NK
PBMC10k_CAGCAATTCTGGTGGC-1,1881,NK,NK
PBMC10k_CAGCACGAGCTTTCCC-1,1882,other,Eryth
PBMC10k_CAGCACGCAGCGGTTC-1,1883,Mono,CD14 Mono
PBMC10k_CAGCACGTCGGTCATA-1,1884,B,B memory
PBMC10k_CAGCCAGAGCAGTCTT-1,1886,CD4 T,CD4 TCM
PBMC10k_CAGCCAGAGCGATTCT-1,1887,CD4 T,CD4 Naive
PBMC10k_CAGCCAGAGTTGAATG-1,1890,CD4 T,CD4 Naive
PBMC10k_CAGCCAGCAGCCCAGT-1,1891,CD4 T,CD4 TCM
PBMC10k_CAGCCAGTCAACGCTA-1,1893,Mono,CD14 Mono
PBMC10k_CAGCGTGAGTCACTCA-1,1895,CD4 T,CD4 Naive
PBMC10k_CAGCGTGAGTCTAGAA-1,1896,other,Eryth
PBMC10k_CAGCGTGTCCATAAGC-1,1901,CD4 T,CD4 TEM
PBMC10k_CAGGCCAAGCGTTCCG-1,1902,Mono,CD14 Mono
PBMC10k_CAGGCCAGTCCTGTCT-1,1906,CD8 T,CD8 TEM
PBMC10k_CAGGCCAGTGATTAGA-1,1908,Mono,CD16 Mono
PBMC10k_CAGGCCATCCACGGGT-1,1909,CD4 T,CD4 Naive
PBMC10k_CAGGCCATCTGCGAGC-1,1910,CD4 T,CD4 TEM
PBMC10k_CAGGGCTAGTTGGCGA-1,1911,Mono,CD14 Mono
PBMC10k_CAGGGCTCAAACGAGC-1,1912,other T,MAIT
PBMC10k_CAGGGCTCATCCTAAG-1,1915,CD4 T,CD4 TCM
PBMC10k_CAGGGCTCATCGCTCT-1,1916,NK,NK
PBMC10k_CAGGGCTGTATTCCGA-1,1917,CD4 T,CD4 Naive
PBMC10k_CAGGTATAGAAGGGAT-1,1919,NK,NK
PBMC10k_CAGGTATAGTCACGCC-1,1920,CD4 T,Treg
PBMC10k_CAGGTATCACTTACAG-1,1922,CD8 T,CD8 Naive
PBMC10k_CAGGTATGTGCCTTCT-1,1924,Mono,CD14 Mono
PBMC10k_CAGGTATGTGGTCTCG-1,1925,Mono,CD14 Mono
PBMC10k_CAGGTATTCGCTTGAA-1,1928,CD8 T,CD8 Naive
PBMC10k_CAGTGCGAGTACCCTA-1,1930,Mono,CD14 Mono
PBMC10k_CAGTGCGAGTCCCAGC-1,1931,CD4 T,CD4 Naive
PBMC10k_CAGTGCGCAAGAGTAT-1,1932,Mono,CD14 Mono
PBMC10k_CAGTGCGCACAGACGA-1,1933,CD4 T,Treg
PBMC10k_CAGTTAGCACGGCGTT-1,1935,CD8 T,CD8 TCM
PBMC10k_CAGTTAGCACTATCGA-1,1936,other T,gdT
PBMC10k_CAGTTCCAGGTGAGCT-1,1940,CD4 T,CD4 Naive
PBMC10k_CAGTTCCGTGCCTGAC-1,1942,other T,MAIT
PBMC10k_CAGTTCCTCCTCACTG-1,1943,Mono,CD14 Mono
PBMC10k_CATAAGCAGCCACCGT-1,1945,NK,NK_CD56bright
PBMC10k_CATAAGCCAGCTGCCA-1,1947,Mono,CD14 Mono
PBMC10k_CATACAGAGATAACGT-1,1949,other,Eryth
PBMC10k_CATACAGAGTGGAAGA-1,1950,Mono,CD14 Mono
PBMC10k_CATACAGCATGAGATA-1,1951,Mono,CD14 Mono
PBMC10k_CATACAGGTAGGATAT-1,1953,Mono,CD14 Mono
PBMC10k_CATACAGGTGGCTTAT-1,1955,CD4 T,CD4 TCM
PBMC10k_CATACAGTCGTGGTAT-1,1958,Mono,CD14 Mono
PBMC10k_CATACCCCAATGAACA-1,1960,other T,MAIT
PBMC10k_CATACCCCAGGATTCT-1,1961,CD8 T,CD8 TEM
PBMC10k_CATACCCGTTATGTCG-1,1963,Mono,CD14 Mono
PBMC10k_CATACCCTCGGCTTCT-1,1966,other T,gdT
PBMC10k_CATACTTCATCGCCTT-1,1968,Mono,CD16 Mono
PBMC10k_CATACTTGTGGGTATG-1,1969,B,B naive
PBMC10k_CATACTTTCAAGCCCG-1,1970,B,B naive
PBMC10k_CATACTTTCCTCAGGG-1,1971,CD8 T,CD8 Naive
PBMC10k_CATAGACAGGATAATC-1,1972,Mono,CD14 Mono
PBMC10k_CATAGACGTGTTACTG-1,1975,CD4 T,CD4 Naive
PBMC10k_CATAGACTCGGCTTGG-1,1977,Mono,CD14 Mono
PBMC10k_CATCAAGAGACGACTG-1,1978,NK,NK
PBMC10k_CATCAAGCAGTAGGAC-1,1982,Mono,CD14 Mono
PBMC10k_CATCAAGGTCGAACAG-1,1983,CD4 T,CD4 Naive
PBMC10k_CATCAAGTCACGTCCT-1,1985,CD8 T,CD8 Naive
PBMC10k_CATCAAGTCATGCCCT-1,1986,NK,NK
PBMC10k_CATCCACCAGCTGAGA-1,1990,NK,NK
PBMC10k_CATCCACCATGTTTGG-1,1991,B,B naive
PBMC10k_CATCCACGTTGCATGT-1,1992,CD8 T,CD8 TEM
PBMC10k_CATCCCAAGGGACTGT-1,1996,Mono,CD16 Mono
PBMC10k_CATCCCAGTGTAAATG-1,1998,Mono,CD14 Mono
PBMC10k_CATCCCATCTGGGCGT-1,1999,Mono,CD14 Mono
PBMC10k_CATCCGTAGGACGCTA-1,2001,B,B naive
PBMC10k_CATCCGTAGGCTGAAC-1,2002,Mono,CD14 Mono
PBMC10k_CATCCGTCACGGGTAA-1,2004,B,B naive
PBMC10k_CATCCGTTCAAAGGAT-1,2007,other T,dnT
PBMC10k_CATCGCTAGGACAACC-1,2012,CD4 T,CD4 Naive
PBMC10k_CATCGCTCAATACGCT-1,2013,CD8 T,CD8 Naive
PBMC10k_CATCGCTTCTTGGATG-1,2018,Mono,CD14 Mono
PBMC10k_CATCGGGAGTTGCCTA-1,2020,Mono,CD16 Mono
PBMC10k_CATCGGGCACTGCGTG-1,2021,CD4 T,CD4 Naive
PBMC10k_CATCGGGGTATGAGCG-1,2024,CD4 T,CD4 Naive
PBMC10k_CATCGTCCAGTATGAA-1,2028,CD4 T,CD4 TCM
PBMC10k_CATCGTCGTGGCGCTT-1,2030,CD4 T,Treg
PBMC10k_CATCGTCTCCTGTAAG-1,2031,Mono,CD16 Mono
PBMC10k_CATGAGTAGCAAGGAA-1,2032,CD8 T,CD8 TCM
PBMC10k_CATGAGTCAACGCATT-1,2033,CD8 T,CD8 TEM
PBMC10k_CATGAGTCAAGGCTTT-1,2034,CD4 T,CD4 TCM
PBMC10k_CATGAGTCAGACAATA-1,2036,Mono,CD14 Mono
PBMC10k_CATGAGTGTTATTCCT-1,2037,Mono,CD14 Mono
PBMC10k_CATGAGTTCCCGATCT-1,2039,Mono,CD16 Mono
PBMC10k_CATGCAAGTCTAGATC-1,2043,Mono,CD16 Mono
PBMC10k_CATGCAATCCATCAGA-1,2044,Mono,CD14 Mono
PBMC10k_CATGCAATCGGCGATC-1,2045,CD8 T,CD8 Naive
PBMC10k_CATGCCTCATCTAGAC-1,2048,other,Eryth
PBMC10k_CATGCCTGTAGTCCTA-1,2049,CD4 T,CD4 Naive
PBMC10k_CATGCCTTCTTCCGTG-1,2053,other,Eryth
PBMC10k_CATGCGGAGCGTGAAC-1,2054,B,B naive
PBMC10k_CATGCGGAGGGTGAGG-1,2056,CD4 T,Treg
PBMC10k_CATGCGGAGTTTCAGC-1,2057,Mono,CD14 Mono
PBMC10k_CATGCGGGTTCGAGCC-1,2059,CD8 T,CD8 Naive
PBMC10k_CATGCGGGTTCTGACA-1,2060,CD4 T,CD4 TCM
PBMC10k_CATGCTCCACCTGTCT-1,2063,CD4 T,CD4 TCM
PBMC10k_CATGCTCGTGACCGAA-1,2064,CD4 T,CD4 TEM
PBMC10k_CATGGATAGAAACCCG-1,2065,CD4 T,CD4 TCM
PBMC10k_CATGGATAGCAGGCTA-1,2066,NK,NK
PBMC10k_CATGGATCAGTCCCGA-1,2069,CD4 T,CD4 TCM
PBMC10k_CATGGATGTCACCGCA-1,2070,CD8 T,CD8 TEM
PBMC10k_CATGGATTCAACCTCC-1,2074,CD8 T,CD8 Naive
PBMC10k_CATTCATAGTCGAATA-1,2080,CD8 T,CD8 Naive
PBMC10k_CATTCATCAGGCACAA-1,2082,CD4 T,CD4 Naive
PBMC10k_CATTCATGTTCGTAAC-1,2083,Mono,CD14 Mono
PBMC10k_CATTCATTCCTAGAGT-1,2086,CD4 T,CD4 TCM
PBMC10k_CATTCATTCGTCAGAT-1,2087,NK,NK
PBMC10k_CATTCCGAGATACAGT-1,2088,CD4 T,CD4 TCM
PBMC10k_CATTCCGAGATTACCC-1,2089,CD4 T,CD4 TCM
PBMC10k_CATTCCGCATCCTTGC-1,2090,Mono,CD14 Mono
PBMC10k_CATTCCGGTAGCTAAA-1,2092,CD8 T,CD8 Naive
PBMC10k_CATTCCGGTCCTTAAG-1,2094,Mono,CD14 Mono
PBMC10k_CATTCCGTCGGTCGAC-1,2096,Mono,CD14 Mono
PBMC10k_CATTCCGTCTAAGAAG-1,2097,NK,NK
PBMC10k_CATTCCGTCTAGCAAC-1,2099,NK,NK
PBMC10k_CATTCTAAGGTAACTA-1,2100,Mono,CD14 Mono
PBMC10k_CATTGAGAGATAGTGT-1,2102,NK,NK
PBMC10k_CATTGAGAGTCGAGGT-1,2103,B,B naive
PBMC10k_CATTGAGCAAGAGCTG-1,2104,NK,NK
PBMC10k_CATTGCCAGGCTCTCG-1,2109,other,ILC
PBMC10k_CATTGCCCAAACTGCT-1,2110,Mono,CD14 Mono
PBMC10k_CATTGCCCAGCTGTGC-1,2111,CD4 T,Treg
PBMC10k_CATTGCCGTCTCGGGT-1,2112,other,ILC
PBMC10k_CATTGCCGTCTTAGTG-1,2113,CD4 T,CD4 Proliferating
PBMC10k_CATTGCCGTTGCCGAC-1,2114,other T,gdT
PBMC10k_CATTGCCTCCCTCGAT-1,2115,CD4 T,CD4 Naive
PBMC10k_CATTGTTAGAACCGCA-1,2118,NK,NK
PBMC10k_CATTGTTCATTCCTCG-1,2120,CD4 T,CD4 Naive
PBMC10k_CATTGTTGTAAGACCG-1,2121,other,Eryth
PBMC10k_CATTGTTTCAAGATAG-1,2123,NK,NK
PBMC10k_CATTGTTTCTGTGCAA-1,2125,CD4 T,CD4 TCM
PBMC10k_CATTGTTTCTTGCGCT-1,2126,B,B naive
PBMC10k_CATTTCAAGCTCCGAC-1,2128,B,B naive
PBMC10k_CCAAGCGGTGTACGCC-1,2137,DC,cDC2
PBMC10k_CCAAGCGTCGAGTGGA-1,2140,NK,NK
PBMC10k_CCAATGAAGACCAGCA-1,2141,CD4 T,CD4 TCM
PBMC10k_CCAATGAAGTACGAGC-1,2142,CD8 T,CD8 TEM
PBMC10k_CCAATGACAACTCCCT-1,2144,CD4 T,Treg
PBMC10k_CCAATGACATCCTAAG-1,2146,CD4 T,CD4 TCM
PBMC10k_CCAATGATCACTCTTA-1,2148,CD4 T,CD4 TCM
PBMC10k_CCAATGATCCGTGTAA-1,2149,Mono,CD14 Mono
PBMC10k_CCAATGATCGGATTAC-1,2150,Mono,CD14 Mono
PBMC10k_CCAATTTAGGACTATA-1,2151,Mono,CD14 Mono
PBMC10k_CCAATTTCATGTGGCC-1,2153,other,ILC
PBMC10k_CCACAAAAGCTGGCCT-1,2154,Mono,CD14 Mono
PBMC10k_CCACAAAAGTGGAAGA-1,2156,CD4 T,Treg
PBMC10k_CCACAAACAACGACAG-1,2157,CD8 T,CD8 Naive
PBMC10k_CCACAAAGTCTGTAGT-1,2160,CD8 T,CD8 TCM
PBMC10k_CCACAAAGTTATCCAG-1,2161,DC,pDC
PBMC10k_CCACAAATCGGTCAGC-1,2162,other T,MAIT
PBMC10k_CCACAAATCTCCCAAC-1,2163,CD4 T,CD4 TEM
PBMC10k_CCACACTAGCTGGCTC-1,2164,Mono,CD14 Mono
PBMC10k_CCACACTAGTTGGGAC-1,2165,B,B memory
PBMC10k_CCACACTCAGAGTCAG-1,2168,CD8 T,CD8 TEM
PBMC10k_CCACACTGTAAGATCA-1,2169,CD4 T,CD4 TCM
PBMC10k_CCACACTGTACCCGAC-1,2170,other T,MAIT
PBMC10k_CCACACTTCGTTCTGC-1,2171,other,Platelet
PBMC10k_CCACACTTCTTGGTGA-1,2172,CD4 T,CD4 TEM
PBMC10k_CCACACTTCTTTCCGG-1,2173,Mono,CD14 Mono
PBMC10k_CCACCATAGTAGCAAT-1,2174,NK,NK
PBMC10k_CCACCATCACGTGTGC-1,2176,other,Eryth
PBMC10k_CCACCATCATCTGTTT-1,2177,CD4 T,CD4 Naive
PBMC10k_CCACCATTCCAGCTCT-1,2178,NK,NK
PBMC10k_CCACCATTCTAGTGTG-1,2179,NK,NK
PBMC10k_CCACCATTCTCCGTGT-1,2180,other,Eryth
PBMC10k_CCACGAGAGCGAGAAA-1,2181,Mono,CD14 Mono
PBMC10k_CCACGAGGTGCGAACA-1,2186,CD4 T,CD4 Naive
PBMC10k_CCACGAGGTTGTCATG-1,2187,CD8 T,CD8 TEM
PBMC10k_CCACGAGTCAGCAGAG-1,2189,Mono,CD14 Mono
PBMC10k_CCACGAGTCCGACGGT-1,2191,Mono,CD14 Mono
PBMC10k_CCACGTTGTAGACAAT-1,2193,Mono,CD14 Mono
PBMC10k_CCACGTTGTTAGGCTT-1,2195,CD4 T,CD4 TCM
PBMC10k_CCACGTTTCGGCATAT-1,2196,B,B intermediate
PBMC10k_CCACTTGAGATGCCGA-1,2197,CD8 T,CD8 TCM
PBMC10k_CCACTTGAGCAGATAT-1,2198,CD8 T,CD8 Naive
PBMC10k_CCACTTGAGTCTGGTT-1,2199,CD4 T,CD4 Naive
PBMC10k_CCACTTGCAAGTCCCG-1,2201,CD8 T,CD8 TCM
PBMC10k_CCATAAGCACTGTTCC-1,2209,CD4 T,CD4 Naive
PBMC10k_CCATAAGCAGTTAAAG-1,2210,other,ILC
PBMC10k_CCATAAGCATCGCTCT-1,2211,Mono,CD14 Mono
PBMC10k_CCATAAGGTCCTCATC-1,2212,Mono,CD14 Mono
PBMC10k_CCATCACGTGTCCGGT-1,2214,CD4 T,CD4 TEM
PBMC10k_CCCAACTAGAATTCAG-1,2216,Mono,CD14 Mono
PBMC10k_CCCAACTAGCAAGTCG-1,2217,CD8 T,CD8 TEM
PBMC10k_CCCAACTTCGAACGCC-1,2220,CD4 T,Treg
PBMC10k_CCCAACTTCTCCACTG-1,2221,Mono,CD14 Mono
PBMC10k_CCCAACTTCTTCCCAG-1,2222,Mono,CD14 Mono
PBMC10k_CCCATTGAGTGGACGT-1,2225,CD4 T,CD4 TEM
PBMC10k_CCCATTGCAAGTCCCG-1,2226,CD4 T,CD4 Naive
PBMC10k_CCCATTGCAGTCGCTG-1,2227,CD4 T,CD4 TCM
PBMC10k_CCCATTGCATCCTAAG-1,2228,other T,MAIT
PBMC10k_CCCATTGGTGGTCTAT-1,2229,CD4 T,CD4 TEM
PBMC10k_CCCATTGGTTTATGCG-1,2230,other T,MAIT
PBMC10k_CCCGAAGAGGCGCTCT-1,2232,CD4 T,CD4 TEM
PBMC10k_CCCGAAGCACAGTCCG-1,2233,CD4 T,CD4 TCM
PBMC10k_CCCGAAGGTCGATTTG-1,2235,NK,NK
PBMC10k_CCCGAAGTCCACTTCG-1,2236,B,B naive
PBMC10k_CCCGGAACAAAGACTA-1,2238,NK,NK
PBMC10k_CCCGGAACAACGTATC-1,2239,CD4 T,CD4 TEM
PBMC10k_CCCGGAACAAGATGGC-1,2240,CD4 T,CD4 TCM
PBMC10k_CCCGGAACACACGGAA-1,2242,CD4 T,CD4 TCM
PBMC10k_CCCGGAACAGAAGCTG-1,2243,DC,cDC2
PBMC10k_CCCGGAATCTGGAGAG-1,2246,CD4 T,CD4 TCM
PBMC10k_CCCTAACAGATACTGA-1,2247,CD4 T,CD4 TEM
PBMC10k_CCCTAACGTAATTAGG-1,2249,Mono,CD14 Mono
PBMC10k_CCCTAACTCTACACTT-1,2250,B,B naive
PBMC10k_CCCTAACTCTAGATCG-1,2251,DC,cDC2
PBMC10k_CCCTCAACAACCAACT-1,2254,Mono,CD14 Mono
PBMC10k_CCCTCAAGTGTCCACG-1,2257,B,B intermediate
PBMC10k_CCCTCAAGTTACCCTC-1,2258,Mono,CD14 Mono
PBMC10k_CCCTCAAGTTGCGTAT-1,2259,CD4 T,CD4 CTL
PBMC10k_CCCTCAAGTTGTGGAG-1,2260,other T,MAIT
PBMC10k_CCCTCTCAGGGTCTTT-1,2262,other,Eryth
PBMC10k_CCCTCTCCAACTGCTA-1,2263,CD4 T,CD4 Naive
PBMC10k_CCCTCTCCAGTTGAAA-1,2264,CD4 T,CD4 Naive
PBMC10k_CCCTCTCTCATTTCCA-1,2265,CD4 T,CD4 Naive
PBMC10k_CCCTCTCTCTGCTTAT-1,2267,other,Eryth
PBMC10k_CCCTGATAGCATTGTC-1,2268,CD8 T,CD8 Naive
PBMC10k_CCCTGATCAACAACAA-1,2271,CD4 T,CD4 Naive
PBMC10k_CCCTGATCAACTCGTA-1,2272,NK,NK
PBMC10k_CCCTGATCAGGAATAT-1,2273,CD4 T,CD4 Naive
PBMC10k_CCCTGATGTCGATGCC-1,2274,CD4 T,CD4 Naive
PBMC10k_CCCTTAGAGCATGAAT-1,2277,Mono,CD14 Mono
PBMC10k_CCCTTAGCAAGTACCT-1,2281,CD4 T,CD4 TEM
PBMC10k_CCCTTAGCACAAGTGG-1,2282,CD8 T,CD8 Proliferating
PBMC10k_CCCTTAGTCCATGCAA-1,2286,CD4 T,CD4 TCM
PBMC10k_CCGAACGAGACTTCGT-1,2287,Mono,CD14 Mono
PBMC10k_CCGAACGCATCGGATT-1,2289,CD4 T,CD4 Naive
PBMC10k_CCGAACGGTCCCTGTT-1,2291,CD4 T,CD4 Naive
PBMC10k_CCGAACGTCACCATGA-1,2292,other,Eryth
PBMC10k_CCGAACGTCACGTAGT-1,2293,CD4 T,CD4 Naive
PBMC10k_CCGATCTCAAATCCCA-1,2296,Mono,CD14 Mono
PBMC10k_CCGATCTGTGGTTCTA-1,2299,CD8 T,CD8 Naive
PBMC10k_CCGATCTTCTCCGAGG-1,2301,CD4 T,CD4 Naive
PBMC10k_CCGATCTTCTCTGAGA-1,2302,CD4 T,CD4 Naive
PBMC10k_CCGATGGAGCAAGGAA-1,2303,Mono,CD14 Mono
PBMC10k_CCGATGGGTATAGGAT-1,2304,CD4 T,CD4 TEM
PBMC10k_CCGATGGGTCGAATTC-1,2305,Mono,CD14 Mono
PBMC10k_CCGATGGTCCGAACGC-1,2308,NK,NK
PBMC10k_CCGCAAGCAACGATTC-1,2310,CD8 T,CD8 Naive
PBMC10k_CCGCAAGCATGACCCG-1,2311,NK,NK
PBMC10k_CCGCAAGGTGGCCTCA-1,2312,CD4 T,CD4 Naive
PBMC10k_CCGGGTAAGCAATTAG-1,2319,Mono,CD14 Mono
PBMC10k_CCGGGTACAATGCTCA-1,2320,DC,pDC
PBMC10k_CCGGGTACATCGGTTA-1,2322,Mono,CD14 Mono
PBMC10k_CCGGGTAGTAAGGTCG-1,2323,CD4 T,CD4 Naive
PBMC10k_CCGGGTATCGTCTCAC-1,2326,other T,dnT
PBMC10k_CCGGGTATCTGCGGCA-1,2327,CD8 T,CD8 TEM
PBMC10k_CCGGTAGAGCGAATGC-1,2328,other T,dnT
PBMC10k_CCGGTAGGTACGGTTT-1,2330,CD4 T,CD4 Naive
PBMC10k_CCGGTAGTCCTGTAGA-1,2332,CD4 T,Treg
PBMC10k_CCGGTAGTCTACCACC-1,2333,CD4 T,CD4 TCM
PBMC10k_CCGTAGGCAATTCACG-1,2338,CD4 T,CD4 TCM
PBMC10k_CCGTAGGTCCACTTTA-1,2341,CD8 T,CD8 TEM
PBMC10k_CCGTAGGTCTCAGGCG-1,2342,CD4 T,Treg
PBMC10k_CCGTAGGTCTGCCTGT-1,2343,other,Eryth
PBMC10k_CCGTGAGAGTCGAAAT-1,2346,other T,dnT
PBMC10k_CCGTGAGGTAGCGATG-1,2347,Mono,CD14 Mono
PBMC10k_CCGTTCAAGCTCTTCC-1,2350,Mono,CD14 Mono
PBMC10k_CCGTTCAGTAACACGG-1,2351,Mono,CD14 Mono
PBMC10k_CCGTTCAGTAACGCGA-1,2352,CD4 T,CD4 TCM
PBMC10k_CCGTTCAGTAGCTTTG-1,2354,CD4 T,CD4 Naive
PBMC10k_CCGTTCATCGGAGCAA-1,2357,Mono,CD14 Mono
PBMC10k_CCTAACCAGAGTCTGG-1,2358,CD4 T,CD4 TCM
PBMC10k_CCTAACCCAAGTCGTT-1,2359,other,ILC
PBMC10k_CCTAACCCAGCGATTT-1,2360,CD8 T,CD8 Naive
PBMC10k_CCTAACCGTCTGTGGC-1,2362,NK,NK_CD56bright
PBMC10k_CCTAACCTCTTGAACG-1,2366,Mono,CD14 Mono
PBMC10k_CCTAAGAAGATGAAGG-1,2367,other,Eryth
PBMC10k_CCTAAGAAGGTACCTT-1,2369,NK,NK
PBMC10k_CCTAAGAAGTAAACTG-1,2371,other T,dnT
PBMC10k_CCTAAGAGTATCCCTC-1,2374,Mono,CD14 Mono
PBMC10k_CCTAAGAGTCTTGTCC-1,2375,CD4 T,CD4 TCM
PBMC10k_CCTAAGAGTTCACGAT-1,2376,CD4 T,CD4 TEM
PBMC10k_CCTAAGATCGACCTAA-1,2378,CD4 T,CD4 Naive
PBMC10k_CCTAAGATCGTAGCCG-1,2379,CD8 T,CD8 Proliferating
PBMC10k_CCTACGTCAGCCATTA-1,2381,DC,cDC2
PBMC10k_CCTACGTCAGGTTCAT-1,2382,CD4 T,CD4 Naive
PBMC10k_CCTACGTGTCAAATCC-1,2384,DC,cDC2
PBMC10k_CCTACGTGTGAATAAC-1,2385,B,B naive
PBMC10k_CCTACGTTCAGCTAGT-1,2387,NK,NK
PBMC10k_CCTACGTTCCGTGGTG-1,2388,Mono,CD14 Mono
PBMC10k_CCTATCGAGGTGGCTA-1,2391,CD4 T,CD4 TEM
PBMC10k_CCTATCGCACAACGTT-1,2392,CD4 T,CD4 Naive
PBMC10k_CCTATCGCACGCTGCA-1,2393,Mono,CD14 Mono
PBMC10k_CCTATCGGTAGAGTTA-1,2394,CD4 T,CD4 TCM
PBMC10k_CCTATCGGTGTACGCC-1,2395,Mono,CD14 Mono
PBMC10k_CCTCAACAGAGGTCAC-1,2396,CD4 T,CD4 TCM
PBMC10k_CCTCAACAGATTAGTG-1,2397,other T,MAIT
PBMC10k_CCTCAACAGGGACACT-1,2398,DC,cDC2
PBMC10k_CCTCAACCAGGACTTT-1,2399,Mono,CD14 Mono
PBMC10k_CCTCAACCAGGTTCAT-1,2400,CD4 T,CD4 Naive
PBMC10k_CCTCAACCATCCAACA-1,2401,Mono,CD14 Mono
PBMC10k_CCTCAACCATGAGTAA-1,2402,Mono,CD16 Mono
PBMC10k_CCTCAACGTGAATATG-1,2403,CD4 T,CD4 TCM
PBMC10k_CCTCAACTCAGGTGTT-1,2404,other T,MAIT
PBMC10k_CCTCAACTCATTACGG-1,2405,Mono,CD14 Mono
PBMC10k_CCTCAACTCCATCACC-1,2406,NK,NK
PBMC10k_CCTCAACTCCCATTTA-1,2408,CD4 T,CD4 Naive
PBMC10k_CCTCACAAGCTCCGAC-1,2410,Mono,CD14 Mono
PBMC10k_CCTCACAGTATGCTTG-1,2411,Mono,CD14 Mono
PBMC10k_CCTCACATCGTGTTCC-1,2413,other T,MAIT
PBMC10k_CCTCAGTGTATGAAGT-1,2414,NK,NK
PBMC10k_CCTCAGTTCACTTTGT-1,2415,CD4 T,CD4 Naive
PBMC10k_CCTCAGTTCCATTTGT-1,2416,CD8 T,CD8 TEM
PBMC10k_CCTCAGTTCCTAGCCT-1,2417,CD8 T,CD8 Naive
PBMC10k_CCTCATGAGATAACAC-1,2418,CD4 T,CD4 TEM
PBMC10k_CCTCATGGTTTGGAAA-1,2423,Mono,CD14 Mono
PBMC10k_CCTCATGTCACGGAGA-1,2425,CD4 T,Treg
PBMC10k_CCTCATGTCATGCAGT-1,2426,CD4 T,Treg
PBMC10k_CCTCATGTCCAACTAG-1,2427,B,B naive
PBMC10k_CCTCCAAAGATGAACT-1,2428,CD8 T,CD8 TEM
PBMC10k_CCTCCAAGTTAGAGTA-1,2430,CD4 T,CD4 Naive
PBMC10k_CCTCCAATCAACGTGT-1,2431,NK,NK
PBMC10k_CCTCCAATCTAAGAAG-1,2434,CD4 T,CD4 Naive
PBMC10k_CCTCCTCAGTCTCGTA-1,2435,CD4 T,CD4 TCM
PBMC10k_CCTCTAGGTATCGTTG-1,2441,other T,MAIT
PBMC10k_CCTCTAGGTCTCCCTA-1,2442,CD8 T,CD8 TEM
PBMC10k_CCTCTAGTCGAGTCTA-1,2443,CD8 T,CD8 Naive
PBMC10k_CCTCTCCGTATACCCA-1,2447,CD4 T,Treg
PBMC10k_CCTCTCCGTCACCGCA-1,2448,CD4 T,CD4 TCM
PBMC10k_CCTCTCCGTGACCTGC-1,2450,CD4 T,CD4 Naive
PBMC10k_CCTGCATCAGATTAAG-1,2455,NK,NK
PBMC10k_CCTGCATTCACCTCTG-1,2457,CD4 T,CD4 Naive
PBMC10k_CCTGTTGCACCGTACG-1,2460,CD4 T,CD4 Naive
PBMC10k_CCTGTTGCAGCTAACT-1,2461,CD4 T,CD4 Naive
PBMC10k_CCTGTTGGTGAGTCAG-1,2466,other T,MAIT
PBMC10k_CCTGTTGTCTTCCAGC-1,2470,CD4 T,CD4 TCM
PBMC10k_CCTTCAGAGGGAGTTC-1,2471,CD4 T,CD4 TCM
PBMC10k_CCTTCAGCACGCGTGT-1,2472,CD4 T,CD4 CTL
PBMC10k_CCTTCAGGTGTGAATA-1,2475,CD4 T,CD4 TCM
PBMC10k_CCTTCAGTCCTTGACC-1,2477,NK,NK
PBMC10k_CCTTCAGTCCTTTGAT-1,2478,CD8 T,CD8 TCM
PBMC10k_CCTTGTGGTCGTGATT-1,2483,NK,NK
PBMC10k_CCTTTGGAGGTAGGCT-1,2488,CD4 T,CD4 TCM
PBMC10k_CCTTTGGCAGCGCGTT-1,2492,other,Eryth
PBMC10k_CCTTTGGCATTCGGGC-1,2494,CD4 T,CD4 TCM
PBMC10k_CCTTTGGGTGTGTCCG-1,2495,NK,NK
PBMC10k_CCTTTGGTCCTGGCTT-1,2496,CD8 T,CD8 TCM
PBMC10k_CGAAGGAAGAACTTCC-1,2497,CD4 T,CD4 Naive
PBMC10k_CGAAGGAAGCGCAATG-1,2499,CD4 T,CD4 TCM
PBMC10k_CGAAGGAAGTCGTCTA-1,2501,NK,NK
PBMC10k_CGAAGGACAAAGTGTA-1,2502,CD4 T,CD4 Naive
PBMC10k_CGAAGGACACGCAAAG-1,2503,CD4 T,CD4 Naive
PBMC10k_CGAAGGACAGCGCTTG-1,2504,CD8 T,CD8 TEM
PBMC10k_CGAAGGAGTAGCCCTG-1,2505,B,B naive
PBMC10k_CGAAGGAGTGCATGTT-1,2506,CD8 T,CD8 Naive
PBMC10k_CGAAGGAGTTCTCCCA-1,2507,CD4 T,CD4 Naive
PBMC10k_CGAAGTTAGATCACTC-1,2509,B,B naive
PBMC10k_CGAAGTTCATCTGGGC-1,2510,Mono,CD14 Mono
PBMC10k_CGAAGTTGTGCTTATG-1,2511,NK,NK
PBMC10k_CGAATTGAGTAATCCC-1,2512,CD4 T,CD4 TEM
PBMC10k_CGACAGCCATATGCGT-1,2517,CD8 T,CD8 Naive
PBMC10k_CGACAGCGTACGTTCA-1,2518,Mono,CD14 Mono
PBMC10k_CGACAGCGTATGACAA-1,2519,Mono,CD14 Mono
PBMC10k_CGACAGCGTGACACAG-1,2520,Mono,CD14 Mono
PBMC10k_CGACAGCGTGTACAGG-1,2521,CD4 T,CD4 TEM
PBMC10k_CGACAGCGTGTTGACT-1,2522,CD4 T,Treg
PBMC10k_CGAGAAGGTGACCTGC-1,2523,CD8 T,CD8 Naive
PBMC10k_CGAGGAAAGCAGTCTT-1,2525,NK,NK_CD56bright
PBMC10k_CGAGGAAAGTGGAAAG-1,2527,CD4 T,CD4 TCM
PBMC10k_CGAGGAACAAGTACCT-1,2529,B,B naive
PBMC10k_CGAGGAACACCATAAC-1,2531,DC,cDC2
PBMC10k_CGAGGCTAGACACACG-1,2534,CD4 T,CD4 Naive
PBMC10k_CGAGGCTGTGCATCTA-1,2538,CD4 T,CD4 Naive
PBMC10k_CGAGTGCAGTCAGCCC-1,2542,CD4 T,CD4 Naive
PBMC10k_CGAGTGCCACTACGGC-1,2544,other,HSPC
PBMC10k_CGAGTGCGTGAGTAGC-1,2545,Mono,CD14 Mono
PBMC10k_CGAGTGCGTGTTCATG-1,2546,Mono,CD14 Mono
PBMC10k_CGAGTGCTCGCAACAT-1,2549,CD4 T,Treg
PBMC10k_CGAGTTAAGGTACAGC-1,2551,Mono,CD16 Mono
PBMC10k_CGAGTTAAGTCTAACC-1,2552,B,B naive
PBMC10k_CGAGTTACATGAATCC-1,2554,other T,gdT
PBMC10k_CGAGTTATCTACGCAA-1,2558,CD4 T,Treg
PBMC10k_CGATCGGCATTCCTAT-1,2560,CD4 T,CD4 TEM
PBMC10k_CGATCGGGTCGTATGT-1,2562,CD4 T,Treg
PBMC10k_CGATCGGGTTGGTAGG-1,2563,CD4 T,Treg
PBMC10k_CGATCGGTCAATGTCG-1,2564,CD4 T,CD4 TCM
PBMC10k_CGATCGGTCTGTCGCT-1,2566,Mono,CD14 Mono
PBMC10k_CGATGCGAGATGCTTC-1,2567,CD4 T,CD4 TEM
PBMC10k_CGATGCGGTCCTGAAT-1,2569,Mono,CD16 Mono
PBMC10k_CGATGGCAGAGGATCC-1,2572,CD4 T,CD4 TEM
PBMC10k_CGATGGCAGGTGGCTA-1,2573,CD8 T,CD8 TEM
PBMC10k_CGATGGCAGTCTGGTT-1,2575,CD4 T,CD4 CTL
PBMC10k_CGATGGCCACCCGTAG-1,2576,other T,gdT
PBMC10k_CGATGGCGTCGTGGAA-1,2577,NK,NK
PBMC10k_CGATGGCTCGGACTGC-1,2578,other T,MAIT
PBMC10k_CGCAGGTCATTCCTAT-1,2582,CD4 T,CD4 TCM
PBMC10k_CGCAGGTGTCTATGAC-1,2584,CD8 T,CD8 Naive
PBMC10k_CGCAGGTTCACAGTGT-1,2585,Mono,CD14 Mono
PBMC10k_CGCAGGTTCCAAGCAT-1,2586,CD4 T,CD4 TEM
PBMC10k_CGCATAAAGCAGGCTA-1,2588,CD4 T,CD4 Naive
PBMC10k_CGCATAAAGGTAGACC-1,2589,CD4 T,CD4 Naive
PBMC10k_CGCATAAAGTTGGACG-1,2590,Mono,CD14 Mono
PBMC10k_CGCATAACAGAATTCC-1,2591,CD4 T,CD4 Naive
PBMC10k_CGCATAACAGTTGAAA-1,2592,NK,NK
PBMC10k_CGCATAACATCGTCCT-1,2593,other,ILC
PBMC10k_CGCATAAGTCAGGAGT-1,2594,other T,dnT
PBMC10k_CGCATAAGTTGAGGAC-1,2595,NK,NK
PBMC10k_CGCATAATCCATACTT-1,2597,CD4 T,Treg
PBMC10k_CGCATAATCCTCACGT-1,2598,other T,MAIT
PBMC10k_CGCATAATCGAGAAGC-1,2599,NK,NK
PBMC10k_CGCATAATCTACTCAT-1,2600,other T,dnT
PBMC10k_CGCATGGGTCCAAATC-1,2602,other T,MAIT
PBMC10k_CGCATGGGTTAGGCTT-1,2603,NK,NK
PBMC10k_CGCATGGTCCGGTTCT-1,2604,other T,MAIT
PBMC10k_CGCATGGTCCTTGAAG-1,2605,DC,cDC2
PBMC10k_CGCCAGACACGTCGGT-1,2607,Mono,CD14 Mono
PBMC10k_CGCCAGACAGATGCGA-1,2608,Mono,CD14 Mono
PBMC10k_CGCCAGACAGCGCGTT-1,2609,NK,NK Proliferating
PBMC10k_CGCCAGACATACAGGG-1,2610,other,ILC
PBMC10k_CGCCAGAGTAGCTGAG-1,2611,other,Eryth
PBMC10k_CGCCAGAGTCCCTCAT-1,2613,Mono,CD16 Mono
PBMC10k_CGCCAGAGTGAGCCAA-1,2615,NK,NK
PBMC10k_CGCCATTAGACTTCAC-1,2617,NK,NK
PBMC10k_CGCCATTGTCCCTGAG-1,2619,Mono,CD14 Mono
PBMC10k_CGCGTGACACTGTCGG-1,2623,NK,NK
PBMC10k_CGCGTGATCGCCAGAC-1,2626,Mono,CD14 Mono
PBMC10k_CGGAACCAGTGGTTCT-1,2627,NK,NK
PBMC10k_CGGAACCTCAGACTGT-1,2631,NK,NK
PBMC10k_CGGAACCTCCACTTTA-1,2632,DC,cDC2
PBMC10k_CGGAACCTCTTTCAGT-1,2633,NK,NK
PBMC10k_CGGAATTAGTTCCTGA-1,2634,Mono,CD14 Mono
PBMC10k_CGGAATTGTTCATCGA-1,2636,other T,dnT
PBMC10k_CGGAATTTCCCTATTA-1,2637,CD4 T,CD4 TEM
PBMC10k_CGGACACGTCTCGCGA-1,2638,CD4 T,CD4 TEM
PBMC10k_CGGAGAAAGACAGCTG-1,2641,CD4 T,CD4 Naive
PBMC10k_CGGAGAACAACGCATT-1,2642,NK,NK
PBMC10k_CGGAGAATCGCCGAAC-1,2645,NK,NK
PBMC10k_CGGCAGTGTATGTCAC-1,2649,CD4 T,CD4 Naive
PBMC10k_CGGCAGTGTCGTGGTC-1,2650,Mono,CD14 Mono
PBMC10k_CGGCAGTGTTGTAAAG-1,2651,CD4 T,CD4 Naive
PBMC10k_CGGGACTAGTCTAACC-1,2652,other,ILC
PBMC10k_CGGGACTCACGAGAAC-1,2654,other T,MAIT
PBMC10k_CGGGACTGTTGGCCGT-1,2657,other,ILC
PBMC10k_CGGGACTTCTCCATAT-1,2659,CD4 T,CD4 Naive
PBMC10k_CGGGCATAGAATCCCT-1,2660,other T,MAIT
PBMC10k_CGGGCATCACATCCCT-1,2662,CD4 T,CD4 TCM
PBMC10k_CGGGCATGTTAGGCTT-1,2663,Mono,CD14 Mono
PBMC10k_CGGGTCACAGACTGCC-1,2666,Mono,CD14 Mono
PBMC10k_CGGGTCACATACAGGG-1,2667,CD4 T,CD4 TCM
PBMC10k_CGGGTCAGTATCCCAA-1,2668,CD8 T,CD8 TCM
PBMC10k_CGGGTCATCGTACACA-1,2669,Mono,CD14 Mono
PBMC10k_CGGGTCATCTTGGTCC-1,2670,other,Eryth
PBMC10k_CGGGTGTAGTACAGCG-1,2671,other,Eryth
PBMC10k_CGGGTGTAGTCTAGAA-1,2672,CD8 T,CD8 TCM
PBMC10k_CGGGTGTCACAGAAGC-1,2675,other,ILC
PBMC10k_CGGGTGTCAGGAGGAG-1,2677,CD4 T,Treg
PBMC10k_CGGGTGTCATTGGATC-1,2678,CD4 T,Treg
PBMC10k_CGGGTGTTCCATAAGC-1,2679,CD8 T,CD8 Naive
PBMC10k_CGGTCAGAGCCTGAGA-1,2681,Mono,CD14 Mono
PBMC10k_CGGTCAGCAATGCAAA-1,2683,other,Eryth
PBMC10k_CGGTCAGCACAACGAG-1,2684,NK,NK
PBMC10k_CGGTCAGCACACGGTC-1,2685,Mono,CD14 Mono
PBMC10k_CGGTCAGCAGCACAAG-1,2686,CD4 T,CD4 TEM
PBMC10k_CGGTCAGCAGTTGGTT-1,2687,CD4 T,CD4 TCM
PBMC10k_CGGTCAGGTAGATGTA-1,2690,Mono,CD14 Mono
PBMC10k_CGGTCAGGTAGCGCTC-1,2691,CD4 T,CD4 TEM
PBMC10k_CGGTCAGGTTCTCAGA-1,2692,Mono,CD14 Mono
PBMC10k_CGGTCAGGTTGTCAGT-1,2693,CD4 T,CD4 Naive
PBMC10k_CGGTCAGGTTGTGGAG-1,2694,CD4 T,CD4 TEM
PBMC10k_CGGTCAGTCTCTGCCA-1,2695,CD8 T,CD8 TEM
PBMC10k_CGTAAGTAGACCAAAT-1,2696,B,B memory
PBMC10k_CGTAAGTAGCCAAGTG-1,2697,B,B intermediate
PBMC10k_CGTAAGTGTAGTCTTG-1,2698,Mono,CD14 Mono
PBMC10k_CGTAAGTGTCTACACA-1,2699,NK,NK
PBMC10k_CGTAAGTTCTAGATCG-1,2702,CD4 T,CD4 TCM
PBMC10k_CGTAATGAGCCTCTTC-1,2703,CD8 T,CD8 TCM
PBMC10k_CGTAATGGTATAGGGC-1,2706,CD8 T,CD8 TEM
PBMC10k_CGTAGTAAGTAGATCA-1,2708,NK,NK
PBMC10k_CGTAGTACAATCGCAT-1,2709,other T,dnT
PBMC10k_CGTAGTACACTCACTC-1,2711,other,Eryth
PBMC10k_CGTAGTACAGACCGCT-1,2713,other,ILC
PBMC10k_CGTAGTAGTAACAGTA-1,2715,other T,dnT
PBMC10k_CGTAGTATCTGCGGGT-1,2717,CD4 T,CD4 Naive
PBMC10k_CGTCAAAAGGCTAACG-1,2719,other T,gdT
PBMC10k_CGTCAAACAGCATCTA-1,2721,CD8 T,CD8 Naive
PBMC10k_CGTCAAATCAAATGAG-1,2722,CD4 T,CD4 Naive
PBMC10k_CGTCAAATCTTCCAGC-1,2723,CD4 T,CD4 Naive
PBMC10k_CGTCCATAGGCAATGC-1,2724,CD8 T,CD8 TEM
PBMC10k_CGTCCATCAGTTGAAA-1,2726,NK,NK
PBMC10k_CGTCCATGTCCTTGTC-1,2727,CD4 T,CD4 TEM
PBMC10k_CGTCCATTCCGGACTG-1,2728,CD8 T,CD8 TEM
PBMC10k_CGTCCATTCGCCTCTA-1,2729,NK,NK
PBMC10k_CGTGAATAGAGAAGGT-1,2730,B,B naive
PBMC10k_CGTGAATAGATTGTGA-1,2731,Mono,CD14 Mono
PBMC10k_CGTGAATTCAGAGTTC-1,2734,NK,NK
PBMC10k_CGTGAATTCGCTTAAG-1,2735,Mono,CD14 Mono
PBMC10k_CGTGAATTCTTCTGTA-1,2736,CD4 T,CD4 TEM
PBMC10k_CGTGCTTCAGAACTTC-1,2741,CD4 T,CD4 Naive
PBMC10k_CGTGCTTCAGTGCCTG-1,2742,other T,MAIT
PBMC10k_CGTGCTTGTATGATCC-1,2743,Mono,CD14 Mono
PBMC10k_CGTGCTTGTATGGTAA-1,2744,CD4 T,CD4 TCM
PBMC10k_CGTGTCTAGGTACAGC-1,2746,other T,MAIT
PBMC10k_CGTGTCTCAAATCAGA-1,2748,other T,dnT
PBMC10k_CGTGTCTCATACTGTG-1,2750,CD4 T,CD4 TCM
PBMC10k_CGTTAGAAGCGTTCAT-1,2753,other,Eryth
PBMC10k_CGTTAGACATAGCACT-1,2756,CD4 T,CD4 Naive
PBMC10k_CGTTAGACATGATCTG-1,2757,other,ILC
PBMC10k_CGTTAGATCATGGTAC-1,2759,other T,MAIT
PBMC10k_CGTTCTGAGACCTCCG-1,2760,CD4 T,CD4 Naive
PBMC10k_CGTTCTGAGCGAAACC-1,2761,CD8 T,CD8 TEM
PBMC10k_CGTTCTGGTTTGAACC-1,2763,CD4 T,CD4 Naive
PBMC10k_CGTTCTGTCAGGAACG-1,2764,CD4 T,CD4 Naive
PBMC10k_CGTTCTGTCGCTTACC-1,2765,Mono,CD14 Mono
PBMC10k_CGTTGGGCAGTATTCG-1,2768,NK,NK
PBMC10k_CGTTGGGCATGCCGAC-1,2769,CD4 T,CD4 Naive
PBMC10k_CGTTGGGGTATGCAAA-1,2770,other T,dnT
PBMC10k_CGTTGGGTCTGGCCGA-1,2771,CD4 T,CD4 TCM
PBMC10k_CTAACCCCAGTCGCTG-1,2772,other,ILC
PBMC10k_CTAACCCTCCGCGGAT-1,2776,NK,NK Proliferating
PBMC10k_CTAACCCTCTGCTTAT-1,2777,CD4 T,CD4 TCM
PBMC10k_CTAACTTCAGGCGAAT-1,2779,CD4 T,CD4 Naive
PBMC10k_CTAAGTGAGGAACTAT-1,2783,Mono,CD14 Mono
PBMC10k_CTAAGTGGTACTGTTG-1,2787,B,B naive
PBMC10k_CTAAGTGTCCGATTAG-1,2788,CD8 T,CD8 Naive
PBMC10k_CTACAGAAGACCGCCT-1,2789,CD4 T,CD4 TEM
PBMC10k_CTACAGACATTGACCA-1,2790,Mono,CD14 Mono
PBMC10k_CTACAGAGTAAGATAC-1,2791,Mono,CD14 Mono
PBMC10k_CTACAGATCCATCTCG-1,2792,CD4 T,CD4 TCM
PBMC10k_CTACAGATCCGAGATT-1,2793,other T,dnT
PBMC10k_CTACAGATCCTAAGTG-1,2794,Mono,CD14 Mono
PBMC10k_CTACAGATCGTAGGAG-1,2795,B,B naive
PBMC10k_CTACAGATCTCAACCC-1,2796,CD4 T,CD4 Naive
PBMC10k_CTACATTAGCGATGAC-1,2798,CD4 T,CD4 TEM
PBMC10k_CTACATTGTGATGAAT-1,2799,NK,NK
PBMC10k_CTACATTGTTTCTATC-1,2800,NK,NK
PBMC10k_CTACATTTCATAGCAC-1,2801,CD8 T,CD8 Naive
PBMC10k_CTACCCATCCTGTAGA-1,2803,Mono,CD14 Mono
PBMC10k_CTACCTGGTTGGGTTT-1,2808,DC,cDC2
PBMC10k_CTACGGGCACGCGCAT-1,2811,CD4 T,CD4 TCM
PBMC10k_CTACGGGCAGAGCTAG-1,2812,CD4 T,CD4 TCM
PBMC10k_CTACGGGGTCACTCGG-1,2813,CD8 T,CD8 TEM
PBMC10k_CTACGGGGTCGAAGCA-1,2814,Mono,CD16 Mono
PBMC10k_CTACGGGTCTGTCGTC-1,2817,CD8 T,CD8 Naive
PBMC10k_CTACTATAGCCTCTCT-1,2818,CD4 T,CD4 TCM
PBMC10k_CTACTATCAAGTTCCA-1,2819,other T,MAIT
PBMC10k_CTACTATTCGGCTGGT-1,2821,NK,NK
PBMC10k_CTAGACAAGTCGAATA-1,2823,CD4 T,CD4 Naive
PBMC10k_CTAGACAGTGAGATCG-1,2826,other,Eryth
PBMC10k_CTAGACATCGAGTACT-1,2827,CD8 T,CD8 Naive
PBMC10k_CTAGACATCTAGAGCT-1,2828,NK,NK
PBMC10k_CTAGGTATCGGAGTAG-1,2833,NK,NK
PBMC10k_CTATAGGCACAGCTGC-1,2834,CD4 T,CD4 Naive
PBMC10k_CTATAGGCACCCGTAG-1,2835,CD4 T,CD4 Naive
PBMC10k_CTATAGGCACGTTCGG-1,2837,other T,MAIT
PBMC10k_CTATAGGCAGTTACCA-1,2839,CD4 T,CD4 TEM
PBMC10k_CTATAGGCATGTGTCA-1,2840,CD4 T,CD4 TCM
PBMC10k_CTATAGGTCACTACGA-1,2843,CD8 T,CD8 Naive
PBMC10k_CTATCCGAGCACGGAT-1,2844,CD8 T,CD8 TEM
PBMC10k_CTATCCGAGCCGCTTG-1,2845,Mono,CD14 Mono
PBMC10k_CTATCCGCATTCCTCG-1,2847,CD8 T,CD8 Naive
PBMC10k_CTATCCGGTTCCATTT-1,2849,CD4 T,CD4 TCM
PBMC10k_CTATCTAGTCTCAGGC-1,2852,NK,NK
PBMC10k_CTATCTAGTGCCCTTT-1,2853,other T,MAIT
PBMC10k_CTATCTATCCGATGCG-1,2854,Mono,CD14 Mono
PBMC10k_CTATCTATCTTTACAC-1,2855,B,B naive
PBMC10k_CTCAACCCAGGCTACC-1,2857,Mono,CD14 Mono
PBMC10k_CTCAACCTCTGTAAGC-1,2858,Mono,CD14 Mono
PBMC10k_CTCAAGAAGAGCCATG-1,2859,CD4 T,Treg
PBMC10k_CTCAAGAGTGAGCCAA-1,2860,Mono,CD14 Mono
PBMC10k_CTCAAGAGTTCTTCAT-1,2861,Mono,CD14 Mono
PBMC10k_CTCAAGATCATTGTGG-1,2862,NK,NK
PBMC10k_CTCAAGATCGTTCTGC-1,2863,NK,NK
PBMC10k_CTCAATTAGAGTCGAC-1,2864,CD4 T,CD4 TCM
PBMC10k_CTCAATTAGCGTCTGC-1,2865,Mono,CD14 Mono
PBMC10k_CTCAATTCATATGAAG-1,2868,Mono,CD14 Mono
PBMC10k_CTCAATTTCCACTTCG-1,2869,CD8 T,CD8 TEM
PBMC10k_CTCAATTTCTCCAATT-1,2870,other T,gdT
PBMC10k_CTCACTGAGCCTCAGC-1,2872,other,Eryth
PBMC10k_CTCACTGAGTCTGCAT-1,2874,Mono,CD14 Mono
PBMC10k_CTCACTGTCGCCGTGA-1,2877,other,Eryth
PBMC10k_CTCACTGTCTCCGAGG-1,2878,NK,NK
PBMC10k_CTCAGAACACGTTCGG-1,2886,Mono,CD14 Mono
PBMC10k_CTCAGAACAGAAGCTG-1,2887,Mono,CD14 Mono
PBMC10k_CTCAGAACAGCGTACC-1,2890,Mono,CD14 Mono
PBMC10k_CTCAGAAGTATACGGG-1,2891,CD4 T,CD4 TCM
PBMC10k_CTCAGAATCGTTGTAG-1,2892,Mono,CD14 Mono
PBMC10k_CTCAGGGAGCAGCAGT-1,2893,other,Eryth
PBMC10k_CTCAGGGCAAAGACTA-1,2896,Mono,CD14 Mono
PBMC10k_CTCAGGGCAGTAGTTC-1,2898,CD4 T,CD4 TEM
PBMC10k_CTCAGGGGTTTACACG-1,2899,Mono,CD14 Mono
PBMC10k_CTCAGGGTCTGGGAGA-1,2901,other T,MAIT
PBMC10k_CTCAGTCAGACATACA-1,2902,CD4 T,CD4 Naive
PBMC10k_CTCAGTCAGTCGTTAC-1,2905,other T,MAIT
PBMC10k_CTCAGTCCACCAGTTA-1,2906,CD8 T,CD8 Naive
PBMC10k_CTCAGTCCACCTTCCA-1,2907,Mono,CD14 Mono
PBMC10k_CTCAGTCCATAATGCC-1,2909,NK,NK
PBMC10k_CTCAGTCGTGGCAGAT-1,2911,Mono,CD14 Mono
PBMC10k_CTCAGTCTCCATCGTC-1,2912,CD8 T,CD8 Naive
PBMC10k_CTCAGTCTCCGCAGTG-1,2913,CD4 T,CD4 TCM
PBMC10k_CTCAGTCTCCTGTTGC-1,2914,CD8 T,CD8 Naive
PBMC10k_CTCAGTCTCGTGCAGC-1,2916,other T,MAIT
PBMC10k_CTCATCGAGTGTTGAA-1,2918,other,Eryth
PBMC10k_CTCATCGCAGAGGTAC-1,2921,CD4 T,CD4 Naive
PBMC10k_CTCATCGCATAACCCA-1,2922,NK,NK
PBMC10k_CTCATCGGTCGACGCT-1,2924,NK,NK
PBMC10k_CTCATCGGTTTAGAGA-1,2925,CD8 T,CD8 Proliferating
PBMC10k_CTCATCGTCCATCAGA-1,2927,other T,MAIT
PBMC10k_CTCATGCAGCAATAAC-1,2929,other T,MAIT
PBMC10k_CTCATGCAGCCGATAG-1,2930,CD4 T,CD4 TCM
PBMC10k_CTCATGCCAAATGGTA-1,2931,CD4 T,CD4 TCM
PBMC10k_CTCATGCCATCATCTT-1,2932,CD8 T,CD8 TEM
PBMC10k_CTCATTAAGGTGCAGT-1,2936,other T,dnT
PBMC10k_CTCATTAAGTGCACAG-1,2937,other T,MAIT
PBMC10k_CTCATTATCCTTATAC-1,2943,other,Eryth
PBMC10k_CTCCAACGTTGTGTTG-1,2945,NK,NK
PBMC10k_CTCCAACTCGCACGGT-1,2946,DC,cDC2
PBMC10k_CTCCAACTCGCGTGAC-1,2947,NK,NK
PBMC10k_CTCCAACTCGTTACCC-1,2948,other,Eryth
PBMC10k_CTCCACAAGCTGTTAC-1,2949,CD8 T,CD8 TEM
PBMC10k_CTCCACAGTGGCAACA-1,2952,CD4 T,CD4 Naive
PBMC10k_CTCCACATCAACACGT-1,2953,CD4 T,CD4 TCM
PBMC10k_CTCCCAAAGAGGTTAT-1,2957,Mono,CD14 Mono
PBMC10k_CTCCCAAAGCCATTGT-1,2958,other T,MAIT
PBMC10k_CTCCCAACACATGTTG-1,2960,CD4 T,CD4 Naive
PBMC10k_CTCCCAAGTACGTGAG-1,2963,CD4 T,CD4 TEM
PBMC10k_CTCCCAAGTGCATTAC-1,2964,Mono,CD14 Mono
PBMC10k_CTCCCTCAGAACAAGG-1,2965,Mono,CD14 Mono
PBMC10k_CTCCCTCGTAATACCC-1,2968,Mono,CD16 Mono
PBMC10k_CTCCCTCGTTGGACTT-1,2969,Mono,CD14 Mono
PBMC10k_CTCCCTCTCACGTCCT-1,2970,Mono,CD14 Mono
PBMC10k_CTCCGATAGCGTCAGA-1,2972,CD8 T,CD8 Naive
PBMC10k_CTCCGATGTACCCAGC-1,2974,CD4 T,CD4 TCM
PBMC10k_CTCCGATGTTCTTAGG-1,2976,Mono,CD14 Mono
PBMC10k_CTCCGATTCCTAAACG-1,2977,Mono,CD16 Mono
PBMC10k_CTCCTCCAGGTCGTCC-1,2980,NK,NK_CD56bright
PBMC10k_CTCCTCCAGTGACACG-1,2981,Mono,CD14 Mono
PBMC10k_CTCCTCCCAGCAGATG-1,2982,CD4 T,CD4 CTL
PBMC10k_CTCCTCCCAGTTACCA-1,2983,other,Eryth
PBMC10k_CTCCTCCGTCCAGCCA-1,2984,CD8 T,CD8 Naive
PBMC10k_CTCCTCCGTGGCGCTT-1,2985,CD4 T,CD4 TCM
PBMC10k_CTCCTCCTCAGGTGTT-1,2986,CD4 T,CD4 TCM
PBMC10k_CTCCTCCTCGTTCAGA-1,2987,CD8 T,CD8 TEM
PBMC10k_CTCCTTTAGTGACCTT-1,2988,CD8 T,CD8 TCM
PBMC10k_CTCCTTTTCACTTGTT-1,2991,B,B intermediate
PBMC10k_CTCCTTTTCCGCACTT-1,2992,CD4 T,CD4 TEM
PBMC10k_CTCCTTTTCGAGTCTA-1,2993,CD8 T,CD8 TCM
PBMC10k_CTCCTTTTCGTTGCCT-1,2994,NK,NK
PBMC10k_CTCGAGGAGAAGGCTC-1,2995,NK,NK
PBMC10k_CTCGAGGCAGAACGCA-1,2998,B,B naive
PBMC10k_CTCGAGGGTGGGACAT-1,2999,Mono,CD14 Mono
PBMC10k_CTCGAGGGTTCGTAAC-1,3000,CD4 T,CD4 Naive
PBMC10k_CTCTCAGAGCACCCAC-1,3003,B,B intermediate
PBMC10k_CTCTCAGGTACCCGAC-1,3006,Mono,CD16 Mono
PBMC10k_CTCTCAGTCGATACGT-1,3007,Mono,CD14 Mono
PBMC10k_CTCTCGAAGTATCCTG-1,3008,NK,NK
PBMC10k_CTCTCGAAGTGATAGT-1,3009,NK,NK
PBMC10k_CTCTCGAGTATTTCGG-1,3012,Mono,CD16 Mono
PBMC10k_CTCTCGATCTCAAAGC-1,3014,other,ILC
PBMC10k_CTCTGGTAGTGGTGAC-1,3016,CD8 T,CD8 TCM
PBMC10k_CTCTGGTGTACTCGAT-1,3017,CD4 T,CD4 Naive
PBMC10k_CTGAATGCATTACGGT-1,3020,Mono,CD14 Mono
PBMC10k_CTGAGCGAGCTGGCCT-1,3024,CD4 T,CD4 Naive
PBMC10k_CTGAGCGAGGGAGGAC-1,3025,CD4 T,CD4 Naive
PBMC10k_CTGAGCGAGTCTGCAT-1,3026,CD8 T,CD8 Naive
PBMC10k_CTGAGCGAGTGCCTCG-1,3027,Mono,CD14 Mono
PBMC10k_CTGAGCGAGTGCGCTC-1,3028,CD4 T,CD4 TCM
PBMC10k_CTGAGCGCAAACTAGA-1,3029,CD4 T,Treg
PBMC10k_CTGAGCGCATATCTGG-1,3030,CD4 T,CD4 TEM
PBMC10k_CTGAGCGGTCACTACA-1,3032,B,B naive
PBMC10k_CTGAGCGGTGCCTTTC-1,3033,B,B intermediate
PBMC10k_CTGAGGCTCAGACATC-1,3036,Mono,CD14 Mono
PBMC10k_CTGAGGCTCGTACACA-1,3037,CD4 T,CD4 Naive
PBMC10k_CTGATCCCACTCCGAG-1,3038,CD4 T,CD4 Naive
PBMC10k_CTGATCCGTCACTAGT-1,3039,CD4 T,CD4 Naive
PBMC10k_CTGATCCTCGGCTTGG-1,3043,Mono,CD14 Mono
PBMC10k_CTGCAGGCAGCGCTTG-1,3044,CD4 T,CD4 Naive
PBMC10k_CTGCAGGGTTCAATCG-1,3045,CD4 T,CD4 TCM
PBMC10k_CTGCAGGTCAGTGGGA-1,3047,Mono,CD14 Mono
PBMC10k_CTGCATCCACCCTGAG-1,3048,CD4 T,Treg
PBMC10k_CTGCATCCATAGTCGT-1,3049,Mono,CD16 Mono
PBMC10k_CTGCATCGTCGGCTAC-1,3050,Mono,CD14 Mono
PBMC10k_CTGCATCGTGTTCGTA-1,3052,CD4 T,Treg
PBMC10k_CTGCATCTCGACTCCT-1,3054,B,B naive
PBMC10k_CTGCCATAGCAATTAG-1,3055,CD8 T,CD8 TEM
PBMC10k_CTGCCATAGCGCCATC-1,3056,NK,NK
PBMC10k_CTGCCATCAGGTTACT-1,3057,CD8 T,CD8 TEM
PBMC10k_CTGCCATCATGACGTT-1,3058,CD8 T,CD8 Naive
PBMC10k_CTGCCATGTAGCTTGT-1,3059,B,B naive
PBMC10k_CTGCCATGTTCGGGTC-1,3060,other T,MAIT
PBMC10k_CTGCCATTCATGACAC-1,3062,CD8 T,CD8 TEM
PBMC10k_CTGCCTAGTATCTCGA-1,3064,B,B memory
PBMC10k_CTGCGAGCACGTAGAG-1,3065,Mono,CD14 Mono
PBMC10k_CTGCGAGGTGACAGCA-1,3067,CD4 T,CD4 Naive
PBMC10k_CTGCGAGGTTCATCGA-1,3068,NK,NK
PBMC10k_CTGCTCAAGAACTTCC-1,3071,Mono,CD14 Mono
PBMC10k_CTGCTCAAGGATATGT-1,3073,CD8 T,CD8 TEM
PBMC10k_CTGCTCAAGGCCTGAA-1,3074,DC,pDC
PBMC10k_CTGCTCACAAGTGCAG-1,3075,CD4 T,Treg
PBMC10k_CTGCTCACACTGTCCT-1,3077,other T,dnT
PBMC10k_CTGCTCATCATAGAGA-1,3079,CD8 T,CD8 Naive
PBMC10k_CTGGACGAGTACCCTA-1,3081,NK,NK
PBMC10k_CTGGACGGTAACATAG-1,3082,NK,NK
PBMC10k_CTGGACGGTTAAGCAA-1,3084,CD4 T,CD4 TCM
PBMC10k_CTGGACGTCTCTCAAT-1,3087,CD4 T,CD4 TCM
PBMC10k_CTGGACGTCTTTGCGC-1,3088,CD4 T,CD4 Naive
PBMC10k_CTGGTCTAGATACTGA-1,3092,CD4 T,CD4 TEM
PBMC10k_CTGGTCTGTCTTCAAG-1,3097,B,B intermediate
PBMC10k_CTGTACCGTTACAGCT-1,3101,CD4 T,Treg
PBMC10k_CTGTACCTCCGTGTGG-1,3103,CD8 T,CD8 Proliferating
PBMC10k_CTGTACCTCGCAATGT-1,3104,Mono,CD14 Mono
PBMC10k_CTGTAGAAGAAATTGC-1,3106,Mono,CD14 Mono
PBMC10k_CTGTAGAAGATGCAGC-1,3107,CD4 T,CD4 TCM
PBMC10k_CTGTAGAAGGGTTGCA-1,3108,Mono,CD14 Mono
PBMC10k_CTGTAGATCCTCTAGC-1,3112,CD8 T,CD8 TEM
PBMC10k_CTGTAGATCGTTCATT-1,3113,other T,MAIT
PBMC10k_CTGTATTCATGCCGGT-1,3115,NK,NK
PBMC10k_CTGTATTTCCGCCTAT-1,3118,CD4 T,CD4 TEM
PBMC10k_CTGTCGTAGAGTCACG-1,3120,CD4 T,Treg
PBMC10k_CTGTCGTGTGAATAAC-1,3122,Mono,CD14 Mono
PBMC10k_CTGTCGTTCAATCCGA-1,3124,CD4 T,CD4 Naive
PBMC10k_CTGTCGTTCCTACGAA-1,3125,CD4 T,CD4 TEM
PBMC10k_CTGTCGTTCGAGCACC-1,3126,other T,MAIT
PBMC10k_CTGTCGTTCGGCATAT-1,3127,CD4 T,Treg
PBMC10k_CTGTCGTTCTGGCCGA-1,3128,B,B memory
PBMC10k_CTGTGAAAGGCCTGCT-1,3130,other T,MAIT
PBMC10k_CTGTGAAGTAACGTTC-1,3132,NK,NK
PBMC10k_CTGTGAAGTTCAGTAC-1,3134,CD4 T,CD4 Naive
PBMC10k_CTGTGAATCACATCAG-1,3135,Mono,CD14 Mono
PBMC10k_CTGTGAATCTAAGCCA-1,3137,other T,MAIT
PBMC10k_CTGTGGGAGACTGTTC-1,3138,Mono,CD14 Mono
PBMC10k_CTGTGGGCACAACGCC-1,3139,NK,NK
PBMC10k_CTGTGGGTCACGTAGT-1,3142,NK,NK
PBMC10k_CTGTGGGTCCGTAATG-1,3143,other T,MAIT
PBMC10k_CTTACCGAGCCTGCCA-1,3145,CD4 T,CD4 TEM
PBMC10k_CTTACCGAGGAATTAC-1,3146,other T,MAIT
PBMC10k_CTTACCGAGGGCAGTT-1,3147,other T,gdT
PBMC10k_CTTACCGTCACTAGCA-1,3151,Mono,CD14 Mono
PBMC10k_CTTAGGACAGAGCCCT-1,3155,B,B naive
PBMC10k_CTTAGGAGTAACTGCT-1,3157,CD4 T,CD4 Naive
PBMC10k_CTTCAATAGCCGATTT-1,3159,other,Eryth
PBMC10k_CTTCAATAGGTTGTTC-1,3160,CD4 T,Treg
PBMC10k_CTTCAATAGTGCAAAT-1,3161,Mono,CD14 Mono
PBMC10k_CTTCAATCAAGTCGTT-1,3163,NK,NK
PBMC10k_CTTCAATCAGACTCTA-1,3164,CD4 T,CD4 Naive
PBMC10k_CTTCAATCAGCGTGCT-1,3165,CD4 T,CD4 Naive
PBMC10k_CTTCAATTCCCGGTAG-1,3167,Mono,CD14 Mono
PBMC10k_CTTCCGACACCTCTGT-1,3171,CD8 T,CD8 Proliferating
PBMC10k_CTTCCGATCGATTGAC-1,3176,CD4 T,CD4 Naive
PBMC10k_CTTCCTTAGGCACTAG-1,3178,CD8 T,CD8 TEM
PBMC10k_CTTCCTTAGGTCATTC-1,3180,CD4 T,CD4 TCM
PBMC10k_CTTCCTTGTCCCTAAA-1,3182,other,Eryth
PBMC10k_CTTCCTTTCCACAGGC-1,3186,CD4 T,CD4 Naive
PBMC10k_CTTCGGTAGCATGCGA-1,3187,other T,gdT
PBMC10k_CTTCGGTGTCTCGCGA-1,3189,B,B naive
PBMC10k_CTTCGGTTCATAGGCT-1,3191,B,B naive
PBMC10k_CTTCTAAAGGTGTGAC-1,3194,other T,dnT
PBMC10k_CTTCTAACAGCTACCG-1,3196,NK,NK
PBMC10k_CTTCTAAGTCAGGAGT-1,3199,CD4 T,CD4 Naive
PBMC10k_CTTCTAAGTGATTGGG-1,3200,CD4 T,CD4 TCM
PBMC10k_CTTCTAATCGGCCTTT-1,3202,Mono,CD14 Mono
PBMC10k_CTTCTCTAGACGGAAA-1,3204,CD4 T,CD4 TCM
PBMC10k_CTTCTCTAGATTTGCC-1,3205,CD8 T,CD8 Naive
PBMC10k_CTTCTCTCATGTAACC-1,3209,B,B memory
PBMC10k_CTTCTCTTCACAATGC-1,3210,Mono,CD14 Mono
PBMC10k_CTTGAGAAGCCACTCG-1,3213,Mono,CD14 Mono
PBMC10k_CTTGAGAAGCGAGTCA-1,3214,Mono,CD14 Mono
PBMC10k_CTTGAGAGTGTCCCTT-1,3217,Mono,CD14 Mono
PBMC10k_CTTGATTCAGTCGCTG-1,3221,CD4 T,CD4 TCM
PBMC10k_CTTGATTTCTCAAAGC-1,3222,CD4 T,Treg
PBMC10k_CTTTCAAAGATAGGGA-1,3223,other T,MAIT
PBMC10k_CTTTCAACAACTCGAT-1,3227,NK,NK
PBMC10k_CTTTCAAGTCAACCTA-1,3228,other T,MAIT
PBMC10k_CTTTCAATCTATACTC-1,3229,Mono,CD14 Mono
PBMC10k_CTTTCGGAGGCAGGGA-1,3230,CD8 T,CD8 TEM
PBMC10k_CTTTCGGCACACGGAA-1,3231,Mono,CD14 Mono
PBMC10k_CTTTCGGGTCGGTGTC-1,3232,Mono,CD14 Mono
PBMC10k_CTTTCGGTCAAGCCCG-1,3235,CD4 T,CD4 Naive
PBMC10k_CTTTCGGTCGTACCTC-1,3236,NK,NK
PBMC10k_GAAACCTAGCGTCTGC-1,3239,CD4 T,CD4 TCM
PBMC10k_GAAACCTAGCTATCCA-1,3240,Mono,CD14 Mono
PBMC10k_GAAACCTGTACTGGGA-1,3242,CD4 T,CD4 Naive
PBMC10k_GAAACCTGTCTGCAAT-1,3243,Mono,CD14 Mono
PBMC10k_GAAACCTGTGCAATGG-1,3244,DC,cDC2
PBMC10k_GAAACCTTCAACCGAT-1,3245,CD8 T,CD8 TEM
PBMC10k_GAAACCTTCTCTTCAA-1,3246,B,B naive
PBMC10k_GAAATGACACGCAGTC-1,3248,Mono,CD14 Mono
PBMC10k_GAAATGACAGACACAG-1,3249,other,Eryth
PBMC10k_GAACACTCACTGTCGG-1,3253,CD4 T,CD4 TEM
PBMC10k_GAACACTCATGAAGGC-1,3255,CD4 T,CD4 Naive
PBMC10k_GAACACTTCAAGTGTC-1,3257,Mono,CD14 Mono
PBMC10k_GAACACTTCTAGATCG-1,3258,NK,NK
PBMC10k_GAACTGTAGCTACGTT-1,3261,CD4 T,CD4 TEM
PBMC10k_GAACTGTAGCTACTGT-1,3262,CD4 T,CD4 TCM
PBMC10k_GAACTGTCATGGGATG-1,3264,B,Plasmablast
PBMC10k_GAACTGTGTCTGCCTT-1,3265,NK,NK
PBMC10k_GAAGAATCACCGTCTT-1,3269,Mono,CD16 Mono
PBMC10k_GAAGAATTCACTCACC-1,3271,Mono,CD14 Mono
PBMC10k_GAAGAATTCCCATTTA-1,3272,Mono,CD14 Mono
PBMC10k_GAAGCCCAGCAACAAT-1,3273,CD8 T,CD8 TEM
PBMC10k_GAAGCCCCAGTGGTGA-1,3275,Mono,CD14 Mono
PBMC10k_GAAGCCCTCCGTGCGA-1,3277,other,Eryth
PBMC10k_GAAGCCCTCTTACCGC-1,3279,CD4 T,CD4 Naive
PBMC10k_GAAGCGAAGAGGTCAC-1,3281,CD4 T,CD4 Naive
PBMC10k_GAAGCGACATAATCCG-1,3282,CD4 T,CD4 Naive
PBMC10k_GAAGCGACATGGCACC-1,3283,NK,NK
PBMC10k_GAAGCGAGTCTACTGA-1,3284,Mono,CD14 Mono
PBMC10k_GAAGCGAGTGTTCCAA-1,3285,CD4 T,CD4 TEM
PBMC10k_GAAGCGATCCAATGCA-1,3286,other T,dnT
PBMC10k_GAAGGACAGTCATAGA-1,3289,Mono,CD14 Mono
PBMC10k_GAAGGACCACTGTGAT-1,3290,other T,gdT
PBMC10k_GAAGGACCATAACAGA-1,3291,CD4 T,CD4 TEM
PBMC10k_GAAGGACGTCATCCCT-1,3292,CD4 T,CD4 Naive
PBMC10k_GAAGGACTCAATCCGA-1,3294,CD4 T,CD4 TCM
PBMC10k_GAAGGGTAGTAAGGGA-1,3296,Mono,CD14 Mono
PBMC10k_GAAGGGTAGTGGTCAG-1,3297,CD4 T,CD4 TCM
PBMC10k_GAAGGGTCAAGGTCAG-1,3298,CD8 T,CD8 TEM
PBMC10k_GAAGGGTCACAATGAA-1,3299,CD4 T,CD4 Naive
PBMC10k_GAAGTAATCTAGCAAC-1,3304,DC,pDC
PBMC10k_GAAGTAATCTAGCCAA-1,3305,CD4 T,CD4 TEM
PBMC10k_GAAGTAATCTTACGGA-1,3306,B,B memory
PBMC10k_GAATAGAAGAAGTCCG-1,3307,other,ILC
PBMC10k_GAATAGAAGACCTCAT-1,3308,CD4 T,CD4 Naive
PBMC10k_GAATCACAGAATTCAG-1,3311,CD8 T,CD8 TEM
PBMC10k_GAATCACTCAAACGTC-1,3315,CD4 T,CD4 Naive
PBMC10k_GAATCACTCCGCCTAT-1,3316,CD4 T,CD4 Naive
PBMC10k_GAATCACTCGGCATAT-1,3317,NK,NK
PBMC10k_GAATCACTCTGCTTTA-1,3318,Mono,CD14 Mono
PBMC10k_GAATCACTCTTCGTAT-1,3320,NK,NK
PBMC10k_GAATCGTAGAGTGAAG-1,3321,NK,NK
PBMC10k_GAATCGTCAAAGCTAA-1,3323,Mono,CD14 Mono
PBMC10k_GAATCGTCAAATTGGA-1,3324,CD4 T,CD4 TCM
PBMC10k_GAATCGTCAATGCTCA-1,3325,CD4 T,CD4 CTL
PBMC10k_GAATCGTCACCTTCGT-1,3326,CD4 T,CD4 TEM
PBMC10k_GAATCGTCACGTATAC-1,3327,CD4 T,CD4 TCM
PBMC10k_GAATCGTCAGCGAGTA-1,3329,B,B memory
PBMC10k_GAATCGTGTACAGGTG-1,3330,B,B naive
PBMC10k_GACACGCCAAGTGTCT-1,3332,CD4 T,CD4 Naive
PBMC10k_GACACGCGTCTCCTGT-1,3334,Mono,CD14 Mono
PBMC10k_GACACGCTCACAGTGT-1,3337,B,B naive
PBMC10k_GACACGCTCCATCGTC-1,3338,CD8 T,CD8 Naive
PBMC10k_GACAGCCCAGCTTCCT-1,3342,CD4 T,CD4 Naive
PBMC10k_GACAGCCCATTCTCTA-1,3343,NK,NK
PBMC10k_GACAGCCTCTAGTCAG-1,3345,Mono,CD16 Mono
PBMC10k_GACATCACAACTAGAA-1,3348,Mono,CD14 Mono
PBMC10k_GACATCACACACGGTC-1,3349,CD4 T,CD4 Naive
PBMC10k_GACATCACACGTTCGG-1,3350,CD4 T,Treg
PBMC10k_GACATCAGTGACTCTA-1,3352,Mono,CD14 Mono
PBMC10k_GACATCAGTTAAGCAA-1,3353,CD4 T,CD4 TCM
PBMC10k_GACATCATCGCCACTT-1,3356,NK,NK
PBMC10k_GACCAATAGCTTTCCC-1,3357,CD8 T,CD8 Naive
PBMC10k_GACCAATAGGATACAT-1,3358,CD4 T,CD4 Naive
PBMC10k_GACCAATGTCGTTATG-1,3359,CD4 T,CD4 TCM
PBMC10k_GACCCAGAGAGGCCAT-1,3363,Mono,CD14 Mono
PBMC10k_GACCCAGAGATCGCCC-1,3364,Mono,CD14 Mono
PBMC10k_GACCCAGTCATCCTAT-1,3365,CD4 T,CD4 TEM
PBMC10k_GACCCTTAGAGAGTTT-1,3367,CD4 T,CD4 TEM
PBMC10k_GACCCTTAGATTAGAC-1,3368,Mono,CD14 Mono
PBMC10k_GACCCTTAGCAAATCA-1,3369,CD4 T,CD4 TCM
PBMC10k_GACCCTTAGTAAGCAT-1,3370,CD8 T,CD8 Naive
PBMC10k_GACCCTTCACGGTGAA-1,3371,CD4 T,CD4 TCM
PBMC10k_GACCCTTCACGTCTCT-1,3373,CD8 T,CD8 TEM
PBMC10k_GACCCTTGTACGATGG-1,3374,other,Eryth
PBMC10k_GACCCTTTCTCCTACG-1,3375,other,Eryth
PBMC10k_GACCGTGCAGGCAATG-1,3377,CD4 T,CD4 TCM
PBMC10k_GACCTTCAGACAACTA-1,3381,CD4 T,CD4 Naive
PBMC10k_GACCTTCAGCAATTCC-1,3383,CD8 T,CD8 Naive
PBMC10k_GACCTTCAGGGCTGAT-1,3385,Mono,CD14 Mono
PBMC10k_GACCTTCAGTCACAGG-1,3386,NK,NK
PBMC10k_GACCTTCTCTAGGCAT-1,3388,other T,dnT
PBMC10k_GACGCTGAGGGAGATA-1,3389,other T,gdT
PBMC10k_GACGCTGCACTGCATA-1,3390,Mono,CD14 Mono
PBMC10k_GACGCTGCACTTCAGA-1,3391,CD4 T,CD4 Naive
PBMC10k_GACGCTGCAGCAATTC-1,3392,other T,MAIT
PBMC10k_GACGCTGGTCGTAATC-1,3393,CD4 T,CD4 Naive
PBMC10k_GACGCTGTCAGCTCTC-1,3394,Mono,CD14 Mono
PBMC10k_GACGCTGTCTTCGTGC-1,3395,CD8 T,CD8 TEM
PBMC10k_GACGTTAAGTGAGTTA-1,3396,CD8 T,CD8 TEM
PBMC10k_GACGTTACACTAGAGG-1,3397,CD4 T,CD4 TCM
PBMC10k_GACGTTAGTGGTCTAT-1,3399,CD4 T,Treg
PBMC10k_GACGTTATCGGTGTTA-1,3401,B,B intermediate
PBMC10k_GACTATGAGAGCCATG-1,3403,CD4 T,Treg
PBMC10k_GACTATGCACTACACA-1,3406,B,B intermediate
PBMC10k_GACTATGGTATCGATC-1,3408,NK,NK
PBMC10k_GACTATGGTCGTTCAA-1,3409,Mono,CD14 Mono
PBMC10k_GACTCAACATATCTGG-1,3414,B,B naive
PBMC10k_GACTCAATCAAGTCTG-1,3416,Mono,CD14 Mono
PBMC10k_GACTCAATCTGCGGAC-1,3417,CD4 T,CD4 Naive
PBMC10k_GACTCTCGTGCGCTCA-1,3421,CD4 T,Treg
PBMC10k_GACTCTCGTGTGTACT-1,3422,CD4 T,CD4 Naive
PBMC10k_GACTCTCTCCCTTTGG-1,3423,NK,NK
PBMC10k_GACTCTCTCGTTCCTG-1,3424,NK,NK
PBMC10k_GACTGATCAAGATCCT-1,3425,Mono,CD14 Mono
PBMC10k_GACTGATCAGCAGACA-1,3426,other,Eryth
PBMC10k_GACTGATCAGCATACT-1,3427,NK,NK
PBMC10k_GACTGATCATCCTTGC-1,3430,CD8 T,CD8 TCM
PBMC10k_GACTGATGTCTACACA-1,3432,CD8 T,CD8 TCM
PBMC10k_GACTGATTCGTTCAGA-1,3434,B,B memory
PBMC10k_GACTTCCAGAGTAACT-1,3436,NK,NK
PBMC10k_GACTTCCAGATTGCGG-1,3437,B,B naive
PBMC10k_GACTTCCAGCTTACGT-1,3439,CD4 T,CD4 Naive
PBMC10k_GACTTCCAGGTAGACC-1,3440,Mono,CD14 Mono
PBMC10k_GACTTCCGTAACTGCT-1,3441,CD4 T,Treg
PBMC10k_GACTTCCGTACAAGTA-1,3442,NK,NK
PBMC10k_GACTTCCGTCAACCAT-1,3443,NK,NK
PBMC10k_GACTTCCGTTGCTCGG-1,3445,B,B naive
PBMC10k_GACTTCCTCTGCCCTA-1,3446,NK,NK_CD56bright
PBMC10k_GACTTCCTCTTAGCCC-1,3447,Mono,CD14 Mono
PBMC10k_GAGAAATAGGTCGACA-1,3448,CD4 T,CD4 Naive
PBMC10k_GAGAAATCAAAGACTA-1,3450,CD4 T,Treg
PBMC10k_GAGAAATGTAGGTGCA-1,3451,CD4 T,CD4 TEM
PBMC10k_GAGACCCAGACTAAGT-1,3453,CD4 T,CD4 Naive
PBMC10k_GAGACCCAGCGCCTCA-1,3454,B,B naive
PBMC10k_GAGACCCCAAAGGGTC-1,3455,Mono,CD14 Mono
PBMC10k_GAGACCCCACATAACC-1,3456,CD8 T,CD8 Naive
PBMC10k_GAGACCCGTGAGTCAG-1,3457,CD8 T,CD8 Naive
PBMC10k_GAGACCCTCACCTGTC-1,3458,Mono,CD14 Mono
PBMC10k_GAGACCCTCAGACATC-1,3459,other,Eryth
PBMC10k_GAGACCCTCTACCAGA-1,3460,CD4 T,CD4 Naive
PBMC10k_GAGACTTCAATCGAAA-1,3462,CD4 T,CD4 TEM
PBMC10k_GAGACTTCAGCATCTA-1,3463,CD4 T,Treg
PBMC10k_GAGACTTGTATCATGC-1,3464,CD4 T,CD4 Naive
PBMC10k_GAGACTTTCCTTCTAA-1,3465,NK,NK
PBMC10k_GAGACTTTCTTCACAT-1,3467,other T,MAIT
PBMC10k_GAGAGGTCATAATGAG-1,3469,CD8 T,CD8 TEM
PBMC10k_GAGATGGCATGAAAGT-1,3474,B,B memory
PBMC10k_GAGATGGTCTAGCCAA-1,3476,Mono,CD14 Mono
PBMC10k_GAGCCTGAGCAGCGAT-1,3478,NK,NK
PBMC10k_GAGCCTGAGTGCACAG-1,3479,CD8 T,CD8 Naive
PBMC10k_GAGCCTGCATCGGTTA-1,3480,Mono,CD14 Mono
PBMC10k_GAGCCTGGTACCTGTA-1,3481,CD4 T,CD4 TEM
PBMC10k_GAGCCTGGTGTCGCTG-1,3482,other,ILC
PBMC10k_GAGCCTGGTTGTCCCT-1,3483,CD4 T,CD4 TCM
PBMC10k_GAGCCTGTCTACAGGT-1,3485,CD8 T,CD8 Naive
PBMC10k_GAGCTGCCATCCTTCG-1,3487,CD4 T,CD4 Naive
PBMC10k_GAGCTGCGTGTAAATG-1,3488,other T,dnT
PBMC10k_GAGCTGCTCCCTTGGT-1,3489,CD4 T,CD4 TEM
PBMC10k_GAGGCAAAGACGCAGT-1,3490,Mono,CD14 Mono
PBMC10k_GAGGCAAAGGGACACT-1,3491,CD8 T,CD8 TEM
PBMC10k_GAGGCAAAGGTGCTGA-1,3492,other T,MAIT
PBMC10k_GAGGCAAAGTGGAAAG-1,3493,CD4 T,CD4 TCM
PBMC10k_GAGGCAACAAGCTACT-1,3494,B,B memory
PBMC10k_GAGGCAAGTATTTCTC-1,3495,CD8 T,CD8 Naive
PBMC10k_GAGGCCTAGATTTGCC-1,3496,CD4 T,CD4 Naive
PBMC10k_GAGGCCTAGCTAAATG-1,3497,CD4 T,CD4 TEM
PBMC10k_GAGGCCTCAAAGGCGT-1,3499,CD8 T,CD8 TEM
PBMC10k_GAGGCCTCACTCTGCT-1,3500,Mono,CD14 Mono
PBMC10k_GAGGCCTGTTCAGCTA-1,3504,CD4 T,CD4 TCM
PBMC10k_GAGGCCTTCTTTCTAG-1,3505,CD4 T,Treg
PBMC10k_GAGGGATTCATGGATC-1,3507,Mono,CD14 Mono
PBMC10k_GAGGGATTCGTTCATT-1,3508,CD4 T,CD4 TCM
PBMC10k_GAGGGTACACGCTATA-1,3510,NK,NK
PBMC10k_GAGGGTAGTCTGTAGT-1,3512,CD4 T,CD4 Naive
PBMC10k_GAGGGTATCCAGTTCC-1,3513,other T,MAIT
PBMC10k_GAGTCATCACAACGTT-1,3515,CD4 T,CD4 TCM
PBMC10k_GAGTCTAAGGAACGTC-1,3519,CD4 T,Treg
PBMC10k_GAGTCTACAGACTGCC-1,3520,CD4 T,CD4 Naive
PBMC10k_GAGTCTACAGCTGCCA-1,3521,Mono,CD14 Mono
PBMC10k_GAGTGAGCAGAGAATT-1,3524,CD4 T,Treg
PBMC10k_GAGTGTTCACTATGTG-1,3528,other T,MAIT
PBMC10k_GAGTGTTGTGTACAGG-1,3529,NK,NK
PBMC10k_GAGTTACAGTTGGGAC-1,3531,CD8 T,CD8 Naive
PBMC10k_GAGTTACAGTTGTAGA-1,3532,CD4 T,CD4 TCM
PBMC10k_GAGTTACGTCTCGGAC-1,3535,CD4 T,CD4 Naive
PBMC10k_GAGTTACTCGGCTGTG-1,3536,NK,NK
PBMC10k_GAGTTACTCGGTCAGC-1,3537,CD8 T,CD8 TEM
PBMC10k_GAGTTGTAGCTCTATG-1,3538,B,B memory
PBMC10k_GAGTTGTCACGCAGTC-1,3540,other,Eryth
PBMC10k_GAGTTGTTCCCAATAG-1,3542,Mono,CD14 Mono
PBMC10k_GAGTTTGAGAGCATTA-1,3544,CD4 T,Treg
PBMC10k_GAGTTTGAGTCGCCCA-1,3546,B,B naive
PBMC10k_GAGTTTGCACACCGAC-1,3547,Mono,CD14 Mono
PBMC10k_GAGTTTGCATACAGGG-1,3548,Mono,CD14 Mono
PBMC10k_GAGTTTGTCCTATGGA-1,3552,Mono,CD14 Mono
PBMC10k_GAGTTTGTCGCCAATA-1,3554,CD8 T,CD8 TEM
PBMC10k_GATAGAAGTTGTTGAC-1,3558,CD8 T,CD8 TEM
PBMC10k_GATAGAATCCTAAACG-1,3559,other T,MAIT
PBMC10k_GATAGAATCTGCTGAA-1,3560,Mono,CD14 Mono
PBMC10k_GATAGCTCAGAGAGGG-1,3563,Mono,CD14 Mono
PBMC10k_GATAGCTCAGCTACTA-1,3564,B,B intermediate
PBMC10k_GATAGCTGTATCCTTT-1,3565,Mono,CD16 Mono
PBMC10k_GATCACAAGAAGCCTG-1,3566,other T,dnT
PBMC10k_GATCACAAGCGTCAAG-1,3567,Mono,CD14 Mono
PBMC10k_GATCACACACTGGATT-1,3569,B,B naive
PBMC10k_GATCACACATGTACGT-1,3570,Mono,CD14 Mono
PBMC10k_GATCACATCTTTCCGG-1,3574,B,B intermediate
PBMC10k_GATCAGTAGGAGGGTG-1,3575,NK,NK
PBMC10k_GATCAGTAGGCAGGGA-1,3576,Mono,CD14 Mono
PBMC10k_GATCAGTGTCAGATTC-1,3578,other T,MAIT
PBMC10k_GATCATGAGCAGCGAT-1,3579,CD8 T,CD8 Naive
PBMC10k_GATCATGCAATGCAGG-1,3581,CD4 T,CD4 TEM
PBMC10k_GATCATGGTCAATCTG-1,3583,Mono,CD14 Mono
PBMC10k_GATCATGTCATTGCTT-1,3586,other,ILC
PBMC10k_GATCATGTCGAGCCAC-1,3587,other T,MAIT
PBMC10k_GATCCCTAGGTCTGGA-1,3588,Mono,CD16 Mono
PBMC10k_GATCCCTCAGTCTTCC-1,3591,CD8 T,CD8 Naive
PBMC10k_GATCCCTGTATCAGGG-1,3593,other T,MAIT
PBMC10k_GATCCCTGTGCCCGTA-1,3595,CD8 T,CD8 TCM
PBMC10k_GATCGTAAGGATATAC-1,3597,CD4 T,CD4 Naive
PBMC10k_GATCGTAGTACGCTTA-1,3599,other,ILC
PBMC10k_GATCGTAGTATGCTAC-1,3600,Mono,CD14 Mono
PBMC10k_GATGACTAGTCATCCA-1,3603,CD4 T,CD4 Naive
PBMC10k_GATGACTCAATAGTCC-1,3604,NK,NK Proliferating
PBMC10k_GATGACTTCTGTCCCA-1,3608,Mono,CD14 Mono
PBMC10k_GATGAGGAGCCTAGGA-1,3611,Mono,CD14 Mono
PBMC10k_GATGAGGAGCCTTCTC-1,3612,CD4 T,CD4 CTL
PBMC10k_GATGAGGAGCGACTGA-1,3613,Mono,CD14 Mono
PBMC10k_GATGAGGAGCTTCGTA-1,3614,Mono,CD14 Mono
PBMC10k_GATGAGGGTGGTCTGC-1,3615,CD4 T,CD4 TCM
PBMC10k_GATGAGGTCTGCGGCA-1,3617,CD8 T,CD8 Naive
PBMC10k_GATGATCAGGGAGTTC-1,3618,Mono,CD14 Mono
PBMC10k_GATGATCCACGTATAC-1,3619,other T,gdT
PBMC10k_GATGCTACACTCCTTG-1,3624,Mono,CD14 Mono
PBMC10k_GATGCTACATAGGCGA-1,3626,CD4 T,Treg
PBMC10k_GATGGAGCAGAAGTTA-1,3629,CD4 T,CD4 Naive
PBMC10k_GATGGAGGTAACGCGA-1,3630,CD8 T,CD8 TEM
PBMC10k_GATGGAGGTCGCACGT-1,3631,CD8 T,CD8 Proliferating
PBMC10k_GATGGAGTCAATGCAC-1,3632,CD8 T,CD8 TCM
PBMC10k_GATGGAGTCATCGCTC-1,3634,B,B naive
PBMC10k_GATGTTGAGGAAAGTG-1,3637,CD4 T,CD4 TCM
PBMC10k_GATGTTGGTAACGATA-1,3638,Mono,CD14 Mono
PBMC10k_GATGTTGGTACAGTCT-1,3639,CD4 T,CD4 TCM
PBMC10k_GATGTTGGTACCCGCA-1,3640,CD4 T,CD4 TEM
PBMC10k_GATGTTGGTGCTAGCC-1,3641,CD4 T,CD4 Naive
PBMC10k_GATGTTGGTGTTCATG-1,3642,CD4 T,CD4 TEM
PBMC10k_GATGTTGTCAAGAAAC-1,3643,CD4 T,CD4 Naive
PBMC10k_GATGTTGTCCGGCTTT-1,3644,CD4 T,CD4 Naive
PBMC10k_GATTCGAAGAGTTGAT-1,3646,other,Eryth
PBMC10k_GATTCGAAGTGCTACT-1,3648,CD4 T,CD4 TEM
PBMC10k_GATTCGAGTTAAAGTG-1,3651,Mono,CD14 Mono
PBMC10k_GATTCGATCAGGACGA-1,3653,other T,MAIT
PBMC10k_GATTCGATCGTGGAAG-1,3654,CD4 T,Treg
PBMC10k_GATTCTTGTGCGACAA-1,3657,CD4 T,CD4 Naive
PBMC10k_GATTCTTTCAGGAGAC-1,3658,NK,NK
PBMC10k_GATTCTTTCCGCGGAT-1,3659,CD4 T,CD4 Naive
PBMC10k_GATTCTTTCCTCAGGG-1,3660,CD4 T,CD4 Naive
PBMC10k_GATTGGTCATCTCGTC-1,3661,B,B naive
PBMC10k_GATTGGTTCGGTCACG-1,3664,Mono,CD14 Mono
PBMC10k_GATTGGTTCGTCAGAT-1,3665,NK,NK
PBMC10k_GATTGGTTCTCTCTAA-1,3667,NK,NK
PBMC10k_GATTTCTAGAACCGCA-1,3669,CD4 T,Treg
PBMC10k_GATTTCTAGACTTCGT-1,3670,other,Eryth
PBMC10k_GATTTCTGTTAGGACG-1,3673,Mono,CD14 Mono
PBMC10k_GCAACATAGACAGCTG-1,3677,CD4 T,Treg
PBMC10k_GCAACCGAGGGAGTGG-1,3681,Mono,CD14 Mono
PBMC10k_GCAACCGAGGGATCTG-1,3682,CD4 T,Treg
PBMC10k_GCAACCGCATTGACAC-1,3685,CD4 T,CD4 Naive
PBMC10k_GCAACCGGTATGATCC-1,3686,other,Eryth
PBMC10k_GCAACCGGTGTACAGG-1,3687,CD8 T,CD8 Naive
PBMC10k_GCAACCGGTTGCTCCT-1,3690,CD8 T,CD8 Naive
PBMC10k_GCACATAAGCTCCATA-1,3692,CD4 T,CD4 TEM
PBMC10k_GCACATAAGGTAGTAT-1,3693,B,B memory
PBMC10k_GCACATAGTAATTAGG-1,3694,NK,NK
PBMC10k_GCACATAGTATTTCTC-1,3695,CD8 T,CD8 Naive
PBMC10k_GCACGGTGTAATTAGG-1,3700,Mono,CD14 Mono
PBMC10k_GCACGGTGTAGCGAGT-1,3701,CD4 T,CD4 TCM
PBMC10k_GCACGGTGTGCAGGAT-1,3702,other T,dnT
PBMC10k_GCACGGTGTGCGGCTT-1,3703,Mono,CD14 Mono
PBMC10k_GCACGTGAGAAATGGG-1,3704,other T,MAIT
PBMC10k_GCACGTGCAGACCAGA-1,3705,Mono,CD14 Mono
PBMC10k_GCACGTGGTATGAAAC-1,3707,NK,NK
PBMC10k_GCACGTGTCCGCAAAT-1,3708,other T,MAIT
PBMC10k_GCACTAAAGCCAGTAG-1,3710,Mono,CD14 Mono
PBMC10k_GCACTAACAATACCTG-1,3712,NK,NK_CD56bright
PBMC10k_GCACTAACAATACGCT-1,3713,CD8 T,CD8 Naive
PBMC10k_GCACTAACACCCAATA-1,3714,B,B intermediate
PBMC10k_GCACTAACAGCCTACG-1,3715,NK,NK
PBMC10k_GCACTAACATACCATG-1,3716,other T,MAIT
PBMC10k_GCACTAATCCCAATAG-1,3718,CD4 T,CD4 TCM
PBMC10k_GCACTAATCTGCATGA-1,3719,other T,dnT
PBMC10k_GCAGCCAAGGTCTACT-1,3720,CD4 T,CD4 TCM
PBMC10k_GCAGCCACAACGGTAG-1,3722,B,B memory
PBMC10k_GCAGCCACACTAGGTT-1,3723,Mono,CD14 Mono
PBMC10k_GCAGCCAGTCGTATGT-1,3727,CD8 T,CD8 Naive
PBMC10k_GCAGCTGCATATGGCT-1,3729,Mono,CD14 Mono
PBMC10k_GCAGCTGGTAACACGG-1,3731,CD8 T,CD8 Naive
PBMC10k_GCAGCTGGTCAAGCGA-1,3732,DC,cDC2
PBMC10k_GCAGCTGGTCAGTTTG-1,3733,CD8 T,CD8 TEM
PBMC10k_GCAGCTGGTGACGCCT-1,3734,CD4 T,CD4 Naive
PBMC10k_GCAGCTGTCCATCAGA-1,3735,CD8 T,CD8 Naive
PBMC10k_GCAGCTGTCTTCCGTG-1,3736,CD4 T,CD4 TEM
PBMC10k_GCAGGCTAGTAGCCAG-1,3737,CD8 T,CD8 Naive
PBMC10k_GCAGGCTCAGCCGGTT-1,3738,CD4 T,CD4 TEM
PBMC10k_GCAGGCTTCTACTCAT-1,3742,Mono,CD14 Mono
PBMC10k_GCAGTTAAGCTACGTT-1,3743,CD4 T,CD4 TEM
PBMC10k_GCAGTTACAGAGGTAC-1,3745,CD4 T,CD4 TEM
PBMC10k_GCAGTTACATTGAGCT-1,3746,Mono,CD14 Mono
PBMC10k_GCAGTTAGTCGCAACC-1,3748,Mono,CD16 Mono
PBMC10k_GCAGTTAGTCGTTTCC-1,3749,Mono,CD14 Mono
PBMC10k_GCAGTTATCCCAGTGG-1,3750,Mono,CD14 Mono
PBMC10k_GCATCGGAGCATTTCG-1,3752,NK,NK_CD56bright
PBMC10k_GCATCGGCATCAGTGT-1,3754,other,Eryth
PBMC10k_GCATCGGGTCCCTGTT-1,3755,CD4 T,CD4 TCM
PBMC10k_GCATCGGGTCCTCATC-1,3756,CD4 T,CD4 TCM
PBMC10k_GCATCGGTCTTGCAAG-1,3758,Mono,CD14 Mono
PBMC10k_GCATCTCAGCTCGTGC-1,3759,CD4 T,Treg
PBMC10k_GCATCTCAGTCTGCAT-1,3760,CD4 T,CD4 Naive
PBMC10k_GCATCTCCACCAGCTG-1,3762,Mono,CD14 Mono
PBMC10k_GCATCTCCACTGCATA-1,3763,CD4 T,CD4 Naive
PBMC10k_GCATCTCCAGATTTCG-1,3764,other,ILC
PBMC10k_GCATCTCCAGCAGTTT-1,3765,CD4 T,CD4 Naive
PBMC10k_GCATCTCGTGCAACGA-1,3766,NK,NK
PBMC10k_GCATCTCTCACTACTT-1,3768,Mono,CD14 Mono
PBMC10k_GCATGATAGGTGGTTG-1,3770,CD8 T,CD8 TCM
PBMC10k_GCATGATCAACACTAC-1,3771,other T,MAIT
PBMC10k_GCATGATGTGGAAGTC-1,3774,CD4 T,CD4 Naive
PBMC10k_GCATGATTCAGGGATG-1,3775,CD4 T,CD4 TCM
PBMC10k_GCATGATTCCTTTGAT-1,3777,Mono,CD16 Mono
PBMC10k_GCATTAGTCCGTGTGG-1,3782,other,Eryth
PBMC10k_GCCAACGAGGTGCAGT-1,3785,NK,NK
PBMC10k_GCCAACGGTGCTTATG-1,3787,NK,NK
PBMC10k_GCCAGCACACAGTCGC-1,3789,CD8 T,CD8 Naive
PBMC10k_GCCAGCACAGCGAACA-1,3791,B,B naive
PBMC10k_GCCAGCAGTACAGAAT-1,3792,CD4 T,CD4 TEM
PBMC10k_GCCAGCAGTCTACGAT-1,3793,B,B naive
PBMC10k_GCCAGTGCAGCTCATA-1,3799,CD4 T,CD4 TEM
PBMC10k_GCCAGTGCATGACGGA-1,3800,other T,MAIT
PBMC10k_GCCAGTGTCCTACTGC-1,3801,CD4 T,CD4 TEM
PBMC10k_GCCAGTGTCTGCTTTA-1,3803,CD4 T,CD4 TCM
PBMC10k_GCCATGGGTAATCAAG-1,3804,CD4 T,CD4 TCM
PBMC10k_GCCATGGGTACGGGAT-1,3805,CD4 T,CD4 Naive
PBMC10k_GCCATGGGTCTTGCGG-1,3806,Mono,CD14 Mono
PBMC10k_GCCATGGGTTGCTCGG-1,3807,CD4 T,CD4 Naive
PBMC10k_GCCATGGTCAGCAGAG-1,3808,CD4 T,CD4 Naive
PBMC10k_GCCATTCCAACCCTCT-1,3814,Mono,CD14 Mono
PBMC10k_GCCATTCGTACTCCCT-1,3816,NK,NK
PBMC10k_GCCATTCTCGACACCG-1,3819,other,ILC
PBMC10k_GCCATTCTCTCGTGGG-1,3821,other,Eryth
PBMC10k_GCCATTCTCTTCCGTG-1,3822,CD8 T,CD8 Naive
PBMC10k_GCCCAGACAAGCAATA-1,3824,NK,NK
PBMC10k_GCCCAGAGTATTGAGA-1,3825,CD8 T,CD8 TEM
PBMC10k_GCCCAGAGTCTGTGGC-1,3826,Mono,CD14 Mono
PBMC10k_GCCCGAAAGCATCCTA-1,3827,DC,cDC2
PBMC10k_GCCCGAAAGTAGTCCT-1,3828,Mono,CD16 Mono
PBMC10k_GCCCGAAGTTCATCGA-1,3831,Mono,CD14 Mono
PBMC10k_GCCCGAATCCAGCACG-1,3832,CD4 T,CD4 TCM
PBMC10k_GCCCGAATCCGGACTG-1,3833,CD8 T,CD8 Naive
PBMC10k_GCCCGAATCCGTGTGG-1,3834,other T,MAIT
PBMC10k_GCCGATGAGCACCGTC-1,3835,NK,NK_CD56bright
PBMC10k_GCCGATGAGCGAATGC-1,3836,Mono,CD14 Mono
PBMC10k_GCCGATGCAATCGTCA-1,3837,CD4 T,Treg
PBMC10k_GCCGATGGTCGCCTAG-1,3839,CD8 T,CD8 TEM
PBMC10k_GCCGATGGTGTCCAAT-1,3840,other T,MAIT
PBMC10k_GCCGATGGTTCGGTTA-1,3841,CD4 T,CD4 TCM
PBMC10k_GCCGTGAAGAGGTTAT-1,3842,DC,ASDC
PBMC10k_GCCGTGAAGATGGTAT-1,3843,NK,NK
PBMC10k_GCCGTGAAGTTGAAAC-1,3844,other T,MAIT
PBMC10k_GCCGTGACACCCTCTA-1,3845,other T,MAIT
PBMC10k_GCCGTGACATCCCACT-1,3846,DC,cDC2
PBMC10k_GCCGTGATCGCCACTT-1,3850,Mono,CD16 Mono
PBMC10k_GCCTGTTGTCGTGTTA-1,3854,CD4 T,CD4 TEM
PBMC10k_GCCTGTTGTTACACTG-1,3855,CD8 T,CD8 TEM
PBMC10k_GCGAGAAAGATGCCGA-1,3857,CD4 T,CD4 Naive
PBMC10k_GCGAGAAAGTGAATAC-1,3859,CD4 T,CD4 TCM
PBMC10k_GCGAGAAAGTTCATCG-1,3860,CD4 T,CD4 Naive
PBMC10k_GCGAGAACACTCCTGT-1,3861,CD4 T,CD4 TCM
PBMC10k_GCGAGAAGTCACCGCA-1,3863,CD4 T,CD4 TCM
PBMC10k_GCGAGAATCTGGGAGA-1,3864,CD4 T,CD4 Naive
PBMC10k_GCGATCGAGAGTTGAT-1,3865,CD4 T,CD4 Naive
PBMC10k_GCGATCGAGGTAAGAG-1,3866,NK,NK
PBMC10k_GCGATCGCAGCCCAGT-1,3868,Mono,CD16 Mono
PBMC10k_GCGATCGGTGCGACAA-1,3871,NK,NK
PBMC10k_GCGATCGGTTATGGTC-1,3872,B,B memory
PBMC10k_GCGATCGTCAGCCTCT-1,3873,Mono,CD14 Mono
PBMC10k_GCGGAAAGTCTGATAC-1,3875,Mono,CD14 Mono
PBMC10k_GCGGAAAGTTGCGGAA-1,3876,CD8 T,CD8 TEM
PBMC10k_GCGGATCAGATTCGAA-1,3877,B,B memory
PBMC10k_GCGGATCCAATGAGCG-1,3879,Mono,CD14 Mono
PBMC10k_GCGGATCCACTGTGTA-1,3880,NK,NK
PBMC10k_GCGGATCCATGCGTGC-1,3881,CD4 T,CD4 Naive
PBMC10k_GCGGATCGTGATTAGA-1,3882,CD4 T,CD4 TCM
PBMC10k_GCGTGCATCCGAGATT-1,3888,Mono,CD14 Mono
PBMC10k_GCGTGCATCGCAGAGA-1,3889,NK,NK
PBMC10k_GCGTTTCAGCGTGAAC-1,3890,CD4 T,CD4 Naive
PBMC10k_GCGTTTCCACGGTGCT-1,3891,CD4 T,CD4 Naive
PBMC10k_GCGTTTCCACTGTGAT-1,3892,CD4 T,CD4 TEM
PBMC10k_GCGTTTCGTGCCTACG-1,3893,other T,MAIT
PBMC10k_GCGTTTCTCCGCAACG-1,3894,NK,NK
PBMC10k_GCTACAAGTCAAGTTC-1,3899,other T,MAIT
PBMC10k_GCTACCTAGAAGAGCA-1,3901,DC,pDC
PBMC10k_GCTACCTAGACAACAT-1,3902,CD4 T,CD4 TCM
PBMC10k_GCTACCTAGTCGAAGC-1,3904,CD4 T,CD4 Naive
PBMC10k_GCTACCTCACCGTCGA-1,3905,B,B naive
PBMC10k_GCTACCTGTCATAAAG-1,3907,B,B naive
PBMC10k_GCTACCTTCCGCAAAT-1,3909,other,Eryth
PBMC10k_GCTACCTTCTCATTAC-1,3910,CD4 T,CD4 Naive
PBMC10k_GCTCAAAAGGGAGTGG-1,3912,NK,NK
PBMC10k_GCTCAAACACTTCAAG-1,3913,Mono,CD14 Mono
PBMC10k_GCTCAAACAGAGGCTA-1,3914,other T,MAIT
PBMC10k_GCTCAAATCGACCAAT-1,3916,Mono,CD14 Mono
PBMC10k_GCTCAAATCTCCAATT-1,3917,CD4 T,CD4 Naive
PBMC10k_GCTGAATCAGCTTTCC-1,3922,CD4 T,CD4 Naive
PBMC10k_GCTGAATGTGATAGTA-1,3923,CD4 T,CD4 Naive
PBMC10k_GCTGAATTCAGCTAGT-1,3924,Mono,CD14 Mono
PBMC10k_GCTGCAGCATGGCCAC-1,3927,B,B naive
PBMC10k_GCTGCAGGTCCTCAGG-1,3928,Mono,CD14 Mono
PBMC10k_GCTGCAGGTCTGTAGT-1,3929,Mono,CD14 Mono
PBMC10k_GCTGCAGGTTGCTTGA-1,3930,Mono,CD14 Mono
PBMC10k_GCTGGGTCAAGGCGTA-1,3932,CD4 T,CD4 Naive
PBMC10k_GCTGGGTCACGGCGTT-1,3933,NK,NK
PBMC10k_GCTTCACGTTGACTAC-1,3939,other,ILC
PBMC10k_GCTTCACTCACATTGG-1,3941,Mono,CD14 Mono
PBMC10k_GCTTCACTCCGAGGCT-1,3943,NK,NK
PBMC10k_GCTTGGGAGCTGTACT-1,3946,CD4 T,CD4 Naive
PBMC10k_GCTTGGGCAACCGCTG-1,3947,NK,NK
PBMC10k_GCTTGGGCAGTTCACA-1,3950,Mono,CD14 Mono
PBMC10k_GCTTGGGGTAAGATTG-1,3951,Mono,CD14 Mono
PBMC10k_GCTTGGGTCCCAGTGG-1,3954,CD4 T,Treg
PBMC10k_GCTTTCGAGGGCGAGA-1,3955,Mono,CD14 Mono
PBMC10k_GCTTTCGCATATGGCT-1,3956,Mono,CD14 Mono
PBMC10k_GCTTTCGGTCGCCTAG-1,3958,CD4 T,CD4 Naive
PBMC10k_GCTTTCGTCGAAGCCC-1,3960,CD4 T,CD4 TCM
PBMC10k_GGAACCCAGAAGGCTC-1,3961,CD4 T,Treg
PBMC10k_GGAACCCAGCGTCTCG-1,3962,CD4 T,CD4 Naive
PBMC10k_GGAACCCAGTATTAGG-1,3963,CD4 T,CD4 Naive
PBMC10k_GGAACCCCATCGGAGA-1,3964,CD4 T,Treg
PBMC10k_GGAACCCGTCCACACG-1,3966,NK,NK Proliferating
PBMC10k_GGAACCCGTGGCCTCA-1,3967,Mono,CD14 Mono
PBMC10k_GGAACCCTCCGGTTCT-1,3968,CD4 T,CD4 Naive
PBMC10k_GGAACCCTCGATTCCC-1,3969,CD8 T,CD8 Naive
PBMC10k_GGAACCCTCTAACGCA-1,3970,CD8 T,CD8 TEM
PBMC10k_GGAAGTGAGGATTCAA-1,3972,CD4 T,Treg
PBMC10k_GGAAGTGGTACGTACT-1,3974,CD8 T,CD8 TEM
PBMC10k_GGAATCTAGCCGATCC-1,3977,CD4 T,CD4 Naive
PBMC10k_GGAATGGAGGCTGAAC-1,3981,CD4 T,CD4 TCM
PBMC10k_GGAATGGCAGTAGAAT-1,3982,CD4 T,CD4 TEM
PBMC10k_GGAATGGGTCCAAAGG-1,3984,other,Eryth
PBMC10k_GGAATGGTCATGAGGG-1,3986,CD4 T,CD4 TCM
PBMC10k_GGACGTCAGAGCCGAT-1,3987,NK,NK
PBMC10k_GGACGTCAGAGGTATT-1,3988,Mono,CD14 Mono
PBMC10k_GGACGTCAGCCTAGGA-1,3989,CD4 T,CD4 TCM
PBMC10k_GGACGTCTCTTTCGAT-1,3992,CD4 T,CD4 TCM
PBMC10k_GGAGAACAGGAGAATG-1,3993,CD4 T,CD4 TCM
PBMC10k_GGAGAACCAACCACAT-1,3994,NK,NK
PBMC10k_GGAGAACGTCTCACAA-1,3995,Mono,CD14 Mono
PBMC10k_GGAGATGAGAGAAGGT-1,3997,Mono,CD14 Mono
PBMC10k_GGAGATGAGTTGGCGA-1,3999,NK,NK
PBMC10k_GGAGATGGTATGCAAA-1,4001,CD8 T,CD8 TEM
PBMC10k_GGAGATGTCGGACGTC-1,4004,CD4 T,CD4 TEM
PBMC10k_GGAGCAAAGCGAAACC-1,4005,CD4 T,CD4 TCM
PBMC10k_GGAGCAATCACAAGAA-1,4008,CD4 T,CD4 TCM
PBMC10k_GGAGGATAGAAGGTAG-1,4009,Mono,CD16 Mono
PBMC10k_GGAGGATAGAGCATAT-1,4010,CD4 T,CD4 Naive
PBMC10k_GGAGGATAGCGCGTTC-1,4011,Mono,CD14 Mono
PBMC10k_GGAGGATGTCCGAAAG-1,4014,Mono,CD16 Mono
PBMC10k_GGAGGATGTGGTCTGC-1,4015,CD4 T,CD4 TCM
PBMC10k_GGAGGATTCATGGTAC-1,4017,CD4 T,CD4 Naive
PBMC10k_GGAGGATTCCCTTTGG-1,4018,Mono,CD14 Mono
PBMC10k_GGAGGATTCGCTCATC-1,4019,CD4 T,CD4 TCM
PBMC10k_GGAGGTACAAGCCATT-1,4020,B,B naive
PBMC10k_GGAGGTACACTATCGA-1,4022,other,ILC
PBMC10k_GGAGGTACAGTCTCTC-1,4023,B,B naive
PBMC10k_GGAGGTACATCATTTC-1,4024,other T,MAIT
PBMC10k_GGAGGTAGTACGTAGG-1,4026,CD4 T,CD4 Naive
PBMC10k_GGAGGTAGTTACAGCT-1,4028,DC,cDC2
PBMC10k_GGAGGTATCAGGAAAT-1,4029,B,B naive
PBMC10k_GGAGGTATCTGGAGAG-1,4030,CD8 T,CD8 TEM
PBMC10k_GGATCTACATCAGTGT-1,4032,Mono,CD14 Mono
PBMC10k_GGATCTAGTAGGTCAG-1,4033,other,HSPC
PBMC10k_GGATCTATCCATAGAC-1,4035,other T,MAIT
PBMC10k_GGATGTTAGGACGCTA-1,4037,CD4 T,CD4 Naive
PBMC10k_GGATGTTAGTCATGGG-1,4038,Mono,CD14 Mono
PBMC10k_GGATGTTAGTTCAACC-1,4040,CD4 T,CD4 TEM
PBMC10k_GGATGTTCACGACAGA-1,4042,other,ILC
PBMC10k_GGATGTTCAGACAAGC-1,4043,CD4 T,CD4 TCM
PBMC10k_GGATGTTCAGCAGTAG-1,4044,CD4 T,CD4 Naive
PBMC10k_GGATGTTGTGTGTACT-1,4046,other T,MAIT
PBMC10k_GGATGTTTCACGATCA-1,4047,Mono,CD14 Mono
PBMC10k_GGATGTTTCGGAGTAG-1,4048,CD4 T,CD4 Naive
PBMC10k_GGATGTTTCGGTTGTA-1,4049,NK,NK
PBMC10k_GGCACGTAGGGACCAT-1,4051,Mono,CD14 Mono
PBMC10k_GGCACGTGTGAATTAG-1,4053,CD4 T,CD4 Naive
PBMC10k_GGCAGTCCAGGCTTGC-1,4056,NK,NK
PBMC10k_GGCGTCACAGCGTGAA-1,4058,CD4 T,CD4 Naive
PBMC10k_GGCGTCACATCGGTTA-1,4059,B,B naive
PBMC10k_GGCGTCAGTAACATCC-1,4060,CD4 T,CD4 Naive
PBMC10k_GGCGTCAGTGAATAAC-1,4061,CD4 T,CD4 Naive
PBMC10k_GGCTGTGCAGCTTTCC-1,4064,Mono,CD14 Mono
PBMC10k_GGCTGTGTCAAGATAG-1,4066,Mono,CD14 Mono
PBMC10k_GGCTGTGTCCTTACCG-1,4067,CD8 T,CD8 TEM
PBMC10k_GGCTTGGGTAGACGTG-1,4070,NK,NK
PBMC10k_GGCTTGGGTATTGAGA-1,4071,CD4 T,CD4 TCM
PBMC10k_GGCTTGGGTTGCTCCT-1,4074,B,B naive
PBMC10k_GGCTTTCAGGTTTACC-1,4075,Mono,CD14 Mono
PBMC10k_GGCTTTCGTACAGCGA-1,4079,Mono,CD14 Mono
PBMC10k_GGCTTTCGTACGTAGG-1,4080,CD8 T,CD8 TEM
PBMC10k_GGCTTTCGTAGGAAAG-1,4081,CD4 T,CD4 Naive
PBMC10k_GGGAAGTAGATGTAGT-1,4083,Mono,CD14 Mono
PBMC10k_GGGAAGTCAGACAAGC-1,4084,Mono,CD14 Mono
PBMC10k_GGGAAGTCAGGCGATA-1,4085,Mono,CD16 Mono
PBMC10k_GGGAAGTGTCCTGAAT-1,4086,CD4 T,CD4 TCM
PBMC10k_GGGAAGTTCCTCTGCA-1,4088,other T,dnT
PBMC10k_GGGACAAAGCTACAAA-1,4089,Mono,CD14 Mono
PBMC10k_GGGACAAAGGAAGTGA-1,4090,CD8 T,CD8 Naive
PBMC10k_GGGACAAAGGTGGTTG-1,4091,CD4 T,CD4 Naive
PBMC10k_GGGACAACAAAGGCAC-1,4092,CD4 T,CD4 TCM
PBMC10k_GGGACAACACACTTAG-1,4093,other,ILC
PBMC10k_GGGACAAGTACTGCCG-1,4094,Mono,CD14 Mono
PBMC10k_GGGACAATCAATCTCT-1,4095,CD4 T,CD4 Naive
PBMC10k_GGGACAATCATGACAC-1,4096,Mono,CD14 Mono
PBMC10k_GGGACAATCGTGGAAG-1,4099,B,B memory
PBMC10k_GGGACCTGTGACCGTC-1,4102,Mono,CD14 Mono
PBMC10k_GGGACCTGTGCAACAG-1,4103,Mono,CD14 Mono
PBMC10k_GGGACTCAGTAGTGCG-1,4104,CD4 T,CD4 Naive
PBMC10k_GGGACTCCAGCTTCGG-1,4105,Mono,CD14 Mono
PBMC10k_GGGACTCTCAGCAATC-1,4108,CD4 T,CD4 TCM
PBMC10k_GGGAGATAGACCATAA-1,4109,CD8 T,CD8 Naive
PBMC10k_GGGAGATCAAACTCGT-1,4110,CD4 T,CD4 Naive
PBMC10k_GGGAGATGTCGTGGTC-1,4111,CD4 T,CD4 Naive
PBMC10k_GGGAGATTCAGTGATC-1,4113,CD4 T,CD4 Naive
PBMC10k_GGGAGTACACACGTGC-1,4115,CD4 T,CD4 TCM
PBMC10k_GGGAGTACATCGTCCT-1,4118,Mono,CD14 Mono
PBMC10k_GGGAGTAGTGCATGAG-1,4119,CD4 T,Treg
PBMC10k_GGGAGTATCAAGGTGG-1,4120,NK,NK_CD56bright
PBMC10k_GGGAGTATCACCATCC-1,4121,Mono,CD14 Mono
PBMC10k_GGGAGTATCATTACCT-1,4122,CD4 T,CD4 TEM
PBMC10k_GGGATCCAGAAAGTCT-1,4127,NK,NK
PBMC10k_GGGATCCCAACTCCAA-1,4128,CD8 T,CD8 TEM
PBMC10k_GGGATCCCACGTAACT-1,4130,Mono,CD14 Mono
PBMC10k_GGGATCCGTATCCTCC-1,4131,Mono,CD14 Mono
PBMC10k_GGGATCCTCCTAAGTG-1,4132,CD8 T,CD8 TEM
PBMC10k_GGGATCCTCGAAGCCC-1,4133,CD4 T,CD4 TCM
PBMC10k_GGGATGAAGAGCGACT-1,4135,other,Eryth
PBMC10k_GGGATGACACATTGTG-1,4136,other T,MAIT
PBMC10k_GGGATGACAGCCCACA-1,4138,NK,NK
PBMC10k_GGGATGACAGGATTCT-1,4139,CD8 T,CD8 Naive
PBMC10k_GGGCCATAGATCGCTT-1,4142,B,B naive
PBMC10k_GGGCCATGTGATCGTT-1,4143,CD4 T,CD4 Naive
PBMC10k_GGGCCATGTTGCACGC-1,4144,NK,NK
PBMC10k_GGGCGTTAGGTCACCC-1,4145,B,B memory
PBMC10k_GGGCTACAGACGGATC-1,4148,NK,NK Proliferating
PBMC10k_GGGCTACAGGCATTTC-1,4149,CD4 T,CD4 Naive
PBMC10k_GGGCTACGTCAAAGAT-1,4151,CD8 T,CD8 TEM
PBMC10k_GGGCTACGTCCTACAA-1,4152,CD4 T,CD4 Naive
PBMC10k_GGGCTACGTCGAACAG-1,4153,CD8 T,CD8 Naive
PBMC10k_GGGCTACGTTTGGGTT-1,4154,CD8 T,CD8 Naive
PBMC10k_GGGCTACTCCGCACGA-1,4155,CD8 T,CD8 Naive
PBMC10k_GGGCTCACAGCTCCTT-1,4159,NK,NK
PBMC10k_GGGCTCATCCAGCAAT-1,4162,CD4 T,Treg
PBMC10k_GGGCTCATCCCGAAAT-1,4163,B,B naive
PBMC10k_GGGTAGACACTCTAGA-1,4166,CD4 T,CD4 TCM
PBMC10k_GGGTAGAGTTCGAGCC-1,4168,Mono,CD14 Mono
PBMC10k_GGGTAGATCATTTGCT-1,4170,CD4 T,CD4 TEM
PBMC10k_GGGTAGATCCTAAACG-1,4172,other T,dnT
PBMC10k_GGGTATTAGCCTGAAG-1,4173,Mono,CD14 Mono
PBMC10k_GGGTATTCAAAGACGC-1,4174,B,B naive
PBMC10k_GGGTATTCATATGCGT-1,4176,other,ILC
PBMC10k_GGGTATTTCTCTTAAC-1,4177,B,B naive
PBMC10k_GGGTCACCACCATTCC-1,4178,other T,dnT
PBMC10k_GGGTCACGTAGACACG-1,4179,CD4 T,CD4 TCM
PBMC10k_GGGTCACGTCCACTCT-1,4180,CD4 T,CD4 TCM
PBMC10k_GGGTCACTCTGGCCGA-1,4181,CD4 T,CD4 Naive
PBMC10k_GGGTCTGAGTACAACA-1,4183,Mono,CD14 Mono
PBMC10k_GGGTCTGCACATACGT-1,4185,other T,dnT
PBMC10k_GGGTCTGGTGGCTTGC-1,4186,Mono,CD14 Mono
PBMC10k_GGGTCTGGTGTTAGCT-1,4187,CD4 T,CD4 Naive
PBMC10k_GGGTGAAGTTTCTATC-1,4190,CD8 T,CD8 Naive
PBMC10k_GGGTGTCAGAGGTATT-1,4192,Mono,CD14 Mono
PBMC10k_GGGTGTCAGATTGAGT-1,4193,B,B naive
PBMC10k_GGGTGTCAGGCTATCT-1,4194,Mono,CD14 Mono
PBMC10k_GGGTGTCCAAGAGTTA-1,4196,Mono,CD14 Mono
PBMC10k_GGGTGTCTCTGGCCTT-1,4198,CD4 T,CD4 Naive
PBMC10k_GGGTTATAGAATTCAG-1,4199,CD4 T,CD4 Naive
PBMC10k_GGGTTATAGGTTGAGC-1,4201,Mono,CD14 Mono
PBMC10k_GGGTTATGTCTCCTGT-1,4203,CD4 T,CD4 Naive
PBMC10k_GGGTTATGTGCTCCGA-1,4204,other T,MAIT
PBMC10k_GGGTTATGTTAGAAAC-1,4205,CD4 T,CD4 Naive
PBMC10k_GGGTTATGTTTACCAG-1,4206,CD4 T,CD4 TCM
PBMC10k_GGGTTATTCTTGAGCA-1,4210,CD8 T,CD8 TEM
PBMC10k_GGGTTTAAGGAAAGTG-1,4211,B,B naive
PBMC10k_GGGTTTACACCTTCCA-1,4213,CD4 T,CD4 TCM
PBMC10k_GGGTTTACATGCCGCA-1,4215,NK,NK
PBMC10k_GGGTTTAGTGCCTGAC-1,4218,CD8 T,CD8 Naive
PBMC10k_GGTAACTAGAACGTGC-1,4220,CD8 T,CD8 Naive
PBMC10k_GGTAACTGTCGAATTC-1,4224,CD8 T,CD8 Naive
PBMC10k_GGTAACTTCATCTATC-1,4225,Mono,CD14 Mono
PBMC10k_GGTAACTTCCCGATCT-1,4226,CD8 T,CD8 TEM
PBMC10k_GGTAATCGTACTCGAT-1,4231,B,B naive
PBMC10k_GGTAGAGAGAGTCAGC-1,4232,CD4 T,Treg
PBMC10k_GGTAGAGAGATAGTGT-1,4233,NK,NK Proliferating
PBMC10k_GGTAGAGGTGAGAGGG-1,4237,CD4 T,CD4 TEM
PBMC10k_GGTAGAGGTTTGCAGT-1,4238,CD4 T,CD4 TCM
PBMC10k_GGTAGAGTCTAGCCTC-1,4241,CD4 T,CD4 Naive
PBMC10k_GGTCACGAGCATCTTG-1,4242,CD4 T,CD4 Naive
PBMC10k_GGTCACGCAAAGGAGA-1,4244,NK,NK
PBMC10k_GGTCACGCAAGTCCCG-1,4245,CD4 T,CD4 Naive
PBMC10k_GGTCACGCAATTCTCT-1,4246,NK,NK
PBMC10k_GGTCACGGTCGCATGC-1,4249,CD4 T,Treg
PBMC10k_GGTCACGTCACCACAA-1,4250,Mono,CD14 Mono
PBMC10k_GGTCTGGAGAGTTGTA-1,4251,Mono,CD16 Mono
PBMC10k_GGTCTGGGTAGGCAAC-1,4252,CD8 T,CD8 TEM
PBMC10k_GGTCTGGGTATCGTGT-1,4253,CD4 T,CD4 Naive
PBMC10k_GGTCTGGGTGTCCCTT-1,4254,other T,MAIT
PBMC10k_GGTGAAGAGTAAAGCT-1,4256,NK,NK
PBMC10k_GGTGAAGGTCATAGTC-1,4257,CD4 T,CD4 Naive
PBMC10k_GGTGATTAGCAAGCCA-1,4260,CD8 T,CD8 Naive
PBMC10k_GGTGATTAGTAACAGT-1,4261,Mono,CD14 Mono
PBMC10k_GGTGATTCAAGTGGGT-1,4262,CD4 T,CD4 Naive
PBMC10k_GGTGATTCAGGCCCTA-1,4263,CD8 T,CD8 TEM
PBMC10k_GGTGATTGTACATTGC-1,4265,other,ILC
PBMC10k_GGTGATTGTGTCCAAT-1,4266,CD4 T,CD4 Naive
PBMC10k_GGTGATTGTTACCGTA-1,4267,Mono,CD14 Mono
PBMC10k_GGTGATTTCCAGCTCT-1,4268,Mono,CD14 Mono
PBMC10k_GGTGGCTAGAGTCGAC-1,4271,CD8 T,CD8 TEM
PBMC10k_GGTGGCTAGATTGAGT-1,4272,CD4 T,CD4 Naive
PBMC10k_GGTGGCTAGGCCCAAA-1,4273,CD4 T,CD4 TCM
PBMC10k_GGTGGCTCACCCTAGG-1,4274,DC,cDC2
PBMC10k_GGTGGCTCACCGTCGA-1,4275,CD8 T,CD8 Naive
PBMC10k_GGTGGCTCAGCTCATA-1,4277,NK,NK
PBMC10k_GGTGGCTCATCGGATT-1,4278,B,B naive
PBMC10k_GGTGGCTGTAGCACGA-1,4279,B,B naive
PBMC10k_GGTGTCGTCAAGGACG-1,4284,CD4 T,CD4 TEM
PBMC10k_GGTGTCGTCCGACAGC-1,4285,Mono,CD16 Mono
PBMC10k_GGTGTTAAGATGCCGA-1,4286,NK,NK
PBMC10k_GGTGTTACAAACTCTG-1,4288,Mono,CD14 Mono
PBMC10k_GGTGTTATCAGAGTGG-1,4291,CD4 T,CD4 TEM
PBMC10k_GGTTAACAGCCACCGT-1,4293,B,B memory
PBMC10k_GGTTAACAGGTCTTTG-1,4294,other T,MAIT
PBMC10k_GGTTAACCATAATGCC-1,4296,CD4 T,CD4 Naive
PBMC10k_GGTTCTCAGAATACAC-1,4301,NK,NK
PBMC10k_GGTTCTCCACAAGCAG-1,4303,NK,NK
PBMC10k_GGTTCTCCAGTAACAA-1,4304,other T,dnT
PBMC10k_GGTTCTCGTAAGAACT-1,4305,Mono,CD14 Mono
PBMC10k_GGTTCTCGTGGTCTCG-1,4306,DC,cDC2
PBMC10k_GGTTCTCTCTAGTCAG-1,4310,CD4 T,Treg
PBMC10k_GGTTGTAAGAAGCGGG-1,4311,DC,pDC
PBMC10k_GGTTGTACATGTCGTA-1,4313,CD4 T,CD4 Naive
PBMC10k_GGTTGTAGTTACCCAA-1,4314,CD4 T,Treg
PBMC10k_GGTTGTATCATTGGTG-1,4315,CD4 T,CD4 TCM
PBMC10k_GGTTGTATCGACGCTG-1,4316,CD4 T,CD4 Naive
PBMC10k_GGTTGTATCGTGGGTC-1,4317,CD4 T,CD4 TCM
PBMC10k_GTAACACCACTCCGGA-1,4320,CD4 T,Treg
PBMC10k_GTAACACCATGCACTA-1,4322,CD8 T,CD8 Naive
PBMC10k_GTAACACTCATTGAGC-1,4323,CD4 T,CD4 Naive
PBMC10k_GTAACCAAGCCTCACG-1,4324,Mono,CD14 Mono
PBMC10k_GTAACCATCCGAAATC-1,4329,CD8 T,CD8 Naive
PBMC10k_GTAACCATCGGCAGTC-1,4330,NK,NK
PBMC10k_GTAAGTCCAACCCGCA-1,4333,CD8 T,CD8 TEM
PBMC10k_GTAAGTCGTATGAGAT-1,4334,CD4 T,CD4 TCM
PBMC10k_GTAAGTCGTCGTCTCT-1,4335,other,Eryth
PBMC10k_GTAAGTCTCCGCTTAC-1,4336,CD8 T,CD8 TEM
PBMC10k_GTAATCGAGAAGTCTA-1,4337,CD4 T,CD4 Naive
PBMC10k_GTAATCGAGCCAGTAG-1,4338,DC,cDC2
PBMC10k_GTAATCGAGGAACGTC-1,4339,B,B naive
PBMC10k_GTAATCGAGGTCGTGA-1,4340,CD8 T,CD8 Naive
PBMC10k_GTAATCGCACGGTGAA-1,4341,other T,MAIT
PBMC10k_GTAATCGGTCGTGGAA-1,4343,CD4 T,CD4 TEM
PBMC10k_GTAATGCAGGTCCAGA-1,4345,NK,NK
PBMC10k_GTAATGCCAAACCACT-1,4346,B,B naive
PBMC10k_GTAATGCCATAGGAGC-1,4348,CD8 T,CD8 TEM
PBMC10k_GTAATGCGTCAACCTA-1,4351,CD4 T,CD4 Naive
PBMC10k_GTAATGCGTCCATAGT-1,4352,CD4 T,CD4 TCM
PBMC10k_GTACAACAGTAACAGT-1,4356,Mono,CD14 Mono
PBMC10k_GTACAACCACTATCGA-1,4357,Mono,CD14 Mono
PBMC10k_GTACAACCAGCCGTTG-1,4358,CD4 T,Treg
PBMC10k_GTACAACGTGTCTTAG-1,4359,other T,gdT
PBMC10k_GTACAGTGTTACTCAG-1,4362,CD8 T,CD8 Naive
PBMC10k_GTACAGTTCCTTTAGT-1,4363,CD8 T,CD8 TEM
PBMC10k_GTAGAAACAGTAGGAC-1,4366,NK,NK
PBMC10k_GTAGAAATCGTTCTAT-1,4371,other T,MAIT
PBMC10k_GTAGAGGAGAGTAACT-1,4372,CD4 T,CD4 Naive
PBMC10k_GTAGAGGAGTCATTGC-1,4373,other T,MAIT
PBMC10k_GTAGAGGCACATTGTG-1,4374,B,B naive
PBMC10k_GTAGAGGGTACTCGCG-1,4376,B,B naive
PBMC10k_GTAGAGGGTCAACCAT-1,4377,CD4 T,Treg
PBMC10k_GTAGAGGGTTCAACGT-1,4381,CD8 T,CD8 TCM
PBMC10k_GTAGAGGTCGGAATTC-1,4382,CD4 T,Treg
PBMC10k_GTAGATCAGCTCATAC-1,4383,Mono,CD14 Mono
PBMC10k_GTAGATCAGGAACATT-1,4384,Mono,CD14 Mono
PBMC10k_GTAGATCAGGCTCAAG-1,4385,DC,cDC2
PBMC10k_GTAGATCCACCAAATC-1,4388,CD4 T,CD4 TCM
PBMC10k_GTAGATCTCACATTGG-1,4392,CD4 T,Treg
PBMC10k_GTAGATCTCCGTGGCA-1,4395,Mono,CD14 Mono
PBMC10k_GTAGCTAAGAGCGACT-1,4396,DC,cDC2
PBMC10k_GTAGCTAAGATCGACG-1,4397,DC,cDC2
PBMC10k_GTAGCTAAGGCATCGA-1,4399,CD4 T,CD4 TCM
PBMC10k_GTAGCTACAGCGGTCT-1,4400,CD4 T,CD4 Naive
PBMC10k_GTAGCTATCCTGTTGC-1,4405,DC,cDC2
PBMC10k_GTAGGAGAGAAGTCTA-1,4406,Mono,CD14 Mono
PBMC10k_GTAGGAGAGCAAGTGC-1,4407,Mono,CD14 Mono
PBMC10k_GTAGGAGCAATCTCGA-1,4408,NK,NK
PBMC10k_GTAGGAGGTATTGGCT-1,4413,other T,MAIT
PBMC10k_GTAGGAGTCCCAAGTA-1,4414,CD4 T,Treg
PBMC10k_GTAGGAGTCCTTATGT-1,4415,CD4 T,CD4 Naive
PBMC10k_GTAGGTTGTAGCTCGC-1,4417,Mono,CD14 Mono
PBMC10k_GTAGTACAGCATTTCG-1,4420,Mono,CD14 Mono
PBMC10k_GTAGTACCACTTACAG-1,4423,CD4 T,CD4 Naive
PBMC10k_GTAGTACGTCACGTGC-1,4424,CD4 T,CD4 TEM
PBMC10k_GTAGTACTCTCTCCGA-1,4426,other T,dnT
PBMC10k_GTATTGGCACAACCGC-1,4428,CD4 T,CD4 TCM
PBMC10k_GTATTGGCATCTCATT-1,4429,CD4 T,CD4 TCM
PBMC10k_GTATTGGGTTTGGGAG-1,4430,Mono,CD14 Mono
PBMC10k_GTATTGGTCTGGACCG-1,4431,other T,MAIT
PBMC10k_GTATTTCCAGCTGTGC-1,4434,CD8 T,CD8 Proliferating
PBMC10k_GTATTTCGTAGAAACT-1,4436,CD4 T,Treg
PBMC10k_GTATTTCGTCGAAACG-1,4438,NK,NK
PBMC10k_GTATTTCGTGATGTAA-1,4439,CD4 T,Treg
PBMC10k_GTATTTCTCGCACGAC-1,4440,NK,NK
PBMC10k_GTATTTCTCTCAACCC-1,4441,other T,MAIT
PBMC10k_GTCAAACAGGTCGTGA-1,4443,Mono,CD14 Mono
PBMC10k_GTCAAACTCCTTACCG-1,4446,Mono,CD16 Mono
PBMC10k_GTCAAGTAGTCCGCGT-1,4449,CD4 T,CD4 CTL
PBMC10k_GTCAAGTAGTGCCCGT-1,4450,other T,MAIT
PBMC10k_GTCAAGTCAATTGCGT-1,4451,Mono,CD14 Mono
PBMC10k_GTCAAGTGTCGGATTT-1,4455,CD4 T,CD4 Naive
PBMC10k_GTCAAGTGTTAAGGAT-1,4457,CD4 T,CD4 TCM
PBMC10k_GTCAAGTTCCCAGTGG-1,4459,CD8 T,CD8 Naive
PBMC10k_GTCAAGTTCGATGGAG-1,4460,NK,NK
PBMC10k_GTCACGGAGAGTTGCG-1,4463,other T,MAIT
PBMC10k_GTCACGGCAACCAACT-1,4466,CD4 T,CD4 TCM
PBMC10k_GTCACTCAGCCAAGTG-1,4473,NK,NK
PBMC10k_GTCACTCGTCTCAGGC-1,4475,CD4 T,Treg
PBMC10k_GTCACTCTCAAGAAAC-1,4476,CD4 T,CD4 Naive
PBMC10k_GTCACTCTCGACATCA-1,4477,NK,NK
PBMC10k_GTCACTCTCGGTCTAA-1,4478,NK,NK
PBMC10k_GTCACTCTCTTACGTT-1,4479,CD4 T,CD4 TCM
PBMC10k_GTCAGCGAGCATTTCG-1,4481,CD4 T,Treg
PBMC10k_GTCAGCGAGCTCGTGC-1,4482,CD4 T,CD4 TEM
PBMC10k_GTCAGCGAGTTGGACG-1,4484,CD4 T,CD4 Naive
PBMC10k_GTCAGCGCAGGCGATA-1,4486,other,Eryth
PBMC10k_GTCAGCGGTTTAGTCG-1,4487,NK,NK
PBMC10k_GTCATCCAGCATCAAA-1,4490,Mono,CD14 Mono
PBMC10k_GTCATCCAGGTAAACT-1,4491,B,B naive
PBMC10k_GTCATCCAGGTGGGTT-1,4492,B,B naive
PBMC10k_GTCATCCCACGCTGAC-1,4494,CD4 T,CD4 TCM
PBMC10k_GTCATCCGTTCCCACT-1,4497,Mono,CD14 Mono
PBMC10k_GTCATCCTCAAAGCCT-1,4498,NK,NK
PBMC10k_GTCATCCTCCGCTAGG-1,4499,CD4 T,CD4 Naive
PBMC10k_GTCATGAAGCCAGTAG-1,4501,B,B naive
PBMC10k_GTCATGAAGTATTGCC-1,4503,NK,NK
PBMC10k_GTCATGAAGTGCTCAT-1,4504,CD4 T,CD4 Naive
PBMC10k_GTCATGACACTACTTT-1,4505,Mono,CD14 Mono
PBMC10k_GTCATGATCGTGTGAT-1,4507,CD8 T,CD8 TEM
PBMC10k_GTCATTTAGCGCCATC-1,4508,CD4 T,CD4 TEM
PBMC10k_GTCATTTAGCGTGAGT-1,4509,CD4 T,CD4 TCM
PBMC10k_GTCATTTGTAATGCTC-1,4512,CD4 T,Treg
PBMC10k_GTCATTTGTGCGTGCT-1,4513,CD4 T,CD4 Naive
PBMC10k_GTCATTTGTGTTCGTA-1,4514,CD4 T,CD4 Naive
PBMC10k_GTCCACTAGGGACCAT-1,4516,other T,MAIT
PBMC10k_GTCCACTAGTACTCGT-1,4517,Mono,CD14 Mono
PBMC10k_GTCCACTCAAATGGCG-1,4519,other,Eryth
PBMC10k_GTCCACTCAATTGAGA-1,4520,CD8 T,CD8 TCM
PBMC10k_GTCCACTCAGTATTCG-1,4521,Mono,CD14 Mono
PBMC10k_GTCCACTCATAATGCC-1,4522,CD4 T,CD4 TCM
PBMC10k_GTCCACTTCACGGTCG-1,4525,CD4 T,CD4 Naive
PBMC10k_GTCCACTTCGTGTGGC-1,4527,Mono,CD14 Mono
PBMC10k_GTCCCATAGCCTGAGA-1,4528,CD4 T,Treg
PBMC10k_GTCCCATCACCAGCTG-1,4531,Mono,CD14 Mono
PBMC10k_GTCCCATTCAAGCCCG-1,4534,other T,MAIT
PBMC10k_GTCCCATTCCCTCGAT-1,4535,CD8 T,CD8 Naive
PBMC10k_GTCCCATTCGTCGGGT-1,4536,other T,MAIT
PBMC10k_GTCCTCAAGCCTAACT-1,4537,CD8 T,CD8 TCM
PBMC10k_GTCCTCAAGTCTGCAT-1,4538,Mono,CD14 Mono
PBMC10k_GTCCTCACAAGGACAC-1,4539,Mono,CD14 Mono
PBMC10k_GTCCTCAGTGCATTAC-1,4543,NK,NK
PBMC10k_GTCCTCATCGCTGTTC-1,4545,CD4 T,CD4 TCM
PBMC10k_GTCGAATAGAGCAACC-1,4547,NK,NK
PBMC10k_GTCGAATAGCCGTCGT-1,4548,B,B naive
PBMC10k_GTCGAATCATCGTCCT-1,4549,CD4 T,CD4 TCM
PBMC10k_GTCGAATGTAGGACCA-1,4551,Mono,CD16 Mono
PBMC10k_GTCGAATGTATCCTTT-1,4552,CD8 T,CD8 Proliferating
PBMC10k_GTCGAATTCGGTAAGG-1,4555,CD4 T,CD4 TEM
PBMC10k_GTCGCGAAGACGGAAA-1,4556,CD4 T,CD4 Naive
PBMC10k_GTCGCGAAGATGACAT-1,4557,B,B naive
PBMC10k_GTCGCGACACAGCCAC-1,4559,DC,cDC2
PBMC10k_GTCGCGACATATACCG-1,4560,CD4 T,CD4 Naive
PBMC10k_GTCGCGAGTAAGCTCT-1,4561,NK,NK
PBMC10k_GTCGCGATCGCCATAA-1,4563,B,B naive
PBMC10k_GTCGTAAAGACTTCAC-1,4564,B,B naive
PBMC10k_GTCGTAAAGGTAGCCA-1,4566,CD4 T,CD4 Naive
PBMC10k_GTCGTAAAGGTCCCTG-1,4567,other T,dnT
PBMC10k_GTCGTAAAGTCACGCC-1,4568,NK,NK
PBMC10k_GTCGTAACAACCTATG-1,4569,Mono,CD14 Mono
PBMC10k_GTCGTAACAGGTCCGT-1,4570,other,Eryth
PBMC10k_GTCGTAACAGTGCCTG-1,4571,B,B naive
PBMC10k_GTCGTAAGTCTTCTAT-1,4573,B,B intermediate
PBMC10k_GTCGTAATCCGTACGG-1,4574,Mono,CD14 Mono
PBMC10k_GTCGTAATCTGTGTGA-1,4576,CD4 T,CD4 Naive
PBMC10k_GTCGTTCCAACAAAGT-1,4577,other T,MAIT
PBMC10k_GTCGTTCCAGTCGGAA-1,4578,Mono,CD14 Mono
PBMC10k_GTCGTTCGTTCTCGCT-1,4583,B,B naive
PBMC10k_GTCTACCCAGCCATTA-1,4587,other T,MAIT
PBMC10k_GTCTACCCATCGGAGA-1,4588,other T,MAIT
PBMC10k_GTCTACCCATGCAGCC-1,4589,CD4 T,CD4 Naive
PBMC10k_GTCTACCTCACGACTA-1,4590,CD8 T,CD8 TEM
PBMC10k_GTCTAGAAGAGGCGTT-1,4591,CD4 T,CD4 Naive
PBMC10k_GTCTAGAGTCACTCAA-1,4596,Mono,CD14 Mono
PBMC10k_GTCTCACAGAGCTTTC-1,4597,CD4 T,CD4 Proliferating
PBMC10k_GTCTCACCATTGTGCA-1,4599,CD4 T,CD4 TEM
PBMC10k_GTCTCACGTAACGTTC-1,4600,CD4 T,CD4 Naive
PBMC10k_GTCTCACGTTCCACAA-1,4602,CD4 T,CD4 TCM
PBMC10k_GTCTCACTCGAGAGCA-1,4603,CD4 T,CD4 Naive
PBMC10k_GTCTGTCAGCGAGTCA-1,4604,CD4 T,CD4 TCM
PBMC10k_GTCTGTCAGTTGGAGC-1,4607,CD8 T,CD8 TEM
PBMC10k_GTCTGTCCAAGTGATA-1,4608,CD4 T,CD4 Naive
PBMC10k_GTCTGTCCACACGCCA-1,4609,B,B naive
PBMC10k_GTCTTTAAGCAATAGT-1,4611,CD8 T,CD8 TCM
PBMC10k_GTCTTTACAGCGTGCT-1,4613,CD8 T,CD8 TEM
PBMC10k_GTCTTTAGTAGCTGCC-1,4616,other,Eryth
PBMC10k_GTCTTTAGTCCGTTTC-1,4617,Mono,CD14 Mono
PBMC10k_GTCTTTAGTCGGCACT-1,4618,CD4 T,Treg
PBMC10k_GTGACGCAGACTCAAA-1,4619,other T,MAIT
PBMC10k_GTGACGCGTGCTTCAA-1,4622,CD4 T,CD4 TCM
PBMC10k_GTGACGCTCAGCTAGT-1,4623,CD4 T,CD4 TCM
PBMC10k_GTGACGCTCCATTGTT-1,4624,NK,NK
PBMC10k_GTGACGCTCGGACTTA-1,4625,NK,NK
PBMC10k_GTGAGCCAGGGCCTCT-1,4627,CD4 T,CD4 TEM
PBMC10k_GTGAGCCTCACCACAA-1,4629,Mono,CD14 Mono
PBMC10k_GTGAGGACATTGTGCA-1,4633,other T,gdT
PBMC10k_GTGAGGAGTGTTGACT-1,4634,Mono,CD14 Mono
PBMC10k_GTGAGGAGTTACCTGA-1,4635,DC,pDC
PBMC10k_GTGAGGATCACACCGG-1,4637,NK,NK
PBMC10k_GTGAGGATCACCCATC-1,4638,Mono,CD14 Mono
PBMC10k_GTGAGTTCAATAGTAG-1,4640,Mono,CD14 Mono
PBMC10k_GTGAGTTCAGCCCAGT-1,4641,Mono,CD14 Mono
PBMC10k_GTGAGTTGTTGCGGAA-1,4643,NK,NK
PBMC10k_GTGAGTTTCATGCAGT-1,4644,CD8 T,CD8 Naive
PBMC10k_GTGAGTTTCCAACTAG-1,4645,CD4 T,CD4 TCM
PBMC10k_GTGAGTTTCTTCTAAC-1,4647,other T,gdT
PBMC10k_GTGATGTAGGCCTGCT-1,4649,CD4 T,CD4 TCM
PBMC10k_GTGATGTTCCTACTGC-1,4653,CD4 T,Treg
PBMC10k_GTGATGTTCCTCAGGG-1,4654,other T,gdT
PBMC10k_GTGCACGAGTCATGCT-1,4656,CD4 T,CD4 Naive
PBMC10k_GTGCACGCATCGATGT-1,4657,CD8 T,CD8 Proliferating
PBMC10k_GTGCACGGTATTGAGA-1,4658,CD4 T,CD4 TCM
PBMC10k_GTGCACGTCATGAAAG-1,4659,other,Eryth
PBMC10k_GTGCAGCCAATGCAAA-1,4661,NK,NK
PBMC10k_GTGCAGCCACGAGGTA-1,4662,other T,dnT
PBMC10k_GTGCAGCTCTCAGGCG-1,4666,NK,NK
PBMC10k_GTGCGTGAGAATACAC-1,4667,Mono,CD14 Mono
PBMC10k_GTGCGTGAGACATATG-1,4668,CD8 T,CD8 TEM
PBMC10k_GTGCGTGCAAACTAGA-1,4670,NK,NK
PBMC10k_GTGCGTGGTGTCCGTG-1,4674,CD8 T,CD8 TEM
PBMC10k_GTGCGTGTCCCGTAAA-1,4676,other,ILC
PBMC10k_GTGCGTGTCGTAACAC-1,4677,Mono,CD14 Mono
PBMC10k_GTGCTGGAGATACGAT-1,4678,CD8 T,CD8 TCM
PBMC10k_GTGCTGGCACTGAATC-1,4680,CD8 T,CD8 Naive
PBMC10k_GTGCTGGGTTTGAAAG-1,4684,CD8 T,CD8 Naive
PBMC10k_GTGCTTCAGGAATGTT-1,4685,CD4 T,CD4 TCM
PBMC10k_GTGCTTCCAGATAAAC-1,4688,CD4 T,CD4 Naive
PBMC10k_GTGCTTCGTGCCCTTT-1,4689,Mono,CD14 Mono
PBMC10k_GTGCTTCGTGCGTGCT-1,4690,Mono,CD14 Mono
PBMC10k_GTGCTTCTCAGACAAA-1,4691,other T,MAIT
PBMC10k_GTGCTTCTCTCTTGCG-1,4692,Mono,CD16 Mono
PBMC10k_GTGGAAGAGAGTAACT-1,4694,CD4 T,CD4 Naive
PBMC10k_GTGGAAGAGCTCGGCT-1,4696,CD4 T,CD4 TEM
PBMC10k_GTGGAAGAGGGACTGT-1,4697,NK,NK
PBMC10k_GTGGAGAGTCCTTGTC-1,4703,CD4 T,CD4 TEM
PBMC10k_GTGGAGATCGGCTTGG-1,4707,CD4 T,Treg
PBMC10k_GTGGCGTCAATCAAGA-1,4708,other,Eryth
PBMC10k_GTGGCGTCACGTAGTT-1,4709,CD8 T,CD8 Naive
PBMC10k_GTGGCGTTCGAAACAA-1,4711,Mono,CD14 Mono
PBMC10k_GTGGGAAAGAGTTGCG-1,4712,NK,NK
PBMC10k_GTGGGAACAACCAGAG-1,4713,Mono,CD14 Mono
PBMC10k_GTGGGAAGTAGCTGTT-1,4716,CD4 T,CD4 Naive
PBMC10k_GTGGTTACATACCACA-1,4722,other,Eryth
PBMC10k_GTGGTTAGTAGACAAT-1,4723,CD4 T,CD4 TEM
PBMC10k_GTGGTTAGTCCAGCGT-1,4724,Mono,CD14 Mono
PBMC10k_GTGGTTAGTCGCGTCA-1,4725,CD8 T,CD8 Naive
PBMC10k_GTGGTTAGTGACCGTC-1,4726,CD4 T,CD4 TCM
PBMC10k_GTGGTTATCACCCTGT-1,4728,CD8 T,CD8 TCM
PBMC10k_GTGTAACAGCTAGATA-1,4730,CD4 T,CD4 Naive
PBMC10k_GTGTAACAGTGGATTA-1,4732,other T,MAIT
PBMC10k_GTGTAACCACGTCATA-1,4734,Mono,CD14 Mono
PBMC10k_GTGTCCTGTCGCCTAG-1,4742,NK,NK_CD56bright
PBMC10k_GTGTGATAGAAGTGTT-1,4744,Mono,CD14 Mono
PBMC10k_GTGTGATAGTCGCTAT-1,4745,B,B memory
PBMC10k_GTGTGATCATGGAATA-1,4746,CD8 T,CD8 Naive
PBMC10k_GTGTGGCAGAGCTGAC-1,4750,CD4 T,CD4 Naive
PBMC10k_GTGTGGCCACAACGAG-1,4751,NK,NK
PBMC10k_GTGTGGCGTTGTGTAC-1,4754,Mono,CD14 Mono
PBMC10k_GTGTGGCTCTACGGTA-1,4755,CD4 T,CD4 Naive
PBMC10k_GTGTTAGTCCGACGGT-1,4757,Mono,CD14 Mono
PBMC10k_GTGTTCCAGGCCATAG-1,4758,Mono,CD14 Mono
PBMC10k_GTGTTCCAGGCCGCTT-1,4759,B,B naive
PBMC10k_GTGTTCCCACGACAAG-1,4761,CD4 T,CD4 Naive
PBMC10k_GTGTTCCGTTCCTTGC-1,4762,DC,cDC2
PBMC10k_GTGTTCCTCCCAATAG-1,4763,other T,MAIT
PBMC10k_GTGTTCCTCGGATAAA-1,4764,CD8 T,CD8 TEM
PBMC10k_GTGTTCCTCTCCACTG-1,4765,CD4 T,CD4 Naive
PBMC10k_GTTACAGAGTTCACTG-1,4767,NK,NK
PBMC10k_GTTACAGCAGTGGTGA-1,4768,CD4 T,CD4 Naive
PBMC10k_GTTACAGGTCGCATTA-1,4771,NK,NK
PBMC10k_GTTACAGGTTTCTTAC-1,4772,Mono,CD14 Mono
PBMC10k_GTTACAGTCCGCAACG-1,4774,other,Eryth
PBMC10k_GTTACCCAGCCTTCTC-1,4776,CD8 T,CD8 Naive
PBMC10k_GTTACCCCAACAGATA-1,4778,Mono,CD14 Mono
PBMC10k_GTTACCCGTCCCTGTT-1,4780,CD4 T,CD4 Naive
PBMC10k_GTTACCCGTTTCGGCG-1,4781,other,ILC
PBMC10k_GTTACCCGTTTCTATC-1,4782,NK,NK
PBMC10k_GTTACCCTCGGCTCTT-1,4783,other T,MAIT
PBMC10k_GTTACCCTCTCATGGA-1,4784,B,B naive
PBMC10k_GTTACGAAGCCAAGGT-1,4785,CD4 T,Treg
PBMC10k_GTTACGACAATTCACG-1,4786,NK,NK
PBMC10k_GTTACGACAATTGCAC-1,4787,NK,NK
PBMC10k_GTTACGATCTTTGATC-1,4789,CD8 T,CD8 Naive
PBMC10k_GTTAGACAGAGGCGGA-1,4790,Mono,CD14 Mono
PBMC10k_GTTAGACCACTTGAAC-1,4792,B,B naive
PBMC10k_GTTAGACGTCGCATGC-1,4794,CD4 T,Treg
PBMC10k_GTTAGACTCGCGTGAC-1,4798,CD4 T,CD4 Naive
PBMC10k_GTTAGACTCTCCGAGG-1,4799,Mono,CD14 Mono
PBMC10k_GTTAGTGCACATACGT-1,4802,CD4 T,CD4 TEM
PBMC10k_GTTATGGAGTAGCCAG-1,4805,CD4 T,Treg
PBMC10k_GTTATGGGTACTGCGC-1,4807,Mono,CD14 Mono
PBMC10k_GTTATGGGTTGAAGTA-1,4808,CD8 T,CD8 Naive
PBMC10k_GTTCATTAGCTCGAAG-1,4811,CD8 T,CD8 Naive
PBMC10k_GTTCATTAGGGCAGAG-1,4812,CD4 T,CD4 Naive
PBMC10k_GTTCATTCAAATGAAC-1,4813,NK,NK
PBMC10k_GTTCATTCATTGGGAG-1,4817,NK,NK
PBMC10k_GTTCCGTCAAGCCTGC-1,4821,B,B memory
PBMC10k_GTTCCGTGTTGATCGT-1,4824,Mono,CD14 Mono
PBMC10k_GTTCCGTGTTTACGTG-1,4825,other T,dnT
PBMC10k_GTTCCGTTCCCATTCG-1,4826,CD4 T,CD4 TCM
PBMC10k_GTTCCGTTCGCGTCGA-1,4828,other T,gdT
PBMC10k_GTTCGCTCAACCAACT-1,4830,Mono,CD14 Mono
PBMC10k_GTTCGCTTCAAAGACA-1,4834,CD4 T,CD4 TEM
PBMC10k_GTTCGCTTCACAGTGT-1,4835,other T,MAIT
PBMC10k_GTTCTATAGCTGGAGT-1,4838,CD4 T,CD4 TEM
PBMC10k_GTTCTATTCCGCAGTG-1,4842,Mono,CD14 Mono
PBMC10k_GTTCTATTCGACGACC-1,4844,DC,cDC2
PBMC10k_GTTCTATTCTCAATCT-1,4845,other,Eryth
PBMC10k_GTTGAACAGAATCGTA-1,4846,Mono,CD14 Mono
PBMC10k_GTTGAACAGACCAAGC-1,4847,Mono,CD14 Mono
PBMC10k_GTTGCGGAGACCAAAT-1,4850,CD8 T,CD8 Naive
PBMC10k_GTTGCGGAGATGCTGG-1,4851,CD8 T,CD8 TEM
PBMC10k_GTTGCGGCAATTGGTC-1,4852,CD4 T,CD4 Naive
PBMC10k_GTTGCGGCAGCTGGTC-1,4853,CD4 T,CD4 Naive
PBMC10k_GTTGCGGCATCAGTGT-1,4854,other,Eryth
PBMC10k_GTTGCTCAGATTTGCC-1,4860,CD4 T,CD4 Naive
PBMC10k_GTTGCTCGTCGAAGCA-1,4861,CD8 T,CD8 Naive
PBMC10k_GTTGCTCGTGCTGTCG-1,4862,Mono,CD14 Mono
PBMC10k_GTTGCTCTCGTCCATC-1,4863,B,B naive
PBMC10k_GTTGTAGAGTCTCGTA-1,4864,CD8 T,CD8 TEM
PBMC10k_GTTGTAGAGTTGCCCG-1,4865,Mono,CD14 Mono
PBMC10k_GTTGTAGCAATTGCCA-1,4866,CD8 T,CD8 Naive
PBMC10k_GTTGTAGGTGATAGAT-1,4868,Mono,CD14 Mono
PBMC10k_GTTGTAGGTTTAGTCG-1,4869,Mono,CD14 Mono
PBMC10k_GTTGTAGTCACGACTA-1,4871,CD4 T,CD4 Naive
PBMC10k_GTTGTAGTCCTGGGAC-1,4872,NK,NK
PBMC10k_GTTGTCCAGTTGTACC-1,4873,DC,pDC
PBMC10k_GTTGTCCGTAACATAG-1,4874,Mono,CD14 Mono
PBMC10k_GTTGTCCGTACACGCC-1,4875,CD4 T,CD4 TCM
PBMC10k_GTTGTCCGTGGCTTGC-1,4878,CD8 T,CD8 Proliferating
PBMC10k_GTTGTCCTCCTTTAGT-1,4881,Mono,CD14 Mono
PBMC10k_GTTGTCCTCGGCTGGT-1,4883,CD8 T,CD8 Naive
PBMC10k_GTTGTGAAGGGCAGGA-1,4884,CD8 T,CD8 TEM
PBMC10k_GTTGTGACAAATTAGG-1,4886,B,B memory
PBMC10k_GTTGTGACAGGACTAG-1,4887,NK,NK
PBMC10k_GTTGTGAGTCACTACA-1,4889,other,Eryth
PBMC10k_GTTGTGAGTCTTCAAG-1,4890,Mono,CD14 Mono
PBMC10k_GTTGTGAGTGTTTCTT-1,4891,NK,NK
PBMC10k_GTTGTGATCATCACAG-1,4892,CD4 T,CD4 Naive
PBMC10k_GTTGTGATCTTGCAAG-1,4893,CD4 T,CD4 Naive
PBMC10k_GTTTACTAGACACACG-1,4894,Mono,CD14 Mono
PBMC10k_GTTTACTCAGGCACAA-1,4895,Mono,CD14 Mono
PBMC10k_GTTTACTCATAGGCGA-1,4896,Mono,CD14 Mono
PBMC10k_GTTTACTGTATCGGTT-1,4897,other,Eryth
PBMC10k_GTTTACTGTCGATTTG-1,4898,NK,NK
PBMC10k_GTTTACTTCTCCTGCA-1,4901,NK,NK_CD56bright
PBMC10k_GTTTGGAAGGATACAT-1,4902,CD8 T,CD8 Naive
PBMC10k_GTTTGGAGTTGCACGC-1,4906,Mono,CD14 Mono
PBMC10k_GTTTGGAGTTTCGCTC-1,4908,CD8 T,CD8 TCM
PBMC10k_TAACACGAGCGAACTG-1,4909,Mono,CD14 Mono
PBMC10k_TAACACGCACTATCGA-1,4910,CD4 T,CD4 Naive
PBMC10k_TAACACGGTGTAAATG-1,4912,CD8 T,CD8 TEM
PBMC10k_TAACCAGAGACCTCAT-1,4913,CD4 T,CD4 TEM
PBMC10k_TAACCAGCACCAAAGG-1,4914,CD4 T,Treg
PBMC10k_TAACCAGCACTCATAG-1,4915,B,Plasmablast
PBMC10k_TAACCAGCAGCTTTCC-1,4916,CD8 T,CD8 Naive
PBMC10k_TAACCAGGTAGACAGC-1,4917,Mono,CD14 Mono
PBMC10k_TAACGACAGGCGAAGG-1,4918,other,ILC
PBMC10k_TAACGACCAATGTCTG-1,4920,CD4 T,CD4 TCM
PBMC10k_TAACGACCACCTCAGG-1,4921,CD4 T,CD4 TEM
PBMC10k_TAACGACCATTCTTCA-1,4922,NK,NK
PBMC10k_TAACGACGTGAGAACC-1,4923,Mono,CD14 Mono
PBMC10k_TAACGACTCACGAGGA-1,4924,other T,MAIT
PBMC10k_TAACGACTCCATCTCG-1,4925,NK,NK
PBMC10k_TAACGACTCCTTATCA-1,4926,Mono,CD14 Mono
PBMC10k_TAACTTCAGTTGGAGC-1,4927,other T,MAIT
PBMC10k_TAACTTCGTGCCTACG-1,4929,CD4 T,CD4 Naive
PBMC10k_TAAGCACAGATGAACT-1,4931,CD8 T,CD8 Naive
PBMC10k_TAAGCACAGGTGCCTC-1,4934,Mono,CD14 Mono
PBMC10k_TAAGCACCAGTCGAGA-1,4936,other T,MAIT
PBMC10k_TAAGCACCATTAAGCC-1,4937,CD4 T,Treg
PBMC10k_TAAGCACGTCCACAGC-1,4938,NK,NK
PBMC10k_TAAGCACGTCTTGTCC-1,4939,CD8 T,CD8 TEM
PBMC10k_TAAGCCATCAGTGGGA-1,4942,B,B intermediate
PBMC10k_TAAGCGTAGTCCCGGT-1,4944,other T,MAIT
PBMC10k_TAAGCGTCAGTCTGGC-1,4946,NK,NK
PBMC10k_TAAGCGTCATTCAGGT-1,4947,NK,NK
PBMC10k_TAAGCGTGTAGGCAGT-1,4949,other,Eryth
PBMC10k_TAAGTCGAGCGACCCT-1,4952,other,ILC
PBMC10k_TAAGTCGCAAGCACAG-1,4953,other,Eryth
PBMC10k_TAAGTCGCATTCATCT-1,4955,DC,cDC2
PBMC10k_TAAGTCGTCCGGGACT-1,4956,other T,MAIT
PBMC10k_TAATCTCAGCATCTTG-1,4958,other,ILC
PBMC10k_TAATCTCAGGTAAGTT-1,4960,NK,NK
PBMC10k_TAATCTCGTTACCTGA-1,4962,CD4 T,CD4 Naive
PBMC10k_TAATCTCTCATACAGC-1,4963,B,B naive
PBMC10k_TAATCTCTCATCTCTA-1,4964,B,B naive
PBMC10k_TAATCTCTCGAGGCAA-1,4965,other,Eryth
PBMC10k_TAATTCCGTAGGTTTC-1,4969,Mono,CD16 Mono
PBMC10k_TAATTCCGTCCACATA-1,4970,NK,NK
PBMC10k_TAATTCCTCCCAAGCG-1,4971,NK,NK
PBMC10k_TAATTCCTCGCAACAT-1,4972,NK,NK
PBMC10k_TACAACGAGACGACGT-1,4973,Mono,CD14 Mono
PBMC10k_TACAACGCACCAGCGT-1,4974,Mono,CD14 Mono
PBMC10k_TACAACGCACTGGCGT-1,4975,Mono,CD14 Mono
PBMC10k_TACAACGGTATGCGGA-1,4976,CD4 T,CD4 Naive
PBMC10k_TACAACGTCAAATGAG-1,4977,Mono,CD14 Mono
PBMC10k_TACAACGTCATCTATC-1,4978,other,Eryth
PBMC10k_TACAACGTCGATTTCT-1,4980,Mono,CD14 Mono
PBMC10k_TACACCCAGTAACCGG-1,4982,NK,NK
PBMC10k_TACACCCAGTGTTGTC-1,4983,CD4 T,Treg
PBMC10k_TACACCCTCACGGTCG-1,4985,CD4 T,CD4 TCM
PBMC10k_TACAGGTAGGGAACAA-1,4986,Mono,CD14 Mono
PBMC10k_TACAGGTCAAACTAGA-1,4987,CD4 T,CD4 Naive
PBMC10k_TACAGGTCAGACGCTC-1,4989,other T,MAIT
PBMC10k_TACAGGTTCCTCACGT-1,4990,DC,cDC2
PBMC10k_TACAGGTTCGTTTACT-1,4991,CD4 T,CD4 Naive
PBMC10k_TACATTCAGTCACGAG-1,4994,CD4 T,CD4 TEM
PBMC10k_TACATTCCACTAACCA-1,4995,CD4 T,Treg
PBMC10k_TACCCACAGATCGGTG-1,5000,NK,NK
PBMC10k_TACCCACAGGAATTAC-1,5001,B,B intermediate
PBMC10k_TACCCACTCTGAGATC-1,5003,B,B naive
PBMC10k_TACCCGTAGTGCACCC-1,5004,CD4 T,CD4 TEM
PBMC10k_TACCCGTAGTGCTCAT-1,5005,Mono,CD14 Mono
PBMC10k_TACCCGTCAAACCATC-1,5006,CD4 T,CD4 Naive
PBMC10k_TACCCGTCACGCGGTT-1,5007,CD4 T,CD4 Naive
PBMC10k_TACCCGTCAGTTCTAG-1,5009,CD4 T,Treg
PBMC10k_TACCCGTCATGAGGGT-1,5010,B,B naive
PBMC10k_TACCCGTTCCACAGGC-1,5011,Mono,CD14 Mono
PBMC10k_TACCCGTTCCGAGATT-1,5013,NK,NK
PBMC10k_TACCCGTTCGGAACTT-1,5014,NK,NK
PBMC10k_TACCCGTTCGTCGATA-1,5015,DC,cDC1
PBMC10k_TACCCGTTCGTTGCCT-1,5016,Mono,CD14 Mono
PBMC10k_TACCCGTTCTGGTGGC-1,5018,CD4 T,CD4 Naive
PBMC10k_TACCGAACACAGCCTG-1,5019,CD8 T,CD8 TEM
PBMC10k_TACCGGGAGAATACAC-1,5024,CD8 T,CD8 Naive
PBMC10k_TACCGGGAGACTTCCA-1,5025,NK,NK
PBMC10k_TACCGGGAGCGATGCA-1,5026,Mono,CD14 Mono
PBMC10k_TACCGGGAGGTAAGAG-1,5027,CD4 T,CD4 Naive
PBMC10k_TACCGGGTCTTACTGT-1,5028,CD4 T,CD4 TEM
PBMC10k_TACCTCGAGTTAGAAC-1,5030,CD4 T,CD4 TEM
PBMC10k_TACCTCGCAACTGCTA-1,5031,other T,MAIT
PBMC10k_TACCTCGGTCAGTCCG-1,5032,CD4 T,CD4 TEM
PBMC10k_TACCTCGTCGCTCTCA-1,5033,Mono,CD14 Mono
PBMC10k_TACCTGCAGCTTTGTG-1,5035,other T,MAIT
PBMC10k_TACCTGCGTTGATGTC-1,5038,other T,MAIT
PBMC10k_TACCTGCGTTGCTAGT-1,5039,CD8 T,CD8 TEM
PBMC10k_TACCTGCTCCCTCAAC-1,5041,CD4 T,CD4 Naive
PBMC10k_TACGCTCAGATAGTCA-1,5042,other T,MAIT
PBMC10k_TACGCTCTCCTGGGAC-1,5045,CD8 T,CD8 Naive
PBMC10k_TACGCTCTCTCGACCT-1,5047,CD4 T,CD4 TEM
PBMC10k_TACGGGCCAGAACTTC-1,5048,Mono,CD14 Mono
PBMC10k_TACGGGCCATTGCCTC-1,5049,Mono,CD14 Mono
PBMC10k_TACGGGCGTTGCAAGG-1,5050,NK,NK
PBMC10k_TACGGGCGTTGTATGC-1,5051,NK,NK
PBMC10k_TACGGGCGTTTGGAAA-1,5052,B,B naive
PBMC10k_TACGGTAGTTGCCGCA-1,5055,CD8 T,CD8 TCM
PBMC10k_TACGTCCAGCCTCACG-1,5056,CD4 T,CD4 TCM
PBMC10k_TACGTCCCAGCTGTGC-1,5057,Mono,CD16 Mono
PBMC10k_TACGTCCCAGTCGGTC-1,5058,CD4 T,CD4 Naive
PBMC10k_TACGTCCGTCCGATCG-1,5059,CD4 T,CD4 Naive
PBMC10k_TACGTCCTCCGCGGAT-1,5062,Mono,CD14 Mono
PBMC10k_TACGTCCTCTATCACT-1,5063,CD4 T,Treg
PBMC10k_TACGTCCTCTGGGATT-1,5064,other,ILC
PBMC10k_TACTGCCAGATTCGCT-1,5065,NK,NK
PBMC10k_TACTGCCAGGAACGAA-1,5066,CD4 T,CD4 Naive
PBMC10k_TACTGCCAGTACAGCG-1,5067,CD4 T,Treg
PBMC10k_TACTGCCCATGACGAG-1,5069,Mono,CD14 Mono
PBMC10k_TACTTACCAATGCTCA-1,5072,Mono,CD14 Mono
PBMC10k_TACTTACGTCTTACTT-1,5073,NK,NK_CD56bright
PBMC10k_TACTTACTCAGTCCGG-1,5076,CD4 T,CD4 Naive
PBMC10k_TACTTCAAGACGACTG-1,5078,Mono,CD14 Mono
PBMC10k_TACTTCAAGGATACGC-1,5079,Mono,CD14 Mono
PBMC10k_TACTTCAAGGTATAGT-1,5080,Mono,CD14 Mono
PBMC10k_TACTTCAGTCATAACC-1,5081,CD8 T,CD8 Naive
PBMC10k_TACTTCATCACTGTCC-1,5082,DC,pDC
PBMC10k_TACTTGTCAAGAGTGC-1,5086,CD4 T,CD4 TCM
PBMC10k_TACTTGTGTTGGGACA-1,5088,Mono,CD14 Mono
PBMC10k_TACTTGTTCCTGTAGA-1,5090,NK,NK
PBMC10k_TAGACCAAGAAGGATG-1,5091,B,B memory
PBMC10k_TAGACCAAGCGCCGTT-1,5094,CD4 T,CD4 TCM
PBMC10k_TAGACCAGTAACTGCT-1,5096,Mono,CD14 Mono
PBMC10k_TAGACCAGTCGAGCAA-1,5098,CD4 T,Treg
PBMC10k_TAGACCAGTTGTAGCT-1,5100,other T,dnT
PBMC10k_TAGACTGTCATTCGGA-1,5108,other T,MAIT
PBMC10k_TAGAGTCAGCGTTGTT-1,5111,CD8 T,CD8 Naive
PBMC10k_TAGAGTCAGGCACAAC-1,5112,CD8 T,CD8 Naive
PBMC10k_TAGAGTCCAGCAAGAC-1,5114,CD4 T,CD4 TCM
PBMC10k_TAGAGTCGTATACCTG-1,5115,Mono,CD14 Mono
PBMC10k_TAGAGTCGTGTATCCA-1,5116,Mono,CD14 Mono
PBMC10k_TAGATCGAGTAAGGGA-1,5117,CD4 T,CD4 TCM
PBMC10k_TAGATCGCACAGTCCG-1,5118,other T,MAIT
PBMC10k_TAGATCGCATAGAAAC-1,5119,DC,cDC2
PBMC10k_TAGATCGGTTGCTGAT-1,5121,NK,NK
PBMC10k_TAGATCGGTTGGCCGT-1,5122,CD4 T,CD4 TEM
PBMC10k_TAGCACAAGATGCCGA-1,5126,NK,NK
PBMC10k_TAGCACAAGCTGTTAC-1,5127,Mono,CD14 Mono
PBMC10k_TAGCACACACCTCGTT-1,5128,other T,dnT
PBMC10k_TAGCACAGTAAGCTCT-1,5129,CD8 T,CD8 TCM
PBMC10k_TAGGAGGAGTCTAGAA-1,5130,CD4 T,CD4 TEM
PBMC10k_TAGGAGGCAAACGGCA-1,5131,B,Plasmablast
PBMC10k_TAGGAGGCACTTCTCG-1,5132,other,ILC
PBMC10k_TAGGAGGGTTGTCCCT-1,5134,CD4 T,CD4 Naive
PBMC10k_TAGGTACAGGAAGTCC-1,5135,Mono,CD14 Mono
PBMC10k_TAGGTACAGGTACATA-1,5136,Mono,CD14 Mono
PBMC10k_TAGGTACGTCAGGTAG-1,5141,CD4 T,CD4 Naive
PBMC10k_TAGGTACTCGAAGTGG-1,5146,CD4 T,CD4 Naive
PBMC10k_TAGGTTGAGAATCGAT-1,5148,CD4 T,CD4 Naive
PBMC10k_TAGGTTGGTTCGGTTA-1,5151,NK,NK
PBMC10k_TAGTGCAAGCAGCCCT-1,5152,CD4 T,CD4 Naive
PBMC10k_TAGTGCACACGAAGAC-1,5154,CD4 T,CD4 TCM
PBMC10k_TAGTGCACATCGCTGG-1,5155,B,B naive
PBMC10k_TAGTGCAGTCACAGTT-1,5157,DC,cDC2
PBMC10k_TATACCTAGCCATTGT-1,5159,CD4 T,CD4 TCM
PBMC10k_TATACCTAGGCCCAAA-1,5160,CD4 T,CD4 TCM
PBMC10k_TATACCTCATTCAGGT-1,5163,Mono,CD14 Mono
PBMC10k_TATACCTGTACATACC-1,5164,Mono,CD14 Mono
PBMC10k_TATACCTTCGCTTTAT-1,5166,CD4 T,CD4 TCM
PBMC10k_TATACCTTCTATCCAT-1,5167,CD4 T,CD4 TEM
PBMC10k_TATATCCAGGATTTCC-1,5168,B,B naive
PBMC10k_TATATCCCACGTGTGC-1,5169,CD4 T,Treg
PBMC10k_TATATCCGTAGACGTG-1,5170,B,B intermediate
PBMC10k_TATATCCGTTCTTAGG-1,5171,CD4 T,CD4 Naive
PBMC10k_TATATCCTCAGATTGC-1,5172,B,B naive
PBMC10k_TATCAGGAGATGCCGA-1,5175,B,B naive
PBMC10k_TATCAGGAGTCGAGGT-1,5176,Mono,CD14 Mono
PBMC10k_TATCAGGAGTGCTCAT-1,5177,B,B intermediate
PBMC10k_TATCAGGCATCCAATG-1,5178,Mono,CD14 Mono
PBMC10k_TATCCTAAGAGGATGA-1,5183,NK,NK
PBMC10k_TATCCTACACATACTG-1,5186,DC,cDC2
PBMC10k_TATCCTACAGGTCCCA-1,5187,Mono,CD14 Mono
PBMC10k_TATCCTAGTAACGTTC-1,5188,B,B intermediate
PBMC10k_TATCCTAGTGAATGAT-1,5189,other,Eryth
PBMC10k_TATCGCCAGAATAGTC-1,5190,other T,dnT
PBMC10k_TATCGCCAGGTCGTGA-1,5191,CD4 T,CD4 Proliferating
PBMC10k_TATCGCCAGTAGCAAT-1,5192,Mono,CD14 Mono
PBMC10k_TATCGCCCAAGTGGTG-1,5193,CD4 T,CD4 Naive
PBMC10k_TATCGCCCAAGTTCCA-1,5194,other,ILC
PBMC10k_TATCGCCGTACACGTT-1,5195,other T,dnT
PBMC10k_TATCGCCTCTACGCGG-1,5197,NK,NK
PBMC10k_TATCTGTAGTCGAAAT-1,5198,other,Eryth
PBMC10k_TATCTGTAGTTCTCTT-1,5199,CD8 T,CD8 Naive
PBMC10k_TATCTGTGTTCTAAGC-1,5201,NK,NK
PBMC10k_TATCTGTTCTCGCGTT-1,5204,CD8 T,CD8 TEM
PBMC10k_TATCTTGAGGTTGCCC-1,5207,Mono,CD14 Mono
PBMC10k_TATCTTGGTATATGGA-1,5208,other T,dnT
PBMC10k_TATCTTGGTGGACCAA-1,5209,CD8 T,CD8 Naive
PBMC10k_TATCTTGTCCATAGGT-1,5210,NK,NK
PBMC10k_TATCTTGTCTAGAACC-1,5211,Mono,CD14 Mono
PBMC10k_TATGTTCAGTGCGTCC-1,5213,CD8 T,CD8 Naive
PBMC10k_TATGTTCCATAGTCGT-1,5215,other,ILC
PBMC10k_TATTCCAAGCGCTGAA-1,5216,Mono,CD14 Mono
PBMC10k_TATTCCAAGCTCGTGC-1,5217,Mono,CD14 Mono
PBMC10k_TATTCCAAGGTCCTGC-1,5218,Mono,CD14 Mono
PBMC10k_TATTCCACAATCGCCG-1,5220,Mono,CD14 Mono
PBMC10k_TATTCCACACTCAGAT-1,5221,Mono,CD14 Mono
PBMC10k_TATTCCAGTCGCACGT-1,5223,CD8 T,CD8 Naive
PBMC10k_TATTCCAGTCTAACTG-1,5224,CD4 T,Treg
PBMC10k_TATTGCTAGATCCTAC-1,5227,B,B memory
PBMC10k_TATTGCTAGTGTTGAA-1,5229,CD4 T,CD4 TCM
PBMC10k_TATTGCTCACAGTCAT-1,5231,Mono,CD14 Mono
PBMC10k_TATTGCTGTTAAGAAC-1,5233,CD8 T,CD8 TCM
PBMC10k_TATTGGGAGATCCGAG-1,5236,NK,NK
PBMC10k_TATTGGGAGCGACTTT-1,5237,other T,gdT
PBMC10k_TATTGGGAGTTTGGCT-1,5240,CD8 T,CD8 Naive
PBMC10k_TATTGGGCAGAGGGTT-1,5241,CD4 T,CD4 TCM
PBMC10k_TATTGGGCAGTTTCAG-1,5242,CD4 T,Treg
PBMC10k_TATTGGGCATTGGCAT-1,5243,other,Eryth
PBMC10k_TATTGGGGTCTTGAAC-1,5245,B,B naive
PBMC10k_TATTGGGGTTGGCTAT-1,5246,CD8 T,CD8 TCM
PBMC10k_TATTTCGAGACTCATC-1,5248,NK,NK
PBMC10k_TATTTCGGTGGTCTAT-1,5249,CD8 T,CD8 Naive
PBMC10k_TATTTCGGTTACGTAC-1,5250,NK,NK
PBMC10k_TATTTCGGTTCGAGCC-1,5251,Mono,CD14 Mono
PBMC10k_TATTTCGTCTCAGGCG-1,5255,CD4 T,CD4 Naive
PBMC10k_TATTTCGTCTTTGCGC-1,5256,CD8 T,CD8 TCM
PBMC10k_TCAAGACAGATGACCG-1,5257,CD4 T,CD4 TEM
PBMC10k_TCAAGACCATGTGTCA-1,5258,CD8 T,CD8 Naive
PBMC10k_TCAAGACTCATCACAG-1,5260,DC,cDC2
PBMC10k_TCAAGCAAGTTGAAAC-1,5262,other T,MAIT
PBMC10k_TCAAGCATCCGTAGTA-1,5263,B,B naive
PBMC10k_TCAAGTGAGCCTCACG-1,5266,CD4 T,CD4 Naive
PBMC10k_TCAAGTGAGGCTATCT-1,5267,NK,NK
PBMC10k_TCAAGTGAGTAATCCC-1,5268,Mono,CD14 Mono
PBMC10k_TCAAGTGAGTCTGGTT-1,5269,Mono,CD14 Mono
PBMC10k_TCAAGTGCATCGCTGG-1,5273,NK,NK
PBMC10k_TCAAGTGGTTAGGGAC-1,5276,Mono,CD14 Mono
PBMC10k_TCAAGTGTCGGAATGG-1,5277,NK,NK
PBMC10k_TCAATCTGTCCGGCAT-1,5279,NK,NK
PBMC10k_TCAATTCAGTCCTGCG-1,5280,CD4 T,CD4 TCM
PBMC10k_TCAATTCCACAGAGCA-1,5282,B,B memory
PBMC10k_TCAATTCGTCCTGAAT-1,5285,CD4 T,Treg
PBMC10k_TCAATTCTCTTTGCTA-1,5288,Mono,CD14 Mono
PBMC10k_TCACAAGAGGAGCAAA-1,5289,CD4 T,CD4 TCM
PBMC10k_TCACAAGAGTCCCGGT-1,5290,other T,dnT
PBMC10k_TCACAAGGTTCAAGTC-1,5294,other T,MAIT
PBMC10k_TCACACCAGCAAACAT-1,5296,CD8 T,CD8 Naive
PBMC10k_TCACACCCAAATGGAT-1,5297,Mono,CD14 Mono
PBMC10k_TCACACCCAGTGTGCC-1,5298,CD4 T,CD4 Naive
PBMC10k_TCACACCGTACCACGC-1,5299,NK,NK
PBMC10k_TCACACCGTACTTGTG-1,5301,CD4 T,CD4 TCM
PBMC10k_TCACACCGTCGTGATT-1,5302,other,Eryth
PBMC10k_TCACACCGTTAGTTCG-1,5303,CD4 T,Treg
PBMC10k_TCACATTCAGTAGTTC-1,5304,CD4 T,CD4 Naive
PBMC10k_TCACATTGTATCTCTT-1,5306,other T,dnT
PBMC10k_TCACATTTCATTTCGT-1,5307,other,Eryth
PBMC10k_TCACGCTGTAAGCTCT-1,5308,CD8 T,CD8 TEM
PBMC10k_TCACGCTGTCGCCTAG-1,5309,CD4 T,CD4 TCM
PBMC10k_TCACGCTGTCTGTTAG-1,5310,other,Eryth
PBMC10k_TCACGCTGTGAATTAG-1,5311,CD4 T,CD4 Naive
PBMC10k_TCACGCTGTGGGTATG-1,5312,NK,NK
PBMC10k_TCACGCTTCACGTAGT-1,5314,CD4 T,CD4 Naive
PBMC10k_TCACGCTTCTCGCTCA-1,5316,B,B naive
PBMC10k_TCACGGGAGACAACAT-1,5317,CD8 T,CD8 Naive
PBMC10k_TCACGGGAGACGGTTG-1,5318,CD4 T,CD4 TCM
PBMC10k_TCACGGGGTTGATGTC-1,5319,B,B memory
PBMC10k_TCACTATGTTAAGAAC-1,5324,CD8 T,CD8 Naive
PBMC10k_TCACTATTCATTCATC-1,5327,CD4 T,CD4 TEM
PBMC10k_TCACTATTCGCTTACC-1,5328,CD8 T,CD8 Naive
PBMC10k_TCACTCGAGGTAGTAT-1,5329,B,B naive
PBMC10k_TCACTCGCAACTGCCG-1,5330,Mono,CD14 Mono
PBMC10k_TCACTCGTCGTTACCC-1,5332,CD4 T,CD4 TCM
PBMC10k_TCACTCGTCTGAGATC-1,5333,NK,NK
PBMC10k_TCAGCAAAGATAACGT-1,5335,CD4 T,CD4 Naive
PBMC10k_TCAGCAAAGTAACAGT-1,5338,NK,NK
PBMC10k_TCAGCAAGTTGTAGCT-1,5340,B,B naive
PBMC10k_TCAGCAATCATCGACA-1,5341,Mono,CD14 Mono
PBMC10k_TCAGCCTAGCGTTCCG-1,5343,DC,cDC2
PBMC10k_TCAGCCTCAGTTGCGC-1,5344,CD4 T,Treg
PBMC10k_TCAGCCTGTAACACCT-1,5345,Mono,CD16 Mono
PBMC10k_TCAGCCTGTGGCGTAA-1,5347,CD8 T,CD8 TEM
PBMC10k_TCAGCCTGTTCGGTAT-1,5348,CD4 T,CD4 Naive
PBMC10k_TCAGCCTTCAGCTGAT-1,5349,NK,NK
PBMC10k_TCAGGGCGTCAAAGCG-1,5351,Mono,CD14 Mono
PBMC10k_TCAGGGCGTTTCCATT-1,5353,DC,cDC2
PBMC10k_TCAGGGCTCGGTCGGT-1,5354,CD4 T,CD4 Naive
PBMC10k_TCAGGGCTCTTACGTT-1,5355,CD4 T,CD4 TCM
PBMC10k_TCAGGTAAGATGGCAC-1,5356,B,B naive
PBMC10k_TCAGGTAAGGTAGGCT-1,5360,CD4 T,CD4 TCM
PBMC10k_TCAGGTACAAGTGGTG-1,5361,NK,NK
PBMC10k_TCAGGTATCTCTCGCA-1,5365,B,B naive
PBMC10k_TCAGTCCAGAAATGGG-1,5366,CD4 T,CD4 TCM
PBMC10k_TCAGTCCAGGCCTAAG-1,5367,CD4 T,CD4 Naive
PBMC10k_TCAGTCCTCCATACTT-1,5370,Mono,CD14 Mono
PBMC10k_TCAGTGAAGCTGGAGT-1,5371,other T,MAIT
PBMC10k_TCAGTGAAGCTGTTAC-1,5372,CD4 T,CD4 TCM
PBMC10k_TCAGTGAAGGATTTCC-1,5373,CD8 T,CD8 TCM
PBMC10k_TCAGTGAGTTTGGCTA-1,5377,CD4 T,CD4 TCM
PBMC10k_TCAGTTTCAAGTATAG-1,5379,Mono,CD14 Mono
PBMC10k_TCAGTTTCACTGGACC-1,5381,B,B naive
PBMC10k_TCAGTTTGTCAGGTGA-1,5383,CD4 T,CD4 TCM
PBMC10k_TCAGTTTTCAGAGTTC-1,5384,CD4 T,CD4 Naive
PBMC10k_TCAGTTTTCGGCACTG-1,5385,NK,NK
PBMC10k_TCATACTCAATGCAGG-1,5387,B,B intermediate
PBMC10k_TCATACTCACCATAAC-1,5388,NK,NK
PBMC10k_TCATACTCATCGCCTT-1,5389,other T,dnT
PBMC10k_TCATACTTCACCTTAT-1,5391,B,B memory
PBMC10k_TCATACTTCCGATGCG-1,5392,NK,NK
PBMC10k_TCATACTTCGAGTGAG-1,5393,Mono,CD14 Mono
PBMC10k_TCATATCAGTTGAAAC-1,5395,Mono,CD14 Mono
PBMC10k_TCATATCCACGGTGAA-1,5397,CD8 T,CD8 TCM
PBMC10k_TCATATCGTTGTGTTG-1,5399,other T,MAIT
PBMC10k_TCATCATAGACTTCCA-1,5400,NK,NK
PBMC10k_TCATCATAGCGATGAC-1,5401,other,Eryth
PBMC10k_TCATCATAGGAAGTCC-1,5402,Mono,CD16 Mono
PBMC10k_TCATCATCAGACAATA-1,5405,DC,cDC2
PBMC10k_TCATCATGTAAGGCCA-1,5407,CD4 T,Treg
PBMC10k_TCATCATTCGTTGTTT-1,5408,CD8 T,CD8 Naive
PBMC10k_TCATCATTCTCCATAT-1,5409,CD8 T,CD8 TEM
PBMC10k_TCATCCGAGATACAGT-1,5410,CD4 T,CD4 Naive
PBMC10k_TCATCCGCAGTATACC-1,5412,CD8 T,CD8 Naive
PBMC10k_TCATCCGGTCTCACAA-1,5413,NK,NK
PBMC10k_TCATGAGAGATGTTAG-1,5414,Mono,CD14 Mono
PBMC10k_TCATGAGAGCCGTCGT-1,5415,NK,NK Proliferating
PBMC10k_TCATGAGCAACTGCCG-1,5417,Mono,CD14 Mono
PBMC10k_TCATGAGCACATGGTT-1,5418,Mono,CD14 Mono
PBMC10k_TCATGAGCAGCTGTTA-1,5419,Mono,CD14 Mono
PBMC10k_TCATGAGGTAAGATTG-1,5420,NK,NK
PBMC10k_TCATGAGGTTTCACAG-1,5421,B,B intermediate
PBMC10k_TCATGCCAGGGTTTCT-1,5424,CD4 T,CD4 Naive
PBMC10k_TCATGCCAGGTGAGCT-1,5425,NK,NK
PBMC10k_TCATGCCCAAGAGATT-1,5426,other T,gdT
PBMC10k_TCATGCCCATAACCCA-1,5428,other,ILC
PBMC10k_TCATGCCGTGAGTAGC-1,5429,NK,NK
PBMC10k_TCATGCCGTTAGAGAT-1,5430,CD4 T,CD4 TCM
PBMC10k_TCATGCCGTTCGATTG-1,5432,CD4 T,CD4 TCM
PBMC10k_TCATGCCTCGCGGTAC-1,5434,other,ILC
PBMC10k_TCATGGACATCTCATT-1,5437,NK,NK
PBMC10k_TCATGGAGTCCTGTCT-1,5438,NK,NK Proliferating
PBMC10k_TCATGTTAGAGTCCGA-1,5441,CD4 T,CD4 TEM
PBMC10k_TCATGTTCAGACAATA-1,5442,CD4 T,CD4 TCM
PBMC10k_TCATGTTGTTCGGCTG-1,5443,CD4 T,CD4 TEM
PBMC10k_TCATTACCATCGATAC-1,5445,Mono,CD14 Mono
PBMC10k_TCATTACTCGCAATTG-1,5447,CD4 T,CD4 Naive
PBMC10k_TCATTCACACTACAGT-1,5449,NK,NK
PBMC10k_TCATTTGGTTATGTCG-1,5454,CD4 T,CD4 TEM
PBMC10k_TCCACCACAGAACGCA-1,5456,CD4 T,CD4 TCM
PBMC10k_TCCACCACAGCCGGTT-1,5457,B,Plasmablast
PBMC10k_TCCACCAGTGGGTCAA-1,5459,Mono,CD14 Mono
PBMC10k_TCCACCATCATCCTAT-1,5461,Mono,CD14 Mono
PBMC10k_TCCACGTAGTATGAAC-1,5464,other,Eryth
PBMC10k_TCCACGTGTCCGGCAT-1,5465,CD4 T,Treg
PBMC10k_TCCACGTGTGGCTGAA-1,5466,other T,MAIT
PBMC10k_TCCACGTGTGTTCAGT-1,5467,CD4 T,CD4 Naive
PBMC10k_TCCACGTGTTCGCGTG-1,5468,Mono,CD14 Mono
PBMC10k_TCCACGTTCATGAGAA-1,5470,NK,NK
PBMC10k_TCCACGTTCATGGAGG-1,5471,CD8 T,CD8 TEM
PBMC10k_TCCACGTTCTTGGATG-1,5473,CD8 T,CD8 Naive
PBMC10k_TCCAGAAAGAAGGGAT-1,5474,CD8 T,CD8 Naive
PBMC10k_TCCAGAACAAGATGTA-1,5476,NK,NK
PBMC10k_TCCAGAACAATACGAA-1,5477,B,B naive
PBMC10k_TCCAGAACACATATGC-1,5478,other,Eryth
PBMC10k_TCCAGAAGTGACTCGC-1,5480,CD4 T,CD4 TCM
PBMC10k_TCCAGAAGTGTCTCCT-1,5481,CD4 T,CD4 TCM
PBMC10k_TCCAGAATCTCTATAC-1,5483,CD8 T,CD8 TEM
PBMC10k_TCCATCGAGAAGTCAT-1,5484,CD8 T,CD8 Naive
PBMC10k_TCCATCGAGAGTGTGC-1,5485,Mono,CD14 Mono
PBMC10k_TCCATCGCATAAGCGG-1,5488,B,B naive
PBMC10k_TCCATCGGTCTTGGTA-1,5489,CD8 T,CD8 Naive
PBMC10k_TCCATCGTCAATCAGC-1,5491,Mono,CD14 Mono
PBMC10k_TCCATGCAGATTTGCC-1,5492,other T,MAIT
PBMC10k_TCCATGCGTCTGTCAA-1,5495,CD4 T,CD4 Naive
PBMC10k_TCCATGCGTTCGTTCC-1,5496,CD8 T,CD8 TEM
PBMC10k_TCCATGCTCAGTAGGG-1,5499,other T,MAIT
PBMC10k_TCCATGCTCTGTGCGG-1,5500,Mono,CD14 Mono
PBMC10k_TCCCACAAGCTGGAGT-1,5501,NK,NK
PBMC10k_TCCCACACAAGCTACT-1,5503,other T,dnT
PBMC10k_TCCCACACAGCTCTGG-1,5504,Mono,CD14 Mono
PBMC10k_TCCCACATCAGGGTAG-1,5506,CD4 T,CD4 Naive
PBMC10k_TCCCACATCGGCCCAA-1,5507,Mono,CD14 Mono
PBMC10k_TCCCAGTGTAGGCAAC-1,5509,Mono,CD16 Mono
PBMC10k_TCCCAGTGTAGTGCGA-1,5510,Mono,CD14 Mono
PBMC10k_TCCCATGGTGAAGCGT-1,5515,CD8 T,CD8 TEM
PBMC10k_TCCCATGGTGCTCTCT-1,5516,other T,MAIT
PBMC10k_TCCCATGTCCTACCAC-1,5519,Mono,CD14 Mono
PBMC10k_TCCCATGTCTTACCGC-1,5520,NK,NK
PBMC10k_TCCGAAAGTACATTGC-1,5523,NK,NK
PBMC10k_TCCGAAAGTCTAACTG-1,5525,Mono,CD14 Mono
PBMC10k_TCCGAAATCCACTGAA-1,5526,Mono,CD14 Mono
PBMC10k_TCCGAAATCTGCTTAT-1,5527,CD8 T,CD8 Naive
PBMC10k_TCCGATCAGTAGTCCT-1,5528,B,B memory
PBMC10k_TCCGATCTCGAACCTA-1,5531,CD4 T,CD4 TEM
PBMC10k_TCCGGGAAGGATTACA-1,5534,CD4 T,Treg
PBMC10k_TCCGGGAAGTGCTCGC-1,5535,CD4 T,CD4 TCM
PBMC10k_TCCGGGACACCGCTGA-1,5537,other T,MAIT
PBMC10k_TCCGGGACAGCTTCCT-1,5538,CD4 T,Treg
PBMC10k_TCCGTGTGTCCAGCGT-1,5541,NK,NK
PBMC10k_TCCGTGTGTTTGCAGT-1,5543,CD4 T,Treg
PBMC10k_TCCTAATAGTCATACC-1,5546,CD4 T,CD4 Naive
PBMC10k_TCCTAATCAGCATTGT-1,5547,CD4 T,CD4 TCM
PBMC10k_TCCTAATCATACAGAA-1,5549,CD4 T,CD4 TCM
PBMC10k_TCCTCCCAGGACATCG-1,5551,CD8 T,CD8 TEM
PBMC10k_TCCTCCCAGTATGGCG-1,5552,CD8 T,CD8 Naive
PBMC10k_TCCTCCCCACGTAACT-1,5556,DC,cDC2
PBMC10k_TCCTCCCCAGCAGAAC-1,5558,CD4 T,Treg
PBMC10k_TCCTCGAAGACTACGG-1,5560,Mono,CD14 Mono
PBMC10k_TCCTCGAAGTTAACGA-1,5562,CD4 T,CD4 Naive
PBMC10k_TCCTCGACAAGAAACT-1,5563,B,B naive
PBMC10k_TCCTCGAGTAATGCTC-1,5565,DC,cDC2
PBMC10k_TCCTCGAGTCAATGGG-1,5566,DC,cDC2
PBMC10k_TCCTCGATCACAAGGG-1,5567,Mono,CD14 Mono
PBMC10k_TCCTCGATCTAAGAAG-1,5569,B,B naive
PBMC10k_TCCTCTTAGGAACGCT-1,5570,Mono,CD14 Mono
PBMC10k_TCCTCTTGTAATGCTC-1,5575,other T,dnT
PBMC10k_TCCTCTTGTAGTCCTA-1,5576,CD8 T,CD8 TCM
PBMC10k_TCCTCTTGTCCGATCG-1,5577,CD8 T,CD8 Proliferating
PBMC10k_TCCTCTTTCGGTGTAT-1,5578,other,ILC
PBMC10k_TCCTCTTTCTATCGTT-1,5579,CD4 T,CD4 TEM
PBMC10k_TCCTGCAAGCTATCTG-1,5580,CD4 T,CD4 TEM
PBMC10k_TCCTGCAAGGCATGGT-1,5581,Mono,CD14 Mono
PBMC10k_TCCTGCAAGTGGTCAG-1,5582,CD4 T,Treg
PBMC10k_TCCTGCACACTACTTT-1,5583,B,B memory
PBMC10k_TCCTGCAGTTTGGGAG-1,5586,CD4 T,Treg
PBMC10k_TCCTTCTGTGGTACAG-1,5590,DC,pDC
PBMC10k_TCCTTCTTCAATCTTC-1,5591,CD8 T,CD8 TCM
PBMC10k_TCGAACAAGCATATGA-1,5596,CD4 T,CD4 TCM
PBMC10k_TCGAACACACCCAATA-1,5597,CD4 T,CD4 Naive
PBMC10k_TCGAACATCACGTAGT-1,5598,CD4 T,CD4 TEM
PBMC10k_TCGAACATCGATTGGT-1,5599,CD4 T,CD4 Naive
PBMC10k_TCGAAGTCATATGCGT-1,5603,CD8 T,CD8 TEM
PBMC10k_TCGAAGTGTCCAGCCA-1,5605,other T,MAIT
PBMC10k_TCGAAGTTCGTCCTCA-1,5606,CD4 T,CD4 TEM
PBMC10k_TCGACCTAGTACAGAT-1,5609,CD4 T,CD4 TCM
PBMC10k_TCGACCTCAGGACAGT-1,5611,CD4 T,CD4 TCM
PBMC10k_TCGACCTCAGGCATGA-1,5612,other T,MAIT
PBMC10k_TCGACCTGTCTTGAAC-1,5614,other T,MAIT
PBMC10k_TCGACCTGTGCTCTCT-1,5615,NK,NK
PBMC10k_TCGACCTTCCATCAGA-1,5617,NK,NK
PBMC10k_TCGACGGCACACGTGC-1,5619,CD4 T,CD4 TEM
PBMC10k_TCGACGGGTCCTCCAT-1,5620,NK,NK
PBMC10k_TCGACGGGTGAGACGT-1,5621,CD4 T,CD4 TEM
PBMC10k_TCGACGGGTGTGAATA-1,5622,CD8 T,CD8 Naive
PBMC10k_TCGACGGTCTGTAACG-1,5625,Mono,CD16 Mono
PBMC10k_TCGATTTAGCAGGGAG-1,5626,DC,cDC2
PBMC10k_TCGATTTAGCTCATAC-1,5627,NK,NK
PBMC10k_TCGATTTCAAGAATGT-1,5629,CD4 T,Treg
PBMC10k_TCGATTTCACTTCTCG-1,5630,Mono,CD14 Mono
PBMC10k_TCGATTTGTTCCACAA-1,5633,NK,NK
PBMC10k_TCGATTTTCAAGTGTC-1,5634,CD4 T,CD4 TEM
PBMC10k_TCGATTTTCTCATAGG-1,5635,other,Eryth
PBMC10k_TCGCACTAGTCAAGCG-1,5636,NK,NK
PBMC10k_TCGCACTGTACTGTTG-1,5637,Mono,CD16 Mono
PBMC10k_TCGCACTGTGGATCAG-1,5638,Mono,CD14 Mono
PBMC10k_TCGCACTGTTGACTGT-1,5639,CD4 T,CD4 TEM
PBMC10k_TCGCACTTCGGACCAC-1,5642,NK,NK
PBMC10k_TCGCAGGAGTCTAGCT-1,5643,CD4 T,CD4 Naive
PBMC10k_TCGCAGGCACAAGTTC-1,5644,B,B intermediate
PBMC10k_TCGCAGGCACGGGTAA-1,5645,CD4 T,CD4 Naive
PBMC10k_TCGCAGGCAGAGACTG-1,5646,CD8 T,CD8 TCM
PBMC10k_TCGCAGGCATTGTACG-1,5647,Mono,CD14 Mono
PBMC10k_TCGCAGGGTTAACCTG-1,5649,NK,NK
PBMC10k_TCGCAGGGTTTGGGAG-1,5650,CD4 T,CD4 Naive
PBMC10k_TCGCAGGTCTTACACT-1,5654,Mono,CD14 Mono
PBMC10k_TCGCTCAAGAGTCGAC-1,5655,CD4 T,CD4 TEM
PBMC10k_TCGCTCAAGCAGGTCA-1,5656,NK,NK
PBMC10k_TCGCTCACACCAGCCA-1,5658,other T,MAIT
PBMC10k_TCGCTCACAGTCAGCC-1,5659,CD4 T,CD4 Naive
PBMC10k_TCGCTCACATGTGTCA-1,5660,CD4 T,CD4 Naive
PBMC10k_TCGCTCATCTGGTCAA-1,5663,CD8 T,CD8 Naive
PBMC10k_TCGCTTGAGTACAACA-1,5664,CD4 T,CD4 TCM
PBMC10k_TCGCTTGCAGTGACCC-1,5665,CD4 T,CD4 TCM
PBMC10k_TCGCTTGCATAGATCC-1,5666,Mono,CD14 Mono
PBMC10k_TCGCTTGCATCGCCTT-1,5667,CD4 T,CD4 TEM
PBMC10k_TCGCTTGCATTAGGCT-1,5668,other T,MAIT
PBMC10k_TCGCTTGGTCGATTCA-1,5669,CD4 T,CD4 Naive
PBMC10k_TCGCTTGTCACTAGCA-1,5670,CD4 T,Treg
PBMC10k_TCGCTTGTCTCGCAGG-1,5671,Mono,CD14 Mono
PBMC10k_TCGGATAAGCAGCACA-1,5672,B,B naive
PBMC10k_TCGGATAAGCTTTCCC-1,5673,CD4 T,CD4 TCM
PBMC10k_TCGGATAAGTATAGGT-1,5674,Mono,CD14 Mono
PBMC10k_TCGGATACAGTAGTGG-1,5676,CD4 T,CD4 Naive
PBMC10k_TCGGATATCCACACAA-1,5678,NK,NK
PBMC10k_TCGGGACAGGCATCGA-1,5679,Mono,CD14 Mono
PBMC10k_TCGGGACAGTTGGCGA-1,5681,CD4 T,CD4 Naive
PBMC10k_TCGGGACCACGGTGTC-1,5682,B,B naive
PBMC10k_TCGGGACGTACCACGC-1,5684,CD4 T,CD4 TEM
PBMC10k_TCGGGACGTACTAACC-1,5685,CD8 T,CD8 Naive
PBMC10k_TCGGGACGTCTGCGCA-1,5687,CD8 T,CD8 TEM
PBMC10k_TCGGGCACACCGCTAG-1,5690,Mono,CD14 Mono
PBMC10k_TCGGGCACAGTGCGCT-1,5691,CD8 T,CD8 Proliferating
PBMC10k_TCGGGCAGTACAGAAT-1,5692,Mono,CD14 Mono
PBMC10k_TCGGGCAGTACGAGTG-1,5693,CD4 T,CD4 Naive
PBMC10k_TCGGGCAGTCACAATC-1,5694,CD4 T,Treg
PBMC10k_TCGGGCAGTCATCGCG-1,5695,Mono,CD16 Mono
PBMC10k_TCGGGCAGTTTAGTCG-1,5696,CD4 T,CD4 Naive
PBMC10k_TCGGGCATCCCTCGTA-1,5697,CD4 T,CD4 Naive
PBMC10k_TCGGGCATCTAGTACG-1,5699,Mono,CD14 Mono
PBMC10k_TCGGGCATCTATGTGG-1,5700,NK,NK
PBMC10k_TCGGGCATCTTCGTAT-1,5701,CD4 T,Treg
PBMC10k_TCGGGTGAGGTAGACC-1,5702,other T,MAIT
PBMC10k_TCGGGTGCACCTGAAT-1,5703,CD4 T,CD4 TCM
PBMC10k_TCGGGTGGTACCGGCT-1,5704,other T,dnT
PBMC10k_TCGGGTGTCATGCGGC-1,5706,other T,MAIT
PBMC10k_TCGGGTGTCGACCACG-1,5707,other T,MAIT
PBMC10k_TCGGTCTAGAGTTCGG-1,5709,Mono,CD14 Mono
PBMC10k_TCGGTCTAGCCAACCC-1,5710,Mono,CD14 Mono
PBMC10k_TCGGTCTCAGTTTCGA-1,5713,CD8 T,CD8 Naive
PBMC10k_TCGGTCTGTGGTGATG-1,5715,DC,cDC2
PBMC10k_TCGGTCTTCGCGTTTC-1,5718,Mono,CD14 Mono
PBMC10k_TCGTAGAAGTACGTCT-1,5719,CD8 T,CD8 Naive
PBMC10k_TCGTAGAGTAGTTCCA-1,5724,NK,NK
PBMC10k_TCGTAGAGTTATCTTC-1,5726,other T,MAIT
PBMC10k_TCGTAGATCACGAACT-1,5727,CD4 T,CD4 Naive
PBMC10k_TCGTCCAAGGGAGGGT-1,5729,other T,MAIT
PBMC10k_TCGTCCAAGTTCCTGA-1,5730,B,B naive
PBMC10k_TCGTGCTAGCGTCTCG-1,5737,other T,MAIT
PBMC10k_TCGTGCTCACGCTGCA-1,5738,CD4 T,Treg
PBMC10k_TCGTGCTGTAGTCGGA-1,5739,CD8 T,CD8 Naive
PBMC10k_TCGTGCTTCATCACAG-1,5741,CD4 T,CD4 Naive
PBMC10k_TCGTGCTTCCGTATGA-1,5742,CD4 T,CD4 Naive
PBMC10k_TCGTGCTTCTCAGTCC-1,5743,Mono,CD14 Mono
PBMC10k_TCGTGGGAGCCATTGT-1,5744,other T,dnT
PBMC10k_TCGTGGGAGCTGGCCT-1,5745,CD8 T,CD8 TEM
PBMC10k_TCGTGGGAGGTGAGCT-1,5746,Mono,CD14 Mono
PBMC10k_TCGTGGGAGTCTACCA-1,5747,CD4 T,CD4 TCM
PBMC10k_TCGTGGGGTCAATGGG-1,5749,Mono,CD14 Mono
PBMC10k_TCGTGGGGTGAGGCAT-1,5750,other T,dnT
PBMC10k_TCGTGGGGTGGTTCTA-1,5751,DC,cDC2
PBMC10k_TCGTGGGTCGGCATTA-1,5753,CD4 T,CD4 TCM
PBMC10k_TCTAACTAGTAAGACT-1,5754,Mono,CD14 Mono
PBMC10k_TCTAACTCAAATCAGA-1,5755,B,B intermediate
PBMC10k_TCTAACTCACTGCGAC-1,5756,CD4 T,CD4 Naive
PBMC10k_TCTAACTTCCGCGATG-1,5759,B,B naive
PBMC10k_TCTAACTTCGTAGAGG-1,5760,other,Eryth
PBMC10k_TCTACATAGTACAGAT-1,5762,CD8 T,CD8 Naive
PBMC10k_TCTACATTCGTAGTCA-1,5765,CD4 T,Treg
PBMC10k_TCTACCGAGAGTCACG-1,5766,NK,NK
PBMC10k_TCTACCGAGGGTAATT-1,5767,CD8 T,CD8 Naive
PBMC10k_TCTACCGCAGTCGTTA-1,5770,Mono,CD14 Mono
PBMC10k_TCTACCGTCCTACCAC-1,5771,CD4 T,CD4 TCM
PBMC10k_TCTATACAGTCGAATA-1,5776,CD8 T,CD8 TEM
PBMC10k_TCTATACAGTCGGCCT-1,5777,CD4 T,CD4 Naive
PBMC10k_TCTATACGTCACCTTC-1,5778,CD4 T,CD4 Naive
PBMC10k_TCTATACGTGCCAAGA-1,5780,CD4 T,CD4 Naive
PBMC10k_TCTATCATCACAAGGG-1,5784,other T,gdT
PBMC10k_TCTATCATCCTAAACG-1,5785,DC,cDC2
PBMC10k_TCTCACGGTGAATGAT-1,5789,other,Eryth
PBMC10k_TCTCACGGTGTTGAGG-1,5790,Mono,CD14 Mono
PBMC10k_TCTCACGTCTATCCAT-1,5791,other,Eryth
PBMC10k_TCTCAGCCAGTGTGGA-1,5796,CD8 T,CD8 Naive
PBMC10k_TCTCAGCCATCCGAAT-1,5797,CD4 T,CD4 TCM
PBMC10k_TCTCAGCGTAAGCAAT-1,5798,CD4 T,CD4 TCM
PBMC10k_TCTCAGCGTTCCGGTG-1,5800,Mono,CD14 Mono
PBMC10k_TCTCAGCTCCCATTTA-1,5803,other T,MAIT
PBMC10k_TCTCCGAAGCCAAGTG-1,5804,CD4 T,CD4 TCM
PBMC10k_TCTCCGACAGGGAGAG-1,5806,Mono,CD16 Mono
PBMC10k_TCTCCGAGTCGGATTT-1,5809,Mono,CD14 Mono
PBMC10k_TCTCCGAGTGGCACTC-1,5810,Mono,CD14 Mono
PBMC10k_TCTCCGAGTTGCGGAA-1,5811,NK,NK
PBMC10k_TCTCCGATCGGCTTCT-1,5814,Mono,CD14 Mono
PBMC10k_TCTCTGGAGGTTATAG-1,5815,NK,NK
PBMC10k_TCTCTGGCATCAGCAT-1,5818,Mono,CD14 Mono
PBMC10k_TCTCTGGGTGCTCGTG-1,5820,Mono,CD14 Mono
PBMC10k_TCTCTGGTCCTTACCG-1,5821,NK,NK
PBMC10k_TCTGCCAGTAACAGTA-1,5824,NK,NK
PBMC10k_TCTGGCTAGGGAGGAC-1,5826,Mono,CD14 Mono
PBMC10k_TCTGGCTAGTATGATG-1,5827,CD4 T,Treg
PBMC10k_TCTGGCTCACATCATG-1,5828,other,Eryth
PBMC10k_TCTGGCTGTCTACACA-1,5829,B,B naive
PBMC10k_TCTGTCGAGCCGATTT-1,5832,NK,NK
PBMC10k_TCTGTCGGTTCACCGG-1,5835,other,Eryth
PBMC10k_TCTGTCGTCCTACCGT-1,5837,CD4 T,CD4 Naive
PBMC10k_TCTGTCGTCTACCAGA-1,5838,Mono,CD14 Mono
PBMC10k_TCTTAGTAGTCCCAGC-1,5840,NK,NK Proliferating
PBMC10k_TCTTAGTTCATCTCTA-1,5843,CD4 T,CD4 Naive
PBMC10k_TCTTCCTAGATGACAT-1,5844,NK,NK
PBMC10k_TCTTCCTGTCAATGGG-1,5847,other,Eryth
PBMC10k_TCTTCCTTCATGAAAG-1,5850,B,B intermediate
PBMC10k_TCTTGCGAGACATATG-1,5853,CD8 T,CD8 TEM
PBMC10k_TCTTGCGAGTTGCCCG-1,5854,CD4 T,CD4 TEM
PBMC10k_TCTTGCGCACTCCACT-1,5855,Mono,CD14 Mono
PBMC10k_TCTTGCGCATCGTTCC-1,5857,DC,cDC2
PBMC10k_TCTTGCGGTCTGTGAT-1,5858,CD4 T,CD4 TCM
PBMC10k_TCTTGCGGTGTCCTAA-1,5859,Mono,CD14 Mono
PBMC10k_TCTTGCGGTTGCAACT-1,5861,other,ILC
PBMC10k_TCTTGCGTCTGTAAGC-1,5862,NK,NK
PBMC10k_TCTTTGACAGCCTATA-1,5865,B,B naive
PBMC10k_TCTTTGACAGGGACTA-1,5866,Mono,CD14 Mono
PBMC10k_TCTTTGAGTATCGTAC-1,5869,CD4 T,CD4 TCM
PBMC10k_TCTTTGAGTCGCTGCA-1,5870,other T,MAIT
PBMC10k_TCTTTGAGTTGCTCGG-1,5871,CD4 T,Treg
PBMC10k_TCTTTGATCGACGAGA-1,5872,CD8 T,CD8 Naive
PBMC10k_TGAACGTCACGGTGAA-1,5874,CD4 T,CD4 Naive
PBMC10k_TGAACGTGTGACTCTA-1,5875,B,B memory
PBMC10k_TGAACGTTCTTCGACC-1,5876,Mono,CD16 Mono
PBMC10k_TGAATCGTCATCTCTA-1,5879,DC,pDC
PBMC10k_TGAATGCGTCACAGTT-1,5884,NK,NK
PBMC10k_TGAATGCGTCGAATTC-1,5885,NK,NK
PBMC10k_TGACAGTAGTGAACAT-1,5886,Mono,CD14 Mono
PBMC10k_TGACAGTTCTCGAGTA-1,5892,Mono,CD14 Mono
PBMC10k_TGACCCTCACAAATCC-1,5895,other T,dnT
PBMC10k_TGACCCTCACGAGAAC-1,5896,Mono,CD16 Mono
PBMC10k_TGACGCGCACAGTGTT-1,5901,CD8 T,CD8 TCM
PBMC10k_TGACTCCAGTCTCTGA-1,5906,other T,MAIT
PBMC10k_TGACTCCCATGAAGGC-1,5907,Mono,CD14 Mono
PBMC10k_TGACTCCGTAACTAAG-1,5908,Mono,CD16 Mono
PBMC10k_TGACTCCGTTCACGAT-1,5909,Mono,CD14 Mono
PBMC10k_TGACTCCTCACATTGG-1,5910,Mono,CD14 Mono
PBMC10k_TGACTCCTCATTCGGA-1,5911,CD4 T,CD4 TCM
PBMC10k_TGAGACTAGCTAGCCC-1,5912,B,B memory
PBMC10k_TGAGACTCAACAGCCC-1,5914,CD8 T,CD8 Proliferating
PBMC10k_TGAGACTCAATGGCCC-1,5915,other,Eryth
PBMC10k_TGAGACTCACCCAAGC-1,5916,Mono,CD14 Mono
PBMC10k_TGAGACTCAGCAGATG-1,5917,other,ILC
PBMC10k_TGAGACTCAGCTTTGA-1,5918,Mono,CD14 Mono
PBMC10k_TGAGACTGTCCAGAAG-1,5919,Mono,CD14 Mono
PBMC10k_TGAGACTGTCTAACTG-1,5920,Mono,CD14 Mono
PBMC10k_TGAGACTGTGAACTAA-1,5921,other T,dnT
PBMC10k_TGAGACTGTGTCTTCC-1,5923,other T,MAIT
PBMC10k_TGAGACTTCCACAGCG-1,5924,B,B memory
PBMC10k_TGAGACTTCTGAGAGG-1,5928,Mono,CD14 Mono
PBMC10k_TGAGACTTCTTGTTAC-1,5931,Mono,CD14 Mono
PBMC10k_TGAGCATAGGCGCTTC-1,5932,CD4 T,Treg
PBMC10k_TGAGCATGTAACTTCG-1,5934,CD4 T,Treg
PBMC10k_TGAGCATGTAGCTTGT-1,5935,CD8 T,CD8 TEM
PBMC10k_TGAGCATGTGTGTTTG-1,5936,CD4 T,CD4 Naive
PBMC10k_TGAGCATTCTACCTTA-1,5937,Mono,CD14 Mono
PBMC10k_TGAGCATTCTCGACGG-1,5938,Mono,CD14 Mono
PBMC10k_TGAGCGCTCGACCTAA-1,5941,Mono,CD14 Mono
PBMC10k_TGAGGAGAGGAACTCG-1,5943,other T,gdT
PBMC10k_TGAGGAGCAACCGTAT-1,5945,CD4 T,CD4 Naive
PBMC10k_TGAGGAGCAATAACGA-1,5946,Mono,CD14 Mono
PBMC10k_TGAGGAGGTATGACAA-1,5949,CD4 T,CD4 Naive
PBMC10k_TGAGGGAAGTTGAAGT-1,5951,CD4 T,CD4 TEM
PBMC10k_TGAGGGACACGATAGG-1,5954,CD4 T,CD4 Naive
PBMC10k_TGAGGGACAGTCAGCC-1,5955,CD8 T,CD8 TEM
PBMC10k_TGAGGGACATCTCAAG-1,5956,Mono,CD14 Mono
PBMC10k_TGAGGGAGTCGATTCA-1,5957,CD4 T,Treg
PBMC10k_TGAGGGATCCACCTGT-1,5958,CD4 T,CD4 TEM
PBMC10k_TGAGGGATCCTCTCGA-1,5959,CD8 T,CD8 TCM
PBMC10k_TGAGGTTAGACGATAT-1,5960,Mono,CD16 Mono
PBMC10k_TGAGGTTCACCATTCC-1,5961,DC,cDC2
PBMC10k_TGAGGTTTCACTGTTT-1,5963,NK,NK_CD56bright
PBMC10k_TGAGGTTTCTTCCTAA-1,5965,NK,NK
PBMC10k_TGAGTCAAGCTCGACC-1,5966,NK,NK Proliferating
PBMC10k_TGAGTCACACCGCTGA-1,5967,CD4 T,CD4 TCM
PBMC10k_TGAGTCAGTGTTTCTT-1,5968,CD4 T,CD4 Naive
PBMC10k_TGAGTCATCGGTTGTA-1,5970,Mono,CD14 Mono
PBMC10k_TGAGTCATCTGTACAG-1,5971,B,B memory
PBMC10k_TGATCAGAGGAACATT-1,5972,Mono,CD14 Mono
PBMC10k_TGATCAGAGTCCTACA-1,5973,Mono,CD14 Mono
PBMC10k_TGATCAGAGTGCAAAT-1,5974,NK,NK
PBMC10k_TGATCAGCAATCAAGA-1,5975,NK,NK
PBMC10k_TGATCAGCACTGTTCC-1,5976,Mono,CD14 Mono
PBMC10k_TGATCAGGTACAGAGC-1,5977,Mono,CD14 Mono
PBMC10k_TGATCAGTCACCCATC-1,5978,NK,NK
PBMC10k_TGATCTTAGTCTAGCT-1,5982,B,B naive
PBMC10k_TGATCTTAGTTTCTTC-1,5983,NK,NK
PBMC10k_TGATCTTCACCAAAGG-1,5984,CD4 T,CD4 Naive
PBMC10k_TGATCTTGTCGACTTA-1,5986,CD4 T,CD4 Naive
PBMC10k_TGATCTTGTGCGTGCT-1,5987,CD4 T,Treg
PBMC10k_TGATCTTTCAGGGATG-1,5988,Mono,CD14 Mono
PBMC10k_TGATGCAAGCGGACAT-1,5989,NK,NK_CD56bright
PBMC10k_TGATGCACACAATTCG-1,5991,Mono,CD14 Mono
PBMC10k_TGATGGTAGACAACAT-1,5996,NK,NK Proliferating
PBMC10k_TGATGGTAGGAGCAAA-1,5998,CD4 T,CD4 TCM
PBMC10k_TGATGGTAGTAGTCCT-1,5999,B,Plasmablast
PBMC10k_TGATGGTCACAGAGAC-1,6000,CD4 T,CD4 Naive
PBMC10k_TGATGGTCACCCTCTA-1,6001,NK,NK
PBMC10k_TGATGGTGTATGTCCA-1,6004,CD4 T,Treg
PBMC10k_TGATGGTGTCACAATC-1,6005,CD4 T,CD4 TCM
PBMC10k_TGATGGTTCACTGGTA-1,6006,CD4 T,CD4 Naive
PBMC10k_TGATGGTTCAGAACCT-1,6007,NK,NK
PBMC10k_TGATGGTTCGTGGGAA-1,6008,CD4 T,CD4 TCM
PBMC10k_TGATGGTTCGTTCTAT-1,6009,other T,MAIT
PBMC10k_TGATTCTAGATCCTAC-1,6010,Mono,CD14 Mono
PBMC10k_TGATTCTGTCCTGTTC-1,6012,CD4 T,CD4 TEM
PBMC10k_TGATTCTTCGAGTGGA-1,6015,CD4 T,CD4 Naive
PBMC10k_TGATTTCAGACATATG-1,6016,CD4 T,CD4 Naive
PBMC10k_TGATTTCAGCATGAAT-1,6018,NK,NK
PBMC10k_TGATTTCTCCGTATGA-1,6022,other T,dnT
PBMC10k_TGATTTCTCGCCTATC-1,6023,Mono,CD14 Mono
PBMC10k_TGCACGGAGTCCCTAA-1,6025,DC,cDC2
PBMC10k_TGCACGGCAAATGGAT-1,6026,other T,gdT
PBMC10k_TGCACGGCAACTGAAA-1,6027,CD4 T,CD4 TCM
PBMC10k_TGCACGGGTCGGTGAA-1,6030,CD4 T,Treg
PBMC10k_TGCACGGGTCTCGCGA-1,6031,Mono,CD14 Mono
PBMC10k_TGCACGGTCCCGTGTT-1,6032,Mono,CD14 Mono
PBMC10k_TGCAGATAGAGCATTA-1,6035,Mono,CD14 Mono
PBMC10k_TGCAGATAGGCAGTCA-1,6036,NK,NK
PBMC10k_TGCAGATCACCTGATA-1,6038,NK,NK
PBMC10k_TGCAGGCAGATAACAC-1,6042,NK,NK
PBMC10k_TGCAGGCAGATGACCG-1,6043,B,B naive
PBMC10k_TGCAGGCAGGTGATCG-1,6046,CD8 T,CD8 TEM
PBMC10k_TGCAGGCCATCCTAAG-1,6047,Mono,CD14 Mono
PBMC10k_TGCAGGCTCATCTACT-1,6048,CD8 T,CD8 Naive
PBMC10k_TGCAGGCTCCGCTAGG-1,6049,CD8 T,CD8 TCM
PBMC10k_TGCAGGCTCTCCACTG-1,6050,CD4 T,CD4 TCM
PBMC10k_TGCAGTACACAGCGCT-1,6053,CD4 T,CD4 TCM
PBMC10k_TGCAGTAGTTCGAGCC-1,6055,other T,MAIT
PBMC10k_TGCATCCCAACGCCCA-1,6060,Mono,CD16 Mono
PBMC10k_TGCATCCCAGCTCCTT-1,6062,CD4 T,CD4 Naive
PBMC10k_TGCATCCTCGCATGAT-1,6064,Mono,CD14 Mono
PBMC10k_TGCATGAGTGTCATCA-1,6065,CD4 T,CD4 Naive
PBMC10k_TGCATGATCTTCGCTG-1,6068,CD4 T,CD4 Naive
PBMC10k_TGCCGAGAGCGGGTTA-1,6069,other T,MAIT
PBMC10k_TGCCGAGAGGAGGGTG-1,6070,CD4 T,CD4 Naive
PBMC10k_TGCCGAGCAACTTCTT-1,6072,CD8 T,CD8 TEM
PBMC10k_TGCCGAGTCGCTCATC-1,6074,other,ILC
PBMC10k_TGCCGAGTCTTGAACG-1,6075,B,B naive
PBMC10k_TGCGACGAGCCACAAG-1,6076,DC,cDC2
PBMC10k_TGCGACGCATCCTAAG-1,6079,NK,NK Proliferating
PBMC10k_TGCGACGTCCCGTTGT-1,6081,Mono,CD14 Mono
PBMC10k_TGCGATATCCATACTT-1,6089,other T,MAIT
PBMC10k_TGCGATATCGTAGAGG-1,6090,CD4 T,CD4 Naive
PBMC10k_TGCGGCATCTAAGAAG-1,6094,Mono,CD14 Mono
PBMC10k_TGCGGCATCTCTCGCA-1,6095,Mono,CD14 Mono
PBMC10k_TGCGGGTAGAGGCGTT-1,6096,CD4 T,CD4 TEM
PBMC10k_TGCGGGTAGCGGATCA-1,6097,Mono,CD14 Mono
PBMC10k_TGCGGGTAGGACAGCT-1,6098,CD4 T,CD4 TCM
PBMC10k_TGCGGGTAGTGGATTA-1,6099,CD4 T,CD4 TEM
PBMC10k_TGCGGGTAGTGTTGAA-1,6100,CD8 T,CD8 TEM
PBMC10k_TGCGGGTCAACCTATG-1,6101,CD4 T,Treg
PBMC10k_TGCTCCAAGGCACGAT-1,6104,DC,ASDC
PBMC10k_TGCTCCACAAGCCATT-1,6105,Mono,CD14 Mono
PBMC10k_TGCTCCACAAGCTACT-1,6106,other,Eryth
PBMC10k_TGCTCCACACAAGCCC-1,6107,other,Eryth
PBMC10k_TGCTCCAGTGCAGGAT-1,6112,CD4 T,CD4 Naive
PBMC10k_TGCTCCAGTTTCCAAG-1,6113,DC,pDC
PBMC10k_TGCTCCATCAACTGGT-1,6114,CD4 T,CD4 TCM
PBMC10k_TGCTCCATCTGAGATC-1,6116,Mono,CD14 Mono
PBMC10k_TGCTCGTAGGAATGTT-1,6117,CD4 T,CD4 Naive
PBMC10k_TGCTCGTCACCATAAC-1,6118,CD4 T,CD4 Naive
PBMC10k_TGCTCGTCAGTAGATA-1,6119,Mono,CD14 Mono
PBMC10k_TGCTCGTGTATCGTAC-1,6120,other T,MAIT
PBMC10k_TGCTGAAAGGTGCATG-1,6122,CD4 T,CD4 TEM
PBMC10k_TGCTGAAAGTATAACG-1,6123,CD4 T,CD4 Naive
PBMC10k_TGCTTCGAGGCTTAAA-1,6127,Mono,CD14 Mono
PBMC10k_TGCTTCGCACTCCGAG-1,6128,CD4 T,CD4 Naive
PBMC10k_TGCTTCGGTACGAGTG-1,6129,CD4 T,CD4 Naive
PBMC10k_TGCTTCGGTCCTTTGC-1,6130,CD8 T,CD8 TEM
PBMC10k_TGCTTGCCAGTAACCT-1,6135,CD4 T,Treg
PBMC10k_TGCTTGCGTGTCTTAG-1,6136,NK,NK
PBMC10k_TGCTTGCGTTTACACG-1,6137,CD4 T,CD4 CTL
PBMC10k_TGCTTGCTCCAACCGG-1,6139,CD8 T,CD8 TEM
PBMC10k_TGCTTGCTCTGAGGTT-1,6140,other,Eryth
PBMC10k_TGGAACTCAACGACAG-1,6141,CD4 T,CD4 TEM
PBMC10k_TGGAACTCAGAGGTTG-1,6143,other,Eryth
PBMC10k_TGGAACTGTACAACGG-1,6146,Mono,CD14 Mono
PBMC10k_TGGAACTTCTCTTCAA-1,6150,Mono,CD14 Mono
PBMC10k_TGGAACTTCTTTGCAT-1,6151,CD4 T,CD4 TCM
PBMC10k_TGGAGAGGTTCAGCGC-1,6153,B,B naive
PBMC10k_TGGAGAGGTTCGGCTG-1,6154,NK,NK
PBMC10k_TGGAGAGTCAATCCGA-1,6155,Mono,CD14 Mono
PBMC10k_TGGAGAGTCGTTTACT-1,6156,CD8 T,CD8 TCM
PBMC10k_TGGAGGATCACGGACC-1,6160,CD8 T,CD8 TEM
PBMC10k_TGGAGGATCCACGTGG-1,6161,B,B memory
PBMC10k_TGGAGGATCGCCGTGA-1,6162,Mono,CD16 Mono
PBMC10k_TGGAGGATCGCTCCTA-1,6163,CD8 T,CD8 TEM
PBMC10k_TGGATCAAGGCACTCC-1,6166,other,Eryth
PBMC10k_TGGATCATCTCTTGCG-1,6169,CD4 T,CD4 Naive
PBMC10k_TGGATGTAGGATACGC-1,6171,CD8 T,CD8 Naive
PBMC10k_TGGATGTCAAGGGCAT-1,6172,other T,dnT
PBMC10k_TGGATGTCACCCTCTA-1,6173,Mono,CD14 Mono
PBMC10k_TGGATGTGTATGCTAC-1,6174,Mono,CD14 Mono
PBMC10k_TGGATGTGTGCCGTAC-1,6175,DC,cDC2
PBMC10k_TGGATGTGTGGATTTC-1,6176,CD4 T,CD4 Naive
PBMC10k_TGGATGTTCAAGCTGT-1,6177,CD4 T,CD4 TCM
PBMC10k_TGGCGTGAGACTGAGC-1,6179,other,Eryth
PBMC10k_TGGCGTGCAAGGGTCA-1,6181,NK,NK
PBMC10k_TGGCGTGGTAACATCC-1,6183,Mono,CD14 Mono
PBMC10k_TGGCGTGGTCCACTCT-1,6184,CD4 T,CD4 TCM
PBMC10k_TGGCGTGGTTTAGTCG-1,6185,DC,cDC2
PBMC10k_TGGGAAGAGAGTCAGC-1,6186,CD4 T,CD4 Naive
PBMC10k_TGGGAAGAGCATTGAA-1,6187,other T,MAIT
PBMC10k_TGGGAAGAGTTCCGGC-1,6188,B,B naive
PBMC10k_TGGGAAGCACCAATTG-1,6190,CD4 T,CD4 Naive
PBMC10k_TGGGAAGTCGACCTAA-1,6191,Mono,CD16 Mono
PBMC10k_TGGGAGACAGGGAGAG-1,6193,NK,NK
PBMC10k_TGGGAGAGTTCCCACT-1,6194,other T,MAIT
PBMC10k_TGGGAGAGTTGTGGAG-1,6196,other,Eryth
PBMC10k_TGGGAGATCGCATTAG-1,6197,Mono,CD14 Mono
PBMC10k_TGGGAGATCTCCCATG-1,6198,other T,MAIT
PBMC10k_TGGGAGATCTGCCCTA-1,6199,CD4 T,CD4 Naive
PBMC10k_TGGGAGATCTTCTGGC-1,6200,CD4 T,Treg
PBMC10k_TGGGATTAGTATAGAC-1,6201,Mono,CD14 Mono
PBMC10k_TGGGATTCAATCTGCA-1,6203,other T,gdT
PBMC10k_TGGGATTCACACACGC-1,6204,CD4 T,CD4 TCM
PBMC10k_TGGGATTCAGCGTGAA-1,6205,NK,NK Proliferating
PBMC10k_TGGGATTCATGGAAGC-1,6206,NK,NK Proliferating
PBMC10k_TGGGATTGTCGTCAGC-1,6208,CD8 T,CD8 TCM
PBMC10k_TGGGATTGTGCCTGCA-1,6209,CD4 T,Treg
PBMC10k_TGGGATTTCTGGAAGG-1,6212,CD4 T,CD4 Naive
PBMC10k_TGGGCGTAGGTCCCTG-1,6214,NK,NK
PBMC10k_TGGGCTGCAGCGTTGC-1,6222,CD4 T,CD4 Naive
PBMC10k_TGGGCTGTCGCTTGCT-1,6224,B,B memory
PBMC10k_TGGGCTGTCGGTAGGA-1,6225,NK,NK
PBMC10k_TGGGCTGTCTAGCATG-1,6226,CD4 T,CD4 TCM
PBMC10k_TGGGTTAGTGTATTGC-1,6228,CD4 T,CD4 Naive
PBMC10k_TGGTACAAGCGACATG-1,6230,CD8 T,CD8 Naive
PBMC10k_TGGTACACACTAGTAC-1,6232,Mono,CD16 Mono
PBMC10k_TGGTAGTAGACTGGGT-1,6235,NK,NK
PBMC10k_TGGTAGTAGGATTTAG-1,6236,CD4 T,CD4 TCM
PBMC10k_TGGTAGTCAGGAATCG-1,6238,CD4 T,CD4 Naive
PBMC10k_TGGTAGTCATCGGAGA-1,6239,CD4 T,CD4 TEM
PBMC10k_TGGTGATAGACAGCGT-1,6245,Mono,CD14 Mono
PBMC10k_TGGTGATAGTCGAATA-1,6248,CD4 T,Treg
PBMC10k_TGGTGATCAAGACCTT-1,6251,B,B intermediate
PBMC10k_TGGTGATTCAATCCGA-1,6255,CD4 T,CD4 Naive
PBMC10k_TGGTGATTCCACAGCG-1,6256,CD4 T,CD4 TEM
PBMC10k_TGGTGATTCTTTGCAT-1,6257,NK,NK
PBMC10k_TGGTTAGAGACGCATG-1,6258,other,ILC
PBMC10k_TGGTTAGAGCATTTGC-1,6259,other,Eryth
PBMC10k_TGGTTAGCACCCGTAG-1,6263,NK,NK
PBMC10k_TGGTTAGGTGAGTGAC-1,6266,NK,NK
PBMC10k_TGGTTAGTCAGACCTA-1,6267,NK,NK
PBMC10k_TGGTTAGTCCTGTTGC-1,6268,CD4 T,CD4 TCM
PBMC10k_TGTAACGAGATTGACA-1,6270,CD4 T,CD4 TCM
PBMC10k_TGTAACGAGTCATGCT-1,6272,B,B intermediate
PBMC10k_TGTAACGAGTTGCGAG-1,6273,other T,gdT
PBMC10k_TGTAACGGTCAACCAT-1,6275,Mono,CD14 Mono
PBMC10k_TGTAAGCGTCTCTCCA-1,6280,CD4 T,CD4 TEM
PBMC10k_TGTACAGCAATAGGAT-1,6282,NK,NK
PBMC10k_TGTACAGCACCGTCGA-1,6283,Mono,CD16 Mono
PBMC10k_TGTACAGTCGACGCGT-1,6286,CD4 T,CD4 Naive
PBMC10k_TGTAGACAGAGAGCAA-1,6287,NK,NK Proliferating
PBMC10k_TGTAGACAGATCCCGC-1,6289,B,B naive
PBMC10k_TGTAGACAGCTAGAAT-1,6290,NK,NK
PBMC10k_TGTAGACAGGTACAAT-1,6291,B,B naive
PBMC10k_TGTAGACCAACGGGTA-1,6292,CD4 T,CD4 Naive
PBMC10k_TGTAGACCATATGAAG-1,6293,B,B naive
PBMC10k_TGTAGACTCTGCGAGC-1,6295,other T,gdT
PBMC10k_TGTAGACTCTTGGATG-1,6296,CD8 T,CD8 Naive
PBMC10k_TGTCAGAAGCCTGGAA-1,6297,Mono,CD14 Mono
PBMC10k_TGTCAGAAGGAACGAA-1,6298,Mono,CD14 Mono
PBMC10k_TGTCAGACACACGTGC-1,6300,other,Eryth
PBMC10k_TGTCCACAGTCAGCCC-1,6301,NK,NK
PBMC10k_TGTCCACAGTTGAAGT-1,6303,Mono,CD14 Mono
PBMC10k_TGTCCACGTTCTATCT-1,6305,NK,NK
PBMC10k_TGTCCCAAGTCCGCCA-1,6309,CD4 T,CD4 Naive
PBMC10k_TGTCCTGCAATCAAGA-1,6314,CD4 T,CD4 TCM
PBMC10k_TGTCCTGCAATCCAGT-1,6315,CD4 T,CD4 TCM
PBMC10k_TGTCCTGCAGGAATCG-1,6316,CD4 T,Treg
PBMC10k_TGTGAGTAGTCATGAA-1,6320,NK,NK
PBMC10k_TGTGAGTCACATCATG-1,6322,CD4 T,CD4 TCM
PBMC10k_TGTGAGTCACGTGAGA-1,6323,CD8 T,CD8 Naive
PBMC10k_TGTGAGTCAGCGATTT-1,6324,CD4 T,Treg
PBMC10k_TGTGAGTTCAGACCGC-1,6325,other,Eryth
PBMC10k_TGTGATGCATAGGCGA-1,6330,CD4 T,CD4 Naive
PBMC10k_TGTGATGGTACATACC-1,6331,CD4 T,CD4 TEM
PBMC10k_TGTGATGGTCTGTAAC-1,6332,CD4 T,CD4 TCM
PBMC10k_TGTGCGGTCCGAAATC-1,6337,CD4 T,CD4 Naive
PBMC10k_TGTGGCGAGGCATGCA-1,6338,B,B naive
PBMC10k_TGTGGCGCACATTGTG-1,6340,NK,NK
PBMC10k_TGTGGCGTCATTGAGC-1,6342,CD4 T,CD4 TEM
PBMC10k_TGTGTGATCGCTAGCG-1,6345,CD4 T,CD4 Naive
PBMC10k_TGTTACTCAAACCGGA-1,6347,CD4 T,CD4 TCM
PBMC10k_TGTTACTGTGAGGAAA-1,6350,NK,NK_CD56bright
PBMC10k_TGTTCATAGAGGTCAC-1,6353,Mono,CD14 Mono
PBMC10k_TGTTCATAGATGGTAT-1,6354,CD4 T,CD4 Naive
PBMC10k_TGTTCATGTGTGTCCG-1,6355,CD8 T,CD8 Naive
PBMC10k_TGTTCATTCCATTCGC-1,6357,CD8 T,CD8 Naive
PBMC10k_TGTTCCGCACGATAGG-1,6358,B,B naive
PBMC10k_TGTTCCGCAGCAGAAC-1,6359,Mono,CD14 Mono
PBMC10k_TGTTCCGGTCTGCCTT-1,6361,NK,NK
PBMC10k_TGTTCCGGTTGCGTAT-1,6362,B,B naive
PBMC10k_TGTTCCGGTTGGGTTT-1,6363,CD4 T,CD4 TCM
PBMC10k_TGTTCCGGTTTGACAC-1,6364,CD4 T,CD4 Naive
PBMC10k_TGTTCTAAGTCGTCTA-1,6366,Mono,CD14 Mono
PBMC10k_TGTTCTAAGTGTTGTC-1,6367,NK,NK
PBMC10k_TGTTCTAGTCTGTGAT-1,6368,B,B intermediate
PBMC10k_TGTTCTATCTCAGGCG-1,6369,CD4 T,Treg
PBMC10k_TGTTGAGAGATTGCGG-1,6370,CD8 T,CD8 TCM
PBMC10k_TGTTGAGAGTACTCGT-1,6373,other T,MAIT
PBMC10k_TGTTGAGCATCAGTCA-1,6376,CD8 T,CD8 TEM
PBMC10k_TGTTGAGGTTGTCCCT-1,6377,CD4 T,CD4 Naive
PBMC10k_TGTTGGACAGGTGTTT-1,6380,Mono,CD14 Mono
PBMC10k_TGTTGGAGTATCCTCC-1,6381,CD8 T,CD8 TCM
PBMC10k_TGTTGGATCCACGTAA-1,6383,Mono,CD14 Mono
PBMC10k_TGTTGGATCTGACCCT-1,6385,CD8 T,CD8 TEM
PBMC10k_TGTTTGTTCAACTGAC-1,6389,other T,dnT
PBMC10k_TGTTTGTTCGCTCTAC-1,6390,CD4 T,CD4 Naive
PBMC10k_TGTTTGTTCGTGTCAA-1,6391,CD4 T,CD4 Naive
PBMC10k_TTAATCCCACGTAACT-1,6393,Mono,CD14 Mono
PBMC10k_TTAATCCGTAGGACCA-1,6395,CD4 T,CD4 Naive
PBMC10k_TTAATCCGTCCGCAGT-1,6396,NK,NK
PBMC10k_TTAATCCTCAACGTGT-1,6399,B,B memory
PBMC10k_TTAATCCTCATTATCC-1,6400,CD4 T,Treg
PBMC10k_TTAATCCTCGACTCCT-1,6401,other T,MAIT
PBMC10k_TTACAGGAGTATGGAT-1,6403,Mono,CD14 Mono
PBMC10k_TTACAGGGTATTGAGA-1,6404,NK,NK
PBMC10k_TTACAGGTCAACACGT-1,6406,B,B memory
PBMC10k_TTACAGGTCCACATAG-1,6409,NK,NK
PBMC10k_TTACAGGTCGCTGTCT-1,6411,B,B memory
PBMC10k_TTACAGGTCTCGCTTG-1,6412,DC,cDC2
PBMC10k_TTACCATAGACAGTCG-1,6413,CD4 T,CD4 TEM
PBMC10k_TTACCATAGCGGTATG-1,6415,B,B naive
PBMC10k_TTACCATCAAATGATG-1,6416,other,ILC
PBMC10k_TTACCATGTAGCCCTG-1,6417,CD8 T,CD8 TEM
PBMC10k_TTACCATGTGAGTTTC-1,6419,Mono,CD14 Mono
PBMC10k_TTACCATTCCGACATA-1,6421,other,Eryth
PBMC10k_TTACCATTCGGTCACG-1,6422,CD8 T,CD8 TEM
PBMC10k_TTACCGCAGATAGTCA-1,6424,Mono,CD14 Mono
PBMC10k_TTACCGCCACCGGAAA-1,6427,Mono,CD14 Mono
PBMC10k_TTACGCCGTTCAAACC-1,6431,B,B naive
PBMC10k_TTACGCCTCAGTGTCA-1,6432,B,B memory
PBMC10k_TTACGCCTCGTAACTG-1,6434,NK,NK
PBMC10k_TTACGCCTCTAGCCTC-1,6435,CD4 T,CD4 TCM
PBMC10k_TTACGCCTCTATCCAT-1,6436,other T,dnT
PBMC10k_TTACGTTAGTATCCTG-1,6439,NK,NK Proliferating
PBMC10k_TTACTGTAGGTTACAA-1,6440,other,Eryth
PBMC10k_TTACTGTCAAGTGGCA-1,6441,NK,NK Proliferating
PBMC10k_TTACTGTCACTCATAG-1,6443,other T,dnT
PBMC10k_TTACTGTCAGAGTTGG-1,6444,CD4 T,CD4 TEM
PBMC10k_TTACTGTCAGATTTCG-1,6445,NK,NK
PBMC10k_TTACTGTCAGTCGGAA-1,6446,CD8 T,CD8 Naive
PBMC10k_TTACTGTGTGAATAAC-1,6449,NK,NK
PBMC10k_TTACTGTTCTCCCAAC-1,6450,CD8 T,CD8 TCM
PBMC10k_TTAGGCAAGGAGATAG-1,6451,NK,NK
PBMC10k_TTAGGCACAAACGGCA-1,6452,CD4 T,CD4 Naive
PBMC10k_TTAGGCACATTCAGCA-1,6455,CD4 T,CD4 TCM
PBMC10k_TTAGGCATCGGATAAA-1,6457,CD4 T,Treg
PBMC10k_TTAGGCATCTCCATAT-1,6458,B,B intermediate
PBMC10k_TTAGGGTCACATTCTT-1,6459,NK,NK
PBMC10k_TTAGGGTGTACCTAAC-1,6461,Mono,CD14 Mono
PBMC10k_TTAGGGTGTAGCTGCC-1,6462,CD4 T,CD4 TCM
PBMC10k_TTAGGGTGTGGTCTCG-1,6463,CD4 T,CD4 TCM
PBMC10k_TTAGGGTGTTAAACCC-1,6464,CD4 T,CD4 TCM
PBMC10k_TTAGGGTTCGGCTGAC-1,6467,CD4 T,CD4 Naive
PBMC10k_TTAGTCTAGGCTTTCA-1,6469,CD4 T,CD4 TCM
PBMC10k_TTAGTCTAGGTGCATG-1,6471,CD4 T,CD4 TEM
PBMC10k_TTAGTCTCAAGAGAGA-1,6472,CD4 T,CD4 Naive
PBMC10k_TTAGTCTCATGAAGGC-1,6476,other T,MAIT
PBMC10k_TTAGTCTGTCCTTAAG-1,6477,Mono,CD14 Mono
PBMC10k_TTAGTCTGTCTGTGCG-1,6478,CD8 T,CD8 TEM
PBMC10k_TTATTGCAGAGGGTCT-1,6479,Mono,CD14 Mono
PBMC10k_TTATTGCAGCGTGAGT-1,6480,CD4 T,Treg
PBMC10k_TTATTGCAGTATGTAG-1,6481,CD4 T,Treg
PBMC10k_TTATTGCTCATGCATG-1,6485,other T,dnT
PBMC10k_TTATTGCTCGTCTAAG-1,6488,Mono,CD14 Mono
PBMC10k_TTCAATCAGGCGCTCT-1,6490,CD8 T,CD8 Naive
PBMC10k_TTCAATCTCTCCCAAC-1,6495,CD4 T,CD4 TEM
PBMC10k_TTCACCGAGCTAATCC-1,6496,Mono,CD14 Mono
PBMC10k_TTCACCGGTGCCTGAC-1,6499,NK,NK
PBMC10k_TTCACGCCAGAACCGA-1,6501,NK,NK
PBMC10k_TTCACGCGTAGGGTAC-1,6502,other T,MAIT
PBMC10k_TTCACGCTCAGTGTTG-1,6506,DC,cDC2
PBMC10k_TTCACGCTCCGTGGTG-1,6507,Mono,CD14 Mono
PBMC10k_TTCAGGACAGTGAGCA-1,6509,CD4 T,Treg
PBMC10k_TTCAGGACATTCACAG-1,6510,Mono,CD14 Mono
PBMC10k_TTCAGGATCGCTGACG-1,6512,CD8 T,CD8 TEM
PBMC10k_TTCATGTAGATCACCT-1,6514,Mono,CD14 Mono
PBMC10k_TTCATGTCACTCCTTG-1,6515,NK,NK
PBMC10k_TTCATGTGTCTTCAAG-1,6517,NK,NK
PBMC10k_TTCATGTTCTTGCAAG-1,6519,Mono,CD14 Mono
PBMC10k_TTCATTGAGCGTCAAG-1,6520,CD4 T,CD4 Naive
PBMC10k_TTCATTGAGCTAGCCC-1,6521,other,Eryth
PBMC10k_TTCATTGGTACGGCAA-1,6525,NK,NK
PBMC10k_TTCATTGTCGCTGTTC-1,6526,Mono,CD14 Mono
PBMC10k_TTCCAATCACGTCGGT-1,6528,B,B memory
PBMC10k_TTCCACGCAGCGTGAA-1,6530,other T,dnT
PBMC10k_TTCCACGTCCAATGCA-1,6532,other T,MAIT
PBMC10k_TTCCACGTCGATGGAG-1,6533,CD8 T,CD8 TEM
PBMC10k_TTCCGGTCAAAGACTA-1,6536,NK,NK
PBMC10k_TTCCGTGCAACTAGAA-1,6542,CD4 T,CD4 TEM
PBMC10k_TTCCGTGCAAGAGTAT-1,6543,other T,MAIT
PBMC10k_TTCCGTGCATGAGATA-1,6544,CD4 T,CD4 TEM
PBMC10k_TTCCGTGGTAACGTTC-1,6545,B,B intermediate
PBMC10k_TTCCGTGGTCAACGCC-1,6547,CD4 T,CD4 Naive
PBMC10k_TTCCGTGTCCATTTAC-1,6548,Mono,CD14 Mono
PBMC10k_TTCCGTGTCCTGGTCT-1,6549,CD4 T,CD4 TCM
PBMC10k_TTCCTAAAGTTGGACG-1,6552,CD4 T,CD4 TCM
PBMC10k_TTCCTAAAGTTTCGAC-1,6553,other T,gdT
PBMC10k_TTCCTAACAATCTCGA-1,6554,CD8 T,CD8 TEM
PBMC10k_TTCCTAAGTCAAATCC-1,6555,B,B memory
PBMC10k_TTCCTAAGTTCCCACT-1,6557,NK,NK
PBMC10k_TTCCTCTCAATAGTAG-1,6559,NK,NK
PBMC10k_TTCCTCTCATAGTCAC-1,6560,CD4 T,CD4 Naive
PBMC10k_TTCCTCTTCTACTCAT-1,6561,Mono,CD16 Mono
PBMC10k_TTCCTTCCATACATCG-1,6563,other T,MAIT
PBMC10k_TTCCTTCGTGCTCGTG-1,6565,NK,NK
PBMC10k_TTCCTTCGTGTGTCCG-1,6566,other,Eryth
PBMC10k_TTCCTTCTCAGCACCG-1,6567,NK,NK
PBMC10k_TTCCTTCTCGACCAAT-1,6568,NK,NK
PBMC10k_TTCGATTAGGGCCAAT-1,6569,CD8 T,CD8 Naive
PBMC10k_TTCGATTGTTCCAGGC-1,6573,NK,NK
PBMC10k_TTCGATTTCAGGGTAG-1,6574,CD4 T,CD4 TCM
PBMC10k_TTCGCTGAGACTGGGT-1,6575,B,B naive
PBMC10k_TTCGCTGCAGGTGGAT-1,6578,Mono,CD14 Mono
PBMC10k_TTCGCTGCAGGTTCAT-1,6579,CD8 T,CD8 TEM
PBMC10k_TTCGCTGTCAGCAATC-1,6581,other T,MAIT
PBMC10k_TTCGCTGTCCATCTCG-1,6582,NK,NK
PBMC10k_TTCGCTGTCCATTGTT-1,6583,CD8 T,CD8 TEM
PBMC10k_TTCGGTCCATCGCTAA-1,6586,CD4 T,Treg
PBMC10k_TTCGGTCGTGTCCGGT-1,6587,CD4 T,CD4 TCM
PBMC10k_TTCTAACAGCAACAAT-1,6588,NK,NK_CD56bright
PBMC10k_TTCTAACCACTTGAGT-1,6591,Mono,CD14 Mono
PBMC10k_TTCTAACCATACCGTA-1,6592,Mono,CD14 Mono
PBMC10k_TTCTAACCATCCTAAG-1,6593,CD4 T,CD4 Naive
PBMC10k_TTCTAACGTACCAGAG-1,6594,DC,cDC2
PBMC10k_TTCTAACGTCATAAAG-1,6595,other T,MAIT
PBMC10k_TTCTAACTCCAGTGTA-1,6598,CD8 T,CD8 TEM
PBMC10k_TTCTAGTAGACCATGG-1,6599,CD4 T,CD4 TEM
PBMC10k_TTCTAGTAGTGTGTTC-1,6600,CD8 T,CD8 Naive
PBMC10k_TTCTAGTCAAACCGGA-1,6601,CD4 T,CD4 Naive
PBMC10k_TTCTAGTGTCCTCCTA-1,6605,other T,dnT
PBMC10k_TTCTAGTTCGCCAACG-1,6607,NK,NK
PBMC10k_TTCTAGTTCTGAACGT-1,6608,CD4 T,CD4 TCM
PBMC10k_TTCTCTCAGGGCAGAG-1,6611,CD4 T,CD4 TCM
PBMC10k_TTCTCTCAGTGCAAAT-1,6612,CD4 T,Treg
PBMC10k_TTCTCTCCATATCTCT-1,6613,CD4 T,CD4 Naive
PBMC10k_TTCTCTCTCAGTCACA-1,6615,CD4 T,CD4 TCM
PBMC10k_TTCTCTCTCTTTCTAG-1,6616,CD8 T,CD8 TCM
PBMC10k_TTCTGTAAGACGAGCT-1,6617,CD4 T,CD4 TCM
PBMC10k_TTCTGTAAGGAAAGTG-1,6619,other T,dnT
PBMC10k_TTCTGTACAATGTCTG-1,6621,CD4 T,CD4 Naive
PBMC10k_TTCTTCCGTCGTACAT-1,6623,Mono,CD16 Mono
PBMC10k_TTCTTCCGTGGCTTGC-1,6624,CD4 T,CD4 TCM
PBMC10k_TTCTTCCTCTAGCCTC-1,6626,CD8 T,CD8 TCM
PBMC10k_TTCTTCCTCTGGGCGT-1,6628,B,B naive
PBMC10k_TTCTTGACAGCTTTCC-1,6631,CD4 T,CD4 Naive
PBMC10k_TTCTTGAGTACAAGTA-1,6632,CD4 T,CD4 Naive
PBMC10k_TTCTTGAGTCCCAAAT-1,6633,CD4 T,Treg
PBMC10k_TTCTTGATCAGTGTGT-1,6634,NK,NK
PBMC10k_TTCTTGATCCGTACGG-1,6635,Mono,CD14 Mono
PBMC10k_TTGAACGTCGCCGTGA-1,6639,B,B intermediate
PBMC10k_TTGAACGTCGCTGATA-1,6640,DC,cDC2
PBMC10k_TTGACCCTCGCATGAT-1,6642,CD8 T,CD8 TEM
PBMC10k_TTGAGTGAGCACCGAA-1,6644,DC,cDC2
PBMC10k_TTGAGTGCAGGAAGTC-1,6645,Mono,CD14 Mono
PBMC10k_TTGATGGAGTTGCCCG-1,6647,CD4 T,CD4 Naive
PBMC10k_TTGATGGCACGATTCA-1,6649,CD4 T,CD4 Naive
PBMC10k_TTGATGGGTCGACTGC-1,6650,CD4 T,CD4 Naive
PBMC10k_TTGATGGGTCTACGTA-1,6651,CD4 T,CD4 Naive
PBMC10k_TTGATGGTCGGCCAAC-1,6654,other T,MAIT
PBMC10k_TTGATGGTCTCTTAAC-1,6655,NK,NK
PBMC10k_TTGCATTAGACCGCCT-1,6656,NK,NK
PBMC10k_TTGCATTCATGGCCCA-1,6660,Mono,CD14 Mono
PBMC10k_TTGCATTGTGAGTTTC-1,6661,CD4 T,CD4 Naive
PBMC10k_TTGCCTGAGGCGATAC-1,6664,CD4 T,CD4 Naive
PBMC10k_TTGCCTGCATCAGCTA-1,6666,DC,ASDC
PBMC10k_TTGCGTCAGAACTGAT-1,6671,CD8 T,CD8 Naive
PBMC10k_TTGCGTCCATCGCTGG-1,6673,CD4 T,CD4 TCM
PBMC10k_TTGCGTCGTCGAAGCA-1,6674,CD8 T,CD8 TCM
PBMC10k_TTGCTGCCACAACGTT-1,6676,Mono,CD14 Mono
PBMC10k_TTGCTGCCAGAGACTG-1,6677,other T,MAIT
PBMC10k_TTGCTGCGTCGCGTCA-1,6678,B,B memory
PBMC10k_TTGCTGCGTGCCGAAA-1,6679,B,B naive
PBMC10k_TTGCTGCTCACCTACC-1,6681,Mono,CD14 Mono
PBMC10k_TTGCTGCTCATGCTAG-1,6682,CD4 T,CD4 Naive
PBMC10k_TTGCTGCTCGATACTG-1,6683,Mono,CD14 Mono
PBMC10k_TTGGATGAGATCCAAA-1,6685,CD8 T,CD8 Naive
PBMC10k_TTGGATGAGGCAGTCA-1,6686,Mono,CD14 Mono
PBMC10k_TTGGATGCAATATCCG-1,6688,Mono,CD14 Mono
PBMC10k_TTGGATGTCACCGACG-1,6692,Mono,CD14 Mono
PBMC10k_TTGGGATAGCGGATCA-1,6694,CD4 T,CD4 TCM
PBMC10k_TTGGGATAGTTTCAGC-1,6695,Mono,CD16 Mono
PBMC10k_TTGGGATCACTGGACC-1,6696,CD4 T,CD4 Naive
PBMC10k_TTGGGATCAGGGCTTC-1,6697,CD4 T,CD4 Naive
PBMC10k_TTGGGCGGTACAGAGC-1,6700,other,Eryth
PBMC10k_TTGGGCGGTGTGTTTG-1,6701,B,B memory
PBMC10k_TTGGGTAAGCAGAAAG-1,6704,other T,dnT
PBMC10k_TTGGGTAAGGTAGGCT-1,6706,CD4 T,CD4 TCM
PBMC10k_TTGGGTAGTGAATGAT-1,6711,NK,NK
PBMC10k_TTGGGTAGTTGTTTGG-1,6712,other T,MAIT
PBMC10k_TTGGGTATCATCTGTT-1,6713,other T,MAIT
PBMC10k_TTGGTTTAGATTGAGT-1,6716,Mono,CD16 Mono
PBMC10k_TTGGTTTAGCTCATAC-1,6717,B,B naive
PBMC10k_TTGGTTTAGTGCTAGG-1,6718,B,B naive
PBMC10k_TTGGTTTTCCTTCTTC-1,6721,NK,NK
PBMC10k_TTGGTTTTCCTTGACC-1,6722,B,B memory
PBMC10k_TTGTGGAAGTCGCCCA-1,6724,Mono,CD14 Mono
PBMC10k_TTGTGGACAACGTAAA-1,6725,CD4 T,CD4 TEM
PBMC10k_TTGTGGATCATTCATC-1,6726,CD4 T,CD4 Naive
PBMC10k_TTGTGGATCTGACCCT-1,6727,NK,NK
PBMC10k_TTGTGTTAGAATAACC-1,6728,Mono,CD14 Mono
PBMC10k_TTGTGTTAGTGGTTCT-1,6730,B,B naive
PBMC10k_TTGTGTTCAAATCGTC-1,6731,NK,NK
PBMC10k_TTGTGTTTCAGCATTG-1,6733,CD4 T,CD4 TCM
PBMC10k_TTGTGTTTCAGCCCAG-1,6734,DC,cDC1
PBMC10k_TTGTTCAGTAGATGTA-1,6739,Mono,CD16 Mono
PBMC10k_TTGTTGTAGTAGCAAT-1,6742,CD4 T,CD4 Naive
PBMC10k_TTGTTGTAGTTGTAGA-1,6744,CD4 T,CD4 Naive
PBMC10k_TTGTTGTGTATGAGAT-1,6745,NK,NK
PBMC10k_TTGTTGTGTCTGTGAT-1,6746,CD8 T,CD8 Proliferating
PBMC10k_TTGTTGTTCCTTTGAT-1,6747,CD4 T,CD4 Naive
PBMC10k_TTGTTTGCATCGTTCC-1,6750,NK,NK
PBMC10k_TTTACGTAGCATAGGC-1,6753,NK,NK
PBMC10k_TTTACGTCAATCTCTT-1,6755,B,B naive
PBMC10k_TTTACGTCATGTTCAG-1,6756,Mono,CD14 Mono
PBMC10k_TTTACGTGTCTAGATC-1,6757,DC,pDC
PBMC10k_TTTACGTGTGCCCACA-1,6758,CD4 T,Treg
PBMC10k_TTTACGTTCCATCGTC-1,6760,NK,NK
PBMC10k_TTTACGTTCGCGGTAC-1,6761,B,B naive
PBMC10k_TTTACTGAGTGCCTCG-1,6762,CD4 T,CD4 TEM
PBMC10k_TTTACTGCAATGTTGC-1,6764,other,ILC
PBMC10k_TTTACTGGTATGGAAT-1,6768,Mono,CD14 Mono
PBMC10k_TTTACTGGTTCGGGTC-1,6770,other,Eryth
PBMC10k_TTTAGTCAGCAAGTGC-1,6773,CD4 T,CD4 TEM
PBMC10k_TTTAGTCCACCTAAAC-1,6776,CD4 T,CD4 TEM
PBMC10k_TTTAGTCGTCCTACGG-1,6777,NK,NK
PBMC10k_TTTAGTCTCATGCCGG-1,6778,Mono,CD14 Mono
PBMC10k_TTTAGTCTCCCATACC-1,6779,NK,NK
PBMC10k_TTTATGCAGCTCGGCT-1,6782,CD8 T,CD8 TEM
PBMC10k_TTTATGCGTAGACGTG-1,6783,CD4 T,CD4 TCM
PBMC10k_TTTATGCGTTTCAGAC-1,6784,CD4 T,CD4 TEM
PBMC10k_TTTATGCTCCGACAGC-1,6785,other T,gdT
PBMC10k_TTTATGCTCTGCGTCT-1,6786,Mono,CD14 Mono
PBMC10k_TTTCACAAGTACCCTA-1,6788,Mono,CD14 Mono
PBMC10k_TTTCACACAATAACCC-1,6789,CD4 T,CD4 TCM
PBMC10k_TTTCACACACCAGTAT-1,6790,CD8 T,CD8 TCM
PBMC10k_TTTCACAGTACGAAAT-1,6791,CD4 T,CD4 Naive
PBMC10k_TTTCACATCAAACGAA-1,6792,other T,dnT
PBMC10k_TTTCACATCTCCGAGG-1,6794,Mono,CD14 Mono
PBMC10k_TTTCAGTCAAACCACT-1,6796,CD4 T,CD4 Naive
PBMC10k_TTTCAGTCACGTGTGC-1,6797,other T,MAIT
PBMC10k_TTTCAGTGTGAATTGA-1,6798,other,Eryth
PBMC10k_TTTCAGTGTTATGTGC-1,6799,B,B memory
PBMC10k_TTTCAGTTCGTTCAGA-1,6802,Mono,CD14 Mono
PBMC10k_TTTCATGAGCCTCGTG-1,6803,Mono,CD16 Mono
PBMC10k_TTTCATGCACGTAGTT-1,6804,NK,NK
PBMC10k_TTTCATGTCACACGAT-1,6805,CD4 T,CD4 TCM
PBMC10k_TTTCATGTCCGTTGAA-1,6806,Mono,CD14 Mono
PBMC10k_TTTCCTCGTCTTGGTA-1,6810,CD8 T,CD8 TEM
PBMC10k_TTTCCTCTCGTAGAGG-1,6812,CD4 T,CD4 Naive
PBMC10k_TTTCCTCTCGTGCACG-1,6813,other,Eryth
PBMC10k_TTTCCTCTCTAGACAC-1,6814,CD4 T,Treg
PBMC10k_TTTCGATCACCAGACC-1,6816,CD4 T,Treg
PBMC10k_TTTCGATCATCCCACT-1,6817,Mono,CD14 Mono
PBMC10k_TTTCGATGTTACACAC-1,6818,NK,NK
PBMC10k_TTTGACTAGAGCCCAA-1,6819,CD8 T,CD8 Naive
PBMC10k_TTTGACTAGGTATCTC-1,6821,CD4 T,CD4 TEM
PBMC10k_TTTGACTTCCTTATGT-1,6825,CD8 T,CD8 Naive
PBMC10k_TTTGATCAGAGGTCGT-1,6826,NK,NK
PBMC10k_TTTGATCGTAAGATAC-1,6828,other T,MAIT
PBMC10k_TTTGATCTCGTGGTAT-1,6830,CD4 T,CD4 TCM
PBMC10k_TTTGGAGAGAATCGTA-1,6831,CD4 T,Treg
PBMC10k_TTTGGAGCAACGGTAG-1,6832,CD4 T,Treg
PBMC10k_TTTGGAGCAGCGTATT-1,6834,CD4 T,CD4 TCM
PBMC10k_TTTGGAGCATGTTCAG-1,6835,CD4 T,CD4 TCM
PBMC10k_TTTGGAGGTTTGTTGG-1,6837,CD4 T,CD4 TCM
PBMC10k_TTTGGAGTCCAAGAGG-1,6838,B,B naive
PBMC10k_TTTGGAGTCCAGCCTT-1,6839,other T,MAIT
PBMC10k_TTTGGAGTCTCTATGT-1,6840,CD4 T,Treg
PBMC10k_TTTGGTTCAGAGTCAG-1,6842,Mono,CD14 Mono
PBMC10k_TTTGGTTGTCTTCAAG-1,6843,DC,cDC2
PBMC10k_TTTGGTTTCAAGAAAC-1,6844,Mono,CD14 Mono
PBMC10k_TTTGTTGAGGCCACCT-1,6848,NK,NK
PBMC10k_TTTGTTGCACGAAAGC-1,6849,Mono,CD14 Mono
PBMC10k_TTTGTTGGTTGCATGT-1,6852,CD8 T,CD8 Naive
PBMC10k_TTTGTTGTCGAGTGAG-1,6853,CD4 T,CD4 TEM
PBMC10k_TTTGTTGTCGTTCAGA-1,6854,CD4 T,CD4 TCM
