cell_id,source_row_index,cell_type_l1,cell_type_l2
PBMC10k_AAACCCACATCGGTTA-1,1,Mono,CD14 Mono
PBMC10k_AAACCCAGTATCGAAA-1,3,NK,NK
PBMC10k_AAACCCAGTCGTCATA-1,4,NK,NK
PBMC10k_AAACCCAGTGCAAGAC-1,6,Mono,CD14 Mono
PBMC10k_AAACCCATCCGATGTA-1,8,CD4 T,CD4 Naive
PBMC10k_AAACCCATCTCTCGAC-1,10,CD4 T,Treg
PBMC10k_AAACGAACACGATTCA-1,12,CD4 T,CD4 TCM
PBMC10k_AAACGAACAGCTGTCG-1,13,B,B memory
PBMC10k_AAACGAAGTGATTAGA-1,14,CD4 T,Treg
PBMC10k_AAACGAAGTTGGGATG-1,15,CD4 T,Treg
PBMC10k_AAACGCTAGACATAGT-1,17,other,Eryth
PBMC10k_AAACGCTAGAGGCGTT-1,18,Mono,CD14 Mono
PBMC10k_AAACGCTCAGACAATA-1,19,Mono,CD14 Mono
PBMC10k_AAACGCTCAGTTAAAG-1,20,Mono,CD14 Mono
PBMC10k_AAACGCTGTGCTATTG-1,22,CD8 T,CD8 Naive
PBMC10k_AAAGAACAGGATTCCT-1,25,other,Eryth
PBMC10k_AAAGAACAGGTAGACC-1,26,Mono,CD14 Mono
PBMC10k_AAAGAACCAAAGCTAA-1,27,DC,cDC2
PBMC10k_AAAGAACCACTGTGAT-1,28,CD4 T,Treg
PBMC10k_AAAGAACCACTGTGTA-1,29,B,B intermediate
PBMC10k_AAAGAACGTACAGTTC-1,31,CD4 T,CD4 Naive
PBMC10k_AAAGGATAGCAGTAAT-1,34,CD4 T,Treg
PBMC10k_AAAGGATAGCTTGTGT-1,36,Mono,CD14 Mono
PBMC10k_AAAGGATAGTCACTAC-1,38,NK,NK Proliferating
PBMC10k_AAAGGATAGTCGCGAA-1,39,CD4 T,CD4 Naive
PBMC10k_AAAGGATCAACTAGAA-1,40,DC,cDC2
PBMC10k_AAAGGATCACAACGCC-1,41,CD4 T,CD4 TCM
PBMC10k_AAAGGATCACCGAATT-1,42,CD4 T,CD4 Naive
PBMC10k_AAAGGATCATCATCTT-1,43,Mono,CD14 Mono
PBMC10k_AAAGGATGTTTCCCAC-1,46,Mono,CD14 Mono
PBMC10k_AAAGGGCAGCATGAAT-1,49,Mono,CD14 Mono
PBMC10k_AAAGGGCGTATCGAGG-1,51,CD8 T,CD8 Proliferating
PBMC10k_AAAGGGCTCGCCTAGG-1,54,other,Eryth
PBMC10k_AAAGGTAAGGTTAAAC-1,57,DC,cDC2
PBMC10k_AAAGGTACAACTGGTT-1,59,NK,NK
PBMC10k_AAAGGTAGTATGCAAA-1,60,B,B naive
PBMC10k_AAAGTGAAGAGCTGAC-1,69,CD4 T,CD4 TEM
PBMC10k_AAAGTGAAGAGCTGCA-1,70,CD8 T,CD8 Naive
PBMC10k_AAAGTGACACGTACAT-1,71,CD4 T,CD4 Naive
PBMC10k_AAAGTGACAGCGGTCT-1,72,CD4 T,CD4 Naive
PBMC10k_AAAGTGACATAACGGG-1,73,other,Eryth
PBMC10k_AAAGTGAGTTTGTTGG-1,76,Mono,CD14 Mono
PBMC10k_AACAAAGCAATGTTGC-1,82,B,B memory
PBMC10k_AACAAAGGTTTCGGCG-1,83,Mono,CD14 Mono
PBMC10k_AACAAAGTCACGGGCT-1,84,other,Eryth
PBMC10k_AACAACCAGAATCGAT-1,86,Mono,CD14 Mono
PBMC10k_AACAACCCAATTGCTG-1,87,CD4 T,CD4 Naive
PBMC10k_AACAACCGTGGCTTAT-1,88,CD4 T,Treg
PBMC10k_AACAAGACATCGATGT-1,91,CD4 T,CD4 Naive
PBMC10k_AACAAGAGTTAACAGA-1,92,B,B intermediate
PBMC10k_AACACACAGCTGTACT-1,94,CD4 T,CD4 TCM
PBMC10k_AACACACAGGACAGTC-1,95,CD4 T,CD4 TEM
PBMC10k_AACACACAGGGAGTGG-1,96,CD4 T,CD4 TCM
PBMC10k_AACACACGTTAGTTCG-1,97,CD4 T,CD4 TEM
PBMC10k_AACACACTCTGCGAGC-1,98,CD8 T,CD8 TEM
PBMC10k_AACAGGGAGAAACCCG-1,99,CD4 T,CD4 TEM
PBMC10k_AACAGGGAGGTCACCC-1,101,Mono,CD14 Mono
PBMC10k_AACAGGGCAAGTTCCA-1,103,NK,NK
PBMC10k_AACAGGGCACACCAGC-1,104,CD4 T,CD4 Naive
PBMC10k_AACAGGGCAGCTACTA-1,106,Mono,CD14 Mono
PBMC10k_AACAGGGGTCAACATC-1,107,Mono,CD14 Mono
PBMC10k_AACCAACAGTATGACA-1,110,Mono,CD14 Mono
PBMC10k_AACCAACGTACTCGAT-1,112,Mono,CD14 Mono
PBMC10k_AACCAACGTCATCGCG-1,113,DC,cDC2
PBMC10k_AACCACAAGGTAGATT-1,114,NK,NK_CD56bright
PBMC10k_AACCACACAGCGTTGC-1,115,other T,MAIT
PBMC10k_AACCACACAGGTGACA-1,116,CD4 T,CD4 TCM
PBMC10k_AACCACAGTCACCTTC-1,117,NK,NK
PBMC10k_AACCATGAGAAGAGCA-1,122,B,B naive
PBMC10k_AACCATGCAGAGGCAT-1,123,NK,NK_CD56bright
PBMC10k_AACCATGGTTCGTAAC-1,124,NK,NK
PBMC10k_AACCATGGTTTACCTT-1,125,CD8 T,CD8 Naive
PBMC10k_AACCATGTCCGCGATG-1,127,NK,NK
PBMC10k_AACCCAAGTCGGTGAA-1,128,CD8 T,CD8 TCM
PBMC10k_AACCCAAGTTTCCCAC-1,130,CD4 T,CD4 TCM
PBMC10k_AACCTGACATCCCGTT-1,131,other T,MAIT
PBMC10k_AACCTGAGTTTACGTG-1,133,Mono,CD14 Mono
PBMC10k_AACCTGATCCATGATG-1,134,Mono,CD14 Mono
PBMC10k_AACCTTTAGCTCAGAG-1,138,CD8 T,CD8 Naive
PBMC10k_AACCTTTCAATTGCAC-1,139,CD4 T,CD4 Naive
PBMC10k_AACCTTTCACCCTGAG-1,140,CD4 T,CD4 TCM
PBMC10k_AACCTTTCAGCGACCT-1,141,other T,dnT
PBMC10k_AACCTTTCAGTAGTGG-1,142,B,B naive
PBMC10k_AACCTTTGTAAGTCAA-1,143,NK,NK
PBMC10k_AACGAAAAGACGAAGA-1,147,other T,dnT
PBMC10k_AACGAAAAGGAACGTC-1,149,CD4 T,CD4 TEM
PBMC10k_AACGAAACAATGTGGG-1,151,CD8 T,CD8 Naive
PBMC10k_AACGAAATCACCACAA-1,153,other T,dnT
PBMC10k_AACGAAATCTTGCGCT-1,155,NK,NK
PBMC10k_AACGGGAAGCACGATG-1,156,CD8 T,CD8 Proliferating
PBMC10k_AACGGGAAGTGATTCC-1,157,CD8 T,CD8 Naive
PBMC10k_AACGGGACATGATCTG-1,159,CD4 T,CD4 Naive
PBMC10k_AACGGGATCCATAAGC-1,161,Mono,CD14 Mono
PBMC10k_AACGTCAAGACCAACG-1,162,other T,dnT
PBMC10k_AACGTCAAGAGTCAGC-1,163,Mono,CD14 Mono
PBMC10k_AACGTCACAGCACAGA-1,165,CD8 T,CD8 Naive
PBMC10k_AACGTCACAGTCAACT-1,166,CD4 T,CD4 TCM
PBMC10k_AACGTCATCGGCTGGT-1,167,other T,MAIT
PBMC10k_AACTTCTCATCATCCC-1,168,B,B memory
PBMC10k_AACTTCTCATCGCTCT-1,169,other,Eryth
PBMC10k_AACTTCTGTACTGAGG-1,170,Mono,CD14 Mono
PBMC10k_AACTTCTTCTCGCAGG-1,171,other T,MAIT
PBMC10k_AACTTCTTCTCGTGGG-1,172,CD8 T,CD8 TEM
PBMC10k_AACTTCTTCTCTTCAA-1,173,CD4 T,CD4 TCM
PBMC10k_AAGAACACACAGTCGC-1,177,Mono,CD14 Mono
PBMC10k_AAGAACATCAGAGTTC-1,182,Mono,CD14 Mono
PBMC10k_AAGACAAGTCAGACTT-1,184,CD4 T,CD4 Naive
PBMC10k_AAGACAATCATTACCT-1,186,CD4 T,CD4 TCM
PBMC10k_AAGACTCAGGGCATGT-1,188,other T,MAIT
PBMC10k_AAGACTCAGTATAGAC-1,189,NK,NK
PBMC10k_AAGACTCGTGGCTAGA-1,190,Mono,CD14 Mono
PBMC10k_AAGACTCTCACGTCCT-1,192,DC,cDC2
PBMC10k_AAGACTCTCATGAGGG-1,193,CD4 T,Treg
PBMC10k_AAGACTCTCCTACAAG-1,194,Mono,CD14 Mono
PBMC10k_AAGACTCTCTCTTAAC-1,197,other T,MAIT
PBMC10k_AAGATAGAGAAAGCGA-1,198,NK,NK_CD56bright
PBMC10k_AAGATAGAGCGAACTG-1,200,Mono,CD16 Mono
PBMC10k_AAGATAGGTAGCTGAG-1,201,CD4 T,CD4 Naive
PBMC10k_AAGATAGGTGCCGGTT-1,202,NK,NK
PBMC10k_AAGATAGGTTAGAGTA-1,203,other T,dnT
PBMC10k_AAGATAGTCACTGCTC-1,204,CD4 T,CD4 TEM
PBMC10k_AAGATAGTCTCGCTTG-1,205,CD4 T,CD4 Naive
PBMC10k_AAGCATCAGTGGAATT-1,206,Mono,CD14 Mono
PBMC10k_AAGCATCCAGCCTATA-1,208,CD4 T,CD4 TEM
PBMC10k_AAGCATCGTCTAACTG-1,209,CD4 T,Treg
PBMC10k_AAGCATCTCAGAACCT-1,210,CD4 T,CD4 TCM
PBMC10k_AAGCATCTCCCTCGTA-1,211,Mono,CD14 Mono
PBMC10k_AAGCATCTCGGAATTC-1,212,Mono,CD14 Mono
PBMC10k_AAGCATCTCTAACGCA-1,213,CD4 T,CD4 TCM
PBMC10k_AAGCCATAGGTCATCT-1,214,Mono,CD14 Mono
PBMC10k_AAGCCATCAGACGATG-1,215,CD4 T,CD4 TEM
PBMC10k_AAGCCATCAGAGAGGG-1,216,Mono,CD14 Mono
PBMC10k_AAGCGAGAGGTAAGGA-1,219,Mono,CD14 Mono
PBMC10k_AAGCGAGAGTCTTCCC-1,220,Mono,CD14 Mono
PBMC10k_AAGCGAGCAGAGGTTG-1,221,Mono,CD14 Mono
PBMC10k_AAGCGAGCAGGATGAC-1,222,CD8 T,CD8 TEM
PBMC10k_AAGCGAGCATTGTAGC-1,223,CD4 T,CD4 Naive
PBMC10k_AAGCGAGGTCCAGTTA-1,224,CD4 T,CD4 Naive
PBMC10k_AAGCGAGGTTATGTCG-1,226,NK,NK
PBMC10k_AAGCGAGTCCTGTTGC-1,228,Mono,CD14 Mono
PBMC10k_AAGCGTTCAACGATTC-1,230,CD4 T,CD4 Naive
PBMC10k_AAGCGTTGTCAAACGG-1,232,B,B naive
PBMC10k_AAGCGTTGTGTCTAAC-1,235,NK,NK
PBMC10k_AAGGAATTCTCCAATT-1,240,CD8 T,CD8 TEM
PBMC10k_AAGGTAAAGAACTGAT-1,241,other,ILC
PBMC10k_AAGGTAATCAACTGAC-1,245,Mono,CD16 Mono
PBMC10k_AAGGTAATCTTCGCTG-1,246,CD8 T,CD8 Naive
PBMC10k_AAGTACCAGGCGACAT-1,248,CD4 T,CD4 TCM
PBMC10k_AAGTACCCAAGCGCTC-1,250,B,B intermediate
PBMC10k_AAGTACCGTTCGATTG-1,251,Mono,CD14 Mono
PBMC10k_AAGTACCTCTACCACC-1,252,Mono,CD14 Mono
PBMC10k_AAGTCGTAGCACCAGA-1,253,CD4 T,CD4 TCM
PBMC10k_AAGTCGTAGTAAATGC-1,254,B,B naive
PBMC10k_AAGTCGTCACTCCCTA-1,255,B,B naive
PBMC10k_AAGTCGTCACTTCATT-1,256,other T,MAIT
PBMC10k_AAGTCGTGTACCGGCT-1,257,Mono,CD14 Mono
PBMC10k_AAGTCGTTCCATACAG-1,260,NK,NK
PBMC10k_AAGTGAAGTAGATGTA-1,264,CD4 T,CD4 Naive
PBMC10k_AAGTGAAGTGCGTTTA-1,265,CD4 T,Treg
PBMC10k_AAGTTCGGTCGTGGTC-1,268,CD4 T,CD4 Naive
PBMC10k_AAGTTCGGTGCAATGG-1,269,CD4 T,CD4 TCM
PBMC10k_AAGTTCGGTGCGTTTA-1,270,CD4 T,CD4 TEM
PBMC10k_AAGTTCGTCGGTTAGT-1,271,other,Eryth
PBMC10k_AATAGAGAGACTCTAC-1,272,Mono,CD14 Mono
PBMC10k_AATAGAGAGAGGGTGG-1,273,CD8 T,CD8 TEM
PBMC10k_AATAGAGAGTTAACAG-1,274,CD4 T,CD4 Naive
PBMC10k_AATAGAGTCCCGAGAC-1,276,CD4 T,CD4 Naive
PBMC10k_AATCACGGTGCATGAG-1,279,other T,MAIT
PBMC10k_AATCACGGTTGGAGGT-1,280,CD4 T,CD4 TCM
PBMC10k_AATCACGTCAGTGCGC-1,281,Mono,CD14 Mono
PBMC10k_AATCACGTCTGGGCCA-1,284,Mono,CD14 Mono
PBMC10k_AATCGACCAATGGCCC-1,287,CD4 T,CD4 TEM
PBMC10k_AATCGACCACCTGAAT-1,288,NK,NK
PBMC10k_AATCGACCAGATACCT-1,289,CD4 T,CD4 Naive
PBMC10k_AATCGACCAGATGCGA-1,290,other T,MAIT
PBMC10k_AATCGACCAGGGAATC-1,291,CD8 T,CD8 Naive
PBMC10k_AATCGACTCGAAACAA-1,294,CD4 T,CD4 Naive
PBMC10k_AATCGTGAGGGACACT-1,296,other,ILC
PBMC10k_AATCGTGTCTAACGGT-1,298,CD4 T,CD4 Naive
PBMC10k_AATGAAGAGGCTCAAG-1,299,CD4 T,CD4 TEM
PBMC10k_AATGAAGGTGTTAAAG-1,302,other,Eryth
PBMC10k_AATGACCAGTCGAATA-1,304,CD4 T,CD4 Naive
PBMC10k_AATGACCGTAACTTCG-1,305,B,B naive
PBMC10k_AATGACCGTCCAATCA-1,306,CD4 T,CD4 TCM
PBMC10k_AATGACCGTTAAGGGC-1,308,Mono,CD14 Mono
PBMC10k_AATGACCGTTAGCGGA-1,309,NK,NK
PBMC10k_AATGACCGTTTGACAC-1,310,B,B memory
PBMC10k_AATGACCTCATCGCCT-1,311,B,B naive
PBMC10k_AATGCCACAACGAGGT-1,314,CD4 T,CD4 Naive
PBMC10k_AATGCCACAAGACAAT-1,315,B,B naive
PBMC10k_AATGCCATCTCTCTAA-1,319,other T,MAIT
PBMC10k_AATGGAAAGTAGACAT-1,322,Mono,CD14 Mono
PBMC10k_AATGGAAAGTCACTGT-1,323,Mono,CD14 Mono
PBMC10k_AATGGAACACAAGGTG-1,324,CD8 T,CD8 TEM
PBMC10k_AATGGAACAGCATGCC-1,325,Mono,CD14 Mono
PBMC10k_AATGGAACAGGCACTC-1,326,CD4 T,CD4 TCM
PBMC10k_AATGGAATCAGACAAA-1,327,DC,pDC
PBMC10k_AATTCCTAGCCTCTGG-1,333,CD8 T,CD8 TEM
PBMC10k_AATTCCTAGCTTGTTG-1,334,NK,NK
PBMC10k_AATTCCTCAGAGATGC-1,337,Mono,CD14 Mono
PBMC10k_AATTCCTCAGGTAGTG-1,339,Mono,CD14 Mono
PBMC10k_AATTCCTTCAGCGGAA-1,343,CD4 T,CD4 TCM
PBMC10k_AATTCCTTCATTTGTC-1,344,CD4 T,CD4 TCM
PBMC10k_AATTTCCGTTGCTCCT-1,347,CD4 T,CD4 TEM
PBMC10k_ACAAAGAAGTCATAGA-1,351,Mono,CD14 Mono
PBMC10k_ACAAAGACACACAGAG-1,353,Mono,CD14 Mono
PBMC10k_ACAAAGAGTTAGGCCC-1,357,CD4 T,CD4 TEM
PBMC10k_ACAACCACATGACACT-1,364,CD4 T,CD4 TEM
PBMC10k_ACAACCAGTCGAGCTC-1,365,Mono,CD14 Mono
PBMC10k_ACAAGCTAGACCCGCT-1,366,CD8 T,CD8 Naive
PBMC10k_ACAAGCTAGGCACTCC-1,367,CD4 T,CD4 TEM
PBMC10k_ACAAGCTCATTCCTCG-1,371,CD4 T,Treg
PBMC10k_ACAAGCTTCGAACACT-1,373,CD8 T,CD8 Naive
PBMC10k_ACAAGCTTCGCCACTT-1,374,NK,NK
PBMC10k_ACACAGTAGTCATAGA-1,375,Mono,CD14 Mono
PBMC10k_ACACAGTAGTTACGGG-1,376,CD4 T,CD4 TCM
PBMC10k_ACACAGTCAGTTTCGA-1,377,other T,dnT
PBMC10k_ACACAGTTCACCCTGT-1,379,CD4 T,CD4 TCM
PBMC10k_ACACCAAAGATGACAT-1,382,CD4 T,CD4 TCM
PBMC10k_ACACCAAAGCGGCTCT-1,383,Mono,CD14 Mono
PBMC10k_ACACCAAAGTATTGCC-1,384,other T,gdT
PBMC10k_ACACCAACACAACATC-1,386,other T,MAIT
PBMC10k_ACACCAATCCGAACGC-1,388,CD4 T,CD4 TCM
PBMC10k_ACACCAATCGGACGTC-1,390,other,ILC
PBMC10k_ACACGCGCAGACCTAT-1,393,CD4 T,CD4 TCM
PBMC10k_ACACGCGGTCAATCTG-1,395,CD8 T,CD8 Naive
PBMC10k_ACACGCGGTCTCCCTA-1,396,Mono,CD14 Mono
PBMC10k_ACACGCGTCTTTGGAG-1,398,Mono,CD14 Mono
PBMC10k_ACACTGAAGAAGCGAA-1,399,Mono,CD14 Mono
PBMC10k_ACACTGACAAGTGTCT-1,400,CD4 T,CD4 TEM
PBMC10k_ACACTGAGTACTCGTA-1,403,NK,NK
PBMC10k_ACACTGAGTATCGAAA-1,404,CD4 T,Treg
PBMC10k_ACAGAAACATGACTAC-1,408,DC,cDC2
PBMC10k_ACAGAAATCGGCGATC-1,410,DC,cDC2
PBMC10k_ACAGCCGAGAGTTGTA-1,411,other T,gdT
PBMC10k_ACAGCCGGTTGGGATG-1,415,NK,NK
PBMC10k_ACAGCCGTCCCTTCCC-1,416,CD4 T,CD4 TCM
PBMC10k_ACAGCCGTCTCTGACC-1,418,B,B naive
PBMC10k_ACAGGGAAGGACTATA-1,420,CD4 T,CD4 TCM
PBMC10k_ACAGGGAGTCCACAGC-1,422,NK,NK
PBMC10k_ACAGGGATCCACCTGT-1,423,other T,MAIT
PBMC10k_ACAGGGATCCGCACTT-1,424,CD4 T,CD4 Naive
PBMC10k_ACAGGGATCTCGGCTT-1,425,other T,dnT
PBMC10k_ACATCCCCACAGTCAT-1,426,CD8 T,CD8 TEM
PBMC10k_ACATCCCCACTTCAGA-1,427,NK,NK
PBMC10k_ACATCCCCAGTGCCTG-1,428,Mono,CD14 Mono
PBMC10k_ACATCCCCATGTGCCG-1,429,other,Eryth
PBMC10k_ACATCCCGTCATTGCA-1,430,CD4 T,CD4 Naive
PBMC10k_ACATCCCTCGAGAACG-1,432,Mono,CD14 Mono
PBMC10k_ACATCCCTCTGCCTGT-1,433,CD4 T,CD4 Naive
PBMC10k_ACATCGAAGAGGTCAC-1,434,B,B naive
PBMC10k_ACATCGACAAAGGCGT-1,436,B,B naive
PBMC10k_ACATCGACACCCTAGG-1,437,other,Eryth
PBMC10k_ACATCGACACGACAGA-1,438,NK,NK
PBMC10k_ACATCGAGTATGAAAC-1,439,other T,MAIT
PBMC10k_ACATCGATCGACGATT-1,440,other T,MAIT
PBMC10k_ACATGCAAGTCTAACC-1,441,CD4 T,CD4 Naive
PBMC10k_ACATGCAAGTTCTACG-1,442,Mono,CD14 Mono
PBMC10k_ACATGCACACTGGAAG-1,444,other T,MAIT
PBMC10k_ACATGCACAGCTGAGA-1,445,Mono,CD16 Mono
PBMC10k_ACATGCACAGGCGATA-1,446,CD4 T,CD4 TCM
PBMC10k_ACATGCAGTATCACGT-1,447,NK,NK
PBMC10k_ACATTTCAGAGACAAG-1,448,CD4 T,CD4 Naive
PBMC10k_ACATTTCAGCGTGTCC-1,449,CD4 T,CD4 Naive
PBMC10k_ACATTTCCAATGCAGG-1,450,Mono,CD14 Mono
PBMC10k_ACATTTCTCGTAGCCG-1,454,CD4 T,CD4 TEM
PBMC10k_ACCAAACCAGCCTATA-1,456,other,ILC
PBMC10k_ACCAAACTCGGCCTTT-1,458,other T,MAIT
PBMC10k_ACCAAACTCGTTCCCA-1,459,CD8 T,CD8 TEM
PBMC10k_ACCAACAAGACACACG-1,460,CD4 T,CD4 TEM
PBMC10k_ACCAACAGTGTCATGT-1,461,DC,cDC2
PBMC10k_ACCAACATCAGTCACA-1,462,CD4 T,CD4 Naive
PBMC10k_ACCAACATCATGGTAC-1,463,other T,MAIT
PBMC10k_ACCAACATCATTACTC-1,464,B,B naive
PBMC10k_ACCAACATCGTCGCTT-1,465,CD4 T,CD4 TEM
PBMC10k_ACCACAAAGACATAAC-1,466,CD8 T,CD8 Naive
PBMC10k_ACCACAACAGAGCTAG-1,467,CD4 T,CD4 TCM
PBMC10k_ACCACAACATGGCTAT-1,468,Mono,CD14 Mono
PBMC10k_ACCATTTAGTAGAATC-1,470,NK,NK
PBMC10k_ACCATTTCAAGTCATC-1,472,CD4 T,CD4 Naive
PBMC10k_ACCATTTCATGCCGAC-1,473,NK,NK
PBMC10k_ACCATTTGTCGAATTC-1,475,other T,MAIT
PBMC10k_ACCATTTTCTGAGAAA-1,477,NK,NK
PBMC10k_ACCCAAACAATTGGTC-1,478,Mono,CD16 Mono
PBMC10k_ACCCAAACACGCTATA-1,480,CD8 T,CD8 Naive
PBMC10k_ACCCAAACAGCAAGAC-1,481,CD4 T,CD4 TCM
PBMC10k_ACCCAAAGTAGGACTG-1,482,Mono,CD14 Mono
PBMC10k_ACCCTCAAGCTGAAAT-1,486,NK,NK
PBMC10k_ACCCTCACATTCTTCA-1,488,DC,pDC
PBMC10k_ACCCTCATCACAACCA-1,490,CD4 T,CD4 Naive
PBMC10k_ACCCTCATCTGGTTGA-1,491,DC,cDC1
PBMC10k_ACCCTCATCTTGGATG-1,492,CD8 T,CD8 Naive
PBMC10k_ACCCTTGAGATTGATG-1,493,Mono,CD14 Mono
PBMC10k_ACCCTTGAGCTGTTCA-1,494,DC,cDC2
PBMC10k_ACCCTTGAGTAGCCAG-1,497,CD4 T,CD4 TCM
PBMC10k_ACCCTTGTCAGCGTCG-1,499,Mono,CD14 Mono
PBMC10k_ACCCTTGTCCGTGTAA-1,500,DC,cDC2
PBMC10k_ACCCTTGTCGAACGCC-1,501,CD8 T,CD8 Naive
PBMC10k_ACCGTTCGTACCCAGC-1,503,CD4 T,CD4 TCM
PBMC10k_ACCGTTCGTGCCTTCT-1,505,Mono,CD16 Mono
PBMC10k_ACCGTTCGTTCGAGCC-1,506,other T,MAIT
PBMC10k_ACCGTTCTCTCGGCTT-1,507,CD4 T,CD4 TCM
PBMC10k_ACCTACCAGCGTATGG-1,510,Mono,CD14 Mono
PBMC10k_ACCTACCAGGCTAACG-1,511,CD4 T,CD4 TCM
PBMC10k_ACCTACCCACGTATAC-1,513,other,Eryth
PBMC10k_ACCTACCCATCATGAC-1,514,Mono,CD14 Mono
PBMC10k_ACCTACCGTACGATTC-1,515,CD4 T,CD4 TCM
PBMC10k_ACCTACCGTATGCGTT-1,516,CD8 T,CD8 TEM
PBMC10k_ACCTACCGTGATACCT-1,517,Mono,CD14 Mono
PBMC10k_ACCTACCTCCCGATCT-1,519,other T,dnT
PBMC10k_ACCTGAAAGAAGCTGC-1,520,CD4 T,CD4 TCM
PBMC10k_ACCTGAAAGGCTCTCG-1,521,Mono,CD14 Mono
PBMC10k_ACCTGAAAGGGCATGT-1,522,other T,MAIT
PBMC10k_ACCTGAACATCTCAAG-1,523,CD4 T,CD4 TEM
PBMC10k_ACCTGTCCAATATCCG-1,528,NK,NK
PBMC10k_ACCTGTCCACCTGCGA-1,529,other T,MAIT
PBMC10k_ACCTGTCGTAAGTCAA-1,530,Mono,CD14 Mono
PBMC10k_ACCTGTCGTGGATTTC-1,533,CD4 T,CD4 TCM
PBMC10k_ACCTGTCTCTTCGATT-1,536,DC,cDC2
PBMC10k_ACGATCAAGGGCAAGG-1,537,Mono,CD14 Mono
PBMC10k_ACGATCAAGTCCCAAT-1,538,other T,MAIT
PBMC10k_ACGATCACATCGATCA-1,541,NK,NK
PBMC10k_ACGATCACATTGACTG-1,542,CD4 T,CD4 TCM
PBMC10k_ACGATGTAGGTTTACC-1,546,Mono,CD14 Mono
PBMC10k_ACGATGTCACAGCTTA-1,548,NK,NK
PBMC10k_ACGCACGAGACATAAC-1,554,Mono,CD14 Mono
PBMC10k_ACGCACGCAAACACGG-1,555,CD4 T,CD4 Naive
PBMC10k_ACGCACGCACTGAATC-1,556,other,ILC
PBMC10k_ACGCACGGTTCTAAGC-1,558,CD4 T,Treg
PBMC10k_ACGCACGTCAGATTGC-1,559,CD8 T,CD8 TEM
PBMC10k_ACGCACGTCTTGCAGA-1,560,B,B naive
PBMC10k_ACGGAAGAGACTCTAC-1,561,CD4 T,CD4 Naive
PBMC10k_ACGGAAGAGGTCTGGA-1,562,Mono,CD14 Mono
PBMC10k_ACGGAAGAGGTGCTAG-1,563,NK,NK
PBMC10k_ACGGAAGGTCAAGCCC-1,564,B,B memory
PBMC10k_ACGGAAGTCATGCGGC-1,567,CD4 T,Treg
PBMC10k_ACGGAAGTCGTGGAAG-1,568,DC,cDC2
PBMC10k_ACGGGTCAGACGCCAA-1,569,CD4 T,CD4 TCM
PBMC10k_ACGGGTCAGCGATGCA-1,570,CD4 T,CD4 TCM
PBMC10k_ACGGGTCAGGTCACTT-1,571,other T,dnT
PBMC10k_ACGGGTCGTAACATAG-1,573,CD4 T,CD4 Naive
PBMC10k_ACGGGTCGTTACCCTC-1,575,CD4 T,CD4 TCM
PBMC10k_ACGGGTCTCGAGATAA-1,576,CD4 T,CD4 TEM
PBMC10k_ACGGGTCTCGCTGTTC-1,577,CD8 T,CD8 Proliferating
PBMC10k_ACGGGTCTCTGCACCT-1,579,B,B intermediate
PBMC10k_ACGGTCGTCCACTGAA-1,582,CD8 T,CD8 Naive
PBMC10k_ACGGTTAAGAAGAACG-1,583,CD4 T,CD4 TCM
PBMC10k_ACGGTTAAGTTCATGC-1,585,CD4 T,CD4 Naive
PBMC10k_ACGGTTACAACCGACC-1,586,Mono,CD14 Mono
PBMC10k_ACGGTTACATACAGAA-1,588,Mono,CD16 Mono
PBMC10k_ACGGTTAGTACGAGCA-1,590,CD4 T,CD4 TEM
PBMC10k_ACGGTTAGTAGCTCGC-1,591,CD8 T,CD8 TEM
PBMC10k_ACGTAACAGGACAAGA-1,593,CD8 T,CD8 Naive
PBMC10k_ACGTAACCACGATAGG-1,596,B,B naive
PBMC10k_ACGTAACTCACAAGGG-1,597,B,B memory
PBMC10k_ACGTACAAGCCTCAAT-1,599,Mono,CD14 Mono
PBMC10k_ACGTACACAAGAGAGA-1,602,B,B naive
PBMC10k_ACGTACATCACAATGC-1,604,NK,NK
PBMC10k_ACGTACATCGGTATGT-1,605,B,B naive
PBMC10k_ACGTAGTCAGCAGACA-1,606,other T,MAIT
PBMC10k_ACGTAGTCAGGGTTGA-1,607,CD4 T,CD4 Naive
PBMC10k_ACGTAGTGTTCAAACC-1,610,CD4 T,CD4 TEM
PBMC10k_ACGTCCTAGGTTGACG-1,614,CD4 T,CD4 TEM
PBMC10k_ACGTCCTCACCCTATC-1,615,CD4 T,CD4 Naive
PBMC10k_ACGTCCTCACCTGCGA-1,616,CD4 T,CD4 TCM
PBMC10k_ACGTTCCAGGTGGCTA-1,618,CD8 T,CD8 Naive
PBMC10k_ACGTTCCTCGGATAAA-1,619,other T,dnT
PBMC10k_ACTACGAAGGCCGCTT-1,620,CD8 T,CD8 TCM
PBMC10k_ACTACGACAGCATTGT-1,621,other,ILC
PBMC10k_ACTACGACAGCTGGTC-1,622,CD8 T,CD8 Naive
PBMC10k_ACTACGAGTCTTTATC-1,624,CD8 T,CD8 TCM
PBMC10k_ACTACGAGTGGACCAA-1,626,NK,NK_CD56bright
PBMC10k_ACTACGAGTTCGTACA-1,627,CD4 T,CD4 Naive
PBMC10k_ACTACGATCCCGTGAG-1,628,CD4 T,CD4 Naive
PBMC10k_ACTACGATCCGATGTA-1,629,other,ILC
PBMC10k_ACTACGATCGGACGTC-1,630,NK,NK Proliferating
PBMC10k_ACTACGATCTGGGATT-1,631,other T,MAIT
PBMC10k_ACTATCTAGGAAAGTG-1,632,CD4 T,CD4 TCM
PBMC10k_ACTATCTCAAACCACT-1,633,Mono,CD16 Mono
PBMC10k_ACTATCTGTATCACCA-1,634,CD4 T,Treg
PBMC10k_ACTATCTGTTCTCTCG-1,635,other,Eryth
PBMC10k_ACTATCTTCAAATAGG-1,636,CD4 T,CD4 Naive
PBMC10k_ACTATCTTCGGTCGGT-1,637,Mono,CD14 Mono
PBMC10k_ACTATGGAGAGGCGGA-1,639,other T,dnT
PBMC10k_ACTATGGAGCCTCAAT-1,640,CD4 T,CD4 Naive
PBMC10k_ACTATGGGTAGATTGA-1,643,Mono,CD14 Mono
PBMC10k_ACTATGGGTTGGTAGG-1,645,CD4 T,CD4 Naive
PBMC10k_ACTATGGTCTTCGTGC-1,647,CD8 T,CD8 TEM
PBMC10k_ACTATTCCAAATACGA-1,648,other T,dnT
PBMC10k_ACTATTCCAAGTGCTT-1,649,NK,NK
PBMC10k_ACTATTCTCCCTTCCC-1,651,other,Eryth
PBMC10k_ACTCCCACAAGGTTGG-1,653,CD8 T,CD8 Proliferating
PBMC10k_ACTCCCACAAGTCATC-1,654,CD8 T,CD8 Naive
PBMC10k_ACTCCCAGTGCTCCGA-1,656,other,Eryth
PBMC10k_ACTCCCAGTTAGAAAC-1,657,CD4 T,CD4 TEM
PBMC10k_ACTCTCGAGATTCGCT-1,659,DC,cDC2
PBMC10k_ACTCTCGCAAGGTCGA-1,663,CD8 T,CD8 Naive
PBMC10k_ACTCTCGCATCTCATT-1,665,NK,NK
PBMC10k_ACTCTCGGTTCAGCTA-1,667,CD8 T,CD8 TEM
PBMC10k_ACTCTCGGTTCAGTAC-1,668,CD4 T,CD4 Naive
PBMC10k_ACTGATGAGGGCCAAT-1,669,CD4 T,CD4 TEM
PBMC10k_ACTGATGGTCATCCGG-1,670,NK,NK_CD56bright
PBMC10k_ACTGATGTCTTCTGGC-1,672,NK,NK
PBMC10k_ACTGCAAAGAGTCTTC-1,673,Mono,CD16 Mono
PBMC10k_ACTGCAACACGGCACT-1,675,NK,NK
PBMC10k_ACTGCAACATTGCCTC-1,676,other,Eryth
PBMC10k_ACTGCAATCACGGGCT-1,677,other T,gdT
PBMC10k_ACTGCAATCCCGTAAA-1,678,CD4 T,CD4 Naive
PBMC10k_ACTGTCCCAACCGTGC-1,679,NK,NK
PBMC10k_ACTGTCCCATTCTCCG-1,682,other,Eryth
PBMC10k_ACTGTCCGTTTGAACC-1,683,Mono,CD14 Mono
PBMC10k_ACTGTCCTCCTTCGAC-1,684,CD8 T,CD8 TEM
PBMC10k_ACTGTCCTCGGAATGG-1,685,other,Eryth
PBMC10k_ACTGTGAGTATCAAGA-1,689,CD4 T,CD4 Naive
PBMC10k_ACTGTGATCGAATCCA-1,690,CD4 T,Treg
PBMC10k_ACTTAGGAGAAAGTCT-1,693,Mono,CD14 Mono
PBMC10k_ACTTAGGAGTGTTGAA-1,697,CD4 T,CD4 Naive
PBMC10k_ACTTAGGCAAGGCGTA-1,698,Mono,CD14 Mono
PBMC10k_ACTTATCAGGTAGACC-1,701,CD4 T,CD4 Naive
PBMC10k_ACTTATCCACGCAGTC-1,702,CD4 T,CD4 Proliferating
PBMC10k_ACTTATCTCAGGACAG-1,704,B,Plasmablast
PBMC10k_ACTTATCTCTATGCCC-1,705,CD4 T,CD4 Naive
PBMC10k_ACTTCCGAGACTGGGT-1,706,B,B naive
PBMC10k_ACTTCCGAGTCGGCAA-1,708,other T,MAIT
PBMC10k_ACTTCCGCAAAGGGTC-1,709,Mono,CD16 Mono
PBMC10k_ACTTCCGTCAGTGTGT-1,710,CD4 T,CD4 Naive
PBMC10k_ACTTCCGTCTCTAAGG-1,711,CD8 T,CD8 Naive
PBMC10k_ACTTCCGTCTGAGTCA-1,712,CD4 T,CD4 Naive
PBMC10k_ACTTCGCAGTCGAAAT-1,716,NK,NK
PBMC10k_ACTTCGCAGTGCGACA-1,717,Mono,CD14 Mono
PBMC10k_ACTTCGCCAATCGCAT-1,718,CD8 T,CD8 Naive
PBMC10k_ACTTCGCTCTCTCGCA-1,722,CD4 T,CD4 TCM
PBMC10k_ACTTTCAAGCCATGCC-1,723,B,B memory
PBMC10k_ACTTTCAAGGTCCTGC-1,725,Mono,CD14 Mono
PBMC10k_ACTTTCACAGTTCTAG-1,727,Mono,CD14 Mono
PBMC10k_ACTTTGTAGATTGTGA-1,733,CD4 T,CD4 Naive
PBMC10k_ACTTTGTCAGCTCCTT-1,734,other,Eryth
PBMC10k_ACTTTGTGTTGTAGCT-1,735,NK,NK
PBMC10k_ACTTTGTTCTCCAATT-1,737,Mono,CD14 Mono
PBMC10k_AGAAATGCATCATTTC-1,739,Mono,CD16 Mono
PBMC10k_AGAAATGGTGAGTTTC-1,740,Mono,CD14 Mono
PBMC10k_AGAAATGTCACAATGC-1,741,other T,MAIT
PBMC10k_AGAAATGTCTTCGTGC-1,742,CD4 T,CD4 TCM
PBMC10k_AGAACCTAGGCTTAGG-1,745,CD4 T,CD4 Naive
PBMC10k_AGAACCTCAATCTAGC-1,746,CD4 T,CD4 TCM
PBMC10k_AGAACCTTCAGCGTCG-1,748,CD8 T,CD8 TCM
PBMC10k_AGAAGCGAGGGTAGCT-1,750,Mono,CD14 Mono
PBMC10k_AGAAGCGCAGGACAGT-1,753,Mono,CD14 Mono
PBMC10k_AGAAGCGTCTCATTGT-1,756,NK,NK
PBMC10k_AGAAGTAAGCGACAGT-1,758,NK,NK
PBMC10k_AGAAGTATCGACACCG-1,760,other,Eryth
PBMC10k_AGAAGTATCTAAGCGT-1,761,CD4 T,CD4 Naive
PBMC10k_AGACAAAAGTCGGGAT-1,762,Mono,CD14 Mono
PBMC10k_AGACAAACATGGAATA-1,763,Mono,CD16 Mono
PBMC10k_AGACAAAGTATTCCTT-1,764,Mono,CD14 Mono
PBMC10k_AGACAAATCGCGGTAC-1,765,CD4 T,CD4 Naive
PBMC10k_AGACACTCAGAATCGG-1,767,NK,NK
PBMC10k_AGACACTCAGCTCGGT-1,768,other T,dnT
PBMC10k_AGACACTGTTGTAGCT-1,769,NK,NK
PBMC10k_AGACACTGTTTATGCG-1,770,CD8 T,CD8 Naive
PBMC10k_AGACACTTCCCTCAAC-1,773,Mono,CD14 Mono
PBMC10k_AGACAGGGTCTGGTTA-1,776,CD4 T,CD4 Naive
PBMC10k_AGACAGGGTTAGGGAC-1,777,Mono,CD14 Mono
PBMC10k_AGACAGGTCGAACTCA-1,778,NK,NK
PBMC10k_AGACCATAGTCGCCCA-1,780,CD8 T,CD8 Naive
PBMC10k_AGACCATCAATCTCTT-1,781,Mono,CD14 Mono
PBMC10k_AGACCATGTGAATTGA-1,784,Mono,CD14 Mono
PBMC10k_AGACCATGTGGTCTGC-1,785,Mono,CD14 Mono
PBMC10k_AGACCATTCGGCATAT-1,787,B,B naive
PBMC10k_AGACCATTCTTAGCCC-1,789,CD4 T,CD4 Naive
PBMC10k_AGACCCGAGCTATCCA-1,790,NK,NK
PBMC10k_AGACCCGAGTAAACGT-1,791,CD4 T,CD4 TCM
PBMC10k_AGACCCGCAGCACAGA-1,794,CD8 T,CD8 Naive
PBMC10k_AGACCCGTCCGTCACT-1,798,CD4 T,CD4 TCM
PBMC10k_AGACCCGTCGGCCTTT-1,799,CD4 T,CD4 Naive
PBMC10k_AGACCCGTCTCCGTGT-1,800,B,B intermediate
PBMC10k_AGACTCAAGCCTCATA-1,801,CD8 T,CD8 TEM
PBMC10k_AGACTCACAATAACCC-1,803,B,Plasmablast
PBMC10k_AGACTCACAATCACGT-1,804,Mono,CD14 Mono
PBMC10k_AGACTCACACAAGCTT-1,805,CD8 T,CD8 Naive
PBMC10k_AGACTCACAGCGACCT-1,807,Mono,CD14 Mono
PBMC10k_AGACTCACAGCGAGTA-1,808,Mono,CD14 Mono
PBMC10k_AGACTCAGTCGAATGG-1,809,CD4 T,CD4 TCM
PBMC10k_AGACTCAGTCTGTTAG-1,810,other,Eryth
PBMC10k_AGACTCATCAGCCTTC-1,812,CD4 T,CD4 TCM
PBMC10k_AGAGAATCATAAGCAA-1,816,other,ILC
PBMC10k_AGAGAATGTCGTTATG-1,817,other T,dnT
PBMC10k_AGAGAATGTGCATGAG-1,818,Mono,CD14 Mono
PBMC10k_AGAGAATTCTGTCAGA-1,820,NK,NK
PBMC10k_AGAGAGCAGAGCCGAT-1,821,CD4 T,CD4 TEM
PBMC10k_AGAGAGCAGAGTGTTA-1,822,B,B naive
PBMC10k_AGAGAGCGTACGGGAT-1,824,CD8 T,CD8 TEM
PBMC10k_AGAGAGCGTATTTCGG-1,825,NK,NK
PBMC10k_AGAGAGCGTCACTTCC-1,826,CD4 T,CD4 TCM
PBMC10k_AGAGAGCTCCGACGGT-1,828,NK,NK
PBMC10k_AGAGCAGCACGTAGAG-1,831,Mono,CD14 Mono
PBMC10k_AGAGCCCAGCTCCACG-1,834,Mono,CD14 Mono
PBMC10k_AGAGCCCCAACTTGCA-1,837,CD4 T,Treg
PBMC10k_AGAGCCCCAAGGGTCA-1,838,CD4 T,Treg
PBMC10k_AGAGCCCGTTGTAGCT-1,841,Mono,CD14 Mono
PBMC10k_AGAGCCCTCCATCGTC-1,842,NK,NK_CD56bright
PBMC10k_AGAGCCCTCGAACGGA-1,843,Mono,CD16 Mono
PBMC10k_AGAGCCCTCGTGGAAG-1,844,CD4 T,CD4 Naive
PBMC10k_AGATAGACACATAACC-1,847,CD4 T,Treg
PBMC10k_AGATAGAGTAGCACGA-1,849,other,ILC
PBMC10k_AGATAGATCACTCCGT-1,850,CD8 T,CD8 TEM
PBMC10k_AGATCCAAGTTGCCCG-1,852,other T,MAIT
PBMC10k_AGATCGTCAGAGATGC-1,857,Mono,CD14 Mono
PBMC10k_AGATGAAAGCATCCTA-1,859,B,B naive
PBMC10k_AGATGAACACGCTGTG-1,860,NK,NK
PBMC10k_AGATGAATCATCTACT-1,861,CD4 T,CD4 Naive
PBMC10k_AGATGAATCATTCATC-1,862,CD4 T,CD4 TCM
PBMC10k_AGATGCTAGCAATAAC-1,863,CD4 T,CD4 Naive
PBMC10k_AGATGCTGTGTTAGCT-1,866,DC,cDC2
PBMC10k_AGATGCTGTGTTTGCA-1,867,NK,NK
PBMC10k_AGATGCTGTTGACTGT-1,868,CD8 T,CD8 TEM
PBMC10k_AGATGCTTCACATACG-1,869,Mono,CD14 Mono
PBMC10k_AGCATCAAGTCTAGCT-1,871,CD4 T,CD4 Naive
PBMC10k_AGCATCACAAATGAGT-1,872,other T,MAIT
PBMC10k_AGCATCACAGGGAGAG-1,873,Mono,CD14 Mono
PBMC10k_AGCATCAGTTGGATCT-1,875,CD4 T,CD4 Naive
PBMC10k_AGCATCATCACCCATC-1,876,Mono,CD14 Mono
PBMC10k_AGCATCATCCGACAGC-1,877,CD4 T,CD4 Naive
PBMC10k_AGCCAATCAATAGTCC-1,880,CD4 T,CD4 TCM
PBMC10k_AGCCAATCACACGGAA-1,881,NK,NK
PBMC10k_AGCCAATCACTGTCGG-1,882,NK,NK
PBMC10k_AGCCAATCAGAATTCC-1,883,NK,NK_CD56bright
PBMC10k_AGCCAATCAGTAGATA-1,884,NK,NK
PBMC10k_AGCCAATCATCAACCA-1,885,B,B memory
PBMC10k_AGCCAATGTCATAACC-1,888,CD8 T,CD8 Naive
PBMC10k_AGCCAATGTGTGAATA-1,889,Mono,CD16 Mono
PBMC10k_AGCCAATTCGGCTTGG-1,891,CD4 T,CD4 TEM
PBMC10k_AGCCACGTCTCTTAAC-1,895,Mono,CD14 Mono
PBMC10k_AGCCACGTCTGGTGGC-1,896,other T,dnT
PBMC10k_AGCCACGTCTTCGTAT-1,897,NK,NK
PBMC10k_AGCCAGCAGGACGCTA-1,898,other T,dnT
PBMC10k_AGCCAGCAGGATACCG-1,899,Mono,CD14 Mono
PBMC10k_AGCCAGCAGGTCATAA-1,901,Mono,CD14 Mono
PBMC10k_AGCCAGCGTGATTCAC-1,904,other,ILC
PBMC10k_AGCCAGCTCATTGCGA-1,907,CD4 T,CD4 TCM
PBMC10k_AGCCAGCTCGAGTCTA-1,908,Mono,CD14 Mono
PBMC10k_AGCGATTGTGACATCT-1,911,CD4 T,CD4 Naive
PBMC10k_AGCGATTGTGATGTAA-1,912,Mono,CD14 Mono
PBMC10k_AGCGATTGTTCGGCCA-1,913,B,B memory
PBMC10k_AGCGATTGTTGACTAC-1,914,other T,gdT
PBMC10k_AGCGCCAAGCCGATAG-1,916,Mono,CD14 Mono
PBMC10k_AGCGCCACACGACGCT-1,917,B,B naive
PBMC10k_AGCGCCACATTGAAAG-1,920,CD4 T,CD4 TEM
PBMC10k_AGCGCCAGTGCCGGTT-1,921,Mono,CD14 Mono
PBMC10k_AGCGCCAGTTCCTACC-1,922,Mono,CD14 Mono
PBMC10k_AGCGCCATCTCAACGA-1,923,CD4 T,CD4 TCM
PBMC10k_AGCGCTGGTGACAACG-1,925,CD8 T,CD8 Naive
PBMC10k_AGCGCTGGTTCTCCCA-1,926,CD4 T,CD4 Naive
PBMC10k_AGCGCTGGTTGCAACT-1,927,CD8 T,CD8 TCM
PBMC10k_AGCGTATAGAGGCGTT-1,930,NK,NK
PBMC10k_AGCGTATAGGATTTCC-1,932,CD4 T,CD4 Naive
PBMC10k_AGCGTATAGGTATAGT-1,933,B,B memory
PBMC10k_AGCGTATAGGTGGGTT-1,934,CD4 T,CD4 Naive
PBMC10k_AGCGTATCATCCAACA-1,937,CD4 T,CD4 TCM
PBMC10k_AGCGTATGTTCGGTAT-1,941,CD4 T,Treg
PBMC10k_AGCGTATTCTAGTTCT-1,943,B,B naive
PBMC10k_AGCGTCGAGCTCATAC-1,944,CD4 T,Treg
PBMC10k_AGCGTCGCAACTGCTA-1,945,other T,gdT
PBMC10k_AGCTACAAGGTGCATG-1,948,NK,NK
PBMC10k_AGCTACAAGTAGACCG-1,949,other T,dnT
PBMC10k_AGCTACAAGTCCGTCG-1,950,B,B naive
PBMC10k_AGCTACAGTATTGAGA-1,951,CD4 T,CD4 TCM
PBMC10k_AGCTACATCCAAACCA-1,954,CD4 T,CD4 TEM
PBMC10k_AGCTACATCCGCATAA-1,955,CD4 T,CD4 CTL
PBMC10k_AGCTTCCAGATACGAT-1,958,CD4 T,CD4 Naive
PBMC10k_AGCTTCCAGCCTGTCG-1,959,CD4 T,CD4 TCM
PBMC10k_AGCTTCCAGTTGGACG-1,960,CD4 T,CD4 Naive
PBMC10k_AGCTTCCCAAGAGGTC-1,961,other T,MAIT
PBMC10k_AGGAAATAGCTCAGAG-1,966,CD4 T,CD4 Naive
PBMC10k_AGGAATAAGCTCCATA-1,972,CD8 T,CD8 TEM
PBMC10k_AGGAATAAGGATGAGA-1,973,CD4 T,CD4 TEM
PBMC10k_AGGAATACACATACGT-1,976,CD8 T,CD8 Naive
PBMC10k_AGGAATACACCTGATA-1,977,Mono,CD14 Mono
PBMC10k_AGGAATAGTCAACATC-1,978,CD8 T,CD8 Naive
PBMC10k_AGGAATAGTGCGTCGT-1,980,CD4 T,Treg
PBMC10k_AGGACGACATCGCCTT-1,985,B,B naive
PBMC10k_AGGACGAGTTCCACGG-1,987,B,B naive
PBMC10k_AGGACGAGTTTCAGAC-1,988,Mono,CD16 Mono
PBMC10k_AGGACGATCATACGAC-1,989,B,B naive
PBMC10k_AGGACTTAGACCATGG-1,990,CD4 T,CD4 TCM
PBMC10k_AGGACTTAGATTAGTG-1,991,CD8 T,CD8 TEM
PBMC10k_AGGACTTAGCCTGTGC-1,992,other T,dnT
PBMC10k_AGGACTTCATGAATAG-1,994,CD4 T,CD4 Naive
PBMC10k_AGGACTTGTTCAAGGG-1,995,CD4 T,CD4 Naive
PBMC10k_AGGACTTTCCAGTGCG-1,996,Mono,CD14 Mono
PBMC10k_AGGAGGTCAAGCACCC-1,998,CD4 T,CD4 TEM
PBMC10k_AGGAGGTCATGACTGT-1,1000,CD4 T,CD4 Naive
PBMC10k_AGGAGGTCATTGTGCA-1,1001,CD4 T,CD4 TCM
PBMC10k_AGGATAACAGGCACAA-1,1006,B,B memory
PBMC10k_AGGATAAGTACGCTAT-1,1007,NK,NK
PBMC10k_AGGATAATCTCTATGT-1,1010,CD8 T,CD8 TEM
PBMC10k_AGGATCTCAATACCCA-1,1014,CD8 T,CD8 Proliferating
PBMC10k_AGGCATTAGCACGGAT-1,1017,CD4 T,CD4 Naive
PBMC10k_AGGCATTAGGTTCATC-1,1019,CD4 T,Treg
PBMC10k_AGGCATTAGTAGCCAG-1,1020,CD4 T,CD4 Naive
PBMC10k_AGGCATTCAAGAGTAT-1,1021,CD4 T,CD4 Naive
PBMC10k_AGGCCACAGATGTTCC-1,1027,CD4 T,CD4 Naive
PBMC10k_AGGCCACCATTGCTTT-1,1033,CD8 T,CD8 Naive
PBMC10k_AGGCCACTCCAAACCA-1,1035,CD8 T,CD8 Naive
PBMC10k_AGGCCACTCTATCACT-1,1037,CD4 T,CD4 TEM
PBMC10k_AGGCTGCGTAGCGCCT-1,1039,Mono,CD14 Mono
PBMC10k_AGGCTGCGTGAATGTA-1,1040,CD4 T,Treg
PBMC10k_AGGGAGTAGATGCCGA-1,1043,Mono,CD14 Mono
PBMC10k_AGGGAGTGTCGGCCTA-1,1044,CD4 T,CD4 TCM
PBMC10k_AGGGCCTAGGTCCCTG-1,1045,NK,NK
PBMC10k_AGGGCCTGTGGATCAG-1,1047,Mono,CD14 Mono
PBMC10k_AGGGCCTTCCTGGGTG-1,1048,CD4 T,CD4 Naive
PBMC10k_AGGGCCTTCGTTCGCT-1,1049,CD4 T,CD4 Naive
PBMC10k_AGGGCTCAGACGTCCC-1,1050,CD4 T,CD4 TEM
PBMC10k_AGGGCTCAGGCCTGAA-1,1051,other T,dnT
PBMC10k_AGGGCTCGTCCGGTCA-1,1053,other T,MAIT
PBMC10k_AGGGCTCGTGCATGTT-1,1054,NK,NK
PBMC10k_AGGGTCCAGTGCCAGA-1,1058,NK,NK
PBMC10k_AGGGTCCTCCTTGACC-1,1059,other,Eryth
PBMC10k_AGGGTGACACCCTTGT-1,1061,CD4 T,CD4 Naive
PBMC10k_AGGGTGACACTGAATC-1,1062,B,B naive
PBMC10k_AGGGTGACAGATGCGA-1,1063,Mono,CD14 Mono
PBMC10k_AGGTAGGAGTGATAAC-1,1066,NK,NK
PBMC10k_AGGTAGGGTGAGATCG-1,1068,CD8 T,CD8 TEM
PBMC10k_AGGTCATCAATGACCT-1,1071,CD4 T,CD4 TCM
PBMC10k_AGGTCATCACCAAATC-1,1072,NK,NK
PBMC10k_AGGTCATCACCTGTCT-1,1073,Mono,CD14 Mono
PBMC10k_AGGTCATCATCTATCT-1,1074,CD8 T,CD8 TEM
PBMC10k_AGGTCATGTTCTCAGA-1,1075,CD8 T,CD8 Naive
PBMC10k_AGGTCATTCACGGACC-1,1076,CD4 T,CD4 TCM
PBMC10k_AGGTCATTCCATTGTT-1,1077,CD4 T,CD4 TCM
PBMC10k_AGGTCTAAGACTACCT-1,1078,CD4 T,CD4 TEM
PBMC10k_AGGTCTAAGGAACGAA-1,1079,other,ILC
PBMC10k_AGGTCTAAGTCATCGT-1,1081,other T,MAIT
PBMC10k_AGGTCTACAATGTTGC-1,1082,Mono,CD14 Mono
PBMC10k_AGGTCTAGTGCTCGTG-1,1084,NK,NK
PBMC10k_AGGTGTTAGTTGCGAG-1,1091,other,Platelet
PBMC10k_AGGTGTTCACACACGC-1,1093,CD4 T,Treg
PBMC10k_AGGTGTTTCTAGATCG-1,1096,NK,NK Proliferating
PBMC10k_AGGTTACAGCTCCCTT-1,1098,CD8 T,CD8 TEM
PBMC10k_AGGTTACAGCTGAGCA-1,1099,B,B intermediate
PBMC10k_AGGTTACAGTCACTAC-1,1100,CD4 T,CD4 Naive
PBMC10k_AGGTTACCATGGCTAT-1,1101,other T,MAIT
PBMC10k_AGGTTACGTCTTACTT-1,1103,CD4 T,CD4 TCM
PBMC10k_AGGTTACTCCGCATAA-1,1104,CD8 T,CD8 TEM
PBMC10k_AGGTTACTCGAACCTA-1,1105,other T,MAIT
PBMC10k_AGGTTGTAGCGCCCAT-1,1108,Mono,CD14 Mono
PBMC10k_AGGTTGTGTGCATACT-1,1110,CD4 T,CD4 TEM
PBMC10k_AGGTTGTTCACATCAG-1,1111,Mono,CD14 Mono
PBMC10k_AGGTTGTTCACTCTTA-1,1112,CD4 T,CD4 Naive
PBMC10k_AGTAACCAGGCCCACT-1,1114,DC,cDC2
PBMC10k_AGTAACCAGGTCCAGA-1,1115,CD8 T,CD8 Naive
PBMC10k_AGTAACCTCCAACACA-1,1116,CD4 T,CD4 Naive
PBMC10k_AGTACCAAGCACGGAT-1,1118,NK,NK
PBMC10k_AGTACCAAGCACTCCG-1,1119,Mono,CD14 Mono
PBMC10k_AGTACCAAGGAAAGGT-1,1120,CD4 T,CD4 Naive
PBMC10k_AGTACCAAGGTAAGTT-1,1121,Mono,CD14 Mono
PBMC10k_AGTACCACAGCGACCT-1,1123,Mono,CD14 Mono
PBMC10k_AGTACCACAGTTGTCA-1,1124,B,B naive
PBMC10k_AGTACCACATGACGAG-1,1125,CD4 T,CD4 Naive
PBMC10k_AGTACCAGTGAACCGA-1,1127,Mono,CD14 Mono
PBMC10k_AGTACTGAGTGTGTTC-1,1129,CD4 T,CD4 Naive
PBMC10k_AGTACTGCAACGATTC-1,1130,CD4 T,CD4 TEM
PBMC10k_AGTACTGCATTCTCTA-1,1132,CD4 T,CD4 CTL
PBMC10k_AGTACTGGTCACCGAC-1,1133,Mono,CD14 Mono
PBMC10k_AGTAGCTAGACTTAAG-1,1134,NK,NK
PBMC10k_AGTAGCTAGCTACGTT-1,1136,NK,NK Proliferating
PBMC10k_AGTAGCTCATCGCTCT-1,1137,other T,MAIT
PBMC10k_AGTAGCTTCCTAAACG-1,1141,other T,gdT
PBMC10k_AGTAGCTTCCTCTGCA-1,1142,B,B intermediate
PBMC10k_AGTAGCTTCGTCTACC-1,1143,B,B naive
PBMC10k_AGTAGTCAGCTGTACT-1,1144,CD8 T,CD8 Naive
PBMC10k_AGTAGTCAGGTAAGAG-1,1146,Mono,CD14 Mono
PBMC10k_AGTAGTCAGTCGGCAA-1,1147,B,B naive
PBMC10k_AGTAGTCGTCCATCTC-1,1148,Mono,CD14 Mono
PBMC10k_AGTAGTCGTCTATGAC-1,1149,NK,NK
PBMC10k_AGTAGTCGTCTTGAAC-1,1150,CD4 T,CD4 Naive
PBMC10k_AGTAGTCGTTCCATTT-1,1151,CD8 T,CD8 TEM
PBMC10k_AGTCAACAGCTAGAGC-1,1152,CD4 T,Treg
PBMC10k_AGTCAACAGGTTAGTA-1,1153,CD4 T,CD4 Naive
PBMC10k_AGTCAACAGTCTGCAT-1,1154,CD4 T,CD4 TCM
PBMC10k_AGTCAACAGTGGTTGG-1,1155,CD4 T,CD4 Naive
PBMC10k_AGTCAACGTTTCTTAC-1,1159,CD8 T,CD8 TEM
PBMC10k_AGTCAACTCATGCATG-1,1160,Mono,CD14 Mono
PBMC10k_AGTCACACAGCACGAA-1,1163,Mono,CD14 Mono
PBMC10k_AGTCATGAGCGCCTAC-1,1165,NK,NK
PBMC10k_AGTCATGAGCTACTAC-1,1166,other T,MAIT
PBMC10k_AGTCATGAGTATGTAG-1,1167,DC,pDC
PBMC10k_AGTCATGTCAAACCTG-1,1169,Mono,CD14 Mono
PBMC10k_AGTCTCCCAAGAGGTC-1,1170,CD4 T,CD4 Naive
PBMC10k_AGTCTCCCATCCGTTC-1,1171,Mono,CD14 Mono
PBMC10k_AGTCTCCGTTAAGCAA-1,1172,B,B naive
PBMC10k_AGTGACTAGCTACTAC-1,1176,Mono,CD14 Mono
PBMC10k_AGTGACTCAGGGTTGA-1,1178,CD4 T,CD4 TEM
PBMC10k_AGTGACTCATAGCACT-1,1179,Mono,CD14 Mono
PBMC10k_AGTGACTTCATCCCGT-1,1181,CD4 T,CD4 Naive
PBMC10k_AGTGATCCACACACGC-1,1183,B,B intermediate
PBMC10k_AGTGATCCAGCGTACC-1,1184,NK,NK
PBMC10k_AGTGATCGTGCAGGAT-1,1185,CD4 T,CD4 TEM
PBMC10k_AGTGATCGTTTGTGGT-1,1186,CD4 T,CD4 Naive
PBMC10k_AGTGATCTCCTATTTG-1,1187,CD4 T,CD4 TCM
PBMC10k_AGTGCCGAGCGCCCAT-1,1188,B,B intermediate
PBMC10k_AGTGCCGAGTGATGGC-1,1189,Mono,CD14 Mono
PBMC10k_AGTGCCGTCAGTGTGT-1,1191,other T,MAIT
PBMC10k_AGTGTTGAGTCTAGCT-1,1193,CD4 T,CD4 Naive
PBMC10k_AGTGTTGGTTGGGTTT-1,1195,CD4 T,CD4 Naive
PBMC10k_AGTGTTGTCATCACTT-1,1196,CD4 T,Treg
PBMC10k_AGTTAGCCAGACCCGT-1,1201,CD4 T,CD4 TCM
PBMC10k_AGTTAGCGTCGTATTG-1,1203,Mono,CD14 Mono
PBMC10k_AGTTAGCGTGACACAG-1,1204,CD4 T,CD4 TCM
PBMC10k_AGTTAGCTCCATCTGC-1,1205,NK,NK
PBMC10k_AGTTAGCTCCGTAGGC-1,1206,Mono,CD14 Mono
PBMC10k_AGTTCCCAGGGCAGTT-1,1208,CD4 T,CD4 TCM
PBMC10k_AGTTCCCCAACCTAAC-1,1212,CD8 T,CD8 TEM
PBMC10k_AGTTCCCCACGTGTGC-1,1213,other T,dnT
PBMC10k_AGTTCCCCATCTGGGC-1,1214,NK,NK_CD56bright
PBMC10k_AGTTCCCGTAGCTGTT-1,1215,Mono,CD14 Mono
PBMC10k_AGTTCGAAGGGATCTG-1,1220,B,B memory
PBMC10k_AGTTCGAAGTCAGCGA-1,1221,Mono,CD16 Mono
PBMC10k_AGTTCGACAACACTAC-1,1222,CD4 T,CD4 TCM
PBMC10k_AGTTCGACATGCGTGC-1,1224,NK,NK
PBMC10k_AGTTCGAGTGGAACCA-1,1225,CD4 T,CD4 Naive
PBMC10k_AGTTCGAGTTACGCCG-1,1226,other T,MAIT
PBMC10k_AGTTCGAGTTAGAGAT-1,1227,NK,NK
PBMC10k_ATACCGAAGACTGGGT-1,1230,NK,NK
PBMC10k_ATACCGAAGGATAATC-1,1231,NK,NK
PBMC10k_ATACCGATCCCACAGG-1,1235,Mono,CD14 Mono
PBMC10k_ATACCTTAGGATGGCT-1,1236,Mono,CD14 Mono
PBMC10k_ATACCTTCACGGTAGA-1,1238,CD4 T,Treg
PBMC10k_ATACCTTCATAGATCC-1,1239,CD8 T,CD8 Naive
PBMC10k_ATACCTTGTCCAAGAG-1,1242,CD4 T,CD4 TCM
PBMC10k_ATACCTTGTTCAATCG-1,1243,B,B memory
PBMC10k_ATACCTTTCTTAGCAG-1,1244,Mono,CD14 Mono
PBMC10k_ATACTTCCATACATCG-1,1246,NK,NK_CD56bright
PBMC10k_ATACTTCGTAAGGCTG-1,1247,other T,MAIT
PBMC10k_ATACTTCGTAGACGGT-1,1248,CD4 T,CD4 Naive
PBMC10k_ATACTTCTCATTGCTT-1,1250,DC,cDC2
PBMC10k_ATACTTCTCCATCAGA-1,1251,CD4 T,CD4 TCM
PBMC10k_ATAGACCAGAGTAACT-1,1253,B,B intermediate
PBMC10k_ATAGACCGTTAGAGTA-1,1255,CD8 T,CD8 Naive
PBMC10k_ATAGACCTCCAAAGGG-1,1256,B,B naive
PBMC10k_ATAGAGAAGACGTCCC-1,1258,other T,MAIT
PBMC10k_ATAGAGAAGATGGTAT-1,1259,CD4 T,CD4 Naive
PBMC10k_ATAGAGAAGCAGCACA-1,1260,CD4 T,CD4 TCM
PBMC10k_ATAGAGAAGTAAGCAT-1,1261,CD8 T,CD8 Naive
PBMC10k_ATAGAGATCGGTGTTA-1,1263,NK,NK
PBMC10k_ATAGAGATCGTAACTG-1,1264,CD4 T,CD4 TCM
PBMC10k_ATAGGCTAGAGGTGCT-1,1266,B,B naive
PBMC10k_ATAGGCTCAAGTTTGC-1,1268,NK,NK
PBMC10k_ATAGGCTGTCGAGCAA-1,1269,Mono,CD14 Mono
PBMC10k_ATAGGCTGTCGGTGTC-1,1270,CD4 T,CD4 TCM
PBMC10k_ATAGGCTGTGCCAAGA-1,1271,CD4 T,CD4 TCM
PBMC10k_ATATCCTAGCGTACAG-1,1274,CD4 T,CD4 TEM
PBMC10k_ATATCCTAGTCATGCT-1,1276,other T,MAIT
PBMC10k_ATATCCTAGTGACCTT-1,1277,other T,MAIT
PBMC10k_ATATCCTCAGCGTAGA-1,1279,DC,cDC2
PBMC10k_ATATCCTGTCCACTTC-1,1280,other T,MAIT
PBMC10k_ATATCCTGTCTAGTGT-1,1281,CD4 T,CD4 TCM
PBMC10k_ATCACAGAGGTCATTC-1,1284,CD4 T,CD4 TCM
PBMC10k_ATCACAGCACCATAAC-1,1285,other T,MAIT
PBMC10k_ATCACAGCATACATCG-1,1286,CD4 T,CD4 Naive
PBMC10k_ATCACAGGTATCTCGA-1,1287,other T,dnT
PBMC10k_ATCACAGTCTTTACAC-1,1288,Mono,CD14 Mono
PBMC10k_ATCACGAAGCCGGATA-1,1289,Mono,CD14 Mono
PBMC10k_ATCACGAGTGTGTCCG-1,1290,CD4 T,CD4 TEM
PBMC10k_ATCACGATCACTACTT-1,1292,Mono,CD14 Mono
PBMC10k_ATCACGATCGTTAGAC-1,1293,other,Eryth
PBMC10k_ATCACTTCAGTGTGGA-1,1297,CD8 T,CD8 TEM
PBMC10k_ATCACTTGTAGAATGT-1,1298,Mono,CD14 Mono
PBMC10k_ATCACTTGTTCTCTAT-1,1299,CD4 T,CD4 TCM
PBMC10k_ATCACTTTCTCCTGCA-1,1301,CD8 T,CD8 Naive
PBMC10k_ATCAGGTCAAGCACCC-1,1302,Mono,CD14 Mono
PBMC10k_ATCAGGTCACTCAAGT-1,1303,Mono,CD14 Mono
PBMC10k_ATCAGGTCATTGGGAG-1,1304,CD4 T,CD4 TEM
PBMC10k_ATCATTCAGCCTGGAA-1,1308,CD4 T,Treg
PBMC10k_ATCATTCGTCGCACGT-1,1310,NK,NK
PBMC10k_ATCATTCGTGGCACTC-1,1312,other T,dnT
PBMC10k_ATCATTCTCTGGGATT-1,1313,other,HSPC
PBMC10k_ATCATTCTCTGTTCAT-1,1314,DC,pDC
PBMC10k_ATCCACCAGAGATTCA-1,1315,CD4 T,CD4 Naive
PBMC10k_ATCCACCAGGAATGTT-1,1318,CD8 T,CD8 TEM
PBMC10k_ATCCACCCATCATCTT-1,1322,CD8 T,CD8 TEM
PBMC10k_ATCCATTAGTATGACA-1,1323,CD4 T,CD4 TEM
PBMC10k_ATCCATTCACCACTGG-1,1324,Mono,CD14 Mono
PBMC10k_ATCCATTTCCGTAGTA-1,1327,CD4 T,CD4 TCM
PBMC10k_ATCCCTGGTTTGGGAG-1,1329,Mono,CD14 Mono
PBMC10k_ATCCGTCAGATACCAA-1,1331,CD4 T,CD4 Naive
PBMC10k_ATCCGTCAGCCTTTGA-1,1332,NK,NK
PBMC10k_ATCCGTCAGTGCCAGA-1,1333,other T,MAIT
PBMC10k_ATCCGTCCAAAGGCGT-1,1334,CD8 T,CD8 TEM
PBMC10k_ATCCGTCCAAGTGATA-1,1335,CD8 T,CD8 TEM
PBMC10k_ATCCGTCGTTAGCTAC-1,1338,B,B naive
PBMC10k_ATCCTATAGATCCGAG-1,1341,CD4 T,CD4 TCM
PBMC10k_ATCCTATCATGCGTGC-1,1343,CD4 T,CD4 Naive
PBMC10k_ATCCTATGTGTCCGGT-1,1345,B,B naive
PBMC10k_ATCCTATTCATCACCC-1,1346,CD8 T,CD8 TCM
PBMC10k_ATCGATGAGGCATCAG-1,1347,other T,gdT
PBMC10k_ATCGATGGTAGCGATG-1,1350,Mono,CD14 Mono
PBMC10k_ATCGATGGTCATAAAG-1,1351,other T,MAIT
PBMC10k_ATCGATGTCTCGTGAA-1,1352,other T,gdT
PBMC10k_ATCGATGTCTGGGCAC-1,1353,CD4 T,CD4 Naive
PBMC10k_ATCGCCTAGGTAAAGG-1,1355,CD4 T,Treg
PBMC10k_ATCGCCTCACGTAACT-1,1356,CD4 T,CD4 Naive
PBMC10k_ATCGCCTCATGCGGTC-1,1357,B,B memory
PBMC10k_ATCGCCTGTGGGACAT-1,1359,B,Plasmablast
PBMC10k_ATCGCCTTCAAAGAAC-1,1360,CD4 T,CD4 TCM
PBMC10k_ATCGCCTTCGACTCCT-1,1361,CD4 T,CD4 TCM
PBMC10k_ATCGGATAGTAACCGG-1,1363,CD4 T,CD4 CTL
PBMC10k_ATCGGATCAAGGAGTC-1,1365,other,ILC
PBMC10k_ATCGGATCACGTTCGG-1,1366,Mono,CD14 Mono
PBMC10k_ATCGGATTCGCGTTTC-1,1367,NK,NK
PBMC10k_ATCGGATTCTTACGGA-1,1368,CD8 T,CD8 Naive
PBMC10k_ATCGGCGAGACCCTTA-1,1369,CD4 T,CD4 TCM
PBMC10k_ATCGGCGTCTCATTAC-1,1373,CD4 T,CD4 Naive
PBMC10k_ATCGTAGGTCTACTGA-1,1376,CD4 T,CD4 Naive
PBMC10k_ATCGTAGTCCGGCTTT-1,1377,CD4 T,CD4 Naive
PBMC10k_ATCGTCCAGGAACTCG-1,1378,B,B intermediate
PBMC10k_ATCGTCCCACACAGAG-1,1380,Mono,CD14 Mono
PBMC10k_ATCGTCCCAGGGACTA-1,1381,B,B intermediate
PBMC10k_ATCGTCCCATCTGTTT-1,1382,CD4 T,CD4 TCM
PBMC10k_ATCGTCCGTATCAAGA-1,1383,CD4 T,CD4 Naive
PBMC10k_ATCGTCCGTCAAAGTA-1,1384,CD4 T,CD4 Naive
PBMC10k_ATCGTCCGTTAGAGTA-1,1385,Mono,CD14 Mono
PBMC10k_ATCGTCCTCGATACGT-1,1387,Mono,CD14 Mono
PBMC10k_ATCGTGAAGGACTTCT-1,1388,CD4 T,CD4 Naive
PBMC10k_ATCGTGAAGGATACCG-1,1389,B,B memory
PBMC10k_ATCGTGACACTATGTG-1,1390,other T,MAIT
PBMC10k_ATCGTGAGTTCAAACC-1,1394,CD4 T,CD4 TCM
PBMC10k_ATCTCTAAGAGATCGC-1,1396,B,B memory
PBMC10k_ATCTCTAAGATCCCAT-1,1397,Mono,CD14 Mono
PBMC10k_ATCTCTAAGATGGGCT-1,1398,CD4 T,CD4 TCM
PBMC10k_ATCTCTAAGCGATTCT-1,1399,Mono,CD14 Mono
PBMC10k_ATCTCTACAGCGGATA-1,1403,CD4 T,CD4 TCM
PBMC10k_ATCTTCAAGTCGTTAC-1,1409,CD4 T,CD4 Naive
PBMC10k_ATCTTCAAGTCTTCCC-1,1410,CD8 T,CD8 TEM
PBMC10k_ATCTTCACAGGTGACA-1,1411,Mono,CD14 Mono
PBMC10k_ATCTTCATCCCATTTA-1,1414,B,B naive
PBMC10k_ATGAAAGAGATAACGT-1,1417,other T,dnT
PBMC10k_ATGAAAGAGGCTGAAC-1,1419,other T,MAIT
PBMC10k_ATGAAAGCAGTCTGGC-1,1420,CD4 T,CD4 TCM
PBMC10k_ATGAAAGCAGTGTACT-1,1421,CD4 T,CD4 TEM
PBMC10k_ATGAAAGGTAAGGCTG-1,1422,CD8 T,CD8 TCM
PBMC10k_ATGAAAGGTCATAGTC-1,1423,other,Eryth
PBMC10k_ATGAAAGGTGAGTGAC-1,1425,other T,MAIT
PBMC10k_ATGACCAAGACGGATC-1,1426,CD4 T,CD4 TCM
PBMC10k_ATGACCAAGCCAAGCA-1,1427,CD4 T,CD4 TCM
PBMC10k_ATGACCAAGTTACGAA-1,1429,B,B naive
PBMC10k_ATGACCACAGATACTC-1,1430,other T,gdT
PBMC10k_ATGACCACAGGTATGG-1,1431,other T,dnT
PBMC10k_ATGACCAGTCTCTCAC-1,1432,Mono,CD14 Mono
PBMC10k_ATGACCATCGGTAGAG-1,1433,NK,NK
PBMC10k_ATGAGGGAGACGATAT-1,1435,NK,NK
PBMC10k_ATGAGGGAGTCTACCA-1,1437,B,B naive
PBMC10k_ATGAGGGCATACAGCT-1,1438,Mono,CD14 Mono
PBMC10k_ATGAGTCAGAGGCGGA-1,1440,CD4 T,CD4 TCM
PBMC10k_ATGAGTCAGATCACTC-1,1441,B,B naive
PBMC10k_ATGAGTCCAACGGGTA-1,1443,Mono,CD14 Mono
PBMC10k_ATGAGTCCATCCCACT-1,1445,CD8 T,CD8 TEM
PBMC10k_ATGAGTCGTGACAGGT-1,1446,CD4 T,CD4 TCM
PBMC10k_ATGAGTCGTTCACCGG-1,1447,CD4 T,Treg
PBMC10k_ATGATCGTCCATTTCA-1,1457,Mono,CD14 Mono
PBMC10k_ATGCATGAGACGCCAA-1,1459,CD4 T,CD4 Naive
PBMC10k_ATGCATGAGCATTTCG-1,1460,DC,cDC2
PBMC10k_ATGCATGGTAAGTTGA-1,1463,CD4 T,CD4 Naive
PBMC10k_ATGCATGGTACGACTT-1,1464,Mono,CD14 Mono
PBMC10k_ATGCATGGTCGACTGC-1,1466,Mono,CD14 Mono
PBMC10k_ATGCATGGTCGCGTTG-1,1467,CD4 T,CD4 TEM
PBMC10k_ATGCATGGTGATTCAC-1,1469,DC,cDC2
PBMC10k_ATGCATGTCCATTTAC-1,1472,CD4 T,Treg
PBMC10k_ATGCATGTCGGAAGGT-1,1473,CD4 T,CD4 TCM
PBMC10k_ATGCCTCAGGCACGAT-1,1476,B,B naive
PBMC10k_ATGCCTCAGTAAACGT-1,1477,CD4 T,CD4 TEM
PBMC10k_ATGCCTCCATGAGGGT-1,1479,CD4 T,CD4 Naive
PBMC10k_ATGCCTCTCGTAGTGT-1,1482,other T,MAIT
PBMC10k_ATGCGATCAAGATGTA-1,1485,CD8 T,CD8 Naive
PBMC10k_ATGCGATCAGAGAGGG-1,1486,other,ILC
PBMC10k_ATGCGATGTCAACCTA-1,1488,NK,NK
PBMC10k_ATGCGATGTGGTTTGT-1,1490,CD4 T,CD4 TCM
PBMC10k_ATGGAGGAGACAAGCC-1,1491,other,ILC
PBMC10k_ATGGAGGCATTCATCT-1,1494,CD4 T,CD4 Naive
PBMC10k_ATGGAGGGTTAAGTCC-1,1495,other,Eryth
PBMC10k_ATGGAGGTCAAGAAAC-1,1496,CD4 T,CD4 TCM
PBMC10k_ATGGAGGTCCGTTTCG-1,1497,CD4 T,Treg
PBMC10k_ATGGATCAGATTCGAA-1,1498,CD4 T,CD4 TCM
PBMC10k_ATGGATCCACTATGTG-1,1501,CD4 T,CD4 Naive
PBMC10k_ATGGATCGTCCGGCAT-1,1504,CD8 T,CD8 TCM
PBMC10k_ATGGGAGCAACATACC-1,1506,other,Eryth
PBMC10k_ATGGGAGCAACGATTC-1,1507,NK,NK
PBMC10k_ATGGGAGCAATCAAGA-1,1508,CD8 T,CD8 Naive
PBMC10k_ATGGGAGCATGGCACC-1,1510,CD4 T,CD4 TCM
PBMC10k_ATGGGAGTCGTGGCGT-1,1512,CD4 T,CD4 TEM
PBMC10k_ATGGGAGTCTGACCCT-1,1514,DC,cDC2
PBMC10k_ATGGGTTAGAGTGACC-1,1516,CD4 T,CD4 Naive
PBMC10k_ATGGGTTAGCGAACTG-1,1517,NK,NK_CD56bright
PBMC10k_ATGGGTTAGTACGTCT-1,1518,Mono,CD14 Mono
PBMC10k_ATGGGTTGTATCGCAT-1,1519,CD8 T,CD8 Naive
PBMC10k_ATGGTTGAGGACTATA-1,1521,Mono,CD14 Mono
PBMC10k_ATGGTTGTCTCTATAC-1,1523,other T,MAIT
PBMC10k_ATGTCCCAGTAGGGTC-1,1524,CD4 T,CD4 Naive
PBMC10k_ATGTCCCCACCGGCTA-1,1526,Mono,CD14 Mono
PBMC10k_ATGTCCCCAGGCGATA-1,1527,NK,NK
PBMC10k_ATGTCTTGTAGTGCGA-1,1536,B,B memory
PBMC10k_ATTACCTAGAAGGATG-1,1540,DC,cDC2
PBMC10k_ATTACCTCAGAGCGTA-1,1546,CD4 T,CD4 Naive
PBMC10k_ATTACCTTCACATACG-1,1547,other T,gdT
PBMC10k_ATTACCTTCTTAGTTC-1,1549,B,B naive
PBMC10k_ATTACTCAGACCAGCA-1,1550,other T,MAIT
PBMC10k_ATTACTCCACTCCACT-1,1554,CD8 T,CD8 Naive
PBMC10k_ATTACTCCATGGAAGC-1,1556,CD4 T,CD4 TCM
PBMC10k_ATTACTCTCGGTCATA-1,1558,CD4 T,CD4 TCM
PBMC10k_ATTATCCCATCATGAC-1,1559,Mono,CD14 Mono
PBMC10k_ATTATCCGTCATCGCG-1,1560,CD4 T,CD4 TCM
PBMC10k_ATTATCCTCGAAGCAG-1,1561,CD4 T,CD4 TCM
PBMC10k_ATTATCCTCGGAGATG-1,1562,Mono,CD14 Mono
PBMC10k_ATTCACTAGCTAAATG-1,1563,CD4 T,CD4 Naive
PBMC10k_ATTCACTAGCTACTAC-1,1564,CD4 T,CD4 Naive
PBMC10k_ATTCACTGTCAGACGA-1,1567,CD4 T,CD4 Naive
PBMC10k_ATTCACTGTGCTGTCG-1,1568,other T,MAIT
PBMC10k_ATTCACTGTTCCTTGC-1,1569,Mono,CD14 Mono
PBMC10k_ATTCACTTCACTGAAC-1,1570,other,Eryth
PBMC10k_ATTCACTTCCTGTACC-1,1571,NK,NK
PBMC10k_ATTCAGGAGACAGTCG-1,1572,CD4 T,CD4 TCM
PBMC10k_ATTCAGGCAAACACCT-1,1573,Mono,CD14 Mono
PBMC10k_ATTCAGGGTAATGCTC-1,1574,Mono,CD14 Mono
PBMC10k_ATTCAGGGTATTGACC-1,1575,NK,NK
PBMC10k_ATTCATCCACTAGGCC-1,1577,Mono,CD14 Mono
PBMC10k_ATTCATCCAGGTGTGA-1,1579,Mono,CD14 Mono
PBMC10k_ATTCATCGTGAGTAAT-1,1580,Mono,CD14 Mono
PBMC10k_ATTCATCTCGGCCCAA-1,1581,Mono,CD14 Mono
PBMC10k_ATTCCATAGTAGGATT-1,1584,Mono,CD14 Mono
PBMC10k_ATTCCATGTTAGTCGT-1,1586,CD8 T,CD8 TEM
PBMC10k_ATTCCATTCTTCTGTA-1,1589,NK,NK
PBMC10k_ATTCCCGAGTTCACTG-1,1592,CD4 T,CD4 Naive
PBMC10k_ATTCCCGCACAATGTC-1,1594,CD4 T,CD4 TCM
PBMC10k_ATTCCCGCAGCATACT-1,1595,NK,NK
PBMC10k_ATTCCCGCATGGGAAC-1,1596,CD4 T,CD4 TCM
PBMC10k_ATTCGTTAGCCACCGT-1,1606,CD4 T,CD4 Naive
PBMC10k_ATTCGTTCAAGCGAAC-1,1607,Mono,CD14 Mono
PBMC10k_ATTCGTTCAGTCGGTC-1,1608,CD8 T,CD8 TEM
PBMC10k_ATTCGTTCATCGGCCA-1,1609,Mono,CD14 Mono
PBMC10k_ATTCGTTGTACAGTAA-1,1610,CD4 T,CD4 TEM
PBMC10k_ATTCGTTGTTAAGAAC-1,1611,Mono,CD14 Mono
PBMC10k_ATTCTACGTCTGCGCA-1,1614,Mono,CD14 Mono
PBMC10k_ATTCTACTCGAATCCA-1,1617,Mono,CD14 Mono
PBMC10k_ATTCTACTCTGAGCAT-1,1619,Mono,CD14 Mono
PBMC10k_ATTCTTGAGCCTGAGA-1,1620,CD4 T,CD4 Naive
PBMC10k_ATTCTTGGTAACCCGC-1,1621,CD4 T,CD4 Naive
PBMC10k_ATTCTTGGTGCTTCAA-1,1622,NK,NK
PBMC10k_ATTCTTGGTGGCCTCA-1,1623,CD8 T,CD8 TCM
PBMC10k_ATTGGGTAGCACGGAT-1,1625,Mono,CD14 Mono
PBMC10k_ATTGGGTCATATGGCT-1,1627,DC,pDC
PBMC10k_ATTGGGTGTAGGCAAC-1,1628,CD8 T,CD8 Naive
PBMC10k_ATTGGGTTCATTCATC-1,1630,CD4 T,CD4 Naive
PBMC10k_ATTGTTCAGACCCGCT-1,1633,CD4 T,CD4 TCM
PBMC10k_ATTGTTCAGTGGTCAG-1,1634,NK,NK
PBMC10k_ATTGTTCGTACAAGTA-1,1635,Mono,CD14 Mono
PBMC10k_ATTGTTCGTAGGTGCA-1,1636,CD4 T,CD4 TCM
PBMC10k_ATTGTTCGTAGTCGTT-1,1637,CD8 T,CD8 TEM
PBMC10k_ATTGTTCTCCCACAGG-1,1639,Mono,CD14 Mono
PBMC10k_ATTTACCAGGCCTGAA-1,1642,CD4 T,Treg
PBMC10k_ATTTACCCAACTGATC-1,1643,Mono,CD16 Mono
PBMC10k_ATTTACCCAAGGCCTC-1,1644,Mono,CD14 Mono
PBMC10k_ATTTACCCAGCGGTCT-1,1645,CD4 T,CD4 Naive
PBMC10k_ATTTACCGTTTAGACC-1,1649,CD8 T,CD8 TEM
PBMC10k_ATTTCACGTTCACGAT-1,1655,CD8 T,CD8 TEM
PBMC10k_ATTTCACTCGATGCAT-1,1656,CD4 T,CD4 TCM
PBMC10k_ATTTCACTCTTAATCC-1,1657,CD8 T,CD8 TEM
PBMC10k_ATTTCTGCAACCAGAG-1,1660,CD4 T,CD4 TEM
PBMC10k_ATTTCTGGTGTCTCCT-1,1662,other,ILC
PBMC10k_ATTTCTGTCCATCTAT-1,1664,CD4 T,CD4 Naive
PBMC10k_ATTTCTGTCTCCTACG-1,1666,other,ILC
PBMC10k_CAAAGAAAGTCGCTAT-1,1669,CD4 T,CD4 Naive
PBMC10k_CAACAACCATCCAACA-1,1670,NK,NK
PBMC10k_CAACAACGTACCGCGT-1,1671,CD4 T,CD4 TEM
PBMC10k_CAACAACGTGGGTTGA-1,1672,CD4 T,CD4 TCM
PBMC10k_CAACAACGTTCATCGA-1,1673,Mono,CD14 Mono
PBMC10k_CAACAGTAGGTCATAA-1,1675,NK,NK
PBMC10k_CAACAGTAGTGTACCT-1,1677,other T,MAIT
PBMC10k_CAACAGTCAACATACC-1,1678,CD4 T,CD4 Naive
PBMC10k_CAACAGTCACATGACT-1,1679,CD8 T,CD8 Naive
PBMC10k_CAACAGTTCGTTACCC-1,1682,Mono,CD14 Mono
PBMC10k_CAACCAACACCTAAAC-1,1683,Mono,CD14 Mono
PBMC10k_CAACCAAGTTAGGCTT-1,1684,NK,NK
PBMC10k_CAACCAAGTTTGGGTT-1,1685,CD4 T,CD4 Naive
PBMC10k_CAACCAATCATCTCTA-1,1686,CD4 T,Treg
PBMC10k_CAACCAATCTTGGAAC-1,1689,Mono,CD14 Mono
PBMC10k_CAACCTCAGGCACTAG-1,1691,B,B naive
PBMC10k_CAACCTCAGTCGGGAT-1,1692,CD4 T,CD4 Naive
PBMC10k_CAACCTCCATATCTGG-1,1694,CD4 T,CD4 TCM
PBMC10k_CAACCTCGTAATGTGA-1,1695,other T,dnT
PBMC10k_CAACGATAGAACTTCC-1,1696,other,Eryth
PBMC10k_CAACGATAGCCAGAGT-1,1697,CD8 T,CD8 TCM
PBMC10k_CAACGATCATACCACA-1,1699,other T,gdT
PBMC10k_CAACGGCAGCATGCGA-1,1700,CD8 T,CD8 Naive
PBMC10k_CAACGGCAGGACAACC-1,1701,other T,MAIT
PBMC10k_CAACGGCCACGACGTC-1,1702,CD8 T,CD8 TEM
PBMC10k_CAACGGCTCGTCGGGT-1,1704,other,ILC
PBMC10k_CAACGGCTCTCGCCTA-1,1705,NK,NK
PBMC10k_CAAGACTCAAGTGGAC-1,1708,CD8 T,CD8 TEM
PBMC10k_CAAGAGGAGTGTGTTC-1,1711,other T,MAIT
PBMC10k_CAAGAGGCAAGTGGCA-1,1712,other,ILC
PBMC10k_CAAGAGGCAGTCGGTC-1,1713,CD8 T,CD8 TEM
PBMC10k_CAAGAGGGTCTGTGCG-1,1714,CD8 T,CD8 TCM
PBMC10k_CAAGAGGGTGGCTTAT-1,1715,Mono,CD14 Mono
PBMC10k_CAAGAGGTCAGGCGAA-1,1717,CD4 T,CD4 Proliferating
PBMC10k_CAAGAGGTCATTACGG-1,1718,CD4 T,CD4 TCM
PBMC10k_CAAGCTAAGGCATTTC-1,1719,CD4 T,CD4 Naive
PBMC10k_CAAGCTACAGAGAATT-1,1721,CD8 T,CD8 TEM
PBMC10k_CAAGCTAGTCGAACGA-1,1722,B,B naive
PBMC10k_CAAGCTATCTTAGTTC-1,1723,CD8 T,CD8 TEM
PBMC10k_CAAGGGAGTGAGCCAA-1,1726,CD4 T,CD4 TEM
PBMC10k_CAAGGGATCCTCTTTC-1,1727,other T,MAIT
PBMC10k_CAATCGACACGGGTAA-1,1735,DC,cDC2
PBMC10k_CAATCGACATTGACAC-1,1736,CD4 T,CD4 TEM
PBMC10k_CAATCGATCCTTCAGC-1,1738,CD8 T,CD8 TCM
PBMC10k_CAATGACAGATTGTGA-1,1739,DC,cDC2
PBMC10k_CAATGACAGGTTACCT-1,1740,other T,dnT
PBMC10k_CAATGACGTGTGTGTT-1,1744,Mono,CD14 Mono
PBMC10k_CAATGACTCCAAGAGG-1,1746,CD4 T,CD4 TCM
PBMC10k_CAATTTCGTATCTCGA-1,1747,CD4 T,CD4 TCM
PBMC10k_CAATTTCGTGACGCCT-1,1749,CD4 T,CD4 TEM
PBMC10k_CAATTTCGTTTGAAAG-1,1750,other T,MAIT
PBMC10k_CAATTTCTCATTTGGG-1,1751,NK,NK
PBMC10k_CAATTTCTCCCTGTTG-1,1752,Mono,CD14 Mono
PBMC10k_CACAACACACGCTATA-1,1753,Mono,CD14 Mono
PBMC10k_CACAACACACTCGATA-1,1754,Mono,CD14 Mono
PBMC10k_CACAACACAGTTGAAA-1,1755,CD8 T,CD8 Naive
PBMC10k_CACAACAGTATTGCCA-1,1756,B,B intermediate
PBMC10k_CACAACATCGTAGCTA-1,1759,Mono,CD14 Mono
PBMC10k_CACACAAAGTCTCTGA-1,1760,other,Eryth
PBMC10k_CACACAAGTGGTCAAG-1,1761,Mono,CD16 Mono
PBMC10k_CACACAAGTTAAACAG-1,1762,B,B memory
PBMC10k_CACACAATCTCTCTAA-1,1764,CD4 T,Treg
PBMC10k_CACAGATAGAAGCCAC-1,1765,Mono,CD14 Mono
PBMC10k_CACAGATGTTCAGCTA-1,1770,CD4 T,CD4 TCM
PBMC10k_CACAGGCAGAGTAACT-1,1771,CD4 T,CD4 TCM
PBMC10k_CACAGGCCAGTTTGGT-1,1773,CD4 T,CD4 Naive
PBMC10k_CACATGAGTATGAAGT-1,1779,Mono,CD14 Mono
PBMC10k_CACATGAGTTACGTAC-1,1780,NK,NK
PBMC10k_CACATGAGTTTCGATG-1,1781,CD4 T,CD4 TCM
PBMC10k_CACCAAAAGACGGTCA-1,1782,CD8 T,CD8 Naive
PBMC10k_CACCAAAAGAGGTTAT-1,1783,Mono,CD14 Mono
PBMC10k_CACCAAAAGCCATATC-1,1784,other T,MAIT
PBMC10k_CACCAAAGTTATAGCC-1,1785,CD4 T,CD4 TCM
PBMC10k_CACCAAATCTAAGAAG-1,1786,CD4 T,CD4 Naive
PBMC10k_CACCGTTAGGACAGCT-1,1787,CD4 T,CD4 TEM
PBMC10k_CACCGTTCACATTGTG-1,1788,Mono,CD14 Mono
PBMC10k_CACCGTTGTGTAGTGG-1,1790,CD8 T,CD8 Naive
PBMC10k_CACCGTTTCGGCATTA-1,1791,CD8 T,CD8 TEM
PBMC10k_CACGAATCATGTTCGA-1,1796,CD4 T,CD4 TCM
PBMC10k_CACGAATCATTGCAAC-1,1797,CD8 T,CD8 TEM
PBMC10k_CACGAATGTATGTCTG-1,1799,DC,cDC2
PBMC10k_CACGAATGTCGCAGTC-1,1800,CD8 T,CD8 TCM
PBMC10k_CACGAATGTGCCTGCA-1,1801,other T,MAIT
PBMC10k_CACGAATTCAGTCTTT-1,1802,Mono,CD14 Mono
PBMC10k_CACGAATTCCAGTGTA-1,1803,B,B naive
PBMC10k_CACGGGTAGCAGCAGT-1,1806,CD8 T,CD8 Naive
PBMC10k_CACGGGTCAAACCATC-1,1807,CD8 T,CD8 Naive
PBMC10k_CACGTGGGTTAAACCC-1,1814,Mono,CD14 Mono
PBMC10k_CACGTGGGTTCGCGTG-1,1815,CD4 T,CD4 TCM
PBMC10k_CACGTGGGTTGCTCAA-1,1816,Mono,CD14 Mono
PBMC10k_CACGTGGTCCATAGAC-1,1817,Mono,CD14 Mono
PBMC10k_CACGTGGTCTAAGCGT-1,1818,CD4 T,CD4 TCM
PBMC10k_CACGTTCAGTGATAAC-1,1819,Mono,CD14 Mono
PBMC10k_CACGTTCCATATACCG-1,1821,Mono,CD16 Mono
PBMC10k_CACGTTCTCGACGTCG-1,1822,CD8 T,CD8 TEM
PBMC10k_CACGTTCTCTGCAGCG-1,1823,B,B memory
PBMC10k_CACTAAGCACCAAATC-1,1825,CD8 T,CD8 Naive
PBMC10k_CACTAAGCACCCGTAG-1,1826,CD4 T,CD4 TEM
PBMC10k_CACTGAAAGGAGTCTG-1,1828,NK,NK
PBMC10k_CACTGAAAGGTTGGAC-1,1829,NK,NK
PBMC10k_CACTGAAAGTGCGCTC-1,1830,CD4 T,CD4 TCM
PBMC10k_CACTGGGCAGCCTACG-1,1832,Mono,CD14 Mono
PBMC10k_CACTGGGGTTGCGGAA-1,1833,Mono,CD14 Mono
PBMC10k_CACTGTCCAAACTAGA-1,1837,CD4 T,CD4 Naive
PBMC10k_CACTGTCCAATGAGCG-1,1838,CD4 T,CD4 Naive
PBMC10k_CACTGTCCAGCGTATT-1,1840,Mono,CD14 Mono
PBMC10k_CACTGTCGTGCGTCGT-1,1842,Mono,CD14 Mono
PBMC10k_CACTTCGAGGCACAAC-1,1845,other T,MAIT
PBMC10k_CACTTCGCAGGTCCGT-1,1848,Mono,CD14 Mono
PBMC10k_CACTTCGTCAAGCCTA-1,1852,NK,NK
PBMC10k_CACTTCGTCAGTCAGT-1,1853,CD8 T,CD8 TEM
PBMC10k_CAGATACAGGTCCGAA-1,1857,CD4 T,CD4 TCM
PBMC10k_CAGATCAAGTGGCGAT-1,1862,Mono,CD14 Mono
PBMC10k_CAGATCACATTGTAGC-1,1864,NK,NK Proliferating
PBMC10k_CAGATCATCAAGTCGT-1,1866,NK,NK
PBMC10k_CAGATCATCGATTGAC-1,1867,CD4 T,CD4 TEM
PBMC10k_CAGATTGCACTAGTAC-1,1869,Mono,CD14 Mono
PBMC10k_CAGATTGTCAACCTCC-1,1871,NK,NK
PBMC10k_CAGATTGTCAAGAGTA-1,1872,Mono,CD14 Mono
PBMC10k_CAGATTGTCCATACTT-1,1873,B,B naive
PBMC10k_CAGCAATCAAATAAGC-1,1877,Mono,CD14 Mono
PBMC10k_CAGCAATGTCGTGGAA-1,1878,Mono,CD14 Mono
PBMC10k_CAGCAATTCACACGAT-1,1880,Mono,CD14 Mono
PBMC10k_CAGCAATTCTGGTGGC-1,1881,NK,NK
PBMC10k_CAGCACGAGCTTTCCC-1,1882,other,Eryth
PBMC10k_CAGCACGCAGCGGTTC-1,1883,Mono,CD14 Mono
PBMC10k_CAGCACGTCGGTCATA-1,1884,B,B memory
PBMC10k_CAGCCAGAGCAGTCTT-1,1886,CD4 T,CD4 TCM
PBMC10k_CAGCCAGAGCGATTCT-1,1887,CD4 T,CD4 Naive
PBMC10k_CAGCCAGAGCGCCATC-1,1888,DC,cDC2
PBMC10k_CAGCCAGAGTGGATTA-1,1889,CD8 T,CD8 Naive
PBMC10k_CAGCCAGAGTTGAATG-1,1890,CD4 T,CD4 Naive
PBMC10k_CAGCCAGCAGCCCAGT-1,1891,CD4 T,CD4 TCM
PBMC10k_CAGCCAGCATCCTTCG-1,1892,B,B naive
PBMC10k_CAGCGTGAGTCACTCA-1,1895,CD4 T,CD4 Naive
PBMC10k_CAGCGTGCAATTGCCA-1,1897,DC,cDC2
PBMC10k_CAGCGTGCACTCCGGA-1,1898,Mono,CD14 Mono
PBMC10k_CAGCGTGGTCTGGTTA-1,1899,B,B naive
PBMC10k_CAGCGTGGTGTGCCTG-1,1900,other T,dnT
PBMC10k_CAGCGTGTCCATAAGC-1,1901,CD4 T,CD4 TEM
PBMC10k_CAGGCCAAGTAAATGC-1,1903,CD8 T,CD8 TEM
PBMC10k_CAGGCCACATACGCAT-1,1904,CD4 T,CD4 Naive
PBMC10k_CAGGCCAGTCCATAGT-1,1905,CD8 T,CD8 TEM
PBMC10k_CAGGCCAGTGATTAGA-1,1908,Mono,CD16 Mono
PBMC10k_CAGGCCATCCACGGGT-1,1909,CD4 T,CD4 Naive
PBMC10k_CAGGCCATCTGCGAGC-1,1910,CD4 T,CD4 TEM
PBMC10k_CAGGGCTCACGGTGCT-1,1913,other,Eryth
PBMC10k_CAGGGCTCAGTCGAGA-1,1914,NK,NK
PBMC10k_CAGGGCTCATCCTAAG-1,1915,CD4 T,CD4 TCM
PBMC10k_CAGGGCTGTTAGGCTT-1,1918,CD4 T,CD4 CTL
PBMC10k_CAGGTATAGTCACGCC-1,1920,CD4 T,Treg
PBMC10k_CAGGTATCACTTACAG-1,1922,CD8 T,CD8 Naive
PBMC10k_CAGGTATGTGCCTTCT-1,1924,Mono,CD14 Mono
PBMC10k_CAGGTATGTGGTCTCG-1,1925,Mono,CD14 Mono
PBMC10k_CAGGTATTCAACCTCC-1,1927,B,B naive
PBMC10k_CAGTGCGAGCTGGCCT-1,1929,Mono,CD14 Mono
PBMC10k_CAGTGCGAGTACCCTA-1,1930,Mono,CD14 Mono
PBMC10k_CAGTGCGAGTCCCAGC-1,1931,CD4 T,CD4 Naive
PBMC10k_CAGTGCGCAAGAGTAT-1,1932,Mono,CD14 Mono
PBMC10k_CAGTGCGCACAGACGA-1,1933,CD4 T,Treg
PBMC10k_CAGTTAGCACTATCGA-1,1936,other T,gdT
PBMC10k_CAGTTAGTCAGCTGAT-1,1937,NK,NK
PBMC10k_CAGTTAGTCATGAGTC-1,1938,CD4 T,CD4 Naive
PBMC10k_CAGTTCCGTCATGGCC-1,1941,Mono,CD16 Mono
PBMC10k_CAGTTCCGTGCCTGAC-1,1942,other T,MAIT
PBMC10k_CAGTTCCTCCTCACTG-1,1943,Mono,CD14 Mono
PBMC10k_CATAAGCCAAGTCCAT-1,1946,CD4 T,CD4 TCM
PBMC10k_CATAAGCGTCCCACGA-1,1948,CD4 T,CD4 Naive
PBMC10k_CATACAGAGATAACGT-1,1949,other,Eryth
PBMC10k_CATACAGCATGAGATA-1,1951,Mono,CD14 Mono
PBMC10k_CATACAGGTAACCCTA-1,1952,NK,NK
PBMC10k_CATACAGGTAGGATAT-1,1953,Mono,CD14 Mono
PBMC10k_CATACAGGTCGCGTTG-1,1954,CD4 T,Treg
PBMC10k_CATACAGTCGTGGTAT-1,1958,Mono,CD14 Mono
PBMC10k_CATACCCAGACCTCCG-1,1959,NK,NK
PBMC10k_CATACCCCAATGAACA-1,1960,other T,MAIT
PBMC10k_CATACCCTCGGCTTCT-1,1966,other T,gdT
PBMC10k_CATACTTCACATATGC-1,1967,CD4 T,CD4 Naive
PBMC10k_CATACTTCATCGCCTT-1,1968,Mono,CD16 Mono
PBMC10k_CATACTTTCAAGCCCG-1,1970,B,B naive
PBMC10k_CATACTTTCCTCAGGG-1,1971,CD8 T,CD8 Naive
PBMC10k_CATAGACCAGACGCTC-1,1974,CD8 T,CD8 TCM
PBMC10k_CATCAAGAGACGACTG-1,1978,NK,NK
PBMC10k_CATCAAGAGCGAGTCA-1,1979,CD4 T,CD4 Naive
PBMC10k_CATCAAGAGTAAACTG-1,1980,other T,MAIT
PBMC10k_CATCAAGCACAATGTC-1,1981,CD8 T,CD8 Naive
PBMC10k_CATCAAGGTGGCTAGA-1,1984,other T,MAIT
PBMC10k_CATCAAGTCACGTCCT-1,1985,CD8 T,CD8 Naive
PBMC10k_CATCAAGTCGCCTTTG-1,1987,B,B naive
PBMC10k_CATCCACCACAGTCGC-1,1989,B,B naive
PBMC10k_CATCCACCAGCTGAGA-1,1990,NK,NK
PBMC10k_CATCCACTCCTTCTTC-1,1993,DC,cDC2
PBMC10k_CATCCCAAGGGACTGT-1,1996,Mono,CD16 Mono
PBMC10k_CATCCCACACTCCGGA-1,1997,CD4 T,CD4 Naive
PBMC10k_CATCCCATCTGGGCGT-1,1999,Mono,CD14 Mono
PBMC10k_CATCCGTAGCACTCTA-1,2000,B,B naive
PBMC10k_CATCCGTAGGCTGAAC-1,2002,Mono,CD14 Mono
PBMC10k_CATCCGTAGTCATGAA-1,2003,CD8 T,CD8 TEM
PBMC10k_CATCCGTGTGAATATG-1,2005,CD4 T,CD4 TCM
PBMC10k_CATCCGTGTGTGTGGA-1,2006,CD8 T,CD8 TEM
PBMC10k_CATCCGTTCGTTTACT-1,2010,Mono,CD14 Mono
PBMC10k_CATCGCTAGGACAACC-1,2012,CD4 T,CD4 Naive
PBMC10k_CATCGCTCAATACGCT-1,2013,CD8 T,CD8 Naive
PBMC10k_CATCGCTCATCGGATT-1,2014,NK,NK
PBMC10k_CATCGCTGTGTTGCCG-1,2016,Mono,CD14 Mono
PBMC10k_CATCGCTTCTTGGATG-1,2018,Mono,CD14 Mono
PBMC10k_CATCGGGAGACCAGAC-1,2019,CD4 T,Treg
PBMC10k_CATCGGGAGTTGCCTA-1,2020,Mono,CD16 Mono
PBMC10k_CATCGGGTCTCTTGCG-1,2025,CD4 T,CD4 Naive
PBMC10k_CATCGGGTCTGGGATT-1,2026,other T,gdT
PBMC10k_CATCGTCAGAAGTCTA-1,2027,CD4 T,CD4 TCM
PBMC10k_CATCGTCCAGTATGAA-1,2028,CD4 T,CD4 TCM
PBMC10k_CATCGTCGTAGCGCTC-1,2029,NK,NK
PBMC10k_CATGAGTAGCAAGGAA-1,2032,CD8 T,CD8 TCM
PBMC10k_CATGAGTCAACGCATT-1,2033,CD8 T,CD8 TEM
PBMC10k_CATGAGTCAAGGCTTT-1,2034,CD4 T,CD4 TCM
PBMC10k_CATGAGTCACAAGCCC-1,2035,NK,NK
PBMC10k_CATGAGTGTTCTTGCC-1,2038,NK,NK Proliferating
PBMC10k_CATGCAAAGCCTCTTC-1,2040,CD8 T,CD8 Naive
PBMC10k_CATGCAAAGGTCACCC-1,2041,other T,MAIT
PBMC10k_CATGCAACAGACAATA-1,2042,Mono,CD14 Mono
PBMC10k_CATGCAATCCATCAGA-1,2044,Mono,CD14 Mono
PBMC10k_CATGCAATCGGCGATC-1,2045,CD8 T,CD8 Naive
PBMC10k_CATGCCTAGTTGGCGA-1,2047,CD4 T,CD4 TCM
PBMC10k_CATGCCTGTAGTCCTA-1,2049,CD4 T,CD4 Naive
PBMC10k_CATGCCTTCTTCCGTG-1,2053,other,Eryth
PBMC10k_CATGCGGAGCGTGAAC-1,2054,B,B naive
PBMC10k_CATGCGGAGGGTGAGG-1,2056,CD4 T,Treg
PBMC10k_CATGCGGGTACAAAGT-1,2058,Mono,CD14 Mono
PBMC10k_CATGCGGGTTCTGACA-1,2060,CD4 T,CD4 TCM
PBMC10k_CATGCTCCACCTGTCT-1,2063,CD4 T,CD4 TCM
PBMC10k_CATGGATAGAAACCCG-1,2065,CD4 T,CD4 TCM
PBMC10k_CATGGATAGTTCACTG-1,2067,CD4 T,Treg
PBMC10k_CATGGATCAATGAGCG-1,2068,Mono,CD14 Mono
PBMC10k_CATGGATCAGTCCCGA-1,2069,CD4 T,CD4 TCM
PBMC10k_CATGGATGTCACCGCA-1,2070,CD8 T,CD8 TEM
PBMC10k_CATGGATGTCAGTCGC-1,2072,CD4 T,Treg
PBMC10k_CATGGATGTCCAGCAC-1,2073,CD4 T,CD4 Naive
PBMC10k_CATGGATTCCTCCACA-1,2075,CD8 T,CD8 TCM
PBMC10k_CATTCATAGCGACAGT-1,2079,CD8 T,CD8 TEM
PBMC10k_CATTCATCAGGCACAA-1,2082,CD4 T,CD4 Naive
PBMC10k_CATTCATGTTCGTAAC-1,2083,Mono,CD14 Mono
PBMC10k_CATTCATGTTTGGAGG-1,2085,CD8 T,CD8 TEM
PBMC10k_CATTCATTCGTCAGAT-1,2087,NK,NK
PBMC10k_CATTCCGAGATTACCC-1,2089,CD4 T,CD4 TCM
PBMC10k_CATTCCGGTAGAATGT-1,2091,other T,gdT
PBMC10k_CATTCCGGTAGCTAAA-1,2092,CD8 T,CD8 Naive
PBMC10k_CATTCCGGTCAAGGCA-1,2093,CD4 T,CD4 Naive
PBMC10k_CATTCCGGTCCTTAAG-1,2094,Mono,CD14 Mono
PBMC10k_CATTCCGTCGGTCGAC-1,2096,Mono,CD14 Mono
PBMC10k_CATTCCGTCTAAGAAG-1,2097,NK,NK
PBMC10k_CATTCCGTCTACACTT-1,2098,Mono,CD14 Mono
PBMC10k_CATTGAGAGAATCCCT-1,2101,other,Eryth
PBMC10k_CATTGAGAGATAGTGT-1,2102,NK,NK
PBMC10k_CATTGAGAGTCGAGGT-1,2103,B,B naive
PBMC10k_CATTGAGCAGGATGAC-1,2105,B,B naive
PBMC10k_CATTGAGGTGAGATCG-1,2106,CD8 T,CD8 TEM
PBMC10k_CATTGAGTCTGTGTGA-1,2107,CD4 T,Treg
PBMC10k_CATTGCCAGAATCGAT-1,2108,CD4 T,Treg
PBMC10k_CATTGCCCAAACTGCT-1,2110,Mono,CD14 Mono
PBMC10k_CATTGCCCAGCTGTGC-1,2111,CD4 T,Treg
PBMC10k_CATTGCCGTCTTAGTG-1,2113,CD4 T,CD4 Proliferating
PBMC10k_CATTGCCGTTGCCGAC-1,2114,other T,gdT
PBMC10k_CATTGCCTCCTCTCGA-1,2116,B,B naive
PBMC10k_CATTGTTAGAACCGCA-1,2118,NK,NK
PBMC10k_CATTGTTCATTCCTCG-1,2120,CD4 T,CD4 Naive
PBMC10k_CATTGTTGTAAGACCG-1,2121,other,Eryth
PBMC10k_CATTGTTGTACCTAAC-1,2122,CD4 T,CD4 Naive
PBMC10k_CATTGTTTCCTGTTAT-1,2124,Mono,CD14 Mono
PBMC10k_CATTTCATCACGGTCG-1,2132,other T,dnT
PBMC10k_CATTTCATCACTGGGC-1,2133,B,B intermediate
PBMC10k_CATTTCATCTAAGCGT-1,2135,Mono,CD16 Mono
PBMC10k_CCAAGCGGTGTACGCC-1,2137,DC,cDC2
PBMC10k_CCAAGCGTCCTTCAGC-1,2138,Mono,CD14 Mono
PBMC10k_CCAAGCGTCGAGTGGA-1,2140,NK,NK
PBMC10k_CCAATGAAGACCAGCA-1,2141,CD4 T,CD4 TCM
PBMC10k_CCAATGAAGTACGAGC-1,2142,CD8 T,CD8 TEM
PBMC10k_CCAATGACAACTCCCT-1,2144,CD4 T,Treg
PBMC10k_CCAATGACACGACGAA-1,2145,Mono,CD14 Mono
PBMC10k_CCAATGACATCCTAAG-1,2146,CD4 T,CD4 TCM
PBMC10k_CCAATGACATCTAGAC-1,2147,B,B naive
PBMC10k_CCAATGATCACTCTTA-1,2148,CD4 T,CD4 TCM
PBMC10k_CCAATGATCCGTGTAA-1,2149,Mono,CD14 Mono
PBMC10k_CCAATTTCATGTGGCC-1,2153,other,ILC
PBMC10k_CCACAAAAGCTGGCCT-1,2154,Mono,CD14 Mono
PBMC10k_CCACAAAAGGTCCAGA-1,2155,Mono,CD14 Mono
PBMC10k_CCACAAAAGTGGAAGA-1,2156,CD4 T,Treg
PBMC10k_CCACAAACAGCACACC-1,2158,Mono,CD14 Mono
PBMC10k_CCACAAACAGCTATAC-1,2159,CD8 T,CD8 Naive
PBMC10k_CCACAAAGTCTGTAGT-1,2160,CD8 T,CD8 TCM
PBMC10k_CCACAAAGTTATCCAG-1,2161,DC,pDC
PBMC10k_CCACAAATCGGTCAGC-1,2162,other T,MAIT
PBMC10k_CCACAAATCTCCCAAC-1,2163,CD4 T,CD4 TEM
PBMC10k_CCACACTAGCTGGCTC-1,2164,Mono,CD14 Mono
PBMC10k_CCACACTAGTTGGGAC-1,2165,B,B memory
PBMC10k_CCACACTCAACGCATT-1,2166,CD4 T,Treg
PBMC10k_CCACACTCAACGGGTA-1,2167,NK,NK
PBMC10k_CCACACTCAGAGTCAG-1,2168,CD8 T,CD8 TEM
PBMC10k_CCACACTGTAAGATCA-1,2169,CD4 T,CD4 TCM
PBMC10k_CCACACTGTACCCGAC-1,2170,other T,MAIT
PBMC10k_CCACACTTCGTTCTGC-1,2171,other,Platelet
PBMC10k_CCACCATCAACCACAT-1,2175,CD8 T,CD8 TEM
PBMC10k_CCACCATCACGTGTGC-1,2176,other,Eryth
PBMC10k_CCACCATCATCTGTTT-1,2177,CD4 T,CD4 Naive
PBMC10k_CCACCATTCCAGCTCT-1,2178,NK,NK
PBMC10k_CCACCATTCTCCGTGT-1,2180,other,Eryth
PBMC10k_CCACGAGAGCGAGAAA-1,2181,Mono,CD14 Mono
PBMC10k_CCACGAGAGCTCCCTT-1,2182,Mono,CD14 Mono
PBMC10k_CCACGAGCACAGCTTA-1,2184,Mono,CD14 Mono
PBMC10k_CCACGAGGTGCGAACA-1,2186,CD4 T,CD4 Naive
PBMC10k_CCACGAGGTTGTCATG-1,2187,CD8 T,CD8 TEM
PBMC10k_CCACGAGGTTTCCATT-1,2188,Mono,CD14 Mono
PBMC10k_CCACGAGTCCGACGGT-1,2191,Mono,CD14 Mono
PBMC10k_CCACGTTAGACCAACG-1,2192,CD4 T,CD4 TCM
PBMC10k_CCACGTTGTAGACAAT-1,2193,Mono,CD14 Mono
PBMC10k_CCACGTTGTGCCAAGA-1,2194,Mono,CD14 Mono
PBMC10k_CCACGTTTCGGCATAT-1,2196,B,B intermediate
PBMC10k_CCACTTGAGATGCCGA-1,2197,CD8 T,CD8 TCM
PBMC10k_CCACTTGCAAGTCCCG-1,2201,CD8 T,CD8 TCM
PBMC10k_CCACTTGCAATTGAAG-1,2202,CD8 T,CD8 Naive
PBMC10k_CCACTTGTCCACGGGT-1,2204,Mono,CD16 Mono
PBMC10k_CCATAAGCACTGTTCC-1,2209,CD4 T,CD4 Naive
PBMC10k_CCATCACGTGTCCGGT-1,2214,CD4 T,CD4 TEM
PBMC10k_CCATCACTCCTCGATC-1,2215,CD4 T,CD4 Naive
PBMC10k_CCCAACTAGAATTCAG-1,2216,Mono,CD14 Mono
PBMC10k_CCCAACTGTATGAGCG-1,2218,NK,NK
PBMC10k_CCCAACTGTTTGTTCT-1,2219,CD4 T,CD4 TCM
PBMC10k_CCCAACTTCGAACGCC-1,2220,CD4 T,Treg
PBMC10k_CCCAACTTCTCCACTG-1,2221,Mono,CD14 Mono
PBMC10k_CCCAACTTCTTCGTAT-1,2223,CD4 T,CD4 TEM
PBMC10k_CCCATTGAGTCCGCGT-1,2224,Mono,CD14 Mono
PBMC10k_CCCATTGAGTGGACGT-1,2225,CD4 T,CD4 TEM
PBMC10k_CCCATTGCAAGTCCCG-1,2226,CD4 T,CD4 Naive
PBMC10k_CCCATTGGTGGTCTAT-1,2229,CD4 T,CD4 TEM
PBMC10k_CCCGAAGCAGCGTAGA-1,2234,NK,NK
PBMC10k_CCCGAAGGTCGATTTG-1,2235,NK,NK
PBMC10k_CCCGAAGTCCACTTCG-1,2236,B,B naive
PBMC10k_CCCGAAGTCTCGACCT-1,2237,Mono,CD14 Mono
PBMC10k_CCCGGAACAAAGACTA-1,2238,NK,NK
PBMC10k_CCCGGAACAAGATGGC-1,2240,CD4 T,CD4 TCM
PBMC10k_CCCGGAACACACGGAA-1,2242,CD4 T,CD4 TCM
PBMC10k_CCCGGAACAGAAGCTG-1,2243,DC,cDC2
PBMC10k_CCCGGAATCTACTATC-1,2245,Mono,CD16 Mono
PBMC10k_CCCGGAATCTGGAGAG-1,2246,CD4 T,CD4 TCM
PBMC10k_CCCTAACAGATACTGA-1,2247,CD4 T,CD4 TEM
PBMC10k_CCCTAACTCTAGATCG-1,2251,DC,cDC2
PBMC10k_CCCTCAAAGTCACTAC-1,2253,NK,NK
PBMC10k_CCCTCAAGTGAGAGGG-1,2255,B,B memory
PBMC10k_CCCTCAAGTGCTGCAC-1,2256,CD8 T,CD8 Naive
PBMC10k_CCCTCAAGTTGTGGAG-1,2260,other T,MAIT
PBMC10k_CCCTCTCAGACCAAGC-1,2261,Mono,CD14 Mono
PBMC10k_CCCTCTCAGGGTCTTT-1,2262,other,Eryth
PBMC10k_CCCTCTCTCATTTCCA-1,2265,CD4 T,CD4 Naive
PBMC10k_CCCTCTCTCGCGCCAA-1,2266,CD4 T,CD4 TCM
PBMC10k_CCCTGATAGTCCTACA-1,2270,CD8 T,CD8 TEM
PBMC10k_CCCTGATCAACAACAA-1,2271,CD4 T,CD4 Naive
PBMC10k_CCCTGATCAACTCGTA-1,2272,NK,NK
PBMC10k_CCCTGATCAGGAATAT-1,2273,CD4 T,CD4 Naive
PBMC10k_CCCTGATTCCGGCAGT-1,2275,NK,NK
PBMC10k_CCCTTAGAGCATGAAT-1,2277,Mono,CD14 Mono
PBMC10k_CCCTTAGCAACACGTT-1,2280,Mono,CD14 Mono
PBMC10k_CCCTTAGCACTGAGTT-1,2283,CD8 T,CD8 Naive
PBMC10k_CCCTTAGGTGTTCGTA-1,2284,Mono,CD14 Mono
PBMC10k_CCCTTAGGTTGCATGT-1,2285,CD4 T,CD4 TCM
PBMC10k_CCCTTAGTCCATGCAA-1,2286,CD4 T,CD4 TCM
PBMC10k_CCGAACGGTACGACAG-1,2290,B,B naive
PBMC10k_CCGAACGGTCCCTGTT-1,2291,CD4 T,CD4 Naive
PBMC10k_CCGATCTAGGTAAGGA-1,2295,Mono,CD14 Mono
PBMC10k_CCGATCTCAAATCCCA-1,2296,Mono,CD14 Mono
PBMC10k_CCGATCTCACGTGAGA-1,2297,NK,NK
PBMC10k_CCGATCTGTGGTTCTA-1,2299,CD8 T,CD8 Naive
PBMC10k_CCGATGGGTATAGGAT-1,2304,CD4 T,CD4 TEM
PBMC10k_CCGATGGGTCTTGCTC-1,2306,CD4 T,CD4 Naive
PBMC10k_CCGATGGTCACAACCA-1,2307,CD4 T,CD4 TCM
PBMC10k_CCGCAAGAGCTCAGAG-1,2309,CD4 T,Treg
PBMC10k_CCGCAAGCAACGATTC-1,2310,CD8 T,CD8 Naive
PBMC10k_CCGCAAGCATGACCCG-1,2311,NK,NK
PBMC10k_CCGGACAAGCCTCACG-1,2313,NK,NK
PBMC10k_CCGGACACAATTAGGA-1,2314,CD4 T,CD4 TEM
PBMC10k_CCGGACATCGTGGAAG-1,2316,B,B memory
PBMC10k_CCGGACATCTGAATCG-1,2317,B,B intermediate
PBMC10k_CCGGGTAAGAGTTCGG-1,2318,CD8 T,CD8 Naive
PBMC10k_CCGGGTACATCGGTTA-1,2322,Mono,CD14 Mono
PBMC10k_CCGGGTAGTAAGGTCG-1,2323,CD4 T,CD4 Naive
PBMC10k_CCGGGTAGTGGCGCTT-1,2324,NK,NK
PBMC10k_CCGGGTATCGTCTCAC-1,2326,other T,dnT
PBMC10k_CCGGTAGCAATGGGTG-1,2329,other T,MAIT
PBMC10k_CCGGTAGTCCTGTAGA-1,2332,CD4 T,Treg
PBMC10k_CCGGTAGTCTACCACC-1,2333,CD4 T,CD4 TCM
PBMC10k_CCGGTGAAGGGAACAA-1,2335,B,B intermediate
PBMC10k_CCGGTGACACCAGTAT-1,2336,NK,NK
PBMC10k_CCGTAGGCAATTCACG-1,2338,CD4 T,CD4 TCM
PBMC10k_CCGTAGGGTGTAACGG-1,2339,other T,MAIT
PBMC10k_CCGTAGGTCCACTTTA-1,2341,CD8 T,CD8 TEM
PBMC10k_CCGTAGGTCTGCCTGT-1,2343,other,Eryth
PBMC10k_CCGTGAGAGCACTCAT-1,2344,B,B memory
PBMC10k_CCGTGAGAGTCGAAAT-1,2346,other T,dnT
PBMC10k_CCGTGAGGTAGCGATG-1,2347,Mono,CD14 Mono
PBMC10k_CCGTGAGGTTAGAGTA-1,2348,CD4 T,CD4 TEM
PBMC10k_CCGTGAGTCTCGCGTT-1,2349,CD8 T,CD8 Naive
PBMC10k_CCGTTCAGTAACGCGA-1,2352,CD4 T,CD4 TCM
PBMC10k_CCGTTCAGTCACTTAG-1,2355,other,Platelet
PBMC10k_CCGTTCAGTGGATCAG-1,2356,CD4 T,CD4 Naive
PBMC10k_CCGTTCATCGGAGCAA-1,2357,Mono,CD14 Mono
PBMC10k_CCTAACCAGAGTCTGG-1,2358,CD4 T,CD4 TCM
PBMC10k_CCTAACCCAAGTCGTT-1,2359,other,ILC
PBMC10k_CCTAACCCAGCGATTT-1,2360,CD8 T,CD8 Naive
PBMC10k_CCTAACCGTATAGGAT-1,2361,B,B naive
PBMC10k_CCTAACCTCTTGAACG-1,2366,Mono,CD14 Mono
PBMC10k_CCTAAGAAGATGGCAC-1,2368,other T,MAIT
PBMC10k_CCTAAGAAGGTACCTT-1,2369,NK,NK
PBMC10k_CCTAAGAAGTAAACTG-1,2371,other T,dnT
PBMC10k_CCTAAGACACACTGGC-1,2373,CD4 T,CD4 TCM
PBMC10k_CCTAAGAGTATCCCTC-1,2374,Mono,CD14 Mono
PBMC10k_CCTAAGAGTTCACGAT-1,2376,CD4 T,CD4 TEM
PBMC10k_CCTAAGATCATGGATC-1,2377,CD4 T,CD4 TCM
PBMC10k_CCTACGTGTCAAATCC-1,2384,DC,cDC2
PBMC10k_CCTACGTGTGCTGATT-1,2386,Mono,CD14 Mono
PBMC10k_CCTACGTTCCGTGGTG-1,2388,Mono,CD14 Mono
PBMC10k_CCTATCGAGCCTAGGA-1,2390,other,Eryth
PBMC10k_CCTATCGAGGTGGCTA-1,2391,CD4 T,CD4 TEM
PBMC10k_CCTATCGCACAACGTT-1,2392,CD4 T,CD4 Naive
PBMC10k_CCTATCGGTGTACGCC-1,2395,Mono,CD14 Mono
PBMC10k_CCTCAACAGAGGTCAC-1,2396,CD4 T,CD4 TCM
PBMC10k_CCTCAACAGATTAGTG-1,2397,other T,MAIT
PBMC10k_CCTCAACCAGGACTTT-1,2399,Mono,CD14 Mono
PBMC10k_CCTCAACCATCCAACA-1,2401,Mono,CD14 Mono
PBMC10k_CCTCAACCATGAGTAA-1,2402,Mono,CD16 Mono
PBMC10k_CCTCAACTCAGGTGTT-1,2404,other T,MAIT
PBMC10k_CCTCAACTCATTACGG-1,2405,Mono,CD14 Mono
PBMC10k_CCTCAACTCCATCACC-1,2406,NK,NK
PBMC10k_CCTCAACTCCCAGTGG-1,2407,other T,MAIT
PBMC10k_CCTCACAAGCTCCGAC-1,2410,Mono,CD14 Mono
PBMC10k_CCTCACAGTATGCTTG-1,2411,Mono,CD14 Mono
PBMC10k_CCTCACAGTATTGAGA-1,2412,Mono,CD14 Mono
PBMC10k_CCTCACATCGTGTTCC-1,2413,other T,MAIT
PBMC10k_CCTCAGTTCACTTTGT-1,2415,CD4 T,CD4 Naive
PBMC10k_CCTCATGAGATAACAC-1,2418,CD4 T,CD4 TEM
PBMC10k_CCTCATGGTTTGGAAA-1,2423,Mono,CD14 Mono
PBMC10k_CCTCATGTCAAGCCAT-1,2424,CD8 T,CD8 Naive
PBMC10k_CCTCATGTCACGGAGA-1,2425,CD4 T,Treg
PBMC10k_CCTCCAAGTCATCCGG-1,2429,other,Eryth
PBMC10k_CCTCCAATCCTTCTAA-1,2432,Mono,CD14 Mono
PBMC10k_CCTCCTCTCATCAGTG-1,2436,CD4 T,CD4 TCM
PBMC10k_CCTCTAGGTCTCCCTA-1,2442,CD8 T,CD8 TEM
PBMC10k_CCTCTAGTCGAGTCTA-1,2443,CD8 T,CD8 Naive
PBMC10k_CCTCTAGTCTATACGG-1,2444,Mono,CD14 Mono
PBMC10k_CCTCTCCGTCACCGCA-1,2448,CD4 T,CD4 TCM
PBMC10k_CCTCTCCGTCCTGTCT-1,2449,Mono,CD14 Mono
PBMC10k_CCTCTCCGTGACCTGC-1,2450,CD4 T,CD4 Naive
PBMC10k_CCTCTCCGTGGCCTCA-1,2451,NK,NK
PBMC10k_CCTCTCCTCAAACCCA-1,2452,CD4 T,CD4 TCM
PBMC10k_CCTGCATCATGTGACT-1,2456,other,ILC
PBMC10k_CCTGCATTCACCTCTG-1,2457,CD4 T,CD4 Naive
PBMC10k_CCTGTTGCAGGCAATG-1,2462,Mono,CD14 Mono
PBMC10k_CCTGTTGGTGACCGAA-1,2465,other T,MAIT
PBMC10k_CCTGTTGGTGAGTCAG-1,2466,other T,MAIT
PBMC10k_CCTGTTGTCAAAGACA-1,2467,CD4 T,CD4 Naive
PBMC10k_CCTGTTGTCGTGGGAA-1,2469,NK,NK
PBMC10k_CCTTCAGCACGCGTGT-1,2472,CD4 T,CD4 CTL
PBMC10k_CCTTCAGCATCGGATT-1,2473,CD4 T,CD4 TCM
PBMC10k_CCTTCAGGTACGAAAT-1,2474,CD4 T,CD4 TCM
PBMC10k_CCTTCAGGTGTGAATA-1,2475,CD4 T,CD4 TCM
PBMC10k_CCTTCAGTCACCTCTG-1,2476,other T,MAIT
PBMC10k_CCTTCAGTCCTTGACC-1,2477,NK,NK
PBMC10k_CCTTCAGTCCTTTGAT-1,2478,CD8 T,CD8 TCM
PBMC10k_CCTTGTGAGACTTCAC-1,2479,CD4 T,CD4 TEM
PBMC10k_CCTTGTGAGCGCTGCT-1,2480,B,B intermediate
PBMC10k_CCTTGTGGTCGTGATT-1,2483,NK,NK
PBMC10k_CCTTGTGGTCTTCCGT-1,2484,CD4 T,CD4 TEM
PBMC10k_CCTTGTGGTGCTGATT-1,2485,other T,gdT
PBMC10k_CCTTTGGAGGCATCGA-1,2486,other T,MAIT
PBMC10k_CCTTTGGCAAACTAGA-1,2489,CD4 T,CD4 TCM
PBMC10k_CCTTTGGCAAGAGCTG-1,2490,CD4 T,CD4 TEM
PBMC10k_CCTTTGGCACAAATAG-1,2491,Mono,CD14 Mono
PBMC10k_CCTTTGGCAGCGCGTT-1,2492,other,Eryth
PBMC10k_CCTTTGGCATTCGGGC-1,2494,CD4 T,CD4 TCM
PBMC10k_CGAAGGAAGAACTTCC-1,2497,CD4 T,CD4 Naive
PBMC10k_CGAAGGAAGGCCATAG-1,2500,NK,NK
PBMC10k_CGAAGGACAGCGCTTG-1,2504,CD8 T,CD8 TEM
PBMC10k_CGAAGGAGTAGCCCTG-1,2505,B,B naive
PBMC10k_CGAAGGATCAGCGTCG-1,2508,CD4 T,CD4 TEM
PBMC10k_CGAAGTTGTGCTTATG-1,2511,NK,NK
PBMC10k_CGAATTGAGTAATCCC-1,2512,CD4 T,CD4 TEM
PBMC10k_CGAATTGGTCTGGTTA-1,2513,CD4 T,CD4 TCM
PBMC10k_CGAATTGGTTTCTTAC-1,2514,other T,MAIT
PBMC10k_CGACAGCCAGACACAG-1,2516,NK,NK
PBMC10k_CGACAGCGTACGTTCA-1,2518,Mono,CD14 Mono
PBMC10k_CGACAGCGTGACACAG-1,2520,Mono,CD14 Mono
PBMC10k_CGACAGCGTGTTGACT-1,2522,CD4 T,Treg
PBMC10k_CGAGAAGGTGACCTGC-1,2523,CD8 T,CD8 Naive
PBMC10k_CGAGAAGGTGATACCT-1,2524,other T,MAIT
PBMC10k_CGAGGAAAGCAGTCTT-1,2525,NK,NK_CD56bright
PBMC10k_CGAGGAAAGTTGGGAC-1,2528,Mono,CD14 Mono
PBMC10k_CGAGGAACAAGTACCT-1,2529,B,B naive
PBMC10k_CGAGGAACACCATAAC-1,2531,DC,cDC2
PBMC10k_CGAGGCTAGGTAGTCG-1,2535,DC,pDC
PBMC10k_CGAGTGCAGCATAGGC-1,2540,B,B naive
PBMC10k_CGAGTGCAGTCAGCCC-1,2542,CD4 T,CD4 Naive
PBMC10k_CGAGTGCCACGCGTGT-1,2543,CD4 T,CD4 TEM
PBMC10k_CGAGTGCCACTACGGC-1,2544,other,HSPC
PBMC10k_CGAGTGCGTGAGTAGC-1,2545,Mono,CD14 Mono
PBMC10k_CGAGTGCGTGTTCATG-1,2546,Mono,CD14 Mono
PBMC10k_CGAGTGCTCCTTACCG-1,2548,NK,NK
PBMC10k_CGAGTGCTCGCAACAT-1,2549,CD4 T,Treg
PBMC10k_CGAGTTAAGATGTAGT-1,2550,DC,cDC2
PBMC10k_CGAGTTAAGGTACAGC-1,2551,Mono,CD16 Mono
PBMC10k_CGAGTTAAGTCTAACC-1,2552,B,B naive
PBMC10k_CGAGTTACACGACAAG-1,2553,CD4 T,CD4 TEM
PBMC10k_CGAGTTACATGAATCC-1,2554,other T,gdT
PBMC10k_CGAGTTAGTCGTTGCG-1,2555,CD4 T,CD4 Naive
PBMC10k_CGAGTTATCTACGCAA-1,2558,CD4 T,Treg
PBMC10k_CGAGTTATCTAGCATG-1,2559,CD4 T,Treg
PBMC10k_CGATCGGCATTCCTAT-1,2560,CD4 T,CD4 TEM
PBMC10k_CGATCGGGTCGTATGT-1,2562,CD4 T,Treg
PBMC10k_CGATCGGGTTGGTAGG-1,2563,CD4 T,Treg
PBMC10k_CGATCGGTCAATGTCG-1,2564,CD4 T,CD4 TCM
PBMC10k_CGATCGGTCGCAACAT-1,2565,CD8 T,CD8 TEM
PBMC10k_CGATGCGAGCGTGAGT-1,2568,CD4 T,CD4 TCM
PBMC10k_CGATGCGGTTCATCGA-1,2570,Mono,CD14 Mono
PBMC10k_CGATGGCAGAGGATCC-1,2572,CD4 T,CD4 TEM
PBMC10k_CGATGGCAGGTGGCTA-1,2573,CD8 T,CD8 TEM
PBMC10k_CGATGGCAGTACTGTC-1,2574,CD4 T,CD4 Naive
PBMC10k_CGATGGCAGTCTGGTT-1,2575,CD4 T,CD4 CTL
PBMC10k_CGATGGCGTCGTGGAA-1,2577,NK,NK
PBMC10k_CGATGGCTCTTCGGTC-1,2579,Mono,CD14 Mono
PBMC10k_CGCAGGTAGGCGAAGG-1,2580,Mono,CD14 Mono
PBMC10k_CGCAGGTCACGCTGCA-1,2581,DC,cDC2
PBMC10k_CGCAGGTCATTCCTAT-1,2582,CD4 T,CD4 TCM
PBMC10k_CGCAGGTGTCGCTGCA-1,2583,Mono,CD14 Mono
PBMC10k_CGCAGGTGTCTATGAC-1,2584,CD8 T,CD8 Naive
PBMC10k_CGCAGGTTCACAGTGT-1,2585,Mono,CD14 Mono
PBMC10k_CGCATAAAGCAGGCTA-1,2588,CD4 T,CD4 Naive
PBMC10k_CGCATAAAGTTGGACG-1,2590,Mono,CD14 Mono
PBMC10k_CGCATAACATCGTCCT-1,2593,other,ILC
PBMC10k_CGCATAAGTTGAGGAC-1,2595,NK,NK
PBMC10k_CGCATAATCCATACTT-1,2597,CD4 T,Treg
PBMC10k_CGCATAATCGAGAAGC-1,2599,NK,NK
PBMC10k_CGCATAATCTACTCAT-1,2600,other T,dnT
PBMC10k_CGCATGGCACATCCCT-1,2601,B,B naive
PBMC10k_CGCATGGGTCCAAATC-1,2602,other T,MAIT
PBMC10k_CGCATGGTCGTGGGTC-1,2606,B,B naive
PBMC10k_CGCCAGACAGCGCGTT-1,2609,NK,NK Proliferating
PBMC10k_CGCCAGAGTCCCTCAT-1,2613,Mono,CD16 Mono
PBMC10k_CGCCAGAGTGAGATAT-1,2614,NK,NK_CD56bright
PBMC10k_CGCCAGAGTGAGCCAA-1,2615,NK,NK
PBMC10k_CGCCAGATCGTAATGC-1,2616,Mono,CD14 Mono
PBMC10k_CGCCATTCAGCTGCCA-1,2618,CD4 T,CD4 Naive
PBMC10k_CGCCATTGTCCCTGAG-1,2619,Mono,CD14 Mono
PBMC10k_CGCCATTGTGTAAACA-1,2620,CD4 T,CD4 Naive
PBMC10k_CGCGTGAAGAATTGCA-1,2622,Mono,CD14 Mono
PBMC10k_CGCGTGATCCTCTCGA-1,2625,Mono,CD14 Mono
PBMC10k_CGCGTGATCGCCAGAC-1,2626,Mono,CD14 Mono
PBMC10k_CGGAACCCAGAGATGC-1,2630,CD4 T,CD4 TEM
PBMC10k_CGGAACCTCCACTTTA-1,2632,DC,cDC2
PBMC10k_CGGAACCTCTTTCAGT-1,2633,NK,NK
PBMC10k_CGGAATTGTCCTTGTC-1,2635,Mono,CD14 Mono
PBMC10k_CGGAATTTCCCTATTA-1,2637,CD4 T,CD4 TEM
PBMC10k_CGGACACGTCTCGCGA-1,2638,CD4 T,CD4 TEM
PBMC10k_CGGACACGTTGGTACT-1,2639,CD4 T,CD4 TCM
PBMC10k_CGGACACTCTCACCCA-1,2640,Mono,CD14 Mono
PBMC10k_CGGAGAAAGACAGCTG-1,2641,CD4 T,CD4 Naive
PBMC10k_CGGAGAACAACGCATT-1,2642,NK,NK
PBMC10k_CGGAGAACAGGTGTGA-1,2644,Mono,CD14 Mono
PBMC10k_CGGAGAATCGCCGAAC-1,2645,NK,NK
PBMC10k_CGGCAGTCAGCGTTTA-1,2647,CD4 T,CD4 Naive
PBMC10k_CGGCAGTGTATGTCAC-1,2649,CD4 T,CD4 Naive
PBMC10k_CGGCAGTGTTGTAAAG-1,2651,CD4 T,CD4 Naive
PBMC10k_CGGGACTCAATAGGGC-1,2653,B,B memory
PBMC10k_CGGGACTCATAGACTC-1,2655,Mono,CD14 Mono
PBMC10k_CGGGACTGTGCGACAA-1,2656,CD4 T,CD4 Naive
PBMC10k_CGGGCATCACATCCCT-1,2662,CD4 T,CD4 TCM
PBMC10k_CGGGCATGTTAGGCTT-1,2663,Mono,CD14 Mono
PBMC10k_CGGGCATTCTCGTCGT-1,2664,CD4 T,CD4 TCM
PBMC10k_CGGGTCAGTATCCCAA-1,2668,CD8 T,CD8 TCM
PBMC10k_CGGGTCATCTTGGTCC-1,2670,other,Eryth
PBMC10k_CGGGTGTAGTACAGCG-1,2671,other,Eryth
PBMC10k_CGGGTGTAGTCTAGAA-1,2672,CD8 T,CD8 TCM
PBMC10k_CGGGTGTCACAGAAGC-1,2675,other,ILC
PBMC10k_CGGGTGTCAGGAGGAG-1,2677,CD4 T,Treg
PBMC10k_CGGGTGTTCGCGTAGC-1,2680,CD4 T,CD4 Naive
PBMC10k_CGGTCAGAGCCTGAGA-1,2681,Mono,CD14 Mono
PBMC10k_CGGTCAGCACAACGAG-1,2684,NK,NK
PBMC10k_CGGTCAGCAGTTGGTT-1,2687,CD4 T,CD4 TCM
PBMC10k_CGGTCAGGTACCGGCT-1,2688,CD4 T,CD4 TCM
PBMC10k_CGGTCAGGTTGTCAGT-1,2693,CD4 T,CD4 Naive
PBMC10k_CGGTCAGGTTGTGGAG-1,2694,CD4 T,CD4 TEM
PBMC10k_CGGTCAGTCTCTGCCA-1,2695,CD8 T,CD8 TEM
PBMC10k_CGTAAGTAGACCAAAT-1,2696,B,B memory
PBMC10k_CGTAAGTGTCTACACA-1,2699,NK,NK
PBMC10k_CGTAAGTTCCAACTGA-1,2701,CD8 T,CD8 TCM
PBMC10k_CGTAAGTTCTAGATCG-1,2702,CD4 T,CD4 TCM
PBMC10k_CGTAATGAGGCATCGA-1,2704,other,Eryth
PBMC10k_CGTAATGCACTGAGGA-1,2705,Mono,CD14 Mono
PBMC10k_CGTAGTAAGTAGATCA-1,2708,NK,NK
PBMC10k_CGTAGTACACAACGTT-1,2710,Mono,CD14 Mono
PBMC10k_CGTAGTACACTCACTC-1,2711,other,Eryth
PBMC10k_CGTAGTACAGAAACCG-1,2712,Mono,CD14 Mono
PBMC10k_CGTAGTACAGACCGCT-1,2713,other,ILC
PBMC10k_CGTAGTAGTAACAGTA-1,2715,other T,dnT
PBMC10k_CGTAGTATCTAGTGAC-1,2716,CD4 T,CD4 TCM
PBMC10k_CGTAGTATCTGCGGGT-1,2717,CD4 T,CD4 Naive
PBMC10k_CGTCAAAAGCTGAAAT-1,2718,NK,NK
PBMC10k_CGTCAAACAGCATCTA-1,2721,CD8 T,CD8 Naive
PBMC10k_CGTCAAATCAAATGAG-1,2722,CD4 T,CD4 Naive
PBMC10k_CGTCCATAGGCAATGC-1,2724,CD8 T,CD8 TEM
PBMC10k_CGTCCATAGGGCGAGA-1,2725,Mono,CD14 Mono
PBMC10k_CGTCCATCAGTTGAAA-1,2726,NK,NK
PBMC10k_CGTCCATGTCCTTGTC-1,2727,CD4 T,CD4 TEM
PBMC10k_CGTCCATTCCGGACTG-1,2728,CD8 T,CD8 TEM
PBMC10k_CGTCCATTCGCCTCTA-1,2729,NK,NK
PBMC10k_CGTGAATAGATTGTGA-1,2731,Mono,CD14 Mono
PBMC10k_CGTGAATAGGTCTGGA-1,2732,Mono,CD14 Mono
PBMC10k_CGTGAATGTCTGGTTA-1,2733,CD4 T,CD4 TCM
PBMC10k_CGTGAATTCAGAGTTC-1,2734,NK,NK
PBMC10k_CGTGAATTCGCTTAAG-1,2735,Mono,CD14 Mono
PBMC10k_CGTGATAAGCCTGCCA-1,2737,CD4 T,CD4 TCM
PBMC10k_CGTGATAAGCGTACAG-1,2738,Mono,CD14 Mono
PBMC10k_CGTGATAAGGCTATCT-1,2739,CD8 T,CD8 TEM
PBMC10k_CGTGCTTAGTCTTGGT-1,2740,DC,cDC2
PBMC10k_CGTGCTTCAGAACTTC-1,2741,CD4 T,CD4 Naive
PBMC10k_CGTGCTTCAGTGCCTG-1,2742,other T,MAIT
PBMC10k_CGTGCTTGTATGATCC-1,2743,Mono,CD14 Mono
PBMC10k_CGTGCTTTCATTCATC-1,2745,CD4 T,CD4 TCM
PBMC10k_CGTGTCTCAAATCAGA-1,2748,other T,dnT
PBMC10k_CGTGTCTCAAGAGTGC-1,2749,CD4 T,CD4 CTL
PBMC10k_CGTGTCTCATACTGTG-1,2750,CD4 T,CD4 TCM
PBMC10k_CGTGTCTGTCTATGAC-1,2751,CD8 T,CD8 Naive
PBMC10k_CGTGTCTTCCTCTCGA-1,2752,other T,gdT
PBMC10k_CGTTAGACAGAGGTAC-1,2754,Mono,CD16 Mono
PBMC10k_CGTTAGACAGGCATGA-1,2755,Mono,CD14 Mono
PBMC10k_CGTTAGACATAGCACT-1,2756,CD4 T,CD4 Naive
PBMC10k_CGTTAGACATGATCTG-1,2757,other,ILC
PBMC10k_CGTTAGAGTTAGGGAC-1,2758,CD4 T,CD4 TCM
PBMC10k_CGTTAGATCATGGTAC-1,2759,other T,MAIT
PBMC10k_CGTTCTGAGCGAAACC-1,2761,CD8 T,CD8 TEM
PBMC10k_CGTTCTGTCAGGAACG-1,2764,CD4 T,CD4 Naive
PBMC10k_CGTTCTGTCGCTTACC-1,2765,Mono,CD14 Mono
PBMC10k_CGTTGGGAGGATCATA-1,2766,Mono,CD14 Mono
PBMC10k_CGTTGGGCACCAGACC-1,2767,CD4 T,CD4 Naive
PBMC10k_CGTTGGGCAGTATTCG-1,2768,NK,NK
PBMC10k_CGTTGGGCATGCCGAC-1,2769,CD4 T,CD4 Naive
PBMC10k_CTAACCCGTACGATGG-1,2773,B,B memory
PBMC10k_CTAACCCTCACGATAC-1,2775,Mono,CD14 Mono
PBMC10k_CTAACCCTCCGCGGAT-1,2776,NK,NK Proliferating
PBMC10k_CTAACCCTCTGCTTAT-1,2777,CD4 T,CD4 TCM
PBMC10k_CTAACTTCAGATCATC-1,2778,CD4 T,Treg
PBMC10k_CTAACTTTCCCAGCGA-1,2781,CD4 T,CD4 CTL
PBMC10k_CTAACTTTCGTTGCCT-1,2782,DC,cDC2
PBMC10k_CTAAGTGAGTTATGGA-1,2785,NK,NK
PBMC10k_CTACAGATCCATCTCG-1,2792,CD4 T,CD4 TCM
PBMC10k_CTACATTAGATAACGT-1,2797,CD4 T,CD4 TCM
PBMC10k_CTACATTAGCGATGAC-1,2798,CD4 T,CD4 TEM
PBMC10k_CTACATTGTGATGAAT-1,2799,NK,NK
PBMC10k_CTACCCATCCTGTAGA-1,2803,Mono,CD14 Mono
PBMC10k_CTACCCATCGCTTTAT-1,2804,B,B naive
PBMC10k_CTACCCATCGGCCCAA-1,2805,other,Eryth
PBMC10k_CTACCTGCACACACTA-1,2807,Mono,CD14 Mono
PBMC10k_CTACCTGGTTGGGTTT-1,2808,DC,cDC2
PBMC10k_CTACGGGAGCAACAAT-1,2810,other T,MAIT
PBMC10k_CTACGGGCACGCGCAT-1,2811,CD4 T,CD4 TCM
PBMC10k_CTACGGGGTCGAAGCA-1,2814,Mono,CD16 Mono
PBMC10k_CTACGGGTCTGTCGTC-1,2817,CD8 T,CD8 Naive
PBMC10k_CTACTATAGCCTCTCT-1,2818,CD4 T,CD4 TCM
PBMC10k_CTACTATTCAAGTGGG-1,2820,Mono,CD14 Mono
PBMC10k_CTACTATTCGGCTGGT-1,2821,NK,NK
PBMC10k_CTAGACAAGTCTACCA-1,2824,other T,MAIT
PBMC10k_CTAGACAGTGAGATCG-1,2826,other,Eryth
PBMC10k_CTAGACATCGAGTACT-1,2827,CD8 T,CD8 Naive
PBMC10k_CTAGGTACAAGGATGC-1,2829,Mono,CD14 Mono
PBMC10k_CTAGGTACATGGACAG-1,2830,Mono,CD14 Mono
PBMC10k_CTAGGTATCAAGCCGC-1,2831,Mono,CD14 Mono
PBMC10k_CTATAGGCACCCGTAG-1,2835,CD4 T,CD4 Naive
PBMC10k_CTATAGGCACCTGCAG-1,2836,B,B naive
PBMC10k_CTATAGGCACGTTCGG-1,2837,other T,MAIT
PBMC10k_CTATAGGCACTAGAGG-1,2838,Mono,CD14 Mono
PBMC10k_CTATAGGCAGTTACCA-1,2839,CD4 T,CD4 TEM
PBMC10k_CTATAGGGTCGATTAC-1,2841,CD4 T,CD4 Naive
PBMC10k_CTATAGGGTGTGTGTT-1,2842,Mono,CD14 Mono
PBMC10k_CTATCCGAGCACGGAT-1,2844,CD8 T,CD8 TEM
PBMC10k_CTATCCGAGCCGCTTG-1,2845,Mono,CD14 Mono
PBMC10k_CTATCCGAGCGTTACT-1,2846,NK,NK
PBMC10k_CTATCCGCATTCCTCG-1,2847,CD8 T,CD8 Naive
PBMC10k_CTATCCGGTTCCATTT-1,2849,CD4 T,CD4 TCM
PBMC10k_CTATCTACAATTCACG-1,2851,CD4 T,CD4 TCM
PBMC10k_CTATCTAGTGCCCTTT-1,2853,other T,MAIT
PBMC10k_CTATCTATCCGATGCG-1,2854,Mono,CD14 Mono
PBMC10k_CTATCTATCTTTACAC-1,2855,B,B naive
PBMC10k_CTCAACCAGGACTTCT-1,2856,other T,gdT
PBMC10k_CTCAAGAAGAGCCATG-1,2859,CD4 T,Treg
PBMC10k_CTCAAGAGTGAGCCAA-1,2860,Mono,CD14 Mono
PBMC10k_CTCAAGAGTTCTTCAT-1,2861,Mono,CD14 Mono
PBMC10k_CTCAAGATCATTGTGG-1,2862,NK,NK
PBMC10k_CTCAATTAGAGTCGAC-1,2864,CD4 T,CD4 TCM
PBMC10k_CTCAATTAGCGTCTGC-1,2865,Mono,CD14 Mono
PBMC10k_CTCAATTCACGGGTAA-1,2866,DC,cDC2
PBMC10k_CTCAATTCATATGAAG-1,2868,Mono,CD14 Mono
PBMC10k_CTCAATTTCCACTTCG-1,2869,CD8 T,CD8 TEM
PBMC10k_CTCAATTTCTCCAATT-1,2870,other T,gdT
PBMC10k_CTCACTGAGCCTCAGC-1,2872,other,Eryth
PBMC10k_CTCACTGAGCTGCCTG-1,2873,NK,NK
PBMC10k_CTCACTGGTCAGACTT-1,2875,CD4 T,CD4 TCM
PBMC10k_CTCACTGGTCGTCATA-1,2876,CD4 T,Treg
PBMC10k_CTCACTGTCTCCGAGG-1,2878,NK,NK
PBMC10k_CTCAGAAAGCACCGAA-1,2880,NK,NK
PBMC10k_CTCAGAAAGCCAAGGT-1,2881,Mono,CD14 Mono
PBMC10k_CTCAGAACAGAAGCTG-1,2887,Mono,CD14 Mono
PBMC10k_CTCAGAACAGACACAG-1,2888,CD4 T,CD4 TCM
PBMC10k_CTCAGAACAGACCAAG-1,2889,Mono,CD14 Mono
PBMC10k_CTCAGAAGTATACGGG-1,2891,CD4 T,CD4 TCM
PBMC10k_CTCAGAATCGTTGTAG-1,2892,Mono,CD14 Mono
PBMC10k_CTCAGGGAGCAGCAGT-1,2893,other,Eryth
PBMC10k_CTCAGGGAGTAATCCC-1,2894,other,Eryth
PBMC10k_CTCAGGGCAAAGACTA-1,2896,Mono,CD14 Mono
PBMC10k_CTCAGGGCAACACGAG-1,2897,other T,MAIT
PBMC10k_CTCAGGGGTTTACACG-1,2899,Mono,CD14 Mono
PBMC10k_CTCAGGGTCGGCACTG-1,2900,Mono,CD14 Mono
PBMC10k_CTCAGTCAGACATACA-1,2902,CD4 T,CD4 Naive
PBMC10k_CTCAGTCAGGAACATT-1,2903,Mono,CD14 Mono
PBMC10k_CTCAGTCAGGATACAT-1,2904,CD4 T,CD4 Naive
PBMC10k_CTCAGTCAGTCGTTAC-1,2905,other T,MAIT
PBMC10k_CTCAGTCCACCAGTTA-1,2906,CD8 T,CD8 Naive
PBMC10k_CTCAGTCCATAAGCAA-1,2908,B,B naive
PBMC10k_CTCAGTCCATAATGCC-1,2909,NK,NK
PBMC10k_CTCAGTCGTGGCAGAT-1,2911,Mono,CD14 Mono
PBMC10k_CTCAGTCTCCGCAGTG-1,2913,CD4 T,CD4 TCM
PBMC10k_CTCAGTCTCCTGTTGC-1,2914,CD8 T,CD8 Naive
PBMC10k_CTCAGTCTCGTGCAGC-1,2916,other T,MAIT
PBMC10k_CTCATCGCACGGTAGA-1,2919,CD4 T,CD4 TEM
PBMC10k_CTCATCGCACTTGACA-1,2920,CD4 T,CD4 Naive
PBMC10k_CTCATCGCAGAGGTAC-1,2921,CD4 T,CD4 Naive
PBMC10k_CTCATCGCATAACCCA-1,2922,NK,NK
PBMC10k_CTCATCGGTCGACGCT-1,2924,NK,NK
PBMC10k_CTCATCGGTTTAGAGA-1,2925,CD8 T,CD8 Proliferating
PBMC10k_CTCATCGTCGAGAGAC-1,2928,CD4 T,CD4 Naive
PBMC10k_CTCATGCAGCAATAAC-1,2929,other T,MAIT
PBMC10k_CTCATGCAGCCGATAG-1,2930,CD4 T,CD4 TCM
PBMC10k_CTCATGCCAAATGGTA-1,2931,CD4 T,CD4 TCM
PBMC10k_CTCATGCCATCATCTT-1,2932,CD8 T,CD8 TEM
PBMC10k_CTCATTAAGGTGCAGT-1,2936,other T,dnT
PBMC10k_CTCATTAAGTGCACAG-1,2937,other T,MAIT
PBMC10k_CTCATTACACATGACT-1,2938,B,B naive
PBMC10k_CTCATTAGTCTCGGAC-1,2941,NK,NK
PBMC10k_CTCATTAGTGTCATGT-1,2942,CD8 T,CD8 TEM
PBMC10k_CTCATTATCCTTATAC-1,2943,other,Eryth
PBMC10k_CTCCAACAGAATTGCA-1,2944,Mono,CD16 Mono
PBMC10k_CTCCAACGTTGTGTTG-1,2945,NK,NK
PBMC10k_CTCCAACTCGCGTGAC-1,2947,NK,NK
PBMC10k_CTCCAACTCGTTACCC-1,2948,other,Eryth
PBMC10k_CTCCACAAGCTGTTAC-1,2949,CD8 T,CD8 TEM
PBMC10k_CTCCACACATCTGCGG-1,2950,CD4 T,CD4 TCM
PBMC10k_CTCCACAGTAAGCGGT-1,2951,CD8 T,CD8 Naive
PBMC10k_CTCCACATCCGACATA-1,2954,CD4 T,CD4 TEM
PBMC10k_CTCCATGTCCAAGCAT-1,2956,NK,NK
PBMC10k_CTCCCAAAGAGGTTAT-1,2957,Mono,CD14 Mono
PBMC10k_CTCCCAAAGCCATTGT-1,2958,other T,MAIT
PBMC10k_CTCCCAACAACTCCCT-1,2959,other T,gdT
PBMC10k_CTCCCAACACATGTTG-1,2960,CD4 T,CD4 Naive
PBMC10k_CTCCCAACATTGAGCT-1,2962,CD4 T,CD4 TEM
PBMC10k_CTCCCAAGTGCATTAC-1,2964,Mono,CD14 Mono
PBMC10k_CTCCCTCAGAACAAGG-1,2965,Mono,CD14 Mono
PBMC10k_CTCCCTCAGCATTTGC-1,2966,NK,NK
PBMC10k_CTCCCTCAGGCGATAC-1,2967,CD8 T,CD8 Naive
PBMC10k_CTCCCTCGTTGGACTT-1,2969,Mono,CD14 Mono
PBMC10k_CTCCGATAGCGTCAGA-1,2972,CD8 T,CD8 Naive
PBMC10k_CTCCGATCACTCCACT-1,2973,Mono,CD14 Mono
PBMC10k_CTCCGATGTACCCAGC-1,2974,CD4 T,CD4 TCM
PBMC10k_CTCCTCCAGGTCGTCC-1,2980,NK,NK_CD56bright
PBMC10k_CTCCTCCCAGCAGATG-1,2982,CD4 T,CD4 CTL
PBMC10k_CTCCTCCCAGTTACCA-1,2983,other,Eryth
PBMC10k_CTCCTCCGTCCAGCCA-1,2984,CD8 T,CD8 Naive
PBMC10k_CTCCTCCGTGGCGCTT-1,2985,CD4 T,CD4 TCM
PBMC10k_CTCCTCCTCAGGTGTT-1,2986,CD4 T,CD4 TCM
PBMC10k_CTCCTCCTCGTTCAGA-1,2987,CD8 T,CD8 TEM
PBMC10k_CTCCTTTAGTGACCTT-1,2988,CD8 T,CD8 TCM
PBMC10k_CTCCTTTTCACTTGTT-1,2991,B,B intermediate
PBMC10k_CTCCTTTTCCGCACTT-1,2992,CD4 T,CD4 TEM
PBMC10k_CTCCTTTTCGTTGCCT-1,2994,NK,NK
PBMC10k_CTCGAGGAGAAGGCTC-1,2995,NK,NK
PBMC10k_CTCGAGGAGTGGTCAG-1,2996,DC,cDC2
PBMC10k_CTCGAGGCAGAACGCA-1,2998,B,B naive
PBMC10k_CTCGAGGGTGGGACAT-1,2999,Mono,CD14 Mono
PBMC10k_CTCGAGGGTTCGTAAC-1,3000,CD4 T,CD4 Naive
PBMC10k_CTCGAGGTCGCATTGA-1,3001,CD4 T,CD4 TEM
PBMC10k_CTCTCAGAGCACCCAC-1,3003,B,B intermediate
PBMC10k_CTCTCAGGTACACGTT-1,3005,CD4 T,CD4 TCM
PBMC10k_CTCTCAGTCGATACGT-1,3007,Mono,CD14 Mono
PBMC10k_CTCTCGAAGTATCCTG-1,3008,NK,NK
PBMC10k_CTCTCGACATAGATCC-1,3010,B,B naive
PBMC10k_CTCTCGAGTTAGTTCG-1,3013,Mono,CD14 Mono
PBMC10k_CTCTCGATCTCAAAGC-1,3014,other,ILC
PBMC10k_CTCTGGTAGTGGTGAC-1,3016,CD8 T,CD8 TCM
PBMC10k_CTGAATGTCTCCCAAC-1,3023,other,ILC
PBMC10k_CTGAGCGAGCTGGCCT-1,3024,CD4 T,CD4 Naive
PBMC10k_CTGAGCGAGGGAGGAC-1,3025,CD4 T,CD4 Naive
PBMC10k_CTGAGCGAGTGCCTCG-1,3027,Mono,CD14 Mono
PBMC10k_CTGAGCGCATATCTGG-1,3030,CD4 T,CD4 TEM
PBMC10k_CTGAGCGGTCACTACA-1,3032,B,B naive
PBMC10k_CTGAGGCAGCCTCGTG-1,3034,B,B naive
PBMC10k_CTGAGGCTCAGACATC-1,3036,Mono,CD14 Mono
PBMC10k_CTGATCCGTGAATGAT-1,3040,CD4 T,CD4 Naive
PBMC10k_CTGATCCTCGGCTTGG-1,3043,Mono,CD14 Mono
PBMC10k_CTGCAGGGTTCACGAT-1,3046,Mono,CD14 Mono
PBMC10k_CTGCAGGTCAGTGGGA-1,3047,Mono,CD14 Mono
PBMC10k_CTGCATCGTCGGCTAC-1,3050,Mono,CD14 Mono
PBMC10k_CTGCATCGTGTTCGTA-1,3052,CD4 T,Treg
PBMC10k_CTGCATCTCGACTCCT-1,3054,B,B naive
PBMC10k_CTGCCATAGCGCCATC-1,3056,NK,NK
PBMC10k_CTGCCATCAGGTTACT-1,3057,CD8 T,CD8 TEM
PBMC10k_CTGCCATGTAGCTTGT-1,3059,B,B naive
PBMC10k_CTGCCATGTTCGGGTC-1,3060,other T,MAIT
PBMC10k_CTGCCATTCAGTCATG-1,3061,CD4 T,CD4 TCM
PBMC10k_CTGCCATTCATGACAC-1,3062,CD8 T,CD8 TEM
PBMC10k_CTGCCTAGTATCTCGA-1,3064,B,B memory
PBMC10k_CTGCGAGCACGTAGAG-1,3065,Mono,CD14 Mono
PBMC10k_CTGCGAGGTGACAGCA-1,3067,CD4 T,CD4 Naive
PBMC10k_CTGCGAGGTTCATCGA-1,3068,NK,NK
PBMC10k_CTGCTCAAGAACTTCC-1,3071,Mono,CD14 Mono
PBMC10k_CTGCTCAAGCTCATAC-1,3072,CD4 T,CD4 TCM
PBMC10k_CTGCTCAAGGATATGT-1,3073,CD8 T,CD8 TEM
PBMC10k_CTGCTCACACCCATAA-1,3076,CD4 T,CD4 Naive
PBMC10k_CTGCTCACACTGTCCT-1,3077,other T,dnT
PBMC10k_CTGCTCAGTAGGTAGC-1,3078,NK,NK
PBMC10k_CTGGACGGTACGCGTC-1,3083,Mono,CD14 Mono
PBMC10k_CTGGACGGTTAAGCAA-1,3084,CD4 T,CD4 TCM
PBMC10k_CTGGACGTCATTTGTC-1,3085,Mono,CD14 Mono
PBMC10k_CTGGACGTCTCTCAAT-1,3087,CD4 T,CD4 TCM
PBMC10k_CTGGACGTCTTTGCGC-1,3088,CD4 T,CD4 Naive
PBMC10k_CTGGCAGCAAACAGGC-1,3090,CD8 T,CD8 TCM
PBMC10k_CTGGTCTAGATACTGA-1,3092,CD4 T,CD4 TEM
PBMC10k_CTGGTCTAGGCACAAC-1,3093,NK,NK
PBMC10k_CTGGTCTCAAGCGCAA-1,3095,B,B naive
PBMC10k_CTGGTCTCAGCTCATA-1,3096,B,B naive
PBMC10k_CTGGTCTGTCTTCAAG-1,3097,B,B intermediate
PBMC10k_CTGTACCAGTGTTCAC-1,3099,CD4 T,CD4 TEM
PBMC10k_CTGTACCGTTACAGCT-1,3101,CD4 T,Treg
PBMC10k_CTGTACCGTTAGAAGT-1,3102,other,Eryth
PBMC10k_CTGTACCTCCGTGTGG-1,3103,CD8 T,CD8 Proliferating
PBMC10k_CTGTACCTCGCAATGT-1,3104,Mono,CD14 Mono
PBMC10k_CTGTAGAAGATGCAGC-1,3107,CD4 T,CD4 TCM
PBMC10k_CTGTAGACAATCAGCT-1,3109,Mono,CD14 Mono
PBMC10k_CTGTAGACACTTTATC-1,3110,CD4 T,CD4 TCM
PBMC10k_CTGTAGACAGTCAACT-1,3111,B,B naive
PBMC10k_CTGTAGATCCTCTAGC-1,3112,CD8 T,CD8 TEM
PBMC10k_CTGTATTCATGCCGGT-1,3115,NK,NK
PBMC10k_CTGTATTTCTTCGTGC-1,3119,CD8 T,CD8 TCM
PBMC10k_CTGTCGTAGAGTCACG-1,3120,CD4 T,Treg
PBMC10k_CTGTCGTCAGTCAGCC-1,3121,CD4 T,CD4 TEM
PBMC10k_CTGTCGTTCAATCCGA-1,3124,CD4 T,CD4 Naive
PBMC10k_CTGTCGTTCGAGCACC-1,3126,other T,MAIT
PBMC10k_CTGTCGTTCGGCATAT-1,3127,CD4 T,Treg
PBMC10k_CTGTCGTTCTGGCCGA-1,3128,B,B memory
PBMC10k_CTGTGAAAGGACAAGA-1,3129,other T,MAIT
PBMC10k_CTGTGAACAGCTCTGG-1,3131,CD4 T,CD4 Naive
PBMC10k_CTGTGAAGTAACGTTC-1,3132,NK,NK
PBMC10k_CTGTGAATCACATCAG-1,3135,Mono,CD14 Mono
PBMC10k_CTGTGAATCATGAGAA-1,3136,B,B memory
PBMC10k_CTGTGGGCACAACGCC-1,3139,NK,NK
PBMC10k_CTGTGGGGTGAGTAGC-1,3141,NK,NK
PBMC10k_CTGTGGGTCGCGCTGA-1,3144,NK,NK
PBMC10k_CTTACCGAGCCTGCCA-1,3145,CD4 T,CD4 TEM
PBMC10k_CTTACCGAGGGCAGTT-1,3147,other T,gdT
PBMC10k_CTTACCGCATTGAAAG-1,3149,other,Eryth
PBMC10k_CTTACCGTCACTAGCA-1,3151,Mono,CD14 Mono
PBMC10k_CTTAGGAAGAGGGTCT-1,3152,B,B naive
PBMC10k_CTTAGGAAGCCACCGT-1,3153,CD8 T,CD8 TEM
PBMC10k_CTTAGGACAGAGCCCT-1,3155,B,B naive
PBMC10k_CTTAGGAGTAACTGCT-1,3157,CD4 T,CD4 Naive
PBMC10k_CTTAGGAGTCGCTTAA-1,3158,B,B naive
PBMC10k_CTTCAATAGCCGATTT-1,3159,other,Eryth
PBMC10k_CTTCAATCAAGTCGTT-1,3163,NK,NK
PBMC10k_CTTCAATCAGCGTGCT-1,3165,CD4 T,CD4 Naive
PBMC10k_CTTCAATCATGAAAGT-1,3166,CD4 T,CD4 TEM
PBMC10k_CTTCAATTCCCGGTAG-1,3167,Mono,CD14 Mono
PBMC10k_CTTCAATTCGTGGACC-1,3168,CD4 T,CD4 Naive
PBMC10k_CTTCAATTCTTTCGAT-1,3169,CD4 T,Treg
PBMC10k_CTTCCGAGTGCACAAG-1,3174,Mono,CD14 Mono
PBMC10k_CTTCCGATCAACTGGT-1,3175,CD4 T,CD4 Naive
PBMC10k_CTTCCTTAGCAGGCAT-1,3177,NK,NK
PBMC10k_CTTCCTTAGGCACTAG-1,3178,CD8 T,CD8 TEM
PBMC10k_CTTCCTTAGGGCCTCT-1,3179,CD4 T,Treg
PBMC10k_CTTCCTTAGGTCATTC-1,3180,CD4 T,CD4 TCM
PBMC10k_CTTCCTTAGTAAAGCT-1,3181,other T,MAIT
PBMC10k_CTTCCTTGTCCCTAAA-1,3182,other,Eryth
PBMC10k_CTTCCTTGTCGGTGTC-1,3183,CD8 T,CD8 Naive
PBMC10k_CTTCCTTTCAGGAGAC-1,3185,CD4 T,CD4 TCM
PBMC10k_CTTCCTTTCCACAGGC-1,3186,CD4 T,CD4 Naive
PBMC10k_CTTCGGTAGTTTGGCT-1,3188,NK,NK
PBMC10k_CTTCGGTGTCTCGCGA-1,3189,B,B naive
PBMC10k_CTTCTAAAGGAGAGGC-1,3193,B,B naive
PBMC10k_CTTCTAACACTGCATA-1,3195,CD4 T,CD4 TEM
PBMC10k_CTTCTAAGTCAGGAGT-1,3199,CD4 T,CD4 Naive
PBMC10k_CTTCTAAGTGATTGGG-1,3200,CD4 T,CD4 TCM
PBMC10k_CTTCTAAGTGTTGATC-1,3201,CD4 T,CD4 Naive
PBMC10k_CTTCTAATCGGCCTTT-1,3202,Mono,CD14 Mono
PBMC10k_CTTCTCTAGGTCACTT-1,3206,other,ILC
PBMC10k_CTTCTCTCAAGTATCC-1,3207,CD4 T,CD4 Naive
PBMC10k_CTTCTCTTCACAATGC-1,3210,Mono,CD14 Mono
PBMC10k_CTTCTCTTCGAACCTA-1,3211,CD4 T,CD4 TCM
PBMC10k_CTTCTCTTCGAGATGG-1,3212,other,ILC
PBMC10k_CTTGAGAAGCCACTCG-1,3213,Mono,CD14 Mono
PBMC10k_CTTGAGAAGCGAGTCA-1,3214,Mono,CD14 Mono
PBMC10k_CTTGAGACATAGAGGC-1,3215,NK,NK
PBMC10k_CTTGAGAGTGTCCCTT-1,3217,Mono,CD14 Mono
PBMC10k_CTTGAGATCTCGTGAA-1,3218,Mono,CD14 Mono
PBMC10k_CTTGATTCAAACCGGA-1,3219,CD8 T,CD8 Naive
PBMC10k_CTTGATTCAGTCGCTG-1,3221,CD4 T,CD4 TCM
PBMC10k_CTTTCAAAGGGTCAAC-1,3225,CD4 T,CD4 TCM
PBMC10k_CTTTCAACAAATAGCA-1,3226,CD4 T,Treg
PBMC10k_CTTTCAACAACTCGAT-1,3227,NK,NK
PBMC10k_CTTTCAAGTCAACCTA-1,3228,other T,MAIT
PBMC10k_CTTTCGGAGGCAGGGA-1,3230,CD8 T,CD8 TEM
PBMC10k_CTTTCGGGTCGGTGTC-1,3232,Mono,CD14 Mono
PBMC10k_CTTTCGGTCAAGCCCG-1,3235,CD4 T,CD4 Naive
PBMC10k_CTTTCGGTCGTACCTC-1,3236,NK,NK
PBMC10k_GAAACCTAGAGGTTTA-1,3238,CD8 T,CD8 TEM
PBMC10k_GAAACCTAGCTATCCA-1,3240,Mono,CD14 Mono
PBMC10k_GAAACCTCATCGGTTA-1,3241,CD4 T,CD4 TEM
PBMC10k_GAAACCTGTGCAATGG-1,3244,DC,cDC2
PBMC10k_GAAATGAAGCCTTTGA-1,3247,CD8 T,CD8 TEM
PBMC10k_GAAATGACACGCAGTC-1,3248,Mono,CD14 Mono
PBMC10k_GAACACTAGAGTGAAG-1,3252,CD4 T,CD4 Naive
PBMC10k_GAACACTCACTGTCGG-1,3253,CD4 T,CD4 TEM
PBMC10k_GAACACTCAGGTCAGA-1,3254,NK,NK
PBMC10k_GAACACTTCAAGTGTC-1,3257,Mono,CD14 Mono
PBMC10k_GAACACTTCTAGATCG-1,3258,NK,NK
PBMC10k_GAACGTTAGTTGCGCC-1,3259,CD4 T,CD4 Naive
PBMC10k_GAACTGTAGATGGTAT-1,3260,Mono,CD14 Mono
PBMC10k_GAACTGTAGCTACGTT-1,3261,CD4 T,CD4 TEM
PBMC10k_GAACTGTAGCTACTGT-1,3262,CD4 T,CD4 TCM
PBMC10k_GAACTGTCACATCCCT-1,3263,NK,NK
PBMC10k_GAACTGTCATGGGATG-1,3264,B,Plasmablast
PBMC10k_GAACTGTTCCAAGCTA-1,3266,CD4 T,CD4 Naive
PBMC10k_GAACTGTTCTCAAAGC-1,3267,Mono,CD14 Mono
PBMC10k_GAAGAATAGAGCATCG-1,3268,other T,dnT
PBMC10k_GAAGAATTCACCATCC-1,3270,CD4 T,CD4 Naive
PBMC10k_GAAGAATTCACTCACC-1,3271,Mono,CD14 Mono
PBMC10k_GAAGAATTCCCATTTA-1,3272,Mono,CD14 Mono
PBMC10k_GAAGCCCCAGTAGGAC-1,3274,NK,NK
PBMC10k_GAAGCCCGTTCATCGA-1,3276,other T,MAIT
PBMC10k_GAAGCCCTCCGTGCGA-1,3277,other,Eryth
PBMC10k_GAAGCCCTCGCGTGCA-1,3278,CD4 T,CD4 Naive
PBMC10k_GAAGCCCTCTTACCGC-1,3279,CD4 T,CD4 Naive
PBMC10k_GAAGCGAAGACCGTTT-1,3280,CD4 T,CD4 Naive
PBMC10k_GAAGCGAAGAGGTCAC-1,3281,CD4 T,CD4 Naive
PBMC10k_GAAGCGACATAATCCG-1,3282,CD4 T,CD4 Naive
PBMC10k_GAAGCGACATGGCACC-1,3283,NK,NK
PBMC10k_GAAGCGAGTCTACTGA-1,3284,Mono,CD14 Mono
PBMC10k_GAAGCGATCCAATGCA-1,3286,other T,dnT
PBMC10k_GAAGCGATCCATTGCC-1,3287,B,B naive
PBMC10k_GAAGGACAGCTGGCCT-1,3288,CD4 T,CD4 TCM
PBMC10k_GAAGGACGTCATCTAG-1,3293,Mono,CD14 Mono
PBMC10k_GAAGGACTCAATCCGA-1,3294,CD4 T,CD4 TCM
PBMC10k_GAAGGACTCCACGGGT-1,3295,other,Eryth
PBMC10k_GAAGGGTAGTGGTCAG-1,3297,CD4 T,CD4 TCM
PBMC10k_GAAGGGTCACAATGAA-1,3299,CD4 T,CD4 Naive
PBMC10k_GAAGGGTGTGATTCTG-1,3301,CD4 T,CD4 Naive
PBMC10k_GAAGTAAAGGCCCAAA-1,3302,CD4 T,CD4 TEM
PBMC10k_GAAGTAATCTAGCAAC-1,3304,DC,pDC
PBMC10k_GAAGTAATCTAGCCAA-1,3305,CD4 T,CD4 TEM
PBMC10k_GAAGTAATCTTACGGA-1,3306,B,B memory
PBMC10k_GAATAGAAGAAGTCCG-1,3307,other,ILC
PBMC10k_GAATAGACAAGAAACT-1,3309,other T,MAIT
PBMC10k_GAATCACGTTTCACAG-1,3314,Mono,CD14 Mono
PBMC10k_GAATCACTCAAACGTC-1,3315,CD4 T,CD4 Naive
PBMC10k_GAATCACTCCGCCTAT-1,3316,CD4 T,CD4 Naive
PBMC10k_GAATCACTCTTCGCTG-1,3319,CD4 T,Treg
PBMC10k_GAATCACTCTTCGTAT-1,3320,NK,NK
PBMC10k_GAATCGTAGGGCCAAT-1,3322,other T,dnT
PBMC10k_GAATCGTCAAAGCTAA-1,3323,Mono,CD14 Mono
PBMC10k_GAATCGTCAATGCTCA-1,3325,CD4 T,CD4 CTL
PBMC10k_GAATCGTCAGAGCGTA-1,3328,NK,NK Proliferating
PBMC10k_GAATCGTCAGCGAGTA-1,3329,B,B memory
PBMC10k_GAATCGTGTACAGGTG-1,3330,B,B naive
PBMC10k_GACACGCAGCACGGAT-1,3331,CD8 T,CD8 TCM
PBMC10k_GACACGCGTCTCCTGT-1,3334,Mono,CD14 Mono
PBMC10k_GACACGCTCAATCGGT-1,3336,CD8 T,CD8 TEM
PBMC10k_GACACGCTCACAGTGT-1,3337,B,B naive
PBMC10k_GACACGCTCTACGGTA-1,3339,Mono,CD14 Mono
PBMC10k_GACACGCTCTCTATGT-1,3340,Mono,CD14 Mono
PBMC10k_GACAGCCCAGCTTCCT-1,3342,CD4 T,CD4 Naive
PBMC10k_GACAGCCTCAGCTGTA-1,3344,CD4 T,CD4 Naive
PBMC10k_GACATCAAGAGGTCAC-1,3347,Mono,CD14 Mono
PBMC10k_GACATCACACGTTCGG-1,3350,CD4 T,Treg
PBMC10k_GACATCACAGTTAAAG-1,3351,CD4 T,CD4 Naive
PBMC10k_GACATCATCGACCAAT-1,3354,NK,NK
PBMC10k_GACATCATCGAGAGAC-1,3355,DC,cDC2
PBMC10k_GACATCATCGCCACTT-1,3356,NK,NK
PBMC10k_GACCAATGTCGTTATG-1,3359,CD4 T,CD4 TCM
PBMC10k_GACCAATGTTGTCATG-1,3360,CD4 T,CD4 Naive
PBMC10k_GACCAATTCACCGGTG-1,3362,CD4 T,CD4 TCM
PBMC10k_GACCCAGTCATCCTAT-1,3365,CD4 T,CD4 TEM
PBMC10k_GACCCTTAGATTAGAC-1,3368,Mono,CD14 Mono
PBMC10k_GACCCTTAGCAAATCA-1,3369,CD4 T,CD4 TCM
PBMC10k_GACCCTTAGTAAGCAT-1,3370,CD8 T,CD8 Naive
PBMC10k_GACCCTTCACGGTGAA-1,3371,CD4 T,CD4 TCM
PBMC10k_GACCCTTCACGTCTCT-1,3373,CD8 T,CD8 TEM
PBMC10k_GACCGTGCAGGCAATG-1,3377,CD4 T,CD4 TCM
PBMC10k_GACCGTGGTCACTTAG-1,3378,CD4 T,Treg
PBMC10k_GACCTTCAGATCCTAC-1,3382,other,Eryth
PBMC10k_GACCTTCAGCAATTCC-1,3383,CD8 T,CD8 Naive
PBMC10k_GACCTTCAGGGCTGAT-1,3385,Mono,CD14 Mono
PBMC10k_GACGCTGAGGGAGATA-1,3389,other T,gdT
PBMC10k_GACGCTGCACTGCATA-1,3390,Mono,CD14 Mono
PBMC10k_GACGCTGGTCGTAATC-1,3393,CD4 T,CD4 Naive
PBMC10k_GACGCTGTCTTCGTGC-1,3395,CD8 T,CD8 TEM
PBMC10k_GACGTTAAGTGAGTTA-1,3396,CD8 T,CD8 TEM
PBMC10k_GACGTTAGTGGTCTAT-1,3399,CD4 T,Treg
PBMC10k_GACGTTAGTTGTCTAG-1,3400,other T,dnT
PBMC10k_GACGTTATCGGTGTTA-1,3401,B,B intermediate
PBMC10k_GACTATGAGGACAGCT-1,3404,CD4 T,CD4 Naive
PBMC10k_GACTATGCACAGCGCT-1,3405,CD8 T,CD8 TCM
PBMC10k_GACTATGCACTACACA-1,3406,B,B intermediate
PBMC10k_GACTATGCATCGTTCC-1,3407,CD4 T,CD4 TEM
PBMC10k_GACTATGGTATCGATC-1,3408,NK,NK
PBMC10k_GACTATGTCTTTGCTA-1,3412,other T,MAIT
PBMC10k_GACTCAACACTAACGT-1,3413,NK,NK
PBMC10k_GACTCAACATATCTGG-1,3414,B,B naive
PBMC10k_GACTCAAGTGAGTAGC-1,3415,CD4 T,CD4 TCM
PBMC10k_GACTCAATCAAGTCTG-1,3416,Mono,CD14 Mono
PBMC10k_GACTCTCAGAGAACCC-1,3419,CD4 T,CD4 Naive
PBMC10k_GACTCTCGTCAACGCC-1,3420,NK,NK
PBMC10k_GACTCTCGTGCGCTCA-1,3421,CD4 T,Treg
PBMC10k_GACTCTCGTGTGTACT-1,3422,CD4 T,CD4 Naive
PBMC10k_GACTCTCTCCCTTTGG-1,3423,NK,NK
PBMC10k_GACTGATCAAGATCCT-1,3425,Mono,CD14 Mono
PBMC10k_GACTGATCAGCATACT-1,3427,NK,NK
PBMC10k_GACTGATCAGTAGAGC-1,3428,CD4 T,CD4 Naive
PBMC10k_GACTGATCAGTCGCAC-1,3429,CD4 T,Treg
PBMC10k_GACTGATTCGGTAGAG-1,3433,CD8 T,CD8 Naive
PBMC10k_GACTGATTCGTTCAGA-1,3434,B,B memory
PBMC10k_GACTGATTCTTCCCGA-1,3435,NK,NK_CD56bright
PBMC10k_GACTTCCAGAGTAACT-1,3436,NK,NK
PBMC10k_GACTTCCAGATTGCGG-1,3437,B,B naive
PBMC10k_GACTTCCAGGTAGACC-1,3440,Mono,CD14 Mono
PBMC10k_GACTTCCGTACAAGTA-1,3442,NK,NK
PBMC10k_GACTTCCGTCAACCAT-1,3443,NK,NK
PBMC10k_GACTTCCGTCCGATCG-1,3444,Mono,CD14 Mono
PBMC10k_GACTTCCTCTGCCCTA-1,3446,NK,NK_CD56bright
PBMC10k_GAGAAATAGGTCGACA-1,3448,CD4 T,CD4 Naive
PBMC10k_GAGAAATAGTCACGCC-1,3449,CD4 T,CD4 Naive
PBMC10k_GAGAAATCAAAGACTA-1,3450,CD4 T,Treg
PBMC10k_GAGAAATGTATTCCTT-1,3452,NK,NK
PBMC10k_GAGACCCAGCGCCTCA-1,3454,B,B naive
PBMC10k_GAGACCCGTGAGTCAG-1,3457,CD8 T,CD8 Naive
PBMC10k_GAGACCCTCACCTGTC-1,3458,Mono,CD14 Mono
PBMC10k_GAGACTTCAATCGAAA-1,3462,CD4 T,CD4 TEM
PBMC10k_GAGACTTCAGCATCTA-1,3463,CD4 T,Treg
PBMC10k_GAGACTTTCGTGCACG-1,3466,Mono,CD14 Mono
PBMC10k_GAGACTTTCTTCACAT-1,3467,other T,MAIT
PBMC10k_GAGAGGTCAGCTGAGA-1,3468,CD4 T,CD4 TCM
PBMC10k_GAGAGGTCATAATGAG-1,3469,CD8 T,CD8 TEM
PBMC10k_GAGAGGTTCGCCACTT-1,3471,other T,MAIT
PBMC10k_GAGAGGTTCTTGTTAC-1,3472,CD4 T,CD4 TCM
PBMC10k_GAGATGGAGAGTACCG-1,3473,Mono,CD14 Mono
PBMC10k_GAGATGGCATGAAAGT-1,3474,B,B memory
PBMC10k_GAGATGGTCTCGCTCA-1,3477,CD4 T,CD4 TCM
PBMC10k_GAGCCTGAGCAGCGAT-1,3478,NK,NK
PBMC10k_GAGCCTGAGTGCACAG-1,3479,CD8 T,CD8 Naive
PBMC10k_GAGCCTGCATCGGTTA-1,3480,Mono,CD14 Mono
PBMC10k_GAGCCTGGTACCTGTA-1,3481,CD4 T,CD4 TEM
PBMC10k_GAGCCTGGTTGTCCCT-1,3483,CD4 T,CD4 TCM
PBMC10k_GAGCCTGTCCAAGCAT-1,3484,Mono,CD14 Mono
PBMC10k_GAGCCTGTCTACAGGT-1,3485,CD8 T,CD8 Naive
PBMC10k_GAGCTGCCACTGGCCA-1,3486,CD4 T,CD4 Naive
PBMC10k_GAGCTGCCATCCTTCG-1,3487,CD4 T,CD4 Naive
PBMC10k_GAGCTGCGTGTAAATG-1,3488,other T,dnT
PBMC10k_GAGGCAAAGGGACACT-1,3491,CD8 T,CD8 TEM
PBMC10k_GAGGCAAAGGTGCTGA-1,3492,other T,MAIT
PBMC10k_GAGGCAAAGTGGAAAG-1,3493,CD4 T,CD4 TCM
PBMC10k_GAGGCAACAAGCTACT-1,3494,B,B memory
PBMC10k_GAGGCCTGTCTACACA-1,3501,Mono,CD14 Mono
PBMC10k_GAGGCCTGTGTTAAAG-1,3503,other T,MAIT
PBMC10k_GAGGCCTGTTCAGCTA-1,3504,CD4 T,CD4 TCM
PBMC10k_GAGGCCTTCTTTCTAG-1,3505,CD4 T,Treg
PBMC10k_GAGGGATGTCGCTTAA-1,3506,CD8 T,CD8 Naive
PBMC10k_GAGGGATTCATGGATC-1,3507,Mono,CD14 Mono
PBMC10k_GAGGGTACACATTCTT-1,3509,CD4 T,CD4 Naive
PBMC10k_GAGGGTACACGCTATA-1,3510,NK,NK
PBMC10k_GAGGGTAGTCTGTAGT-1,3512,CD4 T,CD4 Naive
PBMC10k_GAGGGTATCCAGTTCC-1,3513,other T,MAIT
PBMC10k_GAGTCATCAAGATGGC-1,3514,Mono,CD16 Mono
PBMC10k_GAGTCATCACAACGTT-1,3515,CD4 T,CD4 TCM
PBMC10k_GAGTCATGTCGATTCA-1,3516,NK,NK
PBMC10k_GAGTCATGTGATTCTG-1,3517,Mono,CD14 Mono
PBMC10k_GAGTCTACAGACTGCC-1,3520,CD4 T,CD4 Naive
PBMC10k_GAGTCTACAGCTGCCA-1,3521,Mono,CD14 Mono
PBMC10k_GAGTGAGCAGAGAATT-1,3524,CD4 T,Treg
PBMC10k_GAGTGTTCACATTCTT-1,3527,CD4 T,CD4 Naive
PBMC10k_GAGTGTTCACTATGTG-1,3528,other T,MAIT
PBMC10k_GAGTTACAGTCACTGT-1,3530,Mono,CD14 Mono
PBMC10k_GAGTTACAGTTGGGAC-1,3531,CD8 T,CD8 Naive
PBMC10k_GAGTTACAGTTGTAGA-1,3532,CD4 T,CD4 TCM
PBMC10k_GAGTTACGTACTGTTG-1,3533,CD8 T,CD8 TEM
PBMC10k_GAGTTACGTATGACAA-1,3534,CD4 T,CD4 Naive
PBMC10k_GAGTTACGTCTCGGAC-1,3535,CD4 T,CD4 Naive
PBMC10k_GAGTTACTCGGTCAGC-1,3537,CD8 T,CD8 TEM
PBMC10k_GAGTTGTAGCTCTATG-1,3538,B,B memory
PBMC10k_GAGTTGTAGGACTGGT-1,3539,CD4 T,CD4 Naive
PBMC10k_GAGTTGTCACGCAGTC-1,3540,other,Eryth
PBMC10k_GAGTTGTTCCCAATAG-1,3542,Mono,CD14 Mono
PBMC10k_GAGTTTGAGAGCATTA-1,3544,CD4 T,Treg
PBMC10k_GAGTTTGCACACCGAC-1,3547,Mono,CD14 Mono
PBMC10k_GAGTTTGCATACAGGG-1,3548,Mono,CD14 Mono
PBMC10k_GAGTTTGTCAGCATTG-1,3550,other T,dnT
PBMC10k_GAGTTTGTCGCCAATA-1,3554,CD8 T,CD8 TEM
PBMC10k_GATAGAAGTTACGTAC-1,3557,NK,NK
PBMC10k_GATAGAATCTGCTGAA-1,3560,Mono,CD14 Mono
PBMC10k_GATAGCTAGATTCGAA-1,3561,CD4 T,CD4 Naive
PBMC10k_GATAGCTCACTGGAAG-1,3562,CD4 T,CD4 TCM
PBMC10k_GATAGCTCAGCTACTA-1,3564,B,B intermediate
PBMC10k_GATCACAAGAAGCCTG-1,3566,other T,dnT
PBMC10k_GATCACACACGGCTAC-1,3568,B,B naive
PBMC10k_GATCACAGTATTTCGG-1,3571,CD4 T,CD4 Naive
PBMC10k_GATCACAGTTCCAGGC-1,3572,CD4 T,CD4 Naive
PBMC10k_GATCAGTAGGCAGGGA-1,3576,Mono,CD14 Mono
PBMC10k_GATCAGTAGTTCCGGC-1,3577,CD4 T,CD4 Naive
PBMC10k_GATCATGAGCAGCGAT-1,3579,CD8 T,CD8 Naive
PBMC10k_GATCATGCAATGCAGG-1,3581,CD4 T,CD4 TEM
PBMC10k_GATCATGCAGGCTCTG-1,3582,Mono,CD14 Mono
PBMC10k_GATCCCTAGGTCTGGA-1,3588,Mono,CD16 Mono
PBMC10k_GATCCCTCAACTCCAA-1,3590,CD4 T,CD4 Naive
PBMC10k_GATCCCTCAGTCTTCC-1,3591,CD8 T,CD8 Naive
PBMC10k_GATCCCTCATGGAAGC-1,3592,CD4 T,CD4 TCM
PBMC10k_GATCCCTGTATCAGGG-1,3593,other T,MAIT
PBMC10k_GATCCCTGTTTGCAGT-1,3596,CD4 T,CD4 TCM
PBMC10k_GATCGTAAGGATATAC-1,3597,CD4 T,CD4 Naive
PBMC10k_GATCGTAGTATGCTAC-1,3600,Mono,CD14 Mono
PBMC10k_GATCGTATCGGTTGTA-1,3601,CD8 T,CD8 TCM
PBMC10k_GATGACTAGGGCAAGG-1,3602,Mono,CD14 Mono
PBMC10k_GATGACTAGTCATCCA-1,3603,CD4 T,CD4 Naive
PBMC10k_GATGACTCAATAGTCC-1,3604,NK,NK Proliferating
PBMC10k_GATGACTTCCGACATA-1,3607,CD8 T,CD8 TEM
PBMC10k_GATGACTTCTTAGCCC-1,3609,CD8 T,CD8 TCM
PBMC10k_GATGAGGAGAGAGCAA-1,3610,other,ILC
PBMC10k_GATGAGGAGCCTAGGA-1,3611,Mono,CD14 Mono
PBMC10k_GATGAGGAGCCTTCTC-1,3612,CD4 T,CD4 CTL
PBMC10k_GATGAGGAGCTTCGTA-1,3614,Mono,CD14 Mono
PBMC10k_GATGAGGTCTGCGGCA-1,3617,CD8 T,CD8 Naive
PBMC10k_GATGATCAGGGAGTTC-1,3618,Mono,CD14 Mono
PBMC10k_GATGATCTCGGCTATA-1,3622,Mono,CD14 Mono
PBMC10k_GATGGAGGTCGCACGT-1,3631,CD8 T,CD8 Proliferating
PBMC10k_GATGGAGTCAATGCAC-1,3632,CD8 T,CD8 TCM
PBMC10k_GATGGAGTCAGCTGAT-1,3633,CD8 T,CD8 Naive
PBMC10k_GATGGAGTCATCGCTC-1,3634,B,B naive
PBMC10k_GATGGAGTCGACGATT-1,3635,DC,cDC2
PBMC10k_GATGTTGAGACCCTTA-1,3636,Mono,CD14 Mono
PBMC10k_GATGTTGGTACAGTCT-1,3639,CD4 T,CD4 TCM
PBMC10k_GATGTTGGTACCCGCA-1,3640,CD4 T,CD4 TEM
PBMC10k_GATGTTGGTGTTCATG-1,3642,CD4 T,CD4 TEM
PBMC10k_GATGTTGTCAAGAAAC-1,3643,CD4 T,CD4 Naive
PBMC10k_GATTCGAAGTGCTACT-1,3648,CD4 T,CD4 TEM
PBMC10k_GATTCGAGTCTGTGAT-1,3650,CD4 T,CD4 Naive
PBMC10k_GATTCGAGTTAAAGTG-1,3651,Mono,CD14 Mono
PBMC10k_GATTCGAGTTCCCAAA-1,3652,NK,NK
PBMC10k_GATTCGATCAGGACGA-1,3653,other T,MAIT
PBMC10k_GATTCGATCGTGGAAG-1,3654,CD4 T,Treg
PBMC10k_GATTCTTAGTTTGGCT-1,3656,NK,NK
PBMC10k_GATTCTTTCCGCGGAT-1,3659,CD4 T,CD4 Naive
PBMC10k_GATTGGTCATCTCGTC-1,3661,B,B naive
PBMC10k_GATTGGTTCGTCAGAT-1,3665,NK,NK
PBMC10k_GATTGGTTCTAGCCTC-1,3666,CD4 T,CD4 Naive
PBMC10k_GATTTCTAGGTTGCCC-1,3671,CD4 T,CD4 Naive
PBMC10k_GATTTCTGTTAGGACG-1,3673,Mono,CD14 Mono
PBMC10k_GATTTCTTCTGCAGCG-1,3675,CD8 T,CD8 Naive
PBMC10k_GCAACCGCAGACCCGT-1,3683,CD4 T,CD4 Naive
PBMC10k_GCAACCGCAGGTAGTG-1,3684,NK,NK
PBMC10k_GCAACCGGTATGATCC-1,3686,other,Eryth
PBMC10k_GCAACCGGTTCCACGG-1,3689,CD4 T,CD4 Naive
PBMC10k_GCACATAGTAATTAGG-1,3694,NK,NK
PBMC10k_GCACATATCTTTGGAG-1,3697,NK,NK
PBMC10k_GCACGGTGTAGCGAGT-1,3701,CD4 T,CD4 TCM
PBMC10k_GCACGGTGTGCGGCTT-1,3703,Mono,CD14 Mono
PBMC10k_GCACGTGAGAAATGGG-1,3704,other T,MAIT
PBMC10k_GCACGTGGTATGAAAC-1,3707,NK,NK
PBMC10k_GCACGTGTCCGCAAAT-1,3708,other T,MAIT
PBMC10k_GCACTAAAGCCAGTAG-1,3710,Mono,CD14 Mono
PBMC10k_GCACTAACAATACGCT-1,3713,CD8 T,CD8 Naive
PBMC10k_GCACTAACACCCAATA-1,3714,B,B intermediate
PBMC10k_GCACTAACAGCCTACG-1,3715,NK,NK
PBMC10k_GCACTAATCCCAATAG-1,3718,CD4 T,CD4 TCM
PBMC10k_GCACTAATCTGCATGA-1,3719,other T,dnT
PBMC10k_GCAGCCAAGGTCTACT-1,3720,CD4 T,CD4 TCM
PBMC10k_GCAGCCAAGTCTACCA-1,3721,Mono,CD14 Mono
PBMC10k_GCAGCCACAGTCGCTG-1,3724,other T,MAIT
PBMC10k_GCAGCTGCATATGGCT-1,3729,Mono,CD14 Mono
PBMC10k_GCAGCTGGTAACACGG-1,3731,CD8 T,CD8 Naive
PBMC10k_GCAGCTGGTCAAGCGA-1,3732,DC,cDC2
PBMC10k_GCAGCTGTCTTCCGTG-1,3736,CD4 T,CD4 TEM
PBMC10k_GCAGGCTCAGCCGGTT-1,3738,CD4 T,CD4 TEM
PBMC10k_GCAGGCTTCTACTCAT-1,3742,Mono,CD14 Mono
PBMC10k_GCAGTTAAGCTACGTT-1,3743,CD4 T,CD4 TEM
PBMC10k_GCAGTTAAGTAGCAAT-1,3744,Mono,CD14 Mono
PBMC10k_GCAGTTACATTGAGCT-1,3746,Mono,CD14 Mono
PBMC10k_GCAGTTAGTCCTCAGG-1,3747,CD4 T,Treg
PBMC10k_GCAGTTAGTCGTTTCC-1,3749,Mono,CD14 Mono
PBMC10k_GCAGTTATCCCAGTGG-1,3750,Mono,CD14 Mono
PBMC10k_GCATCGGCAAGCAATA-1,3753,CD4 T,CD4 Naive
PBMC10k_GCATCGGCATCAGTGT-1,3754,other,Eryth
PBMC10k_GCATCGGGTCCCTGTT-1,3755,CD4 T,CD4 TCM
PBMC10k_GCATCGGTCGCTCTCA-1,3757,CD4 T,CD4 Naive
PBMC10k_GCATCTCCAAACCGGA-1,3761,CD8 T,CD8 TEM
PBMC10k_GCATCTCCACTGCATA-1,3763,CD4 T,CD4 Naive
PBMC10k_GCATCTCGTGCAACGA-1,3766,NK,NK
PBMC10k_GCATCTCTCACTACTT-1,3768,Mono,CD14 Mono
PBMC10k_GCATGATAGAATTCAG-1,3769,Mono,CD14 Mono
PBMC10k_GCATGATCATTGTACG-1,3772,CD4 T,CD4 Naive
PBMC10k_GCATGATGTGGAAGTC-1,3774,CD4 T,CD4 Naive
PBMC10k_GCATGATTCATGCCAA-1,3776,NK,NK
PBMC10k_GCATTAGGTCACCTTC-1,3779,CD4 T,Treg
PBMC10k_GCATTAGTCCCATGGG-1,3781,other T,MAIT
PBMC10k_GCCAACGAGACGTCGA-1,3784,CD4 T,CD4 TEM
PBMC10k_GCCAACGAGGTGCAGT-1,3785,NK,NK
PBMC10k_GCCAACGGTACGAGCA-1,3786,Mono,CD14 Mono
PBMC10k_GCCAACGGTGCTTATG-1,3787,NK,NK
PBMC10k_GCCAGCACAAGCCATT-1,3788,B,B naive
PBMC10k_GCCAGCAGTACAGAAT-1,3792,CD4 T,CD4 TEM
PBMC10k_GCCAGGTGTCCAACGC-1,3796,CD4 T,CD4 Naive
PBMC10k_GCCAGGTTCTGCTAGA-1,3798,other T,MAIT
PBMC10k_GCCAGTGCAGCTCATA-1,3799,CD4 T,CD4 TEM
PBMC10k_GCCAGTGTCTGCTTTA-1,3803,CD4 T,CD4 TCM
PBMC10k_GCCATGGGTAATCAAG-1,3804,CD4 T,CD4 TCM
PBMC10k_GCCATGGGTACGGGAT-1,3805,CD4 T,CD4 Naive
PBMC10k_GCCATGGGTTGCTCGG-1,3807,CD4 T,CD4 Naive
PBMC10k_GCCATGGTCCCTCAAC-1,3809,CD4 T,CD4 Naive
PBMC10k_GCCATGGTCTGCTGAA-1,3810,CD4 T,CD4 Naive
PBMC10k_GCCATTCAGTAGTGCG-1,3813,CD8 T,CD8 TEM
PBMC10k_GCCATTCCAACCCTCT-1,3814,Mono,CD14 Mono
PBMC10k_GCCATTCGTGGTAATA-1,3817,CD8 T,CD8 TEM
PBMC10k_GCCATTCTCGACACCG-1,3819,other,ILC
PBMC10k_GCCATTCTCGTTGTTT-1,3820,CD4 T,Treg
PBMC10k_GCCATTCTCTCGTGGG-1,3821,other,Eryth
PBMC10k_GCCCAGAAGTGGACTG-1,3823,NK,NK
PBMC10k_GCCCAGACAAGCAATA-1,3824,NK,NK
PBMC10k_GCCCAGAGTATTGAGA-1,3825,CD8 T,CD8 TEM
PBMC10k_GCCCAGAGTCTGTGGC-1,3826,Mono,CD14 Mono
PBMC10k_GCCCGAAAGTAGTCCT-1,3828,Mono,CD16 Mono
PBMC10k_GCCCGAAAGTGGTCAG-1,3829,CD4 T,CD4 Naive
PBMC10k_GCCCGAAGTACGAGTG-1,3830,B,B memory
PBMC10k_GCCCGAAGTTCATCGA-1,3831,Mono,CD14 Mono
PBMC10k_GCCCGAATCCAGCACG-1,3832,CD4 T,CD4 TCM
PBMC10k_GCCCGAATCCGGACTG-1,3833,CD8 T,CD8 Naive
PBMC10k_GCCGATGAGCGAATGC-1,3836,Mono,CD14 Mono
PBMC10k_GCCGATGCAATCGTCA-1,3837,CD4 T,Treg
PBMC10k_GCCGATGCACGCGTGT-1,3838,other,ILC
PBMC10k_GCCGATGGTCGCCTAG-1,3839,CD8 T,CD8 TEM
PBMC10k_GCCGTGAAGAGGTTAT-1,3842,DC,ASDC
PBMC10k_GCCGTGAAGTTGAAAC-1,3844,other T,MAIT
PBMC10k_GCCGTGACATCCCACT-1,3846,DC,cDC2
PBMC10k_GCCGTGATCCGAGCTG-1,3848,CD4 T,CD4 Naive
PBMC10k_GCCGTGATCCGTTTCG-1,3849,Mono,CD14 Mono
PBMC10k_GCCTGTTCAATAAGGT-1,3852,CD4 T,Treg
PBMC10k_GCCTGTTCAGGTTCGC-1,3853,CD8 T,CD8 TEM
PBMC10k_GCCTGTTGTCGTGTTA-1,3854,CD4 T,CD4 TEM
PBMC10k_GCCTGTTTCAGAGTTC-1,3856,CD4 T,CD4 Naive
PBMC10k_GCGAGAAAGATGCCGA-1,3857,CD4 T,CD4 Naive
PBMC10k_GCGAGAAAGTGAATAC-1,3859,CD4 T,CD4 TCM
PBMC10k_GCGAGAATCTGGGAGA-1,3864,CD4 T,CD4 Naive
PBMC10k_GCGATCGAGGTAAGAG-1,3866,NK,NK
PBMC10k_GCGATCGAGTCGAAGC-1,3867,NK,NK
PBMC10k_GCGATCGGTACGATCT-1,3869,B,B naive
PBMC10k_GCGATCGGTGACAGGT-1,3870,B,B naive
PBMC10k_GCGATCGGTTATGGTC-1,3872,B,B memory
PBMC10k_GCGGAAAGTCTGATAC-1,3875,Mono,CD14 Mono
PBMC10k_GCGGATCCACTGTGTA-1,3880,NK,NK
PBMC10k_GCGGATCCATGCGTGC-1,3881,CD4 T,CD4 Naive
PBMC10k_GCGGATCGTGATTAGA-1,3882,CD4 T,CD4 TCM
PBMC10k_GCGTGCAAGCACCGTC-1,3884,NK,NK
PBMC10k_GCGTGCACATAATGCC-1,3885,Mono,CD16 Mono
PBMC10k_GCGTGCAGTCATCAGT-1,3886,CD8 T,CD8 Naive
PBMC10k_GCGTGCATCATACGGT-1,3887,NK,NK
PBMC10k_GCGTGCATCCGAGATT-1,3888,Mono,CD14 Mono
PBMC10k_GCGTTTCAGCGTGAAC-1,3890,CD4 T,CD4 Naive
PBMC10k_GCGTTTCCACGGTGCT-1,3891,CD4 T,CD4 Naive
PBMC10k_GCGTTTCCACTGTGAT-1,3892,CD4 T,CD4 TEM
PBMC10k_GCGTTTCGTGCCTACG-1,3893,other T,MAIT
PBMC10k_GCTACAACATCCGATA-1,3897,Mono,CD14 Mono
PBMC10k_GCTACAAGTATCGCTA-1,3898,other,Eryth
PBMC10k_GCTACAATCATTCGTT-1,3900,CD8 T,CD8 Naive
PBMC10k_GCTACCTAGAAGAGCA-1,3901,DC,pDC
PBMC10k_GCTACCTAGCTATCTG-1,3903,Mono,CD14 Mono
PBMC10k_GCTACCTAGTCGAAGC-1,3904,CD4 T,CD4 Naive
PBMC10k_GCTACCTCAGTCGCAC-1,3906,NK,NK
PBMC10k_GCTACCTTCATAAGGA-1,3908,CD4 T,CD4 TCM
PBMC10k_GCTCAAAAGAAGTATC-1,3911,other,Eryth
PBMC10k_GCTCAAAAGGGAGTGG-1,3912,NK,NK
PBMC10k_GCTCAAACAGAGGCTA-1,3914,other T,MAIT
PBMC10k_GCTCAAATCGACCAAT-1,3916,Mono,CD14 Mono
PBMC10k_GCTCAAATCTCCAATT-1,3917,CD4 T,CD4 Naive
PBMC10k_GCTGAATCACAACGAG-1,3921,B,Plasmablast
PBMC10k_GCTGAATGTGATAGTA-1,3923,CD4 T,CD4 Naive
PBMC10k_GCTGAATTCAGCTAGT-1,3924,Mono,CD14 Mono
PBMC10k_GCTGAATTCGCAATTG-1,3925,Mono,CD14 Mono
PBMC10k_GCTGCAGGTTGCTTGA-1,3930,Mono,CD14 Mono
PBMC10k_GCTGCAGTCGGCTATA-1,3931,NK,NK
PBMC10k_GCTGGGTCACGGCGTT-1,3933,NK,NK
PBMC10k_GCTGGGTTCACTTATC-1,3934,B,B memory
PBMC10k_GCTTCACAGGATATGT-1,3935,DC,cDC2
PBMC10k_GCTTCACCACGTACTA-1,3936,other T,MAIT
PBMC10k_GCTTCACGTACGTTCA-1,3937,Mono,CD14 Mono
PBMC10k_GCTTCACTCAAAGGTA-1,3940,Mono,CD14 Mono
PBMC10k_GCTTCACTCCCATTCG-1,3942,CD4 T,CD4 Naive
PBMC10k_GCTTGGGAGATGAATC-1,3945,NK,NK
PBMC10k_GCTTGGGAGCTGTACT-1,3946,CD4 T,CD4 Naive
PBMC10k_GCTTGGGCACTGCACG-1,3949,other T,MAIT
PBMC10k_GCTTGGGCAGTTCACA-1,3950,Mono,CD14 Mono
PBMC10k_GCTTGGGGTACACTCA-1,3953,NK,NK
PBMC10k_GCTTTCGTCCTGGGTG-1,3959,NK,NK
PBMC10k_GCTTTCGTCGAAGCCC-1,3960,CD4 T,CD4 TCM
PBMC10k_GGAACCCAGAAGGCTC-1,3961,CD4 T,Treg
PBMC10k_GGAACCCCATCGGAGA-1,3964,CD4 T,Treg
PBMC10k_GGAACCCCATTCTGTT-1,3965,CD4 T,CD4 Naive
PBMC10k_GGAACCCGTCCACACG-1,3966,NK,NK Proliferating
PBMC10k_GGAACCCGTGGCCTCA-1,3967,Mono,CD14 Mono
PBMC10k_GGAACCCTCTAACGCA-1,3970,CD8 T,CD8 TEM
PBMC10k_GGAAGTGAGCGCCGTT-1,3971,CD4 T,Treg
PBMC10k_GGAAGTGAGTACTGGG-1,3973,B,B intermediate
PBMC10k_GGAAGTGGTACGTACT-1,3974,CD8 T,CD8 TEM
PBMC10k_GGAAGTGGTGATACAA-1,3975,B,B naive
PBMC10k_GGAAGTGGTTAACAGA-1,3976,B,B naive
PBMC10k_GGAATCTAGCGAGGAG-1,3979,B,B naive
PBMC10k_GGAATCTCATACAGCT-1,3980,CD8 T,CD8 Naive
PBMC10k_GGAATGGAGGCTGAAC-1,3981,CD4 T,CD4 TCM
PBMC10k_GGAATGGCAGTAGAAT-1,3982,CD4 T,CD4 TEM
PBMC10k_GGAATGGGTTCTCTAT-1,3985,Mono,CD14 Mono
PBMC10k_GGACGTCAGAGCCGAT-1,3987,NK,NK
PBMC10k_GGACGTCAGCCTAGGA-1,3989,CD4 T,CD4 TCM
PBMC10k_GGACGTCAGCGAAACC-1,3990,CD8 T,CD8 TEM
PBMC10k_GGACGTCCAATACAGA-1,3991,DC,cDC2
PBMC10k_GGAGAACTCGCCTTTG-1,3996,NK,NK
PBMC10k_GGAGATGAGAGAAGGT-1,3997,Mono,CD14 Mono
PBMC10k_GGAGATGTCAGAACCT-1,4003,Mono,CD14 Mono
PBMC10k_GGAGCAACAGTTCTAG-1,4006,Mono,CD14 Mono
PBMC10k_GGAGCAAGTTTACGAC-1,4007,Mono,CD14 Mono
PBMC10k_GGAGCAATCACAAGAA-1,4008,CD4 T,CD4 TCM
PBMC10k_GGAGGATAGAAGGTAG-1,4009,Mono,CD16 Mono
PBMC10k_GGAGGATAGAGCATAT-1,4010,CD4 T,CD4 Naive
PBMC10k_GGAGGATAGCGCGTTC-1,4011,Mono,CD14 Mono
PBMC10k_GGAGGATGTAGACACG-1,4013,Mono,CD14 Mono
PBMC10k_GGAGGATGTCCGAAAG-1,4014,Mono,CD16 Mono
PBMC10k_GGAGGATTCACCATCC-1,4016,CD8 T,CD8 TEM
PBMC10k_GGAGGATTCATGGTAC-1,4017,CD4 T,CD4 Naive
PBMC10k_GGAGGATTCCCTTTGG-1,4018,Mono,CD14 Mono
PBMC10k_GGAGGATTCGCTCATC-1,4019,CD4 T,CD4 TCM
PBMC10k_GGAGGTACAGTCTCTC-1,4023,B,B naive
PBMC10k_GGAGGTACATCATTTC-1,4024,other T,MAIT
PBMC10k_GGAGGTAGTACGTAGG-1,4026,CD4 T,CD4 Naive
PBMC10k_GGAGGTATCTGGAGAG-1,4030,CD8 T,CD8 TEM
PBMC10k_GGATCTACAGTAGTTC-1,4031,CD4 T,CD4 Naive
PBMC10k_GGATCTACATCAGTGT-1,4032,Mono,CD14 Mono
PBMC10k_GGATCTAGTAGGTCAG-1,4033,other,HSPC
PBMC10k_GGATCTATCCATAGAC-1,4035,other T,MAIT
PBMC10k_GGATGTTAGAGCATAT-1,4036,Mono,CD14 Mono
PBMC10k_GGATGTTAGGACGCTA-1,4037,CD4 T,CD4 Naive
PBMC10k_GGATGTTCACCAGGTC-1,4041,Mono,CD16 Mono
PBMC10k_GGATGTTCAGACAAGC-1,4043,CD4 T,CD4 TCM
PBMC10k_GGATGTTCAGCAGTAG-1,4044,CD4 T,CD4 Naive
PBMC10k_GGATGTTGTCCAACGC-1,4045,CD4 T,CD4 TCM
PBMC10k_GGATGTTGTGTGTACT-1,4046,other T,MAIT
PBMC10k_GGATGTTTCACGATCA-1,4047,Mono,CD14 Mono
PBMC10k_GGATGTTTCGGTTGTA-1,4049,NK,NK
PBMC10k_GGCACGTAGGGACCAT-1,4051,Mono,CD14 Mono
PBMC10k_GGCACGTGTCCTTAAG-1,4052,Mono,CD14 Mono
PBMC10k_GGCACGTGTGAATTAG-1,4053,CD4 T,CD4 Naive
PBMC10k_GGCAGTCAGCATCAAA-1,4054,CD4 T,CD4 Naive
PBMC10k_GGCAGTCCACTTTATC-1,4055,CD4 T,Treg
PBMC10k_GGCAGTCCAGGCTTGC-1,4056,NK,NK
PBMC10k_GGCGTCAAGCCTCCAG-1,4057,B,B naive
PBMC10k_GGCGTCACAGCGTGAA-1,4058,CD4 T,CD4 Naive
PBMC10k_GGCGTCAGTAACATCC-1,4060,CD4 T,CD4 Naive
PBMC10k_GGCGTCAGTGAATAAC-1,4061,CD4 T,CD4 Naive
PBMC10k_GGCTGTGCAAGTTCCA-1,4062,CD4 T,CD4 Naive
PBMC10k_GGCTGTGCAGCTTTCC-1,4064,Mono,CD14 Mono
PBMC10k_GGCTGTGGTGCTTCAA-1,4065,other T,MAIT
PBMC10k_GGCTGTGTCCTTACCG-1,4067,CD8 T,CD8 TEM
PBMC10k_GGCTTGGCATTGACTG-1,4069,B,B naive
PBMC10k_GGCTTGGGTATTGAGA-1,4071,CD4 T,CD4 TCM
PBMC10k_GGCTTGGGTGCATACT-1,4073,CD4 T,CD4 Naive
PBMC10k_GGCTTTCAGGTTTACC-1,4075,Mono,CD14 Mono
PBMC10k_GGCTTTCCAATTCTCT-1,4076,other T,MAIT
PBMC10k_GGCTTTCCATTGGGAG-1,4078,NK,NK
PBMC10k_GGCTTTCGTAGGAAAG-1,4081,CD4 T,CD4 Naive
PBMC10k_GGCTTTCGTTATCCAG-1,4082,other,Eryth
PBMC10k_GGGAAGTAGATGTAGT-1,4083,Mono,CD14 Mono
PBMC10k_GGGAAGTCAGACAAGC-1,4084,Mono,CD14 Mono
PBMC10k_GGGAAGTCAGGCGATA-1,4085,Mono,CD16 Mono
PBMC10k_GGGACAAAGGTGGTTG-1,4091,CD4 T,CD4 Naive
PBMC10k_GGGACAACAAAGGCAC-1,4092,CD4 T,CD4 TCM
PBMC10k_GGGACAACACACTTAG-1,4093,other,ILC
PBMC10k_GGGACAATCAATCTCT-1,4095,CD4 T,CD4 Naive
PBMC10k_GGGACAATCATGACAC-1,4096,Mono,CD14 Mono
PBMC10k_GGGACAATCGGTGTAT-1,4098,Mono,CD14 Mono
PBMC10k_GGGACAATCGTGGAAG-1,4099,B,B memory
PBMC10k_GGGACCTAGCGTCAAG-1,4100,B,B memory
PBMC10k_GGGACCTCAACCGACC-1,4101,CD4 T,CD4 TCM
PBMC10k_GGGACCTGTGACCGTC-1,4102,Mono,CD14 Mono
PBMC10k_GGGACTCCAGCTTCGG-1,4105,Mono,CD14 Mono
PBMC10k_GGGAGATAGACCATAA-1,4109,CD8 T,CD8 Naive
PBMC10k_GGGAGATTCAAGTCGT-1,4112,CD8 T,CD8 Naive
PBMC10k_GGGAGTACACCAGACC-1,4116,CD4 T,CD4 Naive
PBMC10k_GGGAGTATCATTACCT-1,4122,CD4 T,CD4 TEM
PBMC10k_GGGAGTATCCAATGCA-1,4123,other T,MAIT
PBMC10k_GGGAGTATCTCGACCT-1,4126,Mono,CD14 Mono
PBMC10k_GGGATCCAGAAAGTCT-1,4127,NK,NK
PBMC10k_GGGATCCCACGTAACT-1,4130,Mono,CD14 Mono
PBMC10k_GGGATCCTCGAAGCCC-1,4133,CD4 T,CD4 TCM
PBMC10k_GGGATGAAGAGCGACT-1,4135,other,Eryth
PBMC10k_GGGATGACACATTGTG-1,4136,other T,MAIT
PBMC10k_GGGATGACAGAACTCT-1,4137,other T,MAIT
PBMC10k_GGGATGACAGGATTCT-1,4139,CD8 T,CD8 Naive
PBMC10k_GGGATGATCAGTGTTG-1,4140,other,ILC
PBMC10k_GGGATGATCCCGTAAA-1,4141,Mono,CD14 Mono
PBMC10k_GGGCCATAGATCGCTT-1,4142,B,B naive
PBMC10k_GGGCGTTGTCGGCCTA-1,4146,CD8 T,CD8 Naive
PBMC10k_GGGCTACAGACGGATC-1,4148,NK,NK Proliferating
PBMC10k_GGGCTACGTCAAAGAT-1,4151,CD8 T,CD8 TEM
PBMC10k_GGGCTACGTCCTACAA-1,4152,CD4 T,CD4 Naive
PBMC10k_GGGCTACGTCGAACAG-1,4153,CD8 T,CD8 Naive
PBMC10k_GGGCTACGTTTGGGTT-1,4154,CD8 T,CD8 Naive
PBMC10k_GGGCTACTCGGTCGAC-1,4156,CD4 T,CD4 TCM
PBMC10k_GGGCTCACAGCTCCTT-1,4159,NK,NK
PBMC10k_GGGCTCATCCAACTGA-1,4161,B,B naive
PBMC10k_GGGCTCATCCAGCAAT-1,4162,CD4 T,Treg
PBMC10k_GGGCTCATCCCGAAAT-1,4163,B,B naive
PBMC10k_GGGTAGACACTCCTTG-1,4165,CD4 T,CD4 TCM
PBMC10k_GGGTAGACACTCTAGA-1,4166,CD4 T,CD4 TCM
PBMC10k_GGGTAGACAGTCTCTC-1,4167,other,ILC
PBMC10k_GGGTAGATCATCACCC-1,4169,Mono,CD14 Mono
PBMC10k_GGGTAGATCATTTGCT-1,4170,CD4 T,CD4 TEM
PBMC10k_GGGTAGATCCGTGCGA-1,4171,CD8 T,CD8 TEM
PBMC10k_GGGTATTAGCCTGAAG-1,4173,Mono,CD14 Mono
PBMC10k_GGGTATTCAACAGTGG-1,4175,CD4 T,Treg
PBMC10k_GGGTATTCATATGCGT-1,4176,other,ILC
PBMC10k_GGGTATTTCTCTTAAC-1,4177,B,B naive
PBMC10k_GGGTCACGTAGACACG-1,4179,CD4 T,CD4 TCM
PBMC10k_GGGTCACGTCCACTCT-1,4180,CD4 T,CD4 TCM
PBMC10k_GGGTCACTCTGGCCGA-1,4181,CD4 T,CD4 Naive
PBMC10k_GGGTCTGAGAACCCGA-1,4182,CD4 T,CD4 TEM
PBMC10k_GGGTCTGAGTACAACA-1,4183,Mono,CD14 Mono
PBMC10k_GGGTCTGCACATACGT-1,4185,other T,dnT
PBMC10k_GGGTCTGGTGGCTTGC-1,4186,Mono,CD14 Mono
PBMC10k_GGGTGAAGTTGGACTT-1,4189,CD8 T,CD8 TEM
PBMC10k_GGGTGAAGTTTCTATC-1,4190,CD8 T,CD8 Naive
PBMC10k_GGGTGAATCGCAACAT-1,4191,other T,MAIT
PBMC10k_GGGTGTCAGAGGTATT-1,4192,Mono,CD14 Mono
PBMC10k_GGGTGTCAGGCTATCT-1,4194,Mono,CD14 Mono
PBMC10k_GGGTGTCCAAGAGTTA-1,4196,Mono,CD14 Mono
PBMC10k_GGGTGTCTCCAAACCA-1,4197,NK,NK
PBMC10k_GGGTGTCTCTGGCCTT-1,4198,CD4 T,CD4 Naive
PBMC10k_GGGTTATAGAATTCAG-1,4199,CD4 T,CD4 Naive
PBMC10k_GGGTTATGTACGTAGG-1,4202,CD8 T,CD8 TCM
PBMC10k_GGGTTATGTCTCCTGT-1,4203,CD4 T,CD4 Naive
PBMC10k_GGGTTATGTGCTCCGA-1,4204,other T,MAIT
PBMC10k_GGGTTATGTTTACCAG-1,4206,CD4 T,CD4 TCM
PBMC10k_GGGTTATTCACGAACT-1,4207,CD4 T,Treg
PBMC10k_GGGTTATTCTTGAGCA-1,4210,CD8 T,CD8 TEM
PBMC10k_GGGTTTAAGGAAAGTG-1,4211,B,B naive
PBMC10k_GGGTTTAAGTCGAATA-1,4212,CD4 T,CD4 TCM
PBMC10k_GGGTTTACATCTCAAG-1,4214,CD4 T,CD4 Naive
PBMC10k_GGGTTTAGTCTAGGCC-1,4217,Mono,CD14 Mono
PBMC10k_GGTAACTAGGGAGTGG-1,4221,CD4 T,CD4 Naive
PBMC10k_GGTAACTCAAATGGTA-1,4223,CD4 T,CD4 TCM
PBMC10k_GGTAACTGTCGAATTC-1,4224,CD8 T,CD8 Naive
PBMC10k_GGTAACTTCATCTATC-1,4225,Mono,CD14 Mono
PBMC10k_GGTAACTTCCCGATCT-1,4226,CD8 T,CD8 TEM
PBMC10k_GGTAACTTCTGAGGTT-1,4227,other T,MAIT
PBMC10k_GGTAATCAGGCAGGGA-1,4228,CD4 T,CD4 Naive
PBMC10k_GGTAATCCAACTTCTT-1,4230,other T,dnT
PBMC10k_GGTAATCGTACTCGAT-1,4231,B,B naive
PBMC10k_GGTAGAGAGATAGTGT-1,4233,NK,NK Proliferating
PBMC10k_GGTAGAGAGATTAGTG-1,4234,CD8 T,CD8 Naive
PBMC10k_GGTAGAGAGTAAGCAT-1,4235,other T,MAIT
PBMC10k_GGTAGAGCACTATGTG-1,4236,other T,MAIT
PBMC10k_GGTAGAGGTGAGAGGG-1,4237,CD4 T,CD4 TEM
PBMC10k_GGTAGAGTCAGAACCT-1,4239,CD8 T,CD8 TEM
PBMC10k_GGTCACGAGCATCTTG-1,4242,CD4 T,CD4 Naive
PBMC10k_GGTCACGCAAGTCCCG-1,4245,CD4 T,CD4 Naive
PBMC10k_GGTCACGCAATTCTCT-1,4246,NK,NK
PBMC10k_GGTCACGGTCGCATGC-1,4249,CD4 T,Treg
PBMC10k_GGTCACGTCACCACAA-1,4250,Mono,CD14 Mono
PBMC10k_GGTCTGGAGAGTTGTA-1,4251,Mono,CD16 Mono
PBMC10k_GGTCTGGGTATCGTGT-1,4253,CD4 T,CD4 Naive
PBMC10k_GGTGAAGGTCATAGTC-1,4257,CD4 T,CD4 Naive
PBMC10k_GGTGAAGTCTGCATGA-1,4259,other,Eryth
PBMC10k_GGTGATTAGTAACAGT-1,4261,Mono,CD14 Mono
PBMC10k_GGTGATTCAAGTGGGT-1,4262,CD4 T,CD4 Naive
PBMC10k_GGTGATTCAGGCCCTA-1,4263,CD8 T,CD8 TEM
PBMC10k_GGTGATTCATGGGCAA-1,4264,CD4 T,CD4 TCM
PBMC10k_GGTGATTGTACATTGC-1,4265,other,ILC
PBMC10k_GGTGATTTCCATAAGC-1,4269,NK,NK
PBMC10k_GGTGGCTCACCGTCGA-1,4275,CD8 T,CD8 Naive
PBMC10k_GGTGGCTCACGTAGAG-1,4276,Mono,CD14 Mono
PBMC10k_GGTGGCTCAGCTCATA-1,4277,NK,NK
PBMC10k_GGTGGCTCATCGGATT-1,4278,B,B naive
PBMC10k_GGTGGCTGTAGCACGA-1,4279,B,B naive
PBMC10k_GGTGGCTTCCGGTAGC-1,4280,NK,NK
PBMC10k_GGTGTCGGTATGCAAA-1,4282,other T,MAIT
PBMC10k_GGTGTTAAGATGCCGA-1,4286,NK,NK
PBMC10k_GGTGTTACAACTCCCT-1,4289,Mono,CD16 Mono
PBMC10k_GGTTAACAGACTTCCA-1,4292,other,ILC
PBMC10k_GGTTAACCAGCCGTCA-1,4295,CD8 T,CD8 TEM
PBMC10k_GGTTAACGTTCGGCCA-1,4299,B,B naive
PBMC10k_GGTTAACTCTAGCCTC-1,4300,CD4 T,CD4 Naive
PBMC10k_GGTTCTCAGGTAGGCT-1,4302,NK,NK
PBMC10k_GGTTCTCCACAAGCAG-1,4303,NK,NK
PBMC10k_GGTTCTCCAGTAACAA-1,4304,other T,dnT
PBMC10k_GGTTCTCGTAAGAACT-1,4305,Mono,CD14 Mono
PBMC10k_GGTTCTCGTGGTCTCG-1,4306,DC,cDC2
PBMC10k_GGTTCTCTCGTCGACG-1,4309,other,ILC
PBMC10k_GGTTGTAAGAAGCGGG-1,4311,DC,pDC
PBMC10k_GGTTGTACAGGTGTGA-1,4312,other,Eryth
PBMC10k_GGTTGTACATGTCGTA-1,4313,CD4 T,CD4 Naive
PBMC10k_GGTTGTAGTTACCCAA-1,4314,CD4 T,Treg
PBMC10k_GGTTGTATCGACGCTG-1,4316,CD4 T,CD4 Naive
PBMC10k_GGTTGTATCGTGGGTC-1,4317,CD4 T,CD4 TCM
PBMC10k_GTAACACAGCCTTGAT-1,4318,CD4 T,CD4 TEM
PBMC10k_GTAACACAGGTGCTTT-1,4319,CD4 T,CD4 Naive
PBMC10k_GTAACACCATGCACTA-1,4322,CD8 T,CD8 Naive
PBMC10k_GTAACACTCATTGAGC-1,4323,CD4 T,CD4 Naive
PBMC10k_GTAACCACAAGCGGAT-1,4325,CD8 T,CD8 Naive
PBMC10k_GTAACCACACGCTGTG-1,4326,B,B naive
PBMC10k_GTAACCATCATCACTT-1,4328,NK,NK
PBMC10k_GTAACCATCCGAAATC-1,4329,CD8 T,CD8 Naive
PBMC10k_GTAAGTCCAACCCGCA-1,4333,CD8 T,CD8 TEM
PBMC10k_GTAAGTCGTATGAGAT-1,4334,CD4 T,CD4 TCM
PBMC10k_GTAAGTCTCCGCTTAC-1,4336,CD8 T,CD8 TEM
PBMC10k_GTAATCGAGAAGTCTA-1,4337,CD4 T,CD4 Naive
PBMC10k_GTAATCGAGCCAGTAG-1,4338,DC,cDC2
PBMC10k_GTAATCGAGGAACGTC-1,4339,B,B naive
PBMC10k_GTAATCGCACGGTGAA-1,4341,other T,MAIT
PBMC10k_GTAATCGGTCGTGGAA-1,4343,CD4 T,CD4 TEM
PBMC10k_GTAATGCCAAACCACT-1,4346,B,B naive
PBMC10k_GTAATGCCACGGTCTG-1,4347,Mono,CD14 Mono
PBMC10k_GTAATGCCATAGGAGC-1,4348,CD8 T,CD8 TEM
PBMC10k_GTAATGCGTAGGAGGG-1,4350,CD4 T,CD4 Naive
PBMC10k_GTAATGCGTCCATAGT-1,4352,CD4 T,CD4 TCM
PBMC10k_GTAATGCGTTTGAACC-1,4353,CD8 T,CD8 Naive
PBMC10k_GTACAACAGCACTGGA-1,4354,Mono,CD14 Mono
PBMC10k_GTACAACAGGTGCTGA-1,4355,Mono,CD14 Mono
PBMC10k_GTACAACGTGTCTTAG-1,4359,other T,gdT
PBMC10k_GTACAACTCTCGCAGG-1,4360,Mono,CD14 Mono
PBMC10k_GTACAGTCATTGCCTC-1,4361,NK,NK
PBMC10k_GTACAGTGTTACTCAG-1,4362,CD8 T,CD8 Naive
PBMC10k_GTAGAAACATGATAGA-1,4367,Mono,CD14 Mono
PBMC10k_GTAGAAAGTAGGTCAG-1,4368,NK,NK
PBMC10k_GTAGAAAGTCGTAATC-1,4369,CD4 T,CD4 TEM
PBMC10k_GTAGAAATCGGCTGGT-1,4370,NK,NK
PBMC10k_GTAGAAATCGTTCTAT-1,4371,other T,MAIT
PBMC10k_GTAGAGGAGAGTAACT-1,4372,CD4 T,CD4 Naive
PBMC10k_GTAGAGGCACATTGTG-1,4374,B,B naive
PBMC10k_GTAGAGGGTACTCCGG-1,4375,other T,MAIT
PBMC10k_GTAGAGGGTCAACCAT-1,4377,CD4 T,Treg
PBMC10k_GTAGAGGGTTAGTCGT-1,4380,NK,NK
PBMC10k_GTAGAGGGTTCAACGT-1,4381,CD8 T,CD8 TCM
PBMC10k_GTAGAGGTCGGAATTC-1,4382,CD4 T,Treg
PBMC10k_GTAGATCAGCTCATAC-1,4383,Mono,CD14 Mono
PBMC10k_GTAGATCAGGCTCAAG-1,4385,DC,cDC2
PBMC10k_GTAGATCCACCAAATC-1,4388,CD4 T,CD4 TCM
PBMC10k_GTAGATCGTCTGCAAT-1,4390,other T,gdT
PBMC10k_GTAGATCTCACATTGG-1,4392,CD4 T,Treg
PBMC10k_GTAGATCTCCGTGGCA-1,4395,Mono,CD14 Mono
PBMC10k_GTAGCTAAGAGCGACT-1,4396,DC,cDC2
PBMC10k_GTAGCTAAGATCGACG-1,4397,DC,cDC2
PBMC10k_GTAGCTAAGGCATCGA-1,4399,CD4 T,CD4 TCM
PBMC10k_GTAGCTACAGCGGTCT-1,4400,CD4 T,CD4 Naive
PBMC10k_GTAGCTACAGGCTCTG-1,4401,CD8 T,CD8 Naive
PBMC10k_GTAGCTAGTAGATTAG-1,4402,other T,MAIT
PBMC10k_GTAGCTATCCTGTTGC-1,4405,DC,cDC2
PBMC10k_GTAGGAGCAATCTCGA-1,4408,NK,NK
PBMC10k_GTAGGAGCAGCGCGTT-1,4410,CD8 T,CD8 Naive
PBMC10k_GTAGGAGGTATCCTTT-1,4411,B,B memory
PBMC10k_GTAGGAGGTATTAAGG-1,4412,CD4 T,CD4 TCM
PBMC10k_GTAGGAGTCCCAAGTA-1,4414,CD4 T,Treg
PBMC10k_GTAGGAGTCCTTATGT-1,4415,CD4 T,CD4 Naive
PBMC10k_GTAGGTTAGCCTAACT-1,4416,NK,NK
PBMC10k_GTAGGTTTCAGCCTCT-1,4418,Mono,CD14 Mono
PBMC10k_GTAGTACAGCGAGGAG-1,4421,CD4 T,CD4 TCM
PBMC10k_GTAGTACAGCTTTCCC-1,4422,other T,gdT
PBMC10k_GTAGTACTCGCCATAA-1,4425,Mono,CD14 Mono
PBMC10k_GTAGTACTCTCTCCGA-1,4426,other T,dnT
PBMC10k_GTATTGGCATCTCATT-1,4429,CD4 T,CD4 TCM
PBMC10k_GTATTGGGTTTGGGAG-1,4430,Mono,CD14 Mono
PBMC10k_GTATTGGTCTGGACCG-1,4431,other T,MAIT
PBMC10k_GTATTGGTCTTAGCCC-1,4432,DC,cDC2
PBMC10k_GTATTTCCACTGTTCC-1,4433,Mono,CD16 Mono
PBMC10k_GTATTTCCAGCTGTGC-1,4434,CD8 T,CD8 Proliferating
PBMC10k_GTATTTCGTATAATGG-1,4437,CD4 T,CD4 TEM
PBMC10k_GTATTTCGTCGAAACG-1,4438,NK,NK
PBMC10k_GTATTTCGTGATGTAA-1,4439,CD4 T,Treg
PBMC10k_GTATTTCTCGCACGAC-1,4440,NK,NK
PBMC10k_GTATTTCTCTCAACCC-1,4441,other T,MAIT
PBMC10k_GTCAAACAGCGAGTAC-1,4442,Mono,CD14 Mono
PBMC10k_GTCAAACGTGACGTCC-1,4445,CD4 T,CD4 Naive
PBMC10k_GTCAAACTCGAGAAGC-1,4447,CD4 T,CD4 Naive
PBMC10k_GTCAAGTAGATCGCTT-1,4448,CD4 T,CD4 TCM
PBMC10k_GTCAAGTAGTCCGCGT-1,4449,CD4 T,CD4 CTL
PBMC10k_GTCAAGTAGTGCCCGT-1,4450,other T,MAIT
PBMC10k_GTCAAGTCACAATGCT-1,4452,NK,NK
PBMC10k_GTCAAGTCACTTACAG-1,4454,NK,NK
PBMC10k_GTCAAGTGTCGGATTT-1,4455,CD4 T,CD4 Naive
PBMC10k_GTCAAGTGTGCCGTAC-1,4456,NK,NK
PBMC10k_GTCAAGTTCCACTTCG-1,4458,Mono,CD14 Mono
PBMC10k_GTCAAGTTCCCAGTGG-1,4459,CD8 T,CD8 Naive
PBMC10k_GTCAAGTTCGATGGAG-1,4460,NK,NK
PBMC10k_GTCACGGAGGCTGTAG-1,4464,CD8 T,CD8 Naive
PBMC10k_GTCACGGCAACCAACT-1,4466,CD4 T,CD4 TCM
PBMC10k_GTCACGGCAGTGGTGA-1,4468,CD4 T,CD4 TEM
PBMC10k_GTCACGGGTTTATGCG-1,4471,CD4 T,CD4 Naive
PBMC10k_GTCACTCCAATTTCTC-1,4474,Mono,CD14 Mono
PBMC10k_GTCACTCGTCTCAGGC-1,4475,CD4 T,Treg
PBMC10k_GTCACTCTCGACATCA-1,4477,NK,NK
PBMC10k_GTCAGCGAGCTCGTGC-1,4482,CD4 T,CD4 TEM
PBMC10k_GTCAGCGAGTACTGTC-1,4483,CD4 T,CD4 TCM
PBMC10k_GTCAGCGAGTTGGACG-1,4484,CD4 T,CD4 Naive
PBMC10k_GTCAGCGTCTGAGTCA-1,4488,CD4 T,CD4 Naive
PBMC10k_GTCAGCGTCTGTCCGT-1,4489,NK,NK
PBMC10k_GTCATCCCAAGGCAAC-1,4493,CD4 T,Treg
PBMC10k_GTCATCCCACGCTGAC-1,4494,CD4 T,CD4 TCM
PBMC10k_GTCATCCGTGTTGAGG-1,4496,Mono,CD14 Mono
PBMC10k_GTCATCCGTTCCCACT-1,4497,Mono,CD14 Mono
PBMC10k_GTCATCCTCAAAGCCT-1,4498,NK,NK
PBMC10k_GTCATCCTCCGCTAGG-1,4499,CD4 T,CD4 Naive
PBMC10k_GTCATGAAGATCCCAT-1,4500,NK,NK
PBMC10k_GTCATGAAGCCAGTAG-1,4501,B,B naive
PBMC10k_GTCATGAAGGTGGCTA-1,4502,Mono,CD14 Mono
PBMC10k_GTCATGACATAAGATG-1,4506,Mono,CD14 Mono
PBMC10k_GTCATTTAGCGCCATC-1,4508,CD4 T,CD4 TEM
PBMC10k_GTCATTTAGCGTGAGT-1,4509,CD4 T,CD4 TCM
PBMC10k_GTCATTTAGTATGGCG-1,4510,B,B naive
PBMC10k_GTCATTTGTAATGCTC-1,4512,CD4 T,Treg
PBMC10k_GTCATTTGTGTTCGTA-1,4514,CD4 T,CD4 Naive
PBMC10k_GTCATTTTCGCTTACC-1,4515,DC,cDC2
PBMC10k_GTCCACTAGGGACCAT-1,4516,other T,MAIT
PBMC10k_GTCCACTCAAACGAGC-1,4518,CD4 T,CD4 Naive
PBMC10k_GTCCACTCAATTGAGA-1,4520,CD8 T,CD8 TCM
PBMC10k_GTCCACTGTAAGAACT-1,4523,B,B intermediate
PBMC10k_GTCCACTGTATGGTTC-1,4524,CD8 T,CD8 TEM
PBMC10k_GTCCACTTCACGGTCG-1,4525,CD4 T,CD4 Naive
PBMC10k_GTCCACTTCGCGTGCA-1,4526,NK,NK
PBMC10k_GTCCACTTCGTGTGGC-1,4527,Mono,CD14 Mono
PBMC10k_GTCCCATAGCCTGAGA-1,4528,CD4 T,Treg
PBMC10k_GTCCCATAGCTAAGTA-1,4529,CD8 T,CD8 Naive
PBMC10k_GTCCCATCAAGACTGG-1,4530,CD8 T,CD8 Naive
PBMC10k_GTCCCATCACCAGCTG-1,4531,Mono,CD14 Mono
PBMC10k_GTCCCATGTTCGGTCG-1,4533,NK,NK
PBMC10k_GTCCCATTCAAGCCCG-1,4534,other T,MAIT
PBMC10k_GTCCCATTCGTCGGGT-1,4536,other T,MAIT
PBMC10k_GTCCTCAAGCCTAACT-1,4537,CD8 T,CD8 TCM
PBMC10k_GTCCTCACAATTTCTC-1,4540,CD4 T,Treg
PBMC10k_GTCCTCACACGCGCTA-1,4541,Mono,CD14 Mono
PBMC10k_GTCCTCACAGTCGTTA-1,4542,other T,dnT
PBMC10k_GTCCTCATCACCTGTC-1,4544,B,B naive
PBMC10k_GTCCTCATCTTGATTC-1,4546,Mono,CD14 Mono
PBMC10k_GTCGAATAGAGCAACC-1,4547,NK,NK
PBMC10k_GTCGAATCATGACTAC-1,4550,Mono,CD14 Mono
PBMC10k_GTCGAATGTAGGACCA-1,4551,Mono,CD16 Mono
PBMC10k_GTCGAATTCGGTAAGG-1,4555,CD4 T,CD4 TEM
PBMC10k_GTCGCGAAGATGACAT-1,4557,B,B naive
PBMC10k_GTCGCGAAGTGCCTCG-1,4558,CD4 T,CD4 TCM
PBMC10k_GTCGCGACATATACCG-1,4560,CD4 T,CD4 Naive
PBMC10k_GTCGCGAGTAAGCTCT-1,4561,NK,NK
PBMC10k_GTCGCGATCGCCATAA-1,4563,B,B naive
PBMC10k_GTCGTAAAGACTTCAC-1,4564,B,B naive
PBMC10k_GTCGTAAAGGTAGCCA-1,4566,CD4 T,CD4 Naive
PBMC10k_GTCGTAAAGGTCCCTG-1,4567,other T,dnT
PBMC10k_GTCGTAAAGTCACGCC-1,4568,NK,NK
PBMC10k_GTCGTAACAACCTATG-1,4569,Mono,CD14 Mono
PBMC10k_GTCGTAAGTCTTCTAT-1,4573,B,B intermediate
PBMC10k_GTCGTAATCGTTGCCT-1,4575,other T,dnT
PBMC10k_GTCGTAATCTGTGTGA-1,4576,CD4 T,CD4 Naive
PBMC10k_GTCGTTCCAACAAAGT-1,4577,other T,MAIT
PBMC10k_GTCGTTCCAGTCGGAA-1,4578,Mono,CD14 Mono
PBMC10k_GTCGTTCGTCATATGC-1,4579,CD8 T,CD8 Naive
PBMC10k_GTCGTTCGTGGGCTTC-1,4580,CD4 T,CD4 Naive
PBMC10k_GTCGTTCGTGGTAACG-1,4581,CD4 T,CD4 Naive
PBMC10k_GTCGTTCGTGTGAATA-1,4582,CD8 T,CD8 Naive
PBMC10k_GTCGTTCGTTCTCGCT-1,4583,B,B naive
PBMC10k_GTCGTTCGTTTCACTT-1,4584,CD8 T,CD8 TEM
PBMC10k_GTCGTTCTCATAGCAC-1,4585,CD4 T,CD4 Naive
PBMC10k_GTCTACCAGCGATCGA-1,4586,other T,MAIT
PBMC10k_GTCTACCCATCGGAGA-1,4588,other T,MAIT
PBMC10k_GTCTACCCATGCAGCC-1,4589,CD4 T,CD4 Naive
PBMC10k_GTCTACCTCACGACTA-1,4590,CD8 T,CD8 TEM
PBMC10k_GTCTAGAAGAGGCGTT-1,4591,CD4 T,CD4 Naive
PBMC10k_GTCTAGACAATCCAGT-1,4593,CD4 T,CD4 TCM
PBMC10k_GTCTAGAGTACCCAGC-1,4595,CD8 T,CD8 TEM
PBMC10k_GTCTAGAGTCACTCAA-1,4596,Mono,CD14 Mono
PBMC10k_GTCTCACAGCTCACTA-1,4598,CD8 T,CD8 Naive
PBMC10k_GTCTCACCATTGTGCA-1,4599,CD4 T,CD4 TEM
PBMC10k_GTCTCACGTTCCACAA-1,4602,CD4 T,CD4 TCM
PBMC10k_GTCTCACTCGAGAGCA-1,4603,CD4 T,CD4 Naive
PBMC10k_GTCTGTCAGCGAGTCA-1,4604,CD4 T,CD4 TCM
PBMC10k_GTCTGTCAGCGCCTAC-1,4605,CD8 T,CD8 Naive
PBMC10k_GTCTTTAAGCGACTGA-1,4612,CD4 T,CD4 Naive
PBMC10k_GTCTTTACAGCGTGCT-1,4613,CD8 T,CD8 TEM
PBMC10k_GTCTTTAGTACTTGTG-1,4615,Mono,CD14 Mono
PBMC10k_GTCTTTAGTAGCTGCC-1,4616,other,Eryth
PBMC10k_GTCTTTAGTCCGTTTC-1,4617,Mono,CD14 Mono
PBMC10k_GTCTTTAGTCGGCACT-1,4618,CD4 T,Treg
PBMC10k_GTGACGCAGACTCAAA-1,4619,other T,MAIT
PBMC10k_GTGACGCAGATCACCT-1,4620,CD8 T,CD8 Naive
PBMC10k_GTGACGCTCCATTGTT-1,4624,NK,NK
PBMC10k_GTGACGCTCGGACTTA-1,4625,NK,NK
PBMC10k_GTGAGGACAGTCTACA-1,4631,CD8 T,CD8 Naive
PBMC10k_GTGAGGACATAATGAG-1,4632,other T,dnT
PBMC10k_GTGAGGACATTGTGCA-1,4633,other T,gdT
PBMC10k_GTGAGGAGTGTTGACT-1,4634,Mono,CD14 Mono
PBMC10k_GTGAGGAGTTACCTGA-1,4635,DC,pDC
PBMC10k_GTGAGGAGTTCTCGTC-1,4636,CD4 T,CD4 TCM
PBMC10k_GTGAGGATCACACCGG-1,4637,NK,NK
PBMC10k_GTGAGGATCACCCATC-1,4638,Mono,CD14 Mono
PBMC10k_GTGAGTTCAATAGTAG-1,4640,Mono,CD14 Mono
PBMC10k_GTGAGTTGTTGCCGAC-1,4642,CD8 T,CD8 Naive
PBMC10k_GTGAGTTTCCAACTAG-1,4645,CD4 T,CD4 TCM
PBMC10k_GTGAGTTTCTTCTAAC-1,4647,other T,gdT
PBMC10k_GTGATGTAGATTCGCT-1,4648,CD4 T,CD4 TEM
PBMC10k_GTGATGTAGGCCTGCT-1,4649,CD4 T,CD4 TCM
PBMC10k_GTGATGTAGTGCGCTC-1,4650,NK,NK
PBMC10k_GTGATGTCAAGTGGTG-1,4651,other T,dnT
PBMC10k_GTGATGTCAATTCTCT-1,4652,NK,NK
PBMC10k_GTGATGTTCCTACTGC-1,4653,CD4 T,Treg
PBMC10k_GTGATGTTCCTCAGGG-1,4654,other T,gdT
PBMC10k_GTGCACGGTATTGAGA-1,4658,CD4 T,CD4 TCM
PBMC10k_GTGCACGTCATGAAAG-1,4659,other,Eryth
PBMC10k_GTGCAGCAGCGACAGT-1,4660,CD4 T,CD4 Naive
PBMC10k_GTGCAGCCACGAGGTA-1,4662,other T,dnT
PBMC10k_GTGCAGCCATTCGGGC-1,4664,CD4 T,CD4 Naive
PBMC10k_GTGCAGCGTAGTACGG-1,4665,CD4 T,CD4 TCM
PBMC10k_GTGCAGCTCTCAGGCG-1,4666,NK,NK
PBMC10k_GTGCGTGAGGCTAGCA-1,4669,CD4 T,CD4 Proliferating
PBMC10k_GTGCGTGCAAACTAGA-1,4670,NK,NK
PBMC10k_GTGCGTGCAGACAAGC-1,4672,Mono,CD14 Mono
PBMC10k_GTGCGTGTCCATGAGT-1,4675,CD4 T,CD4 Naive
PBMC10k_GTGCGTGTCCCGTAAA-1,4676,other,ILC
PBMC10k_GTGCGTGTCGTAACAC-1,4677,Mono,CD14 Mono
PBMC10k_GTGCTGGAGATACGAT-1,4678,CD8 T,CD8 TCM
PBMC10k_GTGCTGGCACGATAGG-1,4679,Mono,CD14 Mono
PBMC10k_GTGCTGGCACTGAATC-1,4680,CD8 T,CD8 Naive
PBMC10k_GTGCTGGGTTGTTTGG-1,4683,Mono,CD14 Mono
PBMC10k_GTGCTTCAGGAATGTT-1,4685,CD4 T,CD4 TCM
PBMC10k_GTGCTTCCAATCGTCA-1,4686,B,B naive
PBMC10k_GTGCTTCCACGAAAGC-1,4687,B,B naive
PBMC10k_GTGCTTCCAGATAAAC-1,4688,CD4 T,CD4 Naive
PBMC10k_GTGCTTCGTGCCCTTT-1,4689,Mono,CD14 Mono
PBMC10k_GTGCTTCGTGCGTGCT-1,4690,Mono,CD14 Mono
PBMC10k_GTGCTTCTCTCTTGCG-1,4692,Mono,CD16 Mono
PBMC10k_GTGGAAGAGAAGCTCG-1,4693,CD4 T,CD4 Naive
PBMC10k_GTGGAAGAGAGTAACT-1,4694,CD4 T,CD4 Naive
PBMC10k_GTGGAAGAGCTCCCTT-1,4695,NK,NK
PBMC10k_GTGGAAGAGGGACTGT-1,4697,NK,NK
PBMC10k_GTGGAAGCATAGGTAA-1,4699,other,Eryth
PBMC10k_GTGGAAGTCTTGAGCA-1,4700,CD4 T,CD4 Naive
PBMC10k_GTGGAGAAGGATGGCT-1,4701,other T,MAIT
PBMC10k_GTGGAGAGTAAGTAGT-1,4702,Mono,CD14 Mono
PBMC10k_GTGGAGAGTGGAGAAA-1,4704,CD4 T,CD4 Naive
PBMC10k_GTGGAGATCGGCTTGG-1,4707,CD4 T,Treg
PBMC10k_GTGGCGTGTTCCTACC-1,4710,CD4 T,CD4 Naive
PBMC10k_GTGGCGTTCGAAACAA-1,4711,Mono,CD14 Mono
PBMC10k_GTGGGAAAGAGTTGCG-1,4712,NK,NK
PBMC10k_GTGGGAAGTAGCTGTT-1,4716,CD4 T,CD4 Naive
PBMC10k_GTGGGAAGTCTTGCTC-1,4717,other,ILC
PBMC10k_GTGGGAATCACTACGA-1,4718,Mono,CD14 Mono
PBMC10k_GTGGGAATCGAGTACT-1,4719,Mono,CD14 Mono
PBMC10k_GTGGTTACATACCACA-1,4722,other,Eryth
PBMC10k_GTGGTTAGTAGACAAT-1,4723,CD4 T,CD4 TEM
PBMC10k_GTGGTTAGTCCAGCGT-1,4724,Mono,CD14 Mono
PBMC10k_GTGGTTAGTCGCGTCA-1,4725,CD8 T,CD8 Naive
PBMC10k_GTGGTTAGTGTTTGCA-1,4727,Mono,CD14 Mono
PBMC10k_GTGGTTATCACCCTGT-1,4728,CD8 T,CD8 TCM
PBMC10k_GTGTAACAGCTAGATA-1,4730,CD4 T,CD4 Naive
PBMC10k_GTGTAACAGTGGATTA-1,4732,other T,MAIT
PBMC10k_GTGTAACCACGTCATA-1,4734,Mono,CD14 Mono
PBMC10k_GTGTAACCAGCTGTAT-1,4736,other,Eryth
PBMC10k_GTGTAACTCGAAGCCC-1,4737,other,ILC
PBMC10k_GTGTCCTCAGAACCGA-1,4741,CD4 T,CD4 TEM
PBMC10k_GTGTCCTGTCGCCTAG-1,4742,NK,NK_CD56bright
PBMC10k_GTGTCCTTCTTTGCAT-1,4743,NK,NK
PBMC10k_GTGTGATAGAAGTGTT-1,4744,Mono,CD14 Mono
PBMC10k_GTGTGATAGTCGCTAT-1,4745,B,B memory
PBMC10k_GTGTGATGTAACTGCT-1,4747,Mono,CD14 Mono
PBMC10k_GTGTGATTCTCGCCTA-1,4748,CD4 T,CD4 Naive
PBMC10k_GTGTGGCCACAACGAG-1,4751,NK,NK
PBMC10k_GTGTGGCCACCTGCTT-1,4752,NK,NK
PBMC10k_GTGTGGCCATGACCCG-1,4753,CD8 T,CD8 Naive
PBMC10k_GTGTGGCGTTGTGTAC-1,4754,Mono,CD14 Mono
PBMC10k_GTGTGGCTCTACGGTA-1,4755,CD4 T,CD4 Naive
PBMC10k_GTGTTAGTCCGACGGT-1,4757,Mono,CD14 Mono
PBMC10k_GTGTTCCAGGCCGCTT-1,4759,B,B naive
PBMC10k_GTGTTCCGTTCCTTGC-1,4762,DC,cDC2
PBMC10k_GTGTTCCTCTCCACTG-1,4765,CD4 T,CD4 Naive
PBMC10k_GTTACAGCAGTGGTGA-1,4768,CD4 T,CD4 Naive
PBMC10k_GTTACAGCATTGAAGA-1,4769,other T,MAIT
PBMC10k_GTTACCCAGCCTTCTC-1,4776,CD8 T,CD8 Naive
PBMC10k_GTTACCCAGTCGCTAT-1,4777,Mono,CD14 Mono
PBMC10k_GTTACCCCAACAGATA-1,4778,Mono,CD14 Mono
PBMC10k_GTTACCCGTTTCGGCG-1,4781,other,ILC
PBMC10k_GTTACCCGTTTCTATC-1,4782,NK,NK
PBMC10k_GTTACCCTCGGCTCTT-1,4783,other T,MAIT
PBMC10k_GTTACCCTCTCATGGA-1,4784,B,B naive
PBMC10k_GTTACGAAGCCAAGGT-1,4785,CD4 T,Treg
PBMC10k_GTTACGACAATTGCAC-1,4787,NK,NK
PBMC10k_GTTACGAGTATCCCAA-1,4788,Mono,CD14 Mono
PBMC10k_GTTACGATCTTTGATC-1,4789,CD8 T,CD8 Naive
PBMC10k_GTTAGACCAAGGGCAT-1,4791,CD4 T,CD4 TCM
PBMC10k_GTTAGACCACTTGAAC-1,4792,B,B naive
PBMC10k_GTTAGACCAGCGGTTC-1,4793,DC,cDC2
PBMC10k_GTTAGACGTCGCATGC-1,4794,CD4 T,Treg
PBMC10k_GTTAGACTCCATCAGA-1,4796,Mono,CD14 Mono
PBMC10k_GTTAGACTCGCGTGAC-1,4798,CD4 T,CD4 Naive
PBMC10k_GTTAGTGAGACCCGCT-1,4801,Mono,CD14 Mono
PBMC10k_GTTAGTGTCGACATCA-1,4804,Mono,CD14 Mono
PBMC10k_GTTATGGAGTAGCCAG-1,4805,CD4 T,Treg
PBMC10k_GTTATGGAGTTGGCTT-1,4806,CD4 T,CD4 TEM
PBMC10k_GTTATGGGTACTGCGC-1,4807,Mono,CD14 Mono
PBMC10k_GTTATGGTCGCGTTTC-1,4809,Mono,CD14 Mono
PBMC10k_GTTCATTAGATGGCAC-1,4810,Mono,CD14 Mono
PBMC10k_GTTCATTAGCTCGAAG-1,4811,CD8 T,CD8 Naive
PBMC10k_GTTCATTAGGGCAGAG-1,4812,CD4 T,CD4 Naive
PBMC10k_GTTCATTCACATTCGA-1,4814,CD4 T,CD4 TEM
PBMC10k_GTTCATTCATGGCCCA-1,4815,CD8 T,CD8 Naive
PBMC10k_GTTCATTCATGGGATG-1,4816,CD4 T,CD4 Naive
PBMC10k_GTTCATTGTATTAAGG-1,4818,CD4 T,CD4 TCM
PBMC10k_GTTCATTGTTAGGCTT-1,4819,Mono,CD14 Mono
PBMC10k_GTTCCGTAGTCTCCTC-1,4820,Mono,CD14 Mono
PBMC10k_GTTCCGTCAAGCCTGC-1,4821,B,B memory
PBMC10k_GTTCCGTGTCAATCTG-1,4823,NK,NK
PBMC10k_GTTCCGTGTTTACGTG-1,4825,other T,dnT
PBMC10k_GTTCGCTCATCTTTCA-1,4831,CD4 T,CD4 TEM
PBMC10k_GTTCGCTGTAACAAGT-1,4832,Mono,CD14 Mono
PBMC10k_GTTCGCTTCAAAGACA-1,4834,CD4 T,CD4 TEM
PBMC10k_GTTCGCTTCCATGAGT-1,4836,Mono,CD14 Mono
PBMC10k_GTTCTATAGAAAGTCT-1,4837,NK,NK
PBMC10k_GTTCTATAGTACCGGA-1,4839,CD4 T,CD4 Naive
PBMC10k_GTTCTATAGTTCCATG-1,4840,NK,NK
PBMC10k_GTTCTATCACCTCTGT-1,4841,CD8 T,CD8 TEM
PBMC10k_GTTCTATTCCGCAGTG-1,4842,Mono,CD14 Mono
PBMC10k_GTTCTATTCGAACGCC-1,4843,CD4 T,CD4 Naive
PBMC10k_GTTCTATTCGACGACC-1,4844,DC,cDC2
PBMC10k_GTTCTATTCTCAATCT-1,4845,other,Eryth
PBMC10k_GTTGAACAGAATCGTA-1,4846,Mono,CD14 Mono
PBMC10k_GTTGAACAGACCAAGC-1,4847,Mono,CD14 Mono
PBMC10k_GTTGAACCACACAGAG-1,4848,NK,NK
PBMC10k_GTTGAACTCGTCGCTT-1,4849,Mono,CD14 Mono
PBMC10k_GTTGCGGAGACCAAAT-1,4850,CD8 T,CD8 Naive
PBMC10k_GTTGCGGCAGCTGGTC-1,4853,CD4 T,CD4 Naive
PBMC10k_GTTGCGGCATCTGTTT-1,4855,CD4 T,Treg
PBMC10k_GTTGCGGGTCATGACT-1,4856,other T,gdT
PBMC10k_GTTGCGGGTCTAGATC-1,4857,NK,NK
PBMC10k_GTTGCTCAGAGGATGA-1,4859,Mono,CD14 Mono
PBMC10k_GTTGCTCGTCGAAGCA-1,4861,CD8 T,CD8 Naive
PBMC10k_GTTGCTCGTGCTGTCG-1,4862,Mono,CD14 Mono
PBMC10k_GTTGCTCTCGTCCATC-1,4863,B,B naive
PBMC10k_GTTGTAGAGTCTCGTA-1,4864,CD8 T,CD8 TEM
PBMC10k_GTTGTAGCAATTGCCA-1,4866,CD8 T,CD8 Naive
PBMC10k_GTTGTAGGTTTAGTCG-1,4869,Mono,CD14 Mono
PBMC10k_GTTGTAGGTTTGCCGG-1,4870,Mono,CD14 Mono
PBMC10k_GTTGTCCAGTTGTACC-1,4873,DC,pDC
PBMC10k_GTTGTCCGTAACATAG-1,4874,Mono,CD14 Mono
PBMC10k_GTTGTCCGTACACGCC-1,4875,CD4 T,CD4 TCM
PBMC10k_GTTGTCCGTCAGTCGC-1,4876,CD4 T,CD4 TCM
PBMC10k_GTTGTCCGTCATCCGG-1,4877,B,B naive
PBMC10k_GTTGTCCTCAATGTCG-1,4880,other T,MAIT
PBMC10k_GTTGTCCTCCTTTAGT-1,4881,Mono,CD14 Mono
PBMC10k_GTTGTCCTCGCTGTCT-1,4882,Mono,CD14 Mono
PBMC10k_GTTGTGAAGGGCAGGA-1,4884,CD8 T,CD8 TEM
PBMC10k_GTTGTGACAAACTAGA-1,4885,CD4 T,CD4 TEM
PBMC10k_GTTGTGACAAATTAGG-1,4886,B,B memory
PBMC10k_GTTGTGACATTGCTGA-1,4888,Mono,CD14 Mono
PBMC10k_GTTGTGAGTCACTACA-1,4889,other,Eryth
PBMC10k_GTTGTGAGTCTTCAAG-1,4890,Mono,CD14 Mono
PBMC10k_GTTGTGATCATCACAG-1,4892,CD4 T,CD4 Naive
PBMC10k_GTTGTGATCTTGCAAG-1,4893,CD4 T,CD4 Naive
PBMC10k_GTTTACTAGACACACG-1,4894,Mono,CD14 Mono
PBMC10k_GTTTACTGTATCGGTT-1,4897,other,Eryth
PBMC10k_GTTTACTGTCGATTTG-1,4898,NK,NK
PBMC10k_GTTTACTGTGGTCTGC-1,4899,other T,dnT
PBMC10k_GTTTACTTCTCCTGCA-1,4901,NK,NK_CD56bright
PBMC10k_GTTTGGAAGGATACAT-1,4902,CD8 T,CD8 Naive
PBMC10k_GTTTGGAAGTTCACTG-1,4903,CD4 T,CD4 Naive
PBMC10k_GTTTGGAGTCGAATTC-1,4905,NK,NK
PBMC10k_GTTTGGAGTTGCACGC-1,4906,Mono,CD14 Mono
PBMC10k_GTTTGGAGTTTCGCTC-1,4908,CD8 T,CD8 TCM
PBMC10k_TAACACGAGCGAACTG-1,4909,Mono,CD14 Mono
PBMC10k_TAACACGCACTATCGA-1,4910,CD4 T,CD4 Naive
PBMC10k_TAACACGGTGTAAATG-1,4912,CD8 T,CD8 TEM
PBMC10k_TAACCAGAGACCTCAT-1,4913,CD4 T,CD4 TEM
PBMC10k_TAACCAGCACCAAAGG-1,4914,CD4 T,Treg
PBMC10k_TAACCAGCAGCTTTCC-1,4916,CD8 T,CD8 Naive
PBMC10k_TAACCAGGTAGACAGC-1,4917,Mono,CD14 Mono
PBMC10k_TAACGACAGTCGCCAC-1,4919,other T,MAIT
PBMC10k_TAACGACCACCTCAGG-1,4921,CD4 T,CD4 TEM
PBMC10k_TAACGACCATTCTTCA-1,4922,NK,NK
PBMC10k_TAACGACTCACGAGGA-1,4924,other T,MAIT
PBMC10k_TAACGACTCCTTATCA-1,4926,Mono,CD14 Mono
PBMC10k_TAACTTCAGTTGGAGC-1,4927,other T,MAIT
PBMC10k_TAACTTCGTGCCTACG-1,4929,CD4 T,CD4 Naive
PBMC10k_TAAGCACAGGCCTTCG-1,4933,Mono,CD14 Mono
PBMC10k_TAAGCACAGGTGCCTC-1,4934,Mono,CD14 Mono
PBMC10k_TAAGCACCAGTCGAGA-1,4936,other T,MAIT
PBMC10k_TAAGCACGTCCACAGC-1,4938,NK,NK
PBMC10k_TAAGCCATCAGTGGGA-1,4942,B,B intermediate
PBMC10k_TAAGCGTCAGTCTGGC-1,4946,NK,NK
PBMC10k_TAAGCGTCATTCAGGT-1,4947,NK,NK
PBMC10k_TAAGCGTGTAGAAACT-1,4948,CD4 T,CD4 TCM
PBMC10k_TAAGCGTGTCTGCGCA-1,4950,Mono,CD14 Mono
PBMC10k_TAAGCGTTCGTCCTCA-1,4951,Mono,CD16 Mono
PBMC10k_TAAGTCGAGCGACCCT-1,4952,other,ILC
PBMC10k_TAAGTCGCATTCATCT-1,4955,DC,cDC2
PBMC10k_TAAGTCGTCCGGGACT-1,4956,other T,MAIT
PBMC10k_TAAGTCGTCGGCTGAC-1,4957,B,B naive
PBMC10k_TAATCTCAGCATCTTG-1,4958,other,ILC
PBMC10k_TAATCTCAGCTACAAA-1,4959,CD4 T,CD4 Naive
PBMC10k_TAATCTCAGGTAAGTT-1,4960,NK,NK
PBMC10k_TAATCTCTCATCTCTA-1,4964,B,B naive
PBMC10k_TAATCTCTCGAGGCAA-1,4965,other,Eryth
PBMC10k_TAATCTCTCTGTACAG-1,4966,Mono,CD14 Mono
PBMC10k_TAATTCCAGCATCAGG-1,4967,CD4 T,CD4 CTL
PBMC10k_TAATTCCCACCTAAAC-1,4968,Mono,CD14 Mono
PBMC10k_TAATTCCGTCCACATA-1,4970,NK,NK
PBMC10k_TAATTCCTCCCAAGCG-1,4971,NK,NK
PBMC10k_TACAACGCACCAGCGT-1,4974,Mono,CD14 Mono
PBMC10k_TACAACGCACTGGCGT-1,4975,Mono,CD14 Mono
PBMC10k_TACAACGGTATGCGGA-1,4976,CD4 T,CD4 Naive
PBMC10k_TACAACGTCCGGACTG-1,4979,CD4 T,CD4 TCM
PBMC10k_TACAACGTCGATTTCT-1,4980,Mono,CD14 Mono
PBMC10k_TACACCCAGTGTTGTC-1,4983,CD4 T,Treg
PBMC10k_TACACCCCACTCCTGT-1,4984,NK,NK
PBMC10k_TACAGGTAGGGAACAA-1,4986,Mono,CD14 Mono
PBMC10k_TACAGGTCACCTGCAG-1,4988,NK,NK
PBMC10k_TACAGGTTCCTCACGT-1,4990,DC,cDC2
PBMC10k_TACAGGTTCGTTTACT-1,4991,CD4 T,CD4 Naive
PBMC10k_TACATTCAGAGCCGAT-1,4992,CD8 T,CD8 Naive
PBMC10k_TACATTCAGCGCTGCT-1,4993,NK,NK
PBMC10k_TACATTCCACTAACCA-1,4995,CD4 T,Treg
PBMC10k_TACATTCGTGGACTAG-1,4996,NK,NK
PBMC10k_TACATTCTCACCATCC-1,4997,CD4 T,CD4 TEM
PBMC10k_TACATTCTCTAGGCAT-1,4999,Mono,CD14 Mono
PBMC10k_TACCCACAGGAATTAC-1,5001,B,B intermediate
PBMC10k_TACCCACTCGACATTG-1,5002,Mono,CD14 Mono
PBMC10k_TACCCGTAGTGCTCAT-1,5005,Mono,CD14 Mono
PBMC10k_TACCCGTCAGAAGCGT-1,5008,Mono,CD14 Mono
PBMC10k_TACCCGTCATGAGGGT-1,5010,B,B naive
PBMC10k_TACCCGTTCCACAGGC-1,5011,Mono,CD14 Mono
PBMC10k_TACCCGTTCCCGTGTT-1,5012,NK,NK
PBMC10k_TACCCGTTCCGAGATT-1,5013,NK,NK
PBMC10k_TACCCGTTCGGAACTT-1,5014,NK,NK
PBMC10k_TACCCGTTCGTCGATA-1,5015,DC,cDC1
PBMC10k_TACCCGTTCGTTGCCT-1,5016,Mono,CD14 Mono
PBMC10k_TACCCGTTCTACCACC-1,5017,CD8 T,CD8 Naive
PBMC10k_TACCCGTTCTGGTGGC-1,5018,CD4 T,CD4 Naive
PBMC10k_TACCGAATCAGTGCGC-1,5022,Mono,CD14 Mono
PBMC10k_TACCGGGAGACTTCCA-1,5025,NK,NK
PBMC10k_TACCGGGAGCGATGCA-1,5026,Mono,CD14 Mono
PBMC10k_TACCGGGAGGTAAGAG-1,5027,CD4 T,CD4 Naive
PBMC10k_TACCGGGTCTTACTGT-1,5028,CD4 T,CD4 TEM
PBMC10k_TACCTCGAGATCGCTT-1,5029,other T,MAIT
PBMC10k_TACCTCGCAACTGCTA-1,5031,other T,MAIT
PBMC10k_TACCTCGGTCAGTCCG-1,5032,CD4 T,CD4 TEM
PBMC10k_TACCTGCAGCTAAACA-1,5034,Mono,CD14 Mono
PBMC10k_TACCTGCAGCTTTGTG-1,5035,other T,MAIT
PBMC10k_TACCTGCGTCCGGTGT-1,5037,CD8 T,CD8 TCM
PBMC10k_TACCTGCGTTGCTAGT-1,5039,CD8 T,CD8 TEM
PBMC10k_TACCTGCTCCCAGGCA-1,5040,NK,NK
PBMC10k_TACCTGCTCCCTCAAC-1,5041,CD4 T,CD4 Naive
PBMC10k_TACGCTCAGATAGTCA-1,5042,other T,MAIT
PBMC10k_TACGCTCAGCTGACCC-1,5043,CD4 T,Treg
PBMC10k_TACGCTCTCCTGGGAC-1,5045,CD8 T,CD8 Naive
PBMC10k_TACGCTCTCTCGACCT-1,5047,CD4 T,CD4 TEM
PBMC10k_TACGGGCCAGAACTTC-1,5048,Mono,CD14 Mono
PBMC10k_TACGGGCCATTGCCTC-1,5049,Mono,CD14 Mono
PBMC10k_TACGGGCGTTGCAAGG-1,5050,NK,NK
PBMC10k_TACGGGCTCTGCCTCA-1,5053,CD4 T,CD4 TCM
PBMC10k_TACGGTAGTCTTTCAT-1,5054,NK,NK
PBMC10k_TACGGTAGTTGCCGCA-1,5055,CD8 T,CD8 TCM
PBMC10k_TACGTCCCAGCTGTGC-1,5057,Mono,CD16 Mono
PBMC10k_TACGTCCCAGTCGGTC-1,5058,CD4 T,CD4 Naive
PBMC10k_TACGTCCGTCCGATCG-1,5059,CD4 T,CD4 Naive
PBMC10k_TACGTCCTCACCTCAC-1,5061,other T,MAIT
PBMC10k_TACGTCCTCCGCGGAT-1,5062,Mono,CD14 Mono
PBMC10k_TACGTCCTCTATCACT-1,5063,CD4 T,Treg
PBMC10k_TACTGCCAGATTCGCT-1,5065,NK,NK
PBMC10k_TACTGCCAGGAACGAA-1,5066,CD4 T,CD4 Naive
PBMC10k_TACTGCCAGTACAGCG-1,5067,CD4 T,Treg
PBMC10k_TACTGCCGTGATTCAC-1,5070,CD8 T,CD8 TCM
PBMC10k_TACTTACCAATGCTCA-1,5072,Mono,CD14 Mono
PBMC10k_TACTTACGTCTTACTT-1,5073,NK,NK_CD56bright
PBMC10k_TACTTACGTTATGGTC-1,5074,CD4 T,CD4 TCM
PBMC10k_TACTTACGTTGGCCTG-1,5075,other T,MAIT
PBMC10k_TACTTACTCAGTCCGG-1,5076,CD4 T,CD4 Naive
PBMC10k_TACTTACTCCTACGGG-1,5077,B,B naive
PBMC10k_TACTTCAAGACGACTG-1,5078,Mono,CD14 Mono
PBMC10k_TACTTCAAGGATACGC-1,5079,Mono,CD14 Mono
PBMC10k_TACTTCATCACTGTCC-1,5082,DC,pDC
PBMC10k_TACTTGTAGTTTGAGA-1,5085,Mono,CD14 Mono
PBMC10k_TACTTGTGTAGCCAGA-1,5087,CD4 T,CD4 Naive
PBMC10k_TACTTGTTCCCTCGTA-1,5089,NK,NK
PBMC10k_TAGACCAAGAAGGATG-1,5091,B,B memory
PBMC10k_TAGACCAAGAGGGCGA-1,5092,other T,MAIT
PBMC10k_TAGACCAAGCCGTTAT-1,5093,CD4 T,CD4 TCM
PBMC10k_TAGACCACATCGTGGC-1,5095,NK,NK
PBMC10k_TAGACCAGTCGAGCAA-1,5098,CD4 T,Treg
PBMC10k_TAGACCAGTGACATCT-1,5099,Mono,CD14 Mono
PBMC10k_TAGACCATCCGAGAAG-1,5101,CD8 T,CD8 TEM
PBMC10k_TAGACTGAGGTAGCCA-1,5104,Mono,CD14 Mono
PBMC10k_TAGACTGCAAATCGGG-1,5105,CD4 T,CD4 TEM
PBMC10k_TAGACTGCACGGTGCT-1,5106,Mono,CD14 Mono
PBMC10k_TAGACTGCACTAACGT-1,5107,CD4 T,Treg
PBMC10k_TAGACTGTCATTCGGA-1,5108,other T,MAIT
PBMC10k_TAGACTGTCTTTCGAT-1,5110,other T,gdT
PBMC10k_TAGAGTCAGCGTTGTT-1,5111,CD8 T,CD8 Naive
PBMC10k_TAGAGTCCAAAGGGTC-1,5113,CD4 T,CD4 Naive
PBMC10k_TAGATCGAGTAAGGGA-1,5117,CD4 T,CD4 TCM
PBMC10k_TAGATCGCATAGAAAC-1,5119,DC,cDC2
PBMC10k_TAGATCGGTTGGCCGT-1,5122,CD4 T,CD4 TEM
PBMC10k_TAGATCGGTTGTAAAG-1,5123,Mono,CD14 Mono
PBMC10k_TAGATCGTCCTGTTAT-1,5124,CD4 T,CD4 TEM
PBMC10k_TAGATCGTCGGACTGC-1,5125,other T,MAIT
PBMC10k_TAGCACAAGATGCCGA-1,5126,NK,NK
PBMC10k_TAGGAGGAGTCTAGAA-1,5130,CD4 T,CD4 TEM
PBMC10k_TAGGAGGCAAACGGCA-1,5131,B,Plasmablast
PBMC10k_TAGGAGGGTATGGGAC-1,5133,CD8 T,CD8 Naive
PBMC10k_TAGGAGGGTTGTCCCT-1,5134,CD4 T,CD4 Naive
PBMC10k_TAGGTACCAAGCACAG-1,5137,NK,NK
PBMC10k_TAGGTACCAAGTGATA-1,5138,CD4 T,CD4 TEM
PBMC10k_TAGGTACGTTACCCAA-1,5143,CD8 T,CD8 TEM
PBMC10k_TAGGTTGAGCTCGCAC-1,5149,Mono,CD14 Mono
PBMC10k_TAGGTTGCATCGATGT-1,5150,Mono,CD14 Mono
PBMC10k_TAGTGCAAGCCACTCG-1,5153,Mono,CD14 Mono
PBMC10k_TAGTGCACACGAAGAC-1,5154,CD4 T,CD4 TCM
PBMC10k_TAGTGCACATCGCTGG-1,5155,B,B naive
PBMC10k_TAGTGCAGTCACAGTT-1,5157,DC,cDC2
PBMC10k_TATACCTAGCCATTGT-1,5159,CD4 T,CD4 TCM
PBMC10k_TATACCTAGGCCCAAA-1,5160,CD4 T,CD4 TCM
PBMC10k_TATACCTAGTCTTCCC-1,5161,CD4 T,Treg
PBMC10k_TATACCTCAGTGCCTG-1,5162,CD4 T,CD4 Naive
PBMC10k_TATACCTCATTCAGGT-1,5163,Mono,CD14 Mono
PBMC10k_TATACCTGTTAAGAAC-1,5165,Mono,CD14 Mono
PBMC10k_TATACCTTCTATCCAT-1,5167,CD4 T,CD4 TEM
PBMC10k_TATATCCAGGATTTCC-1,5168,B,B naive
PBMC10k_TATATCCGTTCTTAGG-1,5171,CD4 T,CD4 Naive
PBMC10k_TATATCCTCCCTATTA-1,5173,DC,cDC2
PBMC10k_TATCAGGAGTGCTCAT-1,5177,B,B intermediate
PBMC10k_TATCAGGTCGTAGCCG-1,5181,CD4 T,Treg
PBMC10k_TATCAGGTCTTGGCTC-1,5182,B,B naive
PBMC10k_TATCCTAAGAGGATGA-1,5183,NK,NK
PBMC10k_TATCCTAAGCCTCAAT-1,5184,CD8 T,CD8 TCM
PBMC10k_TATCCTAGTAACGTTC-1,5188,B,B intermediate
PBMC10k_TATCCTAGTGAATGAT-1,5189,other,Eryth
PBMC10k_TATCGCCCAAGTGGTG-1,5193,CD4 T,CD4 Naive
PBMC10k_TATCGCCCAAGTTCCA-1,5194,other,ILC
PBMC10k_TATCGCCGTACTGGGA-1,5196,CD4 T,CD4 TCM
PBMC10k_TATCGCCTCTACGCGG-1,5197,NK,NK
PBMC10k_TATCTGTAGTCGAAAT-1,5198,other,Eryth
PBMC10k_TATCTGTAGTTCTCTT-1,5199,CD8 T,CD8 Naive
PBMC10k_TATCTGTGTAATACCC-1,5200,Mono,CD14 Mono
PBMC10k_TATCTGTGTTCTAAGC-1,5201,NK,NK
PBMC10k_TATCTGTGTTTGGAAA-1,5202,CD8 T,CD8 Naive
PBMC10k_TATCTGTTCACGTCCT-1,5203,CD8 T,CD8 TCM
PBMC10k_TATCTGTTCTCGCGTT-1,5204,CD8 T,CD8 TEM
PBMC10k_TATCTTGAGCCATGCC-1,5206,NK,NK
PBMC10k_TATCTTGAGGTTGCCC-1,5207,Mono,CD14 Mono
PBMC10k_TATCTTGGTATATGGA-1,5208,other T,dnT
PBMC10k_TATCTTGTCCATAGGT-1,5210,NK,NK
PBMC10k_TATGTTCAGTGCGTCC-1,5213,CD8 T,CD8 Naive
PBMC10k_TATGTTCCATAGTCGT-1,5215,other,ILC
PBMC10k_TATTCCAAGCGCTGAA-1,5216,Mono,CD14 Mono
PBMC10k_TATTCCAAGGTCCTGC-1,5218,Mono,CD14 Mono
PBMC10k_TATTCCACAATCGCCG-1,5220,Mono,CD14 Mono
PBMC10k_TATTCCACACTCAGAT-1,5221,Mono,CD14 Mono
PBMC10k_TATTCCAGTATGTCCA-1,5222,NK,NK
PBMC10k_TATTCCAGTCGCACGT-1,5223,CD8 T,CD8 Naive
PBMC10k_TATTCCAGTCTAACTG-1,5224,CD4 T,Treg
PBMC10k_TATTGCTAGTGTTGAA-1,5229,CD4 T,CD4 TCM
PBMC10k_TATTGCTAGTTGCTCA-1,5230,NK,NK
PBMC10k_TATTGCTCACAGTCAT-1,5231,Mono,CD14 Mono
PBMC10k_TATTGCTGTTAAGAAC-1,5233,CD8 T,CD8 TCM
PBMC10k_TATTGCTTCATTGGTG-1,5234,B,B memory
PBMC10k_TATTGGGAGATCCGAG-1,5236,NK,NK
PBMC10k_TATTGGGAGTTCCATG-1,5239,NK,NK Proliferating
PBMC10k_TATTGGGAGTTTGGCT-1,5240,CD8 T,CD8 Naive
PBMC10k_TATTGGGGTCTTGAAC-1,5245,B,B naive
PBMC10k_TATTGGGGTTGGCTAT-1,5246,CD8 T,CD8 TCM
PBMC10k_TATTGGGGTTTACTTC-1,5247,NK,NK
PBMC10k_TATTTCGGTGGTCTAT-1,5249,CD8 T,CD8 Naive
PBMC10k_TATTTCGGTTCGAGCC-1,5251,Mono,CD14 Mono
PBMC10k_TATTTCGTCTCAGGCG-1,5255,CD4 T,CD4 Naive
PBMC10k_TCAAGACAGATGACCG-1,5257,CD4 T,CD4 TEM
PBMC10k_TCAAGACCATGTGTCA-1,5258,CD8 T,CD8 Naive
PBMC10k_TCAAGACGTTATTCCT-1,5259,CD4 T,CD4 Naive
PBMC10k_TCAAGCAAGTTGAAAC-1,5262,other T,MAIT
PBMC10k_TCAAGCATCCGTAGTA-1,5263,B,B naive
PBMC10k_TCAAGCATCGCTCTAC-1,5264,DC,cDC2
PBMC10k_TCAAGTGAGCCGCACT-1,5265,NK,NK
PBMC10k_TCAAGTGCAAGGAGTC-1,5271,other,ILC
PBMC10k_TCAAGTGCAAGTCCCG-1,5272,Mono,CD14 Mono
PBMC10k_TCAAGTGCATCGCTGG-1,5273,NK,NK
PBMC10k_TCAAGTGGTACAGCGA-1,5274,other T,dnT
PBMC10k_TCAAGTGGTTAGGGAC-1,5276,Mono,CD14 Mono
PBMC10k_TCAAGTGTCGGAATGG-1,5277,NK,NK
PBMC10k_TCAATCTCAAAGGCGT-1,5278,Mono,CD14 Mono
PBMC10k_TCAATTCAGTCCTGCG-1,5280,CD4 T,CD4 TCM
PBMC10k_TCAATTCCAAGCGAAC-1,5281,NK,NK
PBMC10k_TCAATTCCACAGAGCA-1,5282,B,B memory
PBMC10k_TCAATTCCATACTGAC-1,5284,CD4 T,CD4 Naive
PBMC10k_TCAATTCTCGACGACC-1,5286,DC,cDC2
PBMC10k_TCAATTCTCGTGGCGT-1,5287,CD8 T,CD8 TEM
PBMC10k_TCAATTCTCTTTGCTA-1,5288,Mono,CD14 Mono
PBMC10k_TCACAAGAGGAGCAAA-1,5289,CD4 T,CD4 TCM
PBMC10k_TCACAAGAGTCCCGGT-1,5290,other T,dnT
PBMC10k_TCACAAGCAGCCTTCT-1,5291,CD4 T,CD4 TEM
PBMC10k_TCACAAGGTTCAAGTC-1,5294,other T,MAIT
PBMC10k_TCACAAGTCAGACCTA-1,5295,CD4 T,Treg
PBMC10k_TCACACCGTACCACGC-1,5299,NK,NK
PBMC10k_TCACACCGTACTTGTG-1,5301,CD4 T,CD4 TCM
PBMC10k_TCACACCGTCGTGATT-1,5302,other,Eryth
PBMC10k_TCACACCGTTAGTTCG-1,5303,CD4 T,Treg
PBMC10k_TCACGCTGTAAGCTCT-1,5308,CD8 T,CD8 TEM
PBMC10k_TCACGCTGTGGGTATG-1,5312,NK,NK
PBMC10k_TCACGCTGTTCGTACA-1,5313,other T,MAIT
PBMC10k_TCACGCTTCCTGTACC-1,5315,Mono,CD14 Mono
PBMC10k_TCACGCTTCTCGCTCA-1,5316,B,B naive
PBMC10k_TCACGGGTCAATCAGC-1,5320,NK,NK_CD56bright
PBMC10k_TCACGGGTCGACGTCG-1,5321,CD4 T,CD4 TCM
PBMC10k_TCACTATGTATCCTCC-1,5323,CD8 T,CD8 Naive
PBMC10k_TCACTATGTTAAGAAC-1,5324,CD8 T,CD8 Naive
PBMC10k_TCACTATTCATTCATC-1,5327,CD4 T,CD4 TEM
PBMC10k_TCACTATTCGCTTACC-1,5328,CD8 T,CD8 Naive
PBMC10k_TCACTCGAGGTAGTAT-1,5329,B,B naive
PBMC10k_TCACTCGCAACTGCCG-1,5330,Mono,CD14 Mono
PBMC10k_TCACTCGCAATGAAAC-1,5331,other,Eryth
PBMC10k_TCACTCGTCGTTACCC-1,5332,CD4 T,CD4 TCM
PBMC10k_TCACTCGTCTGAGATC-1,5333,NK,NK
PBMC10k_TCAGCAAAGATAACGT-1,5335,CD4 T,CD4 Naive
PBMC10k_TCAGCAAAGCTGTTAC-1,5336,CD4 T,CD4 TCM
PBMC10k_TCAGCAAAGTAACAGT-1,5338,NK,NK
PBMC10k_TCAGCAACACTACAGT-1,5339,other T,MAIT
PBMC10k_TCAGCAAGTTGTAGCT-1,5340,B,B naive
PBMC10k_TCAGCAATCCGCACTT-1,5342,B,B naive
PBMC10k_TCAGCCTAGCGTTCCG-1,5343,DC,cDC2
PBMC10k_TCAGCCTCAGTTGCGC-1,5344,CD4 T,Treg
PBMC10k_TCAGCCTGTAACACCT-1,5345,Mono,CD16 Mono
PBMC10k_TCAGCCTGTGGCGTAA-1,5347,CD8 T,CD8 TEM
PBMC10k_TCAGGGCGTATGCAAA-1,5350,Mono,CD14 Mono
PBMC10k_TCAGGGCGTCAAAGCG-1,5351,Mono,CD14 Mono
PBMC10k_TCAGGGCGTGATTAGA-1,5352,other T,MAIT
PBMC10k_TCAGGGCGTTTCCATT-1,5353,DC,cDC2
PBMC10k_TCAGGGCTCGGTCGGT-1,5354,CD4 T,CD4 Naive
PBMC10k_TCAGGGCTCTTACGTT-1,5355,CD4 T,CD4 TCM
PBMC10k_TCAGGTAAGATGGCAC-1,5356,B,B naive
PBMC10k_TCAGGTAAGATTGATG-1,5357,NK,NK
PBMC10k_TCAGGTAAGCAATAGT-1,5358,CD4 T,CD4 TEM
PBMC10k_TCAGGTACAAGTGGTG-1,5361,NK,NK
PBMC10k_TCAGGTACACGACGAA-1,5362,other,Eryth
PBMC10k_TCAGGTATCTCTCGCA-1,5365,B,B naive
PBMC10k_TCAGTCCAGAAATGGG-1,5366,CD4 T,CD4 TCM
PBMC10k_TCAGTCCTCCATACTT-1,5370,Mono,CD14 Mono
PBMC10k_TCAGTGAAGCTGTTAC-1,5372,CD4 T,CD4 TCM
PBMC10k_TCAGTGAAGGATTTCC-1,5373,CD8 T,CD8 TCM
PBMC10k_TCAGTGACAGCGAACA-1,5375,NK,NK
PBMC10k_TCAGTGAGTTTGGCTA-1,5377,CD4 T,CD4 TCM
PBMC10k_TCAGTTTAGTCGGCCT-1,5378,B,B intermediate
PBMC10k_TCAGTTTCAAGTATAG-1,5379,Mono,CD14 Mono
PBMC10k_TCAGTTTCACTGGACC-1,5381,B,B naive
PBMC10k_TCAGTTTGTCAGGTGA-1,5383,CD4 T,CD4 TCM
PBMC10k_TCAGTTTTCGGCACTG-1,5385,NK,NK
PBMC10k_TCATACTCAATGCAGG-1,5387,B,B intermediate
PBMC10k_TCATACTCACCATAAC-1,5388,NK,NK
PBMC10k_TCATACTGTCCCGCAA-1,5390,other,Eryth
PBMC10k_TCATACTTCACCTTAT-1,5391,B,B memory
PBMC10k_TCATACTTCCGATGCG-1,5392,NK,NK
PBMC10k_TCATACTTCGAGTGAG-1,5393,Mono,CD14 Mono
PBMC10k_TCATATCAGGACGGAG-1,5394,NK,NK
PBMC10k_TCATATCAGTTGAAAC-1,5395,Mono,CD14 Mono
PBMC10k_TCATATCCACGGTGAA-1,5397,CD8 T,CD8 TCM
PBMC10k_TCATATCCAGGAGACT-1,5398,other T,dnT
PBMC10k_TCATATCGTTGTGTTG-1,5399,other T,MAIT
PBMC10k_TCATCATAGCGATGAC-1,5401,other,Eryth
PBMC10k_TCATCATCATTGCCTC-1,5406,B,B intermediate
PBMC10k_TCATCATGTAAGGCCA-1,5407,CD4 T,Treg
PBMC10k_TCATCATTCGTTGTTT-1,5408,CD8 T,CD8 Naive
PBMC10k_TCATCATTCTCCATAT-1,5409,CD8 T,CD8 TEM
PBMC10k_TCATCCGAGATACAGT-1,5410,CD4 T,CD4 Naive
PBMC10k_TCATCCGCAGGGCTTC-1,5411,NK,NK
PBMC10k_TCATCCGGTCTCACAA-1,5413,NK,NK
PBMC10k_TCATGAGAGCCGTCGT-1,5415,NK,NK Proliferating
PBMC10k_TCATGAGAGCTAGATA-1,5416,Mono,CD14 Mono
PBMC10k_TCATGAGCAACTGCCG-1,5417,Mono,CD14 Mono
PBMC10k_TCATGAGCAGCTGTTA-1,5419,Mono,CD14 Mono
PBMC10k_TCATGAGGTTTCACAG-1,5421,B,B intermediate
PBMC10k_TCATGCCAGCAACAAT-1,5422,B,B naive
PBMC10k_TCATGCCAGGAAGAAC-1,5423,Mono,CD14 Mono
PBMC10k_TCATGCCAGGGTTTCT-1,5424,CD4 T,CD4 Naive
PBMC10k_TCATGCCAGGTGAGCT-1,5425,NK,NK
PBMC10k_TCATGCCCATAACCCA-1,5428,other,ILC
PBMC10k_TCATGCCGTGAGTAGC-1,5429,NK,NK
PBMC10k_TCATGCCGTTAGAGAT-1,5430,CD4 T,CD4 TCM
PBMC10k_TCATGCCGTTCCGCAG-1,5431,CD4 T,CD4 TCM
PBMC10k_TCATGCCTCACCTTAT-1,5433,NK,NK
PBMC10k_TCATGCCTCGCGGTAC-1,5434,other,ILC
PBMC10k_TCATGCCTCTACTATC-1,5435,Mono,CD14 Mono
PBMC10k_TCATGGAGTCCTGTCT-1,5438,NK,NK Proliferating
PBMC10k_TCATGGATCCGATGTA-1,5439,Mono,CD14 Mono
PBMC10k_TCATGTTCAGACAATA-1,5442,CD4 T,CD4 TCM
PBMC10k_TCATGTTGTTCGGCTG-1,5443,CD4 T,CD4 TEM
PBMC10k_TCATTACCAATGGCCC-1,5444,CD4 T,CD4 Naive
PBMC10k_TCATTACCATCGATAC-1,5445,Mono,CD14 Mono
PBMC10k_TCATTACCATTCACAG-1,5446,CD4 T,CD4 Naive
PBMC10k_TCATTACTCGCAATTG-1,5447,CD4 T,CD4 Naive
PBMC10k_TCATTACTCGTCTCAC-1,5448,Mono,CD14 Mono
PBMC10k_TCATTGTAGTGGGAAA-1,5450,Mono,CD14 Mono
PBMC10k_TCATTGTCATCATGAC-1,5451,CD8 T,CD8 Naive
PBMC10k_TCATTTGAGCACCGTC-1,5452,CD8 T,CD8 Naive
PBMC10k_TCATTTGCAGGCATGA-1,5453,other,ILC
PBMC10k_TCCACCACAGAACGCA-1,5456,CD4 T,CD4 TCM
PBMC10k_TCCACCACAGCCGGTT-1,5457,B,Plasmablast
PBMC10k_TCCACCATCCTTGGAA-1,5462,CD4 T,CD4 Naive
PBMC10k_TCCACGTAGCTAGAAT-1,5463,NK,NK
PBMC10k_TCCACGTGTCCGGCAT-1,5465,CD4 T,Treg
PBMC10k_TCCACGTGTGGCTGAA-1,5466,other T,MAIT
PBMC10k_TCCACGTGTGTTCAGT-1,5467,CD4 T,CD4 Naive
PBMC10k_TCCACGTGTTTAGACC-1,5469,CD4 T,CD4 Naive
PBMC10k_TCCACGTTCATGAGAA-1,5470,NK,NK
PBMC10k_TCCACGTTCATGGAGG-1,5471,CD8 T,CD8 TEM
PBMC10k_TCCAGAACAAGATGTA-1,5476,NK,NK
PBMC10k_TCCAGAACACATATGC-1,5478,other,Eryth
PBMC10k_TCCAGAAGTACTCGTA-1,5479,B,B naive
PBMC10k_TCCAGAAGTGTCTCCT-1,5481,CD4 T,CD4 TCM
PBMC10k_TCCAGAATCGTCAACA-1,5482,CD8 T,CD8 TCM
PBMC10k_TCCATCGAGAGTGTGC-1,5485,Mono,CD14 Mono
PBMC10k_TCCATCGCATAAGCGG-1,5488,B,B naive
PBMC10k_TCCATCGGTCTTGGTA-1,5489,CD8 T,CD8 Naive
PBMC10k_TCCATCGGTGTCCAAT-1,5490,CD4 T,CD4 Naive
PBMC10k_TCCATCGTCAATCAGC-1,5491,Mono,CD14 Mono
PBMC10k_TCCATGCAGATTTGCC-1,5492,other T,MAIT
PBMC10k_TCCATGCAGGAACTCG-1,5493,Mono,CD14 Mono
PBMC10k_TCCATGCGTCTGTCAA-1,5495,CD4 T,CD4 Naive
PBMC10k_TCCATGCTCACTTCTA-1,5498,B,B intermediate
PBMC10k_TCCCACAAGCTGGAGT-1,5501,NK,NK
PBMC10k_TCCCACAAGGACAGCT-1,5502,CD4 T,CD4 Naive
PBMC10k_TCCCACACAAGCTACT-1,5503,other T,dnT
PBMC10k_TCCCACACAGCTCTGG-1,5504,Mono,CD14 Mono
PBMC10k_TCCCACAGTTATAGAG-1,5505,CD4 T,CD4 TCM
PBMC10k_TCCCACATCAGGGTAG-1,5506,CD4 T,CD4 Naive
PBMC10k_TCCCAGTCACTTCCTG-1,5508,Mono,CD16 Mono
PBMC10k_TCCCAGTGTAGGCAAC-1,5509,Mono,CD16 Mono
PBMC10k_TCCCAGTGTGTCCCTT-1,5512,NK,NK
PBMC10k_TCCCAGTTCACGTAGT-1,5513,NK,NK
PBMC10k_TCCCATGGTCCTGGGT-1,5514,Mono,CD14 Mono
PBMC10k_TCCCATGGTGCTCTCT-1,5516,other T,MAIT
PBMC10k_TCCCATGGTGTCTTCC-1,5517,Mono,CD14 Mono
PBMC10k_TCCCATGTCTTACCGC-1,5520,NK,NK
PBMC10k_TCCGAAAAGTATGAAC-1,5521,CD4 T,CD4 Naive
PBMC10k_TCCGAAAGTACATTGC-1,5523,NK,NK
PBMC10k_TCCGAAAGTCCTGGTG-1,5524,NK,NK
PBMC10k_TCCGAAAGTCTAACTG-1,5525,Mono,CD14 Mono
PBMC10k_TCCGAAATCCACTGAA-1,5526,Mono,CD14 Mono
PBMC10k_TCCGAAATCTGCTTAT-1,5527,CD8 T,CD8 Naive
PBMC10k_TCCGATCAGTAGTCCT-1,5528,B,B memory
PBMC10k_TCCGATCCATTGACTG-1,5529,B,B naive
PBMC10k_TCCGATCGTAGGGAGG-1,5530,CD4 T,CD4 Naive
PBMC10k_TCCGGGAAGGATTACA-1,5534,CD4 T,Treg
PBMC10k_TCCGGGAAGTGCTCGC-1,5535,CD4 T,CD4 TCM
PBMC10k_TCCGGGACAAGTGGGT-1,5536,other T,gdT
PBMC10k_TCCGGGACACCGCTGA-1,5537,other T,MAIT
PBMC10k_TCCGTGTCAATTCACG-1,5539,Mono,CD14 Mono
PBMC10k_TCCGTGTGTAACATCC-1,5540,DC,cDC2
PBMC10k_TCCGTGTGTGTCCATA-1,5542,CD4 T,Treg
PBMC10k_TCCGTGTGTTTGCAGT-1,5543,CD4 T,Treg
PBMC10k_TCCTAATAGGCACCAA-1,5545,B,B intermediate
PBMC10k_TCCTAATAGTCATACC-1,5546,CD4 T,CD4 Naive
PBMC10k_TCCTAATCAGCATTGT-1,5547,CD4 T,CD4 TCM
PBMC10k_TCCTAATCAGGTCAAG-1,5548,CD4 T,CD4 TCM
PBMC10k_TCCTAATGTCTTGTCC-1,5550,CD8 T,CD8 Naive
PBMC10k_TCCTCCCAGGACATCG-1,5551,CD8 T,CD8 TEM
PBMC10k_TCCTCCCAGTGGTTAA-1,5554,CD8 T,CD8 TEM
PBMC10k_TCCTCCCCACACCTAA-1,5555,other,Eryth
PBMC10k_TCCTCCCCACGTAACT-1,5556,DC,cDC2
PBMC10k_TCCTCCCCAGAACCGA-1,5557,other,Eryth
PBMC10k_TCCTCCCCAGCAGAAC-1,5558,CD4 T,Treg
PBMC10k_TCCTCCCCATAAGATG-1,5559,Mono,CD14 Mono
PBMC10k_TCCTCGAAGACTACGG-1,5560,Mono,CD14 Mono
PBMC10k_TCCTCGAAGAGAGTTT-1,5561,CD8 T,CD8 Naive
PBMC10k_TCCTCGAGTCAATGGG-1,5566,DC,cDC2
PBMC10k_TCCTCGATCTAAGAAG-1,5569,B,B naive
PBMC10k_TCCTCTTAGGCTCCCA-1,5571,other,Eryth
PBMC10k_TCCTCTTAGTCATGAA-1,5572,CD4 T,CD4 TEM
PBMC10k_TCCTCTTCAATAACGA-1,5573,CD4 T,CD4 TCM
PBMC10k_TCCTCTTCACGACAAG-1,5574,CD4 T,CD4 TEM
PBMC10k_TCCTCTTGTAATGCTC-1,5575,other T,dnT
PBMC10k_TCCTCTTGTCCGATCG-1,5577,CD8 T,CD8 Proliferating
PBMC10k_TCCTCTTTCTATCGTT-1,5579,CD4 T,CD4 TEM
PBMC10k_TCCTGCAAGCTATCTG-1,5580,CD4 T,CD4 TEM
PBMC10k_TCCTGCAGTTTGGGAG-1,5586,CD4 T,Treg
PBMC10k_TCCTGCATCCGCAGTG-1,5587,CD4 T,CD4 Naive
PBMC10k_TCCTTCTGTACGCGTC-1,5589,NK,NK
PBMC10k_TCCTTCTTCGCTAGCG-1,5592,B,B intermediate
PBMC10k_TCCTTTCGTGTTCCTC-1,5594,DC,cDC2
PBMC10k_TCGAACAAGCATATGA-1,5596,CD4 T,CD4 TCM
PBMC10k_TCGAACACACCCAATA-1,5597,CD4 T,CD4 Naive
PBMC10k_TCGAACATCGATTGGT-1,5599,CD4 T,CD4 Naive
PBMC10k_TCGAAGTAGGGTTTCT-1,5601,Mono,CD14 Mono
PBMC10k_TCGAAGTGTAATCAGA-1,5604,CD4 T,Treg
PBMC10k_TCGAAGTGTCCAGCCA-1,5605,other T,MAIT
PBMC10k_TCGAAGTTCGTCCTCA-1,5606,CD4 T,CD4 TEM
PBMC10k_TCGACCTAGCTGACTT-1,5607,CD4 T,CD4 TCM
PBMC10k_TCGACCTAGGAGATAG-1,5608,DC,cDC2
PBMC10k_TCGACCTAGTACAGAT-1,5609,CD4 T,CD4 TCM
PBMC10k_TCGACCTCAGGACAGT-1,5611,CD4 T,CD4 TCM
PBMC10k_TCGACCTCAGGCATGA-1,5612,other T,MAIT
PBMC10k_TCGACCTCAGTGACCC-1,5613,CD8 T,CD8 TEM
PBMC10k_TCGACCTGTGCTCTCT-1,5615,NK,NK
PBMC10k_TCGACCTTCCATCAGA-1,5617,NK,NK
PBMC10k_TCGACGGGTCCTCCAT-1,5620,NK,NK
PBMC10k_TCGACGGGTGTGAATA-1,5622,CD8 T,CD8 Naive
PBMC10k_TCGACGGGTTGCCGAC-1,5623,CD4 T,CD4 Naive
PBMC10k_TCGATTTAGCTCATAC-1,5627,NK,NK
PBMC10k_TCGATTTCACTTCTCG-1,5630,Mono,CD14 Mono
PBMC10k_TCGATTTGTGGCCCAT-1,5632,Mono,CD14 Mono
PBMC10k_TCGATTTGTTCCACAA-1,5633,NK,NK
PBMC10k_TCGATTTTCAAGTGTC-1,5634,CD4 T,CD4 TEM
PBMC10k_TCGCACTAGTCAAGCG-1,5636,NK,NK
PBMC10k_TCGCACTTCGCGCTGA-1,5641,CD4 T,Treg
PBMC10k_TCGCAGGAGTCTAGCT-1,5643,CD4 T,CD4 Naive
PBMC10k_TCGCAGGCACGGGTAA-1,5645,CD4 T,CD4 Naive
PBMC10k_TCGCAGGCAGAGACTG-1,5646,CD8 T,CD8 TCM
PBMC10k_TCGCAGGTCCTCCACA-1,5651,other T,MAIT
PBMC10k_TCGCAGGTCTTACACT-1,5654,Mono,CD14 Mono
PBMC10k_TCGCTCAAGAGTCGAC-1,5655,CD4 T,CD4 TEM
PBMC10k_TCGCTCAGTCAGCGTC-1,5661,Mono,CD14 Mono
PBMC10k_TCGCTCAGTTCACGAT-1,5662,CD4 T,Treg
PBMC10k_TCGCTTGAGTACAACA-1,5664,CD4 T,CD4 TCM
PBMC10k_TCGCTTGCATAGATCC-1,5666,Mono,CD14 Mono
PBMC10k_TCGCTTGCATTAGGCT-1,5668,other T,MAIT
PBMC10k_TCGCTTGTCACTAGCA-1,5670,CD4 T,Treg
PBMC10k_TCGGATAAGCTTTCCC-1,5673,CD4 T,CD4 TCM
PBMC10k_TCGGATACACCTGATA-1,5675,other T,MAIT
PBMC10k_TCGGATAGTTTATGCG-1,5677,B,B naive
PBMC10k_TCGGATATCCACACAA-1,5678,NK,NK
PBMC10k_TCGGGACAGTGTACAA-1,5680,DC,pDC
PBMC10k_TCGGGACCACGGTGTC-1,5682,B,B naive
PBMC10k_TCGGGACGTACCACGC-1,5684,CD4 T,CD4 TEM
PBMC10k_TCGGGACGTCATTCCC-1,5686,other,Eryth
PBMC10k_TCGGGCACAGTGCGCT-1,5691,CD8 T,CD8 Proliferating
PBMC10k_TCGGGCAGTACGAGTG-1,5693,CD4 T,CD4 Naive
PBMC10k_TCGGGCAGTCACAATC-1,5694,CD4 T,Treg
PBMC10k_TCGGGCAGTTTAGTCG-1,5696,CD4 T,CD4 Naive
PBMC10k_TCGGGCATCCCTCGTA-1,5697,CD4 T,CD4 Naive
PBMC10k_TCGGGCATCCGGTTCT-1,5698,Mono,CD16 Mono
PBMC10k_TCGGGCATCTTCGTAT-1,5701,CD4 T,Treg
PBMC10k_TCGGGTGCACCTGAAT-1,5703,CD4 T,CD4 TCM
PBMC10k_TCGGGTGGTACCGGCT-1,5704,other T,dnT
PBMC10k_TCGGGTGTCATGCGGC-1,5706,other T,MAIT
PBMC10k_TCGGGTGTCGACCACG-1,5707,other T,MAIT
PBMC10k_TCGGTCTCACGCGCTA-1,5711,NK,NK
PBMC10k_TCGGTCTCAGCTGAGA-1,5712,NK,NK
PBMC10k_TCGGTCTCAGTTTCGA-1,5713,CD8 T,CD8 Naive
PBMC10k_TCGGTCTGTGGTGATG-1,5715,DC,cDC2
PBMC10k_TCGGTCTTCAAGAGTA-1,5717,CD4 T,CD4 Naive
PBMC10k_TCGGTCTTCGCGTTTC-1,5718,Mono,CD14 Mono
PBMC10k_TCGTAGAAGTACGTCT-1,5719,CD8 T,CD8 Naive
PBMC10k_TCGTAGAAGTCGAAGC-1,5721,Mono,CD14 Mono
PBMC10k_TCGTAGAGTGTTCGTA-1,5725,other T,dnT
PBMC10k_TCGTAGAGTTATCTTC-1,5726,other T,MAIT
PBMC10k_TCGTCCAAGGGAGGGT-1,5729,other T,MAIT
PBMC10k_TCGTCCAAGTTCCTGA-1,5730,B,B naive
PBMC10k_TCGTCCACAATGGCAG-1,5731,CD4 T,CD4 Naive
PBMC10k_TCGTCCACACATATGC-1,5732,NK,NK
PBMC10k_TCGTCCAGTTCCATTT-1,5734,other,Eryth
PBMC10k_TCGTCCATCTCTTCAA-1,5736,CD8 T,CD8 TEM
PBMC10k_TCGTGCTCACGCTGCA-1,5738,CD4 T,Treg
PBMC10k_TCGTGCTGTAGTCGGA-1,5739,CD8 T,CD8 Naive
PBMC10k_TCGTGCTTCCGTATGA-1,5742,CD4 T,CD4 Naive
PBMC10k_TCGTGGGAGCCATTGT-1,5744,other T,dnT
PBMC10k_TCGTGGGGTCAATGGG-1,5749,Mono,CD14 Mono
PBMC10k_TCGTGGGGTGAGGCAT-1,5750,other T,dnT
PBMC10k_TCGTGGGGTTAGGAGC-1,5752,other T,dnT
PBMC10k_TCTAACTCAAATCAGA-1,5755,B,B intermediate
PBMC10k_TCTAACTCACTGCGAC-1,5756,CD4 T,CD4 Naive
PBMC10k_TCTAACTCAGAATCGG-1,5757,other,Eryth
PBMC10k_TCTAACTCAGTCTACA-1,5758,Mono,CD14 Mono
PBMC10k_TCTAACTTCGTAGAGG-1,5760,other,Eryth
PBMC10k_TCTACATAGACCAGCA-1,5761,CD8 T,CD8 Naive
PBMC10k_TCTACATGTGACAGCA-1,5764,Mono,CD14 Mono
PBMC10k_TCTACATTCGTAGTCA-1,5765,CD4 T,Treg
PBMC10k_TCTACCGAGTGATAGT-1,5768,other T,MAIT
PBMC10k_TCTACCGTCTGGAAGG-1,5772,B,B memory
PBMC10k_TCTATACAGGAATTAC-1,5774,CD4 T,CD4 TEM
PBMC10k_TCTATACAGGCCACTC-1,5775,NK,NK
PBMC10k_TCTATACAGTCGGCCT-1,5777,CD4 T,CD4 Naive
PBMC10k_TCTATACGTCATCCGG-1,5779,NK,NK
PBMC10k_TCTATCAAGCACTAAA-1,5782,NK,NK
PBMC10k_TCTATCAGTGCAACAG-1,5783,Mono,CD14 Mono
PBMC10k_TCTATCATCCTAAACG-1,5785,DC,cDC2
PBMC10k_TCTCACGCATATGAAG-1,5788,NK,NK
PBMC10k_TCTCACGGTGTTGAGG-1,5790,Mono,CD14 Mono
PBMC10k_TCTCAGCAGCGACTTT-1,5792,CD8 T,CD8 Naive
PBMC10k_TCTCAGCAGCTGGTGA-1,5793,Mono,CD14 Mono
PBMC10k_TCTCAGCCAAGCCTGC-1,5794,other T,MAIT
PBMC10k_TCTCAGCCAGTGTGGA-1,5796,CD8 T,CD8 Naive
PBMC10k_TCTCAGCCATCCGAAT-1,5797,CD4 T,CD4 TCM
PBMC10k_TCTCAGCGTAAGCAAT-1,5798,CD4 T,CD4 TCM
PBMC10k_TCTCAGCGTTGATGTC-1,5801,NK,NK
PBMC10k_TCTCAGCTCCCATTTA-1,5803,other T,MAIT
PBMC10k_TCTCCGAAGCCAAGTG-1,5804,CD4 T,CD4 TCM
PBMC10k_TCTCCGACACACCGCA-1,5805,Mono,CD14 Mono
PBMC10k_TCTCCGACAGGGAGAG-1,5806,Mono,CD16 Mono
PBMC10k_TCTCCGACATTGCTTT-1,5807,Mono,CD14 Mono
PBMC10k_TCTCCGAGTACCGTCG-1,5808,Mono,CD14 Mono
PBMC10k_TCTCCGAGTCGGATTT-1,5809,Mono,CD14 Mono
PBMC10k_TCTCCGAGTGGCACTC-1,5810,Mono,CD14 Mono
PBMC10k_TCTCCGAGTTGCGGAA-1,5811,NK,NK
PBMC10k_TCTCCGAGTTGTACGT-1,5812,B,B naive
PBMC10k_TCTCTGGAGGTTATAG-1,5815,NK,NK
PBMC10k_TCTCTGGCACCTCTGT-1,5817,other,Eryth
PBMC10k_TCTCTGGCATCAGCAT-1,5818,Mono,CD14 Mono
PBMC10k_TCTCTGGCATTGACAC-1,5819,CD4 T,CD4 TCM
PBMC10k_TCTCTGGTCCTTACCG-1,5821,NK,NK
PBMC10k_TCTGCCAGTAACAGTA-1,5824,NK,NK
PBMC10k_TCTGGCTAGTATGATG-1,5827,CD4 T,Treg
PBMC10k_TCTGTCGAGAGCGACT-1,5831,Mono,CD14 Mono
PBMC10k_TCTGTCGAGTGGATAT-1,5833,other T,MAIT
PBMC10k_TCTGTCGCATACCGTA-1,5834,CD4 T,CD4 CTL
PBMC10k_TCTGTCGGTTCACCGG-1,5835,other,Eryth
PBMC10k_TCTGTCGTCCGCTGTT-1,5836,CD4 T,CD4 TEM
PBMC10k_TCTGTCGTCCTACCGT-1,5837,CD4 T,CD4 Naive
PBMC10k_TCTGTCGTCTACCAGA-1,5838,Mono,CD14 Mono
PBMC10k_TCTTAGTGTCGCTTAA-1,5841,Mono,CD16 Mono
PBMC10k_TCTTAGTTCATCTCTA-1,5843,CD4 T,CD4 Naive
PBMC10k_TCTTCCTCAGTAGAGC-1,5846,NK,NK Proliferating
PBMC10k_TCTTCCTGTCGTACTA-1,5848,CD4 T,Treg
PBMC10k_TCTTCCTGTGGGCTTC-1,5849,other,Eryth
PBMC10k_TCTTCCTTCGGTCTGG-1,5852,Mono,CD14 Mono
PBMC10k_TCTTGCGCACTCCACT-1,5855,Mono,CD14 Mono
PBMC10k_TCTTGCGGTTGCAACT-1,5861,other,ILC
PBMC10k_TCTTGCGTCTGTAAGC-1,5862,NK,NK
PBMC10k_TCTTTGAAGCGATGGT-1,5863,CD4 T,CD4 TCM
PBMC10k_TCTTTGAAGGTACTGG-1,5864,CD8 T,CD8 Naive
PBMC10k_TCTTTGACAGCCTATA-1,5865,B,B naive
PBMC10k_TCTTTGACATGGGAAC-1,5868,CD4 T,Treg
PBMC10k_TCTTTGAGTTGCTCGG-1,5871,CD4 T,Treg
PBMC10k_TCTTTGATCGACGAGA-1,5872,CD8 T,CD8 Naive
PBMC10k_TGAACGTAGGTAGATT-1,5873,NK,NK
PBMC10k_TGAACGTCACGGTGAA-1,5874,CD4 T,CD4 Naive
PBMC10k_TGAACGTGTGACTCTA-1,5875,B,B memory
PBMC10k_TGAACGTTCTTCGACC-1,5876,Mono,CD16 Mono
PBMC10k_TGAATCGAGTGTCATC-1,5877,NK,NK_CD56bright
PBMC10k_TGAATCGGTCAGATTC-1,5878,CD4 T,CD4 TCM
PBMC10k_TGAATCGTCCTAGCCT-1,5880,other T,dnT
PBMC10k_TGAATCGTCTTGCGCT-1,5881,Mono,CD14 Mono
PBMC10k_TGAATGCGTCACAGTT-1,5884,NK,NK
PBMC10k_TGAATGCGTCGAATTC-1,5885,NK,NK
PBMC10k_TGACAGTGTCACCGCA-1,5889,CD8 T,CD8 Naive
PBMC10k_TGACAGTTCGACGCTG-1,5891,CD4 T,CD4 Naive
PBMC10k_TGACCCTCAAAGCTAA-1,5894,CD8 T,CD8 TEM
PBMC10k_TGACCCTGTACTGCGC-1,5897,DC,cDC2
PBMC10k_TGACCCTTCCGTGGTG-1,5898,other T,dnT
PBMC10k_TGACGCGCAATCGCGC-1,5900,Mono,CD14 Mono
PBMC10k_TGACGCGCACAGTGTT-1,5901,CD8 T,CD8 TCM
PBMC10k_TGACTCCGTAACTAAG-1,5908,Mono,CD16 Mono
PBMC10k_TGACTCCGTTCACGAT-1,5909,Mono,CD14 Mono
PBMC10k_TGAGACTAGCTAGCCC-1,5912,B,B memory
PBMC10k_TGAGACTCACCCAAGC-1,5916,Mono,CD14 Mono
PBMC10k_TGAGACTGTCCAGAAG-1,5919,Mono,CD14 Mono
PBMC10k_TGAGACTGTCTAACTG-1,5920,Mono,CD14 Mono
PBMC10k_TGAGACTGTGTCTTCC-1,5923,other T,MAIT
PBMC10k_TGAGACTTCGGCGATC-1,5926,CD4 T,CD4 Naive
PBMC10k_TGAGACTTCGGTTCAA-1,5927,B,B intermediate
PBMC10k_TGAGACTTCTGGTGCG-1,5929,CD4 T,CD4 TEM
PBMC10k_TGAGACTTCTTGGATG-1,5930,NK,NK
PBMC10k_TGAGACTTCTTGTTAC-1,5931,Mono,CD14 Mono
PBMC10k_TGAGCATAGGCGCTTC-1,5932,CD4 T,Treg
PBMC10k_TGAGCATGTAACTTCG-1,5934,CD4 T,Treg
PBMC10k_TGAGCATGTAGCTTGT-1,5935,CD8 T,CD8 TEM
PBMC10k_TGAGCATGTGTGTTTG-1,5936,CD4 T,CD4 Naive
PBMC10k_TGAGCGCAGGATTCCT-1,5939,B,B intermediate
PBMC10k_TGAGCGCCATTCATCT-1,5940,CD8 T,CD8 TEM
PBMC10k_TGAGGAGAGGAACTCG-1,5943,other T,gdT
PBMC10k_TGAGGAGAGTCTTGGT-1,5944,NK,NK
PBMC10k_TGAGGAGCAATAACGA-1,5946,Mono,CD14 Mono
PBMC10k_TGAGGGACAAACAGGC-1,5952,Mono,CD14 Mono
PBMC10k_TGAGGGACACACCAGC-1,5953,Mono,CD14 Mono
PBMC10k_TGAGGGACACGATAGG-1,5954,CD4 T,CD4 Naive
PBMC10k_TGAGGGACAGTCAGCC-1,5955,CD8 T,CD8 TEM
PBMC10k_TGAGGGAGTCGATTCA-1,5957,CD4 T,Treg
PBMC10k_TGAGGGATCCTCTCGA-1,5959,CD8 T,CD8 TCM
PBMC10k_TGAGGTTAGACGATAT-1,5960,Mono,CD16 Mono
PBMC10k_TGAGGTTGTGCTCCGA-1,5962,B,B intermediate
PBMC10k_TGAGGTTTCACTGTTT-1,5963,NK,NK_CD56bright
PBMC10k_TGAGTCACACCGCTGA-1,5967,CD4 T,CD4 TCM
PBMC10k_TGAGTCAGTGTTTCTT-1,5968,CD4 T,CD4 Naive
PBMC10k_TGAGTCAGTTCGCGTG-1,5969,CD4 T,Treg
PBMC10k_TGAGTCATCGGTTGTA-1,5970,Mono,CD14 Mono
PBMC10k_TGAGTCATCTGTACAG-1,5971,B,B memory
PBMC10k_TGATCAGAGTCCTACA-1,5973,Mono,CD14 Mono
PBMC10k_TGATCAGAGTGCAAAT-1,5974,NK,NK
PBMC10k_TGATCAGGTACAGAGC-1,5977,Mono,CD14 Mono
PBMC10k_TGATCTTAGCGTCTGC-1,5979,B,B intermediate
PBMC10k_TGATCTTAGTCAAGCG-1,5981,B,B memory
PBMC10k_TGATCTTAGTCTAGCT-1,5982,B,B naive
PBMC10k_TGATCTTGTCGACTTA-1,5986,CD4 T,CD4 Naive
PBMC10k_TGATCTTTCAGGGATG-1,5988,Mono,CD14 Mono
PBMC10k_TGATGCAAGGTCCCTG-1,5990,Mono,CD14 Mono
PBMC10k_TGATGCAGTATGCAAA-1,5992,CD4 T,Treg
PBMC10k_TGATGCAGTCCAAATC-1,5993,DC,cDC2
PBMC10k_TGATGCATCTGAATCG-1,5995,CD8 T,CD8 Naive
PBMC10k_TGATGGTAGACAACAT-1,5996,NK,NK Proliferating
PBMC10k_TGATGGTAGCTGAAAT-1,5997,DC,cDC2
PBMC10k_TGATGGTAGGAGCAAA-1,5998,CD4 T,CD4 TCM
PBMC10k_TGATGGTAGTAGTCCT-1,5999,B,Plasmablast
PBMC10k_TGATGGTCACAGAGAC-1,6000,CD4 T,CD4 Naive
PBMC10k_TGATGGTCACCCTCTA-1,6001,NK,NK
PBMC10k_TGATGGTCATCGGTTA-1,6002,Mono,CD14 Mono
PBMC10k_TGATGGTGTATGTCCA-1,6004,CD4 T,Treg
PBMC10k_TGATGGTTCACTGGTA-1,6006,CD4 T,CD4 Naive
PBMC10k_TGATTCTAGATCCTAC-1,6010,Mono,CD14 Mono
PBMC10k_TGATTCTGTTGCCTAA-1,6013,CD8 T,CD8 TEM
PBMC10k_TGATTCTTCCGTGTCT-1,6014,other T,gdT
PBMC10k_TGATTTCAGCACACCC-1,6017,CD4 T,CD4 TCM
PBMC10k_TGATTTCAGCATGAAT-1,6018,NK,NK
PBMC10k_TGATTTCAGTGCACCC-1,6019,CD4 T,CD4 Naive
PBMC10k_TGATTTCCAAACTCTG-1,6020,CD4 T,CD4 TCM
PBMC10k_TGATTTCTCGCCTATC-1,6023,Mono,CD14 Mono
PBMC10k_TGCACGGAGCTTAGTC-1,6024,CD4 T,CD4 TCM
PBMC10k_TGCACGGAGTCCCTAA-1,6025,DC,cDC2
PBMC10k_TGCACGGCAACTGAAA-1,6027,CD4 T,CD4 TCM
PBMC10k_TGCACGGGTCGGTGAA-1,6030,CD4 T,Treg
PBMC10k_TGCACGGGTCTCGCGA-1,6031,Mono,CD14 Mono
PBMC10k_TGCACGGTCCCGTGTT-1,6032,Mono,CD14 Mono
PBMC10k_TGCACGGTCTGGCTGG-1,6034,NK,NK
PBMC10k_TGCAGATCACCTGATA-1,6038,NK,NK
PBMC10k_TGCAGATCATCCTTCG-1,6040,Mono,CD16 Mono
PBMC10k_TGCAGATTCAGACCGC-1,6041,CD4 T,CD4 Naive
PBMC10k_TGCAGGCAGATAACAC-1,6042,NK,NK
PBMC10k_TGCAGGCAGCGAATGC-1,6044,NK,NK
PBMC10k_TGCAGGCAGCGGCTCT-1,6045,Mono,CD14 Mono
PBMC10k_TGCAGGCCATCCTAAG-1,6047,Mono,CD14 Mono
PBMC10k_TGCAGGCTCATCTACT-1,6048,CD8 T,CD8 Naive
PBMC10k_TGCAGGCTCTCCACTG-1,6050,CD4 T,CD4 TCM
PBMC10k_TGCAGTAAGATAGTGT-1,6051,CD4 T,CD4 TEM
PBMC10k_TGCAGTAAGGTAGGCT-1,6052,CD4 T,Treg
PBMC10k_TGCAGTAGTACAGTCT-1,6054,NK,NK
PBMC10k_TGCAGTAGTTTGTTGG-1,6056,CD4 T,CD4 TEM
PBMC10k_TGCATCCAGGCAGGTT-1,6059,NK,NK
PBMC10k_TGCATCCCAACGCCCA-1,6060,Mono,CD16 Mono
PBMC10k_TGCATCCCAGCTCCTT-1,6062,CD4 T,CD4 Naive
PBMC10k_TGCATGAGTGTCATCA-1,6065,CD4 T,CD4 Naive
PBMC10k_TGCATGATCGAGAATA-1,6066,B,B naive
PBMC10k_TGCCGAGCAACTTCTT-1,6072,CD8 T,CD8 TEM
PBMC10k_TGCCGAGTCTTGAACG-1,6075,B,B naive
PBMC10k_TGCGACGCAAGGAGTC-1,6077,CD4 T,CD4 TCM
PBMC10k_TGCGACGCATCCTAAG-1,6079,NK,NK Proliferating
PBMC10k_TGCGACGTCCCGTTGT-1,6081,Mono,CD14 Mono
PBMC10k_TGCGACGTCTCTATGT-1,6082,CD8 T,CD8 TEM
PBMC10k_TGCGATAAGAGTCGAC-1,6084,NK,NK
PBMC10k_TGCGATACACTGTCCT-1,6086,NK,NK
PBMC10k_TGCGATAGTTAAGACA-1,6087,B,B naive
PBMC10k_TGCGGGTAGCGGATCA-1,6097,Mono,CD14 Mono
PBMC10k_TGCGGGTAGGACAGCT-1,6098,CD4 T,CD4 TCM
PBMC10k_TGCGGGTAGTGGATTA-1,6099,CD4 T,CD4 TEM
PBMC10k_TGCGGGTAGTGTTGAA-1,6100,CD8 T,CD8 TEM
PBMC10k_TGCGGGTCAACCTATG-1,6101,CD4 T,Treg
PBMC10k_TGCGGGTTCTAGCCTC-1,6103,Mono,CD16 Mono
PBMC10k_TGCTCCAAGGCACGAT-1,6104,DC,ASDC
PBMC10k_TGCTCCACAAGCCATT-1,6105,Mono,CD14 Mono
PBMC10k_TGCTCCACACAAGCCC-1,6107,other,Eryth
PBMC10k_TGCTCCACAGCAGATG-1,6108,CD4 T,CD4 TCM
PBMC10k_TGCTCCACAGTTAAAG-1,6109,CD4 T,CD4 TEM
PBMC10k_TGCTCCAGTCGCCTAG-1,6111,CD4 T,CD4 TCM
PBMC10k_TGCTCCAGTTTCCAAG-1,6113,DC,pDC
PBMC10k_TGCTCCATCAACTGGT-1,6114,CD4 T,CD4 TCM
PBMC10k_TGCTCGTAGGAATGTT-1,6117,CD4 T,CD4 Naive
PBMC10k_TGCTCGTCACCATAAC-1,6118,CD4 T,CD4 Naive
PBMC10k_TGCTCGTCAGTAGATA-1,6119,Mono,CD14 Mono
PBMC10k_TGCTCGTGTATCGTAC-1,6120,other T,MAIT
PBMC10k_TGCTGAAAGTATAACG-1,6123,CD4 T,CD4 Naive
PBMC10k_TGCTGAAGTACCAGAG-1,6124,Mono,CD14 Mono
PBMC10k_TGCTGAATCCCGAGAC-1,6125,CD4 T,CD4 TEM
PBMC10k_TGCTGAATCTATCACT-1,6126,CD8 T,CD8 TCM
PBMC10k_TGCTTCGAGGCTTAAA-1,6127,Mono,CD14 Mono
PBMC10k_TGCTTCGCACTCCGAG-1,6128,CD4 T,CD4 Naive
PBMC10k_TGCTTCGGTACGAGTG-1,6129,CD4 T,CD4 Naive
PBMC10k_TGCTTCGGTCCTTTGC-1,6130,CD8 T,CD8 TEM
PBMC10k_TGCTTCGGTCGCCACA-1,6131,CD4 T,CD4 Naive
PBMC10k_TGCTTGCCAGTAACCT-1,6135,CD4 T,Treg
PBMC10k_TGCTTGCGTTTACACG-1,6137,CD4 T,CD4 CTL
PBMC10k_TGCTTGCTCATGTCTT-1,6138,B,B naive
PBMC10k_TGCTTGCTCCAACCGG-1,6139,CD8 T,CD8 TEM
PBMC10k_TGGAACTCAACGACAG-1,6141,CD4 T,CD4 TEM
PBMC10k_TGGAACTCACGCTATA-1,6142,Mono,CD16 Mono
PBMC10k_TGGAACTCAGAGGTTG-1,6143,other,Eryth
PBMC10k_TGGAACTGTACAACGG-1,6146,Mono,CD14 Mono
PBMC10k_TGGAACTGTAGACGGT-1,6147,CD4 T,CD4 TCM
PBMC10k_TGGAACTGTGTCTCCT-1,6148,other T,MAIT
PBMC10k_TGGAACTTCAGACATC-1,6149,CD8 T,CD8 TEM
PBMC10k_TGGAACTTCTTTGCAT-1,6151,CD4 T,CD4 TCM
PBMC10k_TGGAGAGGTCATCACA-1,6152,CD4 T,Treg
PBMC10k_TGGAGAGGTTCAGCGC-1,6153,B,B naive
PBMC10k_TGGAGAGTCGTTTACT-1,6156,CD8 T,CD8 TCM
PBMC10k_TGGAGGAAGGCAGGGA-1,6157,NK,NK
PBMC10k_TGGAGGACACAAATAG-1,6158,Mono,CD14 Mono
PBMC10k_TGGAGGACAGAGTCAG-1,6159,CD4 T,CD4 TEM
PBMC10k_TGGAGGATCACGGACC-1,6160,CD8 T,CD8 TEM
PBMC10k_TGGAGGATCCACGTGG-1,6161,B,B memory
PBMC10k_TGGAGGATCGCCGTGA-1,6162,Mono,CD16 Mono
PBMC10k_TGGAGGATCGTCTCAC-1,6164,Mono,CD14 Mono
PBMC10k_TGGAGGATCTAGCATG-1,6165,Mono,CD14 Mono
PBMC10k_TGGATCAAGGCACTCC-1,6166,other,Eryth
PBMC10k_TGGATCACACGGTAGA-1,6167,CD4 T,CD4 TEM
PBMC10k_TGGATCAGTCCAAAGG-1,6168,CD4 T,CD4 Naive
PBMC10k_TGGATCATCTCTTGCG-1,6169,CD4 T,CD4 Naive
PBMC10k_TGGATGTAGAAGGTAG-1,6170,NK,NK
PBMC10k_TGGATGTAGGATACGC-1,6171,CD8 T,CD8 Naive
PBMC10k_TGGATGTCAAGGGCAT-1,6172,other T,dnT
PBMC10k_TGGATGTCACCCTCTA-1,6173,Mono,CD14 Mono
PBMC10k_TGGATGTGTATGCTAC-1,6174,Mono,CD14 Mono
PBMC10k_TGGATGTGTGGATTTC-1,6176,CD4 T,CD4 Naive
PBMC10k_TGGATGTTCAAGCTGT-1,6177,CD4 T,CD4 TCM
PBMC10k_TGGATGTTCACTAGCA-1,6178,Mono,CD14 Mono
PBMC10k_TGGCGTGAGACTGAGC-1,6179,other,Eryth
PBMC10k_TGGCGTGGTAACATCC-1,6183,Mono,CD14 Mono
PBMC10k_TGGGAAGAGAGTCAGC-1,6186,CD4 T,CD4 Naive
PBMC10k_TGGGAAGAGCATTGAA-1,6187,other T,MAIT
PBMC10k_TGGGAAGAGTTCCGGC-1,6188,B,B naive
PBMC10k_TGGGAAGTCGACCTAA-1,6191,Mono,CD16 Mono
PBMC10k_TGGGAGAAGTGGACTG-1,6192,CD4 T,Treg
PBMC10k_TGGGAGACAGGGAGAG-1,6193,NK,NK
PBMC10k_TGGGAGAGTTCGGGTC-1,6195,CD4 T,CD4 TCM
PBMC10k_TGGGAGAGTTGTGGAG-1,6196,other,Eryth
PBMC10k_TGGGAGATCGCATTAG-1,6197,Mono,CD14 Mono
PBMC10k_TGGGAGATCTGCCCTA-1,6199,CD4 T,CD4 Naive
PBMC10k_TGGGATTCAATCTGCA-1,6203,other T,gdT
PBMC10k_TGGGATTCATGGAAGC-1,6206,NK,NK Proliferating
PBMC10k_TGGGATTGTACGATCT-1,6207,CD4 T,CD4 TEM
PBMC10k_TGGGATTGTCGTCAGC-1,6208,CD8 T,CD8 TCM
PBMC10k_TGGGATTGTGCCTGCA-1,6209,CD4 T,Treg
PBMC10k_TGGGATTTCCTCACGT-1,6211,NK,NK
PBMC10k_TGGGCGTAGGTCCCTG-1,6214,NK,NK
PBMC10k_TGGGCGTCAATTGAAG-1,6215,CD4 T,CD4 TEM
PBMC10k_TGGGCGTGTAGACAAT-1,6216,other T,dnT
PBMC10k_TGGGCGTTCGTGTTCC-1,6218,Mono,CD14 Mono
PBMC10k_TGGGCTGAGAGGTATT-1,6219,Mono,CD16 Mono
PBMC10k_TGGGCTGAGGGCAACT-1,6220,other T,dnT
PBMC10k_TGGGCTGCAGACATCT-1,6221,CD8 T,CD8 Naive
PBMC10k_TGGGCTGCAGCGTTGC-1,6222,CD4 T,CD4 Naive
PBMC10k_TGGGCTGTCGGTAGGA-1,6225,NK,NK
PBMC10k_TGGGCTGTCTAGCATG-1,6226,CD4 T,CD4 TCM
PBMC10k_TGGGTTAGTCGTTCAA-1,6227,CD4 T,CD4 Naive
PBMC10k_TGGGTTAGTGTATTGC-1,6228,CD4 T,CD4 Naive
PBMC10k_TGGGTTATCGAAGCCC-1,6229,Mono,CD14 Mono
PBMC10k_TGGTACAAGGCGTTGA-1,6231,Mono,CD14 Mono
PBMC10k_TGGTACATCCCTGGTT-1,6234,CD4 T,CD4 Naive
PBMC10k_TGGTAGTAGACTGGGT-1,6235,NK,NK
PBMC10k_TGGTAGTAGGATTTAG-1,6236,CD4 T,CD4 TCM
PBMC10k_TGGTAGTAGTTACGAA-1,6237,Mono,CD14 Mono
PBMC10k_TGGTAGTCAGGAATCG-1,6238,CD4 T,CD4 Naive
PBMC10k_TGGTAGTGTAGCTTTG-1,6240,CD4 T,CD4 TCM
PBMC10k_TGGTAGTGTATGCAAA-1,6241,CD4 T,CD4 Naive
PBMC10k_TGGTAGTTCCAAGCAT-1,6243,NK,NK
PBMC10k_TGGTAGTTCGATTGAC-1,6244,other T,MAIT
PBMC10k_TGGTGATAGCCATGCC-1,6246,CD4 T,CD4 Naive
PBMC10k_TGGTGATAGGTATTGA-1,6247,Mono,CD14 Mono
PBMC10k_TGGTGATAGTCGAATA-1,6248,CD4 T,Treg
PBMC10k_TGGTGATAGTGCTAGG-1,6249,CD4 T,CD4 TCM
PBMC10k_TGGTGATCAAGACCTT-1,6251,B,B intermediate
PBMC10k_TGGTGATCATCGATGT-1,6252,CD4 T,CD4 TEM
PBMC10k_TGGTGATCATTCACCC-1,6254,other T,MAIT
PBMC10k_TGGTGATTCAATCCGA-1,6255,CD4 T,CD4 Naive
PBMC10k_TGGTGATTCCACAGCG-1,6256,CD4 T,CD4 TEM
PBMC10k_TGGTTAGAGACGCATG-1,6258,other,ILC
PBMC10k_TGGTTAGAGCATTTGC-1,6259,other,Eryth
PBMC10k_TGGTTAGAGGCCTTCG-1,6260,CD4 T,CD4 Naive
PBMC10k_TGGTTAGAGGTATTGA-1,6261,CD4 T,CD4 TCM
PBMC10k_TGGTTAGAGTGTAGAT-1,6262,NK,NK_CD56bright
PBMC10k_TGGTTAGCACCCGTAG-1,6263,NK,NK
PBMC10k_TGGTTAGGTGAGCGAT-1,6265,CD4 T,CD4 TCM
PBMC10k_TGGTTAGGTGAGTGAC-1,6266,NK,NK
PBMC10k_TGGTTAGTCAGACCTA-1,6267,NK,NK
PBMC10k_TGGTTAGTCCTGTTGC-1,6268,CD4 T,CD4 TCM
PBMC10k_TGTAACGAGGGCCTCT-1,6271,CD4 T,CD4 TEM
PBMC10k_TGTAACGAGTTGCGAG-1,6273,other T,gdT
PBMC10k_TGTAACGCAAGAGGCT-1,6274,CD4 T,CD4 Naive
PBMC10k_TGTAACGGTCCGTACG-1,6276,CD4 T,CD4 TCM
PBMC10k_TGTAACGGTTTGTGGT-1,6277,CD8 T,CD8 TEM
PBMC10k_TGTAACGTCGCAACAT-1,6278,Mono,CD14 Mono
PBMC10k_TGTACAGAGCACACAG-1,6281,DC,cDC2
PBMC10k_TGTACAGCACCGTCGA-1,6283,Mono,CD16 Mono
PBMC10k_TGTACAGGTTACACAC-1,6284,other T,MAIT
PBMC10k_TGTACAGTCCATTCAT-1,6285,CD4 T,CD4 Proliferating
PBMC10k_TGTAGACAGAGAGCAA-1,6287,NK,NK Proliferating
PBMC10k_TGTAGACAGAGTGACC-1,6288,CD4 T,CD4 TEM
PBMC10k_TGTAGACAGATCCCGC-1,6289,B,B naive
PBMC10k_TGTAGACAGCTAGAAT-1,6290,NK,NK
PBMC10k_TGTAGACCATATGAAG-1,6293,B,B naive
PBMC10k_TGTAGACTCCCTGTTG-1,6294,Mono,CD14 Mono
PBMC10k_TGTAGACTCTTGGATG-1,6296,CD8 T,CD8 Naive
PBMC10k_TGTCAGAAGCCTGGAA-1,6297,Mono,CD14 Mono
PBMC10k_TGTCAGAAGTCATTGC-1,6299,other T,MAIT
PBMC10k_TGTCCACAGTCAGCCC-1,6301,NK,NK
PBMC10k_TGTCCACAGTTGAAGT-1,6303,Mono,CD14 Mono
PBMC10k_TGTCCACCAACGTATC-1,6304,NK,NK
PBMC10k_TGTCCACGTTCTATCT-1,6305,NK,NK
PBMC10k_TGTCCACTCCATTTAC-1,6306,CD4 T,CD4 Naive
PBMC10k_TGTCCCAAGTCCGCCA-1,6309,CD4 T,CD4 Naive
PBMC10k_TGTCCCATCGGTAAGG-1,6312,CD8 T,CD8 TEM
PBMC10k_TGTCCTGCAATCCAGT-1,6315,CD4 T,CD4 TCM
PBMC10k_TGTCCTGCAGGAATCG-1,6316,CD4 T,Treg
PBMC10k_TGTCCTGCATATGGCT-1,6317,Mono,CD14 Mono
PBMC10k_TGTCCTGGTTATAGCC-1,6318,other T,MAIT
PBMC10k_TGTGAGTAGTCATGAA-1,6320,NK,NK
PBMC10k_TGTGAGTCACGTGAGA-1,6323,CD8 T,CD8 Naive
PBMC10k_TGTGAGTCAGCGATTT-1,6324,CD4 T,Treg
PBMC10k_TGTGAGTTCCATCGTC-1,6326,CD8 T,CD8 Naive
PBMC10k_TGTGAGTTCGTTCATT-1,6327,CD4 T,CD4 TCM
PBMC10k_TGTGATGCAACTTGCA-1,6328,other T,MAIT
PBMC10k_TGTGATGCAAGTGTCT-1,6329,CD4 T,CD4 TCM
PBMC10k_TGTGATGCATAGGCGA-1,6330,CD4 T,CD4 Naive
PBMC10k_TGTGATGGTACATACC-1,6331,CD4 T,CD4 TEM
PBMC10k_TGTGATGGTTCCGCAG-1,6333,CD4 T,CD4 TCM
PBMC10k_TGTGATGTCGCATGAT-1,6334,CD4 T,CD4 TCM
PBMC10k_TGTGCGGAGTGGATTA-1,6335,NK,NK
PBMC10k_TGTGGCGCACATTGTG-1,6340,NK,NK
PBMC10k_TGTGGCGGTACTCCCT-1,6341,NK,NK
PBMC10k_TGTGGCGTCATTGAGC-1,6342,CD4 T,CD4 TEM
PBMC10k_TGTGTGACAGAGCTAG-1,6344,Mono,CD14 Mono
PBMC10k_TGTTACTAGCTGAGTG-1,6346,CD4 T,CD4 Naive
PBMC10k_TGTTACTCACGCGCAT-1,6348,Mono,CD16 Mono
PBMC10k_TGTTACTGTGAGGAAA-1,6350,NK,NK_CD56bright
PBMC10k_TGTTACTTCCGATAAC-1,6351,CD4 T,CD4 Naive
PBMC10k_TGTTACTTCGAGTCTA-1,6352,other,Eryth
PBMC10k_TGTTCATAGAGGTCAC-1,6353,Mono,CD14 Mono
PBMC10k_TGTTCATTCCACTTCG-1,6356,Mono,CD14 Mono
PBMC10k_TGTTCATTCCATTCGC-1,6357,CD8 T,CD8 Naive
PBMC10k_TGTTCTAAGTCGTCTA-1,6366,Mono,CD14 Mono
PBMC10k_TGTTCTAAGTGTTGTC-1,6367,NK,NK
PBMC10k_TGTTCTAGTCTGTGAT-1,6368,B,B intermediate
PBMC10k_TGTTCTATCTCAGGCG-1,6369,CD4 T,Treg
PBMC10k_TGTTGAGAGTACTCGT-1,6373,other T,MAIT
PBMC10k_TGTTGAGCACATCCCT-1,6374,CD4 T,CD4 Naive
PBMC10k_TGTTGGACAACTCGTA-1,6378,NK,NK
PBMC10k_TGTTGGACACCTGCGA-1,6379,other T,dnT
PBMC10k_TGTTGGAGTATCCTCC-1,6381,CD8 T,CD8 TCM
PBMC10k_TGTTGGAGTCAAAGCG-1,6382,Mono,CD14 Mono
PBMC10k_TGTTGGATCTGACCCT-1,6385,CD8 T,CD8 TEM
PBMC10k_TGTTTGTGTACGGTTT-1,6387,CD8 T,CD8 Naive
PBMC10k_TGTTTGTGTAGCGTTT-1,6388,B,B naive
PBMC10k_TGTTTGTTCAACTGAC-1,6389,other T,dnT
PBMC10k_TGTTTGTTCGCTCTAC-1,6390,CD4 T,CD4 Naive
PBMC10k_TGTTTGTTCGTGTCAA-1,6391,CD4 T,CD4 Naive
PBMC10k_TTAATCCCAAGCGCTC-1,6392,CD4 T,CD4 TCM
PBMC10k_TTAATCCCACGTAACT-1,6393,Mono,CD14 Mono
PBMC10k_TTAATCCGTTGTCATG-1,6397,NK,NK
PBMC10k_TTAATCCGTTTGGGAG-1,6398,NK,NK Proliferating
PBMC10k_TTAATCCTCAACGTGT-1,6399,B,B memory
PBMC10k_TTAATCCTCGACTCCT-1,6401,other T,MAIT
PBMC10k_TTACAGGAGTATGGAT-1,6403,Mono,CD14 Mono
PBMC10k_TTACAGGGTATTGAGA-1,6404,NK,NK
PBMC10k_TTACAGGGTTACCTGA-1,6405,Mono,CD14 Mono
PBMC10k_TTACAGGTCAACACGT-1,6406,B,B memory
PBMC10k_TTACAGGTCATTTGGG-1,6408,other T,dnT
PBMC10k_TTACAGGTCCACATAG-1,6409,NK,NK
PBMC10k_TTACCATAGACAGTCG-1,6413,CD4 T,CD4 TEM
PBMC10k_TTACCATAGAGCACTG-1,6414,CD4 T,CD4 Naive
PBMC10k_TTACCATGTAGCCCTG-1,6417,CD8 T,CD8 TEM
PBMC10k_TTACCATGTAGGTTTC-1,6418,CD4 T,CD4 TCM
PBMC10k_TTACCATGTGAGTTTC-1,6419,Mono,CD14 Mono
PBMC10k_TTACCATGTTAGGACG-1,6420,other,Eryth
PBMC10k_TTACCATTCTACGGGC-1,6423,Mono,CD14 Mono
PBMC10k_TTACCGCAGATAGTCA-1,6424,Mono,CD14 Mono
PBMC10k_TTACCGCAGTGTTCCA-1,6425,DC,cDC2
PBMC10k_TTACCGCCACAATGAA-1,6426,other,Eryth
PBMC10k_TTACCGCCACCGGAAA-1,6427,Mono,CD14 Mono
PBMC10k_TTACCGCCAGCTTTGA-1,6428,CD4 T,CD4 TCM
PBMC10k_TTACCGCGTGGTACAG-1,6429,NK,NK
PBMC10k_TTACCGCTCCATCGTC-1,6430,CD8 T,CD8 TEM
PBMC10k_TTACGCCGTTCAAACC-1,6431,B,B naive
PBMC10k_TTACGCCTCAGTGTCA-1,6432,B,B memory
PBMC10k_TTACGCCTCGTAACTG-1,6434,NK,NK
PBMC10k_TTACGCCTCTATCCAT-1,6436,other T,dnT
PBMC10k_TTACGCCTCTCTGGTC-1,6437,B,B intermediate
PBMC10k_TTACGTTAGGAACATT-1,6438,CD4 T,CD4 Naive
PBMC10k_TTACTGTAGGTTACAA-1,6440,other,Eryth
PBMC10k_TTACTGTCACCCTATC-1,6442,other T,dnT
PBMC10k_TTACTGTCAGAGTTGG-1,6444,CD4 T,CD4 TEM
PBMC10k_TTACTGTCATGACAGG-1,6447,other T,MAIT
PBMC10k_TTACTGTGTACTGCGC-1,6448,CD4 T,CD4 Naive
PBMC10k_TTACTGTGTGAATAAC-1,6449,NK,NK
PBMC10k_TTAGGCAAGGAGATAG-1,6451,NK,NK
PBMC10k_TTAGGCACAAACGGCA-1,6452,CD4 T,CD4 Naive
PBMC10k_TTAGGCACAGAAGCTG-1,6453,B,B intermediate
PBMC10k_TTAGGCATCGGATAAA-1,6457,CD4 T,Treg
PBMC10k_TTAGGCATCTCCATAT-1,6458,B,B intermediate
PBMC10k_TTAGGGTCACATTCTT-1,6459,NK,NK
PBMC10k_TTAGGGTCATGACGGA-1,6460,CD4 T,CD4 Naive
PBMC10k_TTAGGGTGTAGCTGCC-1,6462,CD4 T,CD4 TCM
PBMC10k_TTAGGGTGTGGTCTCG-1,6463,CD4 T,CD4 TCM
PBMC10k_TTAGGGTGTTAAACCC-1,6464,CD4 T,CD4 TCM
PBMC10k_TTAGGGTTCACTACGA-1,6465,B,B naive
PBMC10k_TTAGGGTTCGGCTGAC-1,6467,CD4 T,CD4 Naive
PBMC10k_TTAGTCTAGATTAGTG-1,6468,Mono,CD14 Mono
PBMC10k_TTAGTCTAGGTCCTGC-1,6470,CD4 T,Treg
PBMC10k_TTAGTCTAGGTGCATG-1,6471,CD4 T,CD4 TEM
PBMC10k_TTAGTCTCAAGAGAGA-1,6472,CD4 T,CD4 Naive
PBMC10k_TTAGTCTCAAGTATAG-1,6473,other T,MAIT
PBMC10k_TTAGTCTGTCCTTAAG-1,6477,Mono,CD14 Mono
PBMC10k_TTATTGCAGTATGTAG-1,6481,CD4 T,Treg
PBMC10k_TTATTGCTCGTCTAAG-1,6488,Mono,CD14 Mono
PBMC10k_TTCAATCAGCATGGGT-1,6489,NK,NK
PBMC10k_TTCAATCAGGCGCTCT-1,6490,CD8 T,CD8 Naive
PBMC10k_TTCAATCAGGTTAAAC-1,6491,NK,NK
PBMC10k_TTCAATCCATTGAAGA-1,6492,CD8 T,CD8 TEM
PBMC10k_TTCAATCGTAGCGTCC-1,6493,Mono,CD14 Mono
PBMC10k_TTCAATCGTCATGCAT-1,6494,CD4 T,Treg
PBMC10k_TTCAATCTCTCCCAAC-1,6495,CD4 T,CD4 TEM
PBMC10k_TTCACCGCACAGTCCG-1,6497,CD8 T,CD8 Naive
PBMC10k_TTCACCGGTTCAGGTT-1,6500,CD4 T,CD4 TCM
PBMC10k_TTCACGCTCAGTGTTG-1,6506,DC,cDC2
PBMC10k_TTCAGGAGTGTCACAT-1,6511,CD4 T,CD4 Naive
PBMC10k_TTCAGGATCGCTGACG-1,6512,CD8 T,CD8 TEM
PBMC10k_TTCATGTAGATAGCTA-1,6513,Mono,CD14 Mono
PBMC10k_TTCATGTGTCATTCCC-1,6516,Mono,CD16 Mono
PBMC10k_TTCATGTTCTTGCAAG-1,6519,Mono,CD14 Mono
PBMC10k_TTCATTGAGCGTCAAG-1,6520,CD4 T,CD4 Naive
PBMC10k_TTCATTGCAGCACGAA-1,6522,other T,MAIT
PBMC10k_TTCATTGCAGCAGTCC-1,6523,CD8 T,CD8 TEM
PBMC10k_TTCATTGCATGCCGGT-1,6524,other T,gdT
PBMC10k_TTCATTGGTACGGCAA-1,6525,NK,NK
PBMC10k_TTCATTGTCGTACACA-1,6527,other,Eryth
PBMC10k_TTCCACGGTGACAGGT-1,6531,Mono,CD14 Mono
PBMC10k_TTCCACGTCCAATGCA-1,6532,other T,MAIT
PBMC10k_TTCCGGTAGGCTCACC-1,6534,CD4 T,CD4 Naive
PBMC10k_TTCCGGTCACAACGCC-1,6537,CD4 T,CD4 TCM
PBMC10k_TTCCGGTGTCACATTG-1,6539,other T,MAIT
PBMC10k_TTCCGTGCAACTAGAA-1,6542,CD4 T,CD4 TEM
PBMC10k_TTCCGTGCATGAGATA-1,6544,CD4 T,CD4 TEM
PBMC10k_TTCCGTGGTAACGTTC-1,6545,B,B intermediate
PBMC10k_TTCCGTGGTACGACTT-1,6546,CD4 T,CD4 Naive
PBMC10k_TTCCGTGGTCAACGCC-1,6547,CD4 T,CD4 Naive
PBMC10k_TTCCGTGTCTCAGAAC-1,6550,Mono,CD14 Mono
PBMC10k_TTCCTAAAGCTAGAAT-1,6551,B,B naive
PBMC10k_TTCCTAAAGTTGGACG-1,6552,CD4 T,CD4 TCM
PBMC10k_TTCCTAACAATCTCGA-1,6554,CD8 T,CD8 TEM
PBMC10k_TTCCTAAGTCAGTCGC-1,6556,B,B naive
PBMC10k_TTCCTAATCATCTACT-1,6558,CD4 T,CD4 Naive
PBMC10k_TTCCTCTTCTACTCAT-1,6561,Mono,CD16 Mono
PBMC10k_TTCCTTCCAAAGGATT-1,6562,CD8 T,CD8 Naive
PBMC10k_TTCCTTCGTCCAACGC-1,6564,NK,NK
PBMC10k_TTCCTTCGTGCTCGTG-1,6565,NK,NK
PBMC10k_TTCCTTCTCAGCACCG-1,6567,NK,NK
PBMC10k_TTCCTTCTCGACCAAT-1,6568,NK,NK
PBMC10k_TTCGATTAGGGCCAAT-1,6569,CD8 T,CD8 Naive
PBMC10k_TTCGATTCACGGCTAC-1,6570,CD4 T,CD4 TEM
PBMC10k_TTCGATTTCAGGGTAG-1,6574,CD4 T,CD4 TCM
PBMC10k_TTCGCTGCACACCTTC-1,6576,CD8 T,CD8 Proliferating
PBMC10k_TTCGCTGCACGAAGAC-1,6577,CD8 T,CD8 Naive
PBMC10k_TTCGCTGCAGGTGGAT-1,6578,Mono,CD14 Mono
PBMC10k_TTCGCTGCAGGTTCAT-1,6579,CD8 T,CD8 TEM
PBMC10k_TTCGCTGGTGTTTCTT-1,6580,B,B naive
PBMC10k_TTCGCTGTCCATTGTT-1,6583,CD8 T,CD8 TEM
PBMC10k_TTCTAACCACTTGAGT-1,6591,Mono,CD14 Mono
PBMC10k_TTCTAACCATACCGTA-1,6592,Mono,CD14 Mono
PBMC10k_TTCTAACGTCATAAAG-1,6595,other T,MAIT
PBMC10k_TTCTAACGTCATCAGT-1,6596,other T,MAIT
PBMC10k_TTCTAACTCCAGTGTA-1,6598,CD8 T,CD8 TEM
PBMC10k_TTCTAGTCACCTCTAC-1,6602,other,Eryth
PBMC10k_TTCTAGTCAGTATGAA-1,6603,other,Eryth
PBMC10k_TTCTAGTGTCAAAGAT-1,6604,CD8 T,CD8 TEM
PBMC10k_TTCTAGTGTCCTCCTA-1,6605,other T,dnT
PBMC10k_TTCTAGTGTCGAAGCA-1,6606,CD4 T,CD4 TCM
PBMC10k_TTCTAGTTCGCCAACG-1,6607,NK,NK
PBMC10k_TTCTAGTTCTGAACGT-1,6608,CD4 T,CD4 TCM
PBMC10k_TTCTAGTTCTGAGAAA-1,6609,CD8 T,CD8 TEM
PBMC10k_TTCTAGTTCTTAGCTT-1,6610,CD8 T,CD8 Naive
PBMC10k_TTCTCTCAGGGCAGAG-1,6611,CD4 T,CD4 TCM
PBMC10k_TTCTCTCAGTGCAAAT-1,6612,CD4 T,Treg
PBMC10k_TTCTCTCCATATCTCT-1,6613,CD4 T,CD4 Naive
PBMC10k_TTCTCTCTCAGTCACA-1,6615,CD4 T,CD4 TCM
PBMC10k_TTCTGTAAGACGAGCT-1,6617,CD4 T,CD4 TCM
PBMC10k_TTCTGTAAGGAAAGTG-1,6619,other T,dnT
PBMC10k_TTCTGTAAGGCATGCA-1,6620,Mono,CD14 Mono
PBMC10k_TTCTGTACAATGTCTG-1,6621,CD4 T,CD4 Naive
PBMC10k_TTCTTCCGTCGTACAT-1,6623,Mono,CD16 Mono
PBMC10k_TTCTTCCGTGGCTTGC-1,6624,CD4 T,CD4 TCM
PBMC10k_TTCTTCCTCATGCCGG-1,6625,B,B memory
PBMC10k_TTCTTCCTCTAGCCTC-1,6626,CD8 T,CD8 TCM
PBMC10k_TTCTTCCTCTGGGCGT-1,6628,B,B naive
PBMC10k_TTCTTGACAGCACAGA-1,6630,other T,dnT
PBMC10k_TTCTTGAGTCCCAAAT-1,6633,CD4 T,Treg
PBMC10k_TTGAACGGTGGCGCTT-1,6636,CD4 T,CD4 TCM
PBMC10k_TTGAACGTCGCCGTGA-1,6639,B,B intermediate
PBMC10k_TTGACCCTCGCATGAT-1,6642,CD8 T,CD8 TEM
PBMC10k_TTGAGTGAGCACCGAA-1,6644,DC,cDC2
PBMC10k_TTGAGTGCAGGAAGTC-1,6645,Mono,CD14 Mono
PBMC10k_TTGATGGAGTTGCCCG-1,6647,CD4 T,CD4 Naive
PBMC10k_TTGATGGCAAACTCTG-1,6648,NK,NK
PBMC10k_TTGATGGCACGATTCA-1,6649,CD4 T,CD4 Naive
PBMC10k_TTGATGGGTCGACTGC-1,6650,CD4 T,CD4 Naive
PBMC10k_TTGATGGGTCTACGTA-1,6651,CD4 T,CD4 Naive
PBMC10k_TTGATGGTCGGCCAAC-1,6654,other T,MAIT
PBMC10k_TTGATGGTCTCTTAAC-1,6655,NK,NK
PBMC10k_TTGCATTAGTGGTTGG-1,6657,Mono,CD14 Mono
PBMC10k_TTGCATTCACGATAGG-1,6658,other,Eryth
PBMC10k_TTGCATTCATACTTTC-1,6659,Mono,CD14 Mono
PBMC10k_TTGCATTCATGGCCCA-1,6660,Mono,CD14 Mono
PBMC10k_TTGCATTTCTATCGGA-1,6662,CD4 T,CD4 Naive
PBMC10k_TTGCCTGAGCACTAGG-1,6663,CD4 T,CD4 TCM
PBMC10k_TTGCCTGAGGCGATAC-1,6664,CD4 T,CD4 Naive
PBMC10k_TTGCCTGCACCCGTAG-1,6665,CD4 T,CD4 TCM
PBMC10k_TTGCCTGCATCAGCTA-1,6666,DC,ASDC
PBMC10k_TTGCCTGGTACAAAGT-1,6667,CD4 T,CD4 Naive
PBMC10k_TTGCCTGGTTAGGGTG-1,6669,CD8 T,CD8 Naive
PBMC10k_TTGCCTGTCGACGAGA-1,6670,Mono,CD14 Mono
PBMC10k_TTGCGTCAGAACTGAT-1,6671,CD8 T,CD8 Naive
PBMC10k_TTGCGTCCATCGCTGG-1,6673,CD4 T,CD4 TCM
PBMC10k_TTGCTGCGTCGCGTCA-1,6678,B,B memory
PBMC10k_TTGCTGCTCACCTACC-1,6681,Mono,CD14 Mono
PBMC10k_TTGCTGCTCATGCTAG-1,6682,CD4 T,CD4 Naive
PBMC10k_TTGCTGCTCGATACTG-1,6683,Mono,CD14 Mono
PBMC10k_TTGCTGCTCTGAATCG-1,6684,Mono,CD14 Mono
PBMC10k_TTGGATGAGATCCAAA-1,6685,CD8 T,CD8 Naive
PBMC10k_TTGGATGAGGCGTTGA-1,6687,CD4 T,CD4 TCM
PBMC10k_TTGGATGCAATATCCG-1,6688,Mono,CD14 Mono
PBMC10k_TTGGATGCACCGAATT-1,6689,NK,NK
PBMC10k_TTGGATGGTTCTCACC-1,6690,CD4 T,CD4 TCM
PBMC10k_TTGGATGTCACCCTTG-1,6691,other,HSPC
PBMC10k_TTGGGATGTATGTGTC-1,6698,CD4 T,CD4 Naive
PBMC10k_TTGGGCGGTGTGTTTG-1,6701,B,B memory
PBMC10k_TTGGGCGGTTACGATC-1,6702,Mono,CD14 Mono
PBMC10k_TTGGGCGTCTGAATGC-1,6703,DC,cDC2
PBMC10k_TTGGGTAAGCAGAAAG-1,6704,other T,dnT
PBMC10k_TTGGGTAAGGTAGGCT-1,6706,CD4 T,CD4 TCM
PBMC10k_TTGGGTAAGTGAGTTA-1,6708,CD8 T,CD8 Naive
PBMC10k_TTGGGTAGTTGTTTGG-1,6712,other T,MAIT
PBMC10k_TTGGTTTAGTGCTAGG-1,6718,B,B naive
PBMC10k_TTGGTTTCAACCGATT-1,6719,CD4 T,CD4 Naive
PBMC10k_TTGGTTTCAGGACTTT-1,6720,other T,MAIT
PBMC10k_TTGGTTTTCCTTGACC-1,6722,B,B memory
PBMC10k_TTGTGGACAACGTAAA-1,6725,CD4 T,CD4 TEM
PBMC10k_TTGTGGATCATTCATC-1,6726,CD4 T,CD4 Naive
PBMC10k_TTGTGGATCTGACCCT-1,6727,NK,NK
PBMC10k_TTGTGTTAGAATAACC-1,6728,Mono,CD14 Mono
PBMC10k_TTGTGTTAGCAAGTGC-1,6729,Mono,CD14 Mono
PBMC10k_TTGTGTTAGTGGTTCT-1,6730,B,B naive
PBMC10k_TTGTGTTCAGGGCTTC-1,6732,CD4 T,CD4 Naive
PBMC10k_TTGTGTTTCAGCATTG-1,6733,CD4 T,CD4 TCM
PBMC10k_TTGTGTTTCAGCCCAG-1,6734,DC,cDC1
PBMC10k_TTGTTCACAGCTCCTT-1,6736,B,B naive
PBMC10k_TTGTTCACATTCAGGT-1,6737,B,B naive
PBMC10k_TTGTTCAGTAGATGTA-1,6739,Mono,CD16 Mono
PBMC10k_TTGTTCAGTTGGACCC-1,6740,CD4 T,Treg
PBMC10k_TTGTTGTGTCTGTGAT-1,6746,CD8 T,CD8 Proliferating
PBMC10k_TTGTTTGAGATCACCT-1,6748,Mono,CD14 Mono
PBMC10k_TTGTTTGAGCTATCTG-1,6749,CD8 T,CD8 Proliferating
PBMC10k_TTGTTTGCATCGTTCC-1,6750,NK,NK
PBMC10k_TTGTTTGGTTTCGCTC-1,6751,NK,NK_CD56bright
PBMC10k_TTTACCAGTTAGTTCG-1,6752,CD4 T,CD4 Naive
PBMC10k_TTTACGTAGCATAGGC-1,6753,NK,NK
PBMC10k_TTTACGTCAATCTCTT-1,6755,B,B naive
PBMC10k_TTTACGTGTGCCCACA-1,6758,CD4 T,Treg
PBMC10k_TTTACGTGTTAAGGGC-1,6759,NK,NK
PBMC10k_TTTACGTTCGCGGTAC-1,6761,B,B naive
PBMC10k_TTTACTGAGTGGCGAT-1,6763,CD8 T,CD8 Naive
PBMC10k_TTTACTGCAATGTTGC-1,6764,other,ILC
PBMC10k_TTTACTGCAGAAATCA-1,6765,Mono,CD14 Mono
PBMC10k_TTTACTGCAGTTTGGT-1,6766,B,B naive
PBMC10k_TTTACTGGTATGGAAT-1,6768,Mono,CD14 Mono
PBMC10k_TTTACTGTCCTCACTG-1,6771,B,B naive
PBMC10k_TTTAGTCAGACACACG-1,6772,CD8 T,CD8 TEM
PBMC10k_TTTAGTCAGCAAGTGC-1,6773,CD4 T,CD4 TEM
PBMC10k_TTTAGTCCAACACACT-1,6774,other,Eryth
PBMC10k_TTTAGTCGTCCTACGG-1,6777,NK,NK
PBMC10k_TTTAGTCTCCCATACC-1,6779,NK,NK
PBMC10k_TTTAGTCTCTAAACGC-1,6780,Mono,CD14 Mono
PBMC10k_TTTATGCAGCTCGGCT-1,6782,CD8 T,CD8 TEM
PBMC10k_TTTATGCGTAGACGTG-1,6783,CD4 T,CD4 TCM
PBMC10k_TTTATGCGTTTCAGAC-1,6784,CD4 T,CD4 TEM
PBMC10k_TTTCACAAGAGGTATT-1,6787,Mono,CD14 Mono
PBMC10k_TTTCACAAGTACCCTA-1,6788,Mono,CD14 Mono
PBMC10k_TTTCACACAATAACCC-1,6789,CD4 T,CD4 TCM
PBMC10k_TTTCACACACCAGTAT-1,6790,CD8 T,CD8 TCM
PBMC10k_TTTCACAGTACGAAAT-1,6791,CD4 T,CD4 Naive
PBMC10k_TTTCACATCAAACGAA-1,6792,other T,dnT
PBMC10k_TTTCAGTAGGCGATAC-1,6795,B,B memory
PBMC10k_TTTCAGTCAAACCACT-1,6796,CD4 T,CD4 Naive
PBMC10k_TTTCAGTCACGTGTGC-1,6797,other T,MAIT
PBMC10k_TTTCAGTTCCACAAGT-1,6800,other T,gdT
PBMC10k_TTTCAGTTCGTGGGTC-1,6801,NK,NK
PBMC10k_TTTCATGAGCCTCGTG-1,6803,Mono,CD16 Mono
PBMC10k_TTTCATGTCACACGAT-1,6805,CD4 T,CD4 TCM
PBMC10k_TTTCCTCAGGGAGAAT-1,6807,Mono,CD14 Mono
PBMC10k_TTTCCTCCAAATGATG-1,6808,B,B intermediate
PBMC10k_TTTCCTCCACAAGTGG-1,6809,CD4 T,CD4 TEM
PBMC10k_TTTCCTCGTCTTGGTA-1,6810,CD8 T,CD8 TEM
PBMC10k_TTTCCTCGTTTACGAC-1,6811,other T,MAIT
PBMC10k_TTTCCTCTCGTAGAGG-1,6812,CD4 T,CD4 Naive
PBMC10k_TTTCCTCTCGTGCACG-1,6813,other,Eryth
PBMC10k_TTTCGATCACCAGACC-1,6816,CD4 T,Treg
PBMC10k_TTTCGATCATCCCACT-1,6817,Mono,CD14 Mono
PBMC10k_TTTCGATGTTACACAC-1,6818,NK,NK
PBMC10k_TTTGACTAGGAAGTGA-1,6820,other,Platelet
PBMC10k_TTTGACTAGGTATCTC-1,6821,CD4 T,CD4 TEM
PBMC10k_TTTGACTCATGTGGTT-1,6822,B,B naive
PBMC10k_TTTGACTGTCTGTTAG-1,6824,other T,MAIT
PBMC10k_TTTGACTTCCTTATGT-1,6825,CD8 T,CD8 Naive
PBMC10k_TTTGATCAGAGGTCGT-1,6826,NK,NK
PBMC10k_TTTGATCTCAAGCGTT-1,6829,CD4 T,CD4 Naive
PBMC10k_TTTGATCTCGTGGTAT-1,6830,CD4 T,CD4 TCM
PBMC10k_TTTGGAGAGAATCGTA-1,6831,CD4 T,Treg
PBMC10k_TTTGGAGCAACGGTAG-1,6832,CD4 T,Treg
PBMC10k_TTTGGAGCAATTCACG-1,6833,other,ILC
PBMC10k_TTTGGAGCAGCGTATT-1,6834,CD4 T,CD4 TCM
PBMC10k_TTTGGAGCATGTTCAG-1,6835,CD4 T,CD4 TCM
PBMC10k_TTTGGAGGTGGACTGA-1,6836,CD4 T,Treg
PBMC10k_TTTGGAGGTTTGTTGG-1,6837,CD4 T,CD4 TCM
PBMC10k_TTTGGAGTCCAAGAGG-1,6838,B,B naive
PBMC10k_TTTGGAGTCCAGCCTT-1,6839,other T,MAIT
PBMC10k_TTTGGTTTCAAGAAAC-1,6844,Mono,CD14 Mono
PBMC10k_TTTGGTTTCCACGTAA-1,6845,CD4 T,CD4 Naive
PBMC10k_TTTGTTGAGGCCACCT-1,6848,NK,NK
PBMC10k_TTTGTTGCACGAAAGC-1,6849,Mono,CD14 Mono
PBMC10k_TTTGTTGGTCTCTCAC-1,6850,CD4 T,CD4 Naive
PBMC10k_TTTGTTGGTGGCCACT-1,6851,NK,NK
PBMC10k_TTTGTTGGTTGCATGT-1,6852,CD8 T,CD8 Naive
PBMC10k_TTTGTTGTCGAGTGAG-1,6853,CD4 T,CD4 TEM
