direction,model,group,u_pred
pbmc10k_to_pbmc5k,scvi_matched,correct,0.00041621923446655273
pbmc10k_to_pbmc5k,scvi_matched,correct,0.34951066970825195
pbmc10k_to_pbmc5k,scvi_matched,correct,0.13163167238235474
pbmc10k_to_pbmc5k,scvi_matched,correct,0.09658932685852051
pbmc10k_to_pbmc5k,scvi_matched,correct,0.0008510351181030273
pbmc10k_to_pbmc5k,scvi_matched,correct,0.004105210304260254
pbmc10k_to_pbmc5k,scvi_matched,correct,0.0007696151733398438
pbmc10k_to_pbmc5k,scvi_matched,correct,0.0009659528732299805
pbmc10k_to_pbmc5k,scvi_matched,correct,0.3776089549064636
pbmc10k_to_pbmc5k,scvi_matched,correct,0.02184230089187622
pbmc10k_to_pbmc5k,scvi_matched,correct,0.2169446349143982
pbmc10k_to_pbmc5k,scvi_matched,correct,0.20102840662002563
pbmc10k_to_pbmc5k,scvi_matched,correct,0.15968066453933716
pbmc10k_to_pbmc5k,scvi_matched,correct,0.5856496095657349
pbmc10k_to_pbmc5k,scvi_matched,correct,0.011918425559997559
pbmc10k_to_pbmc5k,scvi_matched,correct,0.17451614141464233
pbmc10k_to_pbmc5k,scvi_matched,correct,0.1714344620704651
pbmc10k_to_pbmc5k,scvi_matched,correct,0.05598682165145874
pbmc10k_to_pbmc5k,scvi_matched,correct,0.009344160556793213
pbmc10k_to_pbmc5k,scvi_matched,correct,0.0018811821937561035
pbmc10k_to_pbmc5k,scvi_matched,correct,0.006835043430328369
pbmc10k_to_pbmc5k,scvi_matched,correct,0.15319180488586426
pbmc10k_to_pbmc5k,scvi_matched,correct,0.00021141767501831055
pbmc10k_to_pbmc5k,scvi_matched,correct,0.4336813688278198
pbmc10k_to_pbmc5k,scvi_matched,correct,0.001540541648864746
pbmc10k_to_pbmc5k,scvi_matched,correct,0.5415462851524353
pbmc10k_to_pbmc5k,scvi_matched,correct,0.011224985122680664
pbmc10k_to_pbmc5k,scvi_matched,correct,0.00678938627243042
pbmc10k_to_pbmc5k,scvi_matched,correct,0.21185696125030518
pbmc10k_to_pbmc5k,scvi_matched,correct,0.0036377310752868652
pbmc10k_to_pbmc5k,scvi_matched,correct,0.0788390040397644
pbmc10k_to_pbmc5k,scvi_matched,correct,0.038021862506866455
pbmc10k_to_pbmc5k,scvi_matched,correct,0.09200835227966309
pbmc10k_to_pbmc5k,scvi_matched,correct,0.022386491298675537
pbmc10k_to_pbmc5k,scvi_matched,correct,0.00048029422760009766
pbmc10k_to_pbmc5k,scvi_matched,correct,0.42733287811279297
pbmc10k_to_pbmc5k,scvi_matched,correct,0.4561925530433655
pbmc10k_to_pbmc5k,scvi_matched,correct,0.004389822483062744
pbmc10k_to_pbmc5k,scvi_matched,correct,0.5367475748062134
pbmc10k_to_pbmc5k,scvi_matched,correct,0.14256441593170166
pbmc10k_to_pbmc5k,scvi_matched,correct,0.23912423849105835
pbmc10k_to_pbmc5k,scvi_matched,correct,0.009129703044891357
pbmc10k_to_pbmc5k,scvi_matched,correct,0.10364538431167603
pbmc10k_to_pbmc5k,scvi_matched,correct,0.17401832342147827
pbmc10k_to_pbmc5k,scvi_matched,correct,0.3418670892715454
pbmc10k_to_pbmc5k,scvi_matched,correct,0.4721067547798157
pbmc10k_to_pbmc5k,scvi_matched,correct,0.3845698833465576
pbmc10k_to_pbmc5k,scvi_matched,correct,0.003982365131378174
pbmc10k_to_pbmc5k,scvi_matched,correct,0.015076637268066406
pbmc10k_to_pbmc5k,scvi_matched,correct,3.0159950256347656e-05
pbmc10k_to_pbmc5k,scvi_matched,correct,0.24257534742355347
pbmc10k_to_pbmc5k,scvi_matched,correct,0.4612022638320923
pbmc10k_to_pbmc5k,scvi_matched,correct,0.004102945327758789
pbmc10k_to_pbmc5k,scvi_matched,correct,0.6248143911361694
pbmc10k_to_pbmc5k,scvi_matched,correct,0.424921452999115
pbmc10k_to_pbmc5k,scvi_matched,correct,0.006613433361053467
pbmc10k_to_pbmc5k,scvi_matched,correct,0.15664172172546387
pbmc10k_to_pbmc5k,scvi_matched,correct,0.5518823266029358
pbmc10k_to_pbmc5k,scvi_matched,correct,0.45688557624816895
pbmc10k_to_pbmc5k,scvi_matched,correct,0.11395144462585449
pbmc10k_to_pbmc5k,scvi_matched,correct,0.47692275047302246
pbmc10k_to_pbmc5k,scvi_matched,correct,0.3552393317222595
pbmc10k_to_pbmc5k,scvi_matched,correct,0.08601689338684082
pbmc10k_to_pbmc5k,scvi_matched,correct,0.008946716785430908
pbmc10k_to_pbmc5k,scvi_matched,correct,0.13496649265289307
pbmc10k_to_pbmc5k,scvi_matched,correct,0.22890210151672363
pbmc10k_to_pbmc5k,scvi_matched,correct,0.32029086351394653
pbmc10k_to_pbmc5k,scvi_matched,correct,0.11535203456878662
pbmc10k_to_pbmc5k,scvi_matched,correct,0.1701977252960205
pbmc10k_to_pbmc5k,scvi_matched,correct,0.004428565502166748
pbmc10k_to_pbmc5k,scvi_matched,correct,0.00046455860137939453
pbmc10k_to_pbmc5k,scvi_matched,correct,0.2535545229911804
pbmc10k_to_pbmc5k,scvi_matched,correct,0.0002765059471130371
pbmc10k_to_pbmc5k,scvi_matched,correct,0.08855223655700684
pbmc10k_to_pbmc5k,scvi_matched,correct,0.5827745199203491
pbmc10k_to_pbmc5k,scvi_matched,correct,0.014332413673400879
pbmc10k_to_pbmc5k,scvi_matched,correct,0.15412598848342896
pbmc10k_to_pbmc5k,scvi_matched,correct,0.00011873245239257812
pbmc10k_to_pbmc5k,scvi_matched,correct,0.4090702533721924
pbmc10k_to_pbmc5k,scvi_matched,correct,0.03476351499557495
pbmc10k_to_pbmc5k,scvi_matched,correct,0.014092803001403809
pbmc10k_to_pbmc5k,scvi_matched,correct,0.00019162893295288086
pbmc10k_to_pbmc5k,scvi_matched,correct,0.5840014219284058
pbmc10k_to_pbmc5k,scvi_matched,correct,0.01217508316040039
pbmc10k_to_pbmc5k,scvi_matched,correct,0.0003490447998046875
pbmc10k_to_pbmc5k,scvi_matched,correct,0.36337846517562866
pbmc10k_to_pbmc5k,scvi_matched,correct,0.21780157089233398
pbmc10k_to_pbmc5k,scvi_matched,correct,0.03329521417617798
pbmc10k_to_pbmc5k,scvi_matched,correct,0.0013717412948608398
pbmc10k_to_pbmc5k,scvi_matched,correct,0.0008954405784606934
pbmc10k_to_pbmc5k,scvi_matched,correct,0.054524004459381104
pbmc10k_to_pbmc5k,scvi_matched,correct,0.2785465121269226
pbmc10k_to_pbmc5k,scvi_matched,correct,0.002023041248321533
pbmc10k_to_pbmc5k,scvi_matched,correct,0.3893687129020691
pbmc10k_to_pbmc5k,scvi_matched,correct,0.0017123818397521973
pbmc10k_to_pbmc5k,scvi_matched,correct,0.00022429227828979492
pbmc10k_to_pbmc5k,scvi_matched,correct,0.007931709289550781
pbmc10k_to_pbmc5k,scvi_matched,correct,0.0012777447700500488
pbmc10k_to_pbmc5k,scvi_matched,correct,0.21097731590270996
pbmc10k_to_pbmc5k,scvi_matched,correct,0.015080690383911133
pbmc10k_to_pbmc5k,scvi_matched,correct,0.05975693464279175
pbmc10k_to_pbmc5k,scvi_matched,correct,0.0037413835525512695
pbmc10k_to_pbmc5k,scvi_matched,correct,0.0011368989944458008
pbmc10k_to_pbmc5k,scvi_matched,correct,0.383833110332489
pbmc10k_to_pbmc5k,scvi_matched,correct,0.0005079507827758789
pbmc10k_to_pbmc5k,scvi_matched,correct,0.05207341909408569
pbmc10k_to_pbmc5k,scvi_matched,correct,0.3648608922958374
pbmc10k_to_pbmc5k,scvi_matched,correct,0.00038808584213256836
pbmc10k_to_pbmc5k,scvi_matched,correct,0.05179041624069214
pbmc10k_to_pbmc5k,scvi_matched,correct,0.11795562505722046
pbmc10k_to_pbmc5k,scvi_matched,correct,0.001721501350402832
pbmc10k_to_pbmc5k,scvi_matched,correct,0.2783116102218628
pbmc10k_to_pbmc5k,scvi_matched,correct,0.001279294490814209
pbmc10k_to_pbmc5k,scvi_matched,correct,0.32729077339172363
pbmc10k_to_pbmc5k,scvi_matched,correct,0.4530954360961914
pbmc10k_to_pbmc5k,scvi_matched,correct,0.0014328956604003906
pbmc10k_to_pbmc5k,scvi_matched,correct,0.0014870762825012207
pbmc10k_to_pbmc5k,scvi_matched,correct,0.55873042345047
pbmc10k_to_pbmc5k,scvi_matched,correct,0.22387534379959106
pbmc10k_to_pbmc5k,scvi_matched,correct,0.3013489246368408
pbmc10k_to_pbmc5k,scvi_matched,correct,0.018022775650024414
pbmc10k_to_pbmc5k,scvi_matched,correct,0.3801676630973816
pbmc10k_to_pbmc5k,scvi_matched,correct,0.05971306562423706
pbmc10k_to_pbmc5k,scvi_matched,correct,0.07069206237792969
pbmc10k_to_pbmc5k,scvi_matched,correct,0.21344995498657227
pbmc10k_to_pbmc5k,scvi_matched,correct,0.03800785541534424
pbmc10k_to_pbmc5k,scvi_matched,correct,0.007534027099609375
pbmc10k_to_pbmc5k,scvi_matched,correct,0.006935417652130127
pbmc10k_to_pbmc5k,scvi_matched,correct,0.11114668846130371
pbmc10k_to_pbmc5k,scvi_matched,correct,0.0004361271858215332
pbmc10k_to_pbmc5k,scvi_matched,correct,0.0019555091857910156
pbmc10k_to_pbmc5k,scvi_matched,correct,0.21955448389053345
pbmc10k_to_pbmc5k,scvi_matched,correct,0.08025962114334106
pbmc10k_to_pbmc5k,scvi_matched,correct,0.0005077123641967773
pbmc10k_to_pbmc5k,scvi_matched,correct,0.21308451890945435
pbmc10k_to_pbmc5k,scvi_matched,correct,0.16961413621902466
pbmc10k_to_pbmc5k,scvi_matched,correct,0.0003846883773803711
pbmc10k_to_pbmc5k,scvi_matched,correct,0.005294740200042725
pbmc10k_to_pbmc5k,scvi_matched,correct,0.09282052516937256
pbmc10k_to_pbmc5k,scvi_matched,correct,0.3895847797393799
pbmc10k_to_pbmc5k,scvi_matched,correct,0.30092328786849976
pbmc10k_to_pbmc5k,scvi_matched,correct,0.0414387583732605
pbmc10k_to_pbmc5k,scvi_matched,correct,0.4455963373184204
pbmc10k_to_pbmc5k,scvi_matched,correct,0.05666017532348633
pbmc10k_to_pbmc5k,scvi_matched,correct,0.0035848617553710938
pbmc10k_to_pbmc5k,scvi_matched,correct,0.0062583088874816895
pbmc10k_to_pbmc5k,scvi_matched,correct,0.21593725681304932
pbmc10k_to_pbmc5k,scvi_matched,correct,0.0012038946151733398
pbmc10k_to_pbmc5k,scvi_matched,correct,0.0010502934455871582
pbmc10k_to_pbmc5k,scvi_matched,correct,0.3712373971939087
pbmc10k_to_pbmc5k,scvi_matched,correct,0.00028449296951293945
pbmc10k_to_pbmc5k,scvi_matched,correct,0.0008862614631652832
pbmc10k_to_pbmc5k,scvi_matched,correct,0.10200583934783936
pbmc10k_to_pbmc5k,scvi_matched,correct,0.41734933853149414
pbmc10k_to_pbmc5k,scvi_matched,correct,0.00018924474716186523
pbmc10k_to_pbmc5k,scvi_matched,correct,0.0020647048950195312
pbmc10k_to_pbmc5k,scvi_matched,correct,0.0747038722038269
pbmc10k_to_pbmc5k,scvi_matched,correct,0.18374377489089966
pbmc10k_to_pbmc5k,scvi_matched,correct,0.0008438825607299805
pbmc10k_to_pbmc5k,scvi_matched,correct,0.5714665055274963
pbmc10k_to_pbmc5k,scvi_matched,correct,0.31400924921035767
pbmc10k_to_pbmc5k,scvi_matched,correct,0.0002009272575378418
pbmc10k_to_pbmc5k,scvi_matched,correct,0.00024443864822387695
pbmc10k_to_pbmc5k,scvi_matched,correct,0.002337336540222168
pbmc10k_to_pbmc5k,scvi_matched,correct,0.2533407211303711
pbmc10k_to_pbmc5k,scvi_matched,correct,0.4174843430519104
pbmc10k_to_pbmc5k,scvi_matched,correct,0.0012778639793395996
pbmc10k_to_pbmc5k,scvi_matched,correct,0.026650726795196533
pbmc10k_to_pbmc5k,scvi_matched,correct,0.00024574995040893555
pbmc10k_to_pbmc5k,scvi_matched,correct,0.10022497177124023
pbmc10k_to_pbmc5k,scvi_matched,correct,0.0031981468200683594
pbmc10k_to_pbmc5k,scvi_matched,correct,0.04303926229476929
pbmc10k_to_pbmc5k,scvi_matched,correct,0.02120351791381836
pbmc10k_to_pbmc5k,scvi_matched,correct,0.06160461902618408
pbmc10k_to_pbmc5k,scvi_matched,correct,0.43384891748428345
pbmc10k_to_pbmc5k,scvi_matched,correct,0.09959834814071655
pbmc10k_to_pbmc5k,scvi_matched,correct,0.25076186656951904
pbmc10k_to_pbmc5k,scvi_matched,correct,0.18383175134658813
pbmc10k_to_pbmc5k,scvi_matched,correct,0.4587612748146057
pbmc10k_to_pbmc5k,scvi_matched,correct,0.20176947116851807
pbmc10k_to_pbmc5k,scvi_matched,correct,0.0005535483360290527
pbmc10k_to_pbmc5k,scvi_matched,correct,0.0011928081512451172
pbmc10k_to_pbmc5k,scvi_matched,correct,0.007552385330200195
pbmc10k_to_pbmc5k,scvi_matched,correct,0.0005171298980712891
pbmc10k_to_pbmc5k,scvi_matched,correct,0.4077697992324829
pbmc10k_to_pbmc5k,scvi_matched,correct,0.03203582763671875
pbmc10k_to_pbmc5k,scvi_matched,correct,0.27186572551727295
pbmc10k_to_pbmc5k,scvi_matched,correct,0.06395018100738525
pbmc10k_to_pbmc5k,scvi_matched,correct,0.0003008842468261719
pbmc10k_to_pbmc5k,scvi_matched,correct,0.00035190582275390625
pbmc10k_to_pbmc5k,scvi_matched,correct,0.536874532699585
pbmc10k_to_pbmc5k,scvi_matched,correct,0.011587083339691162
pbmc10k_to_pbmc5k,scvi_matched,correct,0.01800590753555298
pbmc10k_to_pbmc5k,scvi_matched,correct,0.014635741710662842
pbmc10k_to_pbmc5k,scvi_matched,correct,0.615817666053772
pbmc10k_to_pbmc5k,scvi_matched,correct,0.12583082914352417
pbmc10k_to_pbmc5k,scvi_matched,correct,0.0038704872131347656
pbmc10k_to_pbmc5k,scvi_matched,correct,0.00017565488815307617
pbmc10k_to_pbmc5k,scvi_matched,correct,0.296691358089447
pbmc10k_to_pbmc5k,scvi_matched,correct,0.0002682805061340332
pbmc10k_to_pbmc5k,scvi_matched,correct,0.021029770374298096
pbmc10k_to_pbmc5k,scvi_matched,correct,0.4437063932418823
pbmc10k_to_pbmc5k,scvi_matched,correct,0.21226441860198975
pbmc10k_to_pbmc5k,scvi_matched,correct,0.10584241151809692
pbmc10k_to_pbmc5k,scvi_matched,correct,0.02661222219467163
pbmc10k_to_pbmc5k,scvi_matched,correct,0.008403122425079346
pbmc10k_to_pbmc5k,scvi_matched,correct,0.15886276960372925
pbmc10k_to_pbmc5k,scvi_matched,correct,0.0007241368293762207
pbmc10k_to_pbmc5k,scvi_matched,correct,0.0019120573997497559
pbmc10k_to_pbmc5k,scvi_matched,correct,0.1914759874343872
pbmc10k_to_pbmc5k,scvi_matched,correct,0.04126381874084473
pbmc10k_to_pbmc5k,scvi_matched,correct,0.06856685876846313
pbmc10k_to_pbmc5k,scvi_matched,correct,0.0007144808769226074
pbmc10k_to_pbmc5k,scvi_matched,correct,0.045202672481536865
pbmc10k_to_pbmc5k,scvi_matched,correct,0.18759644031524658
pbmc10k_to_pbmc5k,scvi_matched,correct,0.00306093692779541
pbmc10k_to_pbmc5k,scvi_matched,correct,0.1534510850906372
pbmc10k_to_pbmc5k,scvi_matched,correct,0.00157928466796875
pbmc10k_to_pbmc5k,scvi_matched,correct,0.00022143125534057617
pbmc10k_to_pbmc5k,scvi_matched,correct,0.0019478797912597656
pbmc10k_to_pbmc5k,scvi_matched,correct,0.028304219245910645
pbmc10k_to_pbmc5k,scvi_matched,correct,0.17260009050369263
pbmc10k_to_pbmc5k,scvi_matched,correct,0.027991771697998047
pbmc10k_to_pbmc5k,scvi_matched,correct,0.24993693828582764
pbmc10k_to_pbmc5k,scvi_matched,correct,0.11187797784805298
pbmc10k_to_pbmc5k,scvi_matched,correct,0.0006230473518371582
pbmc10k_to_pbmc5k,scvi_matched,correct,0.0042324066162109375
pbmc10k_to_pbmc5k,scvi_matched,correct,0.11990600824356079
pbmc10k_to_pbmc5k,scvi_matched,correct,0.0004671812057495117
pbmc10k_to_pbmc5k,scvi_matched,correct,0.016962826251983643
pbmc10k_to_pbmc5k,scvi_matched,correct,0.38920772075653076
pbmc10k_to_pbmc5k,scvi_matched,correct,0.015459239482879639
pbmc10k_to_pbmc5k,scvi_matched,correct,0.07605189085006714
pbmc10k_to_pbmc5k,scvi_matched,correct,0.38332223892211914
pbmc10k_to_pbmc5k,scvi_matched,correct,0.04971742630004883
pbmc10k_to_pbmc5k,scvi_matched,correct,0.1848551630973816
pbmc10k_to_pbmc5k,scvi_matched,correct,0.48455941677093506
pbmc10k_to_pbmc5k,scvi_matched,correct,0.0007923245429992676
pbmc10k_to_pbmc5k,scvi_matched,correct,0.0005412697792053223
pbmc10k_to_pbmc5k,scvi_matched,correct,0.00012409687042236328
pbmc10k_to_pbmc5k,scvi_matched,correct,0.5476488471031189
pbmc10k_to_pbmc5k,scvi_matched,correct,0.006223797798156738
pbmc10k_to_pbmc5k,scvi_matched,correct,0.17201125621795654
pbmc10k_to_pbmc5k,scvi_matched,correct,0.003323078155517578
pbmc10k_to_pbmc5k,scvi_matched,correct,0.023230254650115967
pbmc10k_to_pbmc5k,scvi_matched,correct,0.001510024070739746
pbmc10k_to_pbmc5k,scvi_matched,correct,0.00022107362747192383
pbmc10k_to_pbmc5k,scvi_matched,correct,0.009623587131500244
pbmc10k_to_pbmc5k,scvi_matched,correct,0.001053154468536377
pbmc10k_to_pbmc5k,scvi_matched,correct,0.0019717812538146973
pbmc10k_to_pbmc5k,scvi_matched,correct,0.11652231216430664
pbmc10k_to_pbmc5k,scvi_matched,correct,0.4903152585029602
pbmc10k_to_pbmc5k,scvi_matched,correct,0.008864045143127441
pbmc10k_to_pbmc5k,scvi_matched,correct,0.000899195671081543
pbmc10k_to_pbmc5k,scvi_matched,correct,0.05819976329803467
pbmc10k_to_pbmc5k,scvi_matched,correct,0.4571792483329773
pbmc10k_to_pbmc5k,scvi_matched,correct,0.05335962772369385
pbmc10k_to_pbmc5k,scvi_matched,correct,0.0013437271118164062
pbmc10k_to_pbmc5k,scvi_matched,correct,0.08557134866714478
pbmc10k_to_pbmc5k,scvi_matched,correct,0.0020900368690490723
pbmc10k_to_pbmc5k,scvi_matched,correct,0.2546253800392151
pbmc10k_to_pbmc5k,scvi_matched,correct,0.0006984472274780273
pbmc10k_to_pbmc5k,scvi_matched,correct,0.059956252574920654
pbmc10k_to_pbmc5k,scvi_matched,correct,0.20946121215820312
pbmc10k_to_pbmc5k,scvi_matched,correct,0.23822849988937378
pbmc10k_to_pbmc5k,scvi_matched,correct,0.009551703929901123
pbmc10k_to_pbmc5k,scvi_matched,correct,0.13913178443908691
pbmc10k_to_pbmc5k,scvi_matched,correct,0.0016491413116455078
pbmc10k_to_pbmc5k,scvi_matched,correct,0.0005629658699035645
pbmc10k_to_pbmc5k,scvi_matched,correct,0.23558706045150757
pbmc10k_to_pbmc5k,scvi_matched,correct,0.3806612491607666
pbmc10k_to_pbmc5k,scvi_matched,correct,0.04822075366973877
pbmc10k_to_pbmc5k,scvi_matched,correct,0.5423673987388611
pbmc10k_to_pbmc5k,scvi_matched,correct,0.001826643943786621
pbmc10k_to_pbmc5k,scvi_matched,correct,0.11556440591812134
pbmc10k_to_pbmc5k,scvi_matched,correct,0.011610746383666992
pbmc10k_to_pbmc5k,scvi_matched,correct,0.4956167936325073
pbmc10k_to_pbmc5k,scvi_matched,correct,0.0009225606918334961
pbmc10k_to_pbmc5k,scvi_matched,correct,0.15401625633239746
pbmc10k_to_pbmc5k,scvi_matched,correct,0.06637078523635864
pbmc10k_to_pbmc5k,scvi_matched,correct,0.0971689224243164
pbmc10k_to_pbmc5k,scvi_matched,correct,0.005700945854187012
pbmc10k_to_pbmc5k,scvi_matched,correct,0.2941829562187195
pbmc10k_to_pbmc5k,scvi_matched,correct,0.22381722927093506
pbmc10k_to_pbmc5k,scvi_matched,correct,0.0006510615348815918
pbmc10k_to_pbmc5k,scvi_matched,correct,0.02131587266921997
pbmc10k_to_pbmc5k,scvi_matched,correct,0.3135722279548645
pbmc10k_to_pbmc5k,scvi_matched,correct,0.0029568076133728027
pbmc10k_to_pbmc5k,scvi_matched,correct,0.5027323365211487
pbmc10k_to_pbmc5k,scvi_matched,correct,0.00040203332901000977
pbmc10k_to_pbmc5k,scvi_matched,correct,0.017095983028411865
pbmc10k_to_pbmc5k,scvi_matched,correct,0.2599858045578003
pbmc10k_to_pbmc5k,scvi_matched,correct,0.17228734493255615
pbmc10k_to_pbmc5k,scvi_matched,correct,0.03474336862564087
pbmc10k_to_pbmc5k,scvi_matched,correct,0.0009684562683105469
pbmc10k_to_pbmc5k,scvi_matched,correct,0.5837993025779724
pbmc10k_to_pbmc5k,scvi_matched,correct,0.2363581657409668
pbmc10k_to_pbmc5k,scvi_matched,correct,0.56309974193573
pbmc10k_to_pbmc5k,scvi_matched,correct,0.2632092237472534
pbmc10k_to_pbmc5k,scvi_matched,correct,0.10758304595947266
pbmc10k_to_pbmc5k,scvi_matched,correct,0.00018209218978881836
pbmc10k_to_pbmc5k,scvi_matched,correct,0.3858007788658142
pbmc10k_to_pbmc5k,scvi_matched,correct,0.05536872148513794
pbmc10k_to_pbmc5k,scvi_matched,correct,0.00034630298614501953
pbmc10k_to_pbmc5k,scvi_matched,correct,0.004624783992767334
pbmc10k_to_pbmc5k,scvi_matched,correct,3.528594970703125e-05
pbmc10k_to_pbmc5k,scvi_matched,correct,0.34811192750930786
pbmc10k_to_pbmc5k,scvi_matched,correct,0.11266499757766724
pbmc10k_to_pbmc5k,scvi_matched,correct,0.15840190649032593
pbmc10k_to_pbmc5k,scvi_matched,correct,0.3925851583480835
pbmc10k_to_pbmc5k,scvi_matched,correct,0.011939585208892822
pbmc10k_to_pbmc5k,scvi_matched,correct,0.0023849010467529297
pbmc10k_to_pbmc5k,scvi_matched,correct,0.008243918418884277
pbmc10k_to_pbmc5k,scvi_matched,correct,0.1624138355255127
pbmc10k_to_pbmc5k,scvi_matched,correct,0.0032985806465148926
pbmc10k_to_pbmc5k,scvi_matched,correct,0.0001266002655029297
pbmc10k_to_pbmc5k,scvi_matched,correct,0.007828116416931152
pbmc10k_to_pbmc5k,scvi_matched,correct,0.0016066431999206543
pbmc10k_to_pbmc5k,scvi_matched,correct,0.00025767087936401367
pbmc10k_to_pbmc5k,scvi_matched,correct,0.003592193126678467
pbmc10k_to_pbmc5k,scvi_matched,correct,0.06305396556854248
pbmc10k_to_pbmc5k,scvi_matched,correct,0.0030291080474853516
pbmc10k_to_pbmc5k,scvi_matched,correct,0.005868494510650635
pbmc10k_to_pbmc5k,scvi_matched,correct,0.10431075096130371
pbmc10k_to_pbmc5k,scvi_matched,correct,0.08001655340194702
pbmc10k_to_pbmc5k,scvi_matched,correct,0.34341365098953247
pbmc10k_to_pbmc5k,scvi_matched,correct,0.00047898292541503906
pbmc10k_to_pbmc5k,scvi_matched,correct,0.006443917751312256
pbmc10k_to_pbmc5k,scvi_matched,correct,0.12415528297424316
pbmc10k_to_pbmc5k,scvi_matched,correct,0.002113521099090576
pbmc10k_to_pbmc5k,scvi_matched,correct,0.0922689437866211
pbmc10k_to_pbmc5k,scvi_matched,correct,0.0010818243026733398
pbmc10k_to_pbmc5k,scvi_matched,correct,0.0332263708114624
pbmc10k_to_pbmc5k,scvi_matched,correct,0.0027074217796325684
pbmc10k_to_pbmc5k,scvi_matched,correct,0.0030202269554138184
pbmc10k_to_pbmc5k,scvi_matched,correct,0.18036216497421265
pbmc10k_to_pbmc5k,scvi_matched,correct,0.001846611499786377
pbmc10k_to_pbmc5k,scvi_matched,correct,0.00013649463653564453
pbmc10k_to_pbmc5k,scvi_matched,correct,0.2996247410774231
pbmc10k_to_pbmc5k,scvi_matched,correct,0.1599482297897339
pbmc10k_to_pbmc5k,scvi_matched,correct,0.39982372522354126
pbmc10k_to_pbmc5k,scvi_matched,correct,0.014623463153839111
pbmc10k_to_pbmc5k,scvi_matched,correct,0.3716912269592285
pbmc10k_to_pbmc5k,scvi_matched,correct,0.0011127591133117676
pbmc10k_to_pbmc5k,scvi_matched,correct,0.07428121566772461
pbmc10k_to_pbmc5k,scvi_matched,correct,0.12331926822662354
pbmc10k_to_pbmc5k,scvi_matched,correct,0.16043049097061157
pbmc10k_to_pbmc5k,scvi_matched,correct,0.3205922842025757
pbmc10k_to_pbmc5k,scvi_matched,correct,0.0005512833595275879
pbmc10k_to_pbmc5k,scvi_matched,correct,0.00017082691192626953
pbmc10k_to_pbmc5k,scvi_matched,correct,0.001514136791229248
pbmc10k_to_pbmc5k,scvi_matched,correct,0.14741945266723633
pbmc10k_to_pbmc5k,scvi_matched,correct,0.43266135454177856
pbmc10k_to_pbmc5k,scvi_matched,correct,0.03670799732208252
pbmc10k_to_pbmc5k,scvi_matched,correct,0.0025641322135925293
pbmc10k_to_pbmc5k,scvi_matched,correct,0.3458380699157715
pbmc10k_to_pbmc5k,scvi_matched,correct,0.14755505323410034
pbmc10k_to_pbmc5k,scvi_matched,correct,0.0005580782890319824
pbmc10k_to_pbmc5k,scvi_matched,correct,0.001386404037475586
pbmc10k_to_pbmc5k,scvi_matched,correct,0.0009317994117736816
pbmc10k_to_pbmc5k,scvi_matched,correct,0.19465506076812744
pbmc10k_to_pbmc5k,scvi_matched,correct,0.14915287494659424
pbmc10k_to_pbmc5k,scvi_matched,correct,0.4858776926994324
pbmc10k_to_pbmc5k,scvi_matched,correct,0.021278083324432373
pbmc10k_to_pbmc5k,scvi_matched,correct,0.03603219985961914
pbmc10k_to_pbmc5k,scvi_matched,correct,0.010795414447784424
pbmc10k_to_pbmc5k,scvi_matched,correct,0.2608674168586731
pbmc10k_to_pbmc5k,scvi_matched,correct,0.0015329718589782715
pbmc10k_to_pbmc5k,scvi_matched,correct,0.33218836784362793
pbmc10k_to_pbmc5k,scvi_matched,correct,0.039039433002471924
pbmc10k_to_pbmc5k,scvi_matched,correct,0.5391618609428406
pbmc10k_to_pbmc5k,scvi_matched,correct,0.0004356503486633301
pbmc10k_to_pbmc5k,scvi_matched,correct,0.07209616899490356
pbmc10k_to_pbmc5k,scvi_matched,correct,0.6416683197021484
pbmc10k_to_pbmc5k,scvi_matched,correct,0.05876725912094116
pbmc10k_to_pbmc5k,scvi_matched,correct,0.00032842159271240234
pbmc10k_to_pbmc5k,scvi_matched,correct,0.32855671644210815
pbmc10k_to_pbmc5k,scvi_matched,correct,0.0928545594215393
pbmc10k_to_pbmc5k,scvi_matched,correct,0.002550184726715088
pbmc10k_to_pbmc5k,scvi_matched,correct,0.012894392013549805
pbmc10k_to_pbmc5k,scvi_matched,correct,0.022462844848632812
pbmc10k_to_pbmc5k,scvi_matched,correct,0.002474844455718994
pbmc10k_to_pbmc5k,scvi_matched,correct,0.004079461097717285
pbmc10k_to_pbmc5k,scvi_matched,correct,0.002480745315551758
pbmc10k_to_pbmc5k,scvi_matched,correct,0.4414796829223633
pbmc10k_to_pbmc5k,scvi_matched,correct,0.0004360079765319824
pbmc10k_to_pbmc5k,scvi_matched,correct,0.00031185150146484375
pbmc10k_to_pbmc5k,scvi_matched,correct,0.0004399418830871582
pbmc10k_to_pbmc5k,scvi_matched,correct,0.13702881336212158
pbmc10k_to_pbmc5k,scvi_matched,correct,0.0004279017448425293
pbmc10k_to_pbmc5k,scvi_matched,correct,0.4702034592628479
pbmc10k_to_pbmc5k,scvi_matched,correct,0.3843650817871094
pbmc10k_to_pbmc5k,scvi_matched,correct,0.0004917383193969727
pbmc10k_to_pbmc5k,scvi_matched,correct,0.04051715135574341
pbmc10k_to_pbmc5k,scvi_matched,correct,0.23454511165618896
pbmc10k_to_pbmc5k,scvi_matched,correct,0.00039392709732055664
pbmc10k_to_pbmc5k,scvi_matched,correct,0.0006429553031921387
pbmc10k_to_pbmc5k,scvi_matched,correct,0.00041431188583374023
pbmc10k_to_pbmc5k,scvi_matched,correct,0.18495899438858032
pbmc10k_to_pbmc5k,scvi_matched,correct,0.18930208683013916
pbmc10k_to_pbmc5k,scvi_matched,correct,0.4532041549682617
pbmc10k_to_pbmc5k,scvi_matched,correct,0.0009000301361083984
pbmc10k_to_pbmc5k,scvi_matched,correct,6.73532485961914e-05
pbmc10k_to_pbmc5k,scvi_matched,correct,0.0013892650604248047
pbmc10k_to_pbmc5k,scvi_matched,correct,0.0009145736694335938
pbmc10k_to_pbmc5k,scvi_matched,correct,0.002002418041229248
pbmc10k_to_pbmc5k,scvi_matched,correct,0.0005773305892944336
pbmc10k_to_pbmc5k,scvi_matched,correct,0.0006768703460693359
pbmc10k_to_pbmc5k,scvi_matched,correct,0.0024005770683288574
pbmc10k_to_pbmc5k,scvi_matched,correct,0.0004038214683532715
pbmc10k_to_pbmc5k,scvi_matched,correct,0.25728553533554077
pbmc10k_to_pbmc5k,scvi_matched,correct,0.02037733793258667
pbmc10k_to_pbmc5k,scvi_matched,correct,0.1293020248413086
pbmc10k_to_pbmc5k,scvi_matched,correct,0.27969419956207275
pbmc10k_to_pbmc5k,scvi_matched,correct,0.0004633665084838867
pbmc10k_to_pbmc5k,scvi_matched,correct,0.4348675608634949
pbmc10k_to_pbmc5k,scvi_matched,correct,0.07056945562362671
pbmc10k_to_pbmc5k,scvi_matched,correct,0.0011571645736694336
pbmc10k_to_pbmc5k,scvi_matched,correct,0.46321427822113037
pbmc10k_to_pbmc5k,scvi_matched,correct,0.017422616481781006
pbmc10k_to_pbmc5k,scvi_matched,correct,0.05208873748779297
pbmc10k_to_pbmc5k,scvi_matched,correct,0.007531225681304932
pbmc10k_to_pbmc5k,scvi_matched,correct,0.001455545425415039
pbmc10k_to_pbmc5k,scvi_matched,correct,0.16217243671417236
pbmc10k_to_pbmc5k,scvi_matched,correct,0.08622699975967407
pbmc10k_to_pbmc5k,scvi_matched,correct,0.4177890419960022
pbmc10k_to_pbmc5k,scvi_matched,correct,0.0021278858184814453
pbmc10k_to_pbmc5k,scvi_matched,correct,1.8477439880371094e-05
pbmc10k_to_pbmc5k,scvi_matched,correct,0.0016515254974365234
pbmc10k_to_pbmc5k,scvi_matched,correct,0.10143476724624634
pbmc10k_to_pbmc5k,scvi_matched,correct,0.3744555115699768
pbmc10k_to_pbmc5k,scvi_matched,correct,0.000496983528137207
pbmc10k_to_pbmc5k,scvi_matched,correct,0.35768193006515503
pbmc10k_to_pbmc5k,scvi_matched,correct,0.00028401613235473633
pbmc10k_to_pbmc5k,scvi_matched,correct,0.17629432678222656
pbmc10k_to_pbmc5k,scvi_matched,correct,0.14982211589813232
pbmc10k_to_pbmc5k,scvi_matched,correct,0.0021699070930480957
pbmc10k_to_pbmc5k,scvi_matched,correct,0.009907901287078857
pbmc10k_to_pbmc5k,scvi_matched,correct,0.3626677393913269
pbmc10k_to_pbmc5k,scvi_matched,correct,0.0002811551094055176
pbmc10k_to_pbmc5k,scvi_matched,correct,0.14094895124435425
pbmc10k_to_pbmc5k,scvi_matched,correct,0.4014393091201782
pbmc10k_to_pbmc5k,scvi_matched,correct,0.26535797119140625
pbmc10k_to_pbmc5k,scvi_matched,correct,0.0005227923393249512
pbmc10k_to_pbmc5k,scvi_matched,correct,0.0549626350402832
pbmc10k_to_pbmc5k,scvi_matched,correct,0.013624846935272217
pbmc10k_to_pbmc5k,scvi_matched,correct,0.23460239171981812
pbmc10k_to_pbmc5k,scvi_matched,correct,0.0005574822425842285
pbmc10k_to_pbmc5k,scvi_matched,correct,0.005262196063995361
pbmc10k_to_pbmc5k,scvi_matched,correct,0.0012415647506713867
pbmc10k_to_pbmc5k,scvi_matched,correct,0.2518279552459717
pbmc10k_to_pbmc5k,scvi_matched,correct,0.011510312557220459
pbmc10k_to_pbmc5k,scvi_matched,correct,0.000937044620513916
pbmc10k_to_pbmc5k,scvi_matched,correct,0.0010989904403686523
pbmc10k_to_pbmc5k,scvi_matched,correct,5.233287811279297e-05
pbmc10k_to_pbmc5k,scvi_matched,correct,0.19574475288391113
pbmc10k_to_pbmc5k,scvi_matched,correct,0.0005202889442443848
pbmc10k_to_pbmc5k,scvi_matched,correct,0.02728903293609619
pbmc10k_to_pbmc5k,scvi_matched,correct,0.09286081790924072
pbmc10k_to_pbmc5k,scvi_matched,correct,0.3280159831047058
pbmc10k_to_pbmc5k,scvi_matched,correct,0.051185548305511475
pbmc10k_to_pbmc5k,scvi_matched,correct,0.4396538734436035
pbmc10k_to_pbmc5k,scvi_matched,correct,0.49001044034957886
pbmc10k_to_pbmc5k,scvi_matched,correct,0.01087874174118042
pbmc10k_to_pbmc5k,scvi_matched,correct,0.0003972649574279785
pbmc10k_to_pbmc5k,scvi_matched,correct,0.0003446340560913086
pbmc10k_to_pbmc5k,scvi_matched,correct,0.0017170906066894531
pbmc10k_to_pbmc5k,scvi_matched,correct,0.0976528525352478
pbmc10k_to_pbmc5k,scvi_matched,correct,0.3870775103569031
pbmc10k_to_pbmc5k,scvi_matched,correct,0.5118690729141235
pbmc10k_to_pbmc5k,scvi_matched,correct,0.48185962438583374
pbmc10k_to_pbmc5k,scvi_matched,correct,0.17699527740478516
pbmc10k_to_pbmc5k,scvi_matched,correct,0.005069553852081299
pbmc10k_to_pbmc5k,scvi_matched,correct,0.005288600921630859
pbmc10k_to_pbmc5k,scvi_matched,correct,0.0017181634902954102
pbmc10k_to_pbmc5k,scvi_matched,correct,0.0025417208671569824
pbmc10k_to_pbmc5k,scvi_matched,correct,0.14313936233520508
pbmc10k_to_pbmc5k,scvi_matched,correct,0.0017469525337219238
pbmc10k_to_pbmc5k,scvi_matched,correct,0.003591597080230713
pbmc10k_to_pbmc5k,scvi_matched,correct,0.0001246929168701172
pbmc10k_to_pbmc5k,scvi_matched,correct,0.15076786279678345
pbmc10k_to_pbmc5k,scvi_matched,correct,4.684925079345703e-05
pbmc10k_to_pbmc5k,scvi_matched,correct,0.03608423471450806
pbmc10k_to_pbmc5k,scvi_matched,correct,0.0009828805923461914
pbmc10k_to_pbmc5k,scvi_matched,correct,0.20440268516540527
pbmc10k_to_pbmc5k,scvi_matched,correct,0.16394084692001343
pbmc10k_to_pbmc5k,scvi_matched,correct,0.27486979961395264
pbmc10k_to_pbmc5k,scvi_matched,correct,0.1433127522468567
pbmc10k_to_pbmc5k,scvi_matched,correct,0.24981939792633057
pbmc10k_to_pbmc5k,scvi_matched,correct,0.29748839139938354
pbmc10k_to_pbmc5k,scvi_matched,correct,0.2957882881164551
pbmc10k_to_pbmc5k,scvi_matched,correct,0.0004394650459289551
pbmc10k_to_pbmc5k,scvi_matched,correct,0.4748983383178711
pbmc10k_to_pbmc5k,scvi_matched,correct,0.0050127506256103516
pbmc10k_to_pbmc5k,scvi_matched,correct,0.3792611360549927
pbmc10k_to_pbmc5k,scvi_matched,correct,0.1704431176185608
pbmc10k_to_pbmc5k,scvi_matched,correct,0.09654819965362549
pbmc10k_to_pbmc5k,scvi_matched,correct,0.0013220906257629395
pbmc10k_to_pbmc5k,scvi_matched,correct,0.07484334707260132
pbmc10k_to_pbmc5k,scvi_matched,correct,0.0005218386650085449
pbmc10k_to_pbmc5k,scvi_matched,correct,0.0005508065223693848
pbmc10k_to_pbmc5k,scvi_matched,correct,0.352044939994812
pbmc10k_to_pbmc5k,scvi_matched,correct,0.0867186188697815
pbmc10k_to_pbmc5k,scvi_matched,correct,0.0001270771026611328
pbmc10k_to_pbmc5k,scvi_matched,correct,0.004216790199279785
pbmc10k_to_pbmc5k,scvi_matched,correct,0.0062705278396606445
pbmc10k_to_pbmc5k,scvi_matched,correct,0.3883019685745239
pbmc10k_to_pbmc5k,scvi_matched,correct,0.0003300905227661133
pbmc10k_to_pbmc5k,scvi_matched,correct,3.325939178466797e-05
pbmc10k_to_pbmc5k,scvi_matched,correct,0.0010858774185180664
pbmc10k_to_pbmc5k,scvi_matched,correct,0.0049457550048828125
pbmc10k_to_pbmc5k,scvi_matched,correct,0.23717474937438965
pbmc10k_to_pbmc5k,scvi_matched,correct,0.008479773998260498
pbmc10k_to_pbmc5k,scvi_matched,correct,0.6109349727630615
pbmc10k_to_pbmc5k,scvi_matched,correct,0.4345921277999878
pbmc10k_to_pbmc5k,scvi_matched,correct,0.5242475271224976
pbmc10k_to_pbmc5k,scvi_matched,correct,0.0016171932220458984
pbmc10k_to_pbmc5k,scvi_matched,correct,7.081031799316406e-05
pbmc10k_to_pbmc5k,scvi_matched,correct,0.16599619388580322
pbmc10k_to_pbmc5k,scvi_matched,correct,0.01026695966720581
pbmc10k_to_pbmc5k,scvi_matched,correct,0.0004253983497619629
pbmc10k_to_pbmc5k,scvi_matched,correct,0.0076302289962768555
pbmc10k_to_pbmc5k,scvi_matched,correct,0.0014097094535827637
pbmc10k_to_pbmc5k,scvi_matched,correct,0.19726276397705078
pbmc10k_to_pbmc5k,scvi_matched,correct,0.0021514892578125
pbmc10k_to_pbmc5k,scvi_matched,correct,0.05310940742492676
pbmc10k_to_pbmc5k,scvi_matched,correct,0.03166621923446655
pbmc10k_to_pbmc5k,scvi_matched,correct,0.2394012212753296
pbmc10k_to_pbmc5k,scvi_matched,correct,0.16380071640014648
pbmc10k_to_pbmc5k,scvi_matched,correct,0.2652606964111328
pbmc10k_to_pbmc5k,scvi_matched,correct,0.0018302202224731445
pbmc10k_to_pbmc5k,scvi_matched,correct,0.02298372983932495
pbmc10k_to_pbmc5k,scvi_matched,correct,0.03400498628616333
pbmc10k_to_pbmc5k,scvi_matched,correct,0.08291679620742798
pbmc10k_to_pbmc5k,scvi_matched,correct,0.0016803145408630371
pbmc10k_to_pbmc5k,scvi_matched,correct,0.48415684700012207
pbmc10k_to_pbmc5k,scvi_matched,correct,0.39170265197753906
pbmc10k_to_pbmc5k,scvi_matched,correct,0.1232404112815857
pbmc10k_to_pbmc5k,scvi_matched,correct,0.09682834148406982
pbmc10k_to_pbmc5k,scvi_matched,correct,0.6394233703613281
pbmc10k_to_pbmc5k,scvi_matched,correct,0.5940039753913879
pbmc10k_to_pbmc5k,scvi_matched,correct,0.031537413597106934
pbmc10k_to_pbmc5k,scvi_matched,correct,0.05728095769882202
pbmc10k_to_pbmc5k,scvi_matched,correct,0.0005685687065124512
pbmc10k_to_pbmc5k,scvi_matched,correct,0.0031942129135131836
pbmc10k_to_pbmc5k,scvi_matched,correct,0.3985000252723694
pbmc10k_to_pbmc5k,scvi_matched,correct,0.40923750400543213
pbmc10k_to_pbmc5k,scvi_matched,correct,0.005422234535217285
pbmc10k_to_pbmc5k,scvi_matched,correct,0.001136183738708496
pbmc10k_to_pbmc5k,scvi_matched,correct,0.1520569920539856
pbmc10k_to_pbmc5k,scvi_matched,correct,0.011192142963409424
pbmc10k_to_pbmc5k,scvi_matched,correct,0.2535960078239441
pbmc10k_to_pbmc5k,scvi_matched,correct,0.24915701150894165
pbmc10k_to_pbmc5k,scvi_matched,correct,0.03749722242355347
pbmc10k_to_pbmc5k,scvi_matched,correct,0.03902822732925415
pbmc10k_to_pbmc5k,scvi_matched,correct,0.0011050105094909668
pbmc10k_to_pbmc5k,scvi_matched,correct,0.19381731748580933
pbmc10k_to_pbmc5k,scvi_matched,correct,0.0006881952285766602
pbmc10k_to_pbmc5k,scvi_matched,correct,0.0916299819946289
pbmc10k_to_pbmc5k,scvi_matched,correct,0.000533759593963623
pbmc10k_to_pbmc5k,scvi_matched,correct,0.2785411477088928
pbmc10k_to_pbmc5k,scvi_matched,correct,0.0008884072303771973
pbmc10k_to_pbmc5k,scvi_matched,correct,0.00024896860122680664
pbmc10k_to_pbmc5k,scvi_matched,correct,0.015182197093963623
pbmc10k_to_pbmc5k,scvi_matched,correct,0.0002041459083557129
pbmc10k_to_pbmc5k,scvi_matched,correct,0.25109678506851196
pbmc10k_to_pbmc5k,scvi_matched,correct,0.08647763729095459
pbmc10k_to_pbmc5k,scvi_matched,correct,0.0011578202247619629
pbmc10k_to_pbmc5k,scvi_matched,correct,0.00869983434677124
pbmc10k_to_pbmc5k,scvi_matched,correct,0.5182408094406128
pbmc10k_to_pbmc5k,scvi_matched,correct,0.03892034292221069
pbmc10k_to_pbmc5k,scvi_matched,correct,0.31270426511764526
pbmc10k_to_pbmc5k,scvi_matched,correct,0.1193341612815857
pbmc10k_to_pbmc5k,scvi_matched,correct,0.5752973556518555
pbmc10k_to_pbmc5k,scvi_matched,correct,0.38197845220565796
pbmc10k_to_pbmc5k,scvi_matched,correct,0.2954084277153015
pbmc10k_to_pbmc5k,scvi_matched,correct,0.20468604564666748
pbmc10k_to_pbmc5k,scvi_matched,correct,0.00025027990341186523
pbmc10k_to_pbmc5k,scvi_matched,correct,0.015678763389587402
pbmc10k_to_pbmc5k,scvi_matched,correct,0.010526597499847412
pbmc10k_to_pbmc5k,scvi_matched,correct,0.17668700218200684
pbmc10k_to_pbmc5k,scvi_matched,correct,0.0014170408248901367
pbmc10k_to_pbmc5k,scvi_matched,correct,0.0007718801498413086
pbmc10k_to_pbmc5k,scvi_matched,correct,0.04233372211456299
pbmc10k_to_pbmc5k,scvi_matched,correct,0.4919089078903198
pbmc10k_to_pbmc5k,scvi_matched,correct,0.42488300800323486
pbmc10k_to_pbmc5k,scvi_matched,correct,0.001762986183166504
pbmc10k_to_pbmc5k,scvi_matched,correct,0.14675521850585938
pbmc10k_to_pbmc5k,scvi_matched,correct,0.0007044076919555664
pbmc10k_to_pbmc5k,scvi_matched,correct,0.0012475252151489258
pbmc10k_to_pbmc5k,scvi_matched,correct,0.04137063026428223
pbmc10k_to_pbmc5k,scvi_matched,correct,0.0007143616676330566
pbmc10k_to_pbmc5k,scvi_matched,correct,0.31274211406707764
pbmc10k_to_pbmc5k,scvi_matched,correct,0.0012730956077575684
pbmc10k_to_pbmc5k,scvi_matched,correct,0.028304219245910645
pbmc10k_to_pbmc5k,scvi_matched,correct,0.0028406381607055664
pbmc10k_to_pbmc5k,scvi_matched,correct,0.0004576444625854492
pbmc10k_to_pbmc5k,scvi_matched,correct,0.42590951919555664
pbmc10k_to_pbmc5k,scvi_matched,correct,0.035545527935028076
pbmc10k_to_pbmc5k,scvi_matched,correct,0.024124205112457275
pbmc10k_to_pbmc5k,scvi_matched,correct,0.06358778476715088
pbmc10k_to_pbmc5k,scvi_matched,correct,0.030953943729400635
pbmc10k_to_pbmc5k,scvi_matched,correct,0.015660524368286133
pbmc10k_to_pbmc5k,scvi_matched,correct,0.35012149810791016
pbmc10k_to_pbmc5k,scvi_matched,correct,0.0027639269828796387
pbmc10k_to_pbmc5k,scvi_matched,correct,0.037925004959106445
pbmc10k_to_pbmc5k,scvi_matched,correct,0.4061174988746643
pbmc10k_to_pbmc5k,scvi_matched,correct,0.005049467086791992
pbmc10k_to_pbmc5k,scvi_matched,correct,0.0009513497352600098
pbmc10k_to_pbmc5k,scvi_matched,correct,0.00014472007751464844
pbmc10k_to_pbmc5k,scvi_matched,correct,0.00015270709991455078
pbmc10k_to_pbmc5k,scvi_matched,correct,0.0022023916244506836
pbmc10k_to_pbmc5k,scvi_matched,correct,0.013754606246948242
pbmc10k_to_pbmc5k,scvi_matched,correct,0.12867170572280884
pbmc10k_to_pbmc5k,scvi_matched,correct,0.10552054643630981
pbmc10k_to_pbmc5k,scvi_matched,correct,0.003978312015533447
pbmc10k_to_pbmc5k,scvi_matched,correct,0.0026297569274902344
pbmc10k_to_pbmc5k,scvi_matched,correct,0.32954108715057373
pbmc10k_to_pbmc5k,scvi_matched,correct,0.6683968901634216
pbmc10k_to_pbmc5k,scvi_matched,correct,0.4716527462005615
pbmc10k_to_pbmc5k,scvi_matched,correct,0.42327481508255005
pbmc10k_to_pbmc5k,scvi_matched,correct,0.02663266658782959
pbmc10k_to_pbmc5k,scvi_matched,correct,0.2237265706062317
pbmc10k_to_pbmc5k,scvi_matched,correct,0.5001931190490723
pbmc10k_to_pbmc5k,scvi_matched,correct,0.3301963210105896
pbmc10k_to_pbmc5k,scvi_matched,correct,0.11331307888031006
pbmc10k_to_pbmc5k,scvi_matched,correct,0.0002639889717102051
pbmc10k_to_pbmc5k,scvi_matched,correct,0.00049591064453125
pbmc10k_to_pbmc5k,scvi_matched,correct,0.013396978378295898
pbmc10k_to_pbmc5k,scvi_matched,correct,0.023640453815460205
pbmc10k_to_pbmc5k,scvi_matched,correct,0.006309151649475098
pbmc10k_to_pbmc5k,scvi_matched,correct,0.004605472087860107
pbmc10k_to_pbmc5k,scvi_matched,correct,0.018706023693084717
pbmc10k_to_pbmc5k,scvi_matched,correct,0.0003777742385864258
pbmc10k_to_pbmc5k,scvi_matched,correct,0.00048613548278808594
pbmc10k_to_pbmc5k,scvi_matched,correct,0.16279137134552002
pbmc10k_to_pbmc5k,scvi_matched,correct,0.1674308180809021
pbmc10k_to_pbmc5k,scvi_matched,correct,0.001892685890197754
pbmc10k_to_pbmc5k,scvi_matched,correct,0.4095568060874939
pbmc10k_to_pbmc5k,scvi_matched,correct,0.0025374889373779297
pbmc10k_to_pbmc5k,scvi_matched,correct,0.12876152992248535
pbmc10k_to_pbmc5k,scvi_matched,correct,0.012546300888061523
pbmc10k_to_pbmc5k,scvi_matched,correct,0.0005384087562561035
pbmc10k_to_pbmc5k,scvi_matched,correct,0.01623666286468506
pbmc10k_to_pbmc5k,scvi_matched,correct,0.2642979621887207
pbmc10k_to_pbmc5k,scvi_matched,correct,0.0013048052787780762
pbmc10k_to_pbmc5k,scvi_matched,correct,0.08482891321182251
pbmc10k_to_pbmc5k,scvi_matched,correct,0.3000600337982178
pbmc10k_to_pbmc5k,scvi_matched,correct,0.0015527606010437012
pbmc10k_to_pbmc5k,scvi_matched,correct,0.0010223388671875
pbmc10k_to_pbmc5k,scvi_matched,correct,0.26966506242752075
pbmc10k_to_pbmc5k,scvi_matched,correct,0.3603948950767517
pbmc10k_to_pbmc5k,scvi_matched,correct,0.1542208194732666
pbmc10k_to_pbmc5k,scvi_matched,correct,0.0008065104484558105
pbmc10k_to_pbmc5k,scvi_matched,correct,0.004612624645233154
pbmc10k_to_pbmc5k,scvi_matched,correct,3.993511199951172e-05
pbmc10k_to_pbmc5k,scvi_matched,correct,0.0030735135078430176
pbmc10k_to_pbmc5k,scvi_matched,correct,0.4148904085159302
pbmc10k_to_pbmc5k,scvi_matched,correct,0.18189853429794312
pbmc10k_to_pbmc5k,scvi_matched,correct,0.0021834373474121094
pbmc10k_to_pbmc5k,scvi_matched,correct,0.0568501353263855
pbmc10k_to_pbmc5k,scvi_matched,correct,0.19965016841888428
pbmc10k_to_pbmc5k,scvi_matched,correct,0.00037741661071777344
pbmc10k_to_pbmc5k,scvi_matched,correct,0.0007126927375793457
pbmc10k_to_pbmc5k,scvi_matched,correct,0.0006121397018432617
pbmc10k_to_pbmc5k,scvi_matched,correct,0.21048462390899658
pbmc10k_to_pbmc5k,scvi_matched,correct,0.07631498575210571
pbmc10k_to_pbmc5k,scvi_matched,correct,0.4338452219963074
pbmc10k_to_pbmc5k,scvi_matched,correct,0.5665706396102905
pbmc10k_to_pbmc5k,scvi_matched,correct,0.1272580623626709
pbmc10k_to_pbmc5k,scvi_matched,correct,0.31231290102005005
pbmc10k_to_pbmc5k,scvi_matched,correct,0.47508513927459717
pbmc10k_to_pbmc5k,scvi_matched,correct,0.03542286157608032
pbmc10k_to_pbmc5k,scvi_matched,correct,0.3854449987411499
pbmc10k_to_pbmc5k,scvi_matched,correct,0.10306191444396973
pbmc10k_to_pbmc5k,scvi_matched,correct,0.0017057061195373535
pbmc10k_to_pbmc5k,scvi_matched,correct,0.44459396600723267
pbmc10k_to_pbmc5k,scvi_matched,correct,0.004718124866485596
pbmc10k_to_pbmc5k,scvi_matched,correct,0.5126413702964783
pbmc10k_to_pbmc5k,scvi_matched,correct,0.1335574984550476
pbmc10k_to_pbmc5k,scvi_matched,correct,0.14960211515426636
pbmc10k_to_pbmc5k,scvi_matched,correct,0.008581757545471191
pbmc10k_to_pbmc5k,scvi_matched,correct,0.17281848192214966
pbmc10k_to_pbmc5k,scvi_matched,correct,0.0015016794204711914
pbmc10k_to_pbmc5k,scvi_matched,correct,0.001145482063293457
pbmc10k_to_pbmc5k,scvi_matched,correct,0.002069830894470215
pbmc10k_to_pbmc5k,scvi_matched,correct,0.2526243329048157
pbmc10k_to_pbmc5k,scvi_matched,correct,0.4479813575744629
pbmc10k_to_pbmc5k,scvi_matched,correct,0.18181508779525757
pbmc10k_to_pbmc5k,scvi_matched,correct,0.4112711548805237
pbmc10k_to_pbmc5k,scvi_matched,correct,0.00013005733489990234
pbmc10k_to_pbmc5k,scvi_matched,correct,0.0011200308799743652
pbmc10k_to_pbmc5k,scvi_matched,correct,0.43917423486709595
pbmc10k_to_pbmc5k,scvi_matched,correct,0.5396479368209839
pbmc10k_to_pbmc5k,scvi_matched,correct,0.015532493591308594
pbmc10k_to_pbmc5k,scvi_matched,correct,0.0003178119659423828
pbmc10k_to_pbmc5k,scvi_matched,correct,0.13158488273620605
pbmc10k_to_pbmc5k,scvi_matched,correct,0.011746823787689209
pbmc10k_to_pbmc5k,scvi_matched,correct,0.0007660388946533203
pbmc10k_to_pbmc5k,scvi_matched,correct,0.46642541885375977
pbmc10k_to_pbmc5k,scvi_matched,correct,0.023165643215179443
pbmc10k_to_pbmc5k,scvi_matched,correct,0.0959351658821106
pbmc10k_to_pbmc5k,scvi_matched,correct,0.012075662612915039
pbmc10k_to_pbmc5k,scvi_matched,correct,0.17875933647155762
pbmc10k_to_pbmc5k,scvi_matched,correct,0.0002409815788269043
pbmc10k_to_pbmc5k,scvi_matched,correct,0.0014971494674682617
pbmc10k_to_pbmc5k,scvi_matched,correct,0.31097865104675293
pbmc10k_to_pbmc5k,scvi_matched,correct,0.0014952421188354492
pbmc10k_to_pbmc5k,scvi_matched,correct,0.006555318832397461
pbmc10k_to_pbmc5k,scvi_matched,correct,0.0019243955612182617
pbmc10k_to_pbmc5k,scvi_matched,correct,0.39073944091796875
pbmc10k_to_pbmc5k,scvi_matched,correct,0.0012458562850952148
pbmc10k_to_pbmc5k,scvi_matched,correct,0.3717341423034668
pbmc10k_to_pbmc5k,scvi_matched,correct,0.0021196603775024414
pbmc10k_to_pbmc5k,scvi_matched,correct,0.49964970350265503
pbmc10k_to_pbmc5k,scvi_matched,correct,0.0003012418746948242
pbmc10k_to_pbmc5k,scvi_matched,correct,0.1144481897354126
pbmc10k_to_pbmc5k,scvi_matched,correct,0.009388983249664307
pbmc10k_to_pbmc5k,scvi_matched,correct,0.0005374550819396973
pbmc10k_to_pbmc5k,scvi_matched,correct,0.2891201376914978
pbmc10k_to_pbmc5k,scvi_matched,correct,0.0032610297203063965
pbmc10k_to_pbmc5k,scvi_matched,correct,0.3848499655723572
pbmc10k_to_pbmc5k,scvi_matched,correct,0.0019496679306030273
pbmc10k_to_pbmc5k,scvi_matched,correct,0.045413851737976074
pbmc10k_to_pbmc5k,scvi_matched,correct,0.13601726293563843
pbmc10k_to_pbmc5k,scvi_matched,correct,0.04011642932891846
pbmc10k_to_pbmc5k,scvi_matched,correct,0.05764961242675781
pbmc10k_to_pbmc5k,scvi_matched,correct,0.3211985230445862
pbmc10k_to_pbmc5k,scvi_matched,correct,0.003814995288848877
pbmc10k_to_pbmc5k,scvi_matched,correct,0.024972617626190186
pbmc10k_to_pbmc5k,scvi_matched,correct,0.17675751447677612
pbmc10k_to_pbmc5k,scvi_matched,correct,0.0006296038627624512
pbmc10k_to_pbmc5k,scvi_matched,correct,0.45555925369262695
pbmc10k_to_pbmc5k,scvi_matched,correct,0.022178292274475098
pbmc10k_to_pbmc5k,scvi_matched,correct,0.003143787384033203
pbmc10k_to_pbmc5k,scvi_matched,correct,0.2380010485649109
pbmc10k_to_pbmc5k,scvi_matched,correct,0.21717804670333862
pbmc10k_to_pbmc5k,scvi_matched,correct,0.126753568649292
pbmc10k_to_pbmc5k,scvi_matched,correct,0.19434446096420288
pbmc10k_to_pbmc5k,scvi_matched,correct,0.0750119686126709
pbmc10k_to_pbmc5k,scvi_matched,correct,0.036274254322052
pbmc10k_to_pbmc5k,scvi_matched,correct,0.0025873780250549316
pbmc10k_to_pbmc5k,scvi_matched,correct,0.6753935217857361
pbmc10k_to_pbmc5k,scvi_matched,correct,0.3833768963813782
pbmc10k_to_pbmc5k,scvi_matched,correct,0.008698105812072754
pbmc10k_to_pbmc5k,scvi_matched,correct,0.012049257755279541
pbmc10k_to_pbmc5k,scvi_matched,correct,0.4279490113258362
pbmc10k_to_pbmc5k,scvi_matched,correct,0.0009614229202270508
pbmc10k_to_pbmc5k,scvi_matched,correct,0.0076133012771606445
pbmc10k_to_pbmc5k,scvi_matched,correct,0.08359020948410034
pbmc10k_to_pbmc5k,scvi_matched,correct,0.0021442770957946777
pbmc10k_to_pbmc5k,scvi_matched,correct,0.005270242691040039
pbmc10k_to_pbmc5k,scvi_matched,correct,0.6193233132362366
pbmc10k_to_pbmc5k,scvi_matched,correct,0.4529770612716675
pbmc10k_to_pbmc5k,scvi_matched,correct,0.21440738439559937
pbmc10k_to_pbmc5k,scvi_matched,correct,0.0007692575454711914
pbmc10k_to_pbmc5k,scvi_matched,correct,0.38166874647140503
pbmc10k_to_pbmc5k,scvi_matched,correct,0.0017018914222717285
pbmc10k_to_pbmc5k,scvi_matched,correct,0.0020078420639038086
pbmc10k_to_pbmc5k,scvi_matched,correct,0.025429368019104004
pbmc10k_to_pbmc5k,scvi_matched,correct,0.004327297210693359
pbmc10k_to_pbmc5k,scvi_matched,correct,0.11472046375274658
pbmc10k_to_pbmc5k,scvi_matched,correct,0.3409692049026489
pbmc10k_to_pbmc5k,scvi_matched,correct,0.017143428325653076
pbmc10k_to_pbmc5k,scvi_matched,correct,0.018374323844909668
pbmc10k_to_pbmc5k,scvi_matched,correct,0.00025087594985961914
pbmc10k_to_pbmc5k,scvi_matched,correct,0.3975384831428528
pbmc10k_to_pbmc5k,scvi_matched,correct,0.05444645881652832
pbmc10k_to_pbmc5k,scvi_matched,correct,0.09575533866882324
pbmc10k_to_pbmc5k,scvi_matched,correct,0.000559389591217041
pbmc10k_to_pbmc5k,scvi_matched,correct,0.0008739829063415527
pbmc10k_to_pbmc5k,scvi_matched,correct,0.10643649101257324
pbmc10k_to_pbmc5k,scvi_matched,correct,0.0007773637771606445
pbmc10k_to_pbmc5k,scvi_matched,correct,0.736140251159668
pbmc10k_to_pbmc5k,scvi_matched,correct,0.005062580108642578
pbmc10k_to_pbmc5k,scvi_matched,correct,0.0538630485534668
pbmc10k_to_pbmc5k,scvi_matched,correct,0.22326165437698364
pbmc10k_to_pbmc5k,scvi_matched,correct,0.0010961294174194336
pbmc10k_to_pbmc5k,scvi_matched,correct,0.0010767579078674316
pbmc10k_to_pbmc5k,scvi_matched,correct,0.33300071954727173
pbmc10k_to_pbmc5k,scvi_matched,correct,0.444067120552063
pbmc10k_to_pbmc5k,scvi_matched,correct,0.000265657901763916
pbmc10k_to_pbmc5k,scvi_matched,correct,0.0003833770751953125
pbmc10k_to_pbmc5k,scvi_matched,correct,0.13689208030700684
pbmc10k_to_pbmc5k,scvi_matched,correct,0.0002543330192565918
pbmc10k_to_pbmc5k,scvi_matched,correct,0.07126754522323608
pbmc10k_to_pbmc5k,scvi_matched,correct,0.10204219818115234
pbmc10k_to_pbmc5k,scvi_matched,correct,0.10612815618515015
pbmc10k_to_pbmc5k,scvi_matched,correct,0.2585318088531494
pbmc10k_to_pbmc5k,scvi_matched,correct,0.11974930763244629
pbmc10k_to_pbmc5k,scvi_matched,correct,0.005395472049713135
pbmc10k_to_pbmc5k,scvi_matched,correct,0.21600770950317383
pbmc10k_to_pbmc5k,scvi_matched,correct,0.3837885856628418
pbmc10k_to_pbmc5k,scvi_matched,correct,0.007598757743835449
pbmc10k_to_pbmc5k,scvi_matched,correct,0.0014543533325195312
pbmc10k_to_pbmc5k,scvi_matched,correct,0.0016369223594665527
pbmc10k_to_pbmc5k,scvi_matched,correct,0.11348491907119751
pbmc10k_to_pbmc5k,scvi_matched,correct,0.0054512619972229
pbmc10k_to_pbmc5k,scvi_matched,correct,0.026712417602539062
pbmc10k_to_pbmc5k,scvi_matched,correct,0.0005944967269897461
pbmc10k_to_pbmc5k,scvi_matched,correct,0.24836993217468262
pbmc10k_to_pbmc5k,scvi_matched,correct,0.008655190467834473
pbmc10k_to_pbmc5k,scvi_matched,correct,0.5462986826896667
pbmc10k_to_pbmc5k,scvi_matched,correct,0.11322271823883057
pbmc10k_to_pbmc5k,scvi_matched,correct,0.024460673332214355
pbmc10k_to_pbmc5k,scvi_matched,correct,0.005689859390258789
pbmc10k_to_pbmc5k,scvi_matched,correct,0.017985999584197998
pbmc10k_to_pbmc5k,scvi_matched,correct,0.00020641088485717773
pbmc10k_to_pbmc5k,scvi_matched,correct,0.09611731767654419
pbmc10k_to_pbmc5k,scvi_matched,correct,0.0011507272720336914
pbmc10k_to_pbmc5k,scvi_matched,correct,0.17829525470733643
pbmc10k_to_pbmc5k,scvi_matched,correct,0.05066800117492676
pbmc10k_to_pbmc5k,scvi_matched,correct,0.0014078021049499512
pbmc10k_to_pbmc5k,scvi_matched,correct,0.35202842950820923
pbmc10k_to_pbmc5k,scvi_matched,correct,0.011903524398803711
pbmc10k_to_pbmc5k,scvi_matched,correct,0.45327281951904297
pbmc10k_to_pbmc5k,scvi_matched,correct,0.0015951991081237793
pbmc10k_to_pbmc5k,scvi_matched,correct,0.0006299614906311035
pbmc10k_to_pbmc5k,scvi_matched,correct,0.005193531513214111
pbmc10k_to_pbmc5k,scvi_matched,correct,0.1303350329399109
pbmc10k_to_pbmc5k,scvi_matched,correct,0.48341065645217896
pbmc10k_to_pbmc5k,scvi_matched,correct,0.04390668869018555
pbmc10k_to_pbmc5k,scvi_matched,correct,0.3017643690109253
pbmc10k_to_pbmc5k,scvi_matched,correct,0.2110934853553772
pbmc10k_to_pbmc5k,scvi_matched,correct,0.24898689985275269
pbmc10k_to_pbmc5k,scvi_matched,correct,0.0008670687675476074
pbmc10k_to_pbmc5k,scvi_matched,correct,0.0031975507736206055
pbmc10k_to_pbmc5k,scvi_matched,correct,0.015165925025939941
pbmc10k_to_pbmc5k,scvi_matched,correct,0.0006508231163024902
pbmc10k_to_pbmc5k,scvi_matched,correct,0.05495518445968628
pbmc10k_to_pbmc5k,scvi_matched,correct,0.07007807493209839
pbmc10k_to_pbmc5k,scvi_matched,correct,0.00034165382385253906
pbmc10k_to_pbmc5k,scvi_matched,correct,0.0010551810264587402
pbmc10k_to_pbmc5k,scvi_matched,correct,0.0009086132049560547
pbmc10k_to_pbmc5k,scvi_matched,correct,0.004939734935760498
pbmc10k_to_pbmc5k,scvi_matched,correct,0.18276357650756836
pbmc10k_to_pbmc5k,scvi_matched,correct,0.3802453279495239
pbmc10k_to_pbmc5k,scvi_matched,correct,0.3122735619544983
pbmc10k_to_pbmc5k,scvi_matched,correct,0.3194383978843689
pbmc10k_to_pbmc5k,scvi_matched,correct,0.011744976043701172
pbmc10k_to_pbmc5k,scvi_matched,correct,0.001620650291442871
pbmc10k_to_pbmc5k,scvi_matched,correct,0.02869194746017456
pbmc10k_to_pbmc5k,scvi_matched,correct,0.18625551462173462
pbmc10k_to_pbmc5k,scvi_matched,correct,0.39767277240753174
pbmc10k_to_pbmc5k,scvi_matched,correct,0.0037775039672851562
pbmc10k_to_pbmc5k,scvi_matched,correct,0.0032402873039245605
pbmc10k_to_pbmc5k,scvi_matched,correct,0.2258949875831604
pbmc10k_to_pbmc5k,scvi_matched,correct,0.2900961637496948
pbmc10k_to_pbmc5k,scvi_matched,correct,0.3875412940979004
pbmc10k_to_pbmc5k,scvi_matched,correct,0.00024253129959106445
pbmc10k_to_pbmc5k,scvi_matched,correct,0.053386569023132324
pbmc10k_to_pbmc5k,scvi_matched,correct,0.21303635835647583
pbmc10k_to_pbmc5k,scvi_matched,correct,0.0006951093673706055
pbmc10k_to_pbmc5k,scvi_matched,correct,0.00018042325973510742
pbmc10k_to_pbmc5k,scvi_matched,correct,0.001933276653289795
pbmc10k_to_pbmc5k,scvi_matched,correct,0.4738532304763794
pbmc10k_to_pbmc5k,scvi_matched,correct,0.32954859733581543
pbmc10k_to_pbmc5k,scvi_matched,correct,0.015540599822998047
pbmc10k_to_pbmc5k,scvi_matched,correct,0.0013489127159118652
pbmc10k_to_pbmc5k,scvi_matched,correct,0.002567112445831299
pbmc10k_to_pbmc5k,scvi_matched,correct,0.15948599576950073
pbmc10k_to_pbmc5k,scvi_matched,correct,0.0010088086128234863
pbmc10k_to_pbmc5k,scvi_matched,correct,0.0034069418907165527
pbmc10k_to_pbmc5k,scvi_matched,correct,0.003961324691772461
pbmc10k_to_pbmc5k,scvi_matched,correct,0.0019361376762390137
pbmc10k_to_pbmc5k,scvi_matched,correct,0.0020464658737182617
pbmc10k_to_pbmc5k,scvi_matched,correct,0.08706831932067871
pbmc10k_to_pbmc5k,scvi_matched,correct,0.0030964016914367676
pbmc10k_to_pbmc5k,scvi_matched,correct,0.14466023445129395
pbmc10k_to_pbmc5k,scvi_matched,correct,0.1386784315109253
pbmc10k_to_pbmc5k,scvi_matched,correct,0.0003756284713745117
pbmc10k_to_pbmc5k,scvi_matched,correct,0.007316529750823975
pbmc10k_to_pbmc5k,scvi_matched,correct,0.00011599063873291016
pbmc10k_to_pbmc5k,scvi_matched,correct,0.0008556842803955078
pbmc10k_to_pbmc5k,scvi_matched,correct,0.005913972854614258
pbmc10k_to_pbmc5k,scvi_matched,correct,0.0056119561195373535
pbmc10k_to_pbmc5k,scvi_matched,correct,0.005242288112640381
pbmc10k_to_pbmc5k,scvi_matched,correct,0.006598532199859619
pbmc10k_to_pbmc5k,scvi_matched,correct,0.0007023811340332031
pbmc10k_to_pbmc5k,scvi_matched,correct,0.077578604221344
pbmc10k_to_pbmc5k,scvi_matched,correct,0.3357682228088379
pbmc10k_to_pbmc5k,scvi_matched,correct,0.4209662675857544
pbmc10k_to_pbmc5k,scvi_matched,correct,0.15977835655212402
pbmc10k_to_pbmc5k,scvi_matched,correct,0.009754776954650879
pbmc10k_to_pbmc5k,scvi_matched,correct,0.008531808853149414
pbmc10k_to_pbmc5k,scvi_matched,correct,0.16478866338729858
pbmc10k_to_pbmc5k,scvi_matched,correct,0.11787372827529907
pbmc10k_to_pbmc5k,scvi_matched,correct,0.670839786529541
pbmc10k_to_pbmc5k,scvi_matched,incorrect,0.05135875940322876
pbmc10k_to_pbmc5k,scvi_matched,incorrect,0.46975213289260864
pbmc10k_to_pbmc5k,scvi_matched,incorrect,0.07581359148025513
pbmc10k_to_pbmc5k,scvi_matched,incorrect,0.043216824531555176
pbmc10k_to_pbmc5k,scvi_matched,incorrect,0.5391370058059692
pbmc10k_to_pbmc5k,scvi_matched,incorrect,0.37379515171051025
pbmc10k_to_pbmc5k,scvi_matched,incorrect,0.31758004426956177
pbmc10k_to_pbmc5k,scvi_matched,incorrect,0.38871318101882935
pbmc10k_to_pbmc5k,scvi_matched,incorrect,0.03524363040924072
pbmc10k_to_pbmc5k,scvi_matched,incorrect,0.18727022409439087
pbmc10k_to_pbmc5k,scvi_matched,incorrect,0.18047857284545898
pbmc10k_to_pbmc5k,scvi_matched,incorrect,0.46404385566711426
pbmc10k_to_pbmc5k,scvi_matched,incorrect,0.25360578298568726
pbmc10k_to_pbmc5k,scvi_matched,incorrect,0.26708972454071045
pbmc10k_to_pbmc5k,scvi_matched,incorrect,0.4760901927947998
pbmc10k_to_pbmc5k,scvi_matched,incorrect,0.34796565771102905
pbmc10k_to_pbmc5k,scvi_matched,incorrect,0.30468952655792236
pbmc10k_to_pbmc5k,scvi_matched,incorrect,0.2955567240715027
pbmc10k_to_pbmc5k,scvi_matched,incorrect,0.4832846522331238
pbmc10k_to_pbmc5k,scvi_matched,incorrect,0.16746920347213745
pbmc10k_to_pbmc5k,scvi_matched,incorrect,0.35364896059036255
pbmc10k_to_pbmc5k,scvi_matched,incorrect,0.18916696310043335
pbmc10k_to_pbmc5k,scvi_matched,incorrect,0.47236084938049316
pbmc10k_to_pbmc5k,scvi_matched,incorrect,0.5069994926452637
pbmc10k_to_pbmc5k,scvi_matched,incorrect,0.6492136716842651
pbmc10k_to_pbmc5k,scvi_matched,incorrect,0.18333518505096436
pbmc10k_to_pbmc5k,scvi_matched,incorrect,0.033275485038757324
pbmc10k_to_pbmc5k,scvi_matched,incorrect,0.243638813495636
pbmc10k_to_pbmc5k,scvi_matched,incorrect,0.4041231870651245
pbmc10k_to_pbmc5k,scvi_matched,incorrect,0.16392076015472412
pbmc10k_to_pbmc5k,scvi_matched,incorrect,0.43756622076034546
pbmc10k_to_pbmc5k,scvi_matched,incorrect,0.45460188388824463
pbmc10k_to_pbmc5k,scvi_matched,incorrect,0.3269438147544861
pbmc10k_to_pbmc5k,scvi_matched,incorrect,0.25499653816223145
pbmc10k_to_pbmc5k,scvi_matched,incorrect,0.33999305963516235
pbmc10k_to_pbmc5k,scvi_matched,incorrect,0.48038023710250854
pbmc10k_to_pbmc5k,scvi_matched,incorrect,0.10308915376663208
pbmc10k_to_pbmc5k,scvi_matched,incorrect,0.5761185884475708
pbmc10k_to_pbmc5k,scvi_matched,incorrect,0.13452857732772827
pbmc10k_to_pbmc5k,scvi_matched,incorrect,0.35906344652175903
pbmc10k_to_pbmc5k,scvi_matched,incorrect,0.02274346351623535
pbmc10k_to_pbmc5k,scvi_matched,incorrect,0.3202943801879883
pbmc10k_to_pbmc5k,scvi_matched,incorrect,0.4509851932525635
pbmc10k_to_pbmc5k,scvi_matched,incorrect,0.0640750527381897
pbmc10k_to_pbmc5k,scvi_matched,incorrect,0.4052409529685974
pbmc10k_to_pbmc5k,scvi_matched,incorrect,0.1833844780921936
pbmc10k_to_pbmc5k,scvi_matched,incorrect,0.442249596118927
pbmc10k_to_pbmc5k,scvi_matched,incorrect,0.49472516775131226
pbmc10k_to_pbmc5k,scvi_matched,incorrect,0.1877971887588501
pbmc10k_to_pbmc5k,scvi_matched,incorrect,0.4879492521286011
pbmc10k_to_pbmc5k,scvi_matched,incorrect,0.5262495279312134
pbmc10k_to_pbmc5k,scvi_matched,incorrect,0.6609786748886108
pbmc10k_to_pbmc5k,scvi_matched,incorrect,0.268965482711792
pbmc10k_to_pbmc5k,scvi_matched,incorrect,0.3814011216163635
pbmc10k_to_pbmc5k,scvi_matched,incorrect,0.49039775133132935
pbmc10k_to_pbmc5k,scvi_matched,incorrect,0.4404284358024597
pbmc10k_to_pbmc5k,scvi_matched,incorrect,0.32708674669265747
pbmc10k_to_pbmc5k,scvi_matched,incorrect,0.6644032597541809
pbmc10k_to_pbmc5k,scvi_matched,incorrect,0.4569965600967407
pbmc10k_to_pbmc5k,scvi_matched,incorrect,0.3273066282272339
pbmc10k_to_pbmc5k,scvi_matched,incorrect,0.053338706493377686
pbmc10k_to_pbmc5k,scvi_matched,incorrect,0.4683714509010315
pbmc10k_to_pbmc5k,scvi_matched,incorrect,0.47956061363220215
pbmc10k_to_pbmc5k,scvi_matched,incorrect,0.6030951738357544
pbmc10k_to_pbmc5k,scvi_matched,incorrect,0.5349727869033813
pbmc10k_to_pbmc5k,scvi_matched,incorrect,0.23667973279953003
pbmc10k_to_pbmc5k,scvi_matched,incorrect,0.3866041302680969
pbmc10k_to_pbmc5k,scvi_matched,incorrect,0.30895739793777466
pbmc10k_to_pbmc5k,scvi_matched,incorrect,0.12863564491271973
pbmc10k_to_pbmc5k,scvi_matched,incorrect,0.2923787236213684
pbmc10k_to_pbmc5k,scvi_matched,incorrect,0.39557647705078125
pbmc10k_to_pbmc5k,scvi_matched,incorrect,0.18146157264709473
pbmc10k_to_pbmc5k,scvi_matched,incorrect,0.3491818308830261
pbmc10k_to_pbmc5k,scvi_matched,incorrect,0.5260125994682312
pbmc10k_to_pbmc5k,scvi_matched,incorrect,0.12654584646224976
pbmc10k_to_pbmc5k,scvi_matched,incorrect,0.38691937923431396
pbmc10k_to_pbmc5k,scvi_matched,incorrect,0.5825406312942505
pbmc10k_to_pbmc5k,scvi_matched,incorrect,0.17532694339752197
pbmc10k_to_pbmc5k,scvi_matched,incorrect,0.6233302354812622
pbmc10k_to_pbmc5k,scvi_matched,incorrect,0.29194873571395874
pbmc10k_to_pbmc5k,scvi_matched,incorrect,0.43975549936294556
pbmc10k_to_pbmc5k,scvi_matched,incorrect,0.4912855625152588
pbmc10k_to_pbmc5k,scvi_matched,incorrect,0.19879615306854248
pbmc10k_to_pbmc5k,scvi_matched,incorrect,0.5976735353469849
pbmc10k_to_pbmc5k,scvi_matched,incorrect,0.06705933809280396
pbmc10k_to_pbmc5k,scvi_matched,incorrect,0.5542245507240295
pbmc10k_to_pbmc5k,scvi_matched,incorrect,0.34620988368988037
pbmc10k_to_pbmc5k,scvi_matched,incorrect,0.4532080888748169
pbmc10k_to_pbmc5k,scvi_matched,incorrect,0.1306048035621643
pbmc10k_to_pbmc5k,scvi_matched,incorrect,0.3709615468978882
pbmc10k_to_pbmc5k,scvi_matched,incorrect,0.3901010751724243
pbmc10k_to_pbmc5k,scvi_matched,incorrect,0.5241791605949402
pbmc10k_to_pbmc5k,scvi_matched,incorrect,0.41186439990997314
pbmc10k_to_pbmc5k,scvi_matched,incorrect,0.521989107131958
pbmc10k_to_pbmc5k,scvi_matched,incorrect,0.14112412929534912
pbmc10k_to_pbmc5k,scvi_matched,incorrect,0.2112288475036621
pbmc10k_to_pbmc5k,scvi_matched,incorrect,0.45579665899276733
pbmc10k_to_pbmc5k,scvi_matched,incorrect,0.556415319442749
pbmc10k_to_pbmc5k,scvi_matched,incorrect,0.42643558979034424
pbmc10k_to_pbmc5k,scvi_matched,incorrect,0.5092012882232666
pbmc10k_to_pbmc5k,scvi_matched,incorrect,0.2531896233558655
pbmc10k_to_pbmc5k,scvi_matched,incorrect,0.17965590953826904
pbmc10k_to_pbmc5k,scvi_matched,incorrect,0.2676772475242615
pbmc10k_to_pbmc5k,scvi_matched,incorrect,0.3483085036277771
pbmc10k_to_pbmc5k,scvi_matched,incorrect,0.6275423169136047
pbmc10k_to_pbmc5k,scvi_matched,incorrect,0.3864797353744507
pbmc10k_to_pbmc5k,scvi_matched,incorrect,0.014794766902923584
pbmc10k_to_pbmc5k,scvi_matched,incorrect,0.4496568441390991
pbmc10k_to_pbmc5k,scvi_matched,incorrect,0.4666683077812195
pbmc10k_to_pbmc5k,scvi_matched,incorrect,0.2722715139389038
pbmc10k_to_pbmc5k,scvi_matched,incorrect,0.6286242604255676
pbmc10k_to_pbmc5k,scvi_matched,incorrect,0.041152238845825195
pbmc10k_to_pbmc5k,scvi_matched,incorrect,0.05580341815948486
pbmc10k_to_pbmc5k,scvi_matched,incorrect,0.43372803926467896
pbmc10k_to_pbmc5k,scvi_matched,incorrect,0.48186182975769043
pbmc10k_to_pbmc5k,scvi_matched,incorrect,0.15701812505722046
pbmc10k_to_pbmc5k,scvi_matched,incorrect,0.3783493638038635
pbmc10k_to_pbmc5k,scvi_matched,incorrect,0.33590394258499146
pbmc10k_to_pbmc5k,scvi_matched,incorrect,0.19079864025115967
pbmc10k_to_pbmc5k,scvi_matched,incorrect,0.4752376079559326
pbmc10k_to_pbmc5k,scvi_matched,incorrect,0.13177567720413208
pbmc10k_to_pbmc5k,scvi_matched,incorrect,0.4834586977958679
pbmc10k_to_pbmc5k,scvi_matched,incorrect,0.5040691494941711
pbmc10k_to_pbmc5k,scvi_matched,incorrect,0.6488761305809021
pbmc10k_to_pbmc5k,scvi_matched,incorrect,0.3105706572532654
pbmc10k_to_pbmc5k,scvi_matched,incorrect,0.36178261041641235
pbmc10k_to_pbmc5k,scvi_matched,incorrect,0.49706995487213135
pbmc10k_to_pbmc5k,scvi_matched,incorrect,0.01198112964630127
pbmc10k_to_pbmc5k,scvi_matched,incorrect,0.5418421030044556
pbmc10k_to_pbmc5k,scvi_matched,incorrect,0.34014981985092163
pbmc10k_to_pbmc5k,scvi_matched,incorrect,0.5120671987533569
pbmc10k_to_pbmc5k,scvi_matched,incorrect,0.010865867137908936
pbmc10k_to_pbmc5k,scvi_matched,incorrect,0.3110939860343933
pbmc10k_to_pbmc5k,scvi_matched,incorrect,0.4626464247703552
pbmc10k_to_pbmc5k,scvi_matched,incorrect,0.6606341600418091
pbmc10k_to_pbmc5k,scvi_matched,incorrect,0.03999203443527222
pbmc10k_to_pbmc5k,scvi_matched,incorrect,0.28028303384780884
pbmc10k_to_pbmc5k,scvi_matched,incorrect,0.42220574617385864
pbmc10k_to_pbmc5k,scvi_matched,incorrect,0.5729368925094604
pbmc10k_to_pbmc5k,scvi_matched,incorrect,0.37813496589660645
pbmc10k_to_pbmc5k,scvi_matched,incorrect,0.3789106607437134
pbmc10k_to_pbmc5k,scvi_matched,incorrect,0.348243772983551
pbmc10k_to_pbmc5k,scvi_matched,incorrect,0.1261972188949585
pbmc10k_to_pbmc5k,scvi_matched,incorrect,0.30026817321777344
pbmc10k_to_pbmc5k,scvi_matched,incorrect,0.03638255596160889
pbmc10k_to_pbmc5k,scvi_matched,incorrect,0.5247265100479126
pbmc10k_to_pbmc5k,scvi_matched,incorrect,0.12040716409683228
pbmc10k_to_pbmc5k,scvi_matched,incorrect,0.5795667171478271
pbmc10k_to_pbmc5k,scvi_matched,incorrect,0.4668172597885132
pbmc10k_to_pbmc5k,scvi_matched,incorrect,0.17417645454406738
pbmc10k_to_pbmc5k,scvi_matched,incorrect,0.2747001051902771
pbmc10k_to_pbmc5k,scvi_matched,incorrect,0.3648737668991089
pbmc10k_to_pbmc5k,scvi_matched,incorrect,0.1504717469215393
pbmc10k_to_pbmc5k,scvi_matched,incorrect,0.44165974855422974
pbmc10k_to_pbmc5k,scvi_matched,incorrect,0.34505796432495117
pbmc10k_to_pbmc5k,scvi_matched,incorrect,0.02780914306640625
pbmc10k_to_pbmc5k,scvi_matched,incorrect,0.4041929841041565
pbmc10k_to_pbmc5k,scvi_matched,incorrect,0.11410081386566162
pbmc10k_to_pbmc5k,scvi_matched,incorrect,0.030634403228759766
pbmc10k_to_pbmc5k,scvi_matched,incorrect,0.7782108187675476
pbmc10k_to_pbmc5k,scvi_matched,incorrect,0.5187112092971802
pbmc10k_to_pbmc5k,scvi_matched,incorrect,0.5124638080596924
pbmc10k_to_pbmc5k,scvi_matched,incorrect,0.542589545249939
pbmc10k_to_pbmc5k,scvi_matched,incorrect,0.5199601650238037
pbmc10k_to_pbmc5k,scvi_matched,incorrect,0.46986448764801025
pbmc10k_to_pbmc5k,scvi_matched,incorrect,0.5606675744056702
pbmc10k_to_pbmc5k,scvi_matched,incorrect,0.6699032187461853
pbmc10k_to_pbmc5k,scvi_matched,incorrect,0.41285794973373413
pbmc10k_to_pbmc5k,scvi_matched,incorrect,0.19859236478805542
pbmc10k_to_pbmc5k,scvi_matched,incorrect,0.5174473524093628
pbmc10k_to_pbmc5k,scvi_matched,incorrect,0.49918073415756226
pbmc10k_to_pbmc5k,scvi_matched,incorrect,0.3717827796936035
pbmc10k_to_pbmc5k,scvi_matched,incorrect,0.31967687606811523
pbmc10k_to_pbmc5k,scvi_matched,incorrect,0.4527548551559448
pbmc10k_to_pbmc5k,scvi_matched,incorrect,0.4658854007720947
pbmc10k_to_pbmc5k,scvi_matched,incorrect,0.22880852222442627
pbmc10k_to_pbmc5k,scvi_matched,incorrect,0.45356500148773193
pbmc10k_to_pbmc5k,scvi_matched,incorrect,0.2480717897415161
pbmc10k_to_pbmc5k,scvi_matched,incorrect,0.520500659942627
pbmc10k_to_pbmc5k,scvi_matched,incorrect,0.5931429862976074
pbmc10k_to_pbmc5k,scvi_matched,incorrect,0.4743698835372925
pbmc10k_to_pbmc5k,scvi_matched,incorrect,0.1581568717956543
pbmc10k_to_pbmc5k,scvi_matched,incorrect,0.3162198066711426
pbmc10k_to_pbmc5k,scvi_matched,incorrect,0.18261897563934326
pbmc10k_to_pbmc5k,scvi_matched,incorrect,0.5558664798736572
pbmc10k_to_pbmc5k,scvi_matched,incorrect,0.5810225009918213
pbmc10k_to_pbmc5k,scvi_matched,incorrect,0.1773242950439453
pbmc10k_to_pbmc5k,scvi_matched,incorrect,0.5087004899978638
pbmc10k_to_pbmc5k,scvi_matched,incorrect,0.03643190860748291
pbmc10k_to_pbmc5k,scvi_matched,incorrect,0.39059948921203613
pbmc10k_to_pbmc5k,scvi_matched,incorrect,0.28242427110671997
pbmc10k_to_pbmc5k,scvi_matched,incorrect,0.29529517889022827
pbmc10k_to_pbmc5k,scvi_matched,incorrect,0.50499027967453
pbmc10k_to_pbmc5k,scvi_matched,incorrect,0.5509241223335266
pbmc10k_to_pbmc5k,scvi_matched,incorrect,0.5418567657470703
pbmc10k_to_pbmc5k,scvi_matched,incorrect,0.3262874484062195
pbmc10k_to_pbmc5k,scvi_matched,incorrect,0.5731461048126221
pbmc10k_to_pbmc5k,scvi_matched,incorrect,0.40151387453079224
pbmc10k_to_pbmc5k,scvi_matched,incorrect,0.23403984308242798
pbmc10k_to_pbmc5k,scvi_matched,incorrect,0.39530158042907715
pbmc10k_to_pbmc5k,scvi_matched,incorrect,0.3163301944732666
pbmc10k_to_pbmc5k,scvi_matched,incorrect,0.693853497505188
pbmc10k_to_pbmc5k,scvi_matched,incorrect,0.6545385122299194
pbmc10k_to_pbmc5k,scvi_matched,incorrect,0.1429271101951599
pbmc10k_to_pbmc5k,scvi_matched,incorrect,0.11545288562774658
pbmc10k_to_pbmc5k,scvi_matched,incorrect,0.4793418049812317
pbmc10k_to_pbmc5k,scvi_matched,incorrect,0.088326096534729
pbmc10k_to_pbmc5k,scvi_matched,incorrect,0.37114059925079346
pbmc10k_to_pbmc5k,scvi_matched,incorrect,0.5134230852127075
pbmc10k_to_pbmc5k,scvi_matched,incorrect,0.5573363900184631
pbmc10k_to_pbmc5k,scvi_matched,incorrect,0.4709845185279846
pbmc10k_to_pbmc5k,scvi_matched,incorrect,0.08837395906448364
pbmc10k_to_pbmc5k,scvi_matched,incorrect,0.5055542588233948
pbmc10k_to_pbmc5k,scvi_matched,incorrect,0.10245031118392944
pbmc10k_to_pbmc5k,scvi_matched,incorrect,0.374300479888916
pbmc10k_to_pbmc5k,scvi_matched,incorrect,0.4211898446083069
pbmc10k_to_pbmc5k,scvi_matched,incorrect,0.3838309645652771
pbmc10k_to_pbmc5k,scvi_matched,incorrect,0.13347530364990234
pbmc10k_to_pbmc5k,scvi_matched,incorrect,0.16870319843292236
pbmc10k_to_pbmc5k,scvi_matched,incorrect,0.04933422803878784
pbmc10k_to_pbmc5k,scvi_matched,incorrect,0.19057303667068481
pbmc10k_to_pbmc5k,scvi_matched,incorrect,0.4886733293533325
pbmc10k_to_pbmc5k,scvi_matched,incorrect,0.5215299129486084
pbmc10k_to_pbmc5k,scvi_matched,incorrect,0.22678053379058838
pbmc10k_to_pbmc5k,scvi_matched,incorrect,0.3112562894821167
pbmc10k_to_pbmc5k,scvi_matched,incorrect,0.007931113243103027
pbmc10k_to_pbmc5k,scvi_matched,incorrect,0.2916802167892456
pbmc10k_to_pbmc5k,scvi_matched,incorrect,0.49028247594833374
pbmc10k_to_pbmc5k,scvi_matched,incorrect,0.18405860662460327
pbmc10k_to_pbmc5k,scvi_matched,incorrect,0.1224471926689148
pbmc10k_to_pbmc5k,scvi_matched,incorrect,0.39657604694366455
pbmc10k_to_pbmc5k,scvi_matched,incorrect,0.6924675703048706
pbmc10k_to_pbmc5k,scvi_matched,incorrect,0.6329928636550903
pbmc10k_to_pbmc5k,scvi_matched,incorrect,0.4585644006729126
pbmc10k_to_pbmc5k,scvi_matched,incorrect,0.3002971410751343
pbmc10k_to_pbmc5k,totalvi,correct,0.004827558994293213
pbmc10k_to_pbmc5k,totalvi,correct,0.01831871271133423
pbmc10k_to_pbmc5k,totalvi,correct,0.020217716693878174
pbmc10k_to_pbmc5k,totalvi,correct,0.20211005210876465
pbmc10k_to_pbmc5k,totalvi,correct,0.16507750749588013
pbmc10k_to_pbmc5k,totalvi,correct,0.13128513097763062
pbmc10k_to_pbmc5k,totalvi,correct,0.05291247367858887
pbmc10k_to_pbmc5k,totalvi,correct,0.4197946786880493
pbmc10k_to_pbmc5k,totalvi,correct,0.027804315090179443
pbmc10k_to_pbmc5k,totalvi,correct,0.009177684783935547
pbmc10k_to_pbmc5k,totalvi,correct,0.12638384103775024
pbmc10k_to_pbmc5k,totalvi,correct,0.036737263202667236
pbmc10k_to_pbmc5k,totalvi,correct,0.12171876430511475
pbmc10k_to_pbmc5k,totalvi,correct,0.09663182497024536
pbmc10k_to_pbmc5k,totalvi,correct,0.0025599002838134766
pbmc10k_to_pbmc5k,totalvi,correct,0.006348907947540283
pbmc10k_to_pbmc5k,totalvi,correct,0.3661031723022461
pbmc10k_to_pbmc5k,totalvi,correct,0.09095656871795654
pbmc10k_to_pbmc5k,totalvi,correct,0.0010023713111877441
pbmc10k_to_pbmc5k,totalvi,correct,0.1352289319038391
pbmc10k_to_pbmc5k,totalvi,correct,0.24467569589614868
pbmc10k_to_pbmc5k,totalvi,correct,0.002193152904510498
pbmc10k_to_pbmc5k,totalvi,correct,0.014413654804229736
pbmc10k_to_pbmc5k,totalvi,correct,0.3881050944328308
pbmc10k_to_pbmc5k,totalvi,correct,0.004491448402404785
pbmc10k_to_pbmc5k,totalvi,correct,0.012302696704864502
pbmc10k_to_pbmc5k,totalvi,correct,0.00576937198638916
pbmc10k_to_pbmc5k,totalvi,correct,0.364388108253479
pbmc10k_to_pbmc5k,totalvi,correct,0.006184697151184082
pbmc10k_to_pbmc5k,totalvi,correct,0.4206869602203369
pbmc10k_to_pbmc5k,totalvi,correct,0.14217060804367065
pbmc10k_to_pbmc5k,totalvi,correct,0.1545093059539795
pbmc10k_to_pbmc5k,totalvi,correct,0.019066154956817627
pbmc10k_to_pbmc5k,totalvi,correct,0.00498276948928833
pbmc10k_to_pbmc5k,totalvi,correct,0.1360950469970703
pbmc10k_to_pbmc5k,totalvi,correct,0.017397642135620117
pbmc10k_to_pbmc5k,totalvi,correct,0.018806159496307373
pbmc10k_to_pbmc5k,totalvi,correct,0.002199828624725342
pbmc10k_to_pbmc5k,totalvi,correct,0.29463887214660645
pbmc10k_to_pbmc5k,totalvi,correct,0.00145035982131958
pbmc10k_to_pbmc5k,totalvi,correct,0.003341197967529297
pbmc10k_to_pbmc5k,totalvi,correct,0.10037904977798462
pbmc10k_to_pbmc5k,totalvi,correct,0.1520879864692688
pbmc10k_to_pbmc5k,totalvi,correct,0.12280654907226562
pbmc10k_to_pbmc5k,totalvi,correct,0.014851987361907959
pbmc10k_to_pbmc5k,totalvi,correct,0.014226973056793213
pbmc10k_to_pbmc5k,totalvi,correct,0.031258344650268555
pbmc10k_to_pbmc5k,totalvi,correct,0.0006885528564453125
pbmc10k_to_pbmc5k,totalvi,correct,0.38314688205718994
pbmc10k_to_pbmc5k,totalvi,correct,0.3144151568412781
pbmc10k_to_pbmc5k,totalvi,correct,0.39985936880111694
pbmc10k_to_pbmc5k,totalvi,correct,0.33235472440719604
pbmc10k_to_pbmc5k,totalvi,correct,5.733966827392578e-05
pbmc10k_to_pbmc5k,totalvi,correct,0.01134335994720459
pbmc10k_to_pbmc5k,totalvi,correct,0.12335032224655151
pbmc10k_to_pbmc5k,totalvi,correct,0.00583040714263916
pbmc10k_to_pbmc5k,totalvi,correct,0.5873291492462158
pbmc10k_to_pbmc5k,totalvi,correct,0.1142575740814209
pbmc10k_to_pbmc5k,totalvi,correct,0.009007155895233154
pbmc10k_to_pbmc5k,totalvi,correct,0.0016016364097595215
pbmc10k_to_pbmc5k,totalvi,correct,0.6370017528533936
pbmc10k_to_pbmc5k,totalvi,correct,0.06972610950469971
pbmc10k_to_pbmc5k,totalvi,correct,0.4083152413368225
pbmc10k_to_pbmc5k,totalvi,correct,0.02020639181137085
pbmc10k_to_pbmc5k,totalvi,correct,0.18368548154830933
pbmc10k_to_pbmc5k,totalvi,correct,0.22783935070037842
pbmc10k_to_pbmc5k,totalvi,correct,0.008195638656616211
pbmc10k_to_pbmc5k,totalvi,correct,0.17854028940200806
pbmc10k_to_pbmc5k,totalvi,correct,0.08173888921737671
pbmc10k_to_pbmc5k,totalvi,correct,0.33639758825302124
pbmc10k_to_pbmc5k,totalvi,correct,0.05413222312927246
pbmc10k_to_pbmc5k,totalvi,correct,0.00036537647247314453
pbmc10k_to_pbmc5k,totalvi,correct,0.10545629262924194
pbmc10k_to_pbmc5k,totalvi,correct,0.005408227443695068
pbmc10k_to_pbmc5k,totalvi,correct,0.03310847282409668
pbmc10k_to_pbmc5k,totalvi,correct,0.004065394401550293
pbmc10k_to_pbmc5k,totalvi,correct,0.11045467853546143
pbmc10k_to_pbmc5k,totalvi,correct,0.44698798656463623
pbmc10k_to_pbmc5k,totalvi,correct,0.03923743963241577
pbmc10k_to_pbmc5k,totalvi,correct,0.4795665144920349
pbmc10k_to_pbmc5k,totalvi,correct,0.05922400951385498
pbmc10k_to_pbmc5k,totalvi,correct,0.000682830810546875
pbmc10k_to_pbmc5k,totalvi,correct,0.056360602378845215
pbmc10k_to_pbmc5k,totalvi,correct,0.002273380756378174
pbmc10k_to_pbmc5k,totalvi,correct,0.05080676078796387
pbmc10k_to_pbmc5k,totalvi,correct,0.043614864349365234
pbmc10k_to_pbmc5k,totalvi,correct,0.42206209897994995
pbmc10k_to_pbmc5k,totalvi,correct,0.04276096820831299
pbmc10k_to_pbmc5k,totalvi,correct,0.0028264522552490234
pbmc10k_to_pbmc5k,totalvi,correct,0.5208747386932373
pbmc10k_to_pbmc5k,totalvi,correct,0.002322375774383545
pbmc10k_to_pbmc5k,totalvi,correct,0.01910996437072754
pbmc10k_to_pbmc5k,totalvi,correct,0.15701109170913696
pbmc10k_to_pbmc5k,totalvi,correct,0.3857049345970154
pbmc10k_to_pbmc5k,totalvi,correct,0.009363353252410889
pbmc10k_to_pbmc5k,totalvi,correct,0.007460653781890869
pbmc10k_to_pbmc5k,totalvi,correct,0.14916247129440308
pbmc10k_to_pbmc5k,totalvi,correct,0.07934993505477905
pbmc10k_to_pbmc5k,totalvi,correct,0.00047528743743896484
pbmc10k_to_pbmc5k,totalvi,correct,0.10757088661193848
pbmc10k_to_pbmc5k,totalvi,correct,0.00887995958328247
pbmc10k_to_pbmc5k,totalvi,correct,0.007876455783843994
pbmc10k_to_pbmc5k,totalvi,correct,0.054899632930755615
pbmc10k_to_pbmc5k,totalvi,correct,0.25933951139450073
pbmc10k_to_pbmc5k,totalvi,correct,0.01227271556854248
pbmc10k_to_pbmc5k,totalvi,correct,0.0001436471939086914
pbmc10k_to_pbmc5k,totalvi,correct,0.0015559792518615723
pbmc10k_to_pbmc5k,totalvi,correct,0.06640785932540894
pbmc10k_to_pbmc5k,totalvi,correct,0.02153754234313965
pbmc10k_to_pbmc5k,totalvi,correct,0.3018462061882019
pbmc10k_to_pbmc5k,totalvi,correct,0.0035827159881591797
pbmc10k_to_pbmc5k,totalvi,correct,0.22902649641036987
pbmc10k_to_pbmc5k,totalvi,correct,0.0022987723350524902
pbmc10k_to_pbmc5k,totalvi,correct,0.3942720293998718
pbmc10k_to_pbmc5k,totalvi,correct,0.13993138074874878
pbmc10k_to_pbmc5k,totalvi,correct,0.2175946831703186
pbmc10k_to_pbmc5k,totalvi,correct,0.12014591693878174
pbmc10k_to_pbmc5k,totalvi,correct,0.606658935546875
pbmc10k_to_pbmc5k,totalvi,correct,0.4916296601295471
pbmc10k_to_pbmc5k,totalvi,correct,0.22538995742797852
pbmc10k_to_pbmc5k,totalvi,correct,0.004715859889984131
pbmc10k_to_pbmc5k,totalvi,correct,0.002959907054901123
pbmc10k_to_pbmc5k,totalvi,correct,0.030163705348968506
pbmc10k_to_pbmc5k,totalvi,correct,0.17328870296478271
pbmc10k_to_pbmc5k,totalvi,correct,0.0010834932327270508
pbmc10k_to_pbmc5k,totalvi,correct,0.07853180170059204
pbmc10k_to_pbmc5k,totalvi,correct,0.012944459915161133
pbmc10k_to_pbmc5k,totalvi,correct,0.24897778034210205
pbmc10k_to_pbmc5k,totalvi,correct,0.03390127420425415
pbmc10k_to_pbmc5k,totalvi,correct,0.26501762866973877
pbmc10k_to_pbmc5k,totalvi,correct,0.025759756565093994
pbmc10k_to_pbmc5k,totalvi,correct,0.0009528994560241699
pbmc10k_to_pbmc5k,totalvi,correct,0.045788347721099854
pbmc10k_to_pbmc5k,totalvi,correct,0.0022889375686645508
pbmc10k_to_pbmc5k,totalvi,correct,0.1652812361717224
pbmc10k_to_pbmc5k,totalvi,correct,0.000377655029296875
pbmc10k_to_pbmc5k,totalvi,correct,0.2726637125015259
pbmc10k_to_pbmc5k,totalvi,correct,0.000521242618560791
pbmc10k_to_pbmc5k,totalvi,correct,0.09233671426773071
pbmc10k_to_pbmc5k,totalvi,correct,0.05815315246582031
pbmc10k_to_pbmc5k,totalvi,correct,0.002769649028778076
pbmc10k_to_pbmc5k,totalvi,correct,0.012062609195709229
pbmc10k_to_pbmc5k,totalvi,correct,0.0034403204917907715
pbmc10k_to_pbmc5k,totalvi,correct,0.4894789457321167
pbmc10k_to_pbmc5k,totalvi,correct,0.17540395259857178
pbmc10k_to_pbmc5k,totalvi,correct,0.013688385486602783
pbmc10k_to_pbmc5k,totalvi,correct,0.019118428230285645
pbmc10k_to_pbmc5k,totalvi,correct,0.2958672046661377
pbmc10k_to_pbmc5k,totalvi,correct,0.08240336179733276
pbmc10k_to_pbmc5k,totalvi,correct,0.18467706441879272
pbmc10k_to_pbmc5k,totalvi,correct,0.0006916522979736328
pbmc10k_to_pbmc5k,totalvi,correct,0.08719557523727417
pbmc10k_to_pbmc5k,totalvi,correct,0.2694712281227112
pbmc10k_to_pbmc5k,totalvi,correct,0.0048424601554870605
pbmc10k_to_pbmc5k,totalvi,correct,0.2673633098602295
pbmc10k_to_pbmc5k,totalvi,correct,0.06423056125640869
pbmc10k_to_pbmc5k,totalvi,correct,0.02470839023590088
pbmc10k_to_pbmc5k,totalvi,correct,0.20176196098327637
pbmc10k_to_pbmc5k,totalvi,correct,0.09024876356124878
pbmc10k_to_pbmc5k,totalvi,correct,0.05950570106506348
pbmc10k_to_pbmc5k,totalvi,correct,0.008285224437713623
pbmc10k_to_pbmc5k,totalvi,correct,0.006028473377227783
pbmc10k_to_pbmc5k,totalvi,correct,0.005139172077178955
pbmc10k_to_pbmc5k,totalvi,correct,0.0019417405128479004
pbmc10k_to_pbmc5k,totalvi,correct,0.28119295835494995
pbmc10k_to_pbmc5k,totalvi,correct,0.0005061626434326172
pbmc10k_to_pbmc5k,totalvi,correct,0.04843258857727051
pbmc10k_to_pbmc5k,totalvi,correct,0.003592193126678467
pbmc10k_to_pbmc5k,totalvi,correct,0.0005633234977722168
pbmc10k_to_pbmc5k,totalvi,correct,0.00815647840499878
pbmc10k_to_pbmc5k,totalvi,correct,0.010936915874481201
pbmc10k_to_pbmc5k,totalvi,correct,0.003426194190979004
pbmc10k_to_pbmc5k,totalvi,correct,0.31863731145858765
pbmc10k_to_pbmc5k,totalvi,correct,0.0011168122291564941
pbmc10k_to_pbmc5k,totalvi,correct,0.043428242206573486
pbmc10k_to_pbmc5k,totalvi,correct,0.0034387707710266113
pbmc10k_to_pbmc5k,totalvi,correct,0.15663641691207886
pbmc10k_to_pbmc5k,totalvi,correct,0.085720956325531
pbmc10k_to_pbmc5k,totalvi,correct,0.07222133874893188
pbmc10k_to_pbmc5k,totalvi,correct,0.1250993013381958
pbmc10k_to_pbmc5k,totalvi,correct,0.004258871078491211
pbmc10k_to_pbmc5k,totalvi,correct,0.3211585283279419
pbmc10k_to_pbmc5k,totalvi,correct,0.011439979076385498
pbmc10k_to_pbmc5k,totalvi,correct,0.08805322647094727
pbmc10k_to_pbmc5k,totalvi,correct,0.06739538908004761
pbmc10k_to_pbmc5k,totalvi,correct,0.26350080966949463
pbmc10k_to_pbmc5k,totalvi,correct,0.16743767261505127
pbmc10k_to_pbmc5k,totalvi,correct,0.2600638270378113
pbmc10k_to_pbmc5k,totalvi,correct,0.018510401248931885
pbmc10k_to_pbmc5k,totalvi,correct,0.0009086132049560547
pbmc10k_to_pbmc5k,totalvi,correct,0.01181936264038086
pbmc10k_to_pbmc5k,totalvi,correct,0.007953643798828125
pbmc10k_to_pbmc5k,totalvi,correct,0.17641502618789673
pbmc10k_to_pbmc5k,totalvi,correct,0.010832905769348145
pbmc10k_to_pbmc5k,totalvi,correct,0.12139058113098145
pbmc10k_to_pbmc5k,totalvi,correct,0.009640336036682129
pbmc10k_to_pbmc5k,totalvi,correct,0.20337027311325073
pbmc10k_to_pbmc5k,totalvi,correct,0.10715264081954956
pbmc10k_to_pbmc5k,totalvi,correct,0.03235816955566406
pbmc10k_to_pbmc5k,totalvi,correct,0.41334325075149536
pbmc10k_to_pbmc5k,totalvi,correct,0.006235003471374512
pbmc10k_to_pbmc5k,totalvi,correct,0.3759196400642395
pbmc10k_to_pbmc5k,totalvi,correct,0.297319233417511
pbmc10k_to_pbmc5k,totalvi,correct,0.08252841234207153
pbmc10k_to_pbmc5k,totalvi,correct,0.0029160380363464355
pbmc10k_to_pbmc5k,totalvi,correct,0.0055275559425354
pbmc10k_to_pbmc5k,totalvi,correct,0.037943899631500244
pbmc10k_to_pbmc5k,totalvi,correct,0.27181124687194824
pbmc10k_to_pbmc5k,totalvi,correct,0.0003967881202697754
pbmc10k_to_pbmc5k,totalvi,correct,0.09737378358840942
pbmc10k_to_pbmc5k,totalvi,correct,0.022511720657348633
pbmc10k_to_pbmc5k,totalvi,correct,0.19746249914169312
pbmc10k_to_pbmc5k,totalvi,correct,0.0008608102798461914
pbmc10k_to_pbmc5k,totalvi,correct,0.0024862289428710938
pbmc10k_to_pbmc5k,totalvi,correct,0.04093903303146362
pbmc10k_to_pbmc5k,totalvi,correct,0.0017129778861999512
pbmc10k_to_pbmc5k,totalvi,correct,0.2099023461341858
pbmc10k_to_pbmc5k,totalvi,correct,0.28550755977630615
pbmc10k_to_pbmc5k,totalvi,correct,0.03408217430114746
pbmc10k_to_pbmc5k,totalvi,correct,0.07029151916503906
pbmc10k_to_pbmc5k,totalvi,correct,0.4716365933418274
pbmc10k_to_pbmc5k,totalvi,correct,0.0011816620826721191
pbmc10k_to_pbmc5k,totalvi,correct,0.20998835563659668
pbmc10k_to_pbmc5k,totalvi,correct,0.013308227062225342
pbmc10k_to_pbmc5k,totalvi,correct,0.0251123309135437
pbmc10k_to_pbmc5k,totalvi,correct,0.011237561702728271
pbmc10k_to_pbmc5k,totalvi,correct,0.3921779990196228
pbmc10k_to_pbmc5k,totalvi,correct,0.005144357681274414
pbmc10k_to_pbmc5k,totalvi,correct,0.004880547523498535
pbmc10k_to_pbmc5k,totalvi,correct,0.19073522090911865
pbmc10k_to_pbmc5k,totalvi,correct,0.010556697845458984
pbmc10k_to_pbmc5k,totalvi,correct,0.17008566856384277
pbmc10k_to_pbmc5k,totalvi,correct,0.289401650428772
pbmc10k_to_pbmc5k,totalvi,correct,0.09869295358657837
pbmc10k_to_pbmc5k,totalvi,correct,0.024953246116638184
pbmc10k_to_pbmc5k,totalvi,correct,0.18098235130310059
pbmc10k_to_pbmc5k,totalvi,correct,0.005660593509674072
pbmc10k_to_pbmc5k,totalvi,correct,0.02185189723968506
pbmc10k_to_pbmc5k,totalvi,correct,0.45448964834213257
pbmc10k_to_pbmc5k,totalvi,correct,0.5102730989456177
pbmc10k_to_pbmc5k,totalvi,correct,0.0036849379539489746
pbmc10k_to_pbmc5k,totalvi,correct,0.0029439926147460938
pbmc10k_to_pbmc5k,totalvi,correct,0.13232672214508057
pbmc10k_to_pbmc5k,totalvi,correct,0.04183542728424072
pbmc10k_to_pbmc5k,totalvi,correct,0.28049546480178833
pbmc10k_to_pbmc5k,totalvi,correct,0.47705912590026855
pbmc10k_to_pbmc5k,totalvi,correct,0.0015714764595031738
pbmc10k_to_pbmc5k,totalvi,correct,0.003942728042602539
pbmc10k_to_pbmc5k,totalvi,correct,0.0031151175498962402
pbmc10k_to_pbmc5k,totalvi,correct,0.3757057785987854
pbmc10k_to_pbmc5k,totalvi,correct,0.03050410747528076
pbmc10k_to_pbmc5k,totalvi,correct,0.025150537490844727
pbmc10k_to_pbmc5k,totalvi,correct,0.00524449348449707
pbmc10k_to_pbmc5k,totalvi,correct,0.08161252737045288
pbmc10k_to_pbmc5k,totalvi,correct,0.0010334253311157227
pbmc10k_to_pbmc5k,totalvi,correct,0.49521440267562866
pbmc10k_to_pbmc5k,totalvi,correct,0.11811131238937378
pbmc10k_to_pbmc5k,totalvi,correct,1.0728836059570312e-05
pbmc10k_to_pbmc5k,totalvi,correct,0.006760954856872559
pbmc10k_to_pbmc5k,totalvi,correct,0.12359809875488281
pbmc10k_to_pbmc5k,totalvi,correct,0.4705703854560852
pbmc10k_to_pbmc5k,totalvi,correct,0.30641359090805054
pbmc10k_to_pbmc5k,totalvi,correct,0.0161629319190979
pbmc10k_to_pbmc5k,totalvi,correct,0.011438131332397461
pbmc10k_to_pbmc5k,totalvi,correct,0.03473407030105591
pbmc10k_to_pbmc5k,totalvi,correct,0.2814430594444275
pbmc10k_to_pbmc5k,totalvi,correct,0.20590442419052124
pbmc10k_to_pbmc5k,totalvi,correct,0.034901320934295654
pbmc10k_to_pbmc5k,totalvi,correct,0.004264116287231445
pbmc10k_to_pbmc5k,totalvi,correct,0.03141593933105469
pbmc10k_to_pbmc5k,totalvi,correct,0.14061284065246582
pbmc10k_to_pbmc5k,totalvi,correct,0.2228342890739441
pbmc10k_to_pbmc5k,totalvi,correct,0.03099799156188965
pbmc10k_to_pbmc5k,totalvi,correct,0.02119433879852295
pbmc10k_to_pbmc5k,totalvi,correct,0.3271504044532776
pbmc10k_to_pbmc5k,totalvi,correct,0.011616289615631104
pbmc10k_to_pbmc5k,totalvi,correct,0.0011145472526550293
pbmc10k_to_pbmc5k,totalvi,correct,0.0006008148193359375
pbmc10k_to_pbmc5k,totalvi,correct,0.05820572376251221
pbmc10k_to_pbmc5k,totalvi,correct,0.0630652904510498
pbmc10k_to_pbmc5k,totalvi,correct,0.3200547695159912
pbmc10k_to_pbmc5k,totalvi,correct,0.6607345342636108
pbmc10k_to_pbmc5k,totalvi,correct,0.08962780237197876
pbmc10k_to_pbmc5k,totalvi,correct,0.06615430116653442
pbmc10k_to_pbmc5k,totalvi,correct,0.09207338094711304
pbmc10k_to_pbmc5k,totalvi,correct,0.0010047554969787598
pbmc10k_to_pbmc5k,totalvi,correct,0.5645659565925598
pbmc10k_to_pbmc5k,totalvi,correct,0.4549717903137207
pbmc10k_to_pbmc5k,totalvi,correct,0.0015393495559692383
pbmc10k_to_pbmc5k,totalvi,correct,0.003924071788787842
pbmc10k_to_pbmc5k,totalvi,correct,0.20722627639770508
pbmc10k_to_pbmc5k,totalvi,correct,0.10436069965362549
pbmc10k_to_pbmc5k,totalvi,correct,0.29744112491607666
pbmc10k_to_pbmc5k,totalvi,correct,0.14808982610702515
pbmc10k_to_pbmc5k,totalvi,correct,0.5133960247039795
pbmc10k_to_pbmc5k,totalvi,correct,0.03240382671356201
pbmc10k_to_pbmc5k,totalvi,correct,0.09228867292404175
pbmc10k_to_pbmc5k,totalvi,correct,0.03456294536590576
pbmc10k_to_pbmc5k,totalvi,correct,0.0018388628959655762
pbmc10k_to_pbmc5k,totalvi,correct,0.004226982593536377
pbmc10k_to_pbmc5k,totalvi,correct,0.43177735805511475
pbmc10k_to_pbmc5k,totalvi,correct,0.007236063480377197
pbmc10k_to_pbmc5k,totalvi,correct,0.005516231060028076
pbmc10k_to_pbmc5k,totalvi,correct,0.013806164264678955
pbmc10k_to_pbmc5k,totalvi,correct,0.15470337867736816
pbmc10k_to_pbmc5k,totalvi,correct,0.2359018325805664
pbmc10k_to_pbmc5k,totalvi,correct,0.004850566387176514
pbmc10k_to_pbmc5k,totalvi,correct,0.48782408237457275
pbmc10k_to_pbmc5k,totalvi,correct,0.23087984323501587
pbmc10k_to_pbmc5k,totalvi,correct,0.03564256429672241
pbmc10k_to_pbmc5k,totalvi,correct,0.0720030665397644
pbmc10k_to_pbmc5k,totalvi,correct,0.008606791496276855
pbmc10k_to_pbmc5k,totalvi,correct,0.018838822841644287
pbmc10k_to_pbmc5k,totalvi,correct,0.013196766376495361
pbmc10k_to_pbmc5k,totalvi,correct,0.0036509037017822266
pbmc10k_to_pbmc5k,totalvi,correct,0.3794059157371521
pbmc10k_to_pbmc5k,totalvi,correct,0.11937546730041504
pbmc10k_to_pbmc5k,totalvi,correct,0.012239575386047363
pbmc10k_to_pbmc5k,totalvi,correct,0.0008490085601806641
pbmc10k_to_pbmc5k,totalvi,correct,0.01737910509109497
pbmc10k_to_pbmc5k,totalvi,correct,0.003299534320831299
pbmc10k_to_pbmc5k,totalvi,correct,0.39680540561676025
pbmc10k_to_pbmc5k,totalvi,correct,0.0005206465721130371
pbmc10k_to_pbmc5k,totalvi,correct,0.18103104829788208
pbmc10k_to_pbmc5k,totalvi,correct,0.011014580726623535
pbmc10k_to_pbmc5k,totalvi,correct,0.2791324853897095
pbmc10k_to_pbmc5k,totalvi,correct,0.1266162395477295
pbmc10k_to_pbmc5k,totalvi,correct,0.05457580089569092
pbmc10k_to_pbmc5k,totalvi,correct,0.09136372804641724
pbmc10k_to_pbmc5k,totalvi,correct,0.009910821914672852
pbmc10k_to_pbmc5k,totalvi,correct,0.22767114639282227
pbmc10k_to_pbmc5k,totalvi,correct,0.22575068473815918
pbmc10k_to_pbmc5k,totalvi,correct,0.2582551836967468
pbmc10k_to_pbmc5k,totalvi,correct,0.012737095355987549
pbmc10k_to_pbmc5k,totalvi,correct,0.0012974739074707031
pbmc10k_to_pbmc5k,totalvi,correct,0.11299920082092285
pbmc10k_to_pbmc5k,totalvi,correct,0.22586005926132202
pbmc10k_to_pbmc5k,totalvi,correct,0.0028567910194396973
pbmc10k_to_pbmc5k,totalvi,correct,0.002223789691925049
pbmc10k_to_pbmc5k,totalvi,correct,0.050073087215423584
pbmc10k_to_pbmc5k,totalvi,correct,0.09860396385192871
pbmc10k_to_pbmc5k,totalvi,correct,0.12647682428359985
pbmc10k_to_pbmc5k,totalvi,correct,0.39248138666152954
pbmc10k_to_pbmc5k,totalvi,correct,0.02934861183166504
pbmc10k_to_pbmc5k,totalvi,correct,0.023341715335845947
pbmc10k_to_pbmc5k,totalvi,correct,0.3621457815170288
pbmc10k_to_pbmc5k,totalvi,correct,0.001881420612335205
pbmc10k_to_pbmc5k,totalvi,correct,0.40501272678375244
pbmc10k_to_pbmc5k,totalvi,correct,0.009267330169677734
pbmc10k_to_pbmc5k,totalvi,correct,0.12064415216445923
pbmc10k_to_pbmc5k,totalvi,correct,0.0034847259521484375
pbmc10k_to_pbmc5k,totalvi,correct,0.11324220895767212
pbmc10k_to_pbmc5k,totalvi,correct,0.3319271206855774
pbmc10k_to_pbmc5k,totalvi,correct,0.007697343826293945
pbmc10k_to_pbmc5k,totalvi,correct,0.09713280200958252
pbmc10k_to_pbmc5k,totalvi,correct,0.3223433494567871
pbmc10k_to_pbmc5k,totalvi,correct,0.008839309215545654
pbmc10k_to_pbmc5k,totalvi,correct,0.21187156438827515
pbmc10k_to_pbmc5k,totalvi,correct,0.49123913049697876
pbmc10k_to_pbmc5k,totalvi,correct,0.013337671756744385
pbmc10k_to_pbmc5k,totalvi,correct,0.20123326778411865
pbmc10k_to_pbmc5k,totalvi,correct,0.18649530410766602
pbmc10k_to_pbmc5k,totalvi,correct,0.1440577507019043
pbmc10k_to_pbmc5k,totalvi,correct,0.1332288384437561
pbmc10k_to_pbmc5k,totalvi,correct,0.11590361595153809
pbmc10k_to_pbmc5k,totalvi,correct,0.3525952100753784
pbmc10k_to_pbmc5k,totalvi,correct,0.16287755966186523
pbmc10k_to_pbmc5k,totalvi,correct,0.0021039247512817383
pbmc10k_to_pbmc5k,totalvi,correct,0.006903231143951416
pbmc10k_to_pbmc5k,totalvi,correct,0.07933920621871948
pbmc10k_to_pbmc5k,totalvi,correct,0.4444260001182556
pbmc10k_to_pbmc5k,totalvi,correct,0.004706919193267822
pbmc10k_to_pbmc5k,totalvi,correct,0.3137512803077698
pbmc10k_to_pbmc5k,totalvi,correct,0.021585464477539062
pbmc10k_to_pbmc5k,totalvi,correct,0.008799374103546143
pbmc10k_to_pbmc5k,totalvi,correct,0.03301435708999634
pbmc10k_to_pbmc5k,totalvi,correct,0.0063855648040771484
pbmc10k_to_pbmc5k,totalvi,correct,0.04645425081253052
pbmc10k_to_pbmc5k,totalvi,correct,0.009668588638305664
pbmc10k_to_pbmc5k,totalvi,correct,0.0030874013900756836
pbmc10k_to_pbmc5k,totalvi,correct,0.0843927264213562
pbmc10k_to_pbmc5k,totalvi,correct,0.03808629512786865
pbmc10k_to_pbmc5k,totalvi,correct,0.08069467544555664
pbmc10k_to_pbmc5k,totalvi,correct,0.08309739828109741
pbmc10k_to_pbmc5k,totalvi,correct,0.22792869806289673
pbmc10k_to_pbmc5k,totalvi,correct,0.0018198490142822266
pbmc10k_to_pbmc5k,totalvi,correct,0.03990435600280762
pbmc10k_to_pbmc5k,totalvi,correct,0.2443642020225525
pbmc10k_to_pbmc5k,totalvi,correct,0.0027722716331481934
pbmc10k_to_pbmc5k,totalvi,correct,0.13154250383377075
pbmc10k_to_pbmc5k,totalvi,correct,0.0871349573135376
pbmc10k_to_pbmc5k,totalvi,correct,0.011857569217681885
pbmc10k_to_pbmc5k,totalvi,correct,0.0023365020751953125
pbmc10k_to_pbmc5k,totalvi,correct,0.004129350185394287
pbmc10k_to_pbmc5k,totalvi,correct,0.029384315013885498
pbmc10k_to_pbmc5k,totalvi,correct,0.0015496015548706055
pbmc10k_to_pbmc5k,totalvi,correct,0.26011234521865845
pbmc10k_to_pbmc5k,totalvi,correct,0.10131502151489258
pbmc10k_to_pbmc5k,totalvi,correct,0.004700958728790283
pbmc10k_to_pbmc5k,totalvi,correct,0.022335946559906006
pbmc10k_to_pbmc5k,totalvi,correct,0.0006516575813293457
pbmc10k_to_pbmc5k,totalvi,correct,0.10975617170333862
pbmc10k_to_pbmc5k,totalvi,correct,0.00034439563751220703
pbmc10k_to_pbmc5k,totalvi,correct,0.0034273862838745117
pbmc10k_to_pbmc5k,totalvi,correct,0.005555450916290283
pbmc10k_to_pbmc5k,totalvi,correct,0.17942661046981812
pbmc10k_to_pbmc5k,totalvi,correct,0.5439664125442505
pbmc10k_to_pbmc5k,totalvi,correct,0.5191044807434082
pbmc10k_to_pbmc5k,totalvi,correct,0.011248648166656494
pbmc10k_to_pbmc5k,totalvi,correct,0.3885025382041931
pbmc10k_to_pbmc5k,totalvi,correct,0.0058555006980896
pbmc10k_to_pbmc5k,totalvi,correct,0.005095124244689941
pbmc10k_to_pbmc5k,totalvi,correct,0.0013382434844970703
pbmc10k_to_pbmc5k,totalvi,correct,0.1133420467376709
pbmc10k_to_pbmc5k,totalvi,correct,0.1118093729019165
pbmc10k_to_pbmc5k,totalvi,correct,0.16187500953674316
pbmc10k_to_pbmc5k,totalvi,correct,0.34139949083328247
pbmc10k_to_pbmc5k,totalvi,correct,0.0021009445190429688
pbmc10k_to_pbmc5k,totalvi,correct,0.10586094856262207
pbmc10k_to_pbmc5k,totalvi,correct,0.31538641452789307
pbmc10k_to_pbmc5k,totalvi,correct,0.1679341197013855
pbmc10k_to_pbmc5k,totalvi,correct,0.003847181797027588
pbmc10k_to_pbmc5k,totalvi,correct,0.00874471664428711
pbmc10k_to_pbmc5k,totalvi,correct,0.000749051570892334
pbmc10k_to_pbmc5k,totalvi,correct,0.0044754743576049805
pbmc10k_to_pbmc5k,totalvi,correct,0.1295422911643982
pbmc10k_to_pbmc5k,totalvi,correct,0.01914113759994507
pbmc10k_to_pbmc5k,totalvi,correct,0.003342866897583008
pbmc10k_to_pbmc5k,totalvi,correct,0.3056698441505432
pbmc10k_to_pbmc5k,totalvi,correct,0.0034360289573669434
pbmc10k_to_pbmc5k,totalvi,correct,0.0028461217880249023
pbmc10k_to_pbmc5k,totalvi,correct,0.058002769947052
pbmc10k_to_pbmc5k,totalvi,correct,0.00865018367767334
pbmc10k_to_pbmc5k,totalvi,correct,0.01005333662033081
pbmc10k_to_pbmc5k,totalvi,correct,0.00572049617767334
pbmc10k_to_pbmc5k,totalvi,correct,0.009064137935638428
pbmc10k_to_pbmc5k,totalvi,correct,0.004765689373016357
pbmc10k_to_pbmc5k,totalvi,correct,0.0033240318298339844
pbmc10k_to_pbmc5k,totalvi,correct,0.3662654757499695
pbmc10k_to_pbmc5k,totalvi,correct,0.12486815452575684
pbmc10k_to_pbmc5k,totalvi,correct,0.2503313422203064
pbmc10k_to_pbmc5k,totalvi,correct,0.020929336547851562
pbmc10k_to_pbmc5k,totalvi,correct,0.039506733417510986
pbmc10k_to_pbmc5k,totalvi,correct,0.013486802577972412
pbmc10k_to_pbmc5k,totalvi,correct,0.4411616921424866
pbmc10k_to_pbmc5k,totalvi,correct,0.028041422367095947
pbmc10k_to_pbmc5k,totalvi,correct,0.38814234733581543
pbmc10k_to_pbmc5k,totalvi,correct,0.007632791996002197
pbmc10k_to_pbmc5k,totalvi,correct,0.0011175274848937988
pbmc10k_to_pbmc5k,totalvi,correct,0.41840511560440063
pbmc10k_to_pbmc5k,totalvi,correct,0.06030780076980591
pbmc10k_to_pbmc5k,totalvi,correct,0.058390259742736816
pbmc10k_to_pbmc5k,totalvi,correct,0.12691497802734375
pbmc10k_to_pbmc5k,totalvi,correct,0.3055024743080139
pbmc10k_to_pbmc5k,totalvi,correct,0.11866891384124756
pbmc10k_to_pbmc5k,totalvi,correct,0.22626030445098877
pbmc10k_to_pbmc5k,totalvi,correct,0.013187587261199951
pbmc10k_to_pbmc5k,totalvi,correct,0.006421327590942383
pbmc10k_to_pbmc5k,totalvi,correct,0.37899231910705566
pbmc10k_to_pbmc5k,totalvi,correct,0.047245919704437256
pbmc10k_to_pbmc5k,totalvi,correct,0.04463249444961548
pbmc10k_to_pbmc5k,totalvi,correct,0.0033968687057495117
pbmc10k_to_pbmc5k,totalvi,correct,0.08664608001708984
pbmc10k_to_pbmc5k,totalvi,correct,0.02060455083847046
pbmc10k_to_pbmc5k,totalvi,correct,0.005773961544036865
pbmc10k_to_pbmc5k,totalvi,correct,0.005331993103027344
pbmc10k_to_pbmc5k,totalvi,correct,0.49603092670440674
pbmc10k_to_pbmc5k,totalvi,correct,0.0008513927459716797
pbmc10k_to_pbmc5k,totalvi,correct,0.49007606506347656
pbmc10k_to_pbmc5k,totalvi,correct,0.007559299468994141
pbmc10k_to_pbmc5k,totalvi,correct,0.0216444730758667
pbmc10k_to_pbmc5k,totalvi,correct,0.035498082637786865
pbmc10k_to_pbmc5k,totalvi,correct,0.2545408606529236
pbmc10k_to_pbmc5k,totalvi,correct,0.2003382444381714
pbmc10k_to_pbmc5k,totalvi,correct,0.08663946390151978
pbmc10k_to_pbmc5k,totalvi,correct,0.026911377906799316
pbmc10k_to_pbmc5k,totalvi,correct,0.08287274837493896
pbmc10k_to_pbmc5k,totalvi,correct,0.002291560173034668
pbmc10k_to_pbmc5k,totalvi,correct,0.0031366348266601562
pbmc10k_to_pbmc5k,totalvi,correct,0.14367908239364624
pbmc10k_to_pbmc5k,totalvi,correct,0.026014506816864014
pbmc10k_to_pbmc5k,totalvi,correct,0.012266159057617188
pbmc10k_to_pbmc5k,totalvi,correct,0.029701709747314453
pbmc10k_to_pbmc5k,totalvi,correct,0.0019333958625793457
pbmc10k_to_pbmc5k,totalvi,correct,0.04954707622528076
pbmc10k_to_pbmc5k,totalvi,correct,0.03706604242324829
pbmc10k_to_pbmc5k,totalvi,correct,0.32528698444366455
pbmc10k_to_pbmc5k,totalvi,correct,0.05262798070907593
pbmc10k_to_pbmc5k,totalvi,correct,0.010443031787872314
pbmc10k_to_pbmc5k,totalvi,correct,0.009162664413452148
pbmc10k_to_pbmc5k,totalvi,correct,0.046487629413604736
pbmc10k_to_pbmc5k,totalvi,correct,0.452117383480072
pbmc10k_to_pbmc5k,totalvi,correct,0.005796849727630615
pbmc10k_to_pbmc5k,totalvi,correct,0.0025188326835632324
pbmc10k_to_pbmc5k,totalvi,correct,0.0006747245788574219
pbmc10k_to_pbmc5k,totalvi,correct,0.3360729217529297
pbmc10k_to_pbmc5k,totalvi,correct,6.008148193359375e-05
pbmc10k_to_pbmc5k,totalvi,correct,0.047406136989593506
pbmc10k_to_pbmc5k,totalvi,correct,0.03928947448730469
pbmc10k_to_pbmc5k,totalvi,correct,0.23370510339736938
pbmc10k_to_pbmc5k,totalvi,correct,0.1303148865699768
pbmc10k_to_pbmc5k,totalvi,correct,0.07359915971755981
pbmc10k_to_pbmc5k,totalvi,correct,0.13467085361480713
pbmc10k_to_pbmc5k,totalvi,correct,0.05887484550476074
pbmc10k_to_pbmc5k,totalvi,correct,0.14950883388519287
pbmc10k_to_pbmc5k,totalvi,correct,0.013924658298492432
pbmc10k_to_pbmc5k,totalvi,correct,0.1489052176475525
pbmc10k_to_pbmc5k,totalvi,correct,0.022505223751068115
pbmc10k_to_pbmc5k,totalvi,correct,0.06028485298156738
pbmc10k_to_pbmc5k,totalvi,correct,0.02973461151123047
pbmc10k_to_pbmc5k,totalvi,correct,0.0819857120513916
pbmc10k_to_pbmc5k,totalvi,correct,0.07041549682617188
pbmc10k_to_pbmc5k,totalvi,correct,0.19482344388961792
pbmc10k_to_pbmc5k,totalvi,correct,0.15302050113677979
pbmc10k_to_pbmc5k,totalvi,correct,0.020013034343719482
pbmc10k_to_pbmc5k,totalvi,correct,0.2691419720649719
pbmc10k_to_pbmc5k,totalvi,correct,0.17378437519073486
pbmc10k_to_pbmc5k,totalvi,correct,0.015129506587982178
pbmc10k_to_pbmc5k,totalvi,correct,0.016603291034698486
pbmc10k_to_pbmc5k,totalvi,correct,0.01641291379928589
pbmc10k_to_pbmc5k,totalvi,correct,0.0033979415893554688
pbmc10k_to_pbmc5k,totalvi,correct,0.08395600318908691
pbmc10k_to_pbmc5k,totalvi,correct,0.004226624965667725
pbmc10k_to_pbmc5k,totalvi,correct,0.22159820795059204
pbmc10k_to_pbmc5k,totalvi,correct,0.002802133560180664
pbmc10k_to_pbmc5k,totalvi,correct,0.006321609020233154
pbmc10k_to_pbmc5k,totalvi,correct,0.09496688842773438
pbmc10k_to_pbmc5k,totalvi,correct,0.0007349848747253418
pbmc10k_to_pbmc5k,totalvi,correct,0.3689999580383301
pbmc10k_to_pbmc5k,totalvi,correct,0.07275158166885376
pbmc10k_to_pbmc5k,totalvi,correct,0.0831601619720459
pbmc10k_to_pbmc5k,totalvi,correct,0.08986526727676392
pbmc10k_to_pbmc5k,totalvi,correct,0.03828608989715576
pbmc10k_to_pbmc5k,totalvi,correct,0.0016925334930419922
pbmc10k_to_pbmc5k,totalvi,correct,0.1354464888572693
pbmc10k_to_pbmc5k,totalvi,correct,0.5305567979812622
pbmc10k_to_pbmc5k,totalvi,correct,0.34036123752593994
pbmc10k_to_pbmc5k,totalvi,correct,0.09935921430587769
pbmc10k_to_pbmc5k,totalvi,correct,0.43455713987350464
pbmc10k_to_pbmc5k,totalvi,correct,0.01334160566329956
pbmc10k_to_pbmc5k,totalvi,correct,0.001315772533416748
pbmc10k_to_pbmc5k,totalvi,correct,0.1447858214378357
pbmc10k_to_pbmc5k,totalvi,correct,0.5045353174209595
pbmc10k_to_pbmc5k,totalvi,correct,0.018294453620910645
pbmc10k_to_pbmc5k,totalvi,correct,0.39393144845962524
pbmc10k_to_pbmc5k,totalvi,correct,0.007103145122528076
pbmc10k_to_pbmc5k,totalvi,correct,0.3595592975616455
pbmc10k_to_pbmc5k,totalvi,correct,0.05782121419906616
pbmc10k_to_pbmc5k,totalvi,correct,0.0027934908866882324
pbmc10k_to_pbmc5k,totalvi,correct,0.2613863945007324
pbmc10k_to_pbmc5k,totalvi,correct,0.14063632488250732
pbmc10k_to_pbmc5k,totalvi,correct,0.014311671257019043
pbmc10k_to_pbmc5k,totalvi,correct,0.0019562244415283203
pbmc10k_to_pbmc5k,totalvi,correct,0.008665144443511963
pbmc10k_to_pbmc5k,totalvi,correct,0.04051339626312256
pbmc10k_to_pbmc5k,totalvi,correct,0.001089930534362793
pbmc10k_to_pbmc5k,totalvi,correct,0.12759244441986084
pbmc10k_to_pbmc5k,totalvi,correct,0.13213908672332764
pbmc10k_to_pbmc5k,totalvi,correct,0.3107619285583496
pbmc10k_to_pbmc5k,totalvi,correct,0.11952918767929077
pbmc10k_to_pbmc5k,totalvi,correct,0.3330680727958679
pbmc10k_to_pbmc5k,totalvi,correct,0.15707480907440186
pbmc10k_to_pbmc5k,totalvi,correct,0.007618367671966553
pbmc10k_to_pbmc5k,totalvi,correct,0.21196424961090088
pbmc10k_to_pbmc5k,totalvi,correct,0.47450530529022217
pbmc10k_to_pbmc5k,totalvi,correct,0.005103647708892822
pbmc10k_to_pbmc5k,totalvi,correct,0.11557435989379883
pbmc10k_to_pbmc5k,totalvi,correct,0.06767046451568604
pbmc10k_to_pbmc5k,totalvi,correct,0.09097117185592651
pbmc10k_to_pbmc5k,totalvi,correct,0.00048720836639404297
pbmc10k_to_pbmc5k,totalvi,correct,0.3685428500175476
pbmc10k_to_pbmc5k,totalvi,correct,0.0498313307762146
pbmc10k_to_pbmc5k,totalvi,correct,0.0015618205070495605
pbmc10k_to_pbmc5k,totalvi,correct,0.03049468994140625
pbmc10k_to_pbmc5k,totalvi,correct,0.2583044767379761
pbmc10k_to_pbmc5k,totalvi,correct,0.0009346604347229004
pbmc10k_to_pbmc5k,totalvi,correct,0.04346764087677002
pbmc10k_to_pbmc5k,totalvi,correct,0.011627614498138428
pbmc10k_to_pbmc5k,totalvi,correct,0.08623099327087402
pbmc10k_to_pbmc5k,totalvi,correct,0.0028331875801086426
pbmc10k_to_pbmc5k,totalvi,correct,0.3318883180618286
pbmc10k_to_pbmc5k,totalvi,correct,0.005698561668395996
pbmc10k_to_pbmc5k,totalvi,correct,0.10507321357727051
pbmc10k_to_pbmc5k,totalvi,correct,0.010163724422454834
pbmc10k_to_pbmc5k,totalvi,correct,0.0035016536712646484
pbmc10k_to_pbmc5k,totalvi,correct,0.12196236848831177
pbmc10k_to_pbmc5k,totalvi,correct,0.0017666816711425781
pbmc10k_to_pbmc5k,totalvi,correct,0.37149399518966675
pbmc10k_to_pbmc5k,totalvi,correct,0.0231168270111084
pbmc10k_to_pbmc5k,totalvi,correct,0.05357581377029419
pbmc10k_to_pbmc5k,totalvi,correct,0.21987169981002808
pbmc10k_to_pbmc5k,totalvi,correct,0.17033809423446655
pbmc10k_to_pbmc5k,totalvi,correct,0.31974536180496216
pbmc10k_to_pbmc5k,totalvi,correct,0.41884827613830566
pbmc10k_to_pbmc5k,totalvi,correct,0.27354586124420166
pbmc10k_to_pbmc5k,totalvi,correct,0.011052370071411133
pbmc10k_to_pbmc5k,totalvi,correct,0.11175554990768433
pbmc10k_to_pbmc5k,totalvi,correct,0.050450921058654785
pbmc10k_to_pbmc5k,totalvi,correct,0.16458046436309814
pbmc10k_to_pbmc5k,totalvi,correct,0.003468811511993408
pbmc10k_to_pbmc5k,totalvi,correct,0.00017154216766357422
pbmc10k_to_pbmc5k,totalvi,correct,0.001077890396118164
pbmc10k_to_pbmc5k,totalvi,correct,0.035462379455566406
pbmc10k_to_pbmc5k,totalvi,correct,0.01142042875289917
pbmc10k_to_pbmc5k,totalvi,correct,0.26767945289611816
pbmc10k_to_pbmc5k,totalvi,correct,0.01886075735092163
pbmc10k_to_pbmc5k,totalvi,correct,0.0020389556884765625
pbmc10k_to_pbmc5k,totalvi,correct,0.3271719813346863
pbmc10k_to_pbmc5k,totalvi,correct,0.000888526439666748
pbmc10k_to_pbmc5k,totalvi,correct,0.4137767553329468
pbmc10k_to_pbmc5k,totalvi,correct,0.5074182748794556
pbmc10k_to_pbmc5k,totalvi,correct,0.004777371883392334
pbmc10k_to_pbmc5k,totalvi,correct,0.002030670642852783
pbmc10k_to_pbmc5k,totalvi,correct,0.05509591102600098
pbmc10k_to_pbmc5k,totalvi,correct,0.17125707864761353
pbmc10k_to_pbmc5k,totalvi,correct,0.15817397832870483
pbmc10k_to_pbmc5k,totalvi,correct,0.2694476246833801
pbmc10k_to_pbmc5k,totalvi,correct,0.05098837614059448
pbmc10k_to_pbmc5k,totalvi,correct,0.07783234119415283
pbmc10k_to_pbmc5k,totalvi,correct,0.23702186346054077
pbmc10k_to_pbmc5k,totalvi,correct,0.0018640756607055664
pbmc10k_to_pbmc5k,totalvi,correct,0.3164915442466736
pbmc10k_to_pbmc5k,totalvi,correct,0.43071508407592773
pbmc10k_to_pbmc5k,totalvi,correct,0.006811380386352539
pbmc10k_to_pbmc5k,totalvi,correct,0.0015747547149658203
pbmc10k_to_pbmc5k,totalvi,correct,0.001758575439453125
pbmc10k_to_pbmc5k,totalvi,correct,0.403783917427063
pbmc10k_to_pbmc5k,totalvi,correct,0.33587294816970825
pbmc10k_to_pbmc5k,totalvi,correct,0.0029877424240112305
pbmc10k_to_pbmc5k,totalvi,correct,0.08490359783172607
pbmc10k_to_pbmc5k,totalvi,correct,0.011076152324676514
pbmc10k_to_pbmc5k,totalvi,correct,0.00034868717193603516
pbmc10k_to_pbmc5k,totalvi,correct,0.011145174503326416
pbmc10k_to_pbmc5k,totalvi,correct,0.015095710754394531
pbmc10k_to_pbmc5k,totalvi,correct,0.3332839012145996
pbmc10k_to_pbmc5k,totalvi,correct,0.19060426950454712
pbmc10k_to_pbmc5k,totalvi,correct,0.4039205312728882
pbmc10k_to_pbmc5k,totalvi,correct,0.0018149018287658691
pbmc10k_to_pbmc5k,totalvi,correct,0.10435312986373901
pbmc10k_to_pbmc5k,totalvi,correct,0.25568854808807373
pbmc10k_to_pbmc5k,totalvi,correct,0.497802197933197
pbmc10k_to_pbmc5k,totalvi,correct,0.36186403036117554
pbmc10k_to_pbmc5k,totalvi,correct,0.054797470569610596
pbmc10k_to_pbmc5k,totalvi,correct,0.0046988725662231445
pbmc10k_to_pbmc5k,totalvi,correct,0.6272017359733582
pbmc10k_to_pbmc5k,totalvi,correct,0.1237417459487915
pbmc10k_to_pbmc5k,totalvi,correct,0.13689929246902466
pbmc10k_to_pbmc5k,totalvi,correct,0.0031543374061584473
pbmc10k_to_pbmc5k,totalvi,correct,0.06176638603210449
pbmc10k_to_pbmc5k,totalvi,correct,0.11690729856491089
pbmc10k_to_pbmc5k,totalvi,correct,0.120699942111969
pbmc10k_to_pbmc5k,totalvi,correct,0.006798684597015381
pbmc10k_to_pbmc5k,totalvi,correct,0.08702749013900757
pbmc10k_to_pbmc5k,totalvi,correct,0.032915711402893066
pbmc10k_to_pbmc5k,totalvi,correct,0.005113542079925537
pbmc10k_to_pbmc5k,totalvi,correct,0.011451363563537598
pbmc10k_to_pbmc5k,totalvi,correct,0.1038772463798523
pbmc10k_to_pbmc5k,totalvi,correct,0.1701698899269104
pbmc10k_to_pbmc5k,totalvi,correct,0.0007532835006713867
pbmc10k_to_pbmc5k,totalvi,correct,0.13643503189086914
pbmc10k_to_pbmc5k,totalvi,correct,0.19831782579421997
pbmc10k_to_pbmc5k,totalvi,correct,0.45277291536331177
pbmc10k_to_pbmc5k,totalvi,correct,0.11099004745483398
pbmc10k_to_pbmc5k,totalvi,correct,0.025107264518737793
pbmc10k_to_pbmc5k,totalvi,correct,0.22397488355636597
pbmc10k_to_pbmc5k,totalvi,correct,0.007447481155395508
pbmc10k_to_pbmc5k,totalvi,correct,0.0023203492164611816
pbmc10k_to_pbmc5k,totalvi,correct,0.08144670724868774
pbmc10k_to_pbmc5k,totalvi,correct,0.2693491578102112
pbmc10k_to_pbmc5k,totalvi,correct,0.06086385250091553
pbmc10k_to_pbmc5k,totalvi,correct,0.053277790546417236
pbmc10k_to_pbmc5k,totalvi,correct,0.00020426511764526367
pbmc10k_to_pbmc5k,totalvi,correct,0.17111432552337646
pbmc10k_to_pbmc5k,totalvi,correct,0.0017774701118469238
pbmc10k_to_pbmc5k,totalvi,correct,0.5314788818359375
pbmc10k_to_pbmc5k,totalvi,correct,0.21369504928588867
pbmc10k_to_pbmc5k,totalvi,correct,0.038277626037597656
pbmc10k_to_pbmc5k,totalvi,correct,0.017364859580993652
pbmc10k_to_pbmc5k,totalvi,correct,0.0003217458724975586
pbmc10k_to_pbmc5k,totalvi,correct,0.02205747365951538
pbmc10k_to_pbmc5k,totalvi,correct,0.07644850015640259
pbmc10k_to_pbmc5k,totalvi,correct,0.0053972601890563965
pbmc10k_to_pbmc5k,totalvi,correct,0.06208914518356323
pbmc10k_to_pbmc5k,totalvi,correct,0.08599328994750977
pbmc10k_to_pbmc5k,totalvi,correct,0.019909679889678955
pbmc10k_to_pbmc5k,totalvi,correct,0.004053175449371338
pbmc10k_to_pbmc5k,totalvi,correct,0.11708295345306396
pbmc10k_to_pbmc5k,totalvi,correct,0.019786417484283447
pbmc10k_to_pbmc5k,totalvi,correct,0.002880096435546875
pbmc10k_to_pbmc5k,totalvi,correct,0.14420294761657715
pbmc10k_to_pbmc5k,totalvi,correct,0.08639156818389893
pbmc10k_to_pbmc5k,totalvi,correct,0.23043322563171387
pbmc10k_to_pbmc5k,totalvi,correct,0.11578500270843506
pbmc10k_to_pbmc5k,totalvi,correct,0.11326998472213745
pbmc10k_to_pbmc5k,totalvi,correct,0.21050071716308594
pbmc10k_to_pbmc5k,totalvi,correct,0.1748422384262085
pbmc10k_to_pbmc5k,totalvi,correct,0.5697736144065857
pbmc10k_to_pbmc5k,totalvi,correct,0.263691782951355
pbmc10k_to_pbmc5k,totalvi,correct,0.15141040086746216
pbmc10k_to_pbmc5k,totalvi,correct,0.002553701400756836
pbmc10k_to_pbmc5k,totalvi,correct,0.01317298412322998
pbmc10k_to_pbmc5k,totalvi,correct,0.06045377254486084
pbmc10k_to_pbmc5k,totalvi,correct,0.2110159993171692
pbmc10k_to_pbmc5k,totalvi,correct,0.20948123931884766
pbmc10k_to_pbmc5k,totalvi,correct,0.00047588348388671875
pbmc10k_to_pbmc5k,totalvi,correct,0.1405901312828064
pbmc10k_to_pbmc5k,totalvi,correct,0.009552717208862305
pbmc10k_to_pbmc5k,totalvi,correct,0.006117701530456543
pbmc10k_to_pbmc5k,totalvi,correct,0.001824498176574707
pbmc10k_to_pbmc5k,totalvi,correct,0.019354403018951416
pbmc10k_to_pbmc5k,totalvi,correct,0.12893378734588623
pbmc10k_to_pbmc5k,totalvi,correct,0.002630949020385742
pbmc10k_to_pbmc5k,totalvi,correct,0.05349928140640259
pbmc10k_to_pbmc5k,totalvi,correct,0.002585768699645996
pbmc10k_to_pbmc5k,totalvi,correct,0.016309022903442383
pbmc10k_to_pbmc5k,totalvi,correct,0.3618629574775696
pbmc10k_to_pbmc5k,totalvi,correct,0.0024667978286743164
pbmc10k_to_pbmc5k,totalvi,correct,0.060507118701934814
pbmc10k_to_pbmc5k,totalvi,correct,0.007582426071166992
pbmc10k_to_pbmc5k,totalvi,correct,0.0964733362197876
pbmc10k_to_pbmc5k,totalvi,correct,0.2684217691421509
pbmc10k_to_pbmc5k,totalvi,correct,0.46060842275619507
pbmc10k_to_pbmc5k,totalvi,correct,0.4307209849357605
pbmc10k_to_pbmc5k,totalvi,correct,0.44933146238327026
pbmc10k_to_pbmc5k,totalvi,correct,0.05600881576538086
pbmc10k_to_pbmc5k,totalvi,correct,0.11760109663009644
pbmc10k_to_pbmc5k,totalvi,correct,0.017590641975402832
pbmc10k_to_pbmc5k,totalvi,correct,0.08737528324127197
pbmc10k_to_pbmc5k,totalvi,correct,0.002043604850769043
pbmc10k_to_pbmc5k,totalvi,correct,0.11645311117172241
pbmc10k_to_pbmc5k,totalvi,correct,0.22007745504379272
pbmc10k_to_pbmc5k,totalvi,correct,0.26271599531173706
pbmc10k_to_pbmc5k,totalvi,correct,0.00839376449584961
pbmc10k_to_pbmc5k,totalvi,correct,0.06308162212371826
pbmc10k_to_pbmc5k,totalvi,correct,0.021515071392059326
pbmc10k_to_pbmc5k,totalvi,correct,0.24704492092132568
pbmc10k_to_pbmc5k,totalvi,correct,0.002095818519592285
pbmc10k_to_pbmc5k,totalvi,correct,0.13297182321548462
pbmc10k_to_pbmc5k,totalvi,correct,0.0007791519165039062
pbmc10k_to_pbmc5k,totalvi,correct,0.20464569330215454
pbmc10k_to_pbmc5k,totalvi,correct,0.00029653310775756836
pbmc10k_to_pbmc5k,totalvi,correct,0.0047019124031066895
pbmc10k_to_pbmc5k,totalvi,correct,0.4943399429321289
pbmc10k_to_pbmc5k,totalvi,correct,0.0028628110885620117
pbmc10k_to_pbmc5k,totalvi,correct,0.08360791206359863
pbmc10k_to_pbmc5k,totalvi,correct,0.3842359185218811
pbmc10k_to_pbmc5k,totalvi,correct,0.0018894672393798828
pbmc10k_to_pbmc5k,totalvi,correct,0.006591677665710449
pbmc10k_to_pbmc5k,totalvi,correct,0.18613946437835693
pbmc10k_to_pbmc5k,totalvi,correct,0.0642276406288147
pbmc10k_to_pbmc5k,totalvi,correct,0.00944209098815918
pbmc10k_to_pbmc5k,totalvi,correct,0.15072137117385864
pbmc10k_to_pbmc5k,totalvi,correct,0.2907005548477173
pbmc10k_to_pbmc5k,totalvi,correct,0.0036731362342834473
pbmc10k_to_pbmc5k,totalvi,correct,0.0030466318130493164
pbmc10k_to_pbmc5k,totalvi,correct,0.00426030158996582
pbmc10k_to_pbmc5k,totalvi,correct,0.007898390293121338
pbmc10k_to_pbmc5k,totalvi,correct,0.044809162616729736
pbmc10k_to_pbmc5k,totalvi,correct,0.05587756633758545
pbmc10k_to_pbmc5k,totalvi,correct,0.054271399974823
pbmc10k_to_pbmc5k,totalvi,correct,0.06728273630142212
pbmc10k_to_pbmc5k,totalvi,correct,0.004301667213439941
pbmc10k_to_pbmc5k,totalvi,correct,0.009415984153747559
pbmc10k_to_pbmc5k,totalvi,correct,0.08843696117401123
pbmc10k_to_pbmc5k,totalvi,correct,0.059599220752716064
pbmc10k_to_pbmc5k,totalvi,correct,0.09420090913772583
pbmc10k_to_pbmc5k,totalvi,correct,0.01190251111984253
pbmc10k_to_pbmc5k,totalvi,correct,0.1455788016319275
pbmc10k_to_pbmc5k,totalvi,correct,0.0018515586853027344
pbmc10k_to_pbmc5k,totalvi,correct,0.27419084310531616
pbmc10k_to_pbmc5k,totalvi,correct,0.44004756212234497
pbmc10k_to_pbmc5k,totalvi,correct,0.002597808837890625
pbmc10k_to_pbmc5k,totalvi,correct,0.2782008647918701
pbmc10k_to_pbmc5k,totalvi,correct,0.0005444884300231934
pbmc10k_to_pbmc5k,totalvi,correct,0.020134150981903076
pbmc10k_to_pbmc5k,totalvi,correct,0.08577001094818115
pbmc10k_to_pbmc5k,totalvi,correct,0.01689082384109497
pbmc10k_to_pbmc5k,totalvi,correct,0.023231029510498047
pbmc10k_to_pbmc5k,totalvi,correct,0.5023837089538574
pbmc10k_to_pbmc5k,totalvi,correct,0.3982565999031067
pbmc10k_to_pbmc5k,totalvi,correct,0.3142734169960022
pbmc10k_to_pbmc5k,totalvi,correct,0.075583815574646
pbmc10k_to_pbmc5k,totalvi,correct,0.21892660856246948
pbmc10k_to_pbmc5k,totalvi,correct,0.009611427783966064
pbmc10k_to_pbmc5k,totalvi,correct,0.36681586503982544
pbmc10k_to_pbmc5k,totalvi,correct,0.07091087102890015
pbmc10k_to_pbmc5k,totalvi,correct,0.2833744287490845
pbmc10k_to_pbmc5k,totalvi,correct,0.19034343957901
pbmc10k_to_pbmc5k,totalvi,correct,0.21472656726837158
pbmc10k_to_pbmc5k,totalvi,correct,0.004887521266937256
pbmc10k_to_pbmc5k,totalvi,correct,0.020175814628601074
pbmc10k_to_pbmc5k,totalvi,correct,0.09919345378875732
pbmc10k_to_pbmc5k,totalvi,correct,0.38800424337387085
pbmc10k_to_pbmc5k,totalvi,correct,0.2480224370956421
pbmc10k_to_pbmc5k,totalvi,correct,0.0023345947265625
pbmc10k_to_pbmc5k,totalvi,correct,0.00520932674407959
pbmc10k_to_pbmc5k,totalvi,correct,0.11561542749404907
pbmc10k_to_pbmc5k,totalvi,correct,0.007876455783843994
pbmc10k_to_pbmc5k,totalvi,correct,0.011255741119384766
pbmc10k_to_pbmc5k,totalvi,correct,0.34688836336135864
pbmc10k_to_pbmc5k,totalvi,correct,0.06280308961868286
pbmc10k_to_pbmc5k,totalvi,correct,0.007189750671386719
pbmc10k_to_pbmc5k,totalvi,correct,0.45046353340148926
pbmc10k_to_pbmc5k,totalvi,correct,0.09935468435287476
pbmc10k_to_pbmc5k,totalvi,correct,0.329498827457428
pbmc10k_to_pbmc5k,totalvi,correct,0.006958723068237305
pbmc10k_to_pbmc5k,totalvi,correct,0.004555463790893555
pbmc10k_to_pbmc5k,totalvi,correct,0.009941399097442627
pbmc10k_to_pbmc5k,totalvi,correct,0.00521397590637207
pbmc10k_to_pbmc5k,totalvi,correct,0.03496748208999634
pbmc10k_to_pbmc5k,totalvi,correct,0.02710932493209839
pbmc10k_to_pbmc5k,totalvi,correct,0.047232091426849365
pbmc10k_to_pbmc5k,totalvi,correct,0.046192944049835205
pbmc10k_to_pbmc5k,totalvi,correct,0.0027850866317749023
pbmc10k_to_pbmc5k,totalvi,correct,0.5215021967887878
pbmc10k_to_pbmc5k,totalvi,correct,0.0013332366943359375
pbmc10k_to_pbmc5k,totalvi,correct,0.0026429295539855957
pbmc10k_to_pbmc5k,totalvi,correct,0.0071485042572021484
pbmc10k_to_pbmc5k,totalvi,correct,0.21096229553222656
pbmc10k_to_pbmc5k,totalvi,correct,0.0027652382850646973
pbmc10k_to_pbmc5k,totalvi,correct,0.16272300481796265
pbmc10k_to_pbmc5k,totalvi,correct,0.005941152572631836
pbmc10k_to_pbmc5k,totalvi,correct,0.0560760498046875
pbmc10k_to_pbmc5k,totalvi,correct,0.0019398331642150879
pbmc10k_to_pbmc5k,totalvi,correct,0.05409008264541626
pbmc10k_to_pbmc5k,totalvi,correct,0.1005590558052063
pbmc10k_to_pbmc5k,totalvi,correct,0.24831128120422363
pbmc10k_to_pbmc5k,totalvi,correct,0.08082813024520874
pbmc10k_to_pbmc5k,totalvi,correct,0.0711027979850769
pbmc10k_to_pbmc5k,totalvi,correct,0.3118342161178589
pbmc10k_to_pbmc5k,totalvi,correct,0.3508145809173584
pbmc10k_to_pbmc5k,totalvi,correct,0.0026968717575073242
pbmc10k_to_pbmc5k,totalvi,correct,0.17995750904083252
pbmc10k_to_pbmc5k,totalvi,correct,0.06231331825256348
pbmc10k_to_pbmc5k,totalvi,correct,0.08684539794921875
pbmc10k_to_pbmc5k,totalvi,correct,0.1239854097366333
pbmc10k_to_pbmc5k,totalvi,correct,0.0002428889274597168
pbmc10k_to_pbmc5k,totalvi,correct,0.20691269636154175
pbmc10k_to_pbmc5k,totalvi,correct,0.004890620708465576
pbmc10k_to_pbmc5k,totalvi,correct,0.26664847135543823
pbmc10k_to_pbmc5k,totalvi,correct,0.00687253475189209
pbmc10k_to_pbmc5k,totalvi,correct,0.05801194906234741
pbmc10k_to_pbmc5k,totalvi,correct,0.014901041984558105
pbmc10k_to_pbmc5k,totalvi,correct,0.0032902956008911133
pbmc10k_to_pbmc5k,totalvi,correct,0.15103745460510254
pbmc10k_to_pbmc5k,totalvi,correct,0.140400230884552
pbmc10k_to_pbmc5k,totalvi,correct,0.0031599998474121094
pbmc10k_to_pbmc5k,totalvi,correct,0.22493839263916016
pbmc10k_to_pbmc5k,totalvi,correct,0.001836240291595459
pbmc10k_to_pbmc5k,totalvi,correct,0.12770682573318481
pbmc10k_to_pbmc5k,totalvi,correct,0.008809328079223633
pbmc10k_to_pbmc5k,totalvi,correct,0.1861400008201599
pbmc10k_to_pbmc5k,totalvi,correct,0.002007126808166504
pbmc10k_to_pbmc5k,totalvi,correct,0.19893234968185425
pbmc10k_to_pbmc5k,totalvi,correct,0.19336140155792236
pbmc10k_to_pbmc5k,totalvi,correct,0.001067817211151123
pbmc10k_to_pbmc5k,totalvi,correct,0.004202485084533691
pbmc10k_to_pbmc5k,totalvi,correct,0.3994889259338379
pbmc10k_to_pbmc5k,totalvi,correct,0.282387375831604
pbmc10k_to_pbmc5k,totalvi,correct,0.35747087001800537
pbmc10k_to_pbmc5k,totalvi,correct,0.0009883642196655273
pbmc10k_to_pbmc5k,totalvi,correct,0.5757148861885071
pbmc10k_to_pbmc5k,totalvi,correct,0.03774368762969971
pbmc10k_to_pbmc5k,totalvi,correct,0.11860352754592896
pbmc10k_to_pbmc5k,totalvi,correct,0.502765417098999
pbmc10k_to_pbmc5k,totalvi,correct,0.004245758056640625
pbmc10k_to_pbmc5k,totalvi,correct,0.0028108954429626465
pbmc10k_to_pbmc5k,totalvi,correct,0.03247934579849243
pbmc10k_to_pbmc5k,totalvi,correct,0.11044073104858398
pbmc10k_to_pbmc5k,totalvi,correct,0.0041495561599731445
pbmc10k_to_pbmc5k,totalvi,correct,0.04590308666229248
pbmc10k_to_pbmc5k,totalvi,correct,0.018923521041870117
pbmc10k_to_pbmc5k,totalvi,correct,0.004615485668182373
pbmc10k_to_pbmc5k,totalvi,correct,0.4635038375854492
pbmc10k_to_pbmc5k,totalvi,correct,0.34080982208251953
pbmc10k_to_pbmc5k,totalvi,correct,0.07469475269317627
pbmc10k_to_pbmc5k,totalvi,correct,0.018292725086212158
pbmc10k_to_pbmc5k,totalvi,correct,0.010715782642364502
pbmc10k_to_pbmc5k,totalvi,correct,0.07361036539077759
pbmc10k_to_pbmc5k,totalvi,correct,0.004109382629394531
pbmc10k_to_pbmc5k,totalvi,correct,0.0011855363845825195
pbmc10k_to_pbmc5k,totalvi,correct,0.00021785497665405273
pbmc10k_to_pbmc5k,totalvi,correct,0.1105194091796875
pbmc10k_to_pbmc5k,totalvi,correct,0.4756982922554016
pbmc10k_to_pbmc5k,totalvi,correct,0.0015131235122680664
pbmc10k_to_pbmc5k,totalvi,correct,0.01703113317489624
pbmc10k_to_pbmc5k,totalvi,correct,0.2952879071235657
pbmc10k_to_pbmc5k,totalvi,correct,0.06148695945739746
pbmc10k_to_pbmc5k,totalvi,correct,0.017863810062408447
pbmc10k_to_pbmc5k,totalvi,correct,0.006714463233947754
pbmc10k_to_pbmc5k,totalvi,correct,0.008447885513305664
pbmc10k_to_pbmc5k,totalvi,correct,0.15373879671096802
pbmc10k_to_pbmc5k,totalvi,correct,0.004805147647857666
pbmc10k_to_pbmc5k,totalvi,correct,0.03962749242782593
pbmc10k_to_pbmc5k,totalvi,correct,0.12035542726516724
pbmc10k_to_pbmc5k,totalvi,correct,0.0044890642166137695
pbmc10k_to_pbmc5k,totalvi,correct,0.30640488862991333
pbmc10k_to_pbmc5k,totalvi,correct,0.027148902416229248
pbmc10k_to_pbmc5k,totalvi,correct,0.004738450050354004
pbmc10k_to_pbmc5k,totalvi,correct,0.018499374389648438
pbmc10k_to_pbmc5k,totalvi,correct,0.0004680156707763672
pbmc10k_to_pbmc5k,totalvi,correct,0.004986107349395752
pbmc10k_to_pbmc5k,totalvi,correct,0.5406062602996826
pbmc10k_to_pbmc5k,totalvi,correct,1.0371208190917969e-05
pbmc10k_to_pbmc5k,totalvi,correct,0.35523897409439087
pbmc10k_to_pbmc5k,totalvi,correct,0.07466965913772583
pbmc10k_to_pbmc5k,totalvi,correct,0.17099148035049438
pbmc10k_to_pbmc5k,totalvi,correct,0.0007399916648864746
pbmc10k_to_pbmc5k,totalvi,correct,0.012547314167022705
pbmc10k_to_pbmc5k,totalvi,correct,0.21669161319732666
pbmc10k_to_pbmc5k,totalvi,correct,0.26880699396133423
pbmc10k_to_pbmc5k,totalvi,correct,0.07945913076400757
pbmc10k_to_pbmc5k,totalvi,correct,0.014715909957885742
pbmc10k_to_pbmc5k,totalvi,correct,0.32433849573135376
pbmc10k_to_pbmc5k,totalvi,correct,0.44622325897216797
pbmc10k_to_pbmc5k,totalvi,correct,0.042265355587005615
pbmc10k_to_pbmc5k,totalvi,correct,0.055062830448150635
pbmc10k_to_pbmc5k,totalvi,incorrect,0.5106215476989746
pbmc10k_to_pbmc5k,totalvi,incorrect,0.47645658254623413
pbmc10k_to_pbmc5k,totalvi,incorrect,0.49765074253082275
pbmc10k_to_pbmc5k,totalvi,incorrect,0.189103364944458
pbmc10k_to_pbmc5k,totalvi,incorrect,0.17150616645812988
pbmc10k_to_pbmc5k,totalvi,incorrect,0.33896809816360474
pbmc10k_to_pbmc5k,totalvi,incorrect,0.4370896816253662
pbmc10k_to_pbmc5k,totalvi,incorrect,0.09949052333831787
pbmc10k_to_pbmc5k,totalvi,incorrect,0.10832816362380981
pbmc10k_to_pbmc5k,totalvi,incorrect,0.18936651945114136
pbmc10k_to_pbmc5k,totalvi,incorrect,0.5602517127990723
pbmc10k_to_pbmc5k,totalvi,incorrect,0.2357768416404724
pbmc10k_to_pbmc5k,totalvi,incorrect,0.09771430492401123
pbmc10k_to_pbmc5k,totalvi,incorrect,0.08882606029510498
pbmc10k_to_pbmc5k,totalvi,incorrect,0.3770529627799988
pbmc10k_to_pbmc5k,totalvi,incorrect,0.3503103256225586
pbmc10k_to_pbmc5k,totalvi,incorrect,0.48629099130630493
pbmc10k_to_pbmc5k,totalvi,incorrect,0.29939544200897217
pbmc10k_to_pbmc5k,totalvi,incorrect,0.24563920497894287
pbmc10k_to_pbmc5k,totalvi,incorrect,0.4980444312095642
pbmc10k_to_pbmc5k,totalvi,incorrect,0.2125333547592163
pbmc10k_to_pbmc5k,totalvi,incorrect,0.2838265299797058
pbmc10k_to_pbmc5k,totalvi,incorrect,0.3476279377937317
pbmc10k_to_pbmc5k,totalvi,incorrect,0.38456088304519653
pbmc10k_to_pbmc5k,totalvi,incorrect,0.4973300099372864
pbmc10k_to_pbmc5k,totalvi,incorrect,0.15417057275772095
pbmc10k_to_pbmc5k,totalvi,incorrect,0.413078248500824
pbmc10k_to_pbmc5k,totalvi,incorrect,0.4062078595161438
pbmc10k_to_pbmc5k,totalvi,incorrect,0.5408854484558105
pbmc10k_to_pbmc5k,totalvi,incorrect,0.4705156087875366
pbmc10k_to_pbmc5k,totalvi,incorrect,0.1736152172088623
pbmc10k_to_pbmc5k,totalvi,incorrect,0.639359712600708
pbmc10k_to_pbmc5k,totalvi,incorrect,0.4658011198043823
pbmc10k_to_pbmc5k,totalvi,incorrect,0.4135100245475769
pbmc10k_to_pbmc5k,totalvi,incorrect,0.0967969298362732
pbmc10k_to_pbmc5k,totalvi,incorrect,0.16512566804885864
pbmc10k_to_pbmc5k,totalvi,incorrect,0.3600735664367676
pbmc10k_to_pbmc5k,totalvi,incorrect,0.1321948766708374
pbmc10k_to_pbmc5k,totalvi,incorrect,0.36554282903671265
pbmc10k_to_pbmc5k,totalvi,incorrect,0.14568960666656494
pbmc10k_to_pbmc5k,totalvi,incorrect,0.18906670808792114
pbmc10k_to_pbmc5k,totalvi,incorrect,0.44552600383758545
pbmc10k_to_pbmc5k,totalvi,incorrect,0.3431728482246399
pbmc10k_to_pbmc5k,totalvi,incorrect,0.5048055648803711
pbmc10k_to_pbmc5k,totalvi,incorrect,0.04250311851501465
pbmc10k_to_pbmc5k,totalvi,incorrect,0.4904977083206177
pbmc10k_to_pbmc5k,totalvi,incorrect,0.488247811794281
pbmc10k_to_pbmc5k,totalvi,incorrect,0.48224759101867676
pbmc10k_to_pbmc5k,totalvi,incorrect,0.35752785205841064
pbmc10k_to_pbmc5k,totalvi,incorrect,0.5745996236801147
pbmc10k_to_pbmc5k,totalvi,incorrect,0.40472811460494995
pbmc10k_to_pbmc5k,totalvi,incorrect,0.517842710018158
pbmc10k_to_pbmc5k,totalvi,incorrect,0.6164569854736328
pbmc10k_to_pbmc5k,totalvi,incorrect,0.3922938108444214
pbmc10k_to_pbmc5k,totalvi,incorrect,0.22086089849472046
pbmc10k_to_pbmc5k,totalvi,incorrect,0.17052966356277466
pbmc10k_to_pbmc5k,totalvi,incorrect,0.5340089797973633
pbmc10k_to_pbmc5k,totalvi,incorrect,0.3586878180503845
pbmc10k_to_pbmc5k,totalvi,incorrect,0.6679436564445496
pbmc10k_to_pbmc5k,totalvi,incorrect,0.4407361149787903
pbmc10k_to_pbmc5k,totalvi,incorrect,0.5407242774963379
pbmc10k_to_pbmc5k,totalvi,incorrect,0.30324065685272217
pbmc10k_to_pbmc5k,totalvi,incorrect,0.1938849687576294
pbmc10k_to_pbmc5k,totalvi,incorrect,0.5258278846740723
pbmc10k_to_pbmc5k,totalvi,incorrect,0.4087115526199341
pbmc10k_to_pbmc5k,totalvi,incorrect,0.2758220434188843
pbmc10k_to_pbmc5k,totalvi,incorrect,0.5348669290542603
pbmc10k_to_pbmc5k,totalvi,incorrect,0.1086001992225647
pbmc10k_to_pbmc5k,totalvi,incorrect,0.13338452577590942
pbmc10k_to_pbmc5k,totalvi,incorrect,0.4800136089324951
pbmc10k_to_pbmc5k,totalvi,incorrect,0.3736225962638855
pbmc10k_to_pbmc5k,totalvi,incorrect,0.5751873254776001
pbmc10k_to_pbmc5k,totalvi,incorrect,0.4296249747276306
pbmc10k_to_pbmc5k,totalvi,incorrect,0.49440258741378784
pbmc10k_to_pbmc5k,totalvi,incorrect,0.35753411054611206
pbmc10k_to_pbmc5k,totalvi,incorrect,0.3090391159057617
pbmc10k_to_pbmc5k,totalvi,incorrect,0.6201909184455872
pbmc10k_to_pbmc5k,totalvi,incorrect,0.2360304594039917
pbmc10k_to_pbmc5k,totalvi,incorrect,0.46294838190078735
pbmc10k_to_pbmc5k,totalvi,incorrect,0.6904531717300415
pbmc10k_to_pbmc5k,totalvi,incorrect,0.45696914196014404
pbmc10k_to_pbmc5k,totalvi,incorrect,0.16747862100601196
pbmc10k_to_pbmc5k,totalvi,incorrect,0.39101070165634155
pbmc10k_to_pbmc5k,totalvi,incorrect,0.009269535541534424
pbmc10k_to_pbmc5k,totalvi,incorrect,0.19793587923049927
pbmc10k_to_pbmc5k,totalvi,incorrect,0.5035364627838135
pbmc10k_to_pbmc5k,totalvi,incorrect,0.01716071367263794
pbmc10k_to_pbmc5k,totalvi,incorrect,0.5330549478530884
pbmc10k_to_pbmc5k,totalvi,incorrect,0.4260714650154114
pbmc10k_to_pbmc5k,totalvi,incorrect,0.15298128128051758
pbmc10k_to_pbmc5k,totalvi,incorrect,0.44692254066467285
pbmc10k_to_pbmc5k,totalvi,incorrect,0.47523051500320435
pbmc10k_to_pbmc5k,totalvi,incorrect,0.15133273601531982
pbmc10k_to_pbmc5k,totalvi,incorrect,0.43599075078964233
pbmc10k_to_pbmc5k,totalvi,incorrect,0.18330955505371094
pbmc10k_to_pbmc5k,totalvi,incorrect,0.37967854738235474
pbmc10k_to_pbmc5k,totalvi,incorrect,0.3706372380256653
pbmc10k_to_pbmc5k,totalvi,incorrect,0.11821949481964111
pbmc10k_to_pbmc5k,totalvi,incorrect,0.22998106479644775
pbmc10k_to_pbmc5k,totalvi,incorrect,0.42077118158340454
pbmc10k_to_pbmc5k,totalvi,incorrect,0.330669641494751
pbmc10k_to_pbmc5k,totalvi,incorrect,0.33123135566711426
pbmc10k_to_pbmc5k,totalvi,incorrect,0.5409406423568726
pbmc10k_to_pbmc5k,totalvi,incorrect,0.010516941547393799
pbmc10k_to_pbmc5k,totalvi,incorrect,0.4698699712753296
pbmc10k_to_pbmc5k,totalvi,incorrect,0.42339879274368286
pbmc10k_to_pbmc5k,totalvi,incorrect,0.5614895820617676
pbmc10k_to_pbmc5k,totalvi,incorrect,0.2718793749809265
pbmc10k_to_pbmc5k,totalvi,incorrect,0.07497131824493408
pbmc10k_to_pbmc5k,totalvi,incorrect,0.12043893337249756
pbmc10k_to_pbmc5k,totalvi,incorrect,0.4607887268066406
pbmc10k_to_pbmc5k,totalvi,incorrect,0.5074636936187744
pbmc10k_to_pbmc5k,totalvi,incorrect,0.5254772305488586
pbmc10k_to_pbmc5k,totalvi,incorrect,0.24745118618011475
pbmc10k_to_pbmc5k,totalvi,incorrect,0.04270833730697632
pbmc10k_to_pbmc5k,totalvi,incorrect,0.49000364542007446
pbmc10k_to_pbmc5k,totalvi,incorrect,0.49678874015808105
pbmc10k_to_pbmc5k,totalvi,incorrect,0.3277329206466675
pbmc10k_to_pbmc5k,totalvi,incorrect,0.22942578792572021
pbmc10k_to_pbmc5k,totalvi,incorrect,0.25161659717559814
pbmc10k_to_pbmc5k,totalvi,incorrect,0.5483576059341431
pbmc10k_to_pbmc5k,totalvi,incorrect,0.5606289505958557
pbmc10k_to_pbmc5k,totalvi,incorrect,0.5517463684082031
pbmc10k_to_pbmc5k,totalvi,incorrect,0.12416762113571167
pbmc10k_to_pbmc5k,totalvi,incorrect,0.28645557165145874
pbmc10k_to_pbmc5k,totalvi,incorrect,0.5763009786605835
pbmc10k_to_pbmc5k,totalvi,incorrect,0.48649829626083374
pbmc10k_to_pbmc5k,totalvi,incorrect,0.3506365418434143
pbmc10k_to_pbmc5k,totalvi,incorrect,0.5743359327316284
pbmc10k_to_pbmc5k,totalvi,incorrect,0.4739208221435547
pbmc10k_to_pbmc5k,totalvi,incorrect,0.5280171632766724
pbmc10k_to_pbmc5k,totalvi,incorrect,0.3905930519104004
pbmc10k_to_pbmc5k,totalvi,incorrect,0.14873230457305908
pbmc10k_to_pbmc5k,totalvi,incorrect,0.5259659290313721
pbmc10k_to_pbmc5k,totalvi,incorrect,0.47596943378448486
pbmc10k_to_pbmc5k,totalvi,incorrect,0.23110806941986084
pbmc10k_to_pbmc5k,totalvi,incorrect,0.5106843709945679
pbmc10k_to_pbmc5k,totalvi,incorrect,0.2801936864852905
pbmc10k_to_pbmc5k,totalvi,incorrect,0.39968395233154297
pbmc10k_to_pbmc5k,totalvi,incorrect,0.4711354374885559
pbmc10k_to_pbmc5k,totalvi,incorrect,0.39893269538879395
pbmc10k_to_pbmc5k,totalvi,incorrect,0.49566519260406494
pbmc10k_to_pbmc5k,totalvi,incorrect,0.4890057444572449
pbmc10k_to_pbmc5k,totalvi,incorrect,0.49301522970199585
pbmc10k_to_pbmc5k,totalvi,incorrect,0.3643134832382202
pbmc10k_to_pbmc5k,totalvi,incorrect,0.3833334445953369
pbmc10k_to_pbmc5k,totalvi,incorrect,0.44470763206481934
pbmc10k_to_pbmc5k,totalvi,incorrect,0.3872430920600891
pbmc10k_to_pbmc5k,totalvi,incorrect,0.4354926347732544
pbmc10k_to_pbmc5k,totalvi,incorrect,0.6121534705162048
pbmc10k_to_pbmc5k,totalvi,incorrect,0.6073002815246582
pbmc10k_to_pbmc5k,totalvi,incorrect,0.23911094665527344
pbmc10k_to_pbmc5k,totalvi,incorrect,0.3834097385406494
pbmc10k_to_pbmc5k,totalvi,incorrect,0.30792349576950073
pbmc10k_to_pbmc5k,totalvi,incorrect,0.5673415660858154
pbmc10k_to_pbmc5k,totalvi,incorrect,0.48099756240844727
pbmc10k_to_pbmc5k,totalvi,incorrect,0.1511012315750122
pbmc10k_to_pbmc5k,totalvi,incorrect,0.6128052473068237
pbmc10k_to_pbmc5k,totalvi,incorrect,0.3077787160873413
pbmc10k_to_pbmc5k,totalvi,incorrect,0.10530352592468262
pbmc10k_to_pbmc5k,totalvi,incorrect,0.1269870400428772
pbmc10k_to_pbmc5k,totalvi,incorrect,0.08997607231140137
pbmc10k_to_pbmc5k,totalvi,incorrect,0.1925426721572876
pbmc10k_to_pbmc5k,totalvi,incorrect,0.17376041412353516
pbmc10k_to_pbmc5k,totalvi,incorrect,0.30217820405960083
pbmc10k_to_pbmc5k,totalvi,incorrect,0.519900381565094
pbmc10k_to_pbmc5k,totalvi,incorrect,0.46915358304977417
pbmc10k_to_pbmc5k,totalvi,incorrect,0.44325315952301025
pbmc10k_to_pbmc5k,totalvi,incorrect,0.4084049463272095
pbmc10k_to_pbmc5k,totalvi,incorrect,0.06183302402496338
pbmc10k_to_pbmc5k,totalvi,incorrect,0.5445355176925659
pbmc10k_to_pbmc5k,totalvi,incorrect,0.6758677959442139
pbmc10k_to_pbmc5k,totalvi,incorrect,0.40874552726745605
pbmc10k_to_pbmc5k,totalvi,incorrect,0.489534854888916
pbmc10k_to_pbmc5k,totalvi,incorrect,0.2862509489059448
pbmc10k_to_pbmc5k,totalvi,incorrect,0.5231682658195496
pbmc10k_to_pbmc5k,totalvi,incorrect,0.1763274073600769
pbmc10k_to_pbmc5k,totalvi,incorrect,0.41600167751312256
pbmc10k_to_pbmc5k,totalvi,incorrect,0.4688441753387451
pbmc10k_to_pbmc5k,totalvi,incorrect,0.34189993143081665
pbmc10k_to_pbmc5k,totalvi,incorrect,0.043968260288238525
pbmc10k_to_pbmc5k,totalvi,incorrect,0.2662675976753235
pbmc10k_to_pbmc5k,totalvi,incorrect,0.43518030643463135
pbmc10k_to_pbmc5k,totalvi,incorrect,0.36219966411590576
pbmc10k_to_pbmc5k,totalvi,incorrect,0.474184513092041
pbmc10k_to_pbmc5k,totalvi,incorrect,0.46679502725601196
pbmc10k_to_pbmc5k,totalvi,incorrect,0.40318000316619873
pbmc10k_to_pbmc5k,totalvi,incorrect,0.5612313747406006
pbmc10k_to_pbmc5k,totalvi,incorrect,0.16031289100646973
pbmc10k_to_pbmc5k,totalvi,incorrect,0.3839910626411438
pbmc10k_to_pbmc5k,totalvi,incorrect,0.4664573669433594
pbmc10k_to_pbmc5k,totalvi,incorrect,0.20980221033096313
pbmc10k_to_pbmc5k,totalvi,incorrect,0.3195341229438782
pbmc10k_to_pbmc5k,totalvi,incorrect,0.1980016827583313
pbmc10k_to_pbmc5k,totalvi,incorrect,0.08205199241638184
pbmc10k_to_pbmc5k,totalvi,incorrect,0.33765774965286255
pbmc10k_to_pbmc5k,totalvi,incorrect,0.1459662914276123
pbmc10k_to_pbmc5k,totalvi,incorrect,0.5206501483917236
pbmc10k_to_pbmc5k,totalvi,incorrect,0.4331931471824646
pbmc10k_to_pbmc5k,totalvi,incorrect,0.030316472053527832
pbmc10k_to_pbmc5k,totalvi,incorrect,0.4987040162086487
pbmc10k_to_pbmc5k,totalvi,incorrect,0.3700024485588074
pbmc10k_to_pbmc5k,totalvi,incorrect,0.39050477743148804
pbmc10k_to_pbmc5k,totalvi,incorrect,0.7073335647583008
pbmc10k_to_pbmc5k,totalvi,incorrect,0.37049180269241333
pbmc10k_to_pbmc5k,totalvi,incorrect,0.030861496925354004
pbmc5k_to_pbmc10k,scvi_matched,correct,0.008862733840942383
pbmc5k_to_pbmc10k,scvi_matched,correct,0.17589133977890015
pbmc5k_to_pbmc10k,scvi_matched,correct,0.06708616018295288
pbmc5k_to_pbmc10k,scvi_matched,correct,0.20813637971878052
pbmc5k_to_pbmc10k,scvi_matched,correct,0.31045520305633545
pbmc5k_to_pbmc10k,scvi_matched,correct,0.2009819746017456
pbmc5k_to_pbmc10k,scvi_matched,correct,0.05542445182800293
pbmc5k_to_pbmc10k,scvi_matched,correct,0.24906831979751587
pbmc5k_to_pbmc10k,scvi_matched,correct,0.023499488830566406
pbmc5k_to_pbmc10k,scvi_matched,correct,0.18719345331192017
pbmc5k_to_pbmc10k,scvi_matched,correct,0.20323222875595093
pbmc5k_to_pbmc10k,scvi_matched,correct,0.2956189513206482
pbmc5k_to_pbmc10k,scvi_matched,correct,0.009790539741516113
pbmc5k_to_pbmc10k,scvi_matched,correct,0.05743342638015747
pbmc5k_to_pbmc10k,scvi_matched,correct,0.25867849588394165
pbmc5k_to_pbmc10k,scvi_matched,correct,0.01298975944519043
pbmc5k_to_pbmc10k,scvi_matched,correct,0.4736194610595703
pbmc5k_to_pbmc10k,scvi_matched,correct,0.03995007276535034
pbmc5k_to_pbmc10k,scvi_matched,correct,0.11242407560348511
pbmc5k_to_pbmc10k,scvi_matched,correct,0.0749518871307373
pbmc5k_to_pbmc10k,scvi_matched,correct,0.5276310443878174
pbmc5k_to_pbmc10k,scvi_matched,correct,0.25094228982925415
pbmc5k_to_pbmc10k,scvi_matched,correct,0.5793471336364746
pbmc5k_to_pbmc10k,scvi_matched,correct,0.5645453929901123
pbmc5k_to_pbmc10k,scvi_matched,correct,0.19508135318756104
pbmc5k_to_pbmc10k,scvi_matched,correct,0.009799420833587646
pbmc5k_to_pbmc10k,scvi_matched,correct,0.0053369998931884766
pbmc5k_to_pbmc10k,scvi_matched,correct,0.4588834047317505
pbmc5k_to_pbmc10k,scvi_matched,correct,0.5670289397239685
pbmc5k_to_pbmc10k,scvi_matched,correct,0.04843705892562866
pbmc5k_to_pbmc10k,scvi_matched,correct,0.00015211105346679688
pbmc5k_to_pbmc10k,scvi_matched,correct,0.000841975212097168
pbmc5k_to_pbmc10k,scvi_matched,correct,0.03591519594192505
pbmc5k_to_pbmc10k,scvi_matched,correct,0.02081364393234253
pbmc5k_to_pbmc10k,scvi_matched,correct,0.0011987686157226562
pbmc5k_to_pbmc10k,scvi_matched,correct,0.007902026176452637
pbmc5k_to_pbmc10k,scvi_matched,correct,0.009569108486175537
pbmc5k_to_pbmc10k,scvi_matched,correct,0.4935547113418579
pbmc5k_to_pbmc10k,scvi_matched,correct,0.01941084861755371
pbmc5k_to_pbmc10k,scvi_matched,correct,0.49865591526031494
pbmc5k_to_pbmc10k,scvi_matched,correct,0.23469895124435425
pbmc5k_to_pbmc10k,scvi_matched,correct,0.21567511558532715
pbmc5k_to_pbmc10k,scvi_matched,correct,0.10830831527709961
pbmc5k_to_pbmc10k,scvi_matched,correct,0.006964623928070068
pbmc5k_to_pbmc10k,scvi_matched,correct,0.3072627782821655
pbmc5k_to_pbmc10k,scvi_matched,correct,0.010558009147644043
pbmc5k_to_pbmc10k,scvi_matched,correct,0.2555443048477173
pbmc5k_to_pbmc10k,scvi_matched,correct,0.09093254804611206
pbmc5k_to_pbmc10k,scvi_matched,correct,0.00935298204421997
pbmc5k_to_pbmc10k,scvi_matched,correct,0.013080239295959473
pbmc5k_to_pbmc10k,scvi_matched,correct,0.01573050022125244
pbmc5k_to_pbmc10k,scvi_matched,correct,0.021788835525512695
pbmc5k_to_pbmc10k,scvi_matched,correct,0.21517115831375122
pbmc5k_to_pbmc10k,scvi_matched,correct,0.044357359409332275
pbmc5k_to_pbmc10k,scvi_matched,correct,0.010896444320678711
pbmc5k_to_pbmc10k,scvi_matched,correct,0.4399075508117676
pbmc5k_to_pbmc10k,scvi_matched,correct,0.08122879266738892
pbmc5k_to_pbmc10k,scvi_matched,correct,0.14818531274795532
pbmc5k_to_pbmc10k,scvi_matched,correct,0.3631977438926697
pbmc5k_to_pbmc10k,scvi_matched,correct,0.009045422077178955
pbmc5k_to_pbmc10k,scvi_matched,correct,0.008007645606994629
pbmc5k_to_pbmc10k,scvi_matched,correct,0.06099432706832886
pbmc5k_to_pbmc10k,scvi_matched,correct,0.21070605516433716
pbmc5k_to_pbmc10k,scvi_matched,correct,0.03220254182815552
pbmc5k_to_pbmc10k,scvi_matched,correct,0.00391775369644165
pbmc5k_to_pbmc10k,scvi_matched,correct,0.002933800220489502
pbmc5k_to_pbmc10k,scvi_matched,correct,0.012928545475006104
pbmc5k_to_pbmc10k,scvi_matched,correct,0.004907011985778809
pbmc5k_to_pbmc10k,scvi_matched,correct,0.33109229803085327
pbmc5k_to_pbmc10k,scvi_matched,correct,0.17795372009277344
pbmc5k_to_pbmc10k,scvi_matched,correct,0.347140371799469
pbmc5k_to_pbmc10k,scvi_matched,correct,0.007263541221618652
pbmc5k_to_pbmc10k,scvi_matched,correct,0.33535051345825195
pbmc5k_to_pbmc10k,scvi_matched,correct,0.007985115051269531
pbmc5k_to_pbmc10k,scvi_matched,correct,0.38433051109313965
pbmc5k_to_pbmc10k,scvi_matched,correct,0.005591630935668945
pbmc5k_to_pbmc10k,scvi_matched,correct,0.027800023555755615
pbmc5k_to_pbmc10k,scvi_matched,correct,0.05888509750366211
pbmc5k_to_pbmc10k,scvi_matched,correct,0.5962562561035156
pbmc5k_to_pbmc10k,scvi_matched,correct,0.23437494039535522
pbmc5k_to_pbmc10k,scvi_matched,correct,0.08297199010848999
pbmc5k_to_pbmc10k,scvi_matched,correct,0.30219823122024536
pbmc5k_to_pbmc10k,scvi_matched,correct,0.2861681580543518
pbmc5k_to_pbmc10k,scvi_matched,correct,0.012300491333007812
pbmc5k_to_pbmc10k,scvi_matched,correct,0.022011220455169678
pbmc5k_to_pbmc10k,scvi_matched,correct,0.13701629638671875
pbmc5k_to_pbmc10k,scvi_matched,correct,0.12339705228805542
pbmc5k_to_pbmc10k,scvi_matched,correct,0.09481304883956909
pbmc5k_to_pbmc10k,scvi_matched,correct,0.040804386138916016
pbmc5k_to_pbmc10k,scvi_matched,correct,0.07493823766708374
pbmc5k_to_pbmc10k,scvi_matched,correct,0.342804491519928
pbmc5k_to_pbmc10k,scvi_matched,correct,0.04405558109283447
pbmc5k_to_pbmc10k,scvi_matched,correct,0.40735143423080444
pbmc5k_to_pbmc10k,scvi_matched,correct,0.10400980710983276
pbmc5k_to_pbmc10k,scvi_matched,correct,0.30269140005111694
pbmc5k_to_pbmc10k,scvi_matched,correct,0.010767340660095215
pbmc5k_to_pbmc10k,scvi_matched,correct,0.0018091797828674316
pbmc5k_to_pbmc10k,scvi_matched,correct,0.348274827003479
pbmc5k_to_pbmc10k,scvi_matched,correct,0.1388205885887146
pbmc5k_to_pbmc10k,scvi_matched,correct,0.43582409620285034
pbmc5k_to_pbmc10k,scvi_matched,correct,0.025448977947235107
pbmc5k_to_pbmc10k,scvi_matched,correct,0.0230904221534729
pbmc5k_to_pbmc10k,scvi_matched,correct,0.07548326253890991
pbmc5k_to_pbmc10k,scvi_matched,correct,0.07957559823989868
pbmc5k_to_pbmc10k,scvi_matched,correct,0.6354649066925049
pbmc5k_to_pbmc10k,scvi_matched,correct,0.20798999071121216
pbmc5k_to_pbmc10k,scvi_matched,correct,0.002137124538421631
pbmc5k_to_pbmc10k,scvi_matched,correct,0.024382412433624268
pbmc5k_to_pbmc10k,scvi_matched,correct,0.057844340801239014
pbmc5k_to_pbmc10k,scvi_matched,correct,0.2155326008796692
pbmc5k_to_pbmc10k,scvi_matched,correct,0.014283418655395508
pbmc5k_to_pbmc10k,scvi_matched,correct,0.009082615375518799
pbmc5k_to_pbmc10k,scvi_matched,correct,0.010498106479644775
pbmc5k_to_pbmc10k,scvi_matched,correct,0.015192270278930664
pbmc5k_to_pbmc10k,scvi_matched,correct,0.011563301086425781
pbmc5k_to_pbmc10k,scvi_matched,correct,0.013141393661499023
pbmc5k_to_pbmc10k,scvi_matched,correct,0.0023819804191589355
pbmc5k_to_pbmc10k,scvi_matched,correct,0.5286633968353271
pbmc5k_to_pbmc10k,scvi_matched,correct,0.0790368914604187
pbmc5k_to_pbmc10k,scvi_matched,correct,0.4651232361793518
pbmc5k_to_pbmc10k,scvi_matched,correct,0.01865154504776001
pbmc5k_to_pbmc10k,scvi_matched,correct,0.4627283811569214
pbmc5k_to_pbmc10k,scvi_matched,correct,0.5044688582420349
pbmc5k_to_pbmc10k,scvi_matched,correct,0.26636141538619995
pbmc5k_to_pbmc10k,scvi_matched,correct,0.004577338695526123
pbmc5k_to_pbmc10k,scvi_matched,correct,0.02307337522506714
pbmc5k_to_pbmc10k,scvi_matched,correct,0.29010212421417236
pbmc5k_to_pbmc10k,scvi_matched,correct,0.28767287731170654
pbmc5k_to_pbmc10k,scvi_matched,correct,0.026982665061950684
pbmc5k_to_pbmc10k,scvi_matched,correct,0.5571054220199585
pbmc5k_to_pbmc10k,scvi_matched,correct,0.032731711864471436
pbmc5k_to_pbmc10k,scvi_matched,correct,0.07972365617752075
pbmc5k_to_pbmc10k,scvi_matched,correct,0.03779071569442749
pbmc5k_to_pbmc10k,scvi_matched,correct,0.004340231418609619
pbmc5k_to_pbmc10k,scvi_matched,correct,0.4707048535346985
pbmc5k_to_pbmc10k,scvi_matched,correct,0.554009199142456
pbmc5k_to_pbmc10k,scvi_matched,correct,0.060215651988983154
pbmc5k_to_pbmc10k,scvi_matched,correct,0.01860511302947998
pbmc5k_to_pbmc10k,scvi_matched,correct,0.3784257769584656
pbmc5k_to_pbmc10k,scvi_matched,correct,0.14823848009109497
pbmc5k_to_pbmc10k,scvi_matched,correct,0.002012491226196289
pbmc5k_to_pbmc10k,scvi_matched,correct,0.05380493402481079
pbmc5k_to_pbmc10k,scvi_matched,correct,0.06820505857467651
pbmc5k_to_pbmc10k,scvi_matched,correct,0.016435980796813965
pbmc5k_to_pbmc10k,scvi_matched,correct,0.2019813060760498
pbmc5k_to_pbmc10k,scvi_matched,correct,0.6320843696594238
pbmc5k_to_pbmc10k,scvi_matched,correct,0.05966198444366455
pbmc5k_to_pbmc10k,scvi_matched,correct,0.40136754512786865
pbmc5k_to_pbmc10k,scvi_matched,correct,0.09015589952468872
pbmc5k_to_pbmc10k,scvi_matched,correct,0.012423157691955566
pbmc5k_to_pbmc10k,scvi_matched,correct,0.452181875705719
pbmc5k_to_pbmc10k,scvi_matched,correct,0.001992166042327881
pbmc5k_to_pbmc10k,scvi_matched,correct,0.07739293575286865
pbmc5k_to_pbmc10k,scvi_matched,correct,0.014972090721130371
pbmc5k_to_pbmc10k,scvi_matched,correct,0.43430936336517334
pbmc5k_to_pbmc10k,scvi_matched,correct,0.008950948715209961
pbmc5k_to_pbmc10k,scvi_matched,correct,0.06487500667572021
pbmc5k_to_pbmc10k,scvi_matched,correct,0.001443326473236084
pbmc5k_to_pbmc10k,scvi_matched,correct,0.34969109296798706
pbmc5k_to_pbmc10k,scvi_matched,correct,0.269256055355072
pbmc5k_to_pbmc10k,scvi_matched,correct,0.01797783374786377
pbmc5k_to_pbmc10k,scvi_matched,correct,0.05327695608139038
pbmc5k_to_pbmc10k,scvi_matched,correct,0.051706910133361816
pbmc5k_to_pbmc10k,scvi_matched,correct,0.06698095798492432
pbmc5k_to_pbmc10k,scvi_matched,correct,0.27311861515045166
pbmc5k_to_pbmc10k,scvi_matched,correct,0.14649981260299683
pbmc5k_to_pbmc10k,scvi_matched,correct,0.206867516040802
pbmc5k_to_pbmc10k,scvi_matched,correct,0.09220898151397705
pbmc5k_to_pbmc10k,scvi_matched,correct,0.003646373748779297
pbmc5k_to_pbmc10k,scvi_matched,correct,0.01799476146697998
pbmc5k_to_pbmc10k,scvi_matched,correct,0.00041407346725463867
pbmc5k_to_pbmc10k,scvi_matched,correct,0.021627604961395264
pbmc5k_to_pbmc10k,scvi_matched,correct,0.3168811798095703
pbmc5k_to_pbmc10k,scvi_matched,correct,0.3470407724380493
pbmc5k_to_pbmc10k,scvi_matched,correct,0.11963546276092529
pbmc5k_to_pbmc10k,scvi_matched,correct,0.6088591814041138
pbmc5k_to_pbmc10k,scvi_matched,correct,0.08403551578521729
pbmc5k_to_pbmc10k,scvi_matched,correct,0.011590123176574707
pbmc5k_to_pbmc10k,scvi_matched,correct,0.001990020275115967
pbmc5k_to_pbmc10k,scvi_matched,correct,0.0618668794631958
pbmc5k_to_pbmc10k,scvi_matched,correct,0.0037598609924316406
pbmc5k_to_pbmc10k,scvi_matched,correct,0.0019912123680114746
pbmc5k_to_pbmc10k,scvi_matched,correct,0.22082656621932983
pbmc5k_to_pbmc10k,scvi_matched,correct,0.41775959730148315
pbmc5k_to_pbmc10k,scvi_matched,correct,0.10171496868133545
pbmc5k_to_pbmc10k,scvi_matched,correct,0.015809357166290283
pbmc5k_to_pbmc10k,scvi_matched,correct,0.05073881149291992
pbmc5k_to_pbmc10k,scvi_matched,correct,0.3190309405326843
pbmc5k_to_pbmc10k,scvi_matched,correct,0.17378652095794678
pbmc5k_to_pbmc10k,scvi_matched,correct,0.21670448780059814
pbmc5k_to_pbmc10k,scvi_matched,correct,0.03512763977050781
pbmc5k_to_pbmc10k,scvi_matched,correct,0.003926396369934082
pbmc5k_to_pbmc10k,scvi_matched,correct,0.24585819244384766
pbmc5k_to_pbmc10k,scvi_matched,correct,0.02389085292816162
pbmc5k_to_pbmc10k,scvi_matched,correct,0.33682000637054443
pbmc5k_to_pbmc10k,scvi_matched,correct,0.01677572727203369
pbmc5k_to_pbmc10k,scvi_matched,correct,0.15066802501678467
pbmc5k_to_pbmc10k,scvi_matched,correct,0.014453887939453125
pbmc5k_to_pbmc10k,scvi_matched,correct,0.013205468654632568
pbmc5k_to_pbmc10k,scvi_matched,correct,0.01676928997039795
pbmc5k_to_pbmc10k,scvi_matched,correct,0.3625444769859314
pbmc5k_to_pbmc10k,scvi_matched,correct,0.03621494770050049
pbmc5k_to_pbmc10k,scvi_matched,correct,0.13359344005584717
pbmc5k_to_pbmc10k,scvi_matched,correct,0.021602272987365723
pbmc5k_to_pbmc10k,scvi_matched,correct,0.37325412034988403
pbmc5k_to_pbmc10k,scvi_matched,correct,0.043685317039489746
pbmc5k_to_pbmc10k,scvi_matched,correct,0.008138775825500488
pbmc5k_to_pbmc10k,scvi_matched,correct,0.02275139093399048
pbmc5k_to_pbmc10k,scvi_matched,correct,0.004560530185699463
pbmc5k_to_pbmc10k,scvi_matched,correct,0.6539278030395508
pbmc5k_to_pbmc10k,scvi_matched,correct,0.010627448558807373
pbmc5k_to_pbmc10k,scvi_matched,correct,0.0241355299949646
pbmc5k_to_pbmc10k,scvi_matched,correct,0.01453697681427002
pbmc5k_to_pbmc10k,scvi_matched,correct,0.08219224214553833
pbmc5k_to_pbmc10k,scvi_matched,correct,0.5161924362182617
pbmc5k_to_pbmc10k,scvi_matched,correct,0.36385732889175415
pbmc5k_to_pbmc10k,scvi_matched,correct,0.19047033786773682
pbmc5k_to_pbmc10k,scvi_matched,correct,0.3722633123397827
pbmc5k_to_pbmc10k,scvi_matched,correct,0.10597318410873413
pbmc5k_to_pbmc10k,scvi_matched,correct,0.3552922010421753
pbmc5k_to_pbmc10k,scvi_matched,correct,0.3797242045402527
pbmc5k_to_pbmc10k,scvi_matched,correct,0.3291184902191162
pbmc5k_to_pbmc10k,scvi_matched,correct,0.4723072648048401
pbmc5k_to_pbmc10k,scvi_matched,correct,0.060006022453308105
pbmc5k_to_pbmc10k,scvi_matched,correct,0.15796184539794922
pbmc5k_to_pbmc10k,scvi_matched,correct,0.40055233240127563
pbmc5k_to_pbmc10k,scvi_matched,correct,0.1824631690979004
pbmc5k_to_pbmc10k,scvi_matched,correct,0.4059317111968994
pbmc5k_to_pbmc10k,scvi_matched,correct,0.42866772413253784
pbmc5k_to_pbmc10k,scvi_matched,correct,0.002186298370361328
pbmc5k_to_pbmc10k,scvi_matched,correct,0.32045531272888184
pbmc5k_to_pbmc10k,scvi_matched,correct,0.00765758752822876
pbmc5k_to_pbmc10k,scvi_matched,correct,0.13784629106521606
pbmc5k_to_pbmc10k,scvi_matched,correct,0.10679155588150024
pbmc5k_to_pbmc10k,scvi_matched,correct,0.47896939516067505
pbmc5k_to_pbmc10k,scvi_matched,correct,0.42251288890838623
pbmc5k_to_pbmc10k,scvi_matched,correct,0.013920605182647705
pbmc5k_to_pbmc10k,scvi_matched,correct,0.0023610591888427734
pbmc5k_to_pbmc10k,scvi_matched,correct,0.05036771297454834
pbmc5k_to_pbmc10k,scvi_matched,correct,0.08422887325286865
pbmc5k_to_pbmc10k,scvi_matched,correct,0.2427617311477661
pbmc5k_to_pbmc10k,scvi_matched,correct,0.0018717646598815918
pbmc5k_to_pbmc10k,scvi_matched,correct,0.055091142654418945
pbmc5k_to_pbmc10k,scvi_matched,correct,0.0030714869499206543
pbmc5k_to_pbmc10k,scvi_matched,correct,0.17328691482543945
pbmc5k_to_pbmc10k,scvi_matched,correct,0.0755544900894165
pbmc5k_to_pbmc10k,scvi_matched,correct,0.18004631996154785
pbmc5k_to_pbmc10k,scvi_matched,correct,0.0024924278259277344
pbmc5k_to_pbmc10k,scvi_matched,correct,0.012385964393615723
pbmc5k_to_pbmc10k,scvi_matched,correct,0.11200511455535889
pbmc5k_to_pbmc10k,scvi_matched,correct,0.005557715892791748
pbmc5k_to_pbmc10k,scvi_matched,correct,0.4299319386482239
pbmc5k_to_pbmc10k,scvi_matched,correct,0.7127351760864258
pbmc5k_to_pbmc10k,scvi_matched,correct,0.23769915103912354
pbmc5k_to_pbmc10k,scvi_matched,correct,0.001651167869567871
pbmc5k_to_pbmc10k,scvi_matched,correct,0.006524384021759033
pbmc5k_to_pbmc10k,scvi_matched,correct,0.11507731676101685
pbmc5k_to_pbmc10k,scvi_matched,correct,0.11734604835510254
pbmc5k_to_pbmc10k,scvi_matched,correct,0.03363215923309326
pbmc5k_to_pbmc10k,scvi_matched,correct,0.025117456912994385
pbmc5k_to_pbmc10k,scvi_matched,correct,0.02750617265701294
pbmc5k_to_pbmc10k,scvi_matched,correct,0.011923551559448242
pbmc5k_to_pbmc10k,scvi_matched,correct,0.012981951236724854
pbmc5k_to_pbmc10k,scvi_matched,correct,0.01006537675857544
pbmc5k_to_pbmc10k,scvi_matched,correct,0.003010272979736328
pbmc5k_to_pbmc10k,scvi_matched,correct,0.0781627893447876
pbmc5k_to_pbmc10k,scvi_matched,correct,0.1811617612838745
pbmc5k_to_pbmc10k,scvi_matched,correct,0.027617335319519043
pbmc5k_to_pbmc10k,scvi_matched,correct,0.4269145131111145
pbmc5k_to_pbmc10k,scvi_matched,correct,0.3176458477973938
pbmc5k_to_pbmc10k,scvi_matched,correct,0.022102177143096924
pbmc5k_to_pbmc10k,scvi_matched,correct,0.6695137023925781
pbmc5k_to_pbmc10k,scvi_matched,correct,0.0107535719871521
pbmc5k_to_pbmc10k,scvi_matched,correct,0.08264666795730591
pbmc5k_to_pbmc10k,scvi_matched,correct,0.0196189284324646
pbmc5k_to_pbmc10k,scvi_matched,correct,0.22703814506530762
pbmc5k_to_pbmc10k,scvi_matched,correct,0.2685686945915222
pbmc5k_to_pbmc10k,scvi_matched,correct,0.007727622985839844
pbmc5k_to_pbmc10k,scvi_matched,correct,0.05831027030944824
pbmc5k_to_pbmc10k,scvi_matched,correct,0.5935661792755127
pbmc5k_to_pbmc10k,scvi_matched,correct,0.007783174514770508
pbmc5k_to_pbmc10k,scvi_matched,correct,0.06135261058807373
pbmc5k_to_pbmc10k,scvi_matched,correct,0.0074631571769714355
pbmc5k_to_pbmc10k,scvi_matched,correct,0.09610438346862793
pbmc5k_to_pbmc10k,scvi_matched,correct,0.180985689163208
pbmc5k_to_pbmc10k,scvi_matched,correct,0.05969136953353882
pbmc5k_to_pbmc10k,scvi_matched,correct,0.006077766418457031
pbmc5k_to_pbmc10k,scvi_matched,correct,0.06667369604110718
pbmc5k_to_pbmc10k,scvi_matched,correct,0.5385552644729614
pbmc5k_to_pbmc10k,scvi_matched,correct,0.4186347723007202
pbmc5k_to_pbmc10k,scvi_matched,correct,0.46089911460876465
pbmc5k_to_pbmc10k,scvi_matched,correct,0.13022387027740479
pbmc5k_to_pbmc10k,scvi_matched,correct,0.05665707588195801
pbmc5k_to_pbmc10k,scvi_matched,correct,0.07526403665542603
pbmc5k_to_pbmc10k,scvi_matched,correct,0.015578866004943848
pbmc5k_to_pbmc10k,scvi_matched,correct,0.006838440895080566
pbmc5k_to_pbmc10k,scvi_matched,correct,0.036405205726623535
pbmc5k_to_pbmc10k,scvi_matched,correct,0.11456531286239624
pbmc5k_to_pbmc10k,scvi_matched,correct,0.06789672374725342
pbmc5k_to_pbmc10k,scvi_matched,correct,0.3739798665046692
pbmc5k_to_pbmc10k,scvi_matched,correct,0.056003451347351074
pbmc5k_to_pbmc10k,scvi_matched,correct,0.004541158676147461
pbmc5k_to_pbmc10k,scvi_matched,correct,0.002482771873474121
pbmc5k_to_pbmc10k,scvi_matched,correct,0.018178999423980713
pbmc5k_to_pbmc10k,scvi_matched,correct,0.23206311464309692
pbmc5k_to_pbmc10k,scvi_matched,correct,0.008012056350708008
pbmc5k_to_pbmc10k,scvi_matched,correct,0.028447449207305908
pbmc5k_to_pbmc10k,scvi_matched,correct,0.01946091651916504
pbmc5k_to_pbmc10k,scvi_matched,correct,0.22587096691131592
pbmc5k_to_pbmc10k,scvi_matched,correct,0.03082960844039917
pbmc5k_to_pbmc10k,scvi_matched,correct,0.11878138780593872
pbmc5k_to_pbmc10k,scvi_matched,correct,0.007146894931793213
pbmc5k_to_pbmc10k,scvi_matched,correct,0.620088517665863
pbmc5k_to_pbmc10k,scvi_matched,correct,0.3880009651184082
pbmc5k_to_pbmc10k,scvi_matched,correct,0.23275065422058105
pbmc5k_to_pbmc10k,scvi_matched,correct,0.03508049249649048
pbmc5k_to_pbmc10k,scvi_matched,correct,0.0216294527053833
pbmc5k_to_pbmc10k,scvi_matched,correct,0.5791945457458496
pbmc5k_to_pbmc10k,scvi_matched,correct,0.49125123023986816
pbmc5k_to_pbmc10k,scvi_matched,correct,0.02985084056854248
pbmc5k_to_pbmc10k,scvi_matched,correct,0.005686521530151367
pbmc5k_to_pbmc10k,scvi_matched,correct,0.14430266618728638
pbmc5k_to_pbmc10k,scvi_matched,correct,0.03287225961685181
pbmc5k_to_pbmc10k,scvi_matched,correct,0.008874237537384033
pbmc5k_to_pbmc10k,scvi_matched,correct,0.00622934103012085
pbmc5k_to_pbmc10k,scvi_matched,correct,0.39012670516967773
pbmc5k_to_pbmc10k,scvi_matched,correct,0.5103966593742371
pbmc5k_to_pbmc10k,scvi_matched,correct,0.010368406772613525
pbmc5k_to_pbmc10k,scvi_matched,correct,0.4725419878959656
pbmc5k_to_pbmc10k,scvi_matched,correct,0.03543275594711304
pbmc5k_to_pbmc10k,scvi_matched,correct,0.013250768184661865
pbmc5k_to_pbmc10k,scvi_matched,correct,0.0019551515579223633
pbmc5k_to_pbmc10k,scvi_matched,correct,0.0049477219581604
pbmc5k_to_pbmc10k,scvi_matched,correct,0.5377126932144165
pbmc5k_to_pbmc10k,scvi_matched,correct,0.043998003005981445
pbmc5k_to_pbmc10k,scvi_matched,correct,0.4091877341270447
pbmc5k_to_pbmc10k,scvi_matched,correct,0.36461400985717773
pbmc5k_to_pbmc10k,scvi_matched,correct,0.011420071125030518
pbmc5k_to_pbmc10k,scvi_matched,correct,0.3339442014694214
pbmc5k_to_pbmc10k,scvi_matched,correct,0.5205196738243103
pbmc5k_to_pbmc10k,scvi_matched,correct,0.5705389976501465
pbmc5k_to_pbmc10k,scvi_matched,correct,0.18379050493240356
pbmc5k_to_pbmc10k,scvi_matched,correct,0.24039465188980103
pbmc5k_to_pbmc10k,scvi_matched,correct,0.059362828731536865
pbmc5k_to_pbmc10k,scvi_matched,correct,0.4838539958000183
pbmc5k_to_pbmc10k,scvi_matched,correct,0.05156135559082031
pbmc5k_to_pbmc10k,scvi_matched,correct,0.23704206943511963
pbmc5k_to_pbmc10k,scvi_matched,correct,0.1332644820213318
pbmc5k_to_pbmc10k,scvi_matched,correct,0.002258777618408203
pbmc5k_to_pbmc10k,scvi_matched,correct,0.35069501399993896
pbmc5k_to_pbmc10k,scvi_matched,correct,0.005539298057556152
pbmc5k_to_pbmc10k,scvi_matched,correct,0.008574366569519043
pbmc5k_to_pbmc10k,scvi_matched,correct,0.03735554218292236
pbmc5k_to_pbmc10k,scvi_matched,correct,0.10457992553710938
pbmc5k_to_pbmc10k,scvi_matched,correct,0.0036914944648742676
pbmc5k_to_pbmc10k,scvi_matched,correct,0.502737283706665
pbmc5k_to_pbmc10k,scvi_matched,correct,0.5652198791503906
pbmc5k_to_pbmc10k,scvi_matched,correct,0.004794955253601074
pbmc5k_to_pbmc10k,scvi_matched,correct,0.02889150381088257
pbmc5k_to_pbmc10k,scvi_matched,correct,0.03275269269943237
pbmc5k_to_pbmc10k,scvi_matched,correct,0.07439827919006348
pbmc5k_to_pbmc10k,scvi_matched,correct,0.008786261081695557
pbmc5k_to_pbmc10k,scvi_matched,correct,0.15935742855072021
pbmc5k_to_pbmc10k,scvi_matched,correct,0.21612942218780518
pbmc5k_to_pbmc10k,scvi_matched,correct,0.4454132914543152
pbmc5k_to_pbmc10k,scvi_matched,correct,0.5072771906852722
pbmc5k_to_pbmc10k,scvi_matched,correct,0.05543285608291626
pbmc5k_to_pbmc10k,scvi_matched,correct,0.0026476383209228516
pbmc5k_to_pbmc10k,scvi_matched,correct,0.16452646255493164
pbmc5k_to_pbmc10k,scvi_matched,correct,0.2832884192466736
pbmc5k_to_pbmc10k,scvi_matched,correct,0.010180532932281494
pbmc5k_to_pbmc10k,scvi_matched,correct,0.265042245388031
pbmc5k_to_pbmc10k,scvi_matched,correct,0.39175015687942505
pbmc5k_to_pbmc10k,scvi_matched,correct,0.03884744644165039
pbmc5k_to_pbmc10k,scvi_matched,correct,0.07135504484176636
pbmc5k_to_pbmc10k,scvi_matched,correct,0.39358896017074585
pbmc5k_to_pbmc10k,scvi_matched,correct,0.010852336883544922
pbmc5k_to_pbmc10k,scvi_matched,correct,0.048720717430114746
pbmc5k_to_pbmc10k,scvi_matched,correct,0.001793503761291504
pbmc5k_to_pbmc10k,scvi_matched,correct,0.27705782651901245
pbmc5k_to_pbmc10k,scvi_matched,correct,0.31023234128952026
pbmc5k_to_pbmc10k,scvi_matched,correct,0.569574236869812
pbmc5k_to_pbmc10k,scvi_matched,correct,0.009648144245147705
pbmc5k_to_pbmc10k,scvi_matched,correct,0.4679611921310425
pbmc5k_to_pbmc10k,scvi_matched,correct,0.08338391780853271
pbmc5k_to_pbmc10k,scvi_matched,correct,0.06535112857818604
pbmc5k_to_pbmc10k,scvi_matched,correct,0.0015895366668701172
pbmc5k_to_pbmc10k,scvi_matched,correct,0.004257261753082275
pbmc5k_to_pbmc10k,scvi_matched,correct,0.009808063507080078
pbmc5k_to_pbmc10k,scvi_matched,correct,0.4202115535736084
pbmc5k_to_pbmc10k,scvi_matched,correct,0.020784080028533936
pbmc5k_to_pbmc10k,scvi_matched,correct,0.14302408695220947
pbmc5k_to_pbmc10k,scvi_matched,correct,0.17565178871154785
pbmc5k_to_pbmc10k,scvi_matched,correct,0.22026139497756958
pbmc5k_to_pbmc10k,scvi_matched,correct,0.5827618837356567
pbmc5k_to_pbmc10k,scvi_matched,correct,0.02168452739715576
pbmc5k_to_pbmc10k,scvi_matched,correct,0.01873105764389038
pbmc5k_to_pbmc10k,scvi_matched,correct,0.34337079524993896
pbmc5k_to_pbmc10k,scvi_matched,correct,0.09527289867401123
pbmc5k_to_pbmc10k,scvi_matched,correct,0.011394798755645752
pbmc5k_to_pbmc10k,scvi_matched,correct,0.010505974292755127
pbmc5k_to_pbmc10k,scvi_matched,correct,0.2101207971572876
pbmc5k_to_pbmc10k,scvi_matched,correct,0.00406193733215332
pbmc5k_to_pbmc10k,scvi_matched,correct,0.03896832466125488
pbmc5k_to_pbmc10k,scvi_matched,correct,0.007062971591949463
pbmc5k_to_pbmc10k,scvi_matched,correct,0.01740974187850952
pbmc5k_to_pbmc10k,scvi_matched,correct,0.5898070335388184
pbmc5k_to_pbmc10k,scvi_matched,correct,0.41850292682647705
pbmc5k_to_pbmc10k,scvi_matched,correct,0.4987691044807434
pbmc5k_to_pbmc10k,scvi_matched,correct,0.0003752708435058594
pbmc5k_to_pbmc10k,scvi_matched,correct,0.4690471291542053
pbmc5k_to_pbmc10k,scvi_matched,correct,0.47893226146698
pbmc5k_to_pbmc10k,scvi_matched,correct,0.14188510179519653
pbmc5k_to_pbmc10k,scvi_matched,correct,0.0013111233711242676
pbmc5k_to_pbmc10k,scvi_matched,correct,0.00020247697830200195
pbmc5k_to_pbmc10k,scvi_matched,correct,0.014003574848175049
pbmc5k_to_pbmc10k,scvi_matched,correct,0.10272037982940674
pbmc5k_to_pbmc10k,scvi_matched,correct,0.005416929721832275
pbmc5k_to_pbmc10k,scvi_matched,correct,0.002078711986541748
pbmc5k_to_pbmc10k,scvi_matched,correct,0.031988680362701416
pbmc5k_to_pbmc10k,scvi_matched,correct,0.2645203471183777
pbmc5k_to_pbmc10k,scvi_matched,correct,0.23261338472366333
pbmc5k_to_pbmc10k,scvi_matched,correct,0.006642043590545654
pbmc5k_to_pbmc10k,scvi_matched,correct,0.0020929574966430664
pbmc5k_to_pbmc10k,scvi_matched,correct,0.0359761118888855
pbmc5k_to_pbmc10k,scvi_matched,correct,0.06872457265853882
pbmc5k_to_pbmc10k,scvi_matched,correct,0.21795517206192017
pbmc5k_to_pbmc10k,scvi_matched,correct,0.38926148414611816
pbmc5k_to_pbmc10k,scvi_matched,correct,0.07244902849197388
pbmc5k_to_pbmc10k,scvi_matched,correct,0.10391503572463989
pbmc5k_to_pbmc10k,scvi_matched,correct,0.008799374103546143
pbmc5k_to_pbmc10k,scvi_matched,correct,0.3014160990715027
pbmc5k_to_pbmc10k,scvi_matched,correct,0.0036059021949768066
pbmc5k_to_pbmc10k,scvi_matched,correct,0.0021618008613586426
pbmc5k_to_pbmc10k,scvi_matched,correct,0.538299560546875
pbmc5k_to_pbmc10k,scvi_matched,correct,0.03341740369796753
pbmc5k_to_pbmc10k,scvi_matched,correct,0.005445718765258789
pbmc5k_to_pbmc10k,scvi_matched,correct,0.5571117997169495
pbmc5k_to_pbmc10k,scvi_matched,correct,0.0042664408683776855
pbmc5k_to_pbmc10k,scvi_matched,correct,0.3632420301437378
pbmc5k_to_pbmc10k,scvi_matched,correct,0.07467323541641235
pbmc5k_to_pbmc10k,scvi_matched,correct,0.15152323246002197
pbmc5k_to_pbmc10k,scvi_matched,correct,0.018958628177642822
pbmc5k_to_pbmc10k,scvi_matched,correct,0.07277470827102661
pbmc5k_to_pbmc10k,scvi_matched,correct,0.0492933988571167
pbmc5k_to_pbmc10k,scvi_matched,correct,0.14604580402374268
pbmc5k_to_pbmc10k,scvi_matched,correct,0.03775209188461304
pbmc5k_to_pbmc10k,scvi_matched,correct,0.022706687450408936
pbmc5k_to_pbmc10k,scvi_matched,correct,0.09151202440261841
pbmc5k_to_pbmc10k,scvi_matched,correct,0.38390976190567017
pbmc5k_to_pbmc10k,scvi_matched,correct,0.014862418174743652
pbmc5k_to_pbmc10k,scvi_matched,correct,0.306382954120636
pbmc5k_to_pbmc10k,scvi_matched,correct,0.20440304279327393
pbmc5k_to_pbmc10k,scvi_matched,correct,0.0210038423538208
pbmc5k_to_pbmc10k,scvi_matched,correct,0.03674161434173584
pbmc5k_to_pbmc10k,scvi_matched,correct,0.005043089389801025
pbmc5k_to_pbmc10k,scvi_matched,correct,0.08644366264343262
pbmc5k_to_pbmc10k,scvi_matched,correct,0.006702244281768799
pbmc5k_to_pbmc10k,scvi_matched,correct,0.094729483127594
pbmc5k_to_pbmc10k,scvi_matched,correct,0.00624614953994751
pbmc5k_to_pbmc10k,scvi_matched,correct,0.03288775682449341
pbmc5k_to_pbmc10k,scvi_matched,correct,0.012390375137329102
pbmc5k_to_pbmc10k,scvi_matched,correct,0.00532907247543335
pbmc5k_to_pbmc10k,scvi_matched,correct,0.09059292078018188
pbmc5k_to_pbmc10k,scvi_matched,correct,0.1451103687286377
pbmc5k_to_pbmc10k,scvi_matched,correct,0.23737096786499023
pbmc5k_to_pbmc10k,scvi_matched,correct,0.644760251045227
pbmc5k_to_pbmc10k,scvi_matched,correct,0.01181483268737793
pbmc5k_to_pbmc10k,scvi_matched,correct,0.1845880150794983
pbmc5k_to_pbmc10k,scvi_matched,correct,0.1889675259590149
pbmc5k_to_pbmc10k,scvi_matched,correct,0.08688920736312866
pbmc5k_to_pbmc10k,scvi_matched,correct,0.362240195274353
pbmc5k_to_pbmc10k,scvi_matched,correct,0.0058746337890625
pbmc5k_to_pbmc10k,scvi_matched,correct,0.5698742866516113
pbmc5k_to_pbmc10k,scvi_matched,correct,0.2317081093788147
pbmc5k_to_pbmc10k,scvi_matched,correct,0.013360202312469482
pbmc5k_to_pbmc10k,scvi_matched,correct,0.6231875419616699
pbmc5k_to_pbmc10k,scvi_matched,correct,0.2659045457839966
pbmc5k_to_pbmc10k,scvi_matched,correct,0.01063084602355957
pbmc5k_to_pbmc10k,scvi_matched,correct,0.17294222116470337
pbmc5k_to_pbmc10k,scvi_matched,correct,0.4988749027252197
pbmc5k_to_pbmc10k,scvi_matched,correct,0.2314283847808838
pbmc5k_to_pbmc10k,scvi_matched,correct,0.007141590118408203
pbmc5k_to_pbmc10k,scvi_matched,correct,0.040818750858306885
pbmc5k_to_pbmc10k,scvi_matched,correct,0.18469727039337158
pbmc5k_to_pbmc10k,scvi_matched,correct,0.028148174285888672
pbmc5k_to_pbmc10k,scvi_matched,correct,0.028849244117736816
pbmc5k_to_pbmc10k,scvi_matched,correct,0.16015297174453735
pbmc5k_to_pbmc10k,scvi_matched,correct,0.007190346717834473
pbmc5k_to_pbmc10k,scvi_matched,correct,0.0053026676177978516
pbmc5k_to_pbmc10k,scvi_matched,correct,0.08801841735839844
pbmc5k_to_pbmc10k,scvi_matched,correct,0.01192086935043335
pbmc5k_to_pbmc10k,scvi_matched,correct,0.1269097924232483
pbmc5k_to_pbmc10k,scvi_matched,correct,0.023690879344940186
pbmc5k_to_pbmc10k,scvi_matched,correct,0.007677853107452393
pbmc5k_to_pbmc10k,scvi_matched,correct,0.14382344484329224
pbmc5k_to_pbmc10k,scvi_matched,correct,0.37513309717178345
pbmc5k_to_pbmc10k,scvi_matched,correct,0.019776105880737305
pbmc5k_to_pbmc10k,scvi_matched,correct,0.6678272485733032
pbmc5k_to_pbmc10k,scvi_matched,correct,0.6033521294593811
pbmc5k_to_pbmc10k,scvi_matched,correct,0.007708251476287842
pbmc5k_to_pbmc10k,scvi_matched,correct,0.0015992522239685059
pbmc5k_to_pbmc10k,scvi_matched,correct,0.17388248443603516
pbmc5k_to_pbmc10k,scvi_matched,correct,0.015166819095611572
pbmc5k_to_pbmc10k,scvi_matched,correct,0.04095625877380371
pbmc5k_to_pbmc10k,scvi_matched,correct,0.019176363945007324
pbmc5k_to_pbmc10k,scvi_matched,correct,0.026536226272583008
pbmc5k_to_pbmc10k,scvi_matched,correct,0.10655742883682251
pbmc5k_to_pbmc10k,scvi_matched,correct,0.005549132823944092
pbmc5k_to_pbmc10k,scvi_matched,correct,0.5805255174636841
pbmc5k_to_pbmc10k,scvi_matched,correct,0.1859474778175354
pbmc5k_to_pbmc10k,scvi_matched,correct,0.0206720232963562
pbmc5k_to_pbmc10k,scvi_matched,correct,0.25738346576690674
pbmc5k_to_pbmc10k,scvi_matched,correct,0.2947859764099121
pbmc5k_to_pbmc10k,scvi_matched,correct,0.2046259641647339
pbmc5k_to_pbmc10k,scvi_matched,correct,0.0004208683967590332
pbmc5k_to_pbmc10k,scvi_matched,correct,0.38011062145233154
pbmc5k_to_pbmc10k,scvi_matched,correct,0.12070822715759277
pbmc5k_to_pbmc10k,scvi_matched,correct,0.4713040590286255
pbmc5k_to_pbmc10k,scvi_matched,correct,0.02099454402923584
pbmc5k_to_pbmc10k,scvi_matched,correct,0.012179076671600342
pbmc5k_to_pbmc10k,scvi_matched,correct,0.5486640334129333
pbmc5k_to_pbmc10k,scvi_matched,correct,0.44544869661331177
pbmc5k_to_pbmc10k,scvi_matched,correct,0.19657981395721436
pbmc5k_to_pbmc10k,scvi_matched,correct,0.10799062252044678
pbmc5k_to_pbmc10k,scvi_matched,correct,0.010178446769714355
pbmc5k_to_pbmc10k,scvi_matched,correct,0.033646464347839355
pbmc5k_to_pbmc10k,scvi_matched,correct,0.25283491611480713
pbmc5k_to_pbmc10k,scvi_matched,correct,0.1804768443107605
pbmc5k_to_pbmc10k,scvi_matched,correct,0.3894461989402771
pbmc5k_to_pbmc10k,scvi_matched,correct,0.18474817276000977
pbmc5k_to_pbmc10k,scvi_matched,correct,0.03222477436065674
pbmc5k_to_pbmc10k,scvi_matched,correct,0.10552024841308594
pbmc5k_to_pbmc10k,scvi_matched,correct,0.13392698764801025
pbmc5k_to_pbmc10k,scvi_matched,correct,0.2686864137649536
pbmc5k_to_pbmc10k,scvi_matched,correct,0.018740832805633545
pbmc5k_to_pbmc10k,scvi_matched,correct,0.2899688482284546
pbmc5k_to_pbmc10k,scvi_matched,correct,0.006348252296447754
pbmc5k_to_pbmc10k,scvi_matched,correct,0.020585954189300537
pbmc5k_to_pbmc10k,scvi_matched,correct,0.06390130519866943
pbmc5k_to_pbmc10k,scvi_matched,correct,0.2748473882675171
pbmc5k_to_pbmc10k,scvi_matched,correct,0.009141743183135986
pbmc5k_to_pbmc10k,scvi_matched,correct,0.004255354404449463
pbmc5k_to_pbmc10k,scvi_matched,correct,0.002625107765197754
pbmc5k_to_pbmc10k,scvi_matched,correct,0.41570889949798584
pbmc5k_to_pbmc10k,scvi_matched,correct,0.0203549861907959
pbmc5k_to_pbmc10k,scvi_matched,correct,0.003430008888244629
pbmc5k_to_pbmc10k,scvi_matched,correct,0.15826600790023804
pbmc5k_to_pbmc10k,scvi_matched,correct,0.16230076551437378
pbmc5k_to_pbmc10k,scvi_matched,correct,0.12996244430541992
pbmc5k_to_pbmc10k,scvi_matched,correct,0.3079001307487488
pbmc5k_to_pbmc10k,scvi_matched,correct,0.03908371925354004
pbmc5k_to_pbmc10k,scvi_matched,correct,0.04273521900177002
pbmc5k_to_pbmc10k,scvi_matched,correct,0.08686596155166626
pbmc5k_to_pbmc10k,scvi_matched,correct,0.31672537326812744
pbmc5k_to_pbmc10k,scvi_matched,correct,0.5951285362243652
pbmc5k_to_pbmc10k,scvi_matched,correct,0.3208160400390625
pbmc5k_to_pbmc10k,scvi_matched,correct,0.3498374819755554
pbmc5k_to_pbmc10k,scvi_matched,correct,0.46579980850219727
pbmc5k_to_pbmc10k,scvi_matched,correct,0.13160598278045654
pbmc5k_to_pbmc10k,scvi_matched,correct,0.17249083518981934
pbmc5k_to_pbmc10k,scvi_matched,correct,0.3068580627441406
pbmc5k_to_pbmc10k,scvi_matched,correct,0.4095580577850342
pbmc5k_to_pbmc10k,scvi_matched,correct,0.0684465765953064
pbmc5k_to_pbmc10k,scvi_matched,correct,0.20883387327194214
pbmc5k_to_pbmc10k,scvi_matched,correct,0.37337446212768555
pbmc5k_to_pbmc10k,scvi_matched,correct,0.471698522567749
pbmc5k_to_pbmc10k,scvi_matched,correct,0.009510397911071777
pbmc5k_to_pbmc10k,scvi_matched,correct,0.03159308433532715
pbmc5k_to_pbmc10k,scvi_matched,correct,0.0827338695526123
pbmc5k_to_pbmc10k,scvi_matched,correct,0.019968867301940918
pbmc5k_to_pbmc10k,scvi_matched,correct,0.028623104095458984
pbmc5k_to_pbmc10k,scvi_matched,correct,0.0023622512817382812
pbmc5k_to_pbmc10k,scvi_matched,correct,0.009048223495483398
pbmc5k_to_pbmc10k,scvi_matched,correct,0.01745539903640747
pbmc5k_to_pbmc10k,scvi_matched,correct,0.048407554626464844
pbmc5k_to_pbmc10k,scvi_matched,correct,0.05982309579849243
pbmc5k_to_pbmc10k,scvi_matched,correct,0.02199852466583252
pbmc5k_to_pbmc10k,scvi_matched,correct,0.016572177410125732
pbmc5k_to_pbmc10k,scvi_matched,correct,0.0035389065742492676
pbmc5k_to_pbmc10k,scvi_matched,correct,0.00019782781600952148
pbmc5k_to_pbmc10k,scvi_matched,correct,0.32275915145874023
pbmc5k_to_pbmc10k,scvi_matched,correct,0.0029978156089782715
pbmc5k_to_pbmc10k,scvi_matched,correct,0.10899537801742554
pbmc5k_to_pbmc10k,scvi_matched,correct,0.43831056356430054
pbmc5k_to_pbmc10k,scvi_matched,correct,0.006248891353607178
pbmc5k_to_pbmc10k,scvi_matched,correct,0.05621546506881714
pbmc5k_to_pbmc10k,scvi_matched,correct,0.005292654037475586
pbmc5k_to_pbmc10k,scvi_matched,correct,0.22167354822158813
pbmc5k_to_pbmc10k,scvi_matched,correct,0.0023859739303588867
pbmc5k_to_pbmc10k,scvi_matched,correct,0.387079656124115
pbmc5k_to_pbmc10k,scvi_matched,correct,0.5266925096511841
pbmc5k_to_pbmc10k,scvi_matched,correct,0.009602189064025879
pbmc5k_to_pbmc10k,scvi_matched,correct,0.11878669261932373
pbmc5k_to_pbmc10k,scvi_matched,correct,0.0032110214233398438
pbmc5k_to_pbmc10k,scvi_matched,correct,0.22240006923675537
pbmc5k_to_pbmc10k,scvi_matched,correct,0.0027153491973876953
pbmc5k_to_pbmc10k,scvi_matched,correct,0.004281222820281982
pbmc5k_to_pbmc10k,scvi_matched,correct,0.029176533222198486
pbmc5k_to_pbmc10k,scvi_matched,correct,0.0015233159065246582
pbmc5k_to_pbmc10k,scvi_matched,correct,0.042703449726104736
pbmc5k_to_pbmc10k,scvi_matched,correct,0.030720412731170654
pbmc5k_to_pbmc10k,scvi_matched,correct,0.0029188990592956543
pbmc5k_to_pbmc10k,scvi_matched,correct,0.12327331304550171
pbmc5k_to_pbmc10k,scvi_matched,correct,0.029294908046722412
pbmc5k_to_pbmc10k,scvi_matched,correct,0.018817365169525146
pbmc5k_to_pbmc10k,scvi_matched,correct,0.5567100048065186
pbmc5k_to_pbmc10k,scvi_matched,correct,0.0528072714805603
pbmc5k_to_pbmc10k,scvi_matched,correct,0.3691127300262451
pbmc5k_to_pbmc10k,scvi_matched,correct,0.5294405221939087
pbmc5k_to_pbmc10k,scvi_matched,correct,0.027958393096923828
pbmc5k_to_pbmc10k,scvi_matched,correct,0.010191738605499268
pbmc5k_to_pbmc10k,scvi_matched,correct,0.28272539377212524
pbmc5k_to_pbmc10k,scvi_matched,correct,0.05080670118331909
pbmc5k_to_pbmc10k,scvi_matched,correct,0.4568747878074646
pbmc5k_to_pbmc10k,scvi_matched,correct,0.5448072552680969
pbmc5k_to_pbmc10k,scvi_matched,correct,0.012403726577758789
pbmc5k_to_pbmc10k,scvi_matched,correct,0.06708502769470215
pbmc5k_to_pbmc10k,scvi_matched,correct,0.4630059003829956
pbmc5k_to_pbmc10k,scvi_matched,correct,0.4555749297142029
pbmc5k_to_pbmc10k,scvi_matched,correct,0.1095120906829834
pbmc5k_to_pbmc10k,scvi_matched,correct,0.2733933925628662
pbmc5k_to_pbmc10k,scvi_matched,correct,0.1152123212814331
pbmc5k_to_pbmc10k,scvi_matched,correct,0.5100717544555664
pbmc5k_to_pbmc10k,scvi_matched,correct,0.4824473261833191
pbmc5k_to_pbmc10k,scvi_matched,correct,0.06005352735519409
pbmc5k_to_pbmc10k,scvi_matched,correct,0.3776708245277405
pbmc5k_to_pbmc10k,scvi_matched,correct,3.707408905029297e-05
pbmc5k_to_pbmc10k,scvi_matched,correct,0.01385200023651123
pbmc5k_to_pbmc10k,scvi_matched,correct,0.2228386402130127
pbmc5k_to_pbmc10k,scvi_matched,correct,0.010725438594818115
pbmc5k_to_pbmc10k,scvi_matched,correct,0.29601532220840454
pbmc5k_to_pbmc10k,scvi_matched,correct,0.009275376796722412
pbmc5k_to_pbmc10k,scvi_matched,correct,0.004281938076019287
pbmc5k_to_pbmc10k,scvi_matched,correct,0.02564680576324463
pbmc5k_to_pbmc10k,scvi_matched,correct,0.10759347677230835
pbmc5k_to_pbmc10k,scvi_matched,correct,0.01818448305130005
pbmc5k_to_pbmc10k,scvi_matched,correct,0.003209412097930908
pbmc5k_to_pbmc10k,scvi_matched,correct,4.744529724121094e-05
pbmc5k_to_pbmc10k,scvi_matched,correct,0.0708310604095459
pbmc5k_to_pbmc10k,scvi_matched,correct,0.018626868724822998
pbmc5k_to_pbmc10k,scvi_matched,correct,0.01839888095855713
pbmc5k_to_pbmc10k,scvi_matched,correct,0.014613151550292969
pbmc5k_to_pbmc10k,scvi_matched,correct,0.0020614266395568848
pbmc5k_to_pbmc10k,scvi_matched,correct,0.01955467462539673
pbmc5k_to_pbmc10k,scvi_matched,correct,0.47171860933303833
pbmc5k_to_pbmc10k,scvi_matched,correct,0.0846671462059021
pbmc5k_to_pbmc10k,scvi_matched,correct,0.4100295305252075
pbmc5k_to_pbmc10k,scvi_matched,correct,0.28050267696380615
pbmc5k_to_pbmc10k,scvi_matched,correct,0.11501896381378174
pbmc5k_to_pbmc10k,scvi_matched,correct,0.08918935060501099
pbmc5k_to_pbmc10k,scvi_matched,correct,0.012042105197906494
pbmc5k_to_pbmc10k,scvi_matched,correct,0.22829461097717285
pbmc5k_to_pbmc10k,scvi_matched,correct,0.0009876489639282227
pbmc5k_to_pbmc10k,scvi_matched,correct,0.0077457427978515625
pbmc5k_to_pbmc10k,scvi_matched,correct,0.4806526303291321
pbmc5k_to_pbmc10k,scvi_matched,correct,0.011270582675933838
pbmc5k_to_pbmc10k,scvi_matched,correct,0.046874403953552246
pbmc5k_to_pbmc10k,scvi_matched,correct,0.4821329712867737
pbmc5k_to_pbmc10k,scvi_matched,correct,0.20222151279449463
pbmc5k_to_pbmc10k,scvi_matched,correct,0.07056921720504761
pbmc5k_to_pbmc10k,scvi_matched,correct,0.3849908113479614
pbmc5k_to_pbmc10k,scvi_matched,correct,0.3060048222541809
pbmc5k_to_pbmc10k,scvi_matched,correct,0.020426034927368164
pbmc5k_to_pbmc10k,scvi_matched,correct,0.4123455882072449
pbmc5k_to_pbmc10k,scvi_matched,correct,0.022988736629486084
pbmc5k_to_pbmc10k,scvi_matched,correct,0.001215517520904541
pbmc5k_to_pbmc10k,scvi_matched,correct,0.5038335919380188
pbmc5k_to_pbmc10k,scvi_matched,correct,0.2720487713813782
pbmc5k_to_pbmc10k,scvi_matched,correct,0.31843018531799316
pbmc5k_to_pbmc10k,scvi_matched,correct,0.0007380843162536621
pbmc5k_to_pbmc10k,scvi_matched,correct,0.1554155945777893
pbmc5k_to_pbmc10k,scvi_matched,correct,0.08833760023117065
pbmc5k_to_pbmc10k,scvi_matched,correct,0.40470367670059204
pbmc5k_to_pbmc10k,scvi_matched,correct,0.3616899847984314
pbmc5k_to_pbmc10k,scvi_matched,correct,0.08195757865905762
pbmc5k_to_pbmc10k,scvi_matched,correct,0.0033525824546813965
pbmc5k_to_pbmc10k,scvi_matched,correct,7.11679458618164e-05
pbmc5k_to_pbmc10k,scvi_matched,correct,0.09090465307235718
pbmc5k_to_pbmc10k,scvi_matched,correct,0.22767537832260132
pbmc5k_to_pbmc10k,scvi_matched,correct,0.4621790051460266
pbmc5k_to_pbmc10k,scvi_matched,correct,0.3125649094581604
pbmc5k_to_pbmc10k,scvi_matched,correct,0.007270634174346924
pbmc5k_to_pbmc10k,scvi_matched,correct,0.106326162815094
pbmc5k_to_pbmc10k,scvi_matched,correct,0.007586777210235596
pbmc5k_to_pbmc10k,scvi_matched,correct,0.00943988561630249
pbmc5k_to_pbmc10k,scvi_matched,correct,0.13681310415267944
pbmc5k_to_pbmc10k,scvi_matched,correct,0.06084156036376953
pbmc5k_to_pbmc10k,scvi_matched,correct,0.010685563087463379
pbmc5k_to_pbmc10k,scvi_matched,correct,0.3018941879272461
pbmc5k_to_pbmc10k,scvi_matched,correct,0.3174530863761902
pbmc5k_to_pbmc10k,scvi_matched,correct,0.005972623825073242
pbmc5k_to_pbmc10k,scvi_matched,correct,0.06736874580383301
pbmc5k_to_pbmc10k,scvi_matched,correct,0.029714882373809814
pbmc5k_to_pbmc10k,scvi_matched,correct,0.6012548208236694
pbmc5k_to_pbmc10k,scvi_matched,correct,0.031719863414764404
pbmc5k_to_pbmc10k,scvi_matched,correct,0.010278642177581787
pbmc5k_to_pbmc10k,scvi_matched,correct,0.012975811958312988
pbmc5k_to_pbmc10k,scvi_matched,correct,0.006618499755859375
pbmc5k_to_pbmc10k,scvi_matched,correct,0.08205664157867432
pbmc5k_to_pbmc10k,scvi_matched,correct,0.044541001319885254
pbmc5k_to_pbmc10k,scvi_matched,correct,0.00461190938949585
pbmc5k_to_pbmc10k,scvi_matched,correct,0.07998007535934448
pbmc5k_to_pbmc10k,scvi_matched,correct,0.1721489429473877
pbmc5k_to_pbmc10k,scvi_matched,correct,0.04803264141082764
pbmc5k_to_pbmc10k,scvi_matched,correct,0.502395749092102
pbmc5k_to_pbmc10k,scvi_matched,correct,0.2601358890533447
pbmc5k_to_pbmc10k,scvi_matched,correct,0.0029675960540771484
pbmc5k_to_pbmc10k,scvi_matched,correct,0.19465208053588867
pbmc5k_to_pbmc10k,scvi_matched,correct,0.43021726608276367
pbmc5k_to_pbmc10k,scvi_matched,correct,0.017704308032989502
pbmc5k_to_pbmc10k,scvi_matched,correct,0.032692909240722656
pbmc5k_to_pbmc10k,scvi_matched,correct,0.15733802318572998
pbmc5k_to_pbmc10k,scvi_matched,correct,0.13626468181610107
pbmc5k_to_pbmc10k,scvi_matched,correct,0.010594427585601807
pbmc5k_to_pbmc10k,scvi_matched,correct,0.4799971580505371
pbmc5k_to_pbmc10k,scvi_matched,correct,0.013473331928253174
pbmc5k_to_pbmc10k,scvi_matched,correct,0.14119809865951538
pbmc5k_to_pbmc10k,scvi_matched,correct,0.12160557508468628
pbmc5k_to_pbmc10k,scvi_matched,correct,0.11392438411712646
pbmc5k_to_pbmc10k,scvi_matched,correct,0.09996199607849121
pbmc5k_to_pbmc10k,scvi_matched,correct,0.05200463533401489
pbmc5k_to_pbmc10k,scvi_matched,correct,0.5566939115524292
pbmc5k_to_pbmc10k,scvi_matched,correct,0.23081588745117188
pbmc5k_to_pbmc10k,scvi_matched,correct,0.12557649612426758
pbmc5k_to_pbmc10k,scvi_matched,correct,0.003972530364990234
pbmc5k_to_pbmc10k,scvi_matched,correct,0.16707932949066162
pbmc5k_to_pbmc10k,scvi_matched,correct,0.2641128897666931
pbmc5k_to_pbmc10k,scvi_matched,correct,0.01257777214050293
pbmc5k_to_pbmc10k,scvi_matched,correct,0.22783344984054565
pbmc5k_to_pbmc10k,scvi_matched,correct,0.015684306621551514
pbmc5k_to_pbmc10k,scvi_matched,correct,0.5581681728363037
pbmc5k_to_pbmc10k,scvi_matched,correct,0.010361075401306152
pbmc5k_to_pbmc10k,scvi_matched,correct,0.3321712017059326
pbmc5k_to_pbmc10k,scvi_matched,correct,0.0022917985916137695
pbmc5k_to_pbmc10k,scvi_matched,correct,0.5456085205078125
pbmc5k_to_pbmc10k,scvi_matched,correct,0.009081482887268066
pbmc5k_to_pbmc10k,scvi_matched,correct,0.007415890693664551
pbmc5k_to_pbmc10k,scvi_matched,correct,0.029680490493774414
pbmc5k_to_pbmc10k,scvi_matched,correct,0.002922534942626953
pbmc5k_to_pbmc10k,scvi_matched,correct,0.02350473403930664
pbmc5k_to_pbmc10k,scvi_matched,correct,0.27418625354766846
pbmc5k_to_pbmc10k,scvi_matched,correct,0.14227640628814697
pbmc5k_to_pbmc10k,scvi_matched,correct,0.09625542163848877
pbmc5k_to_pbmc10k,scvi_matched,correct,0.032576799392700195
pbmc5k_to_pbmc10k,scvi_matched,correct,0.2653411030769348
pbmc5k_to_pbmc10k,scvi_matched,correct,0.022339224815368652
pbmc5k_to_pbmc10k,scvi_matched,correct,0.019016802310943604
pbmc5k_to_pbmc10k,scvi_matched,correct,0.11651366949081421
pbmc5k_to_pbmc10k,scvi_matched,correct,0.0318986177444458
pbmc5k_to_pbmc10k,scvi_matched,correct,0.5807672739028931
pbmc5k_to_pbmc10k,scvi_matched,correct,0.010935544967651367
pbmc5k_to_pbmc10k,scvi_matched,correct,0.0016529560089111328
pbmc5k_to_pbmc10k,scvi_matched,correct,0.004600822925567627
pbmc5k_to_pbmc10k,scvi_matched,correct,0.16576766967773438
pbmc5k_to_pbmc10k,scvi_matched,correct,0.22614949941635132
pbmc5k_to_pbmc10k,scvi_matched,correct,0.3123767375946045
pbmc5k_to_pbmc10k,scvi_matched,correct,0.2434757947921753
pbmc5k_to_pbmc10k,scvi_matched,correct,0.48303908109664917
pbmc5k_to_pbmc10k,scvi_matched,correct,0.0978667140007019
pbmc5k_to_pbmc10k,scvi_matched,correct,0.3099755048751831
pbmc5k_to_pbmc10k,scvi_matched,correct,0.3196071982383728
pbmc5k_to_pbmc10k,scvi_matched,correct,0.2265174388885498
pbmc5k_to_pbmc10k,scvi_matched,correct,0.0022107362747192383
pbmc5k_to_pbmc10k,scvi_matched,correct,0.1395355463027954
pbmc5k_to_pbmc10k,scvi_matched,correct,0.00914090871810913
pbmc5k_to_pbmc10k,scvi_matched,correct,0.17284446954727173
pbmc5k_to_pbmc10k,scvi_matched,correct,0.042293667793273926
pbmc5k_to_pbmc10k,scvi_matched,correct,0.5077491998672485
pbmc5k_to_pbmc10k,scvi_matched,correct,0.003252267837524414
pbmc5k_to_pbmc10k,scvi_matched,correct,0.07736289501190186
pbmc5k_to_pbmc10k,scvi_matched,correct,0.01827782392501831
pbmc5k_to_pbmc10k,scvi_matched,correct,0.5977609753608704
pbmc5k_to_pbmc10k,scvi_matched,correct,0.4594634175300598
pbmc5k_to_pbmc10k,scvi_matched,correct,0.19731485843658447
pbmc5k_to_pbmc10k,scvi_matched,correct,0.0033403635025024414
pbmc5k_to_pbmc10k,scvi_matched,correct,0.18172752857208252
pbmc5k_to_pbmc10k,scvi_matched,correct,0.2775658965110779
pbmc5k_to_pbmc10k,scvi_matched,correct,0.4822148084640503
pbmc5k_to_pbmc10k,scvi_matched,correct,0.0023297667503356934
pbmc5k_to_pbmc10k,scvi_matched,correct,0.3311779499053955
pbmc5k_to_pbmc10k,scvi_matched,correct,0.5201722383499146
pbmc5k_to_pbmc10k,scvi_matched,correct,0.015056848526000977
pbmc5k_to_pbmc10k,scvi_matched,correct,0.014087259769439697
pbmc5k_to_pbmc10k,scvi_matched,correct,0.3369583487510681
pbmc5k_to_pbmc10k,scvi_matched,correct,0.0983625054359436
pbmc5k_to_pbmc10k,scvi_matched,correct,0.0015865564346313477
pbmc5k_to_pbmc10k,scvi_matched,correct,0.0032033324241638184
pbmc5k_to_pbmc10k,scvi_matched,correct,0.0689154863357544
pbmc5k_to_pbmc10k,scvi_matched,correct,0.04441714286804199
pbmc5k_to_pbmc10k,scvi_matched,correct,0.012052357196807861
pbmc5k_to_pbmc10k,scvi_matched,correct,0.0014439225196838379
pbmc5k_to_pbmc10k,scvi_matched,correct,0.11106032133102417
pbmc5k_to_pbmc10k,scvi_matched,correct,0.37768590450286865
pbmc5k_to_pbmc10k,scvi_matched,correct,0.09297120571136475
pbmc5k_to_pbmc10k,scvi_matched,correct,0.003003835678100586
pbmc5k_to_pbmc10k,scvi_matched,correct,0.14713048934936523
pbmc5k_to_pbmc10k,scvi_matched,correct,0.27835744619369507
pbmc5k_to_pbmc10k,scvi_matched,correct,0.11362749338150024
pbmc5k_to_pbmc10k,scvi_matched,correct,0.03602367639541626
pbmc5k_to_pbmc10k,scvi_matched,correct,0.26252633333206177
pbmc5k_to_pbmc10k,scvi_matched,correct,0.018049240112304688
pbmc5k_to_pbmc10k,scvi_matched,correct,0.0008108019828796387
pbmc5k_to_pbmc10k,scvi_matched,correct,0.23279261589050293
pbmc5k_to_pbmc10k,scvi_matched,correct,0.03738975524902344
pbmc5k_to_pbmc10k,scvi_matched,correct,0.019495069980621338
pbmc5k_to_pbmc10k,scvi_matched,correct,0.007993519306182861
pbmc5k_to_pbmc10k,scvi_matched,correct,0.00582122802734375
pbmc5k_to_pbmc10k,scvi_matched,correct,0.10698813199996948
pbmc5k_to_pbmc10k,scvi_matched,correct,0.40588057041168213
pbmc5k_to_pbmc10k,scvi_matched,correct,0.019547760486602783
pbmc5k_to_pbmc10k,scvi_matched,correct,0.154677152633667
pbmc5k_to_pbmc10k,scvi_matched,correct,0.11671090126037598
pbmc5k_to_pbmc10k,scvi_matched,correct,0.22957301139831543
pbmc5k_to_pbmc10k,scvi_matched,correct,0.009106755256652832
pbmc5k_to_pbmc10k,scvi_matched,correct,0.06984925270080566
pbmc5k_to_pbmc10k,scvi_matched,correct,0.0011349916458129883
pbmc5k_to_pbmc10k,scvi_matched,correct,0.06435286998748779
pbmc5k_to_pbmc10k,scvi_matched,correct,0.4612116813659668
pbmc5k_to_pbmc10k,scvi_matched,correct,0.3710038661956787
pbmc5k_to_pbmc10k,scvi_matched,correct,0.36635106801986694
pbmc5k_to_pbmc10k,scvi_matched,correct,0.2882601022720337
pbmc5k_to_pbmc10k,scvi_matched,correct,0.13949835300445557
pbmc5k_to_pbmc10k,scvi_matched,correct,0.03462749719619751
pbmc5k_to_pbmc10k,scvi_matched,correct,0.03478515148162842
pbmc5k_to_pbmc10k,scvi_matched,correct,0.4523249864578247
pbmc5k_to_pbmc10k,scvi_matched,correct,0.3357216715812683
pbmc5k_to_pbmc10k,scvi_matched,correct,0.003308534622192383
pbmc5k_to_pbmc10k,scvi_matched,correct,0.4755587577819824
pbmc5k_to_pbmc10k,scvi_matched,correct,0.12684309482574463
pbmc5k_to_pbmc10k,scvi_matched,correct,0.25989633798599243
pbmc5k_to_pbmc10k,scvi_matched,correct,0.055765748023986816
pbmc5k_to_pbmc10k,scvi_matched,correct,0.005275428295135498
pbmc5k_to_pbmc10k,scvi_matched,correct,0.223954975605011
pbmc5k_to_pbmc10k,scvi_matched,correct,0.026545345783233643
pbmc5k_to_pbmc10k,scvi_matched,correct,0.26665812730789185
pbmc5k_to_pbmc10k,scvi_matched,correct,0.07216441631317139
pbmc5k_to_pbmc10k,scvi_matched,correct,0.37095779180526733
pbmc5k_to_pbmc10k,scvi_matched,correct,0.21981287002563477
pbmc5k_to_pbmc10k,scvi_matched,correct,0.02556014060974121
pbmc5k_to_pbmc10k,scvi_matched,correct,0.2294483780860901
pbmc5k_to_pbmc10k,scvi_matched,correct,0.21981751918792725
pbmc5k_to_pbmc10k,scvi_matched,correct,0.02125924825668335
pbmc5k_to_pbmc10k,scvi_matched,correct,0.03959172964096069
pbmc5k_to_pbmc10k,scvi_matched,correct,0.6777452230453491
pbmc5k_to_pbmc10k,scvi_matched,correct,0.006879031658172607
pbmc5k_to_pbmc10k,scvi_matched,correct,0.18570983409881592
pbmc5k_to_pbmc10k,scvi_matched,correct,0.024850904941558838
pbmc5k_to_pbmc10k,scvi_matched,correct,0.64409339427948
pbmc5k_to_pbmc10k,scvi_matched,correct,0.3485892415046692
pbmc5k_to_pbmc10k,scvi_matched,correct,0.10399842262268066
pbmc5k_to_pbmc10k,scvi_matched,correct,0.017840206623077393
pbmc5k_to_pbmc10k,scvi_matched,correct,0.05956178903579712
pbmc5k_to_pbmc10k,scvi_matched,correct,0.05934774875640869
pbmc5k_to_pbmc10k,scvi_matched,correct,0.180447518825531
pbmc5k_to_pbmc10k,scvi_matched,correct,0.6249864101409912
pbmc5k_to_pbmc10k,scvi_matched,correct,0.10860002040863037
pbmc5k_to_pbmc10k,scvi_matched,correct,0.5078189373016357
pbmc5k_to_pbmc10k,scvi_matched,correct,0.013761758804321289
pbmc5k_to_pbmc10k,scvi_matched,correct,0.5618556141853333
pbmc5k_to_pbmc10k,scvi_matched,correct,0.030407249927520752
pbmc5k_to_pbmc10k,scvi_matched,correct,0.010743975639343262
pbmc5k_to_pbmc10k,scvi_matched,correct,0.40696030855178833
pbmc5k_to_pbmc10k,scvi_matched,correct,0.0813441276550293
pbmc5k_to_pbmc10k,scvi_matched,correct,0.047810912132263184
pbmc5k_to_pbmc10k,scvi_matched,correct,0.019185423851013184
pbmc5k_to_pbmc10k,scvi_matched,correct,0.0613255500793457
pbmc5k_to_pbmc10k,scvi_matched,correct,0.009155809879302979
pbmc5k_to_pbmc10k,scvi_matched,correct,0.09689211845397949
pbmc5k_to_pbmc10k,scvi_matched,correct,0.09674030542373657
pbmc5k_to_pbmc10k,scvi_matched,correct,0.0035536885261535645
pbmc5k_to_pbmc10k,scvi_matched,correct,0.03410297632217407
pbmc5k_to_pbmc10k,scvi_matched,correct,0.1425066590309143
pbmc5k_to_pbmc10k,scvi_matched,correct,0.5741170048713684
pbmc5k_to_pbmc10k,scvi_matched,correct,0.11698025465011597
pbmc5k_to_pbmc10k,scvi_matched,correct,0.44821709394454956
pbmc5k_to_pbmc10k,scvi_matched,correct,0.02109581232070923
pbmc5k_to_pbmc10k,scvi_matched,correct,0.1263527274131775
pbmc5k_to_pbmc10k,scvi_matched,correct,0.00011789798736572266
pbmc5k_to_pbmc10k,scvi_matched,correct,0.17190289497375488
pbmc5k_to_pbmc10k,scvi_matched,correct,0.0318753719329834
pbmc5k_to_pbmc10k,scvi_matched,correct,0.0036438703536987305
pbmc5k_to_pbmc10k,scvi_matched,correct,0.00767284631729126
pbmc5k_to_pbmc10k,scvi_matched,correct,0.3546227812767029
pbmc5k_to_pbmc10k,scvi_matched,correct,0.3281860947608948
pbmc5k_to_pbmc10k,scvi_matched,correct,0.03111964464187622
pbmc5k_to_pbmc10k,scvi_matched,correct,0.6670433878898621
pbmc5k_to_pbmc10k,scvi_matched,correct,0.0031285881996154785
pbmc5k_to_pbmc10k,scvi_matched,correct,0.00355452299118042
pbmc5k_to_pbmc10k,scvi_matched,correct,0.2643616199493408
pbmc5k_to_pbmc10k,scvi_matched,correct,0.04496699571609497
pbmc5k_to_pbmc10k,scvi_matched,correct,0.10869091749191284
pbmc5k_to_pbmc10k,scvi_matched,correct,0.03198277950286865
pbmc5k_to_pbmc10k,scvi_matched,correct,0.04212343692779541
pbmc5k_to_pbmc10k,scvi_matched,correct,0.2131386399269104
pbmc5k_to_pbmc10k,scvi_matched,correct,0.0023499131202697754
pbmc5k_to_pbmc10k,scvi_matched,correct,0.007529020309448242
pbmc5k_to_pbmc10k,scvi_matched,correct,0.1931246519088745
pbmc5k_to_pbmc10k,scvi_matched,correct,0.06846487522125244
pbmc5k_to_pbmc10k,scvi_matched,correct,0.1518351435661316
pbmc5k_to_pbmc10k,scvi_matched,correct,0.00472259521484375
pbmc5k_to_pbmc10k,scvi_matched,correct,0.19313663244247437
pbmc5k_to_pbmc10k,scvi_matched,correct,0.0563654899597168
pbmc5k_to_pbmc10k,scvi_matched,correct,0.09269040822982788
pbmc5k_to_pbmc10k,scvi_matched,correct,0.40681856870651245
pbmc5k_to_pbmc10k,scvi_matched,correct,0.10021114349365234
pbmc5k_to_pbmc10k,scvi_matched,correct,0.13143038749694824
pbmc5k_to_pbmc10k,scvi_matched,correct,0.0268784761428833
pbmc5k_to_pbmc10k,scvi_matched,correct,0.12798792123794556
pbmc5k_to_pbmc10k,scvi_matched,correct,0.024437308311462402
pbmc5k_to_pbmc10k,scvi_matched,correct,0.019994139671325684
pbmc5k_to_pbmc10k,scvi_matched,correct,0.047492384910583496
pbmc5k_to_pbmc10k,scvi_matched,correct,0.1198306679725647
pbmc5k_to_pbmc10k,scvi_matched,correct,0.0043901801109313965
pbmc5k_to_pbmc10k,scvi_matched,correct,0.12624084949493408
pbmc5k_to_pbmc10k,scvi_matched,correct,0.022327184677124023
pbmc5k_to_pbmc10k,scvi_matched,correct,0.2457411289215088
pbmc5k_to_pbmc10k,scvi_matched,correct,0.1818733811378479
pbmc5k_to_pbmc10k,scvi_matched,correct,0.026196181774139404
pbmc5k_to_pbmc10k,scvi_matched,correct,0.005882620811462402
pbmc5k_to_pbmc10k,scvi_matched,correct,0.033236801624298096
pbmc5k_to_pbmc10k,scvi_matched,correct,0.000630795955657959
pbmc5k_to_pbmc10k,scvi_matched,correct,0.07871466875076294
pbmc5k_to_pbmc10k,scvi_matched,correct,0.11126160621643066
pbmc5k_to_pbmc10k,scvi_matched,correct,0.046237945556640625
pbmc5k_to_pbmc10k,scvi_matched,correct,0.11541992425918579
pbmc5k_to_pbmc10k,scvi_matched,correct,0.032440185546875
pbmc5k_to_pbmc10k,scvi_matched,correct,0.23212981224060059
pbmc5k_to_pbmc10k,scvi_matched,correct,0.252723753452301
pbmc5k_to_pbmc10k,scvi_matched,correct,0.0985722541809082
pbmc5k_to_pbmc10k,scvi_matched,correct,0.06532377004623413
pbmc5k_to_pbmc10k,scvi_matched,correct,0.0018197298049926758
pbmc5k_to_pbmc10k,scvi_matched,correct,0.18141108751296997
pbmc5k_to_pbmc10k,scvi_matched,correct,0.04504036903381348
pbmc5k_to_pbmc10k,scvi_matched,correct,0.22238725423812866
pbmc5k_to_pbmc10k,scvi_matched,correct,0.0030185580253601074
pbmc5k_to_pbmc10k,scvi_matched,correct,0.048159122467041016
pbmc5k_to_pbmc10k,scvi_matched,correct,0.13763678073883057
pbmc5k_to_pbmc10k,scvi_matched,correct,0.35297703742980957
pbmc5k_to_pbmc10k,scvi_matched,correct,0.017795026302337646
pbmc5k_to_pbmc10k,scvi_matched,correct,0.40784895420074463
pbmc5k_to_pbmc10k,scvi_matched,correct,0.28136324882507324
pbmc5k_to_pbmc10k,scvi_matched,correct,0.3576957583427429
pbmc5k_to_pbmc10k,scvi_matched,correct,0.0859634280204773
pbmc5k_to_pbmc10k,scvi_matched,correct,0.2540934681892395
pbmc5k_to_pbmc10k,scvi_matched,correct,0.25192350149154663
pbmc5k_to_pbmc10k,scvi_matched,correct,0.4005415439605713
pbmc5k_to_pbmc10k,scvi_matched,correct,0.034808337688446045
pbmc5k_to_pbmc10k,scvi_matched,correct,0.058270931243896484
pbmc5k_to_pbmc10k,scvi_matched,correct,0.40404754877090454
pbmc5k_to_pbmc10k,scvi_matched,correct,0.00878453254699707
pbmc5k_to_pbmc10k,scvi_matched,correct,0.057583749294281006
pbmc5k_to_pbmc10k,scvi_matched,correct,0.0554470419883728
pbmc5k_to_pbmc10k,scvi_matched,correct,0.0047454833984375
pbmc5k_to_pbmc10k,scvi_matched,correct,0.0999332070350647
pbmc5k_to_pbmc10k,scvi_matched,correct,0.05535757541656494
pbmc5k_to_pbmc10k,scvi_matched,correct,0.019619882106781006
pbmc5k_to_pbmc10k,scvi_matched,correct,0.4239068031311035
pbmc5k_to_pbmc10k,scvi_matched,correct,0.011013627052307129
pbmc5k_to_pbmc10k,scvi_matched,correct,0.0356748104095459
pbmc5k_to_pbmc10k,scvi_matched,correct,0.018206238746643066
pbmc5k_to_pbmc10k,scvi_matched,correct,0.0035681724548339844
pbmc5k_to_pbmc10k,scvi_matched,correct,0.3001241683959961
pbmc5k_to_pbmc10k,scvi_matched,correct,0.4565165638923645
pbmc5k_to_pbmc10k,scvi_matched,correct,0.0775863528251648
pbmc5k_to_pbmc10k,scvi_matched,correct,0.16032707691192627
pbmc5k_to_pbmc10k,scvi_matched,correct,0.0032392144203186035
pbmc5k_to_pbmc10k,scvi_matched,correct,0.3127303123474121
pbmc5k_to_pbmc10k,scvi_matched,correct,0.007488727569580078
pbmc5k_to_pbmc10k,scvi_matched,correct,0.0034393668174743652
pbmc5k_to_pbmc10k,scvi_matched,correct,0.008924484252929688
pbmc5k_to_pbmc10k,scvi_matched,correct,0.2760063409805298
pbmc5k_to_pbmc10k,scvi_matched,correct,0.023174762725830078
pbmc5k_to_pbmc10k,scvi_matched,correct,0.004544258117675781
pbmc5k_to_pbmc10k,scvi_matched,correct,0.004441261291503906
pbmc5k_to_pbmc10k,scvi_matched,correct,0.6712088584899902
pbmc5k_to_pbmc10k,scvi_matched,correct,0.004785418510437012
pbmc5k_to_pbmc10k,scvi_matched,correct,0.10879397392272949
pbmc5k_to_pbmc10k,scvi_matched,correct,0.12546378374099731
pbmc5k_to_pbmc10k,scvi_matched,correct,0.30736643075942993
pbmc5k_to_pbmc10k,scvi_matched,correct,0.03624933958053589
pbmc5k_to_pbmc10k,scvi_matched,correct,0.0479276180267334
pbmc5k_to_pbmc10k,scvi_matched,correct,0.38217711448669434
pbmc5k_to_pbmc10k,scvi_matched,correct,0.053925395011901855
pbmc5k_to_pbmc10k,scvi_matched,correct,0.01730036735534668
pbmc5k_to_pbmc10k,scvi_matched,correct,0.002536296844482422
pbmc5k_to_pbmc10k,scvi_matched,correct,0.10166293382644653
pbmc5k_to_pbmc10k,scvi_matched,correct,0.2318313717842102
pbmc5k_to_pbmc10k,scvi_matched,correct,0.0203554630279541
pbmc5k_to_pbmc10k,scvi_matched,correct,0.23031610250473022
pbmc5k_to_pbmc10k,scvi_matched,correct,0.016468167304992676
pbmc5k_to_pbmc10k,scvi_matched,correct,0.019794464111328125
pbmc5k_to_pbmc10k,scvi_matched,correct,0.13577818870544434
pbmc5k_to_pbmc10k,scvi_matched,correct,0.00525510311126709
pbmc5k_to_pbmc10k,scvi_matched,correct,0.02051466703414917
pbmc5k_to_pbmc10k,scvi_matched,correct,0.014261364936828613
pbmc5k_to_pbmc10k,scvi_matched,correct,0.04670339822769165
pbmc5k_to_pbmc10k,scvi_matched,correct,0.0047896504402160645
pbmc5k_to_pbmc10k,scvi_matched,correct,0.258300244808197
pbmc5k_to_pbmc10k,scvi_matched,correct,0.22221249341964722
pbmc5k_to_pbmc10k,scvi_matched,correct,0.08806842565536499
pbmc5k_to_pbmc10k,scvi_matched,correct,0.08267629146575928
pbmc5k_to_pbmc10k,scvi_matched,correct,0.01161736249923706
pbmc5k_to_pbmc10k,scvi_matched,correct,0.0019082427024841309
pbmc5k_to_pbmc10k,scvi_matched,correct,0.2046923041343689
pbmc5k_to_pbmc10k,scvi_matched,correct,0.03640657663345337
pbmc5k_to_pbmc10k,scvi_matched,correct,0.36271584033966064
pbmc5k_to_pbmc10k,scvi_matched,correct,0.0016782879829406738
pbmc5k_to_pbmc10k,scvi_matched,correct,0.023907184600830078
pbmc5k_to_pbmc10k,scvi_matched,correct,0.49616360664367676
pbmc5k_to_pbmc10k,scvi_matched,correct,0.0024016499519348145
pbmc5k_to_pbmc10k,scvi_matched,correct,0.04409027099609375
pbmc5k_to_pbmc10k,scvi_matched,correct,0.004934728145599365
pbmc5k_to_pbmc10k,scvi_matched,correct,0.043646812438964844
pbmc5k_to_pbmc10k,scvi_matched,correct,0.0023720860481262207
pbmc5k_to_pbmc10k,scvi_matched,correct,0.06227630376815796
pbmc5k_to_pbmc10k,scvi_matched,correct,0.13931137323379517
pbmc5k_to_pbmc10k,scvi_matched,correct,0.38209372758865356
pbmc5k_to_pbmc10k,scvi_matched,correct,0.22509241104125977
pbmc5k_to_pbmc10k,scvi_matched,correct,0.17799538373947144
pbmc5k_to_pbmc10k,scvi_matched,correct,0.010650634765625
pbmc5k_to_pbmc10k,scvi_matched,correct,0.00077056884765625
pbmc5k_to_pbmc10k,scvi_matched,correct,0.25341373682022095
pbmc5k_to_pbmc10k,scvi_matched,correct,0.2090943455696106
pbmc5k_to_pbmc10k,scvi_matched,correct,0.13312339782714844
pbmc5k_to_pbmc10k,scvi_matched,correct,0.03696852922439575
pbmc5k_to_pbmc10k,scvi_matched,correct,0.010474443435668945
pbmc5k_to_pbmc10k,scvi_matched,correct,0.26755690574645996
pbmc5k_to_pbmc10k,scvi_matched,correct,0.01186758279800415
pbmc5k_to_pbmc10k,scvi_matched,correct,0.43734729290008545
pbmc5k_to_pbmc10k,scvi_matched,correct,0.018768370151519775
pbmc5k_to_pbmc10k,scvi_matched,correct,0.49157893657684326
pbmc5k_to_pbmc10k,scvi_matched,correct,0.01886308193206787
pbmc5k_to_pbmc10k,scvi_matched,correct,0.013820886611938477
pbmc5k_to_pbmc10k,scvi_matched,correct,0.03432434797286987
pbmc5k_to_pbmc10k,scvi_matched,correct,0.18761414289474487
pbmc5k_to_pbmc10k,scvi_matched,correct,0.0041977763175964355
pbmc5k_to_pbmc10k,scvi_matched,correct,0.27895092964172363
pbmc5k_to_pbmc10k,scvi_matched,correct,0.07263952493667603
pbmc5k_to_pbmc10k,scvi_matched,correct,0.26359277963638306
pbmc5k_to_pbmc10k,scvi_matched,correct,0.07825088500976562
pbmc5k_to_pbmc10k,scvi_matched,correct,0.030633270740509033
pbmc5k_to_pbmc10k,scvi_matched,correct,0.030594706535339355
pbmc5k_to_pbmc10k,scvi_matched,correct,0.042195916175842285
pbmc5k_to_pbmc10k,scvi_matched,correct,0.09589624404907227
pbmc5k_to_pbmc10k,scvi_matched,correct,0.1649383306503296
pbmc5k_to_pbmc10k,scvi_matched,correct,0.017834961414337158
pbmc5k_to_pbmc10k,scvi_matched,correct,0.4044148921966553
pbmc5k_to_pbmc10k,scvi_matched,correct,0.008727014064788818
pbmc5k_to_pbmc10k,scvi_matched,correct,0.025491833686828613
pbmc5k_to_pbmc10k,scvi_matched,correct,0.32507461309432983
pbmc5k_to_pbmc10k,scvi_matched,correct,0.05029529333114624
pbmc5k_to_pbmc10k,scvi_matched,correct,0.017459094524383545
pbmc5k_to_pbmc10k,scvi_matched,correct,0.021992266178131104
pbmc5k_to_pbmc10k,scvi_matched,correct,0.01128929853439331
pbmc5k_to_pbmc10k,scvi_matched,correct,0.19339925050735474
pbmc5k_to_pbmc10k,scvi_matched,correct,0.34787338972091675
pbmc5k_to_pbmc10k,scvi_matched,correct,0.29234224557876587
pbmc5k_to_pbmc10k,scvi_matched,correct,0.5348958969116211
pbmc5k_to_pbmc10k,scvi_matched,correct,0.04087632894515991
pbmc5k_to_pbmc10k,scvi_matched,correct,0.02406376600265503
pbmc5k_to_pbmc10k,scvi_matched,correct,0.12969273328781128
pbmc5k_to_pbmc10k,scvi_matched,correct,0.502538800239563
pbmc5k_to_pbmc10k,scvi_matched,correct,0.06099116802215576
pbmc5k_to_pbmc10k,scvi_matched,correct,0.03616374731063843
pbmc5k_to_pbmc10k,scvi_matched,correct,0.004309952259063721
pbmc5k_to_pbmc10k,scvi_matched,correct,0.3483814597129822
pbmc5k_to_pbmc10k,scvi_matched,correct,0.014217615127563477
pbmc5k_to_pbmc10k,scvi_matched,correct,0.6153564453125
pbmc5k_to_pbmc10k,scvi_matched,correct,0.079090416431427
pbmc5k_to_pbmc10k,scvi_matched,correct,0.04119366407394409
pbmc5k_to_pbmc10k,scvi_matched,correct,0.018903911113739014
pbmc5k_to_pbmc10k,scvi_matched,correct,0.037703633308410645
pbmc5k_to_pbmc10k,scvi_matched,correct,0.07711547613143921
pbmc5k_to_pbmc10k,scvi_matched,correct,0.0450323224067688
pbmc5k_to_pbmc10k,scvi_matched,correct,0.015474855899810791
pbmc5k_to_pbmc10k,scvi_matched,correct,0.11175680160522461
pbmc5k_to_pbmc10k,scvi_matched,correct,0.4519765377044678
pbmc5k_to_pbmc10k,scvi_matched,correct,0.013235688209533691
pbmc5k_to_pbmc10k,scvi_matched,correct,0.021231114864349365
pbmc5k_to_pbmc10k,scvi_matched,correct,0.006690859794616699
pbmc5k_to_pbmc10k,scvi_matched,correct,0.019478678703308105
pbmc5k_to_pbmc10k,scvi_matched,correct,0.0023871660232543945
pbmc5k_to_pbmc10k,scvi_matched,correct,0.048050761222839355
pbmc5k_to_pbmc10k,scvi_matched,correct,0.09749871492385864
pbmc5k_to_pbmc10k,scvi_matched,correct,0.1921604871749878
pbmc5k_to_pbmc10k,scvi_matched,correct,0.01957780122756958
pbmc5k_to_pbmc10k,scvi_matched,correct,0.5202297568321228
pbmc5k_to_pbmc10k,scvi_matched,correct,0.02494579553604126
pbmc5k_to_pbmc10k,scvi_matched,correct,0.08582615852355957
pbmc5k_to_pbmc10k,scvi_matched,correct,0.053639233112335205
pbmc5k_to_pbmc10k,scvi_matched,correct,0.09028714895248413
pbmc5k_to_pbmc10k,scvi_matched,correct,0.014748334884643555
pbmc5k_to_pbmc10k,scvi_matched,correct,0.06801116466522217
pbmc5k_to_pbmc10k,scvi_matched,correct,0.0030640363693237305
pbmc5k_to_pbmc10k,scvi_matched,correct,0.6147667169570923
pbmc5k_to_pbmc10k,scvi_matched,correct,0.32900190353393555
pbmc5k_to_pbmc10k,scvi_matched,correct,0.43792229890823364
pbmc5k_to_pbmc10k,scvi_matched,correct,0.4034038186073303
pbmc5k_to_pbmc10k,scvi_matched,correct,0.011331617832183838
pbmc5k_to_pbmc10k,scvi_matched,correct,0.00363004207611084
pbmc5k_to_pbmc10k,scvi_matched,correct,0.16023224592208862
pbmc5k_to_pbmc10k,scvi_matched,correct,0.07898086309432983
pbmc5k_to_pbmc10k,scvi_matched,correct,0.40323054790496826
pbmc5k_to_pbmc10k,scvi_matched,correct,0.024128258228302002
pbmc5k_to_pbmc10k,scvi_matched,correct,0.06486833095550537
pbmc5k_to_pbmc10k,scvi_matched,correct,0.1880747675895691
pbmc5k_to_pbmc10k,scvi_matched,correct,0.0035259127616882324
pbmc5k_to_pbmc10k,scvi_matched,correct,0.006733417510986328
pbmc5k_to_pbmc10k,scvi_matched,correct,0.051626503467559814
pbmc5k_to_pbmc10k,scvi_matched,correct,0.007649481296539307
pbmc5k_to_pbmc10k,scvi_matched,correct,0.014844834804534912
pbmc5k_to_pbmc10k,scvi_matched,correct,0.21786248683929443
pbmc5k_to_pbmc10k,scvi_matched,correct,0.3403030037879944
pbmc5k_to_pbmc10k,scvi_matched,correct,0.007482290267944336
pbmc5k_to_pbmc10k,scvi_matched,correct,0.03587186336517334
pbmc5k_to_pbmc10k,scvi_matched,correct,0.21308696269989014
pbmc5k_to_pbmc10k,scvi_matched,correct,0.00661700963973999
pbmc5k_to_pbmc10k,scvi_matched,correct,0.37799346446990967
pbmc5k_to_pbmc10k,scvi_matched,correct,0.004763364791870117
pbmc5k_to_pbmc10k,scvi_matched,correct,0.00495988130569458
pbmc5k_to_pbmc10k,scvi_matched,correct,0.2048661708831787
pbmc5k_to_pbmc10k,scvi_matched,correct,0.023329198360443115
pbmc5k_to_pbmc10k,scvi_matched,correct,0.06413042545318604
pbmc5k_to_pbmc10k,scvi_matched,correct,0.43052977323532104
pbmc5k_to_pbmc10k,scvi_matched,correct,0.41258811950683594
pbmc5k_to_pbmc10k,scvi_matched,correct,0.5164719820022583
pbmc5k_to_pbmc10k,scvi_matched,correct,0.002069711685180664
pbmc5k_to_pbmc10k,scvi_matched,correct,0.040162861347198486
pbmc5k_to_pbmc10k,scvi_matched,correct,0.034724295139312744
pbmc5k_to_pbmc10k,scvi_matched,correct,0.4047768712043762
pbmc5k_to_pbmc10k,scvi_matched,correct,9.870529174804688e-05
pbmc5k_to_pbmc10k,scvi_matched,correct,0.011594057083129883
pbmc5k_to_pbmc10k,scvi_matched,correct,0.04338657855987549
pbmc5k_to_pbmc10k,scvi_matched,correct,0.19858622550964355
pbmc5k_to_pbmc10k,scvi_matched,correct,0.03290557861328125
pbmc5k_to_pbmc10k,scvi_matched,correct,0.026430487632751465
pbmc5k_to_pbmc10k,scvi_matched,correct,0.0012992620468139648
pbmc5k_to_pbmc10k,scvi_matched,correct,0.7058720588684082
pbmc5k_to_pbmc10k,scvi_matched,correct,0.002197563648223877
pbmc5k_to_pbmc10k,scvi_matched,correct,0.004738867282867432
pbmc5k_to_pbmc10k,scvi_matched,correct,0.03882551193237305
pbmc5k_to_pbmc10k,scvi_matched,correct,0.003268599510192871
pbmc5k_to_pbmc10k,scvi_matched,correct,0.01084059476852417
pbmc5k_to_pbmc10k,scvi_matched,correct,0.45431697368621826
pbmc5k_to_pbmc10k,scvi_matched,correct,0.46558696031570435
pbmc5k_to_pbmc10k,scvi_matched,correct,0.0014969110488891602
pbmc5k_to_pbmc10k,scvi_matched,correct,0.02977389097213745
pbmc5k_to_pbmc10k,scvi_matched,correct,0.00633847713470459
pbmc5k_to_pbmc10k,scvi_matched,correct,6.961822509765625e-05
pbmc5k_to_pbmc10k,scvi_matched,correct,0.49251890182495117
pbmc5k_to_pbmc10k,scvi_matched,correct,0.003966033458709717
pbmc5k_to_pbmc10k,scvi_matched,correct,0.30337780714035034
pbmc5k_to_pbmc10k,scvi_matched,correct,0.08046990633010864
pbmc5k_to_pbmc10k,scvi_matched,correct,0.02311784029006958
pbmc5k_to_pbmc10k,scvi_matched,correct,0.2932594418525696
pbmc5k_to_pbmc10k,scvi_matched,correct,0.13761836290359497
pbmc5k_to_pbmc10k,scvi_matched,correct,0.02264326810836792
pbmc5k_to_pbmc10k,scvi_matched,correct,0.02957475185394287
pbmc5k_to_pbmc10k,scvi_matched,correct,0.004609227180480957
pbmc5k_to_pbmc10k,scvi_matched,correct,0.08704417943954468
pbmc5k_to_pbmc10k,scvi_matched,correct,0.39294201135635376
pbmc5k_to_pbmc10k,scvi_matched,correct,0.03253215551376343
pbmc5k_to_pbmc10k,scvi_matched,correct,0.32908475399017334
pbmc5k_to_pbmc10k,scvi_matched,correct,0.49958938360214233
pbmc5k_to_pbmc10k,scvi_matched,correct,0.32269299030303955
pbmc5k_to_pbmc10k,scvi_matched,correct,0.02525871992111206
pbmc5k_to_pbmc10k,scvi_matched,correct,0.17167812585830688
pbmc5k_to_pbmc10k,scvi_matched,correct,0.46206939220428467
pbmc5k_to_pbmc10k,scvi_matched,correct,0.33873820304870605
pbmc5k_to_pbmc10k,scvi_matched,correct,0.24588900804519653
pbmc5k_to_pbmc10k,scvi_matched,correct,0.006688475608825684
pbmc5k_to_pbmc10k,scvi_matched,correct,0.009201526641845703
pbmc5k_to_pbmc10k,scvi_matched,correct,0.02949202060699463
pbmc5k_to_pbmc10k,scvi_matched,correct,0.3241874575614929
pbmc5k_to_pbmc10k,scvi_matched,correct,0.4047431945800781
pbmc5k_to_pbmc10k,scvi_matched,correct,0.14768904447555542
pbmc5k_to_pbmc10k,scvi_matched,correct,0.01383054256439209
pbmc5k_to_pbmc10k,scvi_matched,correct,0.10154891014099121
pbmc5k_to_pbmc10k,scvi_matched,correct,0.00365525484085083
pbmc5k_to_pbmc10k,scvi_matched,correct,0.12801975011825562
pbmc5k_to_pbmc10k,scvi_matched,correct,0.013630390167236328
pbmc5k_to_pbmc10k,scvi_matched,correct,0.005526363849639893
pbmc5k_to_pbmc10k,scvi_matched,correct,0.00729823112487793
pbmc5k_to_pbmc10k,scvi_matched,correct,0.08027756214141846
pbmc5k_to_pbmc10k,scvi_matched,correct,0.0036914944648742676
pbmc5k_to_pbmc10k,scvi_matched,correct,0.04314631223678589
pbmc5k_to_pbmc10k,scvi_matched,correct,0.013947129249572754
pbmc5k_to_pbmc10k,scvi_matched,correct,0.009675741195678711
pbmc5k_to_pbmc10k,scvi_matched,correct,0.0031509995460510254
pbmc5k_to_pbmc10k,scvi_matched,correct,0.2968365550041199
pbmc5k_to_pbmc10k,scvi_matched,correct,0.2119923233985901
pbmc5k_to_pbmc10k,scvi_matched,correct,0.011573374271392822
pbmc5k_to_pbmc10k,scvi_matched,correct,0.007411658763885498
pbmc5k_to_pbmc10k,scvi_matched,correct,0.0005110502243041992
pbmc5k_to_pbmc10k,scvi_matched,correct,0.1640644669532776
pbmc5k_to_pbmc10k,scvi_matched,correct,0.00018590688705444336
pbmc5k_to_pbmc10k,scvi_matched,correct,0.0886920690536499
pbmc5k_to_pbmc10k,scvi_matched,correct,0.0499613881111145
pbmc5k_to_pbmc10k,scvi_matched,correct,0.004106402397155762
pbmc5k_to_pbmc10k,scvi_matched,correct,0.28495949506759644
pbmc5k_to_pbmc10k,scvi_matched,correct,0.013325810432434082
pbmc5k_to_pbmc10k,scvi_matched,correct,0.5773881673812866
pbmc5k_to_pbmc10k,scvi_matched,correct,0.0034291744232177734
pbmc5k_to_pbmc10k,scvi_matched,correct,0.10265481472015381
pbmc5k_to_pbmc10k,scvi_matched,correct,0.011493802070617676
pbmc5k_to_pbmc10k,scvi_matched,correct,0.10202580690383911
pbmc5k_to_pbmc10k,scvi_matched,correct,0.04580891132354736
pbmc5k_to_pbmc10k,scvi_matched,correct,0.11560225486755371
pbmc5k_to_pbmc10k,scvi_matched,correct,0.008244752883911133
pbmc5k_to_pbmc10k,scvi_matched,correct,0.5859938859939575
pbmc5k_to_pbmc10k,scvi_matched,correct,0.5635273456573486
pbmc5k_to_pbmc10k,scvi_matched,correct,0.2594243288040161
pbmc5k_to_pbmc10k,scvi_matched,correct,0.05990391969680786
pbmc5k_to_pbmc10k,scvi_matched,correct,0.03140377998352051
pbmc5k_to_pbmc10k,scvi_matched,correct,0.0061411261558532715
pbmc5k_to_pbmc10k,scvi_matched,correct,0.23655790090560913
pbmc5k_to_pbmc10k,scvi_matched,correct,0.014260709285736084
pbmc5k_to_pbmc10k,scvi_matched,correct,0.6951878666877747
pbmc5k_to_pbmc10k,scvi_matched,correct,0.011333465576171875
pbmc5k_to_pbmc10k,scvi_matched,correct,0.02273494005203247
pbmc5k_to_pbmc10k,scvi_matched,correct,0.07219624519348145
pbmc5k_to_pbmc10k,scvi_matched,correct,0.023472130298614502
pbmc5k_to_pbmc10k,scvi_matched,correct,0.34925878047943115
pbmc5k_to_pbmc10k,scvi_matched,correct,0.49301379919052124
pbmc5k_to_pbmc10k,scvi_matched,correct,0.4330502152442932
pbmc5k_to_pbmc10k,scvi_matched,correct,0.010183930397033691
pbmc5k_to_pbmc10k,scvi_matched,correct,0.007469475269317627
pbmc5k_to_pbmc10k,scvi_matched,correct,0.4023420810699463
pbmc5k_to_pbmc10k,scvi_matched,correct,0.0003350973129272461
pbmc5k_to_pbmc10k,scvi_matched,correct,0.19644063711166382
pbmc5k_to_pbmc10k,scvi_matched,correct,0.01979649066925049
pbmc5k_to_pbmc10k,scvi_matched,correct,0.03501617908477783
pbmc5k_to_pbmc10k,scvi_matched,correct,0.008132636547088623
pbmc5k_to_pbmc10k,scvi_matched,correct,0.0023647546768188477
pbmc5k_to_pbmc10k,scvi_matched,correct,0.08339446783065796
pbmc5k_to_pbmc10k,scvi_matched,correct,0.036356329917907715
pbmc5k_to_pbmc10k,scvi_matched,correct,0.008511662483215332
pbmc5k_to_pbmc10k,scvi_matched,correct,0.01070249080657959
pbmc5k_to_pbmc10k,scvi_matched,correct,0.020059645175933838
pbmc5k_to_pbmc10k,scvi_matched,correct,0.019448280334472656
pbmc5k_to_pbmc10k,scvi_matched,correct,0.15240144729614258
pbmc5k_to_pbmc10k,scvi_matched,correct,0.019611597061157227
pbmc5k_to_pbmc10k,scvi_matched,correct,0.022932052612304688
pbmc5k_to_pbmc10k,scvi_matched,correct,0.20935189723968506
pbmc5k_to_pbmc10k,scvi_matched,correct,0.011569738388061523
pbmc5k_to_pbmc10k,scvi_matched,correct,0.42044705152511597
pbmc5k_to_pbmc10k,scvi_matched,correct,0.07107335329055786
pbmc5k_to_pbmc10k,scvi_matched,correct,0.18938034772872925
pbmc5k_to_pbmc10k,scvi_matched,correct,0.20870989561080933
pbmc5k_to_pbmc10k,scvi_matched,correct,0.07751590013504028
pbmc5k_to_pbmc10k,scvi_matched,correct,0.25618284940719604
pbmc5k_to_pbmc10k,scvi_matched,correct,0.05602920055389404
pbmc5k_to_pbmc10k,scvi_matched,correct,0.021764159202575684
pbmc5k_to_pbmc10k,scvi_matched,correct,0.004961669445037842
pbmc5k_to_pbmc10k,scvi_matched,correct,0.10583758354187012
pbmc5k_to_pbmc10k,scvi_matched,correct,0.035708606243133545
pbmc5k_to_pbmc10k,scvi_matched,correct,0.2013135552406311
pbmc5k_to_pbmc10k,scvi_matched,correct,0.016243815422058105
pbmc5k_to_pbmc10k,scvi_matched,correct,0.4570145606994629
pbmc5k_to_pbmc10k,scvi_matched,correct,0.41084158420562744
pbmc5k_to_pbmc10k,scvi_matched,correct,0.015166282653808594
pbmc5k_to_pbmc10k,scvi_matched,correct,0.013712823390960693
pbmc5k_to_pbmc10k,scvi_matched,correct,0.5815829038619995
pbmc5k_to_pbmc10k,scvi_matched,correct,0.4639911651611328
pbmc5k_to_pbmc10k,scvi_matched,correct,0.3797130584716797
pbmc5k_to_pbmc10k,scvi_matched,correct,0.018321692943572998
pbmc5k_to_pbmc10k,scvi_matched,correct,0.0013650059700012207
pbmc5k_to_pbmc10k,scvi_matched,correct,0.04312407970428467
pbmc5k_to_pbmc10k,scvi_matched,correct,0.05083698034286499
pbmc5k_to_pbmc10k,scvi_matched,correct,0.16031789779663086
pbmc5k_to_pbmc10k,scvi_matched,correct,0.3777132034301758
pbmc5k_to_pbmc10k,scvi_matched,correct,0.38855481147766113
pbmc5k_to_pbmc10k,scvi_matched,correct,0.006010770797729492
pbmc5k_to_pbmc10k,scvi_matched,correct,0.008515775203704834
pbmc5k_to_pbmc10k,scvi_matched,correct,0.4920825958251953
pbmc5k_to_pbmc10k,scvi_matched,correct,0.46251600980758667
pbmc5k_to_pbmc10k,scvi_matched,correct,0.00976097583770752
pbmc5k_to_pbmc10k,scvi_matched,correct,0.16514497995376587
pbmc5k_to_pbmc10k,scvi_matched,correct,0.0008072257041931152
pbmc5k_to_pbmc10k,scvi_matched,correct,0.22238636016845703
pbmc5k_to_pbmc10k,scvi_matched,correct,0.005022108554840088
pbmc5k_to_pbmc10k,scvi_matched,correct,0.008954882621765137
pbmc5k_to_pbmc10k,scvi_matched,correct,0.039842188358306885
pbmc5k_to_pbmc10k,scvi_matched,correct,0.44913023710250854
pbmc5k_to_pbmc10k,scvi_matched,correct,9.1552734375e-05
pbmc5k_to_pbmc10k,scvi_matched,correct,0.1653764843940735
pbmc5k_to_pbmc10k,scvi_matched,correct,0.0056487321853637695
pbmc5k_to_pbmc10k,scvi_matched,correct,0.28880977630615234
pbmc5k_to_pbmc10k,scvi_matched,correct,0.42271697521209717
pbmc5k_to_pbmc10k,scvi_matched,correct,0.009749174118041992
pbmc5k_to_pbmc10k,scvi_matched,correct,0.06356126070022583
pbmc5k_to_pbmc10k,scvi_matched,correct,0.6314803957939148
pbmc5k_to_pbmc10k,scvi_matched,correct,0.31972169876098633
pbmc5k_to_pbmc10k,scvi_matched,correct,0.10285550355911255
pbmc5k_to_pbmc10k,scvi_matched,correct,0.1968517303466797
pbmc5k_to_pbmc10k,scvi_matched,correct,0.04868370294570923
pbmc5k_to_pbmc10k,scvi_matched,correct,0.0812293291091919
pbmc5k_to_pbmc10k,scvi_matched,correct,0.0021461844444274902
pbmc5k_to_pbmc10k,scvi_matched,correct,0.006512045860290527
pbmc5k_to_pbmc10k,scvi_matched,correct,0.3502611517906189
pbmc5k_to_pbmc10k,scvi_matched,correct,0.025633811950683594
pbmc5k_to_pbmc10k,scvi_matched,correct,0.10777544975280762
pbmc5k_to_pbmc10k,scvi_matched,correct,0.014127492904663086
pbmc5k_to_pbmc10k,scvi_matched,correct,0.5006536245346069
pbmc5k_to_pbmc10k,scvi_matched,correct,0.31531524658203125
pbmc5k_to_pbmc10k,scvi_matched,correct,0.014361917972564697
pbmc5k_to_pbmc10k,scvi_matched,correct,0.034309566020965576
pbmc5k_to_pbmc10k,scvi_matched,correct,0.14100313186645508
pbmc5k_to_pbmc10k,scvi_matched,correct,0.06762570142745972
pbmc5k_to_pbmc10k,scvi_matched,correct,0.43984299898147583
pbmc5k_to_pbmc10k,scvi_matched,correct,0.3287985920906067
pbmc5k_to_pbmc10k,scvi_matched,correct,0.0009813308715820312
pbmc5k_to_pbmc10k,scvi_matched,correct,0.08858293294906616
pbmc5k_to_pbmc10k,scvi_matched,correct,0.011069953441619873
pbmc5k_to_pbmc10k,scvi_matched,correct,0.008246958255767822
pbmc5k_to_pbmc10k,scvi_matched,correct,0.4416416883468628
pbmc5k_to_pbmc10k,scvi_matched,correct,0.6611522436141968
pbmc5k_to_pbmc10k,scvi_matched,correct,0.245347261428833
pbmc5k_to_pbmc10k,scvi_matched,correct,0.02303493022918701
pbmc5k_to_pbmc10k,scvi_matched,correct,0.01404505968093872
pbmc5k_to_pbmc10k,scvi_matched,correct,0.673462450504303
pbmc5k_to_pbmc10k,scvi_matched,correct,0.002395033836364746
pbmc5k_to_pbmc10k,scvi_matched,correct,0.0032379627227783203
pbmc5k_to_pbmc10k,scvi_matched,correct,0.0022516846656799316
pbmc5k_to_pbmc10k,scvi_matched,correct,0.12512636184692383
pbmc5k_to_pbmc10k,scvi_matched,correct,0.0017028450965881348
pbmc5k_to_pbmc10k,scvi_matched,correct,0.046334922313690186
pbmc5k_to_pbmc10k,scvi_matched,correct,0.3391863703727722
pbmc5k_to_pbmc10k,scvi_matched,correct,0.5305501222610474
pbmc5k_to_pbmc10k,scvi_matched,correct,0.3928334712982178
pbmc5k_to_pbmc10k,scvi_matched,correct,0.24410665035247803
pbmc5k_to_pbmc10k,scvi_matched,correct,0.4865185022354126
pbmc5k_to_pbmc10k,scvi_matched,correct,0.11012798547744751
pbmc5k_to_pbmc10k,scvi_matched,correct,0.010183215141296387
pbmc5k_to_pbmc10k,scvi_matched,correct,0.10266947746276855
pbmc5k_to_pbmc10k,scvi_matched,correct,0.16531431674957275
pbmc5k_to_pbmc10k,scvi_matched,correct,0.030126988887786865
pbmc5k_to_pbmc10k,scvi_matched,correct,0.05084574222564697
pbmc5k_to_pbmc10k,scvi_matched,correct,0.013058722019195557
pbmc5k_to_pbmc10k,scvi_matched,correct,0.43319493532180786
pbmc5k_to_pbmc10k,scvi_matched,correct,0.02361851930618286
pbmc5k_to_pbmc10k,scvi_matched,correct,0.03805619478225708
pbmc5k_to_pbmc10k,scvi_matched,correct,0.06607145071029663
pbmc5k_to_pbmc10k,scvi_matched,correct,0.31852197647094727
pbmc5k_to_pbmc10k,scvi_matched,correct,0.4835675358772278
pbmc5k_to_pbmc10k,scvi_matched,correct,0.0036982297897338867
pbmc5k_to_pbmc10k,scvi_matched,correct,0.24348634481430054
pbmc5k_to_pbmc10k,scvi_matched,correct,0.3318696618080139
pbmc5k_to_pbmc10k,scvi_matched,correct,0.06624090671539307
pbmc5k_to_pbmc10k,scvi_matched,correct,0.22393769025802612
pbmc5k_to_pbmc10k,scvi_matched,correct,0.008791804313659668
pbmc5k_to_pbmc10k,scvi_matched,correct,0.06388217210769653
pbmc5k_to_pbmc10k,scvi_matched,correct,0.015594124794006348
pbmc5k_to_pbmc10k,scvi_matched,correct,0.027663767337799072
pbmc5k_to_pbmc10k,scvi_matched,correct,0.026400506496429443
pbmc5k_to_pbmc10k,scvi_matched,correct,0.007540762424468994
pbmc5k_to_pbmc10k,scvi_matched,correct,0.005807101726531982
pbmc5k_to_pbmc10k,scvi_matched,correct,0.48697829246520996
pbmc5k_to_pbmc10k,scvi_matched,correct,0.003601551055908203
pbmc5k_to_pbmc10k,scvi_matched,correct,0.0858771800994873
pbmc5k_to_pbmc10k,scvi_matched,correct,0.06193023920059204
pbmc5k_to_pbmc10k,scvi_matched,correct,0.157423198223114
pbmc5k_to_pbmc10k,scvi_matched,correct,0.004637002944946289
pbmc5k_to_pbmc10k,scvi_matched,correct,0.43322449922561646
pbmc5k_to_pbmc10k,scvi_matched,correct,0.007764041423797607
pbmc5k_to_pbmc10k,scvi_matched,correct,0.012954115867614746
pbmc5k_to_pbmc10k,scvi_matched,correct,0.017307400703430176
pbmc5k_to_pbmc10k,scvi_matched,correct,0.4540167450904846
pbmc5k_to_pbmc10k,scvi_matched,correct,0.01909768581390381
pbmc5k_to_pbmc10k,scvi_matched,correct,0.42446810007095337
pbmc5k_to_pbmc10k,scvi_matched,correct,0.5848567485809326
pbmc5k_to_pbmc10k,scvi_matched,correct,0.23967379331588745
pbmc5k_to_pbmc10k,scvi_matched,correct,0.08206897974014282
pbmc5k_to_pbmc10k,scvi_matched,correct,0.3366037607192993
pbmc5k_to_pbmc10k,scvi_matched,correct,0.010533630847930908
pbmc5k_to_pbmc10k,scvi_matched,correct,0.001420736312866211
pbmc5k_to_pbmc10k,scvi_matched,correct,0.005688667297363281
pbmc5k_to_pbmc10k,scvi_matched,correct,0.054605722427368164
pbmc5k_to_pbmc10k,scvi_matched,correct,0.013568341732025146
pbmc5k_to_pbmc10k,scvi_matched,correct,0.03097403049468994
pbmc5k_to_pbmc10k,scvi_matched,correct,0.09749895334243774
pbmc5k_to_pbmc10k,scvi_matched,correct,0.25714248418807983
pbmc5k_to_pbmc10k,scvi_matched,correct,0.010767579078674316
pbmc5k_to_pbmc10k,scvi_matched,correct,0.5595335960388184
pbmc5k_to_pbmc10k,scvi_matched,correct,0.039167046546936035
pbmc5k_to_pbmc10k,scvi_matched,correct,0.14343416690826416
pbmc5k_to_pbmc10k,scvi_matched,correct,0.030705392360687256
pbmc5k_to_pbmc10k,scvi_matched,correct,0.129036545753479
pbmc5k_to_pbmc10k,scvi_matched,correct,0.48969072103500366
pbmc5k_to_pbmc10k,scvi_matched,correct,0.008662939071655273
pbmc5k_to_pbmc10k,scvi_matched,correct,3.230571746826172e-05
pbmc5k_to_pbmc10k,scvi_matched,correct,0.00944453477859497
pbmc5k_to_pbmc10k,scvi_matched,correct,0.3768780827522278
pbmc5k_to_pbmc10k,scvi_matched,correct,0.015416622161865234
pbmc5k_to_pbmc10k,scvi_matched,correct,0.5656024217605591
pbmc5k_to_pbmc10k,scvi_matched,correct,7.784366607666016e-05
pbmc5k_to_pbmc10k,scvi_matched,correct,0.004023373126983643
pbmc5k_to_pbmc10k,scvi_matched,correct,0.0711592435836792
pbmc5k_to_pbmc10k,scvi_matched,correct,0.015770673751831055
pbmc5k_to_pbmc10k,scvi_matched,correct,0.4547489285469055
pbmc5k_to_pbmc10k,scvi_matched,correct,0.4244508147239685
pbmc5k_to_pbmc10k,scvi_matched,correct,0.002907872200012207
pbmc5k_to_pbmc10k,scvi_matched,correct,0.7328027486801147
pbmc5k_to_pbmc10k,scvi_matched,correct,0.00041109323501586914
pbmc5k_to_pbmc10k,scvi_matched,correct,0.008885502815246582
pbmc5k_to_pbmc10k,scvi_matched,correct,0.3388919234275818
pbmc5k_to_pbmc10k,scvi_matched,correct,0.001627504825592041
pbmc5k_to_pbmc10k,scvi_matched,correct,0.20292222499847412
pbmc5k_to_pbmc10k,scvi_matched,correct,0.49565184116363525
pbmc5k_to_pbmc10k,scvi_matched,correct,0.17092090845108032
pbmc5k_to_pbmc10k,scvi_matched,correct,0.03226727247238159
pbmc5k_to_pbmc10k,scvi_matched,correct,0.4812050461769104
pbmc5k_to_pbmc10k,scvi_matched,correct,0.09114372730255127
pbmc5k_to_pbmc10k,scvi_matched,correct,0.023098647594451904
pbmc5k_to_pbmc10k,scvi_matched,correct,0.29557037353515625
pbmc5k_to_pbmc10k,scvi_matched,correct,0.2759332060813904
pbmc5k_to_pbmc10k,scvi_matched,correct,0.005735933780670166
pbmc5k_to_pbmc10k,scvi_matched,correct,0.006630420684814453
pbmc5k_to_pbmc10k,scvi_matched,correct,0.0030617713928222656
pbmc5k_to_pbmc10k,scvi_matched,correct,0.025321543216705322
pbmc5k_to_pbmc10k,scvi_matched,correct,0.2280173897743225
pbmc5k_to_pbmc10k,scvi_matched,correct,0.058215558528900146
pbmc5k_to_pbmc10k,scvi_matched,correct,0.14038771390914917
pbmc5k_to_pbmc10k,scvi_matched,correct,0.018238425254821777
pbmc5k_to_pbmc10k,scvi_matched,correct,0.07241076231002808
pbmc5k_to_pbmc10k,scvi_matched,correct,0.0023152828216552734
pbmc5k_to_pbmc10k,scvi_matched,correct,0.044709086418151855
pbmc5k_to_pbmc10k,scvi_matched,correct,0.13144820928573608
pbmc5k_to_pbmc10k,scvi_matched,correct,0.3915615677833557
pbmc5k_to_pbmc10k,scvi_matched,correct,0.02685922384262085
pbmc5k_to_pbmc10k,scvi_matched,correct,0.30032849311828613
pbmc5k_to_pbmc10k,scvi_matched,correct,0.37578630447387695
pbmc5k_to_pbmc10k,scvi_matched,correct,0.013221144676208496
pbmc5k_to_pbmc10k,scvi_matched,correct,0.04883378744125366
pbmc5k_to_pbmc10k,scvi_matched,correct,0.1760304570198059
pbmc5k_to_pbmc10k,scvi_matched,correct,0.005816042423248291
pbmc5k_to_pbmc10k,scvi_matched,correct,0.1607522964477539
pbmc5k_to_pbmc10k,scvi_matched,correct,0.1632971167564392
pbmc5k_to_pbmc10k,scvi_matched,correct,0.01103520393371582
pbmc5k_to_pbmc10k,scvi_matched,correct,0.21489441394805908
pbmc5k_to_pbmc10k,scvi_matched,correct,0.2428736686706543
pbmc5k_to_pbmc10k,scvi_matched,correct,0.08966100215911865
pbmc5k_to_pbmc10k,scvi_matched,correct,0.0022039413452148438
pbmc5k_to_pbmc10k,scvi_matched,correct,0.22013306617736816
pbmc5k_to_pbmc10k,scvi_matched,correct,0.33500373363494873
pbmc5k_to_pbmc10k,scvi_matched,correct,0.024614930152893066
pbmc5k_to_pbmc10k,scvi_matched,correct,0.06101715564727783
pbmc5k_to_pbmc10k,scvi_matched,correct,0.018311917781829834
pbmc5k_to_pbmc10k,scvi_matched,correct,0.08859384059906006
pbmc5k_to_pbmc10k,scvi_matched,correct,0.00863492488861084
pbmc5k_to_pbmc10k,scvi_matched,correct,0.005440056324005127
pbmc5k_to_pbmc10k,scvi_matched,correct,0.0039615631103515625
pbmc5k_to_pbmc10k,scvi_matched,correct,0.17342638969421387
pbmc5k_to_pbmc10k,scvi_matched,correct,0.008533716201782227
pbmc5k_to_pbmc10k,scvi_matched,correct,0.029969751834869385
pbmc5k_to_pbmc10k,scvi_matched,correct,0.0034883618354797363
pbmc5k_to_pbmc10k,scvi_matched,correct,0.3797706961631775
pbmc5k_to_pbmc10k,scvi_matched,correct,0.036882638931274414
pbmc5k_to_pbmc10k,scvi_matched,correct,0.522368311882019
pbmc5k_to_pbmc10k,scvi_matched,correct,0.4414825439453125
pbmc5k_to_pbmc10k,scvi_matched,correct,0.007715344429016113
pbmc5k_to_pbmc10k,scvi_matched,correct,0.2552700638771057
pbmc5k_to_pbmc10k,scvi_matched,correct,0.3301594853401184
pbmc5k_to_pbmc10k,scvi_matched,correct,0.0027303099632263184
pbmc5k_to_pbmc10k,scvi_matched,correct,0.46104973554611206
pbmc5k_to_pbmc10k,scvi_matched,correct,0.08081817626953125
pbmc5k_to_pbmc10k,scvi_matched,correct,0.0008970499038696289
pbmc5k_to_pbmc10k,scvi_matched,correct,0.35330331325531006
pbmc5k_to_pbmc10k,scvi_matched,correct,0.5080713629722595
pbmc5k_to_pbmc10k,scvi_matched,correct,6.699562072753906e-05
pbmc5k_to_pbmc10k,scvi_matched,correct,0.06968104839324951
pbmc5k_to_pbmc10k,scvi_matched,correct,0.017774999141693115
pbmc5k_to_pbmc10k,scvi_matched,correct,0.23368215560913086
pbmc5k_to_pbmc10k,scvi_matched,correct,0.06330734491348267
pbmc5k_to_pbmc10k,scvi_matched,correct,0.2626112103462219
pbmc5k_to_pbmc10k,scvi_matched,correct,0.09051769971847534
pbmc5k_to_pbmc10k,scvi_matched,correct,0.09821277856826782
pbmc5k_to_pbmc10k,scvi_matched,correct,0.21390312910079956
pbmc5k_to_pbmc10k,scvi_matched,correct,0.45260095596313477
pbmc5k_to_pbmc10k,scvi_matched,correct,0.044071972370147705
pbmc5k_to_pbmc10k,scvi_matched,correct,0.05823373794555664
pbmc5k_to_pbmc10k,scvi_matched,correct,0.018127739429473877
pbmc5k_to_pbmc10k,scvi_matched,correct,0.0071495771408081055
pbmc5k_to_pbmc10k,scvi_matched,correct,0.1773579716682434
pbmc5k_to_pbmc10k,scvi_matched,correct,0.01590096950531006
pbmc5k_to_pbmc10k,scvi_matched,correct,0.007802426815032959
pbmc5k_to_pbmc10k,scvi_matched,correct,0.5350563526153564
pbmc5k_to_pbmc10k,scvi_matched,correct,0.138996422290802
pbmc5k_to_pbmc10k,scvi_matched,correct,0.29241812229156494
pbmc5k_to_pbmc10k,scvi_matched,correct,0.4203016757965088
pbmc5k_to_pbmc10k,scvi_matched,correct,0.4765573740005493
pbmc5k_to_pbmc10k,scvi_matched,correct,0.0541071891784668
pbmc5k_to_pbmc10k,scvi_matched,correct,0.3724769353866577
pbmc5k_to_pbmc10k,scvi_matched,correct,0.09232890605926514
pbmc5k_to_pbmc10k,scvi_matched,correct,0.3305145502090454
pbmc5k_to_pbmc10k,scvi_matched,correct,0.0073708295822143555
pbmc5k_to_pbmc10k,scvi_matched,correct,0.41341137886047363
pbmc5k_to_pbmc10k,scvi_matched,correct,0.07938885688781738
pbmc5k_to_pbmc10k,scvi_matched,correct,0.37732160091400146
pbmc5k_to_pbmc10k,scvi_matched,correct,0.040574729442596436
pbmc5k_to_pbmc10k,scvi_matched,correct,0.00010275840759277344
pbmc5k_to_pbmc10k,scvi_matched,correct,0.006918728351593018
pbmc5k_to_pbmc10k,scvi_matched,correct,0.28387194871902466
pbmc5k_to_pbmc10k,scvi_matched,correct,0.1779664158821106
pbmc5k_to_pbmc10k,scvi_matched,correct,0.0036517977714538574
pbmc5k_to_pbmc10k,scvi_matched,correct,0.18753814697265625
pbmc5k_to_pbmc10k,scvi_matched,correct,0.031498730182647705
pbmc5k_to_pbmc10k,scvi_matched,correct,0.4325982332229614
pbmc5k_to_pbmc10k,scvi_matched,correct,0.6353713274002075
pbmc5k_to_pbmc10k,scvi_matched,correct,0.11623936891555786
pbmc5k_to_pbmc10k,scvi_matched,correct,0.3550601005554199
pbmc5k_to_pbmc10k,scvi_matched,correct,0.032351553440093994
pbmc5k_to_pbmc10k,scvi_matched,correct,0.02396535873413086
pbmc5k_to_pbmc10k,scvi_matched,correct,0.0692453384399414
pbmc5k_to_pbmc10k,scvi_matched,correct,0.05276674032211304
pbmc5k_to_pbmc10k,scvi_matched,correct,0.040906548500061035
pbmc5k_to_pbmc10k,scvi_matched,correct,0.013259351253509521
pbmc5k_to_pbmc10k,scvi_matched,correct,0.02083343267440796
pbmc5k_to_pbmc10k,scvi_matched,correct,0.005156874656677246
pbmc5k_to_pbmc10k,scvi_matched,correct,0.25537097454071045
pbmc5k_to_pbmc10k,scvi_matched,correct,0.003012239933013916
pbmc5k_to_pbmc10k,scvi_matched,correct,0.05359292030334473
pbmc5k_to_pbmc10k,scvi_matched,correct,0.336419939994812
pbmc5k_to_pbmc10k,scvi_matched,correct,0.4259945750236511
pbmc5k_to_pbmc10k,scvi_matched,correct,0.07832950353622437
pbmc5k_to_pbmc10k,scvi_matched,correct,0.16286468505859375
pbmc5k_to_pbmc10k,scvi_matched,correct,0.344627320766449
pbmc5k_to_pbmc10k,scvi_matched,correct,0.10503631830215454
pbmc5k_to_pbmc10k,scvi_matched,correct,0.009986639022827148
pbmc5k_to_pbmc10k,scvi_matched,correct,0.10662919282913208
pbmc5k_to_pbmc10k,scvi_matched,correct,0.01911073923110962
pbmc5k_to_pbmc10k,scvi_matched,correct,0.0860336422920227
pbmc5k_to_pbmc10k,scvi_matched,correct,0.17130470275878906
pbmc5k_to_pbmc10k,scvi_matched,correct,0.022794127464294434
pbmc5k_to_pbmc10k,scvi_matched,correct,0.11082082986831665
pbmc5k_to_pbmc10k,scvi_matched,correct,0.41350817680358887
pbmc5k_to_pbmc10k,scvi_matched,correct,0.046623408794403076
pbmc5k_to_pbmc10k,scvi_matched,correct,0.16853052377700806
pbmc5k_to_pbmc10k,scvi_matched,correct,0.3319093585014343
pbmc5k_to_pbmc10k,scvi_matched,correct,0.3495194911956787
pbmc5k_to_pbmc10k,scvi_matched,correct,0.018794000148773193
pbmc5k_to_pbmc10k,scvi_matched,correct,0.003520786762237549
pbmc5k_to_pbmc10k,scvi_matched,correct,0.32033634185791016
pbmc5k_to_pbmc10k,scvi_matched,correct,0.04025590419769287
pbmc5k_to_pbmc10k,scvi_matched,correct,0.02452009916305542
pbmc5k_to_pbmc10k,scvi_matched,correct,0.000840306282043457
pbmc5k_to_pbmc10k,scvi_matched,correct,0.18501806259155273
pbmc5k_to_pbmc10k,scvi_matched,correct,0.2029435634613037
pbmc5k_to_pbmc10k,scvi_matched,correct,5.698204040527344e-05
pbmc5k_to_pbmc10k,scvi_matched,correct,0.21416079998016357
pbmc5k_to_pbmc10k,scvi_matched,correct,0.036133646965026855
pbmc5k_to_pbmc10k,scvi_matched,correct,0.29239869117736816
pbmc5k_to_pbmc10k,scvi_matched,incorrect,0.12129336595535278
pbmc5k_to_pbmc10k,scvi_matched,incorrect,0.20503002405166626
pbmc5k_to_pbmc10k,scvi_matched,incorrect,0.17415964603424072
pbmc5k_to_pbmc10k,scvi_matched,incorrect,0.5469415783882141
pbmc5k_to_pbmc10k,scvi_matched,incorrect,0.6851571798324585
pbmc5k_to_pbmc10k,scvi_matched,incorrect,0.5771377682685852
pbmc5k_to_pbmc10k,scvi_matched,incorrect,0.4027544856071472
pbmc5k_to_pbmc10k,scvi_matched,incorrect,0.390552282333374
pbmc5k_to_pbmc10k,scvi_matched,incorrect,0.17957937717437744
pbmc5k_to_pbmc10k,scvi_matched,incorrect,0.15657103061676025
pbmc5k_to_pbmc10k,scvi_matched,incorrect,0.6429277658462524
pbmc5k_to_pbmc10k,scvi_matched,incorrect,0.5860604047775269
pbmc5k_to_pbmc10k,scvi_matched,incorrect,0.4221026301383972
pbmc5k_to_pbmc10k,scvi_matched,incorrect,0.5419989824295044
pbmc5k_to_pbmc10k,scvi_matched,incorrect,0.4558880925178528
pbmc5k_to_pbmc10k,scvi_matched,incorrect,0.6897578239440918
pbmc5k_to_pbmc10k,scvi_matched,incorrect,0.5282317399978638
pbmc5k_to_pbmc10k,scvi_matched,incorrect,0.44917649030685425
pbmc5k_to_pbmc10k,scvi_matched,incorrect,0.6352688074111938
pbmc5k_to_pbmc10k,scvi_matched,incorrect,0.43133795261383057
pbmc5k_to_pbmc10k,scvi_matched,incorrect,0.6031981706619263
pbmc5k_to_pbmc10k,scvi_matched,incorrect,0.35978853702545166
pbmc5k_to_pbmc10k,scvi_matched,incorrect,0.2150980830192566
pbmc5k_to_pbmc10k,scvi_matched,incorrect,0.48753535747528076
pbmc5k_to_pbmc10k,scvi_matched,incorrect,0.4699615240097046
pbmc5k_to_pbmc10k,scvi_matched,incorrect,0.5546383261680603
pbmc5k_to_pbmc10k,scvi_matched,incorrect,0.04260563850402832
pbmc5k_to_pbmc10k,scvi_matched,incorrect,0.3795521855354309
pbmc5k_to_pbmc10k,scvi_matched,incorrect,0.22895926237106323
pbmc5k_to_pbmc10k,scvi_matched,incorrect,0.5649091601371765
pbmc5k_to_pbmc10k,scvi_matched,incorrect,0.7305161952972412
pbmc5k_to_pbmc10k,scvi_matched,incorrect,0.019737064838409424
pbmc5k_to_pbmc10k,scvi_matched,incorrect,0.3246573209762573
pbmc5k_to_pbmc10k,scvi_matched,incorrect,0.5130906105041504
pbmc5k_to_pbmc10k,scvi_matched,incorrect,0.1959800124168396
pbmc5k_to_pbmc10k,scvi_matched,incorrect,0.4171544313430786
pbmc5k_to_pbmc10k,scvi_matched,incorrect,0.2691534757614136
pbmc5k_to_pbmc10k,scvi_matched,incorrect,0.161335289478302
pbmc5k_to_pbmc10k,scvi_matched,incorrect,0.64414381980896
pbmc5k_to_pbmc10k,scvi_matched,incorrect,0.45258110761642456
pbmc5k_to_pbmc10k,scvi_matched,incorrect,0.1756715178489685
pbmc5k_to_pbmc10k,scvi_matched,incorrect,0.1846194863319397
pbmc5k_to_pbmc10k,scvi_matched,incorrect,0.5693997740745544
pbmc5k_to_pbmc10k,scvi_matched,incorrect,0.42457979917526245
pbmc5k_to_pbmc10k,scvi_matched,incorrect,0.7264307737350464
pbmc5k_to_pbmc10k,scvi_matched,incorrect,0.30005592107772827
pbmc5k_to_pbmc10k,scvi_matched,incorrect,0.6545162200927734
pbmc5k_to_pbmc10k,scvi_matched,incorrect,0.4755735993385315
pbmc5k_to_pbmc10k,scvi_matched,incorrect,0.29707467555999756
pbmc5k_to_pbmc10k,scvi_matched,incorrect,0.4471362233161926
pbmc5k_to_pbmc10k,scvi_matched,incorrect,0.518493115901947
pbmc5k_to_pbmc10k,scvi_matched,incorrect,0.37139904499053955
pbmc5k_to_pbmc10k,scvi_matched,incorrect,0.23319703340530396
pbmc5k_to_pbmc10k,scvi_matched,incorrect,0.6457580327987671
pbmc5k_to_pbmc10k,scvi_matched,incorrect,0.23385614156723022
pbmc5k_to_pbmc10k,scvi_matched,incorrect,0.3168780207633972
pbmc5k_to_pbmc10k,scvi_matched,incorrect,0.6303298473358154
pbmc5k_to_pbmc10k,scvi_matched,incorrect,0.2922617793083191
pbmc5k_to_pbmc10k,scvi_matched,incorrect,0.24958711862564087
pbmc5k_to_pbmc10k,scvi_matched,incorrect,0.07895046472549438
pbmc5k_to_pbmc10k,scvi_matched,incorrect,0.4745578169822693
pbmc5k_to_pbmc10k,scvi_matched,incorrect,0.13914477825164795
pbmc5k_to_pbmc10k,scvi_matched,incorrect,0.625088095664978
pbmc5k_to_pbmc10k,scvi_matched,incorrect,0.559292197227478
pbmc5k_to_pbmc10k,scvi_matched,incorrect,0.5215085744857788
pbmc5k_to_pbmc10k,scvi_matched,incorrect,0.6072723269462585
pbmc5k_to_pbmc10k,scvi_matched,incorrect,0.33488452434539795
pbmc5k_to_pbmc10k,scvi_matched,incorrect,0.07811355590820312
pbmc5k_to_pbmc10k,scvi_matched,incorrect,0.7710735201835632
pbmc5k_to_pbmc10k,scvi_matched,incorrect,0.28925198316574097
pbmc5k_to_pbmc10k,scvi_matched,incorrect,0.6754777431488037
pbmc5k_to_pbmc10k,scvi_matched,incorrect,0.24760913848876953
pbmc5k_to_pbmc10k,scvi_matched,incorrect,0.4329874515533447
pbmc5k_to_pbmc10k,scvi_matched,incorrect,0.31843870878219604
pbmc5k_to_pbmc10k,scvi_matched,incorrect,0.12579995393753052
pbmc5k_to_pbmc10k,scvi_matched,incorrect,0.5029355883598328
pbmc5k_to_pbmc10k,scvi_matched,incorrect,0.4901196360588074
pbmc5k_to_pbmc10k,scvi_matched,incorrect,0.3883422017097473
pbmc5k_to_pbmc10k,scvi_matched,incorrect,0.7035557627677917
pbmc5k_to_pbmc10k,scvi_matched,incorrect,0.5953561663627625
pbmc5k_to_pbmc10k,scvi_matched,incorrect,0.44892263412475586
pbmc5k_to_pbmc10k,scvi_matched,incorrect,0.5581983327865601
pbmc5k_to_pbmc10k,scvi_matched,incorrect,0.3716437816619873
pbmc5k_to_pbmc10k,scvi_matched,incorrect,0.7439829707145691
pbmc5k_to_pbmc10k,scvi_matched,incorrect,0.5279288291931152
pbmc5k_to_pbmc10k,scvi_matched,incorrect,0.3617172837257385
pbmc5k_to_pbmc10k,scvi_matched,incorrect,0.1712409257888794
pbmc5k_to_pbmc10k,scvi_matched,incorrect,0.40415120124816895
pbmc5k_to_pbmc10k,scvi_matched,incorrect,0.39142322540283203
pbmc5k_to_pbmc10k,scvi_matched,incorrect,0.5919511318206787
pbmc5k_to_pbmc10k,scvi_matched,incorrect,0.3418920636177063
pbmc5k_to_pbmc10k,scvi_matched,incorrect,0.5012409090995789
pbmc5k_to_pbmc10k,scvi_matched,incorrect,0.37861382961273193
pbmc5k_to_pbmc10k,scvi_matched,incorrect,0.7213394641876221
pbmc5k_to_pbmc10k,scvi_matched,incorrect,0.5257856845855713
pbmc5k_to_pbmc10k,scvi_matched,incorrect,0.5107525587081909
pbmc5k_to_pbmc10k,scvi_matched,incorrect,0.4361432194709778
pbmc5k_to_pbmc10k,scvi_matched,incorrect,0.400706946849823
pbmc5k_to_pbmc10k,scvi_matched,incorrect,0.22085589170455933
pbmc5k_to_pbmc10k,scvi_matched,incorrect,0.4351620674133301
pbmc5k_to_pbmc10k,scvi_matched,incorrect,0.24761426448822021
pbmc5k_to_pbmc10k,scvi_matched,incorrect,0.3895159363746643
pbmc5k_to_pbmc10k,scvi_matched,incorrect,0.5524143576622009
pbmc5k_to_pbmc10k,scvi_matched,incorrect,0.6138826012611389
pbmc5k_to_pbmc10k,scvi_matched,incorrect,0.6458032131195068
pbmc5k_to_pbmc10k,scvi_matched,incorrect,0.3976842164993286
pbmc5k_to_pbmc10k,scvi_matched,incorrect,0.497127890586853
pbmc5k_to_pbmc10k,scvi_matched,incorrect,0.5462964773178101
pbmc5k_to_pbmc10k,scvi_matched,incorrect,0.29969948530197144
pbmc5k_to_pbmc10k,scvi_matched,incorrect,0.595003068447113
pbmc5k_to_pbmc10k,scvi_matched,incorrect,0.5553865432739258
pbmc5k_to_pbmc10k,scvi_matched,incorrect,0.16366344690322876
pbmc5k_to_pbmc10k,scvi_matched,incorrect,0.12414544820785522
pbmc5k_to_pbmc10k,scvi_matched,incorrect,0.34542638063430786
pbmc5k_to_pbmc10k,scvi_matched,incorrect,0.44210439920425415
pbmc5k_to_pbmc10k,scvi_matched,incorrect,0.48003077507019043
pbmc5k_to_pbmc10k,scvi_matched,incorrect,0.6331721544265747
pbmc5k_to_pbmc10k,scvi_matched,incorrect,0.452545166015625
pbmc5k_to_pbmc10k,scvi_matched,incorrect,0.6444512605667114
pbmc5k_to_pbmc10k,scvi_matched,incorrect,0.22300511598587036
pbmc5k_to_pbmc10k,scvi_matched,incorrect,0.38937318325042725
pbmc5k_to_pbmc10k,scvi_matched,incorrect,0.23992466926574707
pbmc5k_to_pbmc10k,scvi_matched,incorrect,0.4414106011390686
pbmc5k_to_pbmc10k,scvi_matched,incorrect,0.5947450399398804
pbmc5k_to_pbmc10k,scvi_matched,incorrect,0.5533564686775208
pbmc5k_to_pbmc10k,scvi_matched,incorrect,0.22472679615020752
pbmc5k_to_pbmc10k,scvi_matched,incorrect,0.3462807536125183
pbmc5k_to_pbmc10k,scvi_matched,incorrect,0.1993923783302307
pbmc5k_to_pbmc10k,scvi_matched,incorrect,0.49179738759994507
pbmc5k_to_pbmc10k,scvi_matched,incorrect,0.3878630995750427
pbmc5k_to_pbmc10k,scvi_matched,incorrect,0.46668583154678345
pbmc5k_to_pbmc10k,scvi_matched,incorrect,0.3019178509712219
pbmc5k_to_pbmc10k,scvi_matched,incorrect,0.719672441482544
pbmc5k_to_pbmc10k,scvi_matched,incorrect,0.288438618183136
pbmc5k_to_pbmc10k,scvi_matched,incorrect,0.494137704372406
pbmc5k_to_pbmc10k,scvi_matched,incorrect,0.3818942904472351
pbmc5k_to_pbmc10k,scvi_matched,incorrect,0.45199835300445557
pbmc5k_to_pbmc10k,scvi_matched,incorrect,0.7192990779876709
pbmc5k_to_pbmc10k,scvi_matched,incorrect,0.2629817724227905
pbmc5k_to_pbmc10k,scvi_matched,incorrect,0.6248630285263062
pbmc5k_to_pbmc10k,scvi_matched,incorrect,0.370760977268219
pbmc5k_to_pbmc10k,scvi_matched,incorrect,0.21541279554367065
pbmc5k_to_pbmc10k,scvi_matched,incorrect,0.2595897316932678
pbmc5k_to_pbmc10k,scvi_matched,incorrect,0.6194959878921509
pbmc5k_to_pbmc10k,scvi_matched,incorrect,0.42586249113082886
pbmc5k_to_pbmc10k,scvi_matched,incorrect,0.13420909643173218
pbmc5k_to_pbmc10k,scvi_matched,incorrect,0.7080072164535522
pbmc5k_to_pbmc10k,scvi_matched,incorrect,0.5386089086532593
pbmc5k_to_pbmc10k,scvi_matched,incorrect,0.351535439491272
pbmc5k_to_pbmc10k,scvi_matched,incorrect,0.35094982385635376
pbmc5k_to_pbmc10k,scvi_matched,incorrect,0.43512922525405884
pbmc5k_to_pbmc10k,scvi_matched,incorrect,0.575385570526123
pbmc5k_to_pbmc10k,scvi_matched,incorrect,0.7640634775161743
pbmc5k_to_pbmc10k,scvi_matched,incorrect,0.696599006652832
pbmc5k_to_pbmc10k,scvi_matched,incorrect,0.021835029125213623
pbmc5k_to_pbmc10k,scvi_matched,incorrect,0.5295742154121399
pbmc5k_to_pbmc10k,scvi_matched,incorrect,0.5416521430015564
pbmc5k_to_pbmc10k,scvi_matched,incorrect,0.1035953164100647
pbmc5k_to_pbmc10k,scvi_matched,incorrect,0.2509366273880005
pbmc5k_to_pbmc10k,scvi_matched,incorrect,0.5040730834007263
pbmc5k_to_pbmc10k,scvi_matched,incorrect,0.2794702649116516
pbmc5k_to_pbmc10k,scvi_matched,incorrect,0.3403436541557312
pbmc5k_to_pbmc10k,scvi_matched,incorrect,0.6882575750350952
pbmc5k_to_pbmc10k,scvi_matched,incorrect,0.2903047204017639
pbmc5k_to_pbmc10k,scvi_matched,incorrect,0.2749980092048645
pbmc5k_to_pbmc10k,scvi_matched,incorrect,0.3948032259941101
pbmc5k_to_pbmc10k,scvi_matched,incorrect,0.49975091218948364
pbmc5k_to_pbmc10k,scvi_matched,incorrect,0.30344700813293457
pbmc5k_to_pbmc10k,scvi_matched,incorrect,0.45299386978149414
pbmc5k_to_pbmc10k,scvi_matched,incorrect,0.43122726678848267
pbmc5k_to_pbmc10k,scvi_matched,incorrect,0.5585063695907593
pbmc5k_to_pbmc10k,scvi_matched,incorrect,0.40355151891708374
pbmc5k_to_pbmc10k,scvi_matched,incorrect,0.2325165867805481
pbmc5k_to_pbmc10k,scvi_matched,incorrect,0.2345578670501709
pbmc5k_to_pbmc10k,scvi_matched,incorrect,0.3021821975708008
pbmc5k_to_pbmc10k,scvi_matched,incorrect,0.3733333945274353
pbmc5k_to_pbmc10k,scvi_matched,incorrect,0.6411430835723877
pbmc5k_to_pbmc10k,scvi_matched,incorrect,0.2707056999206543
pbmc5k_to_pbmc10k,scvi_matched,incorrect,0.4690343141555786
pbmc5k_to_pbmc10k,scvi_matched,incorrect,0.4487988352775574
pbmc5k_to_pbmc10k,scvi_matched,incorrect,0.587812602519989
pbmc5k_to_pbmc10k,scvi_matched,incorrect,0.3567550778388977
pbmc5k_to_pbmc10k,scvi_matched,incorrect,0.48048657178878784
pbmc5k_to_pbmc10k,scvi_matched,incorrect,0.4516662359237671
pbmc5k_to_pbmc10k,scvi_matched,incorrect,0.5520353317260742
pbmc5k_to_pbmc10k,scvi_matched,incorrect,0.6749829053878784
pbmc5k_to_pbmc10k,scvi_matched,incorrect,0.49202781915664673
pbmc5k_to_pbmc10k,scvi_matched,incorrect,0.29280316829681396
pbmc5k_to_pbmc10k,scvi_matched,incorrect,0.3086974024772644
pbmc5k_to_pbmc10k,scvi_matched,incorrect,0.1819043755531311
pbmc5k_to_pbmc10k,scvi_matched,incorrect,0.22811150550842285
pbmc5k_to_pbmc10k,scvi_matched,incorrect,0.1759822964668274
pbmc5k_to_pbmc10k,scvi_matched,incorrect,0.19748395681381226
pbmc5k_to_pbmc10k,scvi_matched,incorrect,0.3407456874847412
pbmc5k_to_pbmc10k,scvi_matched,incorrect,0.6483751535415649
pbmc5k_to_pbmc10k,scvi_matched,incorrect,0.0793340802192688
pbmc5k_to_pbmc10k,scvi_matched,incorrect,0.4733031392097473
pbmc5k_to_pbmc10k,scvi_matched,incorrect,0.5454445481300354
pbmc5k_to_pbmc10k,scvi_matched,incorrect,0.40592455863952637
pbmc5k_to_pbmc10k,scvi_matched,incorrect,0.122672438621521
pbmc5k_to_pbmc10k,scvi_matched,incorrect,0.22868692874908447
pbmc5k_to_pbmc10k,scvi_matched,incorrect,0.5079737305641174
pbmc5k_to_pbmc10k,scvi_matched,incorrect,0.5323619842529297
pbmc5k_to_pbmc10k,scvi_matched,incorrect,0.07902121543884277
pbmc5k_to_pbmc10k,scvi_matched,incorrect,0.44419461488723755
pbmc5k_to_pbmc10k,scvi_matched,incorrect,0.306959331035614
pbmc5k_to_pbmc10k,scvi_matched,incorrect,0.298348069190979
pbmc5k_to_pbmc10k,scvi_matched,incorrect,0.2853270173072815
pbmc5k_to_pbmc10k,scvi_matched,incorrect,0.5791736245155334
pbmc5k_to_pbmc10k,scvi_matched,incorrect,0.14902263879776
pbmc5k_to_pbmc10k,scvi_matched,incorrect,0.48554855585098267
pbmc5k_to_pbmc10k,scvi_matched,incorrect,0.6028926372528076
pbmc5k_to_pbmc10k,scvi_matched,incorrect,0.46004730463027954
pbmc5k_to_pbmc10k,scvi_matched,incorrect,0.645805299282074
pbmc5k_to_pbmc10k,scvi_matched,incorrect,0.5330387949943542
pbmc5k_to_pbmc10k,scvi_matched,incorrect,0.3347654342651367
pbmc5k_to_pbmc10k,scvi_matched,incorrect,0.15992522239685059
pbmc5k_to_pbmc10k,scvi_matched,incorrect,0.21191680431365967
pbmc5k_to_pbmc10k,scvi_matched,incorrect,0.3331136107444763
pbmc5k_to_pbmc10k,scvi_matched,incorrect,0.6082212924957275
pbmc5k_to_pbmc10k,scvi_matched,incorrect,0.34917551279067993
pbmc5k_to_pbmc10k,scvi_matched,incorrect,0.18261772394180298
pbmc5k_to_pbmc10k,scvi_matched,incorrect,0.23667925596237183
pbmc5k_to_pbmc10k,scvi_matched,incorrect,0.4376545548439026
pbmc5k_to_pbmc10k,scvi_matched,incorrect,0.34365755319595337
pbmc5k_to_pbmc10k,scvi_matched,incorrect,0.4643568992614746
pbmc5k_to_pbmc10k,scvi_matched,incorrect,0.46766579151153564
pbmc5k_to_pbmc10k,scvi_matched,incorrect,0.41800010204315186
pbmc5k_to_pbmc10k,scvi_matched,incorrect,0.5471808910369873
pbmc5k_to_pbmc10k,scvi_matched,incorrect,0.7151087522506714
pbmc5k_to_pbmc10k,scvi_matched,incorrect,0.48722487688064575
pbmc5k_to_pbmc10k,scvi_matched,incorrect,0.48109060525894165
pbmc5k_to_pbmc10k,scvi_matched,incorrect,0.43402761220932007
pbmc5k_to_pbmc10k,scvi_matched,incorrect,0.12084978818893433
pbmc5k_to_pbmc10k,scvi_matched,incorrect,0.5230255126953125
pbmc5k_to_pbmc10k,scvi_matched,incorrect,0.41870683431625366
pbmc5k_to_pbmc10k,scvi_matched,incorrect,0.06423765420913696
pbmc5k_to_pbmc10k,scvi_matched,incorrect,0.6641539335250854
pbmc5k_to_pbmc10k,scvi_matched,incorrect,0.2827138900756836
pbmc5k_to_pbmc10k,scvi_matched,incorrect,0.4883710741996765
pbmc5k_to_pbmc10k,scvi_matched,incorrect,0.37276798486709595
pbmc5k_to_pbmc10k,scvi_matched,incorrect,0.2394813895225525
pbmc5k_to_pbmc10k,scvi_matched,incorrect,0.6090167760848999
pbmc5k_to_pbmc10k,scvi_matched,incorrect,0.4288982152938843
pbmc5k_to_pbmc10k,scvi_matched,incorrect,0.4143185019493103
pbmc5k_to_pbmc10k,scvi_matched,incorrect,0.3584315776824951
pbmc5k_to_pbmc10k,scvi_matched,incorrect,0.01235342025756836
pbmc5k_to_pbmc10k,scvi_matched,incorrect,0.4140583872795105
pbmc5k_to_pbmc10k,scvi_matched,incorrect,0.11339002847671509
pbmc5k_to_pbmc10k,scvi_matched,incorrect,0.5372217893600464
pbmc5k_to_pbmc10k,scvi_matched,incorrect,0.550001859664917
pbmc5k_to_pbmc10k,scvi_matched,incorrect,0.5003020763397217
pbmc5k_to_pbmc10k,scvi_matched,incorrect,0.5830533504486084
pbmc5k_to_pbmc10k,scvi_matched,incorrect,0.3800612688064575
pbmc5k_to_pbmc10k,scvi_matched,incorrect,0.031325697898864746
pbmc5k_to_pbmc10k,scvi_matched,incorrect,0.6692906618118286
pbmc5k_to_pbmc10k,scvi_matched,incorrect,0.2560424208641052
pbmc5k_to_pbmc10k,scvi_matched,incorrect,0.290252685546875
pbmc5k_to_pbmc10k,scvi_matched,incorrect,0.5048133134841919
pbmc5k_to_pbmc10k,scvi_matched,incorrect,0.39314866065979004
pbmc5k_to_pbmc10k,scvi_matched,incorrect,0.5601702928543091
pbmc5k_to_pbmc10k,scvi_matched,incorrect,0.4903302788734436
pbmc5k_to_pbmc10k,scvi_matched,incorrect,0.5828605890274048
pbmc5k_to_pbmc10k,scvi_matched,incorrect,0.37617015838623047
pbmc5k_to_pbmc10k,scvi_matched,incorrect,0.4336669445037842
pbmc5k_to_pbmc10k,scvi_matched,incorrect,0.5222222208976746
pbmc5k_to_pbmc10k,scvi_matched,incorrect,0.7438682317733765
pbmc5k_to_pbmc10k,scvi_matched,incorrect,0.04445326328277588
pbmc5k_to_pbmc10k,scvi_matched,incorrect,0.43448352813720703
pbmc5k_to_pbmc10k,scvi_matched,incorrect,0.2673149108886719
pbmc5k_to_pbmc10k,scvi_matched,incorrect,0.28877490758895874
pbmc5k_to_pbmc10k,scvi_matched,incorrect,0.46587276458740234
pbmc5k_to_pbmc10k,scvi_matched,incorrect,0.6272808313369751
pbmc5k_to_pbmc10k,scvi_matched,incorrect,0.5470151901245117
pbmc5k_to_pbmc10k,scvi_matched,incorrect,0.5658797025680542
pbmc5k_to_pbmc10k,scvi_matched,incorrect,0.5773650407791138
pbmc5k_to_pbmc10k,scvi_matched,incorrect,0.37761491537094116
pbmc5k_to_pbmc10k,scvi_matched,incorrect,0.40067946910858154
pbmc5k_to_pbmc10k,scvi_matched,incorrect,0.045001089572906494
pbmc5k_to_pbmc10k,scvi_matched,incorrect,0.27660608291625977
pbmc5k_to_pbmc10k,scvi_matched,incorrect,0.6061719655990601
pbmc5k_to_pbmc10k,scvi_matched,incorrect,0.5028177499771118
pbmc5k_to_pbmc10k,scvi_matched,incorrect,0.13923805952072144
pbmc5k_to_pbmc10k,scvi_matched,incorrect,0.024014711380004883
pbmc5k_to_pbmc10k,scvi_matched,incorrect,0.1586187481880188
pbmc5k_to_pbmc10k,scvi_matched,incorrect,0.1588326096534729
pbmc5k_to_pbmc10k,scvi_matched,incorrect,0.5333620309829712
pbmc5k_to_pbmc10k,scvi_matched,incorrect,0.43550342321395874
pbmc5k_to_pbmc10k,scvi_matched,incorrect,0.6638082265853882
pbmc5k_to_pbmc10k,scvi_matched,incorrect,0.1270110011100769
pbmc5k_to_pbmc10k,scvi_matched,incorrect,0.3978833556175232
pbmc5k_to_pbmc10k,scvi_matched,incorrect,0.58818519115448
pbmc5k_to_pbmc10k,scvi_matched,incorrect,0.46320295333862305
pbmc5k_to_pbmc10k,scvi_matched,incorrect,0.45900964736938477
pbmc5k_to_pbmc10k,scvi_matched,incorrect,0.5175255537033081
pbmc5k_to_pbmc10k,scvi_matched,incorrect,0.06951427459716797
pbmc5k_to_pbmc10k,scvi_matched,incorrect,0.36854666471481323
pbmc5k_to_pbmc10k,scvi_matched,incorrect,0.22565633058547974
pbmc5k_to_pbmc10k,scvi_matched,incorrect,0.44804561138153076
pbmc5k_to_pbmc10k,scvi_matched,incorrect,0.5824497938156128
pbmc5k_to_pbmc10k,scvi_matched,incorrect,0.675200879573822
pbmc5k_to_pbmc10k,scvi_matched,incorrect,0.3448813557624817
pbmc5k_to_pbmc10k,scvi_matched,incorrect,0.21331584453582764
pbmc5k_to_pbmc10k,scvi_matched,incorrect,0.34458136558532715
pbmc5k_to_pbmc10k,scvi_matched,incorrect,0.2952030897140503
pbmc5k_to_pbmc10k,scvi_matched,incorrect,0.03665125370025635
pbmc5k_to_pbmc10k,scvi_matched,incorrect,0.4464479684829712
pbmc5k_to_pbmc10k,scvi_matched,incorrect,0.1837051510810852
pbmc5k_to_pbmc10k,scvi_matched,incorrect,0.6987291574478149
pbmc5k_to_pbmc10k,scvi_matched,incorrect,0.5924574136734009
pbmc5k_to_pbmc10k,scvi_matched,incorrect,0.5152473449707031
pbmc5k_to_pbmc10k,scvi_matched,incorrect,0.45660221576690674
pbmc5k_to_pbmc10k,scvi_matched,incorrect,0.7425771355628967
pbmc5k_to_pbmc10k,scvi_matched,incorrect,0.5326173305511475
pbmc5k_to_pbmc10k,scvi_matched,incorrect,0.3132791519165039
pbmc5k_to_pbmc10k,scvi_matched,incorrect,0.6981290578842163
pbmc5k_to_pbmc10k,scvi_matched,incorrect,0.42502158880233765
pbmc5k_to_pbmc10k,scvi_matched,incorrect,0.644257664680481
pbmc5k_to_pbmc10k,scvi_matched,incorrect,0.5245167016983032
pbmc5k_to_pbmc10k,scvi_matched,incorrect,0.5987082719802856
pbmc5k_to_pbmc10k,scvi_matched,incorrect,0.35273951292037964
pbmc5k_to_pbmc10k,scvi_matched,incorrect,0.08005416393280029
pbmc5k_to_pbmc10k,scvi_matched,incorrect,0.25073444843292236
pbmc5k_to_pbmc10k,scvi_matched,incorrect,0.3473496437072754
pbmc5k_to_pbmc10k,scvi_matched,incorrect,0.40041297674179077
pbmc5k_to_pbmc10k,scvi_matched,incorrect,0.5296315550804138
pbmc5k_to_pbmc10k,scvi_matched,incorrect,0.2802983522415161
pbmc5k_to_pbmc10k,scvi_matched,incorrect,0.3225729465484619
pbmc5k_to_pbmc10k,scvi_matched,incorrect,0.449657678604126
pbmc5k_to_pbmc10k,scvi_matched,incorrect,0.3589019179344177
pbmc5k_to_pbmc10k,scvi_matched,incorrect,0.13424628973007202
pbmc5k_to_pbmc10k,scvi_matched,incorrect,0.5641030073165894
pbmc5k_to_pbmc10k,scvi_matched,incorrect,0.2298402190208435
pbmc5k_to_pbmc10k,scvi_matched,incorrect,0.1539757251739502
pbmc5k_to_pbmc10k,scvi_matched,incorrect,0.21332591772079468
pbmc5k_to_pbmc10k,scvi_matched,incorrect,0.4402136206626892
pbmc5k_to_pbmc10k,scvi_matched,incorrect,0.37647873163223267
pbmc5k_to_pbmc10k,scvi_matched,incorrect,0.10079824924468994
pbmc5k_to_pbmc10k,scvi_matched,incorrect,0.4406473636627197
pbmc5k_to_pbmc10k,scvi_matched,incorrect,0.1232445240020752
pbmc5k_to_pbmc10k,scvi_matched,incorrect,0.6393962502479553
pbmc5k_to_pbmc10k,scvi_matched,incorrect,0.716873288154602
pbmc5k_to_pbmc10k,scvi_matched,incorrect,0.2847849726676941
pbmc5k_to_pbmc10k,scvi_matched,incorrect,0.5158988833427429
pbmc5k_to_pbmc10k,scvi_matched,incorrect,0.4595993757247925
pbmc5k_to_pbmc10k,scvi_matched,incorrect,0.49867141246795654
pbmc5k_to_pbmc10k,scvi_matched,incorrect,0.28030288219451904
pbmc5k_to_pbmc10k,scvi_matched,incorrect,0.5178440809249878
pbmc5k_to_pbmc10k,scvi_matched,incorrect,0.49881845712661743
pbmc5k_to_pbmc10k,scvi_matched,incorrect,0.27141934633255005
pbmc5k_to_pbmc10k,scvi_matched,incorrect,0.5537811517715454
pbmc5k_to_pbmc10k,scvi_matched,incorrect,0.6077206134796143
pbmc5k_to_pbmc10k,scvi_matched,incorrect,0.45700037479400635
pbmc5k_to_pbmc10k,scvi_matched,incorrect,0.13731616735458374
pbmc5k_to_pbmc10k,scvi_matched,incorrect,0.42981499433517456
pbmc5k_to_pbmc10k,scvi_matched,incorrect,0.47155749797821045
pbmc5k_to_pbmc10k,scvi_matched,incorrect,0.41159743070602417
pbmc5k_to_pbmc10k,scvi_matched,incorrect,0.4990834593772888
pbmc5k_to_pbmc10k,scvi_matched,incorrect,0.3429933190345764
pbmc5k_to_pbmc10k,scvi_matched,incorrect,0.21037477254867554
pbmc5k_to_pbmc10k,scvi_matched,incorrect,0.70543372631073
pbmc5k_to_pbmc10k,scvi_matched,incorrect,0.5939352512359619
pbmc5k_to_pbmc10k,scvi_matched,incorrect,0.4816017746925354
pbmc5k_to_pbmc10k,scvi_matched,incorrect,0.45161592960357666
pbmc5k_to_pbmc10k,scvi_matched,incorrect,0.2435029149055481
pbmc5k_to_pbmc10k,scvi_matched,incorrect,0.48119813203811646
pbmc5k_to_pbmc10k,scvi_matched,incorrect,0.25102633237838745
pbmc5k_to_pbmc10k,scvi_matched,incorrect,0.5263407230377197
pbmc5k_to_pbmc10k,scvi_matched,incorrect,0.6598421335220337
pbmc5k_to_pbmc10k,scvi_matched,incorrect,0.5877488255500793
pbmc5k_to_pbmc10k,scvi_matched,incorrect,0.5199066400527954
pbmc5k_to_pbmc10k,scvi_matched,incorrect,0.5326404571533203
pbmc5k_to_pbmc10k,scvi_matched,incorrect,0.6161463260650635
pbmc5k_to_pbmc10k,scvi_matched,incorrect,0.5154500603675842
pbmc5k_to_pbmc10k,scvi_matched,incorrect,0.5625765919685364
pbmc5k_to_pbmc10k,scvi_matched,incorrect,0.4740169048309326
pbmc5k_to_pbmc10k,scvi_matched,incorrect,0.6223422288894653
pbmc5k_to_pbmc10k,scvi_matched,incorrect,0.7134015560150146
pbmc5k_to_pbmc10k,scvi_matched,incorrect,0.44945597648620605
pbmc5k_to_pbmc10k,scvi_matched,incorrect,0.11390429735183716
pbmc5k_to_pbmc10k,scvi_matched,incorrect,0.16017961502075195
pbmc5k_to_pbmc10k,scvi_matched,incorrect,0.20802515745162964
pbmc5k_to_pbmc10k,scvi_matched,incorrect,0.546173632144928
pbmc5k_to_pbmc10k,scvi_matched,incorrect,0.20898431539535522
pbmc5k_to_pbmc10k,scvi_matched,incorrect,0.6330127120018005
pbmc5k_to_pbmc10k,scvi_matched,incorrect,0.19708091020584106
pbmc5k_to_pbmc10k,scvi_matched,incorrect,0.6846985816955566
pbmc5k_to_pbmc10k,scvi_matched,incorrect,0.3398746848106384
pbmc5k_to_pbmc10k,scvi_matched,incorrect,0.07387232780456543
pbmc5k_to_pbmc10k,scvi_matched,incorrect,0.37180066108703613
pbmc5k_to_pbmc10k,scvi_matched,incorrect,0.5611706972122192
pbmc5k_to_pbmc10k,scvi_matched,incorrect,0.37704241275787354
pbmc5k_to_pbmc10k,scvi_matched,incorrect,0.1835036277770996
pbmc5k_to_pbmc10k,scvi_matched,incorrect,0.4993212819099426
pbmc5k_to_pbmc10k,scvi_matched,incorrect,0.3998118042945862
pbmc5k_to_pbmc10k,scvi_matched,incorrect,0.13816440105438232
pbmc5k_to_pbmc10k,scvi_matched,incorrect,0.5637259483337402
pbmc5k_to_pbmc10k,scvi_matched,incorrect,0.3209778070449829
pbmc5k_to_pbmc10k,scvi_matched,incorrect,0.5617275238037109
pbmc5k_to_pbmc10k,scvi_matched,incorrect,0.4231330156326294
pbmc5k_to_pbmc10k,scvi_matched,incorrect,0.48903948068618774
pbmc5k_to_pbmc10k,scvi_matched,incorrect,0.4203219413757324
pbmc5k_to_pbmc10k,scvi_matched,incorrect,0.36621028184890747
pbmc5k_to_pbmc10k,scvi_matched,incorrect,0.17624425888061523
pbmc5k_to_pbmc10k,scvi_matched,incorrect,0.3600406050682068
pbmc5k_to_pbmc10k,scvi_matched,incorrect,0.4056817889213562
pbmc5k_to_pbmc10k,scvi_matched,incorrect,0.38570988178253174
pbmc5k_to_pbmc10k,scvi_matched,incorrect,0.7092056274414062
pbmc5k_to_pbmc10k,scvi_matched,incorrect,0.6589926481246948
pbmc5k_to_pbmc10k,scvi_matched,incorrect,0.7434837818145752
pbmc5k_to_pbmc10k,scvi_matched,incorrect,0.3155120611190796
pbmc5k_to_pbmc10k,scvi_matched,incorrect,0.7376481294631958
pbmc5k_to_pbmc10k,scvi_matched,incorrect,0.5617141723632812
pbmc5k_to_pbmc10k,scvi_matched,incorrect,0.6655431389808655
pbmc5k_to_pbmc10k,scvi_matched,incorrect,0.7499590516090393
pbmc5k_to_pbmc10k,scvi_matched,incorrect,0.5387125611305237
pbmc5k_to_pbmc10k,scvi_matched,incorrect,0.4205085039138794
pbmc5k_to_pbmc10k,scvi_matched,incorrect,0.5177755355834961
pbmc5k_to_pbmc10k,scvi_matched,incorrect,0.6580297946929932
pbmc5k_to_pbmc10k,scvi_matched,incorrect,0.6345087885856628
pbmc5k_to_pbmc10k,scvi_matched,incorrect,0.7057043313980103
pbmc5k_to_pbmc10k,scvi_matched,incorrect,0.43576574325561523
pbmc5k_to_pbmc10k,scvi_matched,incorrect,0.5542221069335938
pbmc5k_to_pbmc10k,scvi_matched,incorrect,0.42617863416671753
pbmc5k_to_pbmc10k,scvi_matched,incorrect,0.3823469281196594
pbmc5k_to_pbmc10k,scvi_matched,incorrect,0.5146669149398804
pbmc5k_to_pbmc10k,scvi_matched,incorrect,0.49369847774505615
pbmc5k_to_pbmc10k,scvi_matched,incorrect,0.45721226930618286
pbmc5k_to_pbmc10k,scvi_matched,incorrect,0.5618886947631836
pbmc5k_to_pbmc10k,scvi_matched,incorrect,0.4007696509361267
pbmc5k_to_pbmc10k,scvi_matched,incorrect,0.4292439818382263
pbmc5k_to_pbmc10k,scvi_matched,incorrect,0.6221120357513428
pbmc5k_to_pbmc10k,scvi_matched,incorrect,0.5218513011932373
pbmc5k_to_pbmc10k,scvi_matched,incorrect,0.30512064695358276
pbmc5k_to_pbmc10k,scvi_matched,incorrect,0.6195449829101562
pbmc5k_to_pbmc10k,totalvi,correct,0.007689833641052246
pbmc5k_to_pbmc10k,totalvi,correct,0.10155695676803589
pbmc5k_to_pbmc10k,totalvi,correct,0.0053369998931884766
pbmc5k_to_pbmc10k,totalvi,correct,0.19799506664276123
pbmc5k_to_pbmc10k,totalvi,correct,0.18775832653045654
pbmc5k_to_pbmc10k,totalvi,correct,0.03858447074890137
pbmc5k_to_pbmc10k,totalvi,correct,0.0009081363677978516
pbmc5k_to_pbmc10k,totalvi,correct,0.4671518802642822
pbmc5k_to_pbmc10k,totalvi,correct,0.04180610179901123
pbmc5k_to_pbmc10k,totalvi,correct,0.34772807359695435
pbmc5k_to_pbmc10k,totalvi,correct,0.08442550897598267
pbmc5k_to_pbmc10k,totalvi,correct,0.16319048404693604
pbmc5k_to_pbmc10k,totalvi,correct,0.3476914167404175
pbmc5k_to_pbmc10k,totalvi,correct,0.0014240741729736328
pbmc5k_to_pbmc10k,totalvi,correct,0.30565541982650757
pbmc5k_to_pbmc10k,totalvi,correct,0.004122614860534668
pbmc5k_to_pbmc10k,totalvi,correct,0.08329951763153076
pbmc5k_to_pbmc10k,totalvi,correct,0.5099465250968933
pbmc5k_to_pbmc10k,totalvi,correct,0.03520113229751587
pbmc5k_to_pbmc10k,totalvi,correct,0.04533618688583374
pbmc5k_to_pbmc10k,totalvi,correct,0.14532583951950073
pbmc5k_to_pbmc10k,totalvi,correct,0.016015589237213135
pbmc5k_to_pbmc10k,totalvi,correct,0.029330074787139893
pbmc5k_to_pbmc10k,totalvi,correct,0.004980325698852539
pbmc5k_to_pbmc10k,totalvi,correct,0.044945478439331055
pbmc5k_to_pbmc10k,totalvi,correct,0.4047958254814148
pbmc5k_to_pbmc10k,totalvi,correct,0.13587647676467896
pbmc5k_to_pbmc10k,totalvi,correct,0.2086164951324463
pbmc5k_to_pbmc10k,totalvi,correct,0.07483267784118652
pbmc5k_to_pbmc10k,totalvi,correct,0.25996339321136475
pbmc5k_to_pbmc10k,totalvi,correct,0.017217934131622314
pbmc5k_to_pbmc10k,totalvi,correct,0.30686652660369873
pbmc5k_to_pbmc10k,totalvi,correct,0.00873875617980957
pbmc5k_to_pbmc10k,totalvi,correct,0.512048602104187
pbmc5k_to_pbmc10k,totalvi,correct,0.055462539196014404
pbmc5k_to_pbmc10k,totalvi,correct,0.042810261249542236
pbmc5k_to_pbmc10k,totalvi,correct,0.0013810396194458008
pbmc5k_to_pbmc10k,totalvi,correct,0.6031261682510376
pbmc5k_to_pbmc10k,totalvi,correct,0.055073440074920654
pbmc5k_to_pbmc10k,totalvi,correct,0.352550208568573
pbmc5k_to_pbmc10k,totalvi,correct,0.08611142635345459
pbmc5k_to_pbmc10k,totalvi,correct,0.32470977306365967
pbmc5k_to_pbmc10k,totalvi,correct,0.000883638858795166
pbmc5k_to_pbmc10k,totalvi,correct,0.06123089790344238
pbmc5k_to_pbmc10k,totalvi,correct,0.09059667587280273
pbmc5k_to_pbmc10k,totalvi,correct,0.0017205476760864258
pbmc5k_to_pbmc10k,totalvi,correct,0.10772114992141724
pbmc5k_to_pbmc10k,totalvi,correct,0.023088276386260986
pbmc5k_to_pbmc10k,totalvi,correct,0.08274251222610474
pbmc5k_to_pbmc10k,totalvi,correct,0.2691895365715027
pbmc5k_to_pbmc10k,totalvi,correct,0.11521244049072266
pbmc5k_to_pbmc10k,totalvi,correct,0.004208803176879883
pbmc5k_to_pbmc10k,totalvi,correct,0.04339861869812012
pbmc5k_to_pbmc10k,totalvi,correct,0.1046035885810852
pbmc5k_to_pbmc10k,totalvi,correct,0.10595905780792236
pbmc5k_to_pbmc10k,totalvi,correct,0.06047773361206055
pbmc5k_to_pbmc10k,totalvi,correct,0.0007309317588806152
pbmc5k_to_pbmc10k,totalvi,correct,0.027895033359527588
pbmc5k_to_pbmc10k,totalvi,correct,2.205371856689453e-05
pbmc5k_to_pbmc10k,totalvi,correct,0.24403077363967896
pbmc5k_to_pbmc10k,totalvi,correct,0.001449882984161377
pbmc5k_to_pbmc10k,totalvi,correct,0.30052584409713745
pbmc5k_to_pbmc10k,totalvi,correct,0.015336215496063232
pbmc5k_to_pbmc10k,totalvi,correct,0.2577097415924072
pbmc5k_to_pbmc10k,totalvi,correct,0.004296004772186279
pbmc5k_to_pbmc10k,totalvi,correct,0.20160460472106934
pbmc5k_to_pbmc10k,totalvi,correct,0.39851266145706177
pbmc5k_to_pbmc10k,totalvi,correct,0.03793603181838989
pbmc5k_to_pbmc10k,totalvi,correct,0.14745301008224487
pbmc5k_to_pbmc10k,totalvi,correct,0.07641637325286865
pbmc5k_to_pbmc10k,totalvi,correct,0.1304699182510376
pbmc5k_to_pbmc10k,totalvi,correct,0.4474143385887146
pbmc5k_to_pbmc10k,totalvi,correct,0.01739370822906494
pbmc5k_to_pbmc10k,totalvi,correct,0.011732280254364014
pbmc5k_to_pbmc10k,totalvi,correct,0.07418763637542725
pbmc5k_to_pbmc10k,totalvi,correct,0.146651029586792
pbmc5k_to_pbmc10k,totalvi,correct,0.0312686562538147
pbmc5k_to_pbmc10k,totalvi,correct,0.1509597897529602
pbmc5k_to_pbmc10k,totalvi,correct,0.1803646683692932
pbmc5k_to_pbmc10k,totalvi,correct,0.26747584342956543
pbmc5k_to_pbmc10k,totalvi,correct,0.05146223306655884
pbmc5k_to_pbmc10k,totalvi,correct,0.04623591899871826
pbmc5k_to_pbmc10k,totalvi,correct,0.011564135551452637
pbmc5k_to_pbmc10k,totalvi,correct,0.09438097476959229
pbmc5k_to_pbmc10k,totalvi,correct,0.14733219146728516
pbmc5k_to_pbmc10k,totalvi,correct,0.061334431171417236
pbmc5k_to_pbmc10k,totalvi,correct,0.2749443054199219
pbmc5k_to_pbmc10k,totalvi,correct,0.003552854061126709
pbmc5k_to_pbmc10k,totalvi,correct,0.13695424795150757
pbmc5k_to_pbmc10k,totalvi,correct,0.045543551445007324
pbmc5k_to_pbmc10k,totalvi,correct,0.11881381273269653
pbmc5k_to_pbmc10k,totalvi,correct,0.024329841136932373
pbmc5k_to_pbmc10k,totalvi,correct,0.018379569053649902
pbmc5k_to_pbmc10k,totalvi,correct,0.18983250856399536
pbmc5k_to_pbmc10k,totalvi,correct,0.04784107208251953
pbmc5k_to_pbmc10k,totalvi,correct,0.0017476677894592285
pbmc5k_to_pbmc10k,totalvi,correct,0.42813026905059814
pbmc5k_to_pbmc10k,totalvi,correct,0.02619922161102295
pbmc5k_to_pbmc10k,totalvi,correct,0.13168364763259888
pbmc5k_to_pbmc10k,totalvi,correct,0.1944981813430786
pbmc5k_to_pbmc10k,totalvi,correct,0.21815121173858643
pbmc5k_to_pbmc10k,totalvi,correct,0.06292986869812012
pbmc5k_to_pbmc10k,totalvi,correct,0.5115421414375305
pbmc5k_to_pbmc10k,totalvi,correct,0.112640380859375
pbmc5k_to_pbmc10k,totalvi,correct,0.003336966037750244
pbmc5k_to_pbmc10k,totalvi,correct,0.009784221649169922
pbmc5k_to_pbmc10k,totalvi,correct,0.2944745421409607
pbmc5k_to_pbmc10k,totalvi,correct,0.022799551486968994
pbmc5k_to_pbmc10k,totalvi,correct,0.04860180616378784
pbmc5k_to_pbmc10k,totalvi,correct,0.10994076728820801
pbmc5k_to_pbmc10k,totalvi,correct,0.11302977800369263
pbmc5k_to_pbmc10k,totalvi,correct,0.4697701334953308
pbmc5k_to_pbmc10k,totalvi,correct,0.17641794681549072
pbmc5k_to_pbmc10k,totalvi,correct,0.01934581995010376
pbmc5k_to_pbmc10k,totalvi,correct,0.005323529243469238
pbmc5k_to_pbmc10k,totalvi,correct,0.22772926092147827
pbmc5k_to_pbmc10k,totalvi,correct,0.28306257724761963
pbmc5k_to_pbmc10k,totalvi,correct,0.2731514573097229
pbmc5k_to_pbmc10k,totalvi,correct,0.5344057083129883
pbmc5k_to_pbmc10k,totalvi,correct,0.44093507528305054
pbmc5k_to_pbmc10k,totalvi,correct,0.4386942982673645
pbmc5k_to_pbmc10k,totalvi,correct,0.3438936471939087
pbmc5k_to_pbmc10k,totalvi,correct,0.1376625895500183
pbmc5k_to_pbmc10k,totalvi,correct,0.05361199378967285
pbmc5k_to_pbmc10k,totalvi,correct,0.40744686126708984
pbmc5k_to_pbmc10k,totalvi,correct,0.057282328605651855
pbmc5k_to_pbmc10k,totalvi,correct,0.14469850063323975
pbmc5k_to_pbmc10k,totalvi,correct,0.006327390670776367
pbmc5k_to_pbmc10k,totalvi,correct,0.3604587912559509
pbmc5k_to_pbmc10k,totalvi,correct,0.07595580816268921
pbmc5k_to_pbmc10k,totalvi,correct,0.19886672496795654
pbmc5k_to_pbmc10k,totalvi,correct,0.3185507655143738
pbmc5k_to_pbmc10k,totalvi,correct,0.4778105616569519
pbmc5k_to_pbmc10k,totalvi,correct,0.2229366898536682
pbmc5k_to_pbmc10k,totalvi,correct,0.2454615831375122
pbmc5k_to_pbmc10k,totalvi,correct,9.334087371826172e-05
pbmc5k_to_pbmc10k,totalvi,correct,0.027613043785095215
pbmc5k_to_pbmc10k,totalvi,correct,0.09138184785842896
pbmc5k_to_pbmc10k,totalvi,correct,0.5487414598464966
pbmc5k_to_pbmc10k,totalvi,correct,0.17871814966201782
pbmc5k_to_pbmc10k,totalvi,correct,0.12363278865814209
pbmc5k_to_pbmc10k,totalvi,correct,0.4347401261329651
pbmc5k_to_pbmc10k,totalvi,correct,0.4336456060409546
pbmc5k_to_pbmc10k,totalvi,correct,0.34257006645202637
pbmc5k_to_pbmc10k,totalvi,correct,0.3323524594306946
pbmc5k_to_pbmc10k,totalvi,correct,0.3853490948677063
pbmc5k_to_pbmc10k,totalvi,correct,0.5062918066978455
pbmc5k_to_pbmc10k,totalvi,correct,0.14535075426101685
pbmc5k_to_pbmc10k,totalvi,correct,0.12453091144561768
pbmc5k_to_pbmc10k,totalvi,correct,0.0004493594169616699
pbmc5k_to_pbmc10k,totalvi,correct,0.08083617687225342
pbmc5k_to_pbmc10k,totalvi,correct,0.27048933506011963
pbmc5k_to_pbmc10k,totalvi,correct,0.00011229515075683594
pbmc5k_to_pbmc10k,totalvi,correct,0.5216606855392456
pbmc5k_to_pbmc10k,totalvi,correct,0.20980918407440186
pbmc5k_to_pbmc10k,totalvi,correct,0.12084358930587769
pbmc5k_to_pbmc10k,totalvi,correct,0.11294525861740112
pbmc5k_to_pbmc10k,totalvi,correct,0.08402663469314575
pbmc5k_to_pbmc10k,totalvi,correct,0.10374623537063599
pbmc5k_to_pbmc10k,totalvi,correct,0.13703548908233643
pbmc5k_to_pbmc10k,totalvi,correct,0.11136627197265625
pbmc5k_to_pbmc10k,totalvi,correct,0.18132972717285156
pbmc5k_to_pbmc10k,totalvi,correct,0.1646142601966858
pbmc5k_to_pbmc10k,totalvi,correct,0.06021082401275635
pbmc5k_to_pbmc10k,totalvi,correct,0.0622517466545105
pbmc5k_to_pbmc10k,totalvi,correct,0.019865214824676514
pbmc5k_to_pbmc10k,totalvi,correct,0.32255566120147705
pbmc5k_to_pbmc10k,totalvi,correct,0.020773112773895264
pbmc5k_to_pbmc10k,totalvi,correct,0.00027865171432495117
pbmc5k_to_pbmc10k,totalvi,correct,0.02411961555480957
pbmc5k_to_pbmc10k,totalvi,correct,0.26230472326278687
pbmc5k_to_pbmc10k,totalvi,correct,0.0029897689819335938
pbmc5k_to_pbmc10k,totalvi,correct,0.08246630430221558
pbmc5k_to_pbmc10k,totalvi,correct,0.0007408261299133301
pbmc5k_to_pbmc10k,totalvi,correct,0.25359976291656494
pbmc5k_to_pbmc10k,totalvi,correct,0.00215303897857666
pbmc5k_to_pbmc10k,totalvi,correct,0.008188247680664062
pbmc5k_to_pbmc10k,totalvi,correct,0.002200186252593994
pbmc5k_to_pbmc10k,totalvi,correct,0.002089202404022217
pbmc5k_to_pbmc10k,totalvi,correct,0.00747227668762207
pbmc5k_to_pbmc10k,totalvi,correct,0.00673907995223999
pbmc5k_to_pbmc10k,totalvi,correct,0.5630099773406982
pbmc5k_to_pbmc10k,totalvi,correct,0.15729403495788574
pbmc5k_to_pbmc10k,totalvi,correct,0.4241316318511963
pbmc5k_to_pbmc10k,totalvi,correct,0.4575608968734741
pbmc5k_to_pbmc10k,totalvi,correct,0.4942712187767029
pbmc5k_to_pbmc10k,totalvi,correct,0.0032468438148498535
pbmc5k_to_pbmc10k,totalvi,correct,0.14570289850234985
pbmc5k_to_pbmc10k,totalvi,correct,0.4085463285446167
pbmc5k_to_pbmc10k,totalvi,correct,0.08359450101852417
pbmc5k_to_pbmc10k,totalvi,correct,0.016914546489715576
pbmc5k_to_pbmc10k,totalvi,correct,0.4104236960411072
pbmc5k_to_pbmc10k,totalvi,correct,0.34919846057891846
pbmc5k_to_pbmc10k,totalvi,correct,0.28021174669265747
pbmc5k_to_pbmc10k,totalvi,correct,0.0006282925605773926
pbmc5k_to_pbmc10k,totalvi,correct,0.042791128158569336
pbmc5k_to_pbmc10k,totalvi,correct,0.02900022268295288
pbmc5k_to_pbmc10k,totalvi,correct,0.2933920621871948
pbmc5k_to_pbmc10k,totalvi,correct,0.024612009525299072
pbmc5k_to_pbmc10k,totalvi,correct,0.018884658813476562
pbmc5k_to_pbmc10k,totalvi,correct,0.019360363483428955
pbmc5k_to_pbmc10k,totalvi,correct,0.004281461238861084
pbmc5k_to_pbmc10k,totalvi,correct,0.11623948812484741
pbmc5k_to_pbmc10k,totalvi,correct,0.226848304271698
pbmc5k_to_pbmc10k,totalvi,correct,4.410743713378906e-06
pbmc5k_to_pbmc10k,totalvi,correct,0.0827215313911438
pbmc5k_to_pbmc10k,totalvi,correct,0.0075577497482299805
pbmc5k_to_pbmc10k,totalvi,correct,0.0857090950012207
pbmc5k_to_pbmc10k,totalvi,correct,0.0798751711845398
pbmc5k_to_pbmc10k,totalvi,correct,0.022961318492889404
pbmc5k_to_pbmc10k,totalvi,correct,0.4419827461242676
pbmc5k_to_pbmc10k,totalvi,correct,0.4727661609649658
pbmc5k_to_pbmc10k,totalvi,correct,0.0029149651527404785
pbmc5k_to_pbmc10k,totalvi,correct,0.4575267434120178
pbmc5k_to_pbmc10k,totalvi,correct,0.4121101498603821
pbmc5k_to_pbmc10k,totalvi,correct,0.10256081819534302
pbmc5k_to_pbmc10k,totalvi,correct,0.29191040992736816
pbmc5k_to_pbmc10k,totalvi,correct,0.00167924165725708
pbmc5k_to_pbmc10k,totalvi,correct,0.004559159278869629
pbmc5k_to_pbmc10k,totalvi,correct,0.5305294990539551
pbmc5k_to_pbmc10k,totalvi,correct,0.0545383095741272
pbmc5k_to_pbmc10k,totalvi,correct,0.07073664665222168
pbmc5k_to_pbmc10k,totalvi,correct,0.11485803127288818
pbmc5k_to_pbmc10k,totalvi,correct,0.08283263444900513
pbmc5k_to_pbmc10k,totalvi,correct,0.18209052085876465
pbmc5k_to_pbmc10k,totalvi,correct,0.6138602495193481
pbmc5k_to_pbmc10k,totalvi,correct,0.16366493701934814
pbmc5k_to_pbmc10k,totalvi,correct,0.00021511316299438477
pbmc5k_to_pbmc10k,totalvi,correct,8.285045623779297e-05
pbmc5k_to_pbmc10k,totalvi,correct,0.0029581189155578613
pbmc5k_to_pbmc10k,totalvi,correct,0.16262322664260864
pbmc5k_to_pbmc10k,totalvi,correct,0.579187273979187
pbmc5k_to_pbmc10k,totalvi,correct,0.44498294591903687
pbmc5k_to_pbmc10k,totalvi,correct,0.21009773015975952
pbmc5k_to_pbmc10k,totalvi,correct,0.0002537369728088379
pbmc5k_to_pbmc10k,totalvi,correct,0.004994809627532959
pbmc5k_to_pbmc10k,totalvi,correct,0.006000638008117676
pbmc5k_to_pbmc10k,totalvi,correct,0.07953184843063354
pbmc5k_to_pbmc10k,totalvi,correct,0.078061044216156
pbmc5k_to_pbmc10k,totalvi,correct,0.4646679759025574
pbmc5k_to_pbmc10k,totalvi,correct,0.012500345706939697
pbmc5k_to_pbmc10k,totalvi,correct,0.0502048134803772
pbmc5k_to_pbmc10k,totalvi,correct,0.015872299671173096
pbmc5k_to_pbmc10k,totalvi,correct,0.18566137552261353
pbmc5k_to_pbmc10k,totalvi,correct,0.03157317638397217
pbmc5k_to_pbmc10k,totalvi,correct,0.02667754888534546
pbmc5k_to_pbmc10k,totalvi,correct,0.018435299396514893
pbmc5k_to_pbmc10k,totalvi,correct,0.04725164175033569
pbmc5k_to_pbmc10k,totalvi,correct,0.4977835416793823
pbmc5k_to_pbmc10k,totalvi,correct,0.3703991174697876
pbmc5k_to_pbmc10k,totalvi,correct,0.058668673038482666
pbmc5k_to_pbmc10k,totalvi,correct,0.0009648799896240234
pbmc5k_to_pbmc10k,totalvi,correct,0.20346719026565552
pbmc5k_to_pbmc10k,totalvi,correct,0.22150981426239014
pbmc5k_to_pbmc10k,totalvi,correct,0.061727046966552734
pbmc5k_to_pbmc10k,totalvi,correct,0.015303492546081543
pbmc5k_to_pbmc10k,totalvi,correct,0.03653883934020996
pbmc5k_to_pbmc10k,totalvi,correct,0.11276119947433472
pbmc5k_to_pbmc10k,totalvi,correct,0.08076608180999756
pbmc5k_to_pbmc10k,totalvi,correct,0.15790683031082153
pbmc5k_to_pbmc10k,totalvi,correct,0.5321771502494812
pbmc5k_to_pbmc10k,totalvi,correct,0.33263373374938965
pbmc5k_to_pbmc10k,totalvi,correct,0.04568624496459961
pbmc5k_to_pbmc10k,totalvi,correct,0.05024290084838867
pbmc5k_to_pbmc10k,totalvi,correct,0.0020140409469604492
pbmc5k_to_pbmc10k,totalvi,correct,0.1798079013824463
pbmc5k_to_pbmc10k,totalvi,correct,0.2243257761001587
pbmc5k_to_pbmc10k,totalvi,correct,0.6154481172561646
pbmc5k_to_pbmc10k,totalvi,correct,0.22897130250930786
pbmc5k_to_pbmc10k,totalvi,correct,0.22202396392822266
pbmc5k_to_pbmc10k,totalvi,correct,0.008764386177062988
pbmc5k_to_pbmc10k,totalvi,correct,0.0065125226974487305
pbmc5k_to_pbmc10k,totalvi,correct,0.21938449144363403
pbmc5k_to_pbmc10k,totalvi,correct,0.11395132541656494
pbmc5k_to_pbmc10k,totalvi,correct,0.1829414963722229
pbmc5k_to_pbmc10k,totalvi,correct,0.2930467128753662
pbmc5k_to_pbmc10k,totalvi,correct,0.001240849494934082
pbmc5k_to_pbmc10k,totalvi,correct,0.03619962930679321
pbmc5k_to_pbmc10k,totalvi,correct,0.005479991436004639
pbmc5k_to_pbmc10k,totalvi,correct,0.0020428895950317383
pbmc5k_to_pbmc10k,totalvi,correct,0.39483439922332764
pbmc5k_to_pbmc10k,totalvi,correct,0.21890044212341309
pbmc5k_to_pbmc10k,totalvi,correct,0.05109906196594238
pbmc5k_to_pbmc10k,totalvi,correct,0.045616090297698975
pbmc5k_to_pbmc10k,totalvi,correct,0.027509450912475586
pbmc5k_to_pbmc10k,totalvi,correct,0.0632321834564209
pbmc5k_to_pbmc10k,totalvi,correct,0.15111911296844482
pbmc5k_to_pbmc10k,totalvi,correct,0.0007523298263549805
pbmc5k_to_pbmc10k,totalvi,correct,0.05092352628707886
pbmc5k_to_pbmc10k,totalvi,correct,0.030499279499053955
pbmc5k_to_pbmc10k,totalvi,correct,0.4838619828224182
pbmc5k_to_pbmc10k,totalvi,correct,0.15726512670516968
pbmc5k_to_pbmc10k,totalvi,correct,0.018183112144470215
pbmc5k_to_pbmc10k,totalvi,correct,0.00487750768661499
pbmc5k_to_pbmc10k,totalvi,correct,0.13620764017105103
pbmc5k_to_pbmc10k,totalvi,correct,0.0030614137649536133
pbmc5k_to_pbmc10k,totalvi,correct,0.06385105848312378
pbmc5k_to_pbmc10k,totalvi,correct,0.007921159267425537
pbmc5k_to_pbmc10k,totalvi,correct,0.48151999711990356
pbmc5k_to_pbmc10k,totalvi,correct,0.03291827440261841
pbmc5k_to_pbmc10k,totalvi,correct,0.03191661834716797
pbmc5k_to_pbmc10k,totalvi,correct,0.003770291805267334
pbmc5k_to_pbmc10k,totalvi,correct,0.06302499771118164
pbmc5k_to_pbmc10k,totalvi,correct,0.17353308200836182
pbmc5k_to_pbmc10k,totalvi,correct,0.04998260736465454
pbmc5k_to_pbmc10k,totalvi,correct,0.26760637760162354
pbmc5k_to_pbmc10k,totalvi,correct,0.006712853908538818
pbmc5k_to_pbmc10k,totalvi,correct,0.07122248411178589
pbmc5k_to_pbmc10k,totalvi,correct,0.34758085012435913
pbmc5k_to_pbmc10k,totalvi,correct,0.0017431378364562988
pbmc5k_to_pbmc10k,totalvi,correct,0.03453552722930908
pbmc5k_to_pbmc10k,totalvi,correct,0.0028809309005737305
pbmc5k_to_pbmc10k,totalvi,correct,0.42444056272506714
pbmc5k_to_pbmc10k,totalvi,correct,0.10623830556869507
pbmc5k_to_pbmc10k,totalvi,correct,0.1804943084716797
pbmc5k_to_pbmc10k,totalvi,correct,0.37375926971435547
pbmc5k_to_pbmc10k,totalvi,correct,0.21607762575149536
pbmc5k_to_pbmc10k,totalvi,correct,0.3081076145172119
pbmc5k_to_pbmc10k,totalvi,correct,0.26632267236709595
pbmc5k_to_pbmc10k,totalvi,correct,0.26432180404663086
pbmc5k_to_pbmc10k,totalvi,correct,0.15394121408462524
pbmc5k_to_pbmc10k,totalvi,correct,0.025008797645568848
pbmc5k_to_pbmc10k,totalvi,correct,0.008166670799255371
pbmc5k_to_pbmc10k,totalvi,correct,0.09197473526000977
pbmc5k_to_pbmc10k,totalvi,correct,0.050887882709503174
pbmc5k_to_pbmc10k,totalvi,correct,0.0689801573753357
pbmc5k_to_pbmc10k,totalvi,correct,0.2102804183959961
pbmc5k_to_pbmc10k,totalvi,correct,0.11640655994415283
pbmc5k_to_pbmc10k,totalvi,correct,0.5672265887260437
pbmc5k_to_pbmc10k,totalvi,correct,0.047783851623535156
pbmc5k_to_pbmc10k,totalvi,correct,0.00130385160446167
pbmc5k_to_pbmc10k,totalvi,correct,0.002357661724090576
pbmc5k_to_pbmc10k,totalvi,correct,0.12705588340759277
pbmc5k_to_pbmc10k,totalvi,correct,0.08322125673294067
pbmc5k_to_pbmc10k,totalvi,correct,0.25685638189315796
pbmc5k_to_pbmc10k,totalvi,correct,0.2275591492652893
pbmc5k_to_pbmc10k,totalvi,correct,0.26378268003463745
pbmc5k_to_pbmc10k,totalvi,correct,0.17750853300094604
pbmc5k_to_pbmc10k,totalvi,correct,0.6933534145355225
pbmc5k_to_pbmc10k,totalvi,correct,0.0892186164855957
pbmc5k_to_pbmc10k,totalvi,correct,0.04417616128921509
pbmc5k_to_pbmc10k,totalvi,correct,0.05945479869842529
pbmc5k_to_pbmc10k,totalvi,correct,0.3184598684310913
pbmc5k_to_pbmc10k,totalvi,correct,0.320743203163147
pbmc5k_to_pbmc10k,totalvi,correct,0.41132593154907227
pbmc5k_to_pbmc10k,totalvi,correct,0.09061402082443237
pbmc5k_to_pbmc10k,totalvi,correct,0.00039058923721313477
pbmc5k_to_pbmc10k,totalvi,correct,0.23204249143600464
pbmc5k_to_pbmc10k,totalvi,correct,0.6235017776489258
pbmc5k_to_pbmc10k,totalvi,correct,0.22743761539459229
pbmc5k_to_pbmc10k,totalvi,correct,0.25258874893188477
pbmc5k_to_pbmc10k,totalvi,correct,0.05927497148513794
pbmc5k_to_pbmc10k,totalvi,correct,0.3719829320907593
pbmc5k_to_pbmc10k,totalvi,correct,0.11781966686248779
pbmc5k_to_pbmc10k,totalvi,correct,0.0018960237503051758
pbmc5k_to_pbmc10k,totalvi,correct,0.0026694536209106445
pbmc5k_to_pbmc10k,totalvi,correct,0.0027097463607788086
pbmc5k_to_pbmc10k,totalvi,correct,0.14637011289596558
pbmc5k_to_pbmc10k,totalvi,correct,0.10631495714187622
pbmc5k_to_pbmc10k,totalvi,correct,0.08560234308242798
pbmc5k_to_pbmc10k,totalvi,correct,0.004745602607727051
pbmc5k_to_pbmc10k,totalvi,correct,0.016136765480041504
pbmc5k_to_pbmc10k,totalvi,correct,0.08194500207901001
pbmc5k_to_pbmc10k,totalvi,correct,0.3847787380218506
pbmc5k_to_pbmc10k,totalvi,correct,0.09000742435455322
pbmc5k_to_pbmc10k,totalvi,correct,0.4778286814689636
pbmc5k_to_pbmc10k,totalvi,correct,0.09433639049530029
pbmc5k_to_pbmc10k,totalvi,correct,0.4007410407066345
pbmc5k_to_pbmc10k,totalvi,correct,0.0019327998161315918
pbmc5k_to_pbmc10k,totalvi,correct,0.003827989101409912
pbmc5k_to_pbmc10k,totalvi,correct,0.4218536615371704
pbmc5k_to_pbmc10k,totalvi,correct,0.2739288806915283
pbmc5k_to_pbmc10k,totalvi,correct,0.004039108753204346
pbmc5k_to_pbmc10k,totalvi,correct,0.5305847525596619
pbmc5k_to_pbmc10k,totalvi,correct,0.024713575839996338
pbmc5k_to_pbmc10k,totalvi,correct,0.1796676516532898
pbmc5k_to_pbmc10k,totalvi,correct,0.0046961307525634766
pbmc5k_to_pbmc10k,totalvi,correct,0.15501123666763306
pbmc5k_to_pbmc10k,totalvi,correct,0.037704288959503174
pbmc5k_to_pbmc10k,totalvi,correct,0.15200603008270264
pbmc5k_to_pbmc10k,totalvi,correct,0.1230243444442749
pbmc5k_to_pbmc10k,totalvi,correct,0.248318612575531
pbmc5k_to_pbmc10k,totalvi,correct,0.3021719455718994
pbmc5k_to_pbmc10k,totalvi,correct,0.002099752426147461
pbmc5k_to_pbmc10k,totalvi,correct,0.018723607063293457
pbmc5k_to_pbmc10k,totalvi,correct,0.28307777643203735
pbmc5k_to_pbmc10k,totalvi,correct,0.03685683012008667
pbmc5k_to_pbmc10k,totalvi,correct,0.10662633180618286
pbmc5k_to_pbmc10k,totalvi,correct,0.0145760178565979
pbmc5k_to_pbmc10k,totalvi,correct,0.14324814081192017
pbmc5k_to_pbmc10k,totalvi,correct,0.09014403820037842
pbmc5k_to_pbmc10k,totalvi,correct,0.25872957706451416
pbmc5k_to_pbmc10k,totalvi,correct,0.2632681131362915
pbmc5k_to_pbmc10k,totalvi,correct,0.012437582015991211
pbmc5k_to_pbmc10k,totalvi,correct,0.32737553119659424
pbmc5k_to_pbmc10k,totalvi,correct,0.01052767038345337
pbmc5k_to_pbmc10k,totalvi,correct,0.002893388271331787
pbmc5k_to_pbmc10k,totalvi,correct,0.00134962797164917
pbmc5k_to_pbmc10k,totalvi,correct,0.0023972392082214355
pbmc5k_to_pbmc10k,totalvi,correct,0.10995012521743774
pbmc5k_to_pbmc10k,totalvi,correct,0.006267368793487549
pbmc5k_to_pbmc10k,totalvi,correct,0.008789777755737305
pbmc5k_to_pbmc10k,totalvi,correct,0.10220575332641602
pbmc5k_to_pbmc10k,totalvi,correct,0.08393758535385132
pbmc5k_to_pbmc10k,totalvi,correct,0.504485011100769
pbmc5k_to_pbmc10k,totalvi,correct,0.31959009170532227
pbmc5k_to_pbmc10k,totalvi,correct,0.06533998250961304
pbmc5k_to_pbmc10k,totalvi,correct,0.24962574243545532
pbmc5k_to_pbmc10k,totalvi,correct,0.07099926471710205
pbmc5k_to_pbmc10k,totalvi,correct,0.33630460500717163
pbmc5k_to_pbmc10k,totalvi,correct,0.4812713861465454
pbmc5k_to_pbmc10k,totalvi,correct,0.0033921003341674805
pbmc5k_to_pbmc10k,totalvi,correct,0.5102306604385376
pbmc5k_to_pbmc10k,totalvi,correct,0.3046736717224121
pbmc5k_to_pbmc10k,totalvi,correct,0.002079188823699951
pbmc5k_to_pbmc10k,totalvi,correct,0.0011760592460632324
pbmc5k_to_pbmc10k,totalvi,correct,0.159091055393219
pbmc5k_to_pbmc10k,totalvi,correct,0.04660999774932861
pbmc5k_to_pbmc10k,totalvi,correct,0.08364319801330566
pbmc5k_to_pbmc10k,totalvi,correct,0.16918694972991943
pbmc5k_to_pbmc10k,totalvi,correct,0.12996679544448853
pbmc5k_to_pbmc10k,totalvi,correct,0.14770013093948364
pbmc5k_to_pbmc10k,totalvi,correct,0.054492175579071045
pbmc5k_to_pbmc10k,totalvi,correct,0.016522228717803955
pbmc5k_to_pbmc10k,totalvi,correct,0.04803198575973511
pbmc5k_to_pbmc10k,totalvi,correct,0.041578710079193115
pbmc5k_to_pbmc10k,totalvi,correct,0.2523655295372009
pbmc5k_to_pbmc10k,totalvi,correct,0.008439958095550537
pbmc5k_to_pbmc10k,totalvi,correct,0.07716500759124756
pbmc5k_to_pbmc10k,totalvi,correct,0.0009253025054931641
pbmc5k_to_pbmc10k,totalvi,correct,0.011776983737945557
pbmc5k_to_pbmc10k,totalvi,correct,0.03598088026046753
pbmc5k_to_pbmc10k,totalvi,correct,0.06450790166854858
pbmc5k_to_pbmc10k,totalvi,correct,0.03279048204421997
pbmc5k_to_pbmc10k,totalvi,correct,0.004972279071807861
pbmc5k_to_pbmc10k,totalvi,correct,0.00469815731048584
pbmc5k_to_pbmc10k,totalvi,correct,0.03525114059448242
pbmc5k_to_pbmc10k,totalvi,correct,0.22513186931610107
pbmc5k_to_pbmc10k,totalvi,correct,0.32583683729171753
pbmc5k_to_pbmc10k,totalvi,correct,0.003069937229156494
pbmc5k_to_pbmc10k,totalvi,correct,0.29828572273254395
pbmc5k_to_pbmc10k,totalvi,correct,0.14024925231933594
pbmc5k_to_pbmc10k,totalvi,correct,0.05784350633621216
pbmc5k_to_pbmc10k,totalvi,correct,0.0026796460151672363
pbmc5k_to_pbmc10k,totalvi,correct,0.003252744674682617
pbmc5k_to_pbmc10k,totalvi,correct,0.07099723815917969
pbmc5k_to_pbmc10k,totalvi,correct,0.010572850704193115
pbmc5k_to_pbmc10k,totalvi,correct,0.17841112613677979
pbmc5k_to_pbmc10k,totalvi,correct,0.11960399150848389
pbmc5k_to_pbmc10k,totalvi,correct,0.09416812658309937
pbmc5k_to_pbmc10k,totalvi,correct,0.007804751396179199
pbmc5k_to_pbmc10k,totalvi,correct,0.3155156970024109
pbmc5k_to_pbmc10k,totalvi,correct,0.5376560688018799
pbmc5k_to_pbmc10k,totalvi,correct,0.22898977994918823
pbmc5k_to_pbmc10k,totalvi,correct,0.07624202966690063
pbmc5k_to_pbmc10k,totalvi,correct,0.009748339653015137
pbmc5k_to_pbmc10k,totalvi,correct,0.04015505313873291
pbmc5k_to_pbmc10k,totalvi,correct,0.024387359619140625
pbmc5k_to_pbmc10k,totalvi,correct,0.15698391199111938
pbmc5k_to_pbmc10k,totalvi,correct,0.0036250948905944824
pbmc5k_to_pbmc10k,totalvi,correct,0.31343114376068115
pbmc5k_to_pbmc10k,totalvi,correct,0.023614048957824707
pbmc5k_to_pbmc10k,totalvi,correct,0.002017498016357422
pbmc5k_to_pbmc10k,totalvi,correct,0.13347095251083374
pbmc5k_to_pbmc10k,totalvi,correct,0.1271660327911377
pbmc5k_to_pbmc10k,totalvi,correct,0.004952132701873779
pbmc5k_to_pbmc10k,totalvi,correct,0.1939501166343689
pbmc5k_to_pbmc10k,totalvi,correct,0.04340183734893799
pbmc5k_to_pbmc10k,totalvi,correct,0.3887707591056824
pbmc5k_to_pbmc10k,totalvi,correct,0.2771662473678589
pbmc5k_to_pbmc10k,totalvi,correct,0.017010092735290527
pbmc5k_to_pbmc10k,totalvi,correct,0.0010894536972045898
pbmc5k_to_pbmc10k,totalvi,correct,0.31630975008010864
pbmc5k_to_pbmc10k,totalvi,correct,0.027312040328979492
pbmc5k_to_pbmc10k,totalvi,correct,0.006608486175537109
pbmc5k_to_pbmc10k,totalvi,correct,0.005740046501159668
pbmc5k_to_pbmc10k,totalvi,correct,0.22591280937194824
pbmc5k_to_pbmc10k,totalvi,correct,0.11596697568893433
pbmc5k_to_pbmc10k,totalvi,correct,0.01948714256286621
pbmc5k_to_pbmc10k,totalvi,correct,0.16996914148330688
pbmc5k_to_pbmc10k,totalvi,correct,0.36324042081832886
pbmc5k_to_pbmc10k,totalvi,correct,0.0028862953186035156
pbmc5k_to_pbmc10k,totalvi,correct,0.005525529384613037
pbmc5k_to_pbmc10k,totalvi,correct,0.04060208797454834
pbmc5k_to_pbmc10k,totalvi,correct,0.0484505295753479
pbmc5k_to_pbmc10k,totalvi,correct,0.036581993103027344
pbmc5k_to_pbmc10k,totalvi,correct,0.16432607173919678
pbmc5k_to_pbmc10k,totalvi,correct,0.15466266870498657
pbmc5k_to_pbmc10k,totalvi,correct,0.13998693227767944
pbmc5k_to_pbmc10k,totalvi,correct,0.0760079026222229
pbmc5k_to_pbmc10k,totalvi,correct,0.0056441426277160645
pbmc5k_to_pbmc10k,totalvi,correct,0.3877490758895874
pbmc5k_to_pbmc10k,totalvi,correct,0.23272085189819336
pbmc5k_to_pbmc10k,totalvi,correct,0.26300299167633057
pbmc5k_to_pbmc10k,totalvi,correct,0.543264627456665
pbmc5k_to_pbmc10k,totalvi,correct,0.019964277744293213
pbmc5k_to_pbmc10k,totalvi,correct,0.008934438228607178
pbmc5k_to_pbmc10k,totalvi,correct,0.08136129379272461
pbmc5k_to_pbmc10k,totalvi,correct,0.17788881063461304
pbmc5k_to_pbmc10k,totalvi,correct,0.4242313504219055
pbmc5k_to_pbmc10k,totalvi,correct,0.5068597793579102
pbmc5k_to_pbmc10k,totalvi,correct,0.19114071130752563
pbmc5k_to_pbmc10k,totalvi,correct,0.001189589500427246
pbmc5k_to_pbmc10k,totalvi,correct,0.16773968935012817
pbmc5k_to_pbmc10k,totalvi,correct,0.003548264503479004
pbmc5k_to_pbmc10k,totalvi,correct,0.5588927268981934
pbmc5k_to_pbmc10k,totalvi,correct,0.09669458866119385
pbmc5k_to_pbmc10k,totalvi,correct,0.02909719944000244
pbmc5k_to_pbmc10k,totalvi,correct,0.021897614002227783
pbmc5k_to_pbmc10k,totalvi,correct,0.0020668506622314453
pbmc5k_to_pbmc10k,totalvi,correct,0.11688536405563354
pbmc5k_to_pbmc10k,totalvi,correct,0.11540257930755615
pbmc5k_to_pbmc10k,totalvi,correct,0.07016247510910034
pbmc5k_to_pbmc10k,totalvi,correct,0.22396159172058105
pbmc5k_to_pbmc10k,totalvi,correct,0.004590213298797607
pbmc5k_to_pbmc10k,totalvi,correct,0.13434940576553345
pbmc5k_to_pbmc10k,totalvi,correct,0.07243472337722778
pbmc5k_to_pbmc10k,totalvi,correct,0.009678781032562256
pbmc5k_to_pbmc10k,totalvi,correct,0.006493926048278809
pbmc5k_to_pbmc10k,totalvi,correct,0.4912317991256714
pbmc5k_to_pbmc10k,totalvi,correct,0.04424923658370972
pbmc5k_to_pbmc10k,totalvi,correct,0.14263415336608887
pbmc5k_to_pbmc10k,totalvi,correct,0.13733696937561035
pbmc5k_to_pbmc10k,totalvi,correct,0.011148273944854736
pbmc5k_to_pbmc10k,totalvi,correct,0.0036128759384155273
pbmc5k_to_pbmc10k,totalvi,correct,0.04988133907318115
pbmc5k_to_pbmc10k,totalvi,correct,0.021789848804473877
pbmc5k_to_pbmc10k,totalvi,correct,0.28229111433029175
pbmc5k_to_pbmc10k,totalvi,correct,0.21769589185714722
pbmc5k_to_pbmc10k,totalvi,correct,0.06736916303634644
pbmc5k_to_pbmc10k,totalvi,correct,0.02194666862487793
pbmc5k_to_pbmc10k,totalvi,correct,0.07743293046951294
pbmc5k_to_pbmc10k,totalvi,correct,0.21316081285476685
pbmc5k_to_pbmc10k,totalvi,correct,0.5226958990097046
pbmc5k_to_pbmc10k,totalvi,correct,0.056299686431884766
pbmc5k_to_pbmc10k,totalvi,correct,0.42275893688201904
pbmc5k_to_pbmc10k,totalvi,correct,0.06907695531845093
pbmc5k_to_pbmc10k,totalvi,correct,0.2896876335144043
pbmc5k_to_pbmc10k,totalvi,correct,0.11104261875152588
pbmc5k_to_pbmc10k,totalvi,correct,0.5457738637924194
pbmc5k_to_pbmc10k,totalvi,correct,0.10950857400894165
pbmc5k_to_pbmc10k,totalvi,correct,0.20340269804000854
pbmc5k_to_pbmc10k,totalvi,correct,0.0422244668006897
pbmc5k_to_pbmc10k,totalvi,correct,0.026741087436676025
pbmc5k_to_pbmc10k,totalvi,correct,0.05698615312576294
pbmc5k_to_pbmc10k,totalvi,correct,0.09221518039703369
pbmc5k_to_pbmc10k,totalvi,correct,0.001094222068786621
pbmc5k_to_pbmc10k,totalvi,correct,0.22976845502853394
pbmc5k_to_pbmc10k,totalvi,correct,0.00025588274002075195
pbmc5k_to_pbmc10k,totalvi,correct,0.09610491991043091
pbmc5k_to_pbmc10k,totalvi,correct,0.10069108009338379
pbmc5k_to_pbmc10k,totalvi,correct,0.0008507966995239258
pbmc5k_to_pbmc10k,totalvi,correct,0.004886031150817871
pbmc5k_to_pbmc10k,totalvi,correct,0.0010157227516174316
pbmc5k_to_pbmc10k,totalvi,correct,0.016140460968017578
pbmc5k_to_pbmc10k,totalvi,correct,0.05281078815460205
pbmc5k_to_pbmc10k,totalvi,correct,0.35971957445144653
pbmc5k_to_pbmc10k,totalvi,correct,0.31806468963623047
pbmc5k_to_pbmc10k,totalvi,correct,0.26287418603897095
pbmc5k_to_pbmc10k,totalvi,correct,0.06316268444061279
pbmc5k_to_pbmc10k,totalvi,correct,0.4039006233215332
pbmc5k_to_pbmc10k,totalvi,correct,0.09427493810653687
pbmc5k_to_pbmc10k,totalvi,correct,0.015525341033935547
pbmc5k_to_pbmc10k,totalvi,correct,0.014280736446380615
pbmc5k_to_pbmc10k,totalvi,correct,0.018770813941955566
pbmc5k_to_pbmc10k,totalvi,correct,0.24889612197875977
pbmc5k_to_pbmc10k,totalvi,correct,0.04594451189041138
pbmc5k_to_pbmc10k,totalvi,correct,0.04195207357406616
pbmc5k_to_pbmc10k,totalvi,correct,0.2818809151649475
pbmc5k_to_pbmc10k,totalvi,correct,0.17283636331558228
pbmc5k_to_pbmc10k,totalvi,correct,0.09073841571807861
pbmc5k_to_pbmc10k,totalvi,correct,0.037467122077941895
pbmc5k_to_pbmc10k,totalvi,correct,0.005372345447540283
pbmc5k_to_pbmc10k,totalvi,correct,0.2049541473388672
pbmc5k_to_pbmc10k,totalvi,correct,0.017148852348327637
pbmc5k_to_pbmc10k,totalvi,correct,0.11163127422332764
pbmc5k_to_pbmc10k,totalvi,correct,0.0026313066482543945
pbmc5k_to_pbmc10k,totalvi,correct,0.26522016525268555
pbmc5k_to_pbmc10k,totalvi,correct,0.15870481729507446
pbmc5k_to_pbmc10k,totalvi,correct,0.02767258882522583
pbmc5k_to_pbmc10k,totalvi,correct,0.35540950298309326
pbmc5k_to_pbmc10k,totalvi,correct,0.4434458017349243
pbmc5k_to_pbmc10k,totalvi,correct,0.03008246421813965
pbmc5k_to_pbmc10k,totalvi,correct,0.09277987480163574
pbmc5k_to_pbmc10k,totalvi,correct,0.06702756881713867
pbmc5k_to_pbmc10k,totalvi,correct,0.029727518558502197
pbmc5k_to_pbmc10k,totalvi,correct,0.013691067695617676
pbmc5k_to_pbmc10k,totalvi,correct,0.004403412342071533
pbmc5k_to_pbmc10k,totalvi,correct,0.26821082830429077
pbmc5k_to_pbmc10k,totalvi,correct,0.00017201900482177734
pbmc5k_to_pbmc10k,totalvi,correct,0.2422153353691101
pbmc5k_to_pbmc10k,totalvi,correct,0.5874436497688293
pbmc5k_to_pbmc10k,totalvi,correct,0.0021973252296447754
pbmc5k_to_pbmc10k,totalvi,correct,0.09020751714706421
pbmc5k_to_pbmc10k,totalvi,correct,0.0022807717323303223
pbmc5k_to_pbmc10k,totalvi,correct,0.05953776836395264
pbmc5k_to_pbmc10k,totalvi,correct,0.1801123023033142
pbmc5k_to_pbmc10k,totalvi,correct,0.05961453914642334
pbmc5k_to_pbmc10k,totalvi,correct,0.05894136428833008
pbmc5k_to_pbmc10k,totalvi,correct,0.085105299949646
pbmc5k_to_pbmc10k,totalvi,correct,0.0007791519165039062
pbmc5k_to_pbmc10k,totalvi,correct,0.0021126866340637207
pbmc5k_to_pbmc10k,totalvi,correct,0.04081130027770996
pbmc5k_to_pbmc10k,totalvi,correct,0.5648492574691772
pbmc5k_to_pbmc10k,totalvi,correct,0.1922311782836914
pbmc5k_to_pbmc10k,totalvi,correct,0.0586811900138855
pbmc5k_to_pbmc10k,totalvi,correct,0.019402801990509033
pbmc5k_to_pbmc10k,totalvi,correct,0.0016268491744995117
pbmc5k_to_pbmc10k,totalvi,correct,0.22581809759140015
pbmc5k_to_pbmc10k,totalvi,correct,0.1569194197654724
pbmc5k_to_pbmc10k,totalvi,correct,0.014328539371490479
pbmc5k_to_pbmc10k,totalvi,correct,0.0014916062355041504
pbmc5k_to_pbmc10k,totalvi,correct,0.07363444566726685
pbmc5k_to_pbmc10k,totalvi,correct,0.06008666753768921
pbmc5k_to_pbmc10k,totalvi,correct,0.09592980146408081
pbmc5k_to_pbmc10k,totalvi,correct,0.18282157182693481
pbmc5k_to_pbmc10k,totalvi,correct,0.01895761489868164
pbmc5k_to_pbmc10k,totalvi,correct,0.30668896436691284
pbmc5k_to_pbmc10k,totalvi,correct,0.0032154321670532227
pbmc5k_to_pbmc10k,totalvi,correct,0.19736409187316895
pbmc5k_to_pbmc10k,totalvi,correct,0.009989798069000244
pbmc5k_to_pbmc10k,totalvi,correct,0.19572103023529053
pbmc5k_to_pbmc10k,totalvi,correct,0.006539702415466309
pbmc5k_to_pbmc10k,totalvi,correct,0.02314549684524536
pbmc5k_to_pbmc10k,totalvi,correct,0.26950788497924805
pbmc5k_to_pbmc10k,totalvi,correct,0.06962811946868896
pbmc5k_to_pbmc10k,totalvi,correct,0.27719682455062866
pbmc5k_to_pbmc10k,totalvi,correct,0.0332452654838562
pbmc5k_to_pbmc10k,totalvi,correct,0.3388682007789612
pbmc5k_to_pbmc10k,totalvi,correct,0.3568152189254761
pbmc5k_to_pbmc10k,totalvi,correct,0.11628574132919312
pbmc5k_to_pbmc10k,totalvi,correct,0.003975510597229004
pbmc5k_to_pbmc10k,totalvi,correct,4.8279762268066406e-05
pbmc5k_to_pbmc10k,totalvi,correct,0.09140264987945557
pbmc5k_to_pbmc10k,totalvi,correct,0.042227745056152344
pbmc5k_to_pbmc10k,totalvi,correct,0.013666093349456787
pbmc5k_to_pbmc10k,totalvi,correct,0.5185719132423401
pbmc5k_to_pbmc10k,totalvi,correct,0.1434512734413147
pbmc5k_to_pbmc10k,totalvi,correct,0.11443924903869629
pbmc5k_to_pbmc10k,totalvi,correct,0.46144789457321167
pbmc5k_to_pbmc10k,totalvi,correct,0.46296846866607666
pbmc5k_to_pbmc10k,totalvi,correct,0.010863661766052246
pbmc5k_to_pbmc10k,totalvi,correct,0.11202162504196167
pbmc5k_to_pbmc10k,totalvi,correct,0.5920456647872925
pbmc5k_to_pbmc10k,totalvi,correct,0.4200572371482849
pbmc5k_to_pbmc10k,totalvi,correct,0.06645524501800537
pbmc5k_to_pbmc10k,totalvi,correct,9.906291961669922e-05
pbmc5k_to_pbmc10k,totalvi,correct,0.6612124443054199
pbmc5k_to_pbmc10k,totalvi,correct,0.14278924465179443
pbmc5k_to_pbmc10k,totalvi,correct,0.004398822784423828
pbmc5k_to_pbmc10k,totalvi,correct,0.22390532493591309
pbmc5k_to_pbmc10k,totalvi,correct,0.33906304836273193
pbmc5k_to_pbmc10k,totalvi,correct,0.003075897693634033
pbmc5k_to_pbmc10k,totalvi,correct,0.050186872482299805
pbmc5k_to_pbmc10k,totalvi,correct,0.27590394020080566
pbmc5k_to_pbmc10k,totalvi,correct,0.0028087496757507324
pbmc5k_to_pbmc10k,totalvi,correct,0.03193998336791992
pbmc5k_to_pbmc10k,totalvi,correct,0.24605858325958252
pbmc5k_to_pbmc10k,totalvi,correct,0.013884305953979492
pbmc5k_to_pbmc10k,totalvi,correct,0.07975876331329346
pbmc5k_to_pbmc10k,totalvi,correct,0.032742321491241455
pbmc5k_to_pbmc10k,totalvi,correct,0.0032912492752075195
pbmc5k_to_pbmc10k,totalvi,correct,0.0050081610679626465
pbmc5k_to_pbmc10k,totalvi,correct,0.020926475524902344
pbmc5k_to_pbmc10k,totalvi,correct,0.1051262617111206
pbmc5k_to_pbmc10k,totalvi,correct,0.02677100896835327
pbmc5k_to_pbmc10k,totalvi,correct,0.1387232542037964
pbmc5k_to_pbmc10k,totalvi,correct,0.4882735013961792
pbmc5k_to_pbmc10k,totalvi,correct,0.05954939126968384
pbmc5k_to_pbmc10k,totalvi,correct,0.24494093656539917
pbmc5k_to_pbmc10k,totalvi,correct,0.07478439807891846
pbmc5k_to_pbmc10k,totalvi,correct,0.06359541416168213
pbmc5k_to_pbmc10k,totalvi,correct,0.20850330591201782
pbmc5k_to_pbmc10k,totalvi,correct,0.23691290616989136
pbmc5k_to_pbmc10k,totalvi,correct,0.07599294185638428
pbmc5k_to_pbmc10k,totalvi,correct,0.02072840929031372
pbmc5k_to_pbmc10k,totalvi,correct,0.0011766552925109863
pbmc5k_to_pbmc10k,totalvi,correct,0.1325472593307495
pbmc5k_to_pbmc10k,totalvi,correct,0.41061151027679443
pbmc5k_to_pbmc10k,totalvi,correct,0.04677700996398926
pbmc5k_to_pbmc10k,totalvi,correct,0.03151124715805054
pbmc5k_to_pbmc10k,totalvi,correct,0.03342437744140625
pbmc5k_to_pbmc10k,totalvi,correct,0.011959254741668701
pbmc5k_to_pbmc10k,totalvi,correct,0.39003872871398926
pbmc5k_to_pbmc10k,totalvi,correct,0.006917238235473633
pbmc5k_to_pbmc10k,totalvi,correct,0.037984371185302734
pbmc5k_to_pbmc10k,totalvi,correct,0.10355180501937866
pbmc5k_to_pbmc10k,totalvi,correct,0.01386404037475586
pbmc5k_to_pbmc10k,totalvi,correct,0.5207610726356506
pbmc5k_to_pbmc10k,totalvi,correct,0.000871121883392334
pbmc5k_to_pbmc10k,totalvi,correct,0.0005804300308227539
pbmc5k_to_pbmc10k,totalvi,correct,0.07833439111709595
pbmc5k_to_pbmc10k,totalvi,correct,0.04010564088821411
pbmc5k_to_pbmc10k,totalvi,correct,0.24406570196151733
pbmc5k_to_pbmc10k,totalvi,correct,0.10731750726699829
pbmc5k_to_pbmc10k,totalvi,correct,0.25364524126052856
pbmc5k_to_pbmc10k,totalvi,correct,0.21761739253997803
pbmc5k_to_pbmc10k,totalvi,correct,0.4417648911476135
pbmc5k_to_pbmc10k,totalvi,correct,0.013478219509124756
pbmc5k_to_pbmc10k,totalvi,correct,0.0030008554458618164
pbmc5k_to_pbmc10k,totalvi,correct,0.16325163841247559
pbmc5k_to_pbmc10k,totalvi,correct,0.010328173637390137
pbmc5k_to_pbmc10k,totalvi,correct,0.021133482456207275
pbmc5k_to_pbmc10k,totalvi,correct,0.03467530012130737
pbmc5k_to_pbmc10k,totalvi,correct,0.12309294939041138
pbmc5k_to_pbmc10k,totalvi,correct,0.002148866653442383
pbmc5k_to_pbmc10k,totalvi,correct,0.05464237928390503
pbmc5k_to_pbmc10k,totalvi,correct,0.14233553409576416
pbmc5k_to_pbmc10k,totalvi,correct,0.3536105751991272
pbmc5k_to_pbmc10k,totalvi,correct,0.25206249952316284
pbmc5k_to_pbmc10k,totalvi,correct,0.06048619747161865
pbmc5k_to_pbmc10k,totalvi,correct,0.07766520977020264
pbmc5k_to_pbmc10k,totalvi,correct,0.44052571058273315
pbmc5k_to_pbmc10k,totalvi,correct,0.0033873915672302246
pbmc5k_to_pbmc10k,totalvi,correct,0.005363523960113525
pbmc5k_to_pbmc10k,totalvi,correct,0.007038772106170654
pbmc5k_to_pbmc10k,totalvi,correct,0.039854466915130615
pbmc5k_to_pbmc10k,totalvi,correct,0.427448034286499
pbmc5k_to_pbmc10k,totalvi,correct,0.26717525720596313
pbmc5k_to_pbmc10k,totalvi,correct,0.0723419189453125
pbmc5k_to_pbmc10k,totalvi,correct,0.38444846868515015
pbmc5k_to_pbmc10k,totalvi,correct,0.06421780586242676
pbmc5k_to_pbmc10k,totalvi,correct,0.5896018743515015
pbmc5k_to_pbmc10k,totalvi,correct,0.6472957134246826
pbmc5k_to_pbmc10k,totalvi,correct,0.017802298069000244
pbmc5k_to_pbmc10k,totalvi,correct,0.19306206703186035
pbmc5k_to_pbmc10k,totalvi,correct,0.37434160709381104
pbmc5k_to_pbmc10k,totalvi,correct,0.052381813526153564
pbmc5k_to_pbmc10k,totalvi,correct,0.24961107969284058
pbmc5k_to_pbmc10k,totalvi,correct,0.5405435562133789
pbmc5k_to_pbmc10k,totalvi,correct,0.15756142139434814
pbmc5k_to_pbmc10k,totalvi,correct,0.10248380899429321
pbmc5k_to_pbmc10k,totalvi,correct,0.25100791454315186
pbmc5k_to_pbmc10k,totalvi,correct,0.3786293864250183
pbmc5k_to_pbmc10k,totalvi,correct,0.10434502363204956
pbmc5k_to_pbmc10k,totalvi,correct,0.00864022970199585
pbmc5k_to_pbmc10k,totalvi,correct,0.295626699924469
pbmc5k_to_pbmc10k,totalvi,correct,0.25453847646713257
pbmc5k_to_pbmc10k,totalvi,correct,0.45369952917099
pbmc5k_to_pbmc10k,totalvi,correct,0.002326667308807373
pbmc5k_to_pbmc10k,totalvi,correct,0.16294580698013306
pbmc5k_to_pbmc10k,totalvi,correct,0.35295188426971436
pbmc5k_to_pbmc10k,totalvi,correct,0.005337893962860107
pbmc5k_to_pbmc10k,totalvi,correct,0.15394943952560425
pbmc5k_to_pbmc10k,totalvi,correct,0.0011965036392211914
pbmc5k_to_pbmc10k,totalvi,correct,0.0021912455558776855
pbmc5k_to_pbmc10k,totalvi,correct,0.06940090656280518
pbmc5k_to_pbmc10k,totalvi,correct,0.2678184509277344
pbmc5k_to_pbmc10k,totalvi,correct,0.1876651644706726
pbmc5k_to_pbmc10k,totalvi,correct,0.3750292658805847
pbmc5k_to_pbmc10k,totalvi,correct,0.17374098300933838
pbmc5k_to_pbmc10k,totalvi,correct,0.18621224164962769
pbmc5k_to_pbmc10k,totalvi,correct,0.011099457740783691
pbmc5k_to_pbmc10k,totalvi,correct,0.210685133934021
pbmc5k_to_pbmc10k,totalvi,correct,0.42589592933654785
pbmc5k_to_pbmc10k,totalvi,correct,0.5270015001296997
pbmc5k_to_pbmc10k,totalvi,correct,0.5980995297431946
pbmc5k_to_pbmc10k,totalvi,correct,0.12360620498657227
pbmc5k_to_pbmc10k,totalvi,correct,0.048591554164886475
pbmc5k_to_pbmc10k,totalvi,correct,0.5068669319152832
pbmc5k_to_pbmc10k,totalvi,correct,0.04694545269012451
pbmc5k_to_pbmc10k,totalvi,correct,0.4952019453048706
pbmc5k_to_pbmc10k,totalvi,correct,0.2949550151824951
pbmc5k_to_pbmc10k,totalvi,correct,0.06213110685348511
pbmc5k_to_pbmc10k,totalvi,correct,0.028399169445037842
pbmc5k_to_pbmc10k,totalvi,correct,0.279291570186615
pbmc5k_to_pbmc10k,totalvi,correct,0.14125549793243408
pbmc5k_to_pbmc10k,totalvi,correct,0.060396432876586914
pbmc5k_to_pbmc10k,totalvi,correct,0.06562340259552002
pbmc5k_to_pbmc10k,totalvi,correct,0.10986125469207764
pbmc5k_to_pbmc10k,totalvi,correct,0.014456868171691895
pbmc5k_to_pbmc10k,totalvi,correct,0.002687811851501465
pbmc5k_to_pbmc10k,totalvi,correct,0.17396330833435059
pbmc5k_to_pbmc10k,totalvi,correct,0.025116324424743652
pbmc5k_to_pbmc10k,totalvi,correct,0.11872965097427368
pbmc5k_to_pbmc10k,totalvi,correct,0.0024439096450805664
pbmc5k_to_pbmc10k,totalvi,correct,0.3118196725845337
pbmc5k_to_pbmc10k,totalvi,correct,0.48705434799194336
pbmc5k_to_pbmc10k,totalvi,correct,0.16131114959716797
pbmc5k_to_pbmc10k,totalvi,correct,0.3190598487854004
pbmc5k_to_pbmc10k,totalvi,correct,0.23065203428268433
pbmc5k_to_pbmc10k,totalvi,correct,0.09998846054077148
pbmc5k_to_pbmc10k,totalvi,correct,0.20969074964523315
pbmc5k_to_pbmc10k,totalvi,correct,0.2206215262413025
pbmc5k_to_pbmc10k,totalvi,correct,0.19517213106155396
pbmc5k_to_pbmc10k,totalvi,correct,0.015640974044799805
pbmc5k_to_pbmc10k,totalvi,correct,0.014990150928497314
pbmc5k_to_pbmc10k,totalvi,correct,0.010186612606048584
pbmc5k_to_pbmc10k,totalvi,correct,0.5836604237556458
pbmc5k_to_pbmc10k,totalvi,correct,0.12613916397094727
pbmc5k_to_pbmc10k,totalvi,correct,0.04207122325897217
pbmc5k_to_pbmc10k,totalvi,correct,0.07219898700714111
pbmc5k_to_pbmc10k,totalvi,correct,0.06911414861679077
pbmc5k_to_pbmc10k,totalvi,correct,0.21140390634536743
pbmc5k_to_pbmc10k,totalvi,correct,0.14549154043197632
pbmc5k_to_pbmc10k,totalvi,correct,0.016124606132507324
pbmc5k_to_pbmc10k,totalvi,correct,0.0007241368293762207
pbmc5k_to_pbmc10k,totalvi,correct,0.2942037582397461
pbmc5k_to_pbmc10k,totalvi,correct,0.0049127936363220215
pbmc5k_to_pbmc10k,totalvi,correct,0.48185664415359497
pbmc5k_to_pbmc10k,totalvi,correct,0.2901649475097656
pbmc5k_to_pbmc10k,totalvi,correct,0.2329941987991333
pbmc5k_to_pbmc10k,totalvi,correct,0.016456961631774902
pbmc5k_to_pbmc10k,totalvi,correct,0.3878399133682251
pbmc5k_to_pbmc10k,totalvi,correct,0.054373979568481445
pbmc5k_to_pbmc10k,totalvi,correct,0.09650683403015137
pbmc5k_to_pbmc10k,totalvi,correct,0.49350666999816895
pbmc5k_to_pbmc10k,totalvi,correct,0.4822770357131958
pbmc5k_to_pbmc10k,totalvi,correct,0.08023238182067871
pbmc5k_to_pbmc10k,totalvi,correct,0.026232481002807617
pbmc5k_to_pbmc10k,totalvi,correct,0.03083205223083496
pbmc5k_to_pbmc10k,totalvi,correct,0.008343219757080078
pbmc5k_to_pbmc10k,totalvi,correct,0.0100630521774292
pbmc5k_to_pbmc10k,totalvi,correct,0.05370992422103882
pbmc5k_to_pbmc10k,totalvi,correct,0.31422698497772217
pbmc5k_to_pbmc10k,totalvi,correct,0.37264424562454224
pbmc5k_to_pbmc10k,totalvi,correct,0.02352619171142578
pbmc5k_to_pbmc10k,totalvi,correct,0.09142309427261353
pbmc5k_to_pbmc10k,totalvi,correct,0.03657889366149902
pbmc5k_to_pbmc10k,totalvi,correct,0.25976014137268066
pbmc5k_to_pbmc10k,totalvi,correct,0.003503859043121338
pbmc5k_to_pbmc10k,totalvi,correct,0.5245322585105896
pbmc5k_to_pbmc10k,totalvi,correct,0.0280267596244812
pbmc5k_to_pbmc10k,totalvi,correct,0.5376338958740234
pbmc5k_to_pbmc10k,totalvi,correct,0.17773407697677612
pbmc5k_to_pbmc10k,totalvi,correct,0.33173829317092896
pbmc5k_to_pbmc10k,totalvi,correct,0.24661993980407715
pbmc5k_to_pbmc10k,totalvi,correct,0.15651726722717285
pbmc5k_to_pbmc10k,totalvi,correct,0.06155616044998169
pbmc5k_to_pbmc10k,totalvi,correct,0.05868631601333618
pbmc5k_to_pbmc10k,totalvi,correct,0.01958286762237549
pbmc5k_to_pbmc10k,totalvi,correct,0.03545182943344116
pbmc5k_to_pbmc10k,totalvi,correct,0.19397002458572388
pbmc5k_to_pbmc10k,totalvi,correct,0.09278929233551025
pbmc5k_to_pbmc10k,totalvi,correct,0.0021372437477111816
pbmc5k_to_pbmc10k,totalvi,correct,0.20875388383865356
pbmc5k_to_pbmc10k,totalvi,correct,0.15772098302841187
pbmc5k_to_pbmc10k,totalvi,correct,0.17267274856567383
pbmc5k_to_pbmc10k,totalvi,correct,0.1439833641052246
pbmc5k_to_pbmc10k,totalvi,correct,0.05763596296310425
pbmc5k_to_pbmc10k,totalvi,correct,0.18236172199249268
pbmc5k_to_pbmc10k,totalvi,correct,0.054789185523986816
pbmc5k_to_pbmc10k,totalvi,correct,0.056803882122039795
pbmc5k_to_pbmc10k,totalvi,correct,0.01153409481048584
pbmc5k_to_pbmc10k,totalvi,correct,0.10204243659973145
pbmc5k_to_pbmc10k,totalvi,correct,0.21406447887420654
pbmc5k_to_pbmc10k,totalvi,correct,0.2572147846221924
pbmc5k_to_pbmc10k,totalvi,correct,0.3521164655685425
pbmc5k_to_pbmc10k,totalvi,correct,0.1434255838394165
pbmc5k_to_pbmc10k,totalvi,correct,0.02084439992904663
pbmc5k_to_pbmc10k,totalvi,correct,0.005927622318267822
pbmc5k_to_pbmc10k,totalvi,correct,0.034068524837493896
pbmc5k_to_pbmc10k,totalvi,correct,0.574654221534729
pbmc5k_to_pbmc10k,totalvi,correct,0.11344504356384277
pbmc5k_to_pbmc10k,totalvi,correct,0.38127779960632324
pbmc5k_to_pbmc10k,totalvi,correct,0.01066279411315918
pbmc5k_to_pbmc10k,totalvi,correct,0.0077446699142456055
pbmc5k_to_pbmc10k,totalvi,correct,0.19288098812103271
pbmc5k_to_pbmc10k,totalvi,correct,0.2505534887313843
pbmc5k_to_pbmc10k,totalvi,correct,0.0007112026214599609
pbmc5k_to_pbmc10k,totalvi,correct,0.26869308948516846
pbmc5k_to_pbmc10k,totalvi,correct,0.0163801908493042
pbmc5k_to_pbmc10k,totalvi,correct,0.08567124605178833
pbmc5k_to_pbmc10k,totalvi,correct,0.5628029108047485
pbmc5k_to_pbmc10k,totalvi,correct,0.1622333526611328
pbmc5k_to_pbmc10k,totalvi,correct,0.007210433483123779
pbmc5k_to_pbmc10k,totalvi,correct,0.0927465558052063
pbmc5k_to_pbmc10k,totalvi,correct,0.02633523941040039
pbmc5k_to_pbmc10k,totalvi,correct,0.09165126085281372
pbmc5k_to_pbmc10k,totalvi,correct,0.00044149160385131836
pbmc5k_to_pbmc10k,totalvi,correct,0.1426885724067688
pbmc5k_to_pbmc10k,totalvi,correct,0.021803855895996094
pbmc5k_to_pbmc10k,totalvi,correct,0.0026425719261169434
pbmc5k_to_pbmc10k,totalvi,correct,0.0579800009727478
pbmc5k_to_pbmc10k,totalvi,correct,0.18987560272216797
pbmc5k_to_pbmc10k,totalvi,correct,0.01782536506652832
pbmc5k_to_pbmc10k,totalvi,correct,0.42108047008514404
pbmc5k_to_pbmc10k,totalvi,correct,0.04491424560546875
pbmc5k_to_pbmc10k,totalvi,correct,0.036380767822265625
pbmc5k_to_pbmc10k,totalvi,correct,0.18960654735565186
pbmc5k_to_pbmc10k,totalvi,correct,0.0037611722946166992
pbmc5k_to_pbmc10k,totalvi,correct,0.11930781602859497
pbmc5k_to_pbmc10k,totalvi,correct,0.19404107332229614
pbmc5k_to_pbmc10k,totalvi,correct,0.2700936794281006
pbmc5k_to_pbmc10k,totalvi,correct,0.48771417140960693
pbmc5k_to_pbmc10k,totalvi,correct,0.012382209300994873
pbmc5k_to_pbmc10k,totalvi,correct,0.43168187141418457
pbmc5k_to_pbmc10k,totalvi,correct,0.23533594608306885
pbmc5k_to_pbmc10k,totalvi,correct,0.23339903354644775
pbmc5k_to_pbmc10k,totalvi,correct,0.0069321393966674805
pbmc5k_to_pbmc10k,totalvi,correct,0.0043618083000183105
pbmc5k_to_pbmc10k,totalvi,correct,0.07605832815170288
pbmc5k_to_pbmc10k,totalvi,correct,0.11562937498092651
pbmc5k_to_pbmc10k,totalvi,correct,0.00023287534713745117
pbmc5k_to_pbmc10k,totalvi,correct,0.09336024522781372
pbmc5k_to_pbmc10k,totalvi,correct,0.5327928066253662
pbmc5k_to_pbmc10k,totalvi,correct,0.016542553901672363
pbmc5k_to_pbmc10k,totalvi,correct,0.007724106311798096
pbmc5k_to_pbmc10k,totalvi,correct,0.1281071901321411
pbmc5k_to_pbmc10k,totalvi,correct,0.21048444509506226
pbmc5k_to_pbmc10k,totalvi,correct,0.020298004150390625
pbmc5k_to_pbmc10k,totalvi,correct,0.025421977043151855
pbmc5k_to_pbmc10k,totalvi,correct,0.023193061351776123
pbmc5k_to_pbmc10k,totalvi,correct,0.005210518836975098
pbmc5k_to_pbmc10k,totalvi,correct,0.1136329174041748
pbmc5k_to_pbmc10k,totalvi,correct,0.03090977668762207
pbmc5k_to_pbmc10k,totalvi,correct,0.09653580188751221
pbmc5k_to_pbmc10k,totalvi,correct,0.302776038646698
pbmc5k_to_pbmc10k,totalvi,correct,0.623589038848877
pbmc5k_to_pbmc10k,totalvi,correct,0.004721403121948242
pbmc5k_to_pbmc10k,totalvi,correct,0.20737195014953613
pbmc5k_to_pbmc10k,totalvi,correct,0.02019047737121582
pbmc5k_to_pbmc10k,totalvi,correct,0.0028071999549865723
pbmc5k_to_pbmc10k,totalvi,correct,0.007378339767456055
pbmc5k_to_pbmc10k,totalvi,correct,0.27178627252578735
pbmc5k_to_pbmc10k,totalvi,correct,0.07395535707473755
pbmc5k_to_pbmc10k,totalvi,correct,0.1419479250907898
pbmc5k_to_pbmc10k,totalvi,correct,0.1912839412689209
pbmc5k_to_pbmc10k,totalvi,correct,0.06262630224227905
pbmc5k_to_pbmc10k,totalvi,correct,0.5188995003700256
pbmc5k_to_pbmc10k,totalvi,correct,0.11965125799179077
pbmc5k_to_pbmc10k,totalvi,correct,0.056968629360198975
pbmc5k_to_pbmc10k,totalvi,correct,0.010956525802612305
pbmc5k_to_pbmc10k,totalvi,correct,0.2789086699485779
pbmc5k_to_pbmc10k,totalvi,correct,0.005753815174102783
pbmc5k_to_pbmc10k,totalvi,correct,0.45346933603286743
pbmc5k_to_pbmc10k,totalvi,correct,0.29434293508529663
pbmc5k_to_pbmc10k,totalvi,correct,0.09679204225540161
pbmc5k_to_pbmc10k,totalvi,correct,0.0010460615158081055
pbmc5k_to_pbmc10k,totalvi,correct,0.0019439458847045898
pbmc5k_to_pbmc10k,totalvi,correct,0.24594593048095703
pbmc5k_to_pbmc10k,totalvi,correct,0.35966819524765015
pbmc5k_to_pbmc10k,totalvi,correct,0.07936298847198486
pbmc5k_to_pbmc10k,totalvi,correct,0.09713530540466309
pbmc5k_to_pbmc10k,totalvi,correct,0.13815438747406006
pbmc5k_to_pbmc10k,totalvi,correct,0.0024094581604003906
pbmc5k_to_pbmc10k,totalvi,correct,0.11269491910934448
pbmc5k_to_pbmc10k,totalvi,correct,0.10724234580993652
pbmc5k_to_pbmc10k,totalvi,correct,0.01818150281906128
pbmc5k_to_pbmc10k,totalvi,correct,0.00039273500442504883
pbmc5k_to_pbmc10k,totalvi,correct,0.31408077478408813
pbmc5k_to_pbmc10k,totalvi,correct,0.20753616094589233
pbmc5k_to_pbmc10k,totalvi,correct,0.2647665739059448
pbmc5k_to_pbmc10k,totalvi,correct,0.0038232803344726562
pbmc5k_to_pbmc10k,totalvi,correct,0.0161096453666687
pbmc5k_to_pbmc10k,totalvi,correct,0.12786078453063965
pbmc5k_to_pbmc10k,totalvi,correct,0.11003822088241577
pbmc5k_to_pbmc10k,totalvi,correct,0.3389108180999756
pbmc5k_to_pbmc10k,totalvi,correct,0.11500924825668335
pbmc5k_to_pbmc10k,totalvi,correct,0.09083139896392822
pbmc5k_to_pbmc10k,totalvi,correct,0.4876735806465149
pbmc5k_to_pbmc10k,totalvi,correct,0.02411782741546631
pbmc5k_to_pbmc10k,totalvi,correct,0.31064605712890625
pbmc5k_to_pbmc10k,totalvi,correct,0.20045346021652222
pbmc5k_to_pbmc10k,totalvi,correct,0.029191017150878906
pbmc5k_to_pbmc10k,totalvi,correct,0.07106715440750122
pbmc5k_to_pbmc10k,totalvi,correct,0.10847455263137817
pbmc5k_to_pbmc10k,totalvi,correct,0.0029845237731933594
pbmc5k_to_pbmc10k,totalvi,correct,0.5266655683517456
pbmc5k_to_pbmc10k,totalvi,correct,0.04870736598968506
pbmc5k_to_pbmc10k,totalvi,correct,0.05586111545562744
pbmc5k_to_pbmc10k,totalvi,correct,0.007099628448486328
pbmc5k_to_pbmc10k,totalvi,correct,0.2502036690711975
pbmc5k_to_pbmc10k,totalvi,correct,0.08501064777374268
pbmc5k_to_pbmc10k,totalvi,correct,0.00657123327255249
pbmc5k_to_pbmc10k,totalvi,correct,0.3436357378959656
pbmc5k_to_pbmc10k,totalvi,correct,0.04662603139877319
pbmc5k_to_pbmc10k,totalvi,correct,0.12434899806976318
pbmc5k_to_pbmc10k,totalvi,correct,0.19661253690719604
pbmc5k_to_pbmc10k,totalvi,correct,0.0013835430145263672
pbmc5k_to_pbmc10k,totalvi,correct,0.24339264631271362
pbmc5k_to_pbmc10k,totalvi,correct,0.07223367691040039
pbmc5k_to_pbmc10k,totalvi,correct,0.2394101619720459
pbmc5k_to_pbmc10k,totalvi,correct,0.11997634172439575
pbmc5k_to_pbmc10k,totalvi,correct,0.17635798454284668
pbmc5k_to_pbmc10k,totalvi,correct,0.0029361844062805176
pbmc5k_to_pbmc10k,totalvi,correct,0.005572676658630371
pbmc5k_to_pbmc10k,totalvi,correct,0.3847825527191162
pbmc5k_to_pbmc10k,totalvi,correct,0.01816040277481079
pbmc5k_to_pbmc10k,totalvi,correct,0.0656365156173706
pbmc5k_to_pbmc10k,totalvi,correct,0.010746777057647705
pbmc5k_to_pbmc10k,totalvi,correct,0.029716849327087402
pbmc5k_to_pbmc10k,totalvi,correct,0.19079738855361938
pbmc5k_to_pbmc10k,totalvi,correct,0.19677120447158813
pbmc5k_to_pbmc10k,totalvi,correct,0.0029244422912597656
pbmc5k_to_pbmc10k,totalvi,correct,0.06341558694839478
pbmc5k_to_pbmc10k,totalvi,correct,0.09322690963745117
pbmc5k_to_pbmc10k,totalvi,correct,0.0009855031967163086
pbmc5k_to_pbmc10k,totalvi,correct,0.14818698167800903
pbmc5k_to_pbmc10k,totalvi,correct,0.012720584869384766
pbmc5k_to_pbmc10k,totalvi,correct,0.24585622549057007
pbmc5k_to_pbmc10k,totalvi,correct,0.350347101688385
pbmc5k_to_pbmc10k,totalvi,correct,0.18649131059646606
pbmc5k_to_pbmc10k,totalvi,correct,0.35943901538848877
pbmc5k_to_pbmc10k,totalvi,correct,0.06588363647460938
pbmc5k_to_pbmc10k,totalvi,correct,0.027370333671569824
pbmc5k_to_pbmc10k,totalvi,correct,0.2372342348098755
pbmc5k_to_pbmc10k,totalvi,correct,0.006146550178527832
pbmc5k_to_pbmc10k,totalvi,correct,0.24332720041275024
pbmc5k_to_pbmc10k,totalvi,correct,0.0005043745040893555
pbmc5k_to_pbmc10k,totalvi,correct,0.02141362428665161
pbmc5k_to_pbmc10k,totalvi,correct,0.44125109910964966
pbmc5k_to_pbmc10k,totalvi,correct,0.29915851354599
pbmc5k_to_pbmc10k,totalvi,correct,0.40647435188293457
pbmc5k_to_pbmc10k,totalvi,correct,0.02072620391845703
pbmc5k_to_pbmc10k,totalvi,correct,0.00962817668914795
pbmc5k_to_pbmc10k,totalvi,correct,0.002919495105743408
pbmc5k_to_pbmc10k,totalvi,correct,0.5376795530319214
pbmc5k_to_pbmc10k,totalvi,correct,0.2785177230834961
pbmc5k_to_pbmc10k,totalvi,correct,0.19881552457809448
pbmc5k_to_pbmc10k,totalvi,correct,0.1815187931060791
pbmc5k_to_pbmc10k,totalvi,correct,0.05122429132461548
pbmc5k_to_pbmc10k,totalvi,correct,0.34609609842300415
pbmc5k_to_pbmc10k,totalvi,correct,0.3601566553115845
pbmc5k_to_pbmc10k,totalvi,correct,0.025756120681762695
pbmc5k_to_pbmc10k,totalvi,correct,0.18169432878494263
pbmc5k_to_pbmc10k,totalvi,correct,0.3963834047317505
pbmc5k_to_pbmc10k,totalvi,correct,0.454264760017395
pbmc5k_to_pbmc10k,totalvi,correct,0.3942379355430603
pbmc5k_to_pbmc10k,totalvi,correct,0.003118276596069336
pbmc5k_to_pbmc10k,totalvi,correct,0.00011265277862548828
pbmc5k_to_pbmc10k,totalvi,correct,0.0023259520530700684
pbmc5k_to_pbmc10k,totalvi,correct,0.2089862823486328
pbmc5k_to_pbmc10k,totalvi,correct,0.626723051071167
pbmc5k_to_pbmc10k,totalvi,correct,0.5376743078231812
pbmc5k_to_pbmc10k,totalvi,correct,0.10979878902435303
pbmc5k_to_pbmc10k,totalvi,correct,0.01921004056930542
pbmc5k_to_pbmc10k,totalvi,correct,0.030606627464294434
pbmc5k_to_pbmc10k,totalvi,correct,0.027446866035461426
pbmc5k_to_pbmc10k,totalvi,correct,0.06969332695007324
pbmc5k_to_pbmc10k,totalvi,correct,0.1951654553413391
pbmc5k_to_pbmc10k,totalvi,correct,0.003377079963684082
pbmc5k_to_pbmc10k,totalvi,correct,0.07351022958755493
pbmc5k_to_pbmc10k,totalvi,correct,0.494279682636261
pbmc5k_to_pbmc10k,totalvi,correct,0.471682071685791
pbmc5k_to_pbmc10k,totalvi,correct,0.007563531398773193
pbmc5k_to_pbmc10k,totalvi,correct,0.039765119552612305
pbmc5k_to_pbmc10k,totalvi,correct,0.16887366771697998
pbmc5k_to_pbmc10k,totalvi,correct,0.024372756481170654
pbmc5k_to_pbmc10k,totalvi,correct,0.18742698431015015
pbmc5k_to_pbmc10k,totalvi,correct,0.48153793811798096
pbmc5k_to_pbmc10k,totalvi,correct,0.02729332447052002
pbmc5k_to_pbmc10k,totalvi,correct,0.009776651859283447
pbmc5k_to_pbmc10k,totalvi,correct,0.45455682277679443
pbmc5k_to_pbmc10k,totalvi,correct,0.015894711017608643
pbmc5k_to_pbmc10k,totalvi,correct,0.00214463472366333
pbmc5k_to_pbmc10k,totalvi,correct,0.002558588981628418
pbmc5k_to_pbmc10k,totalvi,correct,0.29808974266052246
pbmc5k_to_pbmc10k,totalvi,correct,0.4258130192756653
pbmc5k_to_pbmc10k,totalvi,correct,0.013055384159088135
pbmc5k_to_pbmc10k,totalvi,correct,0.1057889461517334
pbmc5k_to_pbmc10k,totalvi,correct,0.008514702320098877
pbmc5k_to_pbmc10k,totalvi,correct,0.22100061178207397
pbmc5k_to_pbmc10k,totalvi,correct,0.16598540544509888
pbmc5k_to_pbmc10k,totalvi,correct,0.05227327346801758
pbmc5k_to_pbmc10k,totalvi,correct,0.3039935231208801
pbmc5k_to_pbmc10k,totalvi,correct,0.4033489227294922
pbmc5k_to_pbmc10k,totalvi,correct,0.09886860847473145
pbmc5k_to_pbmc10k,totalvi,correct,0.018816113471984863
pbmc5k_to_pbmc10k,totalvi,correct,0.24374014139175415
pbmc5k_to_pbmc10k,totalvi,correct,0.04234957695007324
pbmc5k_to_pbmc10k,totalvi,correct,0.00896674394607544
pbmc5k_to_pbmc10k,totalvi,correct,0.016776621341705322
pbmc5k_to_pbmc10k,totalvi,correct,0.014922678470611572
pbmc5k_to_pbmc10k,totalvi,correct,0.20225590467453003
pbmc5k_to_pbmc10k,totalvi,correct,0.587502121925354
pbmc5k_to_pbmc10k,totalvi,correct,0.06400740146636963
pbmc5k_to_pbmc10k,totalvi,correct,0.13459229469299316
pbmc5k_to_pbmc10k,totalvi,correct,0.09715092182159424
pbmc5k_to_pbmc10k,totalvi,correct,0.2642115354537964
pbmc5k_to_pbmc10k,totalvi,correct,0.030508875846862793
pbmc5k_to_pbmc10k,totalvi,correct,0.17126500606536865
pbmc5k_to_pbmc10k,totalvi,correct,0.4174092411994934
pbmc5k_to_pbmc10k,totalvi,correct,0.06557905673980713
pbmc5k_to_pbmc10k,totalvi,correct,0.007928073406219482
pbmc5k_to_pbmc10k,totalvi,correct,0.10795140266418457
pbmc5k_to_pbmc10k,totalvi,correct,0.30830836296081543
pbmc5k_to_pbmc10k,totalvi,correct,0.008195042610168457
pbmc5k_to_pbmc10k,totalvi,correct,0.08307987451553345
pbmc5k_to_pbmc10k,totalvi,correct,0.0231209397315979
pbmc5k_to_pbmc10k,totalvi,correct,0.3353580832481384
pbmc5k_to_pbmc10k,totalvi,correct,0.21239513158798218
pbmc5k_to_pbmc10k,totalvi,correct,0.39684098958969116
pbmc5k_to_pbmc10k,totalvi,correct,0.15868020057678223
pbmc5k_to_pbmc10k,totalvi,correct,0.0046350955963134766
pbmc5k_to_pbmc10k,totalvi,correct,0.12130779027938843
pbmc5k_to_pbmc10k,totalvi,correct,0.19152164459228516
pbmc5k_to_pbmc10k,totalvi,correct,0.005081117153167725
pbmc5k_to_pbmc10k,totalvi,correct,0.14265823364257812
pbmc5k_to_pbmc10k,totalvi,correct,0.32702094316482544
pbmc5k_to_pbmc10k,totalvi,correct,0.0014219284057617188
pbmc5k_to_pbmc10k,totalvi,correct,0.0003597736358642578
pbmc5k_to_pbmc10k,totalvi,correct,0.11205810308456421
pbmc5k_to_pbmc10k,totalvi,correct,0.22573590278625488
pbmc5k_to_pbmc10k,totalvi,correct,0.1322852373123169
pbmc5k_to_pbmc10k,totalvi,correct,0.003077208995819092
pbmc5k_to_pbmc10k,totalvi,correct,0.1997886300086975
pbmc5k_to_pbmc10k,totalvi,correct,0.5569611191749573
pbmc5k_to_pbmc10k,totalvi,correct,0.5087219476699829
pbmc5k_to_pbmc10k,totalvi,correct,0.13647210597991943
pbmc5k_to_pbmc10k,totalvi,correct,0.08576244115829468
pbmc5k_to_pbmc10k,totalvi,correct,0.012180566787719727
pbmc5k_to_pbmc10k,totalvi,correct,0.13859474658966064
pbmc5k_to_pbmc10k,totalvi,correct,0.14083468914031982
pbmc5k_to_pbmc10k,totalvi,correct,0.05402916669845581
pbmc5k_to_pbmc10k,totalvi,correct,0.002177000045776367
pbmc5k_to_pbmc10k,totalvi,correct,0.019620180130004883
pbmc5k_to_pbmc10k,totalvi,correct,0.03066045045852661
pbmc5k_to_pbmc10k,totalvi,correct,0.1536349654197693
pbmc5k_to_pbmc10k,totalvi,correct,0.22728049755096436
pbmc5k_to_pbmc10k,totalvi,correct,0.0016054511070251465
pbmc5k_to_pbmc10k,totalvi,correct,0.2301960587501526
pbmc5k_to_pbmc10k,totalvi,correct,0.325434148311615
pbmc5k_to_pbmc10k,totalvi,correct,0.13886970281600952
pbmc5k_to_pbmc10k,totalvi,correct,0.0018652677536010742
pbmc5k_to_pbmc10k,totalvi,correct,0.024566173553466797
pbmc5k_to_pbmc10k,totalvi,correct,0.19656133651733398
pbmc5k_to_pbmc10k,totalvi,correct,0.44415462017059326
pbmc5k_to_pbmc10k,totalvi,correct,0.14093387126922607
pbmc5k_to_pbmc10k,totalvi,correct,0.31192511320114136
pbmc5k_to_pbmc10k,totalvi,correct,0.17298603057861328
pbmc5k_to_pbmc10k,totalvi,correct,0.05706816911697388
pbmc5k_to_pbmc10k,totalvi,correct,0.004050254821777344
pbmc5k_to_pbmc10k,totalvi,correct,0.5580466389656067
pbmc5k_to_pbmc10k,totalvi,correct,0.1337805986404419
pbmc5k_to_pbmc10k,totalvi,correct,0.005618631839752197
pbmc5k_to_pbmc10k,totalvi,correct,0.5977107882499695
pbmc5k_to_pbmc10k,totalvi,correct,0.2266247272491455
pbmc5k_to_pbmc10k,totalvi,correct,0.06749892234802246
pbmc5k_to_pbmc10k,totalvi,correct,0.026551783084869385
pbmc5k_to_pbmc10k,totalvi,correct,0.21717768907546997
pbmc5k_to_pbmc10k,totalvi,correct,0.19261306524276733
pbmc5k_to_pbmc10k,totalvi,correct,0.3795011639595032
pbmc5k_to_pbmc10k,totalvi,correct,0.0051503777503967285
pbmc5k_to_pbmc10k,totalvi,correct,0.328233003616333
pbmc5k_to_pbmc10k,totalvi,correct,0.19610756635665894
pbmc5k_to_pbmc10k,totalvi,correct,0.07794272899627686
pbmc5k_to_pbmc10k,totalvi,correct,0.005668520927429199
pbmc5k_to_pbmc10k,totalvi,correct,0.047841787338256836
pbmc5k_to_pbmc10k,totalvi,correct,0.007321596145629883
pbmc5k_to_pbmc10k,totalvi,correct,0.08225589990615845
pbmc5k_to_pbmc10k,totalvi,correct,0.02217036485671997
pbmc5k_to_pbmc10k,totalvi,correct,0.13927161693572998
pbmc5k_to_pbmc10k,totalvi,correct,0.006600379943847656
pbmc5k_to_pbmc10k,totalvi,correct,0.4827457070350647
pbmc5k_to_pbmc10k,totalvi,correct,0.05098527669906616
pbmc5k_to_pbmc10k,totalvi,correct,0.06476521492004395
pbmc5k_to_pbmc10k,totalvi,correct,0.059483349323272705
pbmc5k_to_pbmc10k,totalvi,correct,0.03173714876174927
pbmc5k_to_pbmc10k,totalvi,correct,0.11421763896942139
pbmc5k_to_pbmc10k,totalvi,correct,0.17974579334259033
pbmc5k_to_pbmc10k,totalvi,correct,0.21825897693634033
pbmc5k_to_pbmc10k,totalvi,correct,0.002030670642852783
pbmc5k_to_pbmc10k,totalvi,correct,0.6172833442687988
pbmc5k_to_pbmc10k,totalvi,correct,0.050213515758514404
pbmc5k_to_pbmc10k,totalvi,correct,0.00019413232803344727
pbmc5k_to_pbmc10k,totalvi,correct,0.14158755540847778
pbmc5k_to_pbmc10k,totalvi,correct,0.03444826602935791
pbmc5k_to_pbmc10k,totalvi,correct,0.11521291732788086
pbmc5k_to_pbmc10k,totalvi,correct,0.06611144542694092
pbmc5k_to_pbmc10k,totalvi,correct,0.019392728805541992
pbmc5k_to_pbmc10k,totalvi,correct,0.44962799549102783
pbmc5k_to_pbmc10k,totalvi,correct,0.24733585119247437
pbmc5k_to_pbmc10k,totalvi,correct,0.18557584285736084
pbmc5k_to_pbmc10k,totalvi,correct,0.005480349063873291
pbmc5k_to_pbmc10k,totalvi,correct,0.0031431913375854492
pbmc5k_to_pbmc10k,totalvi,correct,0.0015500783920288086
pbmc5k_to_pbmc10k,totalvi,correct,0.17878741025924683
pbmc5k_to_pbmc10k,totalvi,correct,0.3375266194343567
pbmc5k_to_pbmc10k,totalvi,correct,0.10356515645980835
pbmc5k_to_pbmc10k,totalvi,correct,0.03440296649932861
pbmc5k_to_pbmc10k,totalvi,correct,0.11343902349472046
pbmc5k_to_pbmc10k,totalvi,correct,0.11005985736846924
pbmc5k_to_pbmc10k,totalvi,correct,0.0036556124687194824
pbmc5k_to_pbmc10k,totalvi,correct,0.0010864734649658203
pbmc5k_to_pbmc10k,totalvi,correct,0.5378191471099854
pbmc5k_to_pbmc10k,totalvi,correct,0.12123775482177734
pbmc5k_to_pbmc10k,totalvi,correct,0.04639822244644165
pbmc5k_to_pbmc10k,totalvi,correct,0.005039334297180176
pbmc5k_to_pbmc10k,totalvi,correct,0.07185572385787964
pbmc5k_to_pbmc10k,totalvi,correct,0.01204526424407959
pbmc5k_to_pbmc10k,totalvi,correct,0.30037862062454224
pbmc5k_to_pbmc10k,totalvi,correct,0.08287394046783447
pbmc5k_to_pbmc10k,totalvi,correct,0.003805398941040039
pbmc5k_to_pbmc10k,totalvi,correct,0.2530987858772278
pbmc5k_to_pbmc10k,totalvi,correct,0.005370914936065674
pbmc5k_to_pbmc10k,totalvi,correct,0.1604776382446289
pbmc5k_to_pbmc10k,totalvi,correct,0.01588386297225952
pbmc5k_to_pbmc10k,totalvi,correct,0.12758243083953857
pbmc5k_to_pbmc10k,totalvi,correct,0.4690137505531311
pbmc5k_to_pbmc10k,totalvi,correct,0.1819935441017151
pbmc5k_to_pbmc10k,totalvi,correct,0.050506591796875
pbmc5k_to_pbmc10k,totalvi,correct,0.03302484750747681
pbmc5k_to_pbmc10k,totalvi,correct,0.009852945804595947
pbmc5k_to_pbmc10k,totalvi,correct,0.008125841617584229
pbmc5k_to_pbmc10k,totalvi,correct,0.05366325378417969
pbmc5k_to_pbmc10k,totalvi,correct,0.030548930168151855
pbmc5k_to_pbmc10k,totalvi,correct,0.015645623207092285
pbmc5k_to_pbmc10k,totalvi,correct,0.008258938789367676
pbmc5k_to_pbmc10k,totalvi,correct,0.43171072006225586
pbmc5k_to_pbmc10k,totalvi,correct,0.22505396604537964
pbmc5k_to_pbmc10k,totalvi,correct,0.1655835509300232
pbmc5k_to_pbmc10k,totalvi,correct,0.008793294429779053
pbmc5k_to_pbmc10k,totalvi,correct,0.03105682134628296
pbmc5k_to_pbmc10k,totalvi,correct,0.023292481899261475
pbmc5k_to_pbmc10k,totalvi,correct,0.05020838975906372
pbmc5k_to_pbmc10k,totalvi,correct,0.04430890083312988
pbmc5k_to_pbmc10k,totalvi,correct,0.2148401141166687
pbmc5k_to_pbmc10k,totalvi,correct,0.004956603050231934
pbmc5k_to_pbmc10k,totalvi,correct,0.23421841859817505
pbmc5k_to_pbmc10k,totalvi,correct,0.00426483154296875
pbmc5k_to_pbmc10k,totalvi,correct,0.01939833164215088
pbmc5k_to_pbmc10k,totalvi,correct,0.0332188606262207
pbmc5k_to_pbmc10k,totalvi,correct,0.5697288513183594
pbmc5k_to_pbmc10k,totalvi,correct,0.05699813365936279
pbmc5k_to_pbmc10k,totalvi,correct,0.06186950206756592
pbmc5k_to_pbmc10k,totalvi,correct,0.09875822067260742
pbmc5k_to_pbmc10k,totalvi,correct,0.3573914170265198
pbmc5k_to_pbmc10k,totalvi,correct,0.21861165761947632
pbmc5k_to_pbmc10k,totalvi,correct,0.00695425271987915
pbmc5k_to_pbmc10k,totalvi,correct,0.06488305330276489
pbmc5k_to_pbmc10k,totalvi,correct,0.1525997519493103
pbmc5k_to_pbmc10k,totalvi,correct,0.03435349464416504
pbmc5k_to_pbmc10k,totalvi,correct,0.0013262033462524414
pbmc5k_to_pbmc10k,totalvi,correct,0.08858609199523926
pbmc5k_to_pbmc10k,totalvi,correct,0.052004456520080566
pbmc5k_to_pbmc10k,totalvi,correct,0.2639462351799011
pbmc5k_to_pbmc10k,totalvi,correct,0.023285627365112305
pbmc5k_to_pbmc10k,totalvi,correct,0.025525271892547607
pbmc5k_to_pbmc10k,totalvi,correct,0.038633644580841064
pbmc5k_to_pbmc10k,totalvi,correct,0.17753833532333374
pbmc5k_to_pbmc10k,totalvi,correct,0.16348427534103394
pbmc5k_to_pbmc10k,totalvi,correct,0.006802678108215332
pbmc5k_to_pbmc10k,totalvi,correct,0.5339844226837158
pbmc5k_to_pbmc10k,totalvi,correct,0.010675370693206787
pbmc5k_to_pbmc10k,totalvi,correct,0.3557453155517578
pbmc5k_to_pbmc10k,totalvi,correct,0.10516339540481567
pbmc5k_to_pbmc10k,totalvi,correct,0.171683669090271
pbmc5k_to_pbmc10k,totalvi,correct,0.009175539016723633
pbmc5k_to_pbmc10k,totalvi,correct,0.12733101844787598
pbmc5k_to_pbmc10k,totalvi,correct,0.11945128440856934
pbmc5k_to_pbmc10k,totalvi,correct,0.05250275135040283
pbmc5k_to_pbmc10k,totalvi,correct,0.5571091771125793
pbmc5k_to_pbmc10k,totalvi,correct,0.2816815972328186
pbmc5k_to_pbmc10k,totalvi,correct,0.3534178137779236
pbmc5k_to_pbmc10k,totalvi,correct,0.1908758282661438
pbmc5k_to_pbmc10k,totalvi,correct,0.008006930351257324
pbmc5k_to_pbmc10k,totalvi,correct,0.20327460765838623
pbmc5k_to_pbmc10k,totalvi,correct,0.011585354804992676
pbmc5k_to_pbmc10k,totalvi,correct,0.03489619493484497
pbmc5k_to_pbmc10k,totalvi,correct,0.001809537410736084
pbmc5k_to_pbmc10k,totalvi,correct,0.0715634822845459
pbmc5k_to_pbmc10k,totalvi,correct,0.12270951271057129
pbmc5k_to_pbmc10k,totalvi,correct,0.18381750583648682
pbmc5k_to_pbmc10k,totalvi,correct,0.40949350595474243
pbmc5k_to_pbmc10k,totalvi,correct,0.05669832229614258
pbmc5k_to_pbmc10k,totalvi,correct,0.23688101768493652
pbmc5k_to_pbmc10k,totalvi,correct,0.09039998054504395
pbmc5k_to_pbmc10k,totalvi,correct,0.1143726110458374
pbmc5k_to_pbmc10k,totalvi,correct,0.08230859041213989
pbmc5k_to_pbmc10k,totalvi,correct,0.004570364952087402
pbmc5k_to_pbmc10k,totalvi,correct,0.3630332350730896
pbmc5k_to_pbmc10k,totalvi,correct,0.0471113920211792
pbmc5k_to_pbmc10k,totalvi,correct,0.04020392894744873
pbmc5k_to_pbmc10k,totalvi,correct,0.26295018196105957
pbmc5k_to_pbmc10k,totalvi,correct,0.5747063159942627
pbmc5k_to_pbmc10k,totalvi,correct,0.14225691556930542
pbmc5k_to_pbmc10k,totalvi,correct,0.594866156578064
pbmc5k_to_pbmc10k,totalvi,correct,0.08732026815414429
pbmc5k_to_pbmc10k,totalvi,correct,0.31342780590057373
pbmc5k_to_pbmc10k,totalvi,correct,0.008921802043914795
pbmc5k_to_pbmc10k,totalvi,correct,0.0007448792457580566
pbmc5k_to_pbmc10k,totalvi,correct,0.01630425453186035
pbmc5k_to_pbmc10k,totalvi,correct,0.07301276922225952
pbmc5k_to_pbmc10k,totalvi,correct,0.5632885694503784
pbmc5k_to_pbmc10k,totalvi,correct,0.0442621111869812
pbmc5k_to_pbmc10k,totalvi,correct,0.17466676235198975
pbmc5k_to_pbmc10k,totalvi,correct,0.003920018672943115
pbmc5k_to_pbmc10k,totalvi,correct,0.4233419895172119
pbmc5k_to_pbmc10k,totalvi,correct,0.5731901526451111
pbmc5k_to_pbmc10k,totalvi,correct,0.04089474678039551
pbmc5k_to_pbmc10k,totalvi,correct,0.15338528156280518
pbmc5k_to_pbmc10k,totalvi,correct,0.0016453862190246582
pbmc5k_to_pbmc10k,totalvi,correct,0.03423374891281128
pbmc5k_to_pbmc10k,totalvi,correct,0.0032688379287719727
pbmc5k_to_pbmc10k,totalvi,correct,0.21207350492477417
pbmc5k_to_pbmc10k,totalvi,correct,0.13200151920318604
pbmc5k_to_pbmc10k,totalvi,correct,0.08650243282318115
pbmc5k_to_pbmc10k,totalvi,correct,0.00013172626495361328
pbmc5k_to_pbmc10k,totalvi,correct,0.1674114465713501
pbmc5k_to_pbmc10k,totalvi,correct,0.07847964763641357
pbmc5k_to_pbmc10k,totalvi,correct,0.31755906343460083
pbmc5k_to_pbmc10k,totalvi,correct,0.021646559238433838
pbmc5k_to_pbmc10k,totalvi,correct,0.2307041883468628
pbmc5k_to_pbmc10k,totalvi,correct,0.018094182014465332
pbmc5k_to_pbmc10k,totalvi,correct,0.17264628410339355
pbmc5k_to_pbmc10k,totalvi,correct,0.07754594087600708
pbmc5k_to_pbmc10k,totalvi,correct,0.3801906108856201
pbmc5k_to_pbmc10k,totalvi,correct,0.1994451880455017
pbmc5k_to_pbmc10k,totalvi,correct,0.03065800666809082
pbmc5k_to_pbmc10k,totalvi,correct,0.02778559923171997
pbmc5k_to_pbmc10k,totalvi,correct,0.34214234352111816
pbmc5k_to_pbmc10k,totalvi,correct,0.05138427019119263
pbmc5k_to_pbmc10k,totalvi,correct,0.10855406522750854
pbmc5k_to_pbmc10k,totalvi,correct,0.005716145038604736
pbmc5k_to_pbmc10k,totalvi,correct,0.057824909687042236
pbmc5k_to_pbmc10k,totalvi,correct,0.09308308362960815
pbmc5k_to_pbmc10k,totalvi,correct,0.10228204727172852
pbmc5k_to_pbmc10k,totalvi,correct,0.47934210300445557
pbmc5k_to_pbmc10k,totalvi,correct,0.31342071294784546
pbmc5k_to_pbmc10k,totalvi,correct,0.005786478519439697
pbmc5k_to_pbmc10k,totalvi,correct,0.017840921878814697
pbmc5k_to_pbmc10k,totalvi,correct,0.01752239465713501
pbmc5k_to_pbmc10k,totalvi,correct,0.2535415291786194
pbmc5k_to_pbmc10k,totalvi,correct,0.3023495078086853
pbmc5k_to_pbmc10k,totalvi,correct,0.026169955730438232
pbmc5k_to_pbmc10k,totalvi,correct,0.06034684181213379
pbmc5k_to_pbmc10k,totalvi,correct,0.36014652252197266
pbmc5k_to_pbmc10k,totalvi,correct,0.11805123090744019
pbmc5k_to_pbmc10k,totalvi,correct,0.4352012276649475
pbmc5k_to_pbmc10k,totalvi,correct,0.16175371408462524
pbmc5k_to_pbmc10k,totalvi,correct,0.3480290174484253
pbmc5k_to_pbmc10k,totalvi,correct,0.014811992645263672
pbmc5k_to_pbmc10k,totalvi,correct,0.009511113166809082
pbmc5k_to_pbmc10k,totalvi,correct,0.026835918426513672
pbmc5k_to_pbmc10k,totalvi,correct,0.05336892604827881
pbmc5k_to_pbmc10k,totalvi,correct,0.00406724214553833
pbmc5k_to_pbmc10k,totalvi,correct,0.36532866954803467
pbmc5k_to_pbmc10k,totalvi,correct,0.05293458700180054
pbmc5k_to_pbmc10k,totalvi,correct,0.051687002182006836
pbmc5k_to_pbmc10k,totalvi,correct,0.11699020862579346
pbmc5k_to_pbmc10k,totalvi,correct,0.3604767918586731
pbmc5k_to_pbmc10k,totalvi,correct,0.0741531252861023
pbmc5k_to_pbmc10k,totalvi,correct,0.010020256042480469
pbmc5k_to_pbmc10k,totalvi,correct,0.000864565372467041
pbmc5k_to_pbmc10k,totalvi,correct,0.08660387992858887
pbmc5k_to_pbmc10k,totalvi,correct,0.17280423641204834
pbmc5k_to_pbmc10k,totalvi,correct,0.03393036127090454
pbmc5k_to_pbmc10k,totalvi,correct,0.00016438961029052734
pbmc5k_to_pbmc10k,totalvi,correct,0.4903199076652527
pbmc5k_to_pbmc10k,totalvi,correct,0.0013497471809387207
pbmc5k_to_pbmc10k,totalvi,correct,0.011657536029815674
pbmc5k_to_pbmc10k,totalvi,correct,0.023324549198150635
pbmc5k_to_pbmc10k,totalvi,correct,0.1015099287033081
pbmc5k_to_pbmc10k,totalvi,correct,0.003601551055908203
pbmc5k_to_pbmc10k,totalvi,correct,0.09769195318222046
pbmc5k_to_pbmc10k,totalvi,correct,0.0022435784339904785
pbmc5k_to_pbmc10k,totalvi,correct,0.02001786231994629
pbmc5k_to_pbmc10k,totalvi,correct,0.5852816700935364
pbmc5k_to_pbmc10k,totalvi,correct,0.08293449878692627
pbmc5k_to_pbmc10k,totalvi,correct,0.2190486192703247
pbmc5k_to_pbmc10k,totalvi,correct,0.46434909105300903
pbmc5k_to_pbmc10k,totalvi,correct,0.010002315044403076
pbmc5k_to_pbmc10k,totalvi,correct,0.0041882991790771484
pbmc5k_to_pbmc10k,totalvi,correct,0.2343798279762268
pbmc5k_to_pbmc10k,totalvi,correct,0.007186233997344971
pbmc5k_to_pbmc10k,totalvi,correct,0.15501338243484497
pbmc5k_to_pbmc10k,totalvi,correct,0.0021762847900390625
pbmc5k_to_pbmc10k,totalvi,correct,0.10432136058807373
pbmc5k_to_pbmc10k,totalvi,correct,0.03629583120346069
pbmc5k_to_pbmc10k,totalvi,correct,0.0241011381149292
pbmc5k_to_pbmc10k,totalvi,correct,0.0017696022987365723
pbmc5k_to_pbmc10k,totalvi,correct,0.4300040006637573
pbmc5k_to_pbmc10k,totalvi,correct,0.003033936023712158
pbmc5k_to_pbmc10k,totalvi,correct,0.11093652248382568
pbmc5k_to_pbmc10k,totalvi,correct,0.012467920780181885
pbmc5k_to_pbmc10k,totalvi,correct,0.027684271335601807
pbmc5k_to_pbmc10k,totalvi,correct,0.008949756622314453
pbmc5k_to_pbmc10k,totalvi,correct,0.002890169620513916
pbmc5k_to_pbmc10k,totalvi,correct,0.44998788833618164
pbmc5k_to_pbmc10k,totalvi,correct,0.0014104247093200684
pbmc5k_to_pbmc10k,totalvi,correct,0.018950164318084717
pbmc5k_to_pbmc10k,totalvi,correct,0.24996960163116455
pbmc5k_to_pbmc10k,totalvi,correct,0.1718502640724182
pbmc5k_to_pbmc10k,totalvi,correct,0.07613718509674072
pbmc5k_to_pbmc10k,totalvi,correct,0.10910147428512573
pbmc5k_to_pbmc10k,totalvi,correct,0.3665473461151123
pbmc5k_to_pbmc10k,totalvi,correct,0.5841871500015259
pbmc5k_to_pbmc10k,totalvi,correct,0.04494357109069824
pbmc5k_to_pbmc10k,totalvi,correct,0.16079169511795044
pbmc5k_to_pbmc10k,totalvi,correct,0.35268521308898926
pbmc5k_to_pbmc10k,totalvi,correct,0.013493061065673828
pbmc5k_to_pbmc10k,totalvi,correct,0.012942492961883545
pbmc5k_to_pbmc10k,totalvi,correct,0.3667781352996826
pbmc5k_to_pbmc10k,totalvi,correct,0.10864216089248657
pbmc5k_to_pbmc10k,totalvi,correct,0.08806020021438599
pbmc5k_to_pbmc10k,totalvi,correct,0.07751280069351196
pbmc5k_to_pbmc10k,totalvi,correct,0.07324135303497314
pbmc5k_to_pbmc10k,totalvi,correct,0.0005417466163635254
pbmc5k_to_pbmc10k,totalvi,correct,0.48308002948760986
pbmc5k_to_pbmc10k,totalvi,correct,0.29467833042144775
pbmc5k_to_pbmc10k,totalvi,correct,0.39266055822372437
pbmc5k_to_pbmc10k,totalvi,correct,0.17973190546035767
pbmc5k_to_pbmc10k,totalvi,correct,0.01030433177947998
pbmc5k_to_pbmc10k,totalvi,correct,0.18116813898086548
pbmc5k_to_pbmc10k,totalvi,correct,0.030600011348724365
pbmc5k_to_pbmc10k,totalvi,correct,0.4413890838623047
pbmc5k_to_pbmc10k,totalvi,correct,0.5562235713005066
pbmc5k_to_pbmc10k,totalvi,correct,0.006338596343994141
pbmc5k_to_pbmc10k,totalvi,correct,0.1111907958984375
pbmc5k_to_pbmc10k,totalvi,correct,0.2695114016532898
pbmc5k_to_pbmc10k,totalvi,correct,0.22465121746063232
pbmc5k_to_pbmc10k,totalvi,correct,0.06863254308700562
pbmc5k_to_pbmc10k,totalvi,correct,0.13106131553649902
pbmc5k_to_pbmc10k,totalvi,correct,0.08349478244781494
pbmc5k_to_pbmc10k,totalvi,correct,0.003951370716094971
pbmc5k_to_pbmc10k,totalvi,correct,0.19689244031906128
pbmc5k_to_pbmc10k,totalvi,correct,0.32322627305984497
pbmc5k_to_pbmc10k,totalvi,correct,0.0454028844833374
pbmc5k_to_pbmc10k,totalvi,correct,0.07106626033782959
pbmc5k_to_pbmc10k,totalvi,correct,0.0003330707550048828
pbmc5k_to_pbmc10k,totalvi,correct,0.005620419979095459
pbmc5k_to_pbmc10k,totalvi,correct,0.1417507529258728
pbmc5k_to_pbmc10k,totalvi,correct,0.05920130014419556
pbmc5k_to_pbmc10k,totalvi,correct,0.001290440559387207
pbmc5k_to_pbmc10k,totalvi,correct,0.09173929691314697
pbmc5k_to_pbmc10k,totalvi,correct,0.007846176624298096
pbmc5k_to_pbmc10k,totalvi,correct,0.00036704540252685547
pbmc5k_to_pbmc10k,totalvi,correct,0.06448400020599365
pbmc5k_to_pbmc10k,totalvi,correct,0.10881251096725464
pbmc5k_to_pbmc10k,totalvi,correct,0.028223514556884766
pbmc5k_to_pbmc10k,totalvi,correct,0.10519939661026001
pbmc5k_to_pbmc10k,totalvi,correct,0.5439384579658508
pbmc5k_to_pbmc10k,totalvi,correct,0.4464595913887024
pbmc5k_to_pbmc10k,totalvi,correct,0.12536358833312988
pbmc5k_to_pbmc10k,totalvi,correct,0.14655327796936035
pbmc5k_to_pbmc10k,totalvi,correct,0.29682445526123047
pbmc5k_to_pbmc10k,totalvi,correct,0.25591856241226196
pbmc5k_to_pbmc10k,totalvi,correct,0.00814884901046753
pbmc5k_to_pbmc10k,totalvi,correct,0.012528002262115479
pbmc5k_to_pbmc10k,totalvi,correct,0.08271420001983643
pbmc5k_to_pbmc10k,totalvi,correct,0.6762754321098328
pbmc5k_to_pbmc10k,totalvi,correct,0.2626953125
pbmc5k_to_pbmc10k,totalvi,correct,0.22064590454101562
pbmc5k_to_pbmc10k,totalvi,correct,0.08388936519622803
pbmc5k_to_pbmc10k,totalvi,correct,0.018862485885620117
pbmc5k_to_pbmc10k,totalvi,correct,0.28935766220092773
pbmc5k_to_pbmc10k,totalvi,correct,0.07863277196884155
pbmc5k_to_pbmc10k,totalvi,correct,0.28509068489074707
pbmc5k_to_pbmc10k,totalvi,correct,0.0703287124633789
pbmc5k_to_pbmc10k,totalvi,correct,0.003161907196044922
pbmc5k_to_pbmc10k,totalvi,correct,0.3185538649559021
pbmc5k_to_pbmc10k,totalvi,correct,0.10618191957473755
pbmc5k_to_pbmc10k,totalvi,correct,0.21715009212493896
pbmc5k_to_pbmc10k,totalvi,correct,0.036230504512786865
pbmc5k_to_pbmc10k,totalvi,correct,0.1388830542564392
pbmc5k_to_pbmc10k,totalvi,correct,0.5112618803977966
pbmc5k_to_pbmc10k,totalvi,correct,0.005471408367156982
pbmc5k_to_pbmc10k,totalvi,correct,0.14400315284729004
pbmc5k_to_pbmc10k,totalvi,correct,0.07993507385253906
pbmc5k_to_pbmc10k,totalvi,correct,0.4865722060203552
pbmc5k_to_pbmc10k,totalvi,correct,0.1626184582710266
pbmc5k_to_pbmc10k,totalvi,correct,0.16689050197601318
pbmc5k_to_pbmc10k,totalvi,correct,0.07895219326019287
pbmc5k_to_pbmc10k,totalvi,correct,0.07081127166748047
pbmc5k_to_pbmc10k,totalvi,correct,0.18729537725448608
pbmc5k_to_pbmc10k,totalvi,correct,0.06766527891159058
pbmc5k_to_pbmc10k,totalvi,correct,0.05738723278045654
pbmc5k_to_pbmc10k,totalvi,correct,0.36587196588516235
pbmc5k_to_pbmc10k,totalvi,correct,0.0038016438484191895
pbmc5k_to_pbmc10k,totalvi,correct,0.008061230182647705
pbmc5k_to_pbmc10k,totalvi,correct,0.01045083999633789
pbmc5k_to_pbmc10k,totalvi,correct,0.06719231605529785
pbmc5k_to_pbmc10k,totalvi,correct,0.051909804344177246
pbmc5k_to_pbmc10k,totalvi,correct,0.06843268871307373
pbmc5k_to_pbmc10k,totalvi,correct,0.10586673021316528
pbmc5k_to_pbmc10k,totalvi,correct,0.6183487176895142
pbmc5k_to_pbmc10k,totalvi,correct,0.21664577722549438
pbmc5k_to_pbmc10k,totalvi,correct,0.003421604633331299
pbmc5k_to_pbmc10k,totalvi,correct,0.24469739198684692
pbmc5k_to_pbmc10k,totalvi,correct,0.1485731601715088
pbmc5k_to_pbmc10k,totalvi,correct,0.08547437191009521
pbmc5k_to_pbmc10k,totalvi,correct,0.1981624960899353
pbmc5k_to_pbmc10k,totalvi,correct,0.6224097609519958
pbmc5k_to_pbmc10k,totalvi,correct,0.0022314786911010742
pbmc5k_to_pbmc10k,totalvi,correct,0.0073364973068237305
pbmc5k_to_pbmc10k,totalvi,correct,0.016654491424560547
pbmc5k_to_pbmc10k,totalvi,correct,0.12090200185775757
pbmc5k_to_pbmc10k,totalvi,correct,0.04747211933135986
pbmc5k_to_pbmc10k,totalvi,correct,0.015894711017608643
pbmc5k_to_pbmc10k,totalvi,correct,0.08512330055236816
pbmc5k_to_pbmc10k,totalvi,correct,0.3370266556739807
pbmc5k_to_pbmc10k,totalvi,correct,0.41720038652420044
pbmc5k_to_pbmc10k,totalvi,correct,0.1534937024116516
pbmc5k_to_pbmc10k,totalvi,correct,0.0010222196578979492
pbmc5k_to_pbmc10k,totalvi,correct,0.048600733280181885
pbmc5k_to_pbmc10k,totalvi,correct,0.3810737133026123
pbmc5k_to_pbmc10k,totalvi,correct,0.06313943862915039
pbmc5k_to_pbmc10k,totalvi,correct,0.00015485286712646484
pbmc5k_to_pbmc10k,totalvi,correct,0.03522753715515137
pbmc5k_to_pbmc10k,totalvi,correct,0.16958379745483398
pbmc5k_to_pbmc10k,totalvi,correct,0.025539398193359375
pbmc5k_to_pbmc10k,totalvi,correct,0.008993923664093018
pbmc5k_to_pbmc10k,totalvi,correct,0.4824061989784241
pbmc5k_to_pbmc10k,totalvi,correct,0.02482593059539795
pbmc5k_to_pbmc10k,totalvi,correct,0.15366339683532715
pbmc5k_to_pbmc10k,totalvi,correct,0.5298925638198853
pbmc5k_to_pbmc10k,totalvi,correct,0.12339550256729126
pbmc5k_to_pbmc10k,totalvi,correct,0.23380279541015625
pbmc5k_to_pbmc10k,totalvi,correct,0.1273704171180725
pbmc5k_to_pbmc10k,totalvi,correct,0.23277097940444946
pbmc5k_to_pbmc10k,totalvi,correct,0.14112436771392822
pbmc5k_to_pbmc10k,totalvi,correct,0.02294391393661499
pbmc5k_to_pbmc10k,totalvi,correct,0.17430460453033447
pbmc5k_to_pbmc10k,totalvi,correct,0.07523202896118164
pbmc5k_to_pbmc10k,totalvi,correct,0.25796014070510864
pbmc5k_to_pbmc10k,totalvi,correct,0.19799906015396118
pbmc5k_to_pbmc10k,totalvi,correct,0.2591403126716614
pbmc5k_to_pbmc10k,totalvi,correct,0.30529171228408813
pbmc5k_to_pbmc10k,totalvi,correct,0.10458976030349731
pbmc5k_to_pbmc10k,totalvi,correct,0.09928500652313232
pbmc5k_to_pbmc10k,totalvi,correct,0.16137278079986572
pbmc5k_to_pbmc10k,totalvi,correct,0.27806001901626587
pbmc5k_to_pbmc10k,totalvi,correct,0.006601214408874512
pbmc5k_to_pbmc10k,totalvi,correct,0.17905575037002563
pbmc5k_to_pbmc10k,totalvi,correct,0.0013275146484375
pbmc5k_to_pbmc10k,totalvi,correct,0.04054337739944458
pbmc5k_to_pbmc10k,totalvi,correct,0.12830960750579834
pbmc5k_to_pbmc10k,totalvi,correct,0.009566426277160645
pbmc5k_to_pbmc10k,totalvi,correct,0.015077769756317139
pbmc5k_to_pbmc10k,totalvi,correct,0.10747408866882324
pbmc5k_to_pbmc10k,totalvi,correct,0.04181957244873047
pbmc5k_to_pbmc10k,totalvi,correct,0.43953925371170044
pbmc5k_to_pbmc10k,totalvi,correct,0.07319855690002441
pbmc5k_to_pbmc10k,totalvi,correct,0.05409801006317139
pbmc5k_to_pbmc10k,totalvi,correct,0.06649017333984375
pbmc5k_to_pbmc10k,totalvi,correct,0.05641770362854004
pbmc5k_to_pbmc10k,totalvi,correct,0.13920581340789795
pbmc5k_to_pbmc10k,totalvi,correct,0.07810860872268677
pbmc5k_to_pbmc10k,totalvi,correct,0.01455157995223999
pbmc5k_to_pbmc10k,totalvi,correct,0.05437147617340088
pbmc5k_to_pbmc10k,totalvi,correct,0.010417342185974121
pbmc5k_to_pbmc10k,totalvi,correct,0.13070392608642578
pbmc5k_to_pbmc10k,totalvi,correct,0.07404989004135132
pbmc5k_to_pbmc10k,totalvi,correct,0.4220271110534668
pbmc5k_to_pbmc10k,totalvi,correct,0.007509887218475342
pbmc5k_to_pbmc10k,totalvi,correct,0.010199368000030518
pbmc5k_to_pbmc10k,totalvi,correct,0.08789396286010742
pbmc5k_to_pbmc10k,totalvi,correct,0.09187537431716919
pbmc5k_to_pbmc10k,totalvi,correct,0.20695257186889648
pbmc5k_to_pbmc10k,totalvi,correct,0.4012829661369324
pbmc5k_to_pbmc10k,totalvi,correct,0.17882758378982544
pbmc5k_to_pbmc10k,totalvi,correct,0.07681047916412354
pbmc5k_to_pbmc10k,totalvi,correct,0.6802809238433838
pbmc5k_to_pbmc10k,totalvi,correct,0.25827062129974365
pbmc5k_to_pbmc10k,totalvi,correct,0.19364506006240845
pbmc5k_to_pbmc10k,totalvi,correct,0.1389816403388977
pbmc5k_to_pbmc10k,totalvi,correct,0.19915878772735596
pbmc5k_to_pbmc10k,totalvi,correct,0.02142798900604248
pbmc5k_to_pbmc10k,totalvi,correct,0.5887249708175659
pbmc5k_to_pbmc10k,totalvi,correct,0.021646320819854736
pbmc5k_to_pbmc10k,totalvi,correct,0.532232403755188
pbmc5k_to_pbmc10k,totalvi,correct,0.7159299850463867
pbmc5k_to_pbmc10k,totalvi,correct,0.11254239082336426
pbmc5k_to_pbmc10k,totalvi,correct,0.09502822160720825
pbmc5k_to_pbmc10k,totalvi,correct,0.007130563259124756
pbmc5k_to_pbmc10k,totalvi,correct,0.028654932975769043
pbmc5k_to_pbmc10k,totalvi,correct,0.2143174409866333
pbmc5k_to_pbmc10k,totalvi,correct,0.045326292514801025
pbmc5k_to_pbmc10k,totalvi,correct,0.04385054111480713
pbmc5k_to_pbmc10k,totalvi,incorrect,0.5446596741676331
pbmc5k_to_pbmc10k,totalvi,incorrect,0.13276833295822144
pbmc5k_to_pbmc10k,totalvi,incorrect,0.3321155905723572
pbmc5k_to_pbmc10k,totalvi,incorrect,0.5843474864959717
pbmc5k_to_pbmc10k,totalvi,incorrect,0.6159399151802063
pbmc5k_to_pbmc10k,totalvi,incorrect,0.47960203886032104
pbmc5k_to_pbmc10k,totalvi,incorrect,0.2461106777191162
pbmc5k_to_pbmc10k,totalvi,incorrect,0.5002992153167725
pbmc5k_to_pbmc10k,totalvi,incorrect,0.48289579153060913
pbmc5k_to_pbmc10k,totalvi,incorrect,0.5932905673980713
pbmc5k_to_pbmc10k,totalvi,incorrect,0.31447404623031616
pbmc5k_to_pbmc10k,totalvi,incorrect,0.32471632957458496
pbmc5k_to_pbmc10k,totalvi,incorrect,0.3794258236885071
pbmc5k_to_pbmc10k,totalvi,incorrect,0.5302999019622803
pbmc5k_to_pbmc10k,totalvi,incorrect,0.07559078931808472
pbmc5k_to_pbmc10k,totalvi,incorrect,0.38430559635162354
pbmc5k_to_pbmc10k,totalvi,incorrect,0.7340407371520996
pbmc5k_to_pbmc10k,totalvi,incorrect,0.4846838116645813
pbmc5k_to_pbmc10k,totalvi,incorrect,0.6326124668121338
pbmc5k_to_pbmc10k,totalvi,incorrect,0.4067288637161255
pbmc5k_to_pbmc10k,totalvi,incorrect,0.6540175676345825
pbmc5k_to_pbmc10k,totalvi,incorrect,0.5548275709152222
pbmc5k_to_pbmc10k,totalvi,incorrect,0.40822386741638184
pbmc5k_to_pbmc10k,totalvi,incorrect,0.39399397373199463
pbmc5k_to_pbmc10k,totalvi,incorrect,0.5094099044799805
pbmc5k_to_pbmc10k,totalvi,incorrect,0.5244076251983643
pbmc5k_to_pbmc10k,totalvi,incorrect,0.4294167160987854
pbmc5k_to_pbmc10k,totalvi,incorrect,0.4462786912918091
pbmc5k_to_pbmc10k,totalvi,incorrect,0.2423296570777893
pbmc5k_to_pbmc10k,totalvi,incorrect,0.6145749092102051
pbmc5k_to_pbmc10k,totalvi,incorrect,0.39128828048706055
pbmc5k_to_pbmc10k,totalvi,incorrect,0.5072582960128784
pbmc5k_to_pbmc10k,totalvi,incorrect,0.2348557710647583
pbmc5k_to_pbmc10k,totalvi,incorrect,0.4742503762245178
pbmc5k_to_pbmc10k,totalvi,incorrect,0.020831048488616943
pbmc5k_to_pbmc10k,totalvi,incorrect,0.3960697650909424
pbmc5k_to_pbmc10k,totalvi,incorrect,0.621452808380127
pbmc5k_to_pbmc10k,totalvi,incorrect,0.5367968678474426
pbmc5k_to_pbmc10k,totalvi,incorrect,0.6763238906860352
pbmc5k_to_pbmc10k,totalvi,incorrect,0.17628252506256104
pbmc5k_to_pbmc10k,totalvi,incorrect,0.45242393016815186
pbmc5k_to_pbmc10k,totalvi,incorrect,0.4018512964248657
pbmc5k_to_pbmc10k,totalvi,incorrect,0.5384587049484253
pbmc5k_to_pbmc10k,totalvi,incorrect,0.24647921323776245
pbmc5k_to_pbmc10k,totalvi,incorrect,0.3266109824180603
pbmc5k_to_pbmc10k,totalvi,incorrect,0.37956976890563965
pbmc5k_to_pbmc10k,totalvi,incorrect,0.5156800150871277
pbmc5k_to_pbmc10k,totalvi,incorrect,0.5248599052429199
pbmc5k_to_pbmc10k,totalvi,incorrect,0.0744209885597229
pbmc5k_to_pbmc10k,totalvi,incorrect,0.3895752429962158
pbmc5k_to_pbmc10k,totalvi,incorrect,0.3921118974685669
pbmc5k_to_pbmc10k,totalvi,incorrect,0.488771915435791
pbmc5k_to_pbmc10k,totalvi,incorrect,0.4608028531074524
pbmc5k_to_pbmc10k,totalvi,incorrect,0.3641541004180908
pbmc5k_to_pbmc10k,totalvi,incorrect,0.6200103759765625
pbmc5k_to_pbmc10k,totalvi,incorrect,0.08695662021636963
pbmc5k_to_pbmc10k,totalvi,incorrect,0.496942937374115
pbmc5k_to_pbmc10k,totalvi,incorrect,0.35380035638809204
pbmc5k_to_pbmc10k,totalvi,incorrect,0.45186805725097656
pbmc5k_to_pbmc10k,totalvi,incorrect,0.4532895088195801
pbmc5k_to_pbmc10k,totalvi,incorrect,0.5846201777458191
pbmc5k_to_pbmc10k,totalvi,incorrect,0.342933714389801
pbmc5k_to_pbmc10k,totalvi,incorrect,0.07207953929901123
pbmc5k_to_pbmc10k,totalvi,incorrect,0.40070927143096924
pbmc5k_to_pbmc10k,totalvi,incorrect,0.09682625532150269
pbmc5k_to_pbmc10k,totalvi,incorrect,0.09113901853561401
pbmc5k_to_pbmc10k,totalvi,incorrect,0.48248136043548584
pbmc5k_to_pbmc10k,totalvi,incorrect,0.3297674059867859
pbmc5k_to_pbmc10k,totalvi,incorrect,0.4579033851623535
pbmc5k_to_pbmc10k,totalvi,incorrect,0.22517412900924683
pbmc5k_to_pbmc10k,totalvi,incorrect,0.40216368436813354
pbmc5k_to_pbmc10k,totalvi,incorrect,0.13587528467178345
pbmc5k_to_pbmc10k,totalvi,incorrect,0.7200114727020264
pbmc5k_to_pbmc10k,totalvi,incorrect,0.3763582706451416
pbmc5k_to_pbmc10k,totalvi,incorrect,0.4314079284667969
pbmc5k_to_pbmc10k,totalvi,incorrect,0.631214439868927
pbmc5k_to_pbmc10k,totalvi,incorrect,0.3508208990097046
pbmc5k_to_pbmc10k,totalvi,incorrect,0.48897314071655273
pbmc5k_to_pbmc10k,totalvi,incorrect,0.6777649521827698
pbmc5k_to_pbmc10k,totalvi,incorrect,0.5056169033050537
pbmc5k_to_pbmc10k,totalvi,incorrect,0.6194351315498352
pbmc5k_to_pbmc10k,totalvi,incorrect,0.3883413076400757
pbmc5k_to_pbmc10k,totalvi,incorrect,0.28856348991394043
pbmc5k_to_pbmc10k,totalvi,incorrect,0.754442572593689
pbmc5k_to_pbmc10k,totalvi,incorrect,0.5962651968002319
pbmc5k_to_pbmc10k,totalvi,incorrect,0.43665647506713867
pbmc5k_to_pbmc10k,totalvi,incorrect,0.38903844356536865
pbmc5k_to_pbmc10k,totalvi,incorrect,0.5111517906188965
pbmc5k_to_pbmc10k,totalvi,incorrect,0.6375751495361328
pbmc5k_to_pbmc10k,totalvi,incorrect,0.4711896777153015
pbmc5k_to_pbmc10k,totalvi,incorrect,0.2114385962486267
pbmc5k_to_pbmc10k,totalvi,incorrect,0.4340628385543823
pbmc5k_to_pbmc10k,totalvi,incorrect,0.3891056776046753
pbmc5k_to_pbmc10k,totalvi,incorrect,0.29540783166885376
pbmc5k_to_pbmc10k,totalvi,incorrect,0.21534085273742676
pbmc5k_to_pbmc10k,totalvi,incorrect,0.5969948768615723
pbmc5k_to_pbmc10k,totalvi,incorrect,0.3673136830329895
pbmc5k_to_pbmc10k,totalvi,incorrect,0.44968825578689575
pbmc5k_to_pbmc10k,totalvi,incorrect,0.3858344554901123
pbmc5k_to_pbmc10k,totalvi,incorrect,0.5840334892272949
pbmc5k_to_pbmc10k,totalvi,incorrect,0.6516377925872803
pbmc5k_to_pbmc10k,totalvi,incorrect,0.4149574041366577
pbmc5k_to_pbmc10k,totalvi,incorrect,0.3934423327445984
pbmc5k_to_pbmc10k,totalvi,incorrect,0.5774356126785278
pbmc5k_to_pbmc10k,totalvi,incorrect,0.7316009402275085
pbmc5k_to_pbmc10k,totalvi,incorrect,0.6451143026351929
pbmc5k_to_pbmc10k,totalvi,incorrect,0.4897068738937378
pbmc5k_to_pbmc10k,totalvi,incorrect,0.6394301056861877
pbmc5k_to_pbmc10k,totalvi,incorrect,0.6433892250061035
pbmc5k_to_pbmc10k,totalvi,incorrect,0.4161193370819092
pbmc5k_to_pbmc10k,totalvi,incorrect,0.3280298709869385
pbmc5k_to_pbmc10k,totalvi,incorrect,0.44558948278427124
pbmc5k_to_pbmc10k,totalvi,incorrect,0.4892997741699219
pbmc5k_to_pbmc10k,totalvi,incorrect,0.37172120809555054
pbmc5k_to_pbmc10k,totalvi,incorrect,0.5176211595535278
pbmc5k_to_pbmc10k,totalvi,incorrect,0.27077579498291016
pbmc5k_to_pbmc10k,totalvi,incorrect,0.42057621479034424
pbmc5k_to_pbmc10k,totalvi,incorrect,0.549842119216919
pbmc5k_to_pbmc10k,totalvi,incorrect,0.26638877391815186
pbmc5k_to_pbmc10k,totalvi,incorrect,0.6554100513458252
pbmc5k_to_pbmc10k,totalvi,incorrect,0.13782840967178345
pbmc5k_to_pbmc10k,totalvi,incorrect,0.2287583351135254
pbmc5k_to_pbmc10k,totalvi,incorrect,0.5225258469581604
pbmc5k_to_pbmc10k,totalvi,incorrect,0.4246065616607666
pbmc5k_to_pbmc10k,totalvi,incorrect,0.25459229946136475
pbmc5k_to_pbmc10k,totalvi,incorrect,0.3390260934829712
pbmc5k_to_pbmc10k,totalvi,incorrect,0.09573304653167725
pbmc5k_to_pbmc10k,totalvi,incorrect,0.34329092502593994
pbmc5k_to_pbmc10k,totalvi,incorrect,0.6171678304672241
pbmc5k_to_pbmc10k,totalvi,incorrect,0.28233152627944946
pbmc5k_to_pbmc10k,totalvi,incorrect,0.3551284074783325
pbmc5k_to_pbmc10k,totalvi,incorrect,0.8072726726531982
pbmc5k_to_pbmc10k,totalvi,incorrect,0.47622108459472656
pbmc5k_to_pbmc10k,totalvi,incorrect,0.5560792684555054
pbmc5k_to_pbmc10k,totalvi,incorrect,0.36502915620803833
pbmc5k_to_pbmc10k,totalvi,incorrect,0.5867937803268433
pbmc5k_to_pbmc10k,totalvi,incorrect,0.5108768939971924
pbmc5k_to_pbmc10k,totalvi,incorrect,0.5469748973846436
pbmc5k_to_pbmc10k,totalvi,incorrect,0.40820372104644775
pbmc5k_to_pbmc10k,totalvi,incorrect,0.23792147636413574
pbmc5k_to_pbmc10k,totalvi,incorrect,0.13822078704833984
pbmc5k_to_pbmc10k,totalvi,incorrect,0.2663339376449585
pbmc5k_to_pbmc10k,totalvi,incorrect,0.5568766593933105
pbmc5k_to_pbmc10k,totalvi,incorrect,0.09353005886077881
pbmc5k_to_pbmc10k,totalvi,incorrect,0.5620182752609253
pbmc5k_to_pbmc10k,totalvi,incorrect,0.38086432218551636
pbmc5k_to_pbmc10k,totalvi,incorrect,0.5579909086227417
pbmc5k_to_pbmc10k,totalvi,incorrect,0.569311261177063
pbmc5k_to_pbmc10k,totalvi,incorrect,0.4505690336227417
pbmc5k_to_pbmc10k,totalvi,incorrect,0.0755763053894043
pbmc5k_to_pbmc10k,totalvi,incorrect,0.4872305989265442
pbmc5k_to_pbmc10k,totalvi,incorrect,0.5836792588233948
pbmc5k_to_pbmc10k,totalvi,incorrect,0.39499521255493164
pbmc5k_to_pbmc10k,totalvi,incorrect,0.4202141761779785
pbmc5k_to_pbmc10k,totalvi,incorrect,0.16598016023635864
pbmc5k_to_pbmc10k,totalvi,incorrect,0.6057873368263245
pbmc5k_to_pbmc10k,totalvi,incorrect,0.4174986481666565
pbmc5k_to_pbmc10k,totalvi,incorrect,0.1514122486114502
pbmc5k_to_pbmc10k,totalvi,incorrect,0.5122234225273132
pbmc5k_to_pbmc10k,totalvi,incorrect,0.567939281463623
pbmc5k_to_pbmc10k,totalvi,incorrect,0.623000979423523
pbmc5k_to_pbmc10k,totalvi,incorrect,0.024140655994415283
pbmc5k_to_pbmc10k,totalvi,incorrect,0.6220588088035583
pbmc5k_to_pbmc10k,totalvi,incorrect,0.8047242164611816
pbmc5k_to_pbmc10k,totalvi,incorrect,0.1349395513534546
pbmc5k_to_pbmc10k,totalvi,incorrect,0.5356719493865967
pbmc5k_to_pbmc10k,totalvi,incorrect,0.1512886881828308
pbmc5k_to_pbmc10k,totalvi,incorrect,0.6600715517997742
pbmc5k_to_pbmc10k,totalvi,incorrect,0.33869242668151855
pbmc5k_to_pbmc10k,totalvi,incorrect,0.4038507342338562
pbmc5k_to_pbmc10k,totalvi,incorrect,0.3703562021255493
pbmc5k_to_pbmc10k,totalvi,incorrect,0.6022997498512268
pbmc5k_to_pbmc10k,totalvi,incorrect,0.48045027256011963
pbmc5k_to_pbmc10k,totalvi,incorrect,0.6317360401153564
pbmc5k_to_pbmc10k,totalvi,incorrect,0.4627191424369812
pbmc5k_to_pbmc10k,totalvi,incorrect,0.1836475133895874
pbmc5k_to_pbmc10k,totalvi,incorrect,0.28608274459838867
pbmc5k_to_pbmc10k,totalvi,incorrect,0.6366833448410034
pbmc5k_to_pbmc10k,totalvi,incorrect,0.6199498176574707
pbmc5k_to_pbmc10k,totalvi,incorrect,0.5253739356994629
pbmc5k_to_pbmc10k,totalvi,incorrect,0.4141664505004883
pbmc5k_to_pbmc10k,totalvi,incorrect,0.4844891428947449
pbmc5k_to_pbmc10k,totalvi,incorrect,0.5983664989471436
pbmc5k_to_pbmc10k,totalvi,incorrect,0.6112834811210632
pbmc5k_to_pbmc10k,totalvi,incorrect,0.5298089981079102
pbmc5k_to_pbmc10k,totalvi,incorrect,0.04383343458175659
pbmc5k_to_pbmc10k,totalvi,incorrect,0.11724686622619629
pbmc5k_to_pbmc10k,totalvi,incorrect,0.4889371395111084
pbmc5k_to_pbmc10k,totalvi,incorrect,0.46952980756759644
pbmc5k_to_pbmc10k,totalvi,incorrect,0.16545820236206055
pbmc5k_to_pbmc10k,totalvi,incorrect,0.5605294704437256
pbmc5k_to_pbmc10k,totalvi,incorrect,0.5366056561470032
pbmc5k_to_pbmc10k,totalvi,incorrect,0.4372439384460449
pbmc5k_to_pbmc10k,totalvi,incorrect,0.4374205470085144
pbmc5k_to_pbmc10k,totalvi,incorrect,0.22206348180770874
pbmc5k_to_pbmc10k,totalvi,incorrect,0.44133031368255615
pbmc5k_to_pbmc10k,totalvi,incorrect,0.3636810779571533
pbmc5k_to_pbmc10k,totalvi,incorrect,0.4402766823768616
pbmc5k_to_pbmc10k,totalvi,incorrect,0.6621005535125732
pbmc5k_to_pbmc10k,totalvi,incorrect,0.2607493996620178
pbmc5k_to_pbmc10k,totalvi,incorrect,0.3799538016319275
pbmc5k_to_pbmc10k,totalvi,incorrect,0.5036686658859253
pbmc5k_to_pbmc10k,totalvi,incorrect,0.5458583831787109
pbmc5k_to_pbmc10k,totalvi,incorrect,0.08659136295318604
pbmc5k_to_pbmc10k,totalvi,incorrect,0.5508269667625427
pbmc5k_to_pbmc10k,totalvi,incorrect,0.5702126622200012
pbmc5k_to_pbmc10k,totalvi,incorrect,0.3940041661262512
pbmc5k_to_pbmc10k,totalvi,incorrect,0.5732952952384949
pbmc5k_to_pbmc10k,totalvi,incorrect,0.3965802788734436
pbmc5k_to_pbmc10k,totalvi,incorrect,0.6239930987358093
pbmc5k_to_pbmc10k,totalvi,incorrect,0.5860303640365601
pbmc5k_to_pbmc10k,totalvi,incorrect,0.40886908769607544
pbmc5k_to_pbmc10k,totalvi,incorrect,0.42057275772094727
pbmc5k_to_pbmc10k,totalvi,incorrect,0.345339298248291
pbmc5k_to_pbmc10k,totalvi,incorrect,0.4960440397262573
pbmc5k_to_pbmc10k,totalvi,incorrect,0.3756246566772461
pbmc5k_to_pbmc10k,totalvi,incorrect,0.6477483510971069
pbmc5k_to_pbmc10k,totalvi,incorrect,0.15878331661224365
pbmc5k_to_pbmc10k,totalvi,incorrect,0.42037826776504517
pbmc5k_to_pbmc10k,totalvi,incorrect,0.7489458322525024
pbmc5k_to_pbmc10k,totalvi,incorrect,0.5191314816474915
pbmc5k_to_pbmc10k,totalvi,incorrect,0.5837840437889099
pbmc5k_to_pbmc10k,totalvi,incorrect,0.26372623443603516
pbmc5k_to_pbmc10k,totalvi,incorrect,0.7411956787109375
pbmc5k_to_pbmc10k,totalvi,incorrect,0.49243253469467163
pbmc5k_to_pbmc10k,totalvi,incorrect,0.2642689347267151
pbmc5k_to_pbmc10k,totalvi,incorrect,0.5005224943161011
pbmc5k_to_pbmc10k,totalvi,incorrect,0.5767642259597778
pbmc5k_to_pbmc10k,totalvi,incorrect,0.5207934379577637
pbmc5k_to_pbmc10k,totalvi,incorrect,0.47024816274642944
pbmc5k_to_pbmc10k,totalvi,incorrect,0.5458398461341858
pbmc5k_to_pbmc10k,totalvi,incorrect,0.298312783241272
pbmc5k_to_pbmc10k,totalvi,incorrect,0.4546492099761963
pbmc5k_to_pbmc10k,totalvi,incorrect,0.6617587208747864
pbmc5k_to_pbmc10k,totalvi,incorrect,0.5269995927810669
pbmc5k_to_pbmc10k,totalvi,incorrect,0.4927722215652466
pbmc5k_to_pbmc10k,totalvi,incorrect,0.5149129033088684
pbmc5k_to_pbmc10k,totalvi,incorrect,0.48595237731933594
pbmc5k_to_pbmc10k,totalvi,incorrect,0.5505077838897705
pbmc5k_to_pbmc10k,totalvi,incorrect,0.2702782154083252
pbmc5k_to_pbmc10k,totalvi,incorrect,0.5692325234413147
pbmc5k_to_pbmc10k,totalvi,incorrect,0.3147941827774048
pbmc5k_to_pbmc10k,totalvi,incorrect,0.3209989070892334
pbmc5k_to_pbmc10k,totalvi,incorrect,0.28022176027297974
pbmc5k_to_pbmc10k,totalvi,incorrect,0.3343791365623474
pbmc5k_to_pbmc10k,totalvi,incorrect,0.4399089217185974
pbmc5k_to_pbmc10k,totalvi,incorrect,0.19968020915985107
pbmc5k_to_pbmc10k,totalvi,incorrect,0.36217057704925537
pbmc5k_to_pbmc10k,totalvi,incorrect,0.3683139681816101
pbmc5k_to_pbmc10k,totalvi,incorrect,0.7148169279098511
pbmc5k_to_pbmc10k,totalvi,incorrect,0.33488398790359497
pbmc5k_to_pbmc10k,totalvi,incorrect,0.08617103099822998
pbmc5k_to_pbmc10k,totalvi,incorrect,0.5324932336807251
pbmc5k_to_pbmc10k,totalvi,incorrect,0.4178738594055176
pbmc5k_to_pbmc10k,totalvi,incorrect,0.47148436307907104
pbmc5k_to_pbmc10k,totalvi,incorrect,0.2963428497314453
pbmc5k_to_pbmc10k,totalvi,incorrect,0.42742645740509033
pbmc5k_to_pbmc10k,totalvi,incorrect,0.595978856086731
pbmc5k_to_pbmc10k,totalvi,incorrect,0.2689528465270996
pbmc5k_to_pbmc10k,totalvi,incorrect,0.2668876647949219
pbmc5k_to_pbmc10k,totalvi,incorrect,0.3694987893104553
pbmc5k_to_pbmc10k,totalvi,incorrect,0.22163015604019165
pbmc5k_to_pbmc10k,totalvi,incorrect,0.6217561364173889
pbmc5k_to_pbmc10k,totalvi,incorrect,0.11732268333435059
pbmc5k_to_pbmc10k,totalvi,incorrect,0.7627215385437012
pbmc5k_to_pbmc10k,totalvi,incorrect,0.5540822744369507
pbmc5k_to_pbmc10k,totalvi,incorrect,0.3174574375152588
pbmc5k_to_pbmc10k,totalvi,incorrect,0.3302425742149353
pbmc5k_to_pbmc10k,totalvi,incorrect,0.34587377309799194
pbmc5k_to_pbmc10k,totalvi,incorrect,0.5213310718536377
pbmc5k_to_pbmc10k,totalvi,incorrect,0.4131525754928589
pbmc5k_to_pbmc10k,totalvi,incorrect,0.6635463237762451
pbmc5k_to_pbmc10k,totalvi,incorrect,0.6183451414108276
pbmc5k_to_pbmc10k,totalvi,incorrect,0.14966100454330444
pbmc5k_to_pbmc10k,totalvi,incorrect,0.48017430305480957
pbmc5k_to_pbmc10k,totalvi,incorrect,0.39597630500793457
pbmc5k_to_pbmc10k,totalvi,incorrect,0.26579970121383667
pbmc5k_to_pbmc10k,totalvi,incorrect,0.28458458185195923
pbmc5k_to_pbmc10k,totalvi,incorrect,0.5244276523590088
pbmc5k_to_pbmc10k,totalvi,incorrect,0.5795678496360779
pbmc5k_to_pbmc10k,totalvi,incorrect,0.3338578939437866
pbmc5k_to_pbmc10k,totalvi,incorrect,0.4393165111541748
pbmc5k_to_pbmc10k,totalvi,incorrect,0.27617353200912476
pbmc5k_to_pbmc10k,totalvi,incorrect,0.5371642708778381
pbmc5k_to_pbmc10k,totalvi,incorrect,0.25866228342056274
pbmc5k_to_pbmc10k,totalvi,incorrect,0.6812937259674072
pbmc5k_to_pbmc10k,totalvi,incorrect,0.6913502216339111
pbmc5k_to_pbmc10k,totalvi,incorrect,0.1200110912322998
pbmc5k_to_pbmc10k,totalvi,incorrect,0.5089426636695862
pbmc5k_to_pbmc10k,totalvi,incorrect,0.37203043699264526
pbmc5k_to_pbmc10k,totalvi,incorrect,0.3092964291572571
pbmc5k_to_pbmc10k,totalvi,incorrect,0.3950881361961365
pbmc5k_to_pbmc10k,totalvi,incorrect,0.4800175428390503
pbmc5k_to_pbmc10k,totalvi,incorrect,0.4388555884361267
pbmc5k_to_pbmc10k,totalvi,incorrect,0.6675063371658325
pbmc5k_to_pbmc10k,totalvi,incorrect,0.5055131316184998
pbmc5k_to_pbmc10k,totalvi,incorrect,0.35282087326049805
pbmc5k_to_pbmc10k,totalvi,incorrect,0.6780951619148254
pbmc5k_to_pbmc10k,totalvi,incorrect,0.07884544134140015
pbmc5k_to_pbmc10k,totalvi,incorrect,0.231431245803833
pbmc5k_to_pbmc10k,totalvi,incorrect,0.6310355067253113
pbmc5k_to_pbmc10k,totalvi,incorrect,0.22138667106628418
pbmc5k_to_pbmc10k,totalvi,incorrect,0.3671150207519531
pbmc5k_to_pbmc10k,totalvi,incorrect,0.6558972597122192
pbmc5k_to_pbmc10k,totalvi,incorrect,0.5671904683113098
pbmc5k_to_pbmc10k,totalvi,incorrect,0.05231267213821411
pbmc5k_to_pbmc10k,totalvi,incorrect,0.2228805422782898
pbmc5k_to_pbmc10k,totalvi,incorrect,0.5236008763313293
pbmc5k_to_pbmc10k,totalvi,incorrect,0.6056509017944336
pbmc5k_to_pbmc10k,totalvi,incorrect,0.4954475164413452
pbmc5k_to_pbmc10k,totalvi,incorrect,0.7272123098373413
pbmc5k_to_pbmc10k,totalvi,incorrect,0.49984169006347656
pbmc5k_to_pbmc10k,totalvi,incorrect,0.3621291518211365
pbmc5k_to_pbmc10k,totalvi,incorrect,0.5176193714141846
pbmc5k_to_pbmc10k,totalvi,incorrect,0.3646654486656189
pbmc5k_to_pbmc10k,totalvi,incorrect,0.3901812434196472
pbmc5k_to_pbmc10k,totalvi,incorrect,0.6477900743484497
pbmc5k_to_pbmc10k,totalvi,incorrect,0.3751511573791504
pbmc5k_to_pbmc10k,totalvi,incorrect,0.49115580320358276
pbmc5k_to_pbmc10k,totalvi,incorrect,0.4446697235107422
pbmc5k_to_pbmc10k,totalvi,incorrect,0.5278467535972595
pbmc5k_to_pbmc10k,totalvi,incorrect,0.4103962182998657
pbmc5k_to_pbmc10k,totalvi,incorrect,0.2266305685043335
pbmc5k_to_pbmc10k,totalvi,incorrect,0.7139630317687988
pbmc5k_to_pbmc10k,totalvi,incorrect,0.5127346515655518
pbmc5k_to_pbmc10k,totalvi,incorrect,0.05966842174530029
pbmc5k_to_pbmc10k,totalvi,incorrect,0.587197482585907
pbmc5k_to_pbmc10k,totalvi,incorrect,0.24231189489364624
pbmc5k_to_pbmc10k,totalvi,incorrect,0.5428066253662109
pbmc5k_to_pbmc10k,totalvi,incorrect,0.2335873246192932
pbmc5k_to_pbmc10k,totalvi,incorrect,0.31975919008255005
pbmc5k_to_pbmc10k,totalvi,incorrect,0.44897907972335815
pbmc5k_to_pbmc10k,totalvi,incorrect,0.6500322818756104
pbmc5k_to_pbmc10k,totalvi,incorrect,0.4647136330604553
pbmc5k_to_pbmc10k,totalvi,incorrect,0.40992969274520874
pbmc5k_to_pbmc10k,totalvi,incorrect,0.5585916042327881
pbmc5k_to_pbmc10k,totalvi,incorrect,0.4909464716911316
pbmc5k_to_pbmc10k,totalvi,incorrect,0.5210299491882324
pbmc5k_to_pbmc10k,totalvi,incorrect,0.4609721899032593
pbmc5k_to_pbmc10k,totalvi,incorrect,0.5616865754127502
pbmc5k_to_pbmc10k,totalvi,incorrect,0.3337312340736389
pbmc5k_to_pbmc10k,totalvi,incorrect,0.07471275329589844
pbmc5k_to_pbmc10k,totalvi,incorrect,0.6997408270835876
pbmc5k_to_pbmc10k,totalvi,incorrect,0.15340971946716309
pbmc5k_to_pbmc10k,totalvi,incorrect,0.5981488227844238
pbmc5k_to_pbmc10k,totalvi,incorrect,0.39745986461639404
pbmc5k_to_pbmc10k,totalvi,incorrect,0.3796241879463196
pbmc5k_to_pbmc10k,totalvi,incorrect,0.47280651330947876
pbmc5k_to_pbmc10k,totalvi,incorrect,0.49252545833587646
pbmc5k_to_pbmc10k,totalvi,incorrect,0.41750437021255493
pbmc5k_to_pbmc10k,totalvi,incorrect,0.4503820538520813
pbmc5k_to_pbmc10k,totalvi,incorrect,0.22644126415252686
pbmc5k_to_pbmc10k,totalvi,incorrect,0.32222360372543335
pbmc5k_to_pbmc10k,totalvi,incorrect,0.622071385383606
pbmc5k_to_pbmc10k,totalvi,incorrect,0.5170780420303345
pbmc5k_to_pbmc10k,totalvi,incorrect,0.3294270634651184
pbmc5k_to_pbmc10k,totalvi,incorrect,0.4227747321128845
pbmc5k_to_pbmc10k,totalvi,incorrect,0.604870080947876
pbmc5k_to_pbmc10k,totalvi,incorrect,0.5937310457229614
pbmc5k_to_pbmc10k,totalvi,incorrect,0.5084365606307983
pbmc5k_to_pbmc10k,totalvi,incorrect,0.3540712594985962
pbmc5k_to_pbmc10k,totalvi,incorrect,0.2499070167541504
pbmc5k_to_pbmc10k,totalvi,incorrect,0.29690802097320557
pbmc5k_to_pbmc10k,totalvi,incorrect,0.5261839628219604
pbmc5k_to_pbmc10k,totalvi,incorrect,0.361469566822052
pbmc5k_to_pbmc10k,totalvi,incorrect,0.43893373012542725
pbmc5k_to_pbmc10k,totalvi,incorrect,0.3909728527069092
pbmc5k_to_pbmc10k,totalvi,incorrect,0.33509939908981323
pbmc5k_to_pbmc10k,totalvi,incorrect,0.2644840478897095
pbmc5k_to_pbmc10k,totalvi,incorrect,0.2676513195037842
pbmc5k_to_pbmc10k,totalvi,incorrect,0.5640864372253418
pbmc5k_to_pbmc10k,totalvi,incorrect,0.45487499237060547
pbmc5k_to_pbmc10k,totalvi,incorrect,0.5007756352424622
pbmc5k_to_pbmc10k,totalvi,incorrect,0.35916852951049805
pbmc5k_to_pbmc10k,totalvi,incorrect,0.675452470779419
pbmc5k_to_pbmc10k,totalvi,incorrect,0.2881420850753784
pbmc5k_to_pbmc10k,totalvi,incorrect,0.49439358711242676
pbmc5k_to_pbmc10k,totalvi,incorrect,0.292508065700531
pbmc5k_to_pbmc10k,totalvi,incorrect,0.5365082025527954
pbmc5k_to_pbmc10k,totalvi,incorrect,0.429424524307251
pbmc5k_to_pbmc10k,totalvi,incorrect,0.39172565937042236
pbmc5k_to_pbmc10k,totalvi,incorrect,0.5550410151481628
pbmc5k_to_pbmc10k,totalvi,incorrect,0.424455463886261
pbmc5k_to_pbmc10k,totalvi,incorrect,0.3988509774208069
pbmc5k_to_pbmc10k,totalvi,incorrect,0.38051170110702515
pbmc5k_to_pbmc10k,totalvi,incorrect,0.24725550413131714
pbmc5k_to_pbmc10k,totalvi,incorrect,0.5561531782150269
pbmc5k_to_pbmc10k,totalvi,incorrect,0.508139967918396
pbmc5k_to_pbmc10k,totalvi,incorrect,0.1341644525527954
pbmc5k_to_pbmc10k,totalvi,incorrect,0.47192317247390747
pbmc5k_to_pbmc10k,totalvi,incorrect,0.47557055950164795
pbmc5k_to_pbmc10k,totalvi,incorrect,0.41373246908187866
pbmc5k_to_pbmc10k,totalvi,incorrect,0.33530592918395996
pbmc5k_to_pbmc10k,totalvi,incorrect,0.15008020401000977
pbmc5k_to_pbmc10k,totalvi,incorrect,0.5400688648223877
pbmc5k_to_pbmc10k,totalvi,incorrect,0.4280451536178589
pbmc5k_to_pbmc10k,totalvi,incorrect,0.31197357177734375
pbmc5k_to_pbmc10k,totalvi,incorrect,0.4013039469718933
pbmc5k_to_pbmc10k,totalvi,incorrect,0.5623190402984619
pbmc5k_to_pbmc10k,totalvi,incorrect,0.25606459379196167
pbmc5k_to_pbmc10k,totalvi,incorrect,0.5750311613082886
pbmc5k_to_pbmc10k,totalvi,incorrect,0.5714726448059082
pbmc5k_to_pbmc10k,totalvi,incorrect,0.3935317397117615
pbmc5k_to_pbmc10k,totalvi,incorrect,0.2276003360748291
pbmc5k_to_pbmc10k,totalvi,incorrect,0.5594055652618408
pbmc5k_to_pbmc10k,totalvi,incorrect,0.2729915380477905
pbmc5k_to_pbmc10k,totalvi,incorrect,0.684544563293457
pbmc5k_to_pbmc10k,totalvi,incorrect,0.6428037285804749
pbmc5k_to_pbmc10k,totalvi,incorrect,0.6689074039459229
pbmc5k_to_pbmc10k,totalvi,incorrect,0.5146149396896362
pbmc5k_to_pbmc10k,totalvi,incorrect,0.5970885753631592
pbmc5k_to_pbmc10k,totalvi,incorrect,0.471021831035614
pbmc5k_to_pbmc10k,totalvi,incorrect,0.4270709156990051
pbmc5k_to_pbmc10k,totalvi,incorrect,0.5448296070098877
pbmc5k_to_pbmc10k,totalvi,incorrect,0.3330003619194031
pbmc5k_to_pbmc10k,totalvi,incorrect,0.2898080348968506
pbmc5k_to_pbmc10k,totalvi,incorrect,0.29427748918533325
pbmc5k_to_pbmc10k,totalvi,incorrect,0.36481142044067383
pbmc5k_to_pbmc10k,totalvi,incorrect,0.3285004496574402
pbmc5k_to_pbmc10k,totalvi,incorrect,0.45337045192718506
pbmc5k_to_pbmc10k,totalvi,incorrect,0.49306124448776245
pbmc5k_to_pbmc10k,totalvi,incorrect,0.1097937822341919
pbmc5k_to_pbmc10k,totalvi,incorrect,0.5070152878761292
pbmc5k_to_pbmc10k,totalvi,incorrect,0.15990620851516724
pbmc5k_to_pbmc10k,totalvi,incorrect,0.5132713913917542
pbmc5k_to_pbmc10k,totalvi,incorrect,0.04234999418258667
pbmc5k_to_pbmc10k,totalvi,incorrect,0.4164506793022156
pbmc5k_to_pbmc10k,totalvi,incorrect,0.3427361249923706
pbmc5k_to_pbmc10k,totalvi,incorrect,0.5424157381057739
