model,cell_id,true_cell_type,full_source_correct,full_source_predicted_label,full_source_predictive_uncertainty,full_source_latent_uncertainty,full_source_ensemble_disagreement,subset_prediction_variation_ratio,subset_probability_entropy,subset_true_class_probability_sd
scvi_matched,PBMC5k_AAACCCAAGAGACAAG-1,CD14 Mono,1,CD14 Mono,0.00041621923446655273,,0.0004603781092302776,0.0,0.010266123339533806,0.0012542466901160343
scvi_matched,PBMC5k_AAACCCAAGGCCTAGA-1,CD4 Naive,1,CD4 Naive,0.34489965438842773,,0.06132551894385019,0.0,1.069461464881897,0.11498498246277408
scvi_matched,PBMC5k_AAACCCAGTCGTGCCA-1,CD4 TEM,1,CD4 TEM,0.061559200286865234,,0.03599600333923292,0.0,0.6704767942428589,0.046669369272092254
scvi_matched,PBMC5k_AAACCCATCGTGCATA-1,CD4 TEM,1,CD4 TEM,0.34951066970825195,,0.022463489106662404,0.19999999999999996,1.08762788772583,0.08888989685462043
scvi_matched,PBMC5k_AAACGAAAGACAAGCC-1,Eryth,1,Eryth,0.0652042031288147,,0.007438792750956352,0.0,0.41508641839027405,0.08804853736911061
scvi_matched,PBMC5k_AAACGAAAGAGTGACC-1,CD14 Mono,1,CD14 Mono,0.00209200382232666,,0.0008237539434767967,0.0,0.0091193662956357,0.0011485725817212498
scvi_matched,PBMC5k_AAACGAAGTAATGATG-1,CD4 TEM,1,CD4 TEM,0.13163167238235474,,0.22118816476554226,0.0,1.1891015768051147,0.15144109727436
scvi_matched,PBMC5k_AAACGAAGTTAAAGTG-1,CD16 Mono,1,CD16 Mono,0.002088010311126709,,0.0005327464645163444,0.0,0.014215060509741306,0.0028500957313779872
scvi_matched,PBMC5k_AAACGCTAGGTTGGAC-1,CD14 Mono,1,CD14 Mono,0.0006219148635864258,,0.0002034104259790101,0.0,0.00773305119946599,0.0008836012209070061
scvi_matched,PBMC5k_AAACGCTGTACAAACA-1,CD8 TEM,0,gdT,0.05135875940322876,,0.05248311791742355,0.19999999999999996,0.901559054851532,0.05913707166787525
scvi_matched,PBMC5k_AAAGAACGTGGATCAG-1,CD4 Naive,1,CD4 Naive,0.09658932685852051,,0.2593764780649418,0.0,1.342472791671753,0.06392595783567324
scvi_matched,PBMC5k_AAAGGATCACACTTAG-1,CD4 Naive,1,CD4 Naive,0.3323171138763428,,0.0323320233846921,0.0,0.8654487133026123,0.12009756029050979
scvi_matched,PBMC5k_AAAGGATGTGATTAGA-1,cDC2,1,cDC2,0.0005546212196350098,,0.00012770383974802725,0.0,0.0014708690578117967,0.00013568314196934028
scvi_matched,PBMC5k_AAAGGATTCTCTATAC-1,CD14 Mono,1,CD14 Mono,0.0008510351181030273,,0.000375451855199542,0.0,0.018947549164295197,0.0021656687416276056
scvi_matched,PBMC5k_AAAGGGCTCAGTCACA-1,B naive,0,B intermediate,0.3742538094520569,,0.14050051342774816,0.4,1.1448270082473755,0.12018896919536627
scvi_matched,PBMC5k_AAAGGGCTCATTTGGG-1,NK,1,NK,0.00595933198928833,,0.002324286021805018,0.0,0.08778125047683716,0.003885839457886912
scvi_matched,PBMC5k_AAAGGGCTCGGTGTAT-1,Treg,0,CD4 Naive,0.6473770439624786,,0.17093428032472802,0.0,1.368131399154663,0.023669404430708568
scvi_matched,PBMC5k_AAAGGGCTCTGCTTAT-1,CD8 TEM,1,CD8 TEM,0.2968471050262451,,0.15573780546709082,0.0,0.5777736306190491,0.05318953701262364
scvi_matched,PBMC5k_AAAGGTAGTCGCGTCA-1,CD4 Naive,0,CD8 Naive,0.46975213289260864,,0.256511478829058,0.4,1.1110953092575073,0.1266360325135964
scvi_matched,PBMC5k_AAAGGTAGTGTAACGG-1,CD14 Mono,1,CD14 Mono,0.004105210304260254,,0.0015983515033081708,0.0,0.0343029722571373,0.0019193907536574066
scvi_matched,PBMC5k_AAAGGTAGTTACGATC-1,CD14 Mono,1,CD14 Mono,0.005720019340515137,,0.0010740878480348555,0.0,0.022503459826111794,0.0013906720943380473
scvi_matched,PBMC5k_AAAGGTATCCTTATGT-1,CD16 Mono,1,CD16 Mono,0.1628618836402893,,0.037210740194480646,0.0,0.1553514003753662,0.05753875658692936
scvi_matched,PBMC5k_AAAGTCCCAACCACAT-1,CD14 Mono,1,CD14 Mono,0.0007696151733398438,,0.0007820869338993584,0.0,0.011518415994942188,0.000728487183859616
scvi_matched,PBMC5k_AAAGTCCGTAGCTTTG-1,CD16 Mono,1,CD16 Mono,0.36391544342041016,,0.04488402451970175,0.0,0.4235207140445709,0.14387923833104763
scvi_matched,PBMC5k_AAAGTCCGTGTGTCGC-1,CD16 Mono,1,CD16 Mono,0.003331124782562256,,0.0011829935599054417,0.0,0.004615488462150097,0.000534790963146703
scvi_matched,PBMC5k_AAAGTGAAGCAGCGAT-1,B naive,0,B memory,0.3422207832336426,,0.22285765537968993,0.4,1.1996458768844604,0.16282451808159581
scvi_matched,PBMC5k_AAAGTGAAGTGCAGCA-1,CD14 Mono,1,CD14 Mono,0.0009659528732299805,,0.0007014278548191817,0.0,0.02872818522155285,0.0031143302413928933
scvi_matched,PBMC5k_AAAGTGAGTCGGCTAC-1,B naive,1,B naive,0.23940855264663696,,0.04205079501694042,0.4,1.0961018800735474,0.25750479313408553
scvi_matched,PBMC5k_AAATGGAAGATCGCTT-1,CD4 Naive,1,CD4 Naive,0.3776089549064636,,0.09315148247730498,0.19999999999999996,1.3713802099227905,0.0655037266781291
scvi_matched,PBMC5k_AAATGGAGTGGCAGAT-1,CD8 TEM,0,gdT,0.5831969976425171,,0.24056731777538531,0.6,1.5761642456054688,0.04660491127872056
scvi_matched,PBMC5k_AAATGGAGTTAAGTCC-1,CD14 Mono,1,CD14 Mono,0.05387598276138306,,0.019936545368538783,0.0,0.2343062311410904,0.022397664890742672
scvi_matched,PBMC5k_AAATGGATCCGGGACT-1,CD8 Naive,1,CD8 Naive,0.04200714826583862,,0.00673338656171768,0.0,0.12126144766807556,0.007862637163139759
scvi_matched,PBMC5k_AAATGGATCGCATTGA-1,CD14 Mono,1,CD14 Mono,0.02184230089187622,,0.0033541378342885064,0.0,0.11498509347438812,0.02139590059176527
scvi_matched,PBMC5k_AACAAAGCAACAAGTA-1,CD14 Mono,1,CD14 Mono,0.07665354013442993,,0.007690094799817415,0.0,0.08635589480400085,0.012106474654300836
scvi_matched,PBMC5k_AACAAAGGTCATGCAT-1,CD8 Naive,1,CD8 Naive,0.18311893939971924,,0.042873389083579405,0.0,0.2089611142873764,0.01078226644123204
scvi_matched,PBMC5k_AACAAAGTCTTCGCTG-1,CD4 TEM,1,CD4 TEM,0.2169446349143982,,0.09895872764379754,0.19999999999999996,1.361518144607544,0.0987812294833835
scvi_matched,PBMC5k_AACAACCAGGATGTTA-1,NK,1,NK,0.0070999860763549805,,0.009877214733771816,0.0,0.3209707736968994,0.038697667098103045
scvi_matched,PBMC5k_AACAACCCATGACTCA-1,CD4 Naive,1,CD4 Naive,0.23530226945877075,,0.032470427860312956,0.19999999999999996,0.9324360489845276,0.13512572132331763
scvi_matched,PBMC5k_AACAACCGTGCACATT-1,B naive,0,B intermediate,0.07581359148025513,,0.18929803303444448,0.0,0.5544548034667969,0.06574970972190924
scvi_matched,PBMC5k_AACAACCTCGGTCACG-1,CD8 TEM,1,CD8 TEM,0.20102840662002563,,0.06906244980744725,0.0,0.6500670313835144,0.10853436076530372
scvi_matched,PBMC5k_AACAAGAGTCATAACC-1,CD4 TCM,1,CD4 TCM,0.04349642992019653,,0.006721087420492156,0.0,0.4148028790950775,0.05848439543429037
scvi_matched,PBMC5k_AACAAGATCGCTCTAC-1,CD4 Naive,1,CD4 Naive,0.4220941662788391,,0.07041964249915567,0.4,1.1034232378005981,0.15292175661850316
scvi_matched,PBMC5k_AACACACAGATGGCGT-1,Treg,0,CD4 Naive,0.6789588332176208,,0.1332823929933047,0.19999999999999996,1.4314159154891968,0.06233114356956473
scvi_matched,PBMC5k_AACACACAGGGCTGAT-1,CD4 TCM,0,CD4 TEM,0.2749398350715637,,0.08001944707871012,0.0,1.252382516860962,0.07941867236838956
scvi_matched,PBMC5k_AACACACCACGCTGCA-1,CD4 Naive,1,CD4 Naive,0.15968066453933716,,0.10641313525783247,0.0,0.8052840232849121,0.12431903441595922
scvi_matched,PBMC5k_AACACACGTACGTGTT-1,Eryth,0,CD14 Mono,0.043216824531555176,,0.05206462267067835,0.0,0.2070271074771881,0.021886674360618485
scvi_matched,PBMC5k_AACACACGTTGGGATG-1,NK,1,NK,0.1678539514541626,,0.09017559971095612,0.4,1.3270689249038696,0.22955351474527438
scvi_matched,PBMC5k_AACACACTCTATCACT-1,CD4 Naive,0,CD4 TCM,0.4416910409927368,,0.06120619762991786,0.19999999999999996,0.8984807729721069,0.1472759472730016
scvi_matched,PBMC5k_AACAGGGAGATACATG-1,CD4 Naive,1,CD4 Naive,0.219335675239563,,0.2250481762846348,0.4,1.500147819519043,0.18290830419524046
scvi_matched,PBMC5k_AACAGGGGTAACATAG-1,ILC,1,ILC,0.5856495797634125,,0.07999316795702516,0.0,1.1471136808395386,0.0880840337014321
scvi_matched,PBMC5k_AACAGGGGTCAACATC-1,CD14 Mono,1,CD14 Mono,0.0024768710136413574,,0.0030711565986378114,0.0,0.010585441254079342,0.0013324838932223233
scvi_matched,PBMC5k_AACCAACGTAACATCC-1,CD14 Mono,1,CD14 Mono,0.34841620922088623,,0.028826496421369252,0.0,0.6253721714019775,0.10320579963052348
scvi_matched,PBMC5k_AACCATGAGATCGGTG-1,MAIT,1,MAIT,0.011918425559997559,,0.011223413905295382,0.0,0.4051458537578583,0.12203602619115927
scvi_matched,PBMC5k_AACCATGAGGTCGTCC-1,NK,1,NK,0.00019484758377075195,,0.0013224376401871386,0.0,0.0615454763174057,0.00903652416249774
scvi_matched,PBMC5k_AACCCAAAGGGTGGGA-1,CD4 Naive,0,CD4 TCM,0.5391370058059692,,0.17297177537407027,0.0,1.248832106590271,0.09258134510432345
scvi_matched,PBMC5k_AACCCAACAGCGGTTC-1,CD14 Mono,1,CD14 Mono,0.0015284419059753418,,0.00028095557300583836,0.0,0.027863992378115654,0.0036877036989659082
scvi_matched,PBMC5k_AACCCAAGTATCGGTT-1,B intermediate,1,B intermediate,0.17451614141464233,,0.08903107880339456,0.19999999999999996,0.6682431101799011,0.15074553879204028
scvi_matched,PBMC5k_AACCTGAAGCTGGCTC-1,B naive,1,B naive,0.36082202196121216,,0.06575714362230534,0.0,0.5376465320587158,0.13282773578324567
scvi_matched,PBMC5k_AACCTGAGTCGAACGA-1,CD16 Mono,1,CD16 Mono,0.05073815584182739,,0.013339600025587144,0.0,0.028152845799922943,0.006841445857396507
scvi_matched,PBMC5k_AACCTGAGTCGAGCTC-1,CD4 Naive,1,CD4 Naive,0.1714344620704651,,0.03999047946055334,0.0,0.6731410622596741,0.09164494803491983
scvi_matched,PBMC5k_AACCTGAGTCTCTCAC-1,CD4 TCM,1,CD4 TCM,0.06337147951126099,,0.014607589841950541,0.0,0.6369737982749939,0.05335529880711934
scvi_matched,PBMC5k_AACCTGAGTCTGCAAT-1,CD4 TCM,0,CD4 Naive,0.5178416669368744,,0.1500226271478473,0.4,1.4829599857330322,0.08208139092257549
scvi_matched,PBMC5k_AACCTGAGTGACATCT-1,CD8 TEM,0,MAIT,0.5564790368080139,,0.26456594667378175,0.6,1.3341102600097656,0.18282554177323762
scvi_matched,PBMC5k_AACCTGAGTGACTCTA-1,MAIT,0,Eryth,0.37379515171051025,,0.36975944639862646,0.4,1.6297694444656372,0.004427505064755374
scvi_matched,PBMC5k_AACCTTTCACATTCGA-1,CD14 Mono,1,CD14 Mono,0.000265657901763916,,0.0002011427237078008,0.0,0.023168638348579407,0.002081006643394043
scvi_matched,PBMC5k_AACCTTTTCCTGGTCT-1,CD4 TCM,1,CD4 TCM,0.05598682165145874,,0.10478426736492952,0.19999999999999996,0.8888497948646545,0.3148344329587141
scvi_matched,PBMC5k_AACGAAAAGGGATCGT-1,NK,1,NK,0.0003829002380371094,,0.003150447463222336,0.0,0.25406965613365173,0.03323855278010006
scvi_matched,PBMC5k_AACGAAACAAGGCTTT-1,CD4 TEM,1,CD4 TEM,0.195198655128479,,0.06411756469130847,0.0,1.1233972311019897,0.08437734446746485
scvi_matched,PBMC5k_AACGAAAGTGTCTTCC-1,Treg,0,CD4 TCM,0.3385621905326843,,0.06116263497728802,0.0,0.6894789934158325,0.005907042622263783
scvi_matched,PBMC5k_AACGAAATCTCATGGA-1,CD14 Mono,1,CD14 Mono,0.009344160556793213,,0.005338692820392496,0.0,0.10956031829118729,0.013411209971770496
scvi_matched,PBMC5k_AACGGGAAGGGTGGGA-1,CD4 Naive,0,CD4 TCM,0.39070767164230347,,0.0521124539002753,0.4,1.3343321084976196,0.06154140787506788
scvi_matched,PBMC5k_AACGGGAGTACTGAGG-1,B intermediate,0,B memory,0.31758004426956177,,0.063617141595118,0.0,0.579577624797821,0.12807424484788957
scvi_matched,PBMC5k_AACGGGAGTGTATCCA-1,CD14 Mono,1,CD14 Mono,0.00034999847412109375,,0.00013358359313989186,0.0,0.006168446969240904,0.0004885021074377124
scvi_matched,PBMC5k_AACGGGAGTTGGGACA-1,CD4 TCM,1,CD4 TCM,0.12328225374221802,,0.04196313131920354,0.0,0.35657742619514465,0.016133380781291874
scvi_matched,PBMC5k_AACGGGATCTCCTGCA-1,CD14 Mono,1,CD14 Mono,0.0018811821937561035,,0.0005684580169091364,0.0,0.02973320335149765,0.002628870208619897
scvi_matched,PBMC5k_AACGTCAAGTAGATCA-1,CD4 Naive,1,CD4 Naive,0.2968220114707947,,0.13366798755346587,0.19999999999999996,0.9651300311088562,0.17270025445399967
scvi_matched,PBMC5k_AACGTCACAATCGAAA-1,CD8 TEM,1,CD8 TEM,0.05247002840042114,,0.045855833452939976,0.0,0.7888059616088867,0.08218858318268929
scvi_matched,PBMC5k_AACGTCATCATCTGTT-1,Treg,0,CD4 TCM,0.38248735666275024,,0.13198574261356688,0.19999999999999996,1.3933298587799072,0.022254059618120277
scvi_matched,PBMC5k_AACGTCATCCACGAAT-1,CD14 Mono,1,CD14 Mono,0.006835043430328369,,0.005199008658176976,0.0,0.06698907911777496,0.0052322776790605435
scvi_matched,PBMC5k_AACTTCTAGACTGAGC-1,CD4 TEM,1,CD4 TEM,0.24212861061096191,,0.09698576003773063,0.4,1.3878319263458252,0.07734967346544032
scvi_matched,PBMC5k_AACTTCTTCGCCAGAC-1,CD4 TEM,0,Treg,0.5705091953277588,,0.22635537671736716,0.4,1.404341459274292,0.22370091349324714
scvi_matched,PBMC5k_AAGAACAAGAACTTCC-1,CD4 TEM,0,CD4 TCM,0.38871318101882935,,0.08171590572705556,0.0,0.8807824850082397,0.044132847532172476
scvi_matched,PBMC5k_AAGAACAAGTGATAGT-1,CD4 TEM,1,CD4 TEM,0.21247369050979614,,0.025007136725375467,0.0,0.934542179107666,0.08417192925127069
scvi_matched,PBMC5k_AAGAACACACGAAAGC-1,B intermediate,1,B intermediate,0.15319180488586426,,0.024967095989979815,0.4,0.8283190131187439,0.09256630865909617
scvi_matched,PBMC5k_AAGAACATCATCGTAG-1,CD4 TEM,1,CD4 TEM,0.37868255376815796,,0.15654949967183018,0.19999999999999996,1.294525146484375,0.12058274091827301
scvi_matched,PBMC5k_AAGAACATCGGTAGAG-1,CD14 Mono,1,CD14 Mono,0.0006045103073120117,,0.0008315900843135372,0.0,0.02716863714158535,0.0021466297634641124
scvi_matched,PBMC5k_AAGACTCCAACCGACC-1,CD14 Mono,1,CD14 Mono,0.00021141767501831055,,0.0005929235683359169,0.0,0.01161512266844511,0.001472338314504768
scvi_matched,PBMC5k_AAGACTCCAGGTCTCG-1,CD8 TCM,0,CD4 TCM,0.7040379047393799,,0.23778407922036493,0.6,1.79631769657135,0.09157722868469144
scvi_matched,PBMC5k_AAGACTCCAGTTGCGC-1,Eryth,0,CD14 Mono,0.3997226357460022,,0.09330261556973163,0.4,0.6990859508514404,0.16208594139538265
scvi_matched,PBMC5k_AAGACTCGTAGTGCGA-1,CD14 Mono,1,CD14 Mono,0.012822270393371582,,0.0029830237113845637,0.0,0.10343289375305176,0.019151777658114592
scvi_matched,PBMC5k_AAGACTCGTATCAGCT-1,CD14 Mono,1,CD14 Mono,0.0034741759300231934,,0.0037954870244427674,0.0,0.25696462392807007,0.04150488485760387
scvi_matched,PBMC5k_AAGACTCGTTGCGTAT-1,CD4 TEM,1,CD4 TEM,0.4336813688278198,,0.10043779924281293,0.0,1.2576274871826172,0.08048572528847099
scvi_matched,PBMC5k_AAGATAGAGCTGCCTG-1,Treg,1,Treg,0.41030460596084595,,0.12633652384356553,0.0,0.4057939052581787,0.010235933570664841
scvi_matched,PBMC5k_AAGATAGCACTGTGTA-1,CD14 Mono,1,CD14 Mono,0.0006647706031799316,,0.0003550444547120134,0.0,0.01167429331690073,0.0008832674026533021
scvi_matched,PBMC5k_AAGATAGCAGGAATCG-1,CD14 Mono,1,CD14 Mono,0.001540541648864746,,0.0011212965783195042,0.0,0.010437369346618652,0.0005247145579650223
scvi_matched,PBMC5k_AAGATAGCATGAATCC-1,CD14 Mono,1,CD14 Mono,0.007893919944763184,,0.0026945934641891545,0.0,0.034925103187561035,0.0023914350469174486
scvi_matched,PBMC5k_AAGCATCTCCTCAGAA-1,NK,1,NK,0.00016367435455322266,,0.00020281861578604933,0.0,0.004640891682356596,0.00048205261322593147
scvi_matched,PBMC5k_AAGCATCTCTGGCCTT-1,CD4 Naive,1,CD4 Naive,0.5415462851524353,,0.1647116978458456,0.4,1.1698354482650757,0.1590381066449935
scvi_matched,PBMC5k_AAGCCATAGCGGATCA-1,CD14 Mono,1,CD14 Mono,0.0034369826316833496,,0.001147623826211367,0.0,0.03978651389479637,0.0031491738763944487
scvi_matched,PBMC5k_AAGCCATGTCACTCGG-1,CD8 TEM,1,CD8 TEM,0.6495393216609955,,0.34518639588784006,0.6,1.6391355991363525,0.03180596790951028
scvi_matched,PBMC5k_AAGCGTTGTGTAAACA-1,gdT,0,NK,0.03524363040924072,,0.08551528645147277,0.4,1.3890620470046997,0.02293164449556132
scvi_matched,PBMC5k_AAGCGTTTCCATAGGT-1,B memory,1,B memory,0.011224985122680664,,0.0028352038470656205,0.0,0.2059134542942047,0.027855682657558
scvi_matched,PBMC5k_AAGGAATAGCGGTAGT-1,CD14 Mono,1,CD14 Mono,0.017514705657958984,,0.004283696549657712,0.0,0.07468926161527634,0.006420861959540575
scvi_matched,PBMC5k_AAGGAATCAGTCGCAC-1,B intermediate,0,B memory,0.12668079137802124,,0.06019593726713124,0.19999999999999996,0.6919893622398376,0.23035440959113582
scvi_matched,PBMC5k_AAGGAATGTCGCAGTC-1,CD14 Mono,1,CD14 Mono,0.0007073879241943359,,0.00148948091717006,0.0,0.06248942017555237,0.00996433452666783
scvi_matched,PBMC5k_AAGGTAAAGGAAGAAC-1,CD4 Naive,0,CD4 TCM,0.421209454536438,,0.181095813914265,0.19999999999999996,1.2311487197875977,0.17510030371838026
scvi_matched,PBMC5k_AAGGTAAAGTCACTAC-1,CD16 Mono,1,CD16 Mono,0.00678938627243042,,0.0016375591537473831,0.0,0.010468106716871262,0.0020322257296886722
scvi_matched,PBMC5k_AAGTACCAGGAGATAG-1,CD4 Naive,1,CD4 Naive,0.5106937885284424,,0.1584894778990542,0.0,0.9029238224029541,0.10513956920119978
scvi_matched,PBMC5k_AAGTACCAGTAGATCA-1,NK,1,NK,0.0406222939491272,,0.09301036514297822,0.19999999999999996,1.3315467834472656,0.16976684169370143
scvi_matched,PBMC5k_AAGTACCCAGAATCGG-1,MAIT,0,CD4 TEM,0.18727022409439087,,0.04477450677524697,0.0,1.1640625,0.14023414335747986
scvi_matched,PBMC5k_AAGTACCTCCAGGACC-1,CD4 Naive,1,CD4 Naive,0.21185696125030518,,0.20334980242709788,0.19999999999999996,1.3745924234390259,0.1859914273584868
scvi_matched,PBMC5k_AAGTACCTCCGGTTCT-1,B intermediate,1,B intermediate,0.3182411789894104,,0.03495965139667101,0.4,0.7737408876419067,0.19181459006939514
scvi_matched,PBMC5k_AAGTACCTCGGTGTAT-1,CD4 TEM,0,CD4 TCM,0.0870656967163086,,0.014581661523107803,0.0,1.0405601263046265,0.07102125562990923
scvi_matched,PBMC5k_AAGTCGTGTATCACCA-1,CD14 Mono,1,CD14 Mono,0.0449833869934082,,0.010314847004198824,0.0,0.2095661759376526,0.014102822470262498
scvi_matched,PBMC5k_AAGTCGTGTGAATGTA-1,NK,1,NK,0.0036377310752868652,,0.0005482967918117934,0.0,0.040646959096193314,0.0025832761657906362
scvi_matched,PBMC5k_AAGTGAACACTTCAAG-1,CD8 Naive,0,CD4 Naive,0.08708798885345459,,0.18816469181001128,0.4,0.8927791118621826,0.3465527642085046
scvi_matched,PBMC5k_AAGTGAAGTAGTACGG-1,CD4 TEM,1,CD4 TEM,0.07856619358062744,,0.018678670757740434,0.0,0.7053062915802002,0.05080470193164818
scvi_matched,PBMC5k_AAGTGAAGTATCGTAC-1,CD16 Mono,1,CD16 Mono,0.0017356276512145996,,0.00043798757606011707,0.0,0.009928381070494652,0.0014114392445089899
scvi_matched,PBMC5k_AAGTGAAGTTCGGGTC-1,CD4 TEM,1,CD4 TEM,0.0788390040397644,,0.036646207462395164,0.0,0.7976744174957275,0.09463410981832344
scvi_matched,PBMC5k_AAGTTCGAGAGTACCG-1,CD4 TEM,1,CD4 TEM,0.4411246180534363,,0.15167588107509788,0.19999999999999996,1.1392327547073364,0.20737118963578224
scvi_matched,PBMC5k_AAGTTCGAGCACTGGA-1,CD14 Mono,1,CD14 Mono,0.003658592700958252,,0.0007357897682764569,0.0,0.03162854164838791,0.003174439050213104
scvi_matched,PBMC5k_AAGTTCGCAGGCTATT-1,CD14 Mono,1,CD14 Mono,0.038021862506866455,,0.004697570837389059,0.0,0.34938204288482666,0.04554528210238941
scvi_matched,PBMC5k_AAGTTCGGTCACTCAA-1,CD4 Naive,0,CD4 TCM,0.18047857284545898,,0.169260366914614,0.0,0.9238293170928955,0.09371539552859649
scvi_matched,PBMC5k_AAGTTCGTCTGTCAGA-1,CD4 Naive,1,CD4 Naive,0.44330811500549316,,0.03294501610649769,0.19999999999999996,1.338989496231079,0.22721839090520862
scvi_matched,PBMC5k_AATAGAGCAGCACACC-1,CD16 Mono,1,CD16 Mono,0.18537908792495728,,0.04083627725141559,0.0,0.14761734008789062,0.02384160044284919
scvi_matched,PBMC5k_AATAGAGGTCACCGAC-1,CD14 Mono,1,CD14 Mono,0.09200835227966309,,0.03035899571007683,0.0,0.45743489265441895,0.15149822646081995
scvi_matched,PBMC5k_AATAGAGTCGGTCACG-1,CD4 Naive,0,CD4 TCM,0.487257719039917,,0.1082537818168452,0.4,1.0463989973068237,0.09499387082273344
scvi_matched,PBMC5k_AATCACGAGCGCTGCT-1,CD14 Mono,1,CD14 Mono,0.10287201404571533,,0.032870697946503546,0.0,0.33487123250961304,0.06846997999064837
scvi_matched,PBMC5k_AATCACGAGCGTGCTC-1,CD4 TEM,1,CD4 TEM,0.18745356798171997,,0.051454089582102625,0.4,1.3131446838378906,0.14708896840320004
scvi_matched,PBMC5k_AATCACGGTAGATGTA-1,B memory,1,B memory,0.022386491298675537,,0.005573534818144071,0.0,0.2442549765110016,0.06870828533730793
scvi_matched,PBMC5k_AATCACGGTATCATGC-1,CD14 Mono,1,CD14 Mono,0.012916088104248047,,0.004825605793109852,0.0,0.0968790203332901,0.006395121418980697
scvi_matched,PBMC5k_AATCACGGTCCATACA-1,CD14 Mono,1,CD14 Mono,0.0017267465591430664,,0.004924719795291604,0.0,0.02006739377975464,0.0018727341476974647
scvi_matched,PBMC5k_AATCACGTCGAGCACC-1,CD14 Mono,1,CD14 Mono,0.00048029422760009766,,0.0003248541354587001,0.0,0.009698384441435337,0.0008300859881329506
scvi_matched,PBMC5k_AATCGACAGCAAATCA-1,NK,1,NK,0.0002703070640563965,,0.00020706371794981544,0.0,0.02426774427294731,0.0017025361200469625
scvi_matched,PBMC5k_AATCGACGTAGTCGTT-1,NK_CD56bright,1,NK_CD56bright,0.04845160245895386,,0.014480364973646492,0.0,0.3524549901485443,0.01957249312708176
scvi_matched,PBMC5k_AATCGACGTGCCGGTT-1,ILC,0,CD4 TEM,0.11619681119918823,,0.051229653751240334,0.0,0.549277126789093,0.014776213435567872
scvi_matched,PBMC5k_AATCGACGTTCACGAT-1,CD4 Naive,1,CD4 Naive,0.42733287811279297,,0.10805225365259497,0.4,1.409544587135315,0.13315522169058894
scvi_matched,PBMC5k_AATCGACTCCATTGTT-1,CD4 TCM,1,CD4 TCM,0.12569552659988403,,0.05103378559375682,0.0,0.4569043815135956,0.024454787374943072
scvi_matched,PBMC5k_AATCGTGGTGTTAGCT-1,NK,1,NK,0.0008944869041442871,,0.0012484268160076542,0.0,0.22904518246650696,0.0433507648739774
scvi_matched,PBMC5k_AATGAAGGTGGGACAT-1,CD4 Naive,0,CD4 TCM,0.46404385566711426,,0.20531304803050432,0.0,1.3612480163574219,0.11877709132522303
scvi_matched,PBMC5k_AATGAAGGTTCATCTT-1,CD14 Mono,1,CD14 Mono,0.003040790557861328,,0.0005394630754999921,0.0,0.0451083779335022,0.00905764826996105
scvi_matched,PBMC5k_AATGACCAGGCTCAAG-1,CD4 Naive,0,CD4 TCM,0.5486105978488922,,0.18729507210734586,0.6,1.584005355834961,0.1760034021729267
scvi_matched,PBMC5k_AATGACCCACTGCGTG-1,CD4 Naive,1,CD4 Naive,0.31190890073776245,,0.08425811708883302,0.4,1.009755253791809,0.05665145433819987
scvi_matched,PBMC5k_AATGACCCAGCTGTAT-1,B naive,1,B naive,0.004389822483062744,,0.0010550468873963097,0.0,0.0945410504937172,0.020032402521520394
scvi_matched,PBMC5k_AATGACCTCCGTACGG-1,CD14 Mono,1,CD14 Mono,0.0004126429557800293,,0.00023370742965051535,0.0,0.00650448864325881,0.0007355909467209751
scvi_matched,PBMC5k_AATGCCAAGATAGGGA-1,CD4 TCM,1,CD4 TCM,0.053773343563079834,,0.022180498332779353,0.0,0.6777620315551758,0.06356511893541153
scvi_matched,PBMC5k_AATGCCAAGATTGTGA-1,CD8 Naive,1,CD8 Naive,0.536747545003891,,0.1297495604526988,0.4,1.7156239748001099,0.3161369676381412
scvi_matched,PBMC5k_AATGCCAAGGAAGTAG-1,Treg,0,Eryth,0.11172789335250854,,0.2818356163917072,0.4,2.0241572856903076,0.039804703589523614
scvi_matched,PBMC5k_AATGGAAAGCGACCCT-1,CD14 Mono,1,CD14 Mono,0.002350032329559326,,0.0063346524421730305,0.19999999999999996,0.5012627243995667,0.27509603735784216
scvi_matched,PBMC5k_AATGGAAGTATCAGGG-1,CD14 Mono,1,CD14 Mono,0.012060880661010742,,0.0010281735447537355,0.0,0.16898851096630096,0.023238144029713602
scvi_matched,PBMC5k_AATGGAATCATCCTAT-1,CD4 TEM,1,CD4 TEM,0.14256441593170166,,0.027201845648596068,0.0,0.8821918964385986,0.017737694198287284
scvi_matched,PBMC5k_AATGGCTAGATCCAAA-1,CD4 TCM,0,Eryth,0.25360578298568726,,0.21255251972738576,0.4,1.6448811292648315,0.006469757185772963
scvi_matched,PBMC5k_AATGGCTCATGGCTGC-1,CD4 TCM,0,ILC,0.5075793266296387,,0.16550029944609002,0.0,0.5635125637054443,0.05483799129495678
scvi_matched,PBMC5k_AATGGCTTCGTGCTCT-1,CD4 Naive,1,CD4 Naive,0.2389392852783203,,0.1447177033441528,0.6,1.2764302492141724,0.20281441155395646
scvi_matched,PBMC5k_AATTCCTAGGGCAATC-1,CD4 TCM,0,CD4 Naive,0.37426644563674927,,0.15549149835665532,0.0,1.163663625717163,0.13635927160721248
scvi_matched,PBMC5k_AATTCCTGTTATAGCC-1,B intermediate,1,B intermediate,0.06119483709335327,,0.07604881880758307,0.0,0.6523925065994263,0.1252109746877805
scvi_matched,PBMC5k_AATTCCTTCAGCGCGT-1,CD16 Mono,0,CD14 Mono,0.26708972454071045,,0.09285740128654574,0.4,0.7549090385437012,0.21392584190613625
scvi_matched,PBMC5k_AATTTCCAGGTTCCGC-1,CD4 Naive,0,CD4 TCM,0.6345686912536621,,0.1860388715453758,0.0,1.2621797323226929,0.06952107789767617
scvi_matched,PBMC5k_AATTTCCCAGGAATCG-1,CD14 Mono,1,CD14 Mono,0.23912423849105835,,0.14576851477424257,0.0,0.6771919131278992,0.0817658376212965
scvi_matched,PBMC5k_AATTTCCGTACTGACT-1,CD14 Mono,1,CD14 Mono,0.0028756260871887207,,0.0025139272640926844,0.0,0.07648640125989914,0.007312554546258941
scvi_matched,PBMC5k_AATTTCCGTATGTCCA-1,CD14 Mono,1,CD14 Mono,0.0005145072937011719,,0.00044755737753913744,0.0,0.019679712131619453,0.0014113456975398259
scvi_matched,PBMC5k_AATTTCCGTCGTAATC-1,NK,1,NK,0.009129703044891357,,0.0028964742503333543,0.0,0.36029163002967834,0.05145968241139683
scvi_matched,PBMC5k_ACAAAGACAACTGAAA-1,cDC2,1,cDC2,0.09937292337417603,,0.15597504344107155,0.19999999999999996,0.859094500541687,0.23252709930144666
scvi_matched,PBMC5k_ACAAAGACAAGAGCTG-1,CD4 TCM,1,CD4 TCM,0.6318113505840302,,0.19505284419144853,0.4,1.3922533988952637,0.07368667225045815
scvi_matched,PBMC5k_ACAAAGAGTTCAAGTC-1,CD14 Mono,1,CD14 Mono,0.10364538431167603,,0.05620355721282633,0.0,0.581901490688324,0.08256014187721282
scvi_matched,PBMC5k_ACAAAGATCATCTACT-1,CD14 Mono,1,CD14 Mono,0.011635541915893555,,0.0047486720772527274,0.0,0.4289717972278595,0.09100447133141011
scvi_matched,PBMC5k_ACAAAGATCCTCTCTT-1,gdT,0,CD8 TCM,0.5077182948589325,,0.23053339222386726,0.4,1.377144694328308,0.08582563804011692
scvi_matched,PBMC5k_ACAACCAGTATACAGA-1,cDC2,0,CD14 Mono,0.4760901927947998,,0.07604698681927091,0.19999999999999996,0.685021162033081,0.11535877353000874
scvi_matched,PBMC5k_ACAACCAGTGTTGACT-1,CD14 Mono,1,CD14 Mono,0.0008663535118103027,,0.0007755653619530255,0.0,0.022349771112203598,0.001228783902212532
scvi_matched,PBMC5k_ACAACCAGTTACGATC-1,gdT,0,MAIT,0.2275080680847168,,0.05956421604404616,0.19999999999999996,0.9111502766609192,0.1554212914775477
scvi_matched,PBMC5k_ACAACCAGTTTCGTGA-1,CD4 TCM,0,Eryth,0.03004235029220581,,0.32841531737151475,0.19999999999999996,1.9067621231079102,0.03632374406893472
scvi_matched,PBMC5k_ACAACCATCCTGTTGC-1,CD4 Naive,1,CD4 Naive,0.17401832342147827,,0.12650465769748942,0.19999999999999996,1.4714748859405518,0.2383708256868953
scvi_matched,PBMC5k_ACAAGCTCACCGGCTA-1,Eryth,0,CD14 Mono,0.34796565771102905,,0.013970772949433496,0.0,0.6688135266304016,0.05983355593085604
scvi_matched,PBMC5k_ACAAGCTTCGTGTGAT-1,cDC2,1,cDC2,0.0001341104507446289,,0.00010288372692927915,0.0,0.0004898866754956543,3.9821370257658745e-05
scvi_matched,PBMC5k_ACACAGTAGACAACTA-1,CD4 TCM,0,CD4 Naive,0.25288063287734985,,0.11096851771309879,0.19999999999999996,1.054803490638733,0.12406022407430368
scvi_matched,PBMC5k_ACACAGTAGCAAACAT-1,CD14 Mono,1,CD14 Mono,0.0006315112113952637,,0.00031354489351525204,0.0,0.02446180395781994,0.0022099505160984583
scvi_matched,PBMC5k_ACACAGTAGGGTAATT-1,gdT,1,gdT,0.3418670892715454,,0.11111789642302417,0.19999999999999996,1.0713632106781006,0.14986678523932587
scvi_matched,PBMC5k_ACACAGTCATCTCGTC-1,CD8 TEM,1,CD8 TEM,0.639689177274704,,0.06926298718745327,0.6,1.5179373025894165,0.06519998436942966
scvi_matched,PBMC5k_ACACCAAAGAACGTGC-1,CD14 Mono,1,CD14 Mono,0.028278112411499023,,0.03228322448079457,0.0,0.17586180567741394,0.017758284375195058
scvi_matched,PBMC5k_ACACCAAAGCTTCTAG-1,CD4 TEM,1,CD4 TEM,0.4721067547798157,,0.119877644273503,0.4,1.0263748168945312,0.22981982962246483
scvi_matched,PBMC5k_ACACCAAGTAAGGCTG-1,CD8 TEM,1,CD8 TEM,0.5858632326126099,,0.15705945092914164,0.19999999999999996,1.023903250694275,0.219190647622324
scvi_matched,PBMC5k_ACACCAAGTAGGTGCA-1,B memory,1,B memory,0.014129638671875,,0.007203506093592382,0.0,0.31171301007270813,0.07065840641966097
scvi_matched,PBMC5k_ACACCAAGTGGTTTGT-1,CD4 Naive,1,CD4 Naive,0.3845698833465576,,0.12438600465769323,0.0,1.2359002828598022,0.13701067812866108
scvi_matched,PBMC5k_ACACCAATCCTTCTTC-1,NK_CD56bright,1,NK_CD56bright,0.08029341697692871,,0.16394249465520094,0.19999999999999996,1.072557806968689,0.2488842769495977
scvi_matched,PBMC5k_ACACGCGAGACGTCGA-1,NK,1,NK,0.010437190532684326,,0.05886871917769712,0.0,0.7484775185585022,0.11743740093194269
scvi_matched,PBMC5k_ACACGCGCACGCGTCA-1,CD14 Mono,1,CD14 Mono,0.003982365131378174,,0.0006338531387910448,0.0,0.0551413893699646,0.007152397424240621
scvi_matched,PBMC5k_ACACGCGGTACCTATG-1,gdT,0,MAIT,0.4327744245529175,,0.11741758908534916,0.0,1.0263477563858032,0.1036632529177413
scvi_matched,PBMC5k_ACACGCGGTTGCGAAG-1,CD4 Naive,0,CD4 TCM,0.30468952655792236,,0.05585922942351362,0.0,0.7854517102241516,0.13843855183854173
scvi_matched,PBMC5k_ACACTGAAGTTCCGGC-1,CD4 Naive,1,CD4 Naive,0.48646825551986694,,0.023564991193338214,0.19999999999999996,1.0626970529556274,0.16422726995099607
scvi_matched,PBMC5k_ACACTGAGTTCGTTCC-1,CD4 TCM,1,CD4 TCM,0.2845258116722107,,0.09184420240872582,0.0,0.8393769264221191,0.05251662671100501
scvi_matched,PBMC5k_ACAGAAAAGGTACTGG-1,NK,1,NK,0.015076637268066406,,0.004187092485778851,0.0,0.5090315937995911,0.09204842025485473
scvi_matched,PBMC5k_ACAGAAACACGGTGTC-1,B intermediate,0,B memory,0.3737342357635498,,0.03252538904798663,0.0,0.553472638130188,0.12997169832732627
scvi_matched,PBMC5k_ACAGAAACACTGAATC-1,CD4 TCM,1,CD4 TCM,0.1981409192085266,,0.03924264882032402,0.0,0.6332764625549316,0.09365557131120125
scvi_matched,PBMC5k_ACAGAAATCACGTAGT-1,CD14 Mono,1,CD14 Mono,0.02659517526626587,,0.07682675884151047,0.0,0.07492855191230774,0.009454981268008882
scvi_matched,PBMC5k_ACAGAAATCCTACAAG-1,NK,1,NK,3.0159950256347656e-05,,0.000240911204930974,0.0,0.034361567348241806,0.003546782523171444
scvi_matched,PBMC5k_ACAGCCGAGAGTCTTC-1,CD14 Mono,1,CD14 Mono,0.00042003393173217773,,0.001514808540526269,0.0,0.010592624545097351,0.0007960341394995811
scvi_matched,PBMC5k_ACAGGGAAGCGATTCT-1,CD16 Mono,1,CD16 Mono,0.010860204696655273,,0.0022075363540130163,0.0,0.01945679821074009,0.0030801198447570756
scvi_matched,PBMC5k_ACAGGGACAGGGAGAG-1,Treg,1,Treg,0.24257534742355347,,0.10003240718796746,0.6,1.3544063568115234,0.16903970808632077
scvi_matched,PBMC5k_ACAGGGAGTCCACACG-1,CD14 Mono,1,CD14 Mono,0.0012437105178833008,,0.000256550544829778,0.0,0.03384516388177872,0.0016936366280320004
scvi_matched,PBMC5k_ACAGGGATCAGTGATC-1,CD4 TEM,0,CD8 TEM,0.40332674980163574,,0.0801097758431607,0.4,1.0718988180160522,0.22824682400429175
scvi_matched,PBMC5k_ACAGGGATCCTGGTCT-1,CD14 Mono,1,CD14 Mono,0.007198810577392578,,0.0014458554008112967,0.0,0.15126435458660126,0.0251537964370029
scvi_matched,PBMC5k_ACATCCCAGCTGAGCA-1,CD4 Naive,0,CD4 TCM,0.2955567240715027,,0.05009661612375682,0.4,0.9850272536277771,0.21190874505844842
scvi_matched,PBMC5k_ACATCCCAGGAAGAAC-1,CD4 Naive,1,CD4 Naive,0.4612022638320923,,0.02858633499252705,0.19999999999999996,1.2548589706420898,0.1440876296293777
scvi_matched,PBMC5k_ACATCCCGTGTTGATC-1,CD14 Mono,1,CD14 Mono,0.014232456684112549,,0.0031265134165599784,0.0,0.044857706874608994,0.0020683744010334456
scvi_matched,PBMC5k_ACATCCCGTTTCACTT-1,CD16 Mono,1,CD16 Mono,0.006301939487457275,,0.0101593756116585,0.0,0.035140909254550934,0.004914231593994154
scvi_matched,PBMC5k_ACATCGAAGCAAATGT-1,CD14 Mono,1,CD14 Mono,0.004102945327758789,,0.0008611930850707869,0.0,0.01775510422885418,0.001436292808985989
scvi_matched,PBMC5k_ACATCGAGTCACTCTC-1,CD4 TCM,1,CD4 TCM,0.11278808116912842,,0.05163899130270555,0.0,0.9061979651451111,0.06487740001322004
scvi_matched,PBMC5k_ACATCGAGTGCACAAG-1,CD8 Naive,1,CD8 Naive,0.6609917879104614,,0.21341414901579103,0.0,0.6739108562469482,0.1313751460241967
scvi_matched,PBMC5k_ACATGCAAGGTAACTA-1,CD4 TEM,1,CD4 TEM,0.6248144209384918,,0.13634888947977886,0.0,1.0797173976898193,0.057085257982616135
scvi_matched,PBMC5k_ACATGCAAGGTATCTC-1,CD4 TEM,0,CD4 TCM,0.3077127933502197,,0.019000970365871672,0.19999999999999996,0.9333608150482178,0.18560399820321066
scvi_matched,PBMC5k_ACATGCACAATACCCA-1,CD4 TCM,0,CD4 Naive,0.6122217178344727,,0.13942699090968413,0.4,1.4403672218322754,0.09848293075871592
scvi_matched,PBMC5k_ACATTTCCAAGAGATT-1,CD4 Naive,1,CD4 Naive,0.17568403482437134,,0.033201188242653,0.0,0.6297666430473328,0.054056014022652074
scvi_matched,PBMC5k_ACATTTCGTCTGTGAT-1,CD14 Mono,1,CD14 Mono,0.008404195308685303,,0.00769775212366991,0.0,0.2095302790403366,0.027631002672676038
scvi_matched,PBMC5k_ACATTTCGTTGGGAAC-1,NK_CD56bright,1,NK_CD56bright,0.424921452999115,,0.1054306270921116,0.19999999999999996,0.8828785419464111,0.17923286475085456
scvi_matched,PBMC5k_ACCAAACAGCGGATCA-1,B memory,1,B memory,0.29394447803497314,,0.04334313371677334,0.19999999999999996,0.5774528980255127,0.18067184606159148
scvi_matched,PBMC5k_ACCAAACCAAGGTCGA-1,CD14 Mono,1,CD14 Mono,0.02766197919845581,,0.006381915566013821,0.0,0.18206585943698883,0.021954807319342406
scvi_matched,PBMC5k_ACCAAACCACCCTATC-1,CD16 Mono,1,CD16 Mono,0.006613433361053467,,0.0019543275518198733,0.0,0.030711835250258446,0.007936688871932773
scvi_matched,PBMC5k_ACCAAACTCTAGTACG-1,CD14 Mono,1,CD14 Mono,0.008327782154083252,,0.00918060740701522,0.0,0.25192052125930786,0.031102519986981568
scvi_matched,PBMC5k_ACCAACACAGCGAACA-1,CD14 Mono,1,CD14 Mono,0.04164046049118042,,0.006741212055946799,0.0,0.04531049728393555,0.003912997923791668
scvi_matched,PBMC5k_ACCAACAGTGTAAATG-1,B memory,1,B memory,0.15664172172546387,,0.15286439993357426,0.0,0.5035257339477539,0.10627590998673633
scvi_matched,PBMC5k_ACCAACAGTTGGGACA-1,CD14 Mono,1,CD14 Mono,0.0005294680595397949,,0.00023211204273920847,0.0,0.01208750531077385,0.0013323725279787463
scvi_matched,PBMC5k_ACCAACATCCGCTTAC-1,NK,1,NK,0.005919039249420166,,0.0018243885537722396,0.0,0.2773345112800598,0.11213611820446275
scvi_matched,PBMC5k_ACCAACATCTGGCCTT-1,CD4 TEM,1,CD4 TEM,0.5518823266029358,,0.1650054644562713,0.4,1.7017673254013062,0.07879902933167637
scvi_matched,PBMC5k_ACCACAAGTCTAGGCC-1,CD8 TEM,0,CD4 TEM,0.4832846522331238,,0.19853875115703912,0.4,1.5290591716766357,0.024889601718624893
scvi_matched,PBMC5k_ACCACAAGTGACACAG-1,B naive,1,B naive,0.09724968671798706,,0.02073368082853852,0.0,0.13262508809566498,0.019215018594420027
scvi_matched,PBMC5k_ACCACAAGTGATGGCA-1,CD4 Naive,0,CD4 TCM,0.37444376945495605,,0.1379497615627292,0.4,1.4071109294891357,0.19906678653336574
scvi_matched,PBMC5k_ACCACAAGTGCTCTTC-1,B naive,1,B naive,0.03754526376724243,,0.0010634620601613354,0.0,0.49674245715141296,0.16458333995329194
scvi_matched,PBMC5k_ACCACAATCCCTGGTT-1,Treg,0,Eryth,0.07078677415847778,,0.16099911105355713,0.4,1.465652346611023,0.019987161766775924
scvi_matched,PBMC5k_ACCACAATCGAGAAGC-1,B naive,1,B naive,0.45688557624816895,,0.041335050659150774,0.19999999999999996,1.0395145416259766,0.23621980083907654
scvi_matched,PBMC5k_ACCACAATCTCTCAAT-1,CD4 TCM,1,CD4 TCM,0.03310579061508179,,0.018693267203032188,0.0,0.4223144054412842,0.09887316306488746
scvi_matched,PBMC5k_ACCATTTCAAGTATCC-1,CD8 TEM,1,CD8 TEM,0.6937848031520844,,0.1877651930256763,0.6,1.663264274597168,0.04907578625048731
scvi_matched,PBMC5k_ACCATTTCACCAACAT-1,CD8 TCM,1,CD8 TCM,0.11395144462585449,,0.23648190773658306,0.0,1.0603995323181152,0.10621127171789721
scvi_matched,PBMC5k_ACCATTTCATAATGAG-1,CD4 Naive,1,CD4 Naive,0.08534902334213257,,0.1571173551594799,0.19999999999999996,0.7439976334571838,0.17283951553717197
scvi_matched,PBMC5k_ACCATTTTCAGGAAAT-1,NK,1,NK,0.0005004405975341797,,0.003741301631592836,0.0,0.09032788872718811,0.00791910500166845
scvi_matched,PBMC5k_ACCCAAAAGCCTTCTC-1,CD4 TCM,1,CD4 TCM,0.47692275047302246,,0.04670251460564967,0.4,1.494386076927185,0.1036364997621057
scvi_matched,PBMC5k_ACCCAAACAAAGGTTA-1,CD14 Mono,1,CD14 Mono,0.001440584659576416,,0.0005660725765003691,0.0,0.022708754986524582,0.0022422289984197928
scvi_matched,PBMC5k_ACCCAAAGTTGGGAAC-1,gdT,0,NK,0.16746920347213745,,0.08084448092488206,0.4,1.6382660865783691,0.17234953117723176
scvi_matched,PBMC5k_ACCCAAATCGAGAAAT-1,NK_CD56bright,0,MAIT,0.5771584212779999,,0.0958569263621678,0.19999999999999996,1.1034026145935059,0.20981953293192362
scvi_matched,PBMC5k_ACCCAAATCGCCGAGT-1,CD14 Mono,1,CD14 Mono,0.00017887353897094727,,0.0006104915254595911,0.0,0.009214318357408047,0.0013639449780470103
scvi_matched,PBMC5k_ACCCTCAAGCAAGCCA-1,CD4 TEM,1,CD4 TEM,0.3552393317222595,,0.05063592810348694,0.0,0.8540624380111694,0.1028675741626113
scvi_matched,PBMC5k_ACCCTCACACTACCCT-1,CD16 Mono,1,CD16 Mono,0.03892648220062256,,0.007960811847106383,0.0,0.015305913053452969,0.0028281640587665764
scvi_matched,PBMC5k_ACCCTCACACTGAATC-1,CD4 TCM,1,CD4 TCM,0.03457719087600708,,0.04030497503385572,0.0,0.4653317332267761,0.08095952608006132
scvi_matched,PBMC5k_ACCCTCACATTGCTTT-1,CD14 Mono,1,CD14 Mono,0.08601689338684082,,0.028981194984390835,0.0,0.2800886929035187,0.019821397458140187
scvi_matched,PBMC5k_ACCCTCAGTACGCGTC-1,CD8 TEM,1,CD8 TEM,0.5774359405040741,,0.13821655317930848,0.4,1.4545886516571045,0.2561774887543808
scvi_matched,PBMC5k_ACCCTCAGTACGCTAT-1,CD14 Mono,1,CD14 Mono,0.010087311267852783,,0.08949287032830366,0.0,0.3439887762069702,0.02974307371053604
scvi_matched,PBMC5k_ACCCTCAGTCCATAGT-1,CD14 Mono,1,CD14 Mono,0.008946716785430908,,0.0015028625166194423,0.0,0.15503576397895813,0.024482933950968788
scvi_matched,PBMC5k_ACCCTCATCATTGAGC-1,CD14 Mono,1,CD14 Mono,0.00024300813674926758,,0.00020815903521280172,0.0,0.012653778307139874,0.0009540596819652324
scvi_matched,PBMC5k_ACCCTCATCGCTACAA-1,B naive,1,B naive,0.46504271030426025,,0.041664680633024864,0.4,0.7481623888015747,0.18716055425455372
scvi_matched,PBMC5k_ACCCTTGCACGTTCGG-1,CD4 TEM,1,CD4 TEM,0.13496649265289307,,0.03480974875548504,0.0,1.0483391284942627,0.09303230587487107
scvi_matched,PBMC5k_ACCCTTGGTTTGACAC-1,B memory,0,B intermediate,0.35364896059036255,,0.06292020085645167,0.19999999999999996,0.7140474915504456,0.1849482895642885
scvi_matched,PBMC5k_ACCCTTGTCCTCAGGG-1,B naive,1,B naive,0.012825608253479004,,0.16508149670533656,0.0,0.1511196494102478,0.027087847009312667
scvi_matched,PBMC5k_ACCGTTCAGACTGTTC-1,CD4 TEM,0,CD8 TCM,0.5117775499820709,,0.2479697228845099,0.19999999999999996,1.2230838537216187,0.13266487536511373
scvi_matched,PBMC5k_ACCGTTCGTAATCAAG-1,CD8 Naive,1,CD8 Naive,0.048647284507751465,,0.035727047137987744,0.0,0.8034269213676453,0.20816949782468055
scvi_matched,PBMC5k_ACCGTTCTCAGACAAA-1,CD4 TEM,1,CD4 TEM,0.22890210151672363,,0.03316806606377409,0.0,1.0890969038009644,0.1091805178204374
scvi_matched,PBMC5k_ACCTACCGTACAGTAA-1,Eryth,0,CD14 Mono,0.3858458995819092,,0.060436233127059036,0.4,0.6800705194473267,0.15483362923157026
scvi_matched,PBMC5k_ACCTACCTCCAGTGCG-1,CD4 TCM,1,CD4 TCM,0.4077875018119812,,0.11008062007185482,0.0,0.8357570767402649,0.09723173082734488
scvi_matched,PBMC5k_ACCTGAAAGCGAGTCA-1,CD8 TEM,1,CD8 TEM,0.32029086351394653,,0.10084756125624827,0.19999999999999996,0.8893046379089355,0.25305467648508295
scvi_matched,PBMC5k_ACCTGAATCGTTCGCT-1,NK,1,NK,1.049041748046875e-05,,1.6189220463990166e-05,0.0,0.0013647525338456035,7.19058695363415e-05
scvi_matched,PBMC5k_ACCTGTCAGATTGAGT-1,CD8 Naive,1,CD8 Naive,0.04382145404815674,,0.03759131378304048,0.0,0.6584044098854065,0.20522080087169298
scvi_matched,PBMC5k_ACCTGTCAGCGCCTTG-1,B naive,1,B naive,0.11535203456878662,,0.12694059191163104,0.0,0.7641069889068604,0.11366132259588706
scvi_matched,PBMC5k_ACCTGTCGTGAATGTA-1,CD4 Naive,0,CD4 TCM,0.18916696310043335,,0.08223229681365651,0.0,0.775206446647644,0.037766247827119
scvi_matched,PBMC5k_ACCTGTCGTGCAATAA-1,CD4 TCM,1,CD4 TCM,0.3491424322128296,,0.043863250416002475,0.0,0.667973518371582,0.061554093287428883
scvi_matched,PBMC5k_ACGATCAAGACCAGCA-1,NK,1,NK,0.000800788402557373,,0.00017262560499801613,0.0,0.026471883058547974,0.002358792124024013
scvi_matched,PBMC5k_ACGATCAAGCGTATAA-1,MAIT,1,MAIT,0.1701977252960205,,0.015433751361286996,0.4,1.2183762788772583,0.19167825969370275
scvi_matched,PBMC5k_ACGATCACAGAGCCCT-1,CD14 Mono,1,CD14 Mono,0.00781393051147461,,0.02430731766468308,0.0,0.04383118078112602,0.0074188936991257315
scvi_matched,PBMC5k_ACGATCACATCACGGC-1,B intermediate,0,B memory,0.32766884565353394,,0.03870475062819434,0.4,0.8533042669296265,0.11337234169515249
scvi_matched,PBMC5k_ACGATGTAGCGTTGTT-1,CD8 TEM,1,CD8 TEM,0.368882417678833,,0.11564824937870855,0.4,1.5029933452606201,0.15998621037472605
scvi_matched,PBMC5k_ACGATGTAGTTGCATC-1,gdT,0,MAIT,0.5771766006946564,,0.17340028849079703,0.19999999999999996,1.3593641519546509,0.0327877543292441
scvi_matched,PBMC5k_ACGCACGAGGCCACCT-1,CD16 Mono,1,CD16 Mono,0.004428565502166748,,0.0013217425765156728,0.0,0.00424586609005928,0.000721703069070253
scvi_matched,PBMC5k_ACGCACGGTGTGTGGA-1,NK,1,NK,8.225440979003906e-05,,0.00017902031702148524,0.0,0.0065800100564956665,0.00039225165535327337
scvi_matched,PBMC5k_ACGCACGTCTCCGAAA-1,gdT,0,MAIT,0.47236084938049316,,0.13158370179144718,0.0,1.3311741352081299,0.04459448089030125
scvi_matched,PBMC5k_ACGGAAGTCTACTTCA-1,CD14 Mono,1,CD14 Mono,0.001918196678161621,,0.0008364199106083228,0.0,0.032545026391744614,0.001652447544525734
scvi_matched,PBMC5k_ACGGGTCGTGCGCTCA-1,CD14 Mono,1,CD14 Mono,0.00046455860137939453,,0.00022456862248461038,0.0,0.007921363227069378,0.0005381284324420841
scvi_matched,PBMC5k_ACGGGTCTCGTAGGAG-1,B naive,1,B naive,0.21001827716827393,,0.17134660592599638,0.19999999999999996,1.0270787477493286,0.2454288154737476
scvi_matched,PBMC5k_ACGGTCGGTGTTTGCA-1,CD4 Naive,1,CD4 Naive,0.07543236017227173,,0.010619283050066597,0.0,0.5117330551147461,0.07559576377201785
scvi_matched,PBMC5k_ACGGTCGTCTAAGAAG-1,Eryth,1,Eryth,0.2535545229911804,,0.01650524066850667,0.4,0.702908456325531,0.10430334844438591
scvi_matched,PBMC5k_ACGGTTAAGCGTGCTC-1,B naive,0,B intermediate,0.3691557049751282,,0.15919560258937748,0.4,1.1521307229995728,0.2244605938465536
scvi_matched,PBMC5k_ACGGTTAAGGTAGTCG-1,CD14 Mono,1,CD14 Mono,0.002937495708465576,,0.003046171916998814,0.0,0.0423281267285347,0.0035550369685449948
scvi_matched,PBMC5k_ACGTACAAGCACTAAA-1,B memory,1,B memory,0.24283689260482788,,0.09221306704248,0.0,0.4252678155899048,0.07227115168451918
scvi_matched,PBMC5k_ACGTACAAGCGACATG-1,CD14 Mono,1,CD14 Mono,0.0002765059471130371,,0.00013357886827028648,0.0,0.011035083793103695,0.0012126570189135751
scvi_matched,PBMC5k_ACGTACAAGTATGATG-1,CD4 TEM,1,CD4 TEM,0.27032870054244995,,0.06472717415372076,0.4,1.1985520124435425,0.13252839357683316
scvi_matched,PBMC5k_ACGTACACATTGCTTT-1,CD14 Mono,1,CD14 Mono,0.022876739501953125,,0.007056564345533672,0.0,0.19530212879180908,0.05008488276896435
scvi_matched,PBMC5k_ACGTACATCTGGGCAC-1,NK,1,NK,0.08855223655700684,,0.019640490923035936,0.4,0.8091914653778076,0.22803523965419056
scvi_matched,PBMC5k_ACGTAGTAGATCCCAT-1,CD4 TEM,1,CD4 TEM,0.43805140256881714,,0.06703281484311852,0.0,1.4425820112228394,0.13077704194658943
scvi_matched,PBMC5k_ACGTAGTAGCCGGATA-1,CD4 TEM,0,CD4 TCM,0.41673362255096436,,0.08093292055415247,0.19999999999999996,0.9582064747810364,0.16212873698328664
scvi_matched,PBMC5k_ACGTAGTCAACCCTCT-1,CD4 TCM,1,CD4 TCM,0.2384883165359497,,0.03491024696919509,0.0,0.8194936513900757,0.12682386411742036
scvi_matched,PBMC5k_ACGTAGTCAATTCACG-1,CD4 TCM,1,CD4 TCM,0.5827745497226715,,0.08560082489968368,0.0,0.8088979125022888,0.0875018214622251
scvi_matched,PBMC5k_ACGTAGTCAGGTTCAT-1,CD8 Naive,1,CD8 Naive,0.08789932727813721,,0.02633269733156407,0.0,0.07403048127889633,0.006117088169203193
scvi_matched,PBMC5k_ACGTAGTTCTAAGCCA-1,CD14 Mono,1,CD14 Mono,0.007674217224121094,,0.0025217916012783004,0.0,0.0442911833524704,0.0030183566080922387
scvi_matched,PBMC5k_ACGTCCTAGAAACTGT-1,CD14 Mono,1,CD14 Mono,0.014332413673400879,,0.0017149831761780684,0.0,0.09034928679466248,0.006626115854822645
scvi_matched,PBMC5k_ACGTCCTAGCACGTCC-1,CD4 TCM,1,CD4 TCM,0.060182273387908936,,0.011739235782609048,0.0,0.6121106147766113,0.07248153355629282
scvi_matched,PBMC5k_ACGTCCTAGTATTCCG-1,CD4 Naive,1,CD4 Naive,0.2067006230354309,,0.0934229741608874,0.0,0.8461596369743347,0.11713120767637246
scvi_matched,PBMC5k_ACGTCCTCACACTGGC-1,CD16 Mono,0,cDC2,0.5069995224475861,,0.1780104415465532,0.19999999999999996,0.9757657051086426,0.18947451698504592
scvi_matched,PBMC5k_ACGTCCTGTCCTGGTG-1,CD8 Naive,1,CD8 Naive,0.15412598848342896,,0.04091438423081495,0.0,0.5124958753585815,0.13904877892697085
scvi_matched,PBMC5k_ACGTCCTGTTATCCAG-1,CD14 Mono,1,CD14 Mono,0.0010146498680114746,,0.0013364287169071246,0.0,0.03150155022740364,0.0034020041169899153
scvi_matched,PBMC5k_ACGTCCTTCTTCACGC-1,CD14 Mono,1,CD14 Mono,0.0013523697853088379,,0.0033195862614182337,0.0,0.06525557488203049,0.006402450772127703
scvi_matched,PBMC5k_ACGTTCCAGGCTCACC-1,cDC2,1,cDC2,0.00011873245239257812,,3.578005208971255e-05,0.0,0.0004376182914711535,2.2485867843786833e-05
scvi_matched,PBMC5k_ACGTTCCAGTCAGCGA-1,CD14 Mono,1,CD14 Mono,0.023313164710998535,,0.006324317860178841,0.0,0.17867256700992584,0.02733656413683619
scvi_matched,PBMC5k_ACGTTCCGTATCGTAC-1,CD4 Naive,1,CD4 Naive,0.3609922528266907,,0.08045242158938215,0.19999999999999996,0.9381721019744873,0.13104012069126925
scvi_matched,PBMC5k_ACGTTCCTCCCGAGAC-1,CD4 TCM,1,CD4 TCM,0.4090702533721924,,0.09497750228478241,0.0,0.8792976140975952,0.11974725636246115
scvi_matched,PBMC5k_ACGTTCCTCGCTACAA-1,NK_CD56bright,0,MAIT,0.07212859392166138,,0.19843369895883478,0.0,0.7758520841598511,0.05978957913961667
scvi_matched,PBMC5k_ACTACGAAGACGTCGA-1,NK_CD56bright,1,NK_CD56bright,0.0074228644371032715,,0.004767968012860328,0.0,0.14578965306282043,0.015965925312498148
scvi_matched,PBMC5k_ACTACGAAGTCACGAG-1,CD4 Naive,1,CD4 Naive,0.6315913796424866,,0.14984560530568314,0.19999999999999996,0.9959347248077393,0.19404987434224016
scvi_matched,PBMC5k_ACTACGACAAATGCGG-1,CD4 Naive,1,CD4 Naive,0.03476351499557495,,0.11751193776192881,0.19999999999999996,1.0752168893814087,0.22781404452005058
scvi_matched,PBMC5k_ACTACGACACATACGT-1,CD14 Mono,1,CD14 Mono,0.002916395664215088,,0.0008808659802834427,0.0,0.022340046241879463,0.002662159048033917
scvi_matched,PBMC5k_ACTACGAGTAACACGG-1,B intermediate,1,B intermediate,0.26562559604644775,,0.04534274197169136,0.0,0.4298689365386963,0.05315288165345615
scvi_matched,PBMC5k_ACTACGAGTCCTGGGT-1,CD8 TEM,0,dnT,0.6492136716842651,,0.2903462557376597,0.6,1.5014102458953857,0.1936655656604691
scvi_matched,PBMC5k_ACTACGATCGCTGTCT-1,NK,1,NK,0.014092803001403809,,0.06766466940541,0.0,0.7031605839729309,0.11681771892017737
scvi_matched,PBMC5k_ACTATCTGTCACTTCC-1,ILC,0,CD4 TCM,0.5482951104640961,,0.13312393816336487,0.0,1.0829025506973267,0.05803777847083018
scvi_matched,PBMC5k_ACTATGGAGCATTGAA-1,CD4 TCM,1,CD4 TCM,0.41490185260772705,,0.16882019796458092,0.0,1.3624365329742432,0.1668011381588795
scvi_matched,PBMC5k_ACTATGGTCAGGACGA-1,NK_CD56bright,1,NK_CD56bright,0.129987895488739,,0.055686772214351365,0.19999999999999996,0.906226634979248,0.21252239049072127
scvi_matched,PBMC5k_ACTATTCCATTGCTTT-1,Eryth,0,CD14 Mono,0.3875875473022461,,0.09662606929364581,0.4,0.6957498788833618,0.1479924749835524
scvi_matched,PBMC5k_ACTATTCTCTTAAGGC-1,NK,1,NK,0.00019162893295288086,,0.00036727416773811323,0.0,0.02364678867161274,0.0027469164023705907
scvi_matched,PBMC5k_ACTCCCAAGATCACCT-1,CD14 Mono,1,CD14 Mono,0.0007802248001098633,,0.0005654002913388721,0.0,0.01364646665751934,0.0017651084708951985
scvi_matched,PBMC5k_ACTCCCAAGCCTCTCT-1,CD4 Naive,1,CD4 Naive,0.22890454530715942,,0.04547059380438717,0.0,0.8535921573638916,0.12809735667830469
scvi_matched,PBMC5k_ACTCCCAAGGTAGTAT-1,ILC,1,ILC,0.5840014219284058,,0.04342816205436684,0.0,0.9069828987121582,0.0954952427305129
scvi_matched,PBMC5k_ACTCCCACAGCGAGTA-1,CD14 Mono,1,CD14 Mono,0.2160288691520691,,0.13386581637328204,0.4,0.7316730618476868,0.1284840285163813
scvi_matched,PBMC5k_ACTCCCACAGGCTTGC-1,CD4 Naive,0,CD4 TCM,0.18333518505096436,,0.07996687184463647,0.0,1.184450387954712,0.07237506694776377
scvi_matched,PBMC5k_ACTCCCAGTCCAGTTA-1,CD4 TCM,1,CD4 TCM,0.4084630012512207,,0.15261268978063014,0.0,1.0158497095108032,0.09648522572760011
scvi_matched,PBMC5k_ACTCCCAGTGACCGTC-1,CD4 TCM,0,CD4 Naive,0.23088479042053223,,0.1477339481224128,0.4,1.0930311679840088,0.01780077661685853
scvi_matched,PBMC5k_ACTCCCATCGTAACAC-1,CD14 Mono,1,CD14 Mono,0.01217508316040039,,0.0017393978598824467,0.0,0.017288977280259132,0.0013266329115702148
scvi_matched,PBMC5k_ACTCTCGAGCAGTAAT-1,CD4 Naive,1,CD4 Naive,0.07851946353912354,,0.021737372187878523,0.0,0.34416618943214417,0.038850718966351255
scvi_matched,PBMC5k_ACTCTCGCAAGAATAC-1,CD4 TEM,1,CD4 TEM,0.04641455411911011,,0.030851379697270642,0.0,0.6791304349899292,0.13862840123241627
scvi_matched,PBMC5k_ACTCTCGTCTATCGTT-1,CD4 Naive,0,CD4 TCM,0.43429064750671387,,0.3412212349816768,0.6,1.47855806350708,0.149656440337037
scvi_matched,PBMC5k_ACTGATGCACTCCTTG-1,NK,1,NK,0.0003490447998046875,,8.76731488396636e-05,0.0,0.04204917326569557,0.00876782372264711
scvi_matched,PBMC5k_ACTGATGTCGCAGAGA-1,CD14 Mono,1,CD14 Mono,0.005724132061004639,,0.0013610324959374906,0.0,0.02737107314169407,0.0028347438354313
scvi_matched,PBMC5k_ACTGCAACAAACTCGT-1,CD14 Mono,1,CD14 Mono,0.0005971193313598633,,0.00023850181663223006,0.0,0.011090178042650223,0.0007907772825234014
scvi_matched,PBMC5k_ACTGCAATCAAGATAG-1,CD4 Naive,1,CD4 Naive,0.36337846517562866,,0.12589848237814683,0.0,1.1078163385391235,0.0633091529592693
scvi_matched,PBMC5k_ACTGCAATCGGTGCAC-1,CD4 TCM,1,CD4 TCM,0.4249509572982788,,0.07674556682995926,0.19999999999999996,1.0875422954559326,0.13394212953751755
scvi_matched,PBMC5k_ACTGTCCAGCCTCATA-1,CD4 TEM,0,CD8 TCM,0.033275485038757324,,0.3343612656843503,0.19999999999999996,1.0858607292175293,0.03778731583341121
scvi_matched,PBMC5k_ACTGTCCAGGATGCGT-1,CD4 TCM,1,CD4 TCM,0.43125635385513306,,0.16872086686288523,0.0,1.1053285598754883,0.05957515580527129
scvi_matched,PBMC5k_ACTGTCCCACAACGAG-1,CD4 TEM,1,CD4 TEM,0.21780157089233398,,0.08300674013547837,0.0,1.1222504377365112,0.08708661326958936
scvi_matched,PBMC5k_ACTGTCCGTACGATCT-1,CD8 TEM,1,CD8 TEM,0.5092784464359283,,0.2301269029811771,0.0,0.8072054386138916,0.08074740579765365
scvi_matched,PBMC5k_ACTGTCCGTACTTGTG-1,CD14 Mono,1,CD14 Mono,0.00012373924255371094,,0.00017349657192678326,0.0,0.005582968704402447,0.0006171185005586698
scvi_matched,PBMC5k_ACTGTCCGTAGAATAC-1,B memory,1,B memory,0.03329521417617798,,0.013372310189253084,0.0,0.3020864427089691,0.03469727773387927
scvi_matched,PBMC5k_ACTGTCCGTTACGATC-1,CD4 Naive,1,CD4 Naive,0.06317025423049927,,0.18162937870891793,0.19999999999999996,0.8880905508995056,0.10305014772956742
scvi_matched,PBMC5k_ACTGTCCTCGACCAAT-1,NK_CD56bright,1,NK_CD56bright,0.485251247882843,,0.07351706369743316,0.4,1.1317722797393799,0.2549003752476942
scvi_matched,PBMC5k_ACTGTGACACAAATGA-1,cDC2,0,CD14 Mono,0.13254743814468384,,0.17071597315127118,0.19999999999999996,1.09084951877594,0.14893315460262932
scvi_matched,PBMC5k_ACTGTGACACACAGCC-1,CD14 Mono,1,CD14 Mono,0.0013717412948608398,,0.0016112464331923919,0.0,0.058459825813770294,0.007732166130165909
scvi_matched,PBMC5k_ACTGTGACACGGTGAA-1,CD14 Mono,1,CD14 Mono,0.0018962621688842773,,0.00045611195841639696,0.0,0.015270492993295193,0.0011486044970756377
scvi_matched,PBMC5k_ACTGTGATCGAGAAGC-1,CD4 Naive,1,CD4 Naive,0.20340079069137573,,0.0487677408152829,0.0,0.7666376233100891,0.0611614760826239
scvi_matched,PBMC5k_ACTTAGGAGGGAGGGT-1,Eryth,0,CD14 Mono,0.17026954889297485,,0.007957476477015168,0.0,0.3470644950866699,0.07125372314688694
scvi_matched,PBMC5k_ACTTAGGCAGTGACCC-1,CD14 Mono,1,CD14 Mono,0.0008954405784606934,,0.000276676740985745,0.0,0.03126567229628563,0.0030345163891958415
scvi_matched,PBMC5k_ACTTAGGGTACCATAC-1,NK,1,NK,0.026230335235595703,,0.00520854593373582,0.0,0.2430245727300644,0.025214122713202173
scvi_matched,PBMC5k_ACTTATCCAAGCAATA-1,ILC,0,CD4 TCM,0.2327137589454651,,0.04581573921068827,0.19999999999999996,0.7580962777137756,0.035136730986773584
scvi_matched,PBMC5k_ACTTATCCATATGCGT-1,CD8 TEM,0,CD4 TEM,0.32879072427749634,,0.23429069022886218,0.0,1.381522297859192,0.10041654402997152
scvi_matched,PBMC5k_ACTTATCTCTCGTGGG-1,CD4 TCM,1,CD4 TCM,0.26064181327819824,,0.03029398696117669,0.0,0.8660281300544739,0.09727886189801879
scvi_matched,PBMC5k_ACTTATCTCTCTAAGG-1,CD4 TCM,1,CD4 TCM,0.054524004459381104,,0.010031781618977859,0.0,0.35302597284317017,0.03577619713810036
scvi_matched,PBMC5k_ACTTCCGGTTCTGACA-1,CD4 TCM,0,CD4 Naive,0.4041231870651245,,0.13601752915654708,0.19999999999999996,1.0236046314239502,0.12473709453357638
scvi_matched,PBMC5k_ACTTCGCAGGTGGTTG-1,CD8 TEM,1,CD8 TEM,0.2844125032424927,,0.062043357384310494,0.0,0.8863589763641357,0.16313605270506173
scvi_matched,PBMC5k_ACTTCGCCACTGGACC-1,CD4 Naive,1,CD4 Naive,0.3220973610877991,,0.1930446490216906,0.4,1.358145833015442,0.24840995557352735
scvi_matched,PBMC5k_ACTTCGCCATTGGGAG-1,CD14 Mono,1,CD14 Mono,0.2785465121269226,,0.06306190044867743,0.19999999999999996,0.8795477747917175,0.2034720903161436
scvi_matched,PBMC5k_ACTTCGCTCTATCACT-1,CD14 Mono,1,CD14 Mono,0.006913602352142334,,0.002195875094475861,0.0,0.03667385131120682,0.003727289677161935
scvi_matched,PBMC5k_ACTTTCAAGTTTCAGC-1,CD14 Mono,1,CD14 Mono,0.011845111846923828,,0.002273663021903183,0.0,0.05471330136060715,0.0026503587828275274
scvi_matched,PBMC5k_ACTTTCACACACAGAG-1,Treg,0,CD4 Naive,0.18100565671920776,,0.12481780033994128,0.19999999999999996,1.263096570968628,0.017947063911897404
scvi_matched,PBMC5k_ACTTTCACATAGCACT-1,CD14 Mono,1,CD14 Mono,0.002023041248321533,,0.0006146077149511986,0.0,0.03324764594435692,0.001735828386469881
scvi_matched,PBMC5k_ACTTTCATCCCGAGTG-1,CD4 Naive,0,CD4 TCM,0.5300778746604919,,0.2554514076744645,0.0,0.8817151188850403,0.11668461390639848
scvi_matched,PBMC5k_ACTTTGTAGTGATGGC-1,CD16 Mono,1,CD16 Mono,0.07300925254821777,,0.015405605586769566,0.0,0.07386849075555801,0.010338781961968201
scvi_matched,PBMC5k_ACTTTGTCAGATAAAC-1,CD4 TCM,1,CD4 TCM,0.005187034606933594,,0.005254544919409104,0.0,0.17692780494689941,0.017154969462714012
scvi_matched,PBMC5k_ACTTTGTCAGGAGGTT-1,CD4 Naive,1,CD4 Naive,0.3893687129020691,,0.06831619950707846,0.0,1.124123454093933,0.04557500364847934
scvi_matched,PBMC5k_ACTTTGTGTTGTGGCC-1,cDC2,1,cDC2,0.049433231353759766,,0.009790724124292105,0.0,0.052204858511686325,0.00177534863398696
scvi_matched,PBMC5k_AGAAATGAGGCTGAAC-1,CD14 Mono,1,CD14 Mono,0.15721875429153442,,0.12539588162741722,0.4,0.9475576281547546,0.16893029632082815
scvi_matched,PBMC5k_AGAAATGAGTTAGTAG-1,CD14 Mono,1,CD14 Mono,0.0017123818397521973,,0.00044466399338506137,0.0,0.026631483808159828,0.0032397254686932146
scvi_matched,PBMC5k_AGAAATGCATGACTTG-1,NK,1,NK,0.00116044282913208,,0.00027521856730807447,0.0,0.0350458063185215,0.003372735246363337
scvi_matched,PBMC5k_AGAACCTAGAGAAGGT-1,CD4 Naive,0,CD4 TCM,0.16392076015472412,,0.07115570937951388,0.0,0.9077933430671692,0.04815473850582838
scvi_matched,PBMC5k_AGAACCTAGTTTGTCG-1,CD4 TEM,1,CD4 TEM,0.4911402463912964,,0.10818579467575773,0.0,1.0179976224899292,0.09267600934890968
scvi_matched,PBMC5k_AGAACCTCAAGAGTAT-1,CD14 Mono,1,CD14 Mono,0.00022429227828979492,,0.0003471395798864633,0.0,0.006422326900064945,0.0003989657998483371
scvi_matched,PBMC5k_AGAAGCGCACAGTGAG-1,CD14 Mono,1,CD14 Mono,0.004450321197509766,,0.034166737005299014,0.0,0.06347564607858658,0.008747325532576185
scvi_matched,PBMC5k_AGAAGCGCATGGGTCC-1,gdT,0,MAIT,0.03935748338699341,,0.01259381526375386,0.0,0.5891983509063721,0.02662704435477854
scvi_matched,PBMC5k_AGAAGCGGTCTAGGTT-1,CD14 Mono,1,CD14 Mono,0.03160136938095093,,0.029341307618872936,0.0,0.18603119254112244,0.021880988304257103
scvi_matched,PBMC5k_AGAAGTAAGGAGTACC-1,CD14 Mono,1,CD14 Mono,0.007931709289550781,,0.0013830255654463872,0.0,0.08447534590959549,0.011554401980399765
scvi_matched,PBMC5k_AGAAGTACAATTGAAG-1,NK,1,NK,0.005533874034881592,,0.012281340574723285,0.0,0.22105728089809418,0.03704456443696721
scvi_matched,PBMC5k_AGAAGTATCTGCTAGA-1,MAIT,0,CD4 TEM,0.464272141456604,,0.05441016011706912,0.4,1.072396993637085,0.16848876026379328
scvi_matched,PBMC5k_AGACAAACAAGTGTCT-1,CD14 Mono,1,CD14 Mono,0.0009617805480957031,,0.00031612871358219913,0.0,0.01196596771478653,0.0008049446224923394
scvi_matched,PBMC5k_AGACAAATCTCGTCGT-1,CD14 Mono,1,CD14 Mono,0.0012777447700500488,,0.0003018346061404789,0.0,0.01261426042765379,0.0009041924828121473
scvi_matched,PBMC5k_AGACACTAGCAGCCCT-1,NK,1,NK,0.001956343650817871,,0.020387306323988247,0.19999999999999996,0.6060703992843628,0.23927523414286647
scvi_matched,PBMC5k_AGACACTAGCGCAATG-1,CD4 Naive,0,CD4 TCM,0.43756622076034546,,0.17658507862385409,0.4,1.4931129217147827,0.08974901791663498
scvi_matched,PBMC5k_AGACACTAGTGCCTCG-1,gdT,0,CD4 TEM,0.6831632256507874,,0.1688328841245028,0.0,1.485515832901001,0.10580657641695577
scvi_matched,PBMC5k_AGACACTGTCTAATCG-1,CD4 TCM,0,CD4 Naive,0.4998118281364441,,0.09846159162326018,0.19999999999999996,0.9259240627288818,0.15972732957848979
scvi_matched,PBMC5k_AGACACTTCTGAATGC-1,CD14 Mono,1,CD14 Mono,0.0009049177169799805,,0.0025237126000424333,0.0,0.031586602330207825,0.0034431907663812563
scvi_matched,PBMC5k_AGACAGGAGAGAATCT-1,CD14 Mono,1,CD14 Mono,0.21097731590270996,,0.01497649861704492,0.0,0.6529280543327332,0.1586277628495187
scvi_matched,PBMC5k_AGACAGGAGGGAGGTG-1,CD8 TCM,0,CD4 TEM,0.45460188388824463,,0.10881294332017166,0.4,1.5335700511932373,0.059829989938162936
scvi_matched,PBMC5k_AGACAGGCAGCAGAAC-1,CD4 Naive,1,CD4 Naive,0.30095410346984863,,0.1268208763332197,0.0,1.3371669054031372,0.10376222688981787
scvi_matched,PBMC5k_AGACCATAGAACCGCA-1,NK,1,NK,1.1205673217773438e-05,,0.00011035004838723644,0.0,0.00602137204259634,0.00039598012894121213
scvi_matched,PBMC5k_AGACCATCACCGGTCA-1,ILC,0,CD4 TCM,0.38641244173049927,,0.018376843203351423,0.19999999999999996,0.8496919274330139,0.11837831984723664
scvi_matched,PBMC5k_AGACCATCATTACTCT-1,CD16 Mono,0,CD14 Mono,0.5011284351348877,,0.22644017293199903,0.4,0.6846275925636292,0.24923872476029835
scvi_matched,PBMC5k_AGACCATGTTGTCATG-1,CD14 Mono,1,CD14 Mono,0.015080690383911133,,0.010117815396991858,0.0,0.1870681494474411,0.01951756784066917
scvi_matched,PBMC5k_AGACCATTCCTGTAGA-1,B memory,0,B intermediate,0.3269438147544861,,0.23901831792779182,0.19999999999999996,1.2398804426193237,0.0632236791449998
scvi_matched,PBMC5k_AGACCATTCTTACCAT-1,B naive,1,B naive,0.23797744512557983,,0.03338602247709804,0.0,0.6256813406944275,0.15786682628986115
scvi_matched,PBMC5k_AGACCCGAGCTGACAG-1,NK,1,NK,0.0007326006889343262,,0.0001980236989548986,0.0,0.017090851441025734,0.0017202600079431595
scvi_matched,PBMC5k_AGACCCGAGGTCTGGA-1,B memory,1,B memory,0.05975693464279175,,0.01453399494182972,0.0,0.35789504647254944,0.07052430568045363
scvi_matched,PBMC5k_AGACCCGCAGAACATA-1,CD8 TCM,1,CD8 TCM,0.32621389627456665,,0.2549788259417375,0.4,1.271283745765686,0.17040772447084787
scvi_matched,PBMC5k_AGACCCGGTGGTTTGT-1,Treg,0,CD4 TEM,0.54381063580513,,0.4100705988561786,0.8,1.9547182321548462,0.07729509951032498
scvi_matched,PBMC5k_AGACCCGTCCGAAATC-1,CD14 Mono,1,CD14 Mono,0.0012573599815368652,,0.0004083154994794537,0.0,0.008875906467437744,0.000502780355412107
scvi_matched,PBMC5k_AGACTCACATGTCTAG-1,CD14 Mono,1,CD14 Mono,0.0037413835525512695,,0.0016171810067402113,0.0,0.018018687143921852,0.001013731315141977
scvi_matched,PBMC5k_AGACTCAGTCCTTGTC-1,CD14 Mono,1,CD14 Mono,0.017086803913116455,,0.003033264672799768,0.0,0.03724873438477516,0.0049426208457911585
scvi_matched,PBMC5k_AGACTCATCTTGCGCT-1,Eryth,0,CD14 Mono,0.25499653816223145,,0.13975181875580256,0.0,0.544610857963562,0.06989756025602158
scvi_matched,PBMC5k_AGAGAATAGAGCAAGA-1,CD14 Mono,1,CD14 Mono,0.002112448215484619,,0.0007766979570621654,0.0,0.011847235262393951,0.0010016204309952603
scvi_matched,PBMC5k_AGAGAATCAAGCGCTC-1,CD14 Mono,1,CD14 Mono,0.0011368989944458008,,0.0029666043063487427,0.0,0.01525324210524559,0.0015711311359803608
scvi_matched,PBMC5k_AGAGAATGTGTTTACG-1,CD4 TCM,1,CD4 TCM,0.40191084146499634,,0.07459559857335862,0.0,0.7650393843650818,0.08476279021006283
scvi_matched,PBMC5k_AGAGAGCCAAGTATCC-1,B naive,0,B intermediate,0.40593403577804565,,0.181671262894259,0.0,0.6351466774940491,0.16835882989768505
scvi_matched,PBMC5k_AGAGAGCGTATATGGA-1,CD8 TEM,1,CD8 TEM,0.6287792026996613,,0.14942269226718752,0.6,1.4885298013687134,0.19336499794466763
scvi_matched,PBMC5k_AGAGAGCTCGGTCGGT-1,CD4 Naive,1,CD4 Naive,0.383833110332489,,0.07318246140641993,0.4,0.9206191301345825,0.1463859527637567
scvi_matched,PBMC5k_AGAGCAGAGGTAAGAG-1,CD4 TCM,1,CD4 TCM,0.4516370892524719,,0.14700287548285562,0.0,1.3640267848968506,0.14369908845492618
scvi_matched,PBMC5k_AGAGCAGCAATAACGA-1,Treg,0,CD4 TCM,0.6943472921848297,,0.19348069110533062,0.6,1.484736442565918,0.06258763342459547
scvi_matched,PBMC5k_AGAGCAGCAATGAACA-1,CD8 Naive,1,CD8 Naive,0.3364308476448059,,0.08393557127050522,0.0,0.6983978152275085,0.05862960262264506
scvi_matched,PBMC5k_AGAGCAGCACAACATC-1,CD14 Mono,1,CD14 Mono,0.0005079507827758789,,0.0003809159764234186,0.0,0.009896322153508663,0.0014961839076031997
scvi_matched,PBMC5k_AGAGCAGCACAGCTGC-1,CD16 Mono,1,CD16 Mono,0.0024283528327941895,,0.0004639145855812408,0.0,0.004349880386143923,0.0006250418906678868
scvi_matched,PBMC5k_AGAGCAGCATCCTAAG-1,B intermediate,1,B intermediate,0.36191803216934204,,0.03818342419423415,0.0,0.6762819886207581,0.07837113666173531
scvi_matched,PBMC5k_AGAGCAGGTCGAACAG-1,ILC,0,CD4 TCM,0.33999305963516235,,0.07740475426612026,0.0,1.2688753604888916,0.057434219561936235
scvi_matched,PBMC5k_AGAGCAGGTGGCATCC-1,Treg,0,ILC,0.5157047808170319,,0.21492197762997223,0.0,1.2167750597000122,0.06147503184964004
scvi_matched,PBMC5k_AGAGCCCAGATTCGCT-1,CD4 TEM,1,CD4 TEM,0.05207341909408569,,0.025791580433265016,0.0,0.9535870552062988,0.10239543412646564
scvi_matched,PBMC5k_AGAGCCCAGCACTTTG-1,cDC2,1,cDC2,0.006324589252471924,,0.0017411136253822693,0.0,0.005612613633275032,0.0003074610753536278
scvi_matched,PBMC5k_AGAGCCCCAGCAGGAT-1,CD4 TEM,1,CD4 TEM,0.5789527297019958,,0.11232592251026396,0.19999999999999996,1.397295594215393,0.06706670422949926
scvi_matched,PBMC5k_AGAGCCCCAGTCAGTT-1,CD8 Naive,1,CD8 Naive,0.3648608922958374,,0.05955929269977467,0.0,0.6510999798774719,0.14947494195454347
scvi_matched,PBMC5k_AGATAGACAAATTGGA-1,ILC,0,CD4 TEM,0.4818965792655945,,0.025763539820145898,0.19999999999999996,1.004469394683838,0.14792342449337378
scvi_matched,PBMC5k_AGATAGACAACTAGAA-1,NK,1,NK,0.0031107068061828613,,0.0013075092737257071,0.0,0.06599053740501404,0.007355116589436151
scvi_matched,PBMC5k_AGATAGACAAGCAGGT-1,CD14 Mono,1,CD14 Mono,0.0016725659370422363,,0.000570625122984874,0.0,0.07300308346748352,0.010851534581995542
scvi_matched,PBMC5k_AGATAGACAATCAAGA-1,CD14 Mono,1,CD14 Mono,0.00038808584213256836,,0.00023939622038261603,0.0,0.008817233145236969,0.0009036177249807043
scvi_matched,PBMC5k_AGATAGAGTGGTTTGT-1,CD14 Mono,1,CD14 Mono,0.0037758350372314453,,0.003357211859543678,0.0,0.029661407694220543,0.0014730033854410882
scvi_matched,PBMC5k_AGATAGATCGGTGTTA-1,CD4 Naive,1,CD4 Naive,0.2504958510398865,,0.0727335113883174,0.19999999999999996,1.1223809719085693,0.05610293172072708
scvi_matched,PBMC5k_AGATCCAGTGGTCCCA-1,NK_CD56bright,1,NK_CD56bright,0.05179041624069214,,0.011414274352104875,0.0,0.6265454292297363,0.18820937398022514
scvi_matched,PBMC5k_AGATCCAGTTCGCGTG-1,CD14 Mono,1,CD14 Mono,0.000316619873046875,,0.0005517224388321678,0.0,0.008024598471820354,0.0006681115103545017
scvi_matched,PBMC5k_AGATCCATCTTCTCAA-1,gdT,0,MAIT,0.4324765205383301,,0.22048821686075115,0.4,1.1617109775543213,0.16863202911280495
scvi_matched,PBMC5k_AGATCGTCAGTCTCTC-1,cDC2,1,cDC2,0.12916022539138794,,0.014866484944399294,0.0,0.38195669651031494,0.08548212828858814
scvi_matched,PBMC5k_AGATCGTCATGTACGT-1,CD14 Mono,1,CD14 Mono,0.11795562505722046,,0.028371218794831787,0.0,0.537482500076294,0.050884488602894844
scvi_matched,PBMC5k_AGATCGTCATTGACCA-1,CD4 Naive,1,CD4 Naive,0.414309561252594,,0.11435022182911281,0.4,1.0271724462509155,0.13801972450744604
scvi_matched,PBMC5k_AGATCGTTCTAACACG-1,cDC2,1,cDC2,0.002829611301422119,,0.0006419426959468986,0.0,0.015577406622469425,0.0017289244980972802
scvi_matched,PBMC5k_AGATGAAAGTGTCATC-1,CD14 Mono,1,CD14 Mono,0.001721501350402832,,0.0032098014480838044,0.0,0.07578855007886887,0.0066450496027684585
scvi_matched,PBMC5k_AGATGAACAACTTCTT-1,CD14 Mono,1,CD14 Mono,0.02505582571029663,,0.00999943676321663,0.0,0.19649846851825714,0.019217643117963115
scvi_matched,PBMC5k_AGATGAACATACAGGG-1,CD16 Mono,1,CD16 Mono,0.0003376007080078125,,0.00010661813353742564,0.0,0.0005756233585998416,5.978511192835137e-05
scvi_matched,PBMC5k_AGATGAAGTAGAGATT-1,CD4 TCM,1,CD4 TCM,0.2783116102218628,,0.03690093330283406,0.0,0.6373636722564697,0.057002961166906306
scvi_matched,PBMC5k_AGATGAATCCAGTGCG-1,CD14 Mono,1,CD14 Mono,0.0003650188446044922,,0.0007738211582319007,0.0,0.01940269209444523,0.0018099331187901896
scvi_matched,PBMC5k_AGATGAATCCGTGGGT-1,cDC2,1,cDC2,0.28301745653152466,,0.08692952370803497,0.19999999999999996,0.7292759418487549,0.1291104777443632
scvi_matched,PBMC5k_AGATGAATCGACGCGT-1,CD14 Mono,1,CD14 Mono,0.001279294490814209,,0.000522280279752263,0.0,0.03975088149309158,0.005880099679169946
scvi_matched,PBMC5k_AGATGAATCGTGGACC-1,gdT,1,gdT,0.5051031112670898,,0.06987885935023552,0.4,1.4996964931488037,0.09168870875772933
scvi_matched,PBMC5k_AGATGCTCAAGGGTCA-1,CD8 TEM,1,CD8 TEM,0.6855732500553131,,0.17600906895786061,0.19999999999999996,1.2439053058624268,0.12291890692718513
scvi_matched,PBMC5k_AGATGCTTCCAAACCA-1,B intermediate,1,B intermediate,0.32729077339172363,,0.11537222290278326,0.19999999999999996,1.0220048427581787,0.05828741965672344
scvi_matched,PBMC5k_AGATGCTTCGGTAACT-1,B intermediate,1,B intermediate,0.261293888092041,,0.23531855797168033,0.4,0.9804127216339111,0.17133144021190366
scvi_matched,PBMC5k_AGCATCAAGTCTGGTT-1,CD8 Naive,1,CD8 Naive,0.45633435249328613,,0.0904955557012852,0.0,0.9220709204673767,0.1029080513101603
scvi_matched,PBMC5k_AGCATCACAATTGTGC-1,CD14 Mono,1,CD14 Mono,0.4530954360961914,,0.020912755801093086,0.19999999999999996,0.8183231949806213,0.14712449872704775
scvi_matched,PBMC5k_AGCATCACACAGAGCA-1,CD4 TCM,1,CD4 TCM,0.4572945237159729,,0.07981307228450574,0.0,0.6183257102966309,0.08710431925542077
scvi_matched,PBMC5k_AGCATCAGTGTCTAAC-1,CD14 Mono,1,CD14 Mono,0.2781241536140442,,0.09598173636645846,0.4,0.7255368232727051,0.14906884019315453
scvi_matched,PBMC5k_AGCATCAGTTGGGAAC-1,CD14 Mono,1,CD14 Mono,0.0014328956604003906,,0.0016667152374131161,0.0,0.011330976150929928,0.0011776242001398706
scvi_matched,PBMC5k_AGCCAATAGATGTTCC-1,B naive,1,B naive,0.2748824954032898,,0.04840487951913075,0.4,0.9850362539291382,0.179384516036139
scvi_matched,PBMC5k_AGCCAATCAAGCGCTC-1,CD4 TCM,1,CD4 TCM,0.1850452423095703,,0.018452324441384116,0.0,0.6192482709884644,0.07284640111624147
scvi_matched,PBMC5k_AGCCAATCACAAACGG-1,CD14 Mono,1,CD14 Mono,0.0014870762825012207,,0.00041752997639263843,0.0,0.008807547390460968,0.0008467185352602242
scvi_matched,PBMC5k_AGCCAATCACCAGCCA-1,CD14 Mono,1,CD14 Mono,0.002066373825073242,,0.018891969144670062,0.0,0.030765321105718613,0.002258990727675384
scvi_matched,PBMC5k_AGCCAATCACGAGGTA-1,CD14 Mono,1,CD14 Mono,0.001432180404663086,,0.0005178067459494333,0.0,0.028820157051086426,0.002295970133965003
scvi_matched,PBMC5k_AGCCACGAGAACTGAT-1,CD4 Naive,1,CD4 Naive,0.55873042345047,,0.1302621301589626,0.4,1.2921500205993652,0.1537208269793951
scvi_matched,PBMC5k_AGCCACGCAGCTTCCT-1,CD14 Mono,1,CD14 Mono,0.018963336944580078,,0.07102153268623884,0.0,0.06444892287254333,0.002452167982734773
scvi_matched,PBMC5k_AGCCAGCAGACAGCTG-1,Treg,0,CD4 TCM,0.10308915376663208,,0.09146110382627604,0.0,0.9003026485443115,0.025650082280671668
scvi_matched,PBMC5k_AGCCAGCAGATAACAC-1,CD14 Mono,1,CD14 Mono,0.008189082145690918,,0.0026293349529634864,0.0,0.026375453919172287,0.0026928334726210347
scvi_matched,PBMC5k_AGCCAGCAGTGCTCAT-1,CD4 TEM,1,CD4 TEM,0.22387534379959106,,0.09755834282774667,0.0,0.6459214091300964,0.10485220977299457
scvi_matched,PBMC5k_AGCCAGCCAATACGCT-1,B intermediate,1,B intermediate,0.05234283208847046,,0.07260814519582925,0.0,0.5408122539520264,0.07602802340093441
scvi_matched,PBMC5k_AGCCAGCGTGGTTCTA-1,CD4 Naive,1,CD4 Naive,0.017513394355773926,,0.005976194030597043,0.0,0.26003140211105347,0.018492212527356465
scvi_matched,PBMC5k_AGCGATTAGAGTGTTA-1,CD4 Naive,1,CD4 Naive,0.3013489246368408,,0.09315459458553876,0.19999999999999996,1.32875657081604,0.11754630521322733
scvi_matched,PBMC5k_AGCGATTCAGGCCTGT-1,ILC,1,ILC,0.7086165249347687,,0.48578459442020794,0.4,1.7333019971847534,0.1827704699456739
scvi_matched,PBMC5k_AGCGATTGTCCTGTTC-1,B naive,0,B intermediate,0.3568052649497986,,0.17219129328987254,0.0,0.9020107388496399,0.17464413622349576
scvi_matched,PBMC5k_AGCGATTGTCGTATGT-1,CD4 Naive,1,CD4 Naive,0.14324641227722168,,0.13890934861147297,0.4,1.2981902360916138,0.14971998513279186
scvi_matched,PBMC5k_AGCGATTTCCGAAGGA-1,B naive,0,B intermediate,0.3182946443557739,,0.14107184246871957,0.19999999999999996,0.88008052110672,0.1376360060919221
scvi_matched,PBMC5k_AGCGATTTCCTTTGAT-1,CD4 TCM,1,CD4 TCM,0.018022775650024414,,0.004163044431211738,0.0,0.27663010358810425,0.047430362498873425
scvi_matched,PBMC5k_AGCGATTTCGAGGCAA-1,cDC2,1,cDC2,0.0003381967544555664,,0.00019374174886905128,0.0,0.007088149897754192,0.0003924615584756431
scvi_matched,PBMC5k_AGCGATTTCGTACCTC-1,CD14 Mono,1,CD14 Mono,0.0022144317626953125,,0.002028505948313386,0.0,0.053298912942409515,0.005842191406684764
scvi_matched,PBMC5k_AGCGATTTCGTGGCGT-1,CD4 Naive,1,CD4 Naive,0.3801676630973816,,0.09083031614790138,0.19999999999999996,1.1534444093704224,0.17226701497901487
scvi_matched,PBMC5k_AGCGCCAAGCGATGAC-1,gdT,1,gdT,0.49421095848083496,,0.06051652149416087,0.0,0.8465011119842529,0.1146582127486812
scvi_matched,PBMC5k_AGCGCCAGTACCTTCC-1,gdT,0,NK,0.5761185586452484,,0.1757833749085871,0.0,0.9386342763900757,0.0354468038222913
scvi_matched,PBMC5k_AGCGCCATCGGCCTTT-1,CD14 Mono,1,CD14 Mono,0.000971674919128418,,0.0015772126792031986,0.0,0.023980051279067993,0.004394194710718597
scvi_matched,PBMC5k_AGCGCTGCACTTTATC-1,CD4 TCM,0,CD4 Naive,0.22942852973937988,,0.14916464205014823,0.4,1.3275659084320068,0.13839392942950982
scvi_matched,PBMC5k_AGCGCTGCATGAAGGC-1,CD4 TCM,1,CD4 TCM,0.05971306562423706,,0.02250611430406274,0.0,0.3693409264087677,0.013270366520969542
scvi_matched,PBMC5k_AGCGCTGGTACCGTGC-1,CD14 Mono,1,CD14 Mono,0.022302329540252686,,0.00530748489016078,0.0,0.1661037653684616,0.03268146507155662
scvi_matched,PBMC5k_AGCGCTGTCTTACCAT-1,CD4 TEM,1,CD4 TEM,0.125186026096344,,0.1759486566916859,0.0,1.0674288272857666,0.10807387534775853
scvi_matched,PBMC5k_AGCGTATAGCAGGCTA-1,Eryth,0,CD14 Mono,0.044885873794555664,,0.02003898889971467,0.0,0.35108596086502075,0.0658859410987601
scvi_matched,PBMC5k_AGCGTATCACTATGTG-1,CD14 Mono,1,CD14 Mono,0.07069206237792969,,0.014792990856745625,0.0,0.5002574324607849,0.07042315047473205
scvi_matched,PBMC5k_AGCGTATTCGCTGATA-1,CD14 Mono,1,CD14 Mono,0.0005142688751220703,,0.00035835807620367144,0.0,0.01708863116800785,0.001225770940636058
scvi_matched,PBMC5k_AGCGTCGCACGAGGTA-1,CD4 TEM,1,CD4 TEM,0.25848525762557983,,0.04204571326333162,0.0,0.9368424415588379,0.058184547027744185
scvi_matched,PBMC5k_AGCGTCGCAGTGTGGA-1,CD4 TCM,1,CD4 TCM,0.21344995498657227,,0.041572757154948126,0.0,0.5951487421989441,0.058563760141446916
scvi_matched,PBMC5k_AGCGTCGGTCGCAACC-1,CD8 TCM,0,CD4 Naive,0.13452857732772827,,0.0857757293628405,0.0,1.1238315105438232,0.0027145218235484015
scvi_matched,PBMC5k_AGCGTCGGTGTATTCG-1,gdT,0,NK,0.023458123207092285,,0.043622219948433905,0.0,0.48885732889175415,0.00025454523565255553
scvi_matched,PBMC5k_AGCTACAAGGTAGTCG-1,CD4 TCM,1,CD4 TCM,0.06083577871322632,,0.03103278709479529,0.0,0.37828338146209717,0.028905937357096595
scvi_matched,PBMC5k_AGCTACAAGGTGCTTT-1,CD4 Naive,1,CD4 Naive,0.37661194801330566,,0.058071712642688844,0.0,1.1346880197525024,0.11975661680399953
scvi_matched,PBMC5k_AGCTACAGTCTAGATC-1,NK,1,NK,0.03800785541534424,,0.009504139561812563,0.0,0.5693019032478333,0.06788434013832383
scvi_matched,PBMC5k_AGCTACAGTTCTGAGT-1,CD14 Mono,1,CD14 Mono,0.0032610297203063965,,0.0019614192872222797,0.0,0.15812700986862183,0.04392012707021337
scvi_matched,PBMC5k_AGCTCAAAGTGGACGT-1,CD14 Mono,1,CD14 Mono,0.029167115688323975,,0.002916693126475689,0.0,0.09570837765932083,0.018960923943569886
scvi_matched,PBMC5k_AGCTCAACATAACCCA-1,CD8 TEM,0,NK,0.35906344652175903,,0.16312255158155975,0.0,1.1666487455368042,0.18268442694635417
scvi_matched,PBMC5k_AGCTCAAGTGACCGAA-1,CD14 Mono,1,CD14 Mono,0.007534027099609375,,0.0029237654893529003,0.0,0.05212947726249695,0.0030559356139092868
scvi_matched,PBMC5k_AGCTCAATCAAGCGTT-1,CD4 Naive,1,CD4 Naive,0.4092835783958435,,0.0716640528759167,0.19999999999999996,1.1004959344863892,0.1395477333276684
scvi_matched,PBMC5k_AGCTCAATCCTCGATC-1,B naive,0,B intermediate,0.14499253034591675,,0.26700341474878697,0.0,0.7252886295318604,0.14349144016998433
scvi_matched,PBMC5k_AGCTCAATCTAGAGCT-1,Eryth,1,Eryth,0.009899020195007324,,0.0019376885540180813,0.0,0.11980607360601425,0.010837935018036253
scvi_matched,PBMC5k_AGCTTCCAGCCATTCA-1,CD14 Mono,1,CD14 Mono,0.006935417652130127,,0.001078716639034489,0.0,0.05020664632320404,0.003384664602982687
scvi_matched,PBMC5k_AGCTTCCCATGACTTG-1,CD8 TEM,1,CD8 TEM,0.48937398195266724,,0.11623873103577353,0.0,1.482574224472046,0.09331755100669767
scvi_matched,PBMC5k_AGGAAATAGAAGCCAC-1,CD14 Mono,1,CD14 Mono,0.003255128860473633,,0.0006659751853850815,0.0,0.024093421176075935,0.0026469441914097583
scvi_matched,PBMC5k_AGGAAATAGTCATCGT-1,CD14 Mono,1,CD14 Mono,0.11114668846130371,,0.009923139532521719,0.0,0.396124005317688,0.09044691224572451
scvi_matched,PBMC5k_AGGAAATGTGCGCTCA-1,CD16 Mono,1,CD16 Mono,0.001095890998840332,,0.0004889522561308986,0.0,0.01916574500501156,0.003175660182632077
scvi_matched,PBMC5k_AGGACGAAGTCGGCAA-1,CD4 TCM,1,CD4 TCM,0.016284525394439697,,0.004420636463070948,0.0,0.12808552384376526,0.005032137135092756
scvi_matched,PBMC5k_AGGACGACACTTCTCG-1,CD4 TEM,0,CD4 TCM,0.5825053155422211,,0.06594882654490197,0.0,0.6917456388473511,0.013948002346828059
scvi_matched,PBMC5k_AGGACGAGTTTGTGGT-1,Eryth,0,CD14 Mono,0.02274346351623535,,0.03404768370827599,0.0,0.5308062434196472,0.08655941292399345
scvi_matched,PBMC5k_AGGACGATCGAATGCT-1,CD14 Mono,1,CD14 Mono,0.0004361271858215332,,0.00036867126520014146,0.0,0.01545730046927929,0.0011315068167129913
scvi_matched,PBMC5k_AGGACTTAGGCGATAC-1,CD14 Mono,1,CD14 Mono,0.00016486644744873047,,0.0010238392476060437,0.0,0.012283134274184704,0.0013031843864618159
scvi_matched,PBMC5k_AGGACTTAGGGATCTG-1,gdT,0,NK,0.19241338968276978,,0.03733984152175318,0.19999999999999996,1.5080723762512207,0.07676769743621649
scvi_matched,PBMC5k_AGGACTTCAGTTCACA-1,CD4 Naive,1,CD4 Naive,0.344607949256897,,0.13033504352277325,0.4,1.468961477279663,0.20311166075608175
scvi_matched,PBMC5k_AGGACTTCATAGGCGA-1,CD14 Mono,1,CD14 Mono,0.0019555091857910156,,0.0012981613454051272,0.0,0.02193518914282322,0.0009783968774235148
scvi_matched,PBMC5k_AGGACTTCATCCTTGC-1,CD4 TEM,1,CD4 TEM,0.4713144302368164,,0.030354430337158345,0.19999999999999996,1.251522421836853,0.125798838337193
scvi_matched,PBMC5k_AGGACTTCATGCACTA-1,B memory,1,B memory,0.031054913997650146,,0.010339753965105364,0.0,0.29767656326293945,0.08675003364358332
scvi_matched,PBMC5k_AGGACTTGTATACGGG-1,B intermediate,1,B intermediate,0.21955448389053345,,0.03323317574813145,0.19999999999999996,0.7572911977767944,0.1500506805901053
scvi_matched,PBMC5k_AGGAGGTCACAAGCTT-1,cDC2,1,cDC2,0.000125885009765625,,0.00013052806883412545,0.0,0.0005920346593484282,3.5970845589508654e-05
scvi_matched,PBMC5k_AGGAGGTGTAACACGG-1,CD4 TCM,1,CD4 TCM,0.20509588718414307,,0.12471467879051035,0.4,0.8749479055404663,0.1677644846362747
scvi_matched,PBMC5k_AGGAGGTGTCCATCTC-1,CD8 Naive,0,dnT,0.5601223707199097,,0.32351310532497735,0.0,0.9026527404785156,0.19349048667580945
scvi_matched,PBMC5k_AGGAGGTGTGAAGCGT-1,Eryth,0,CD14 Mono,0.3202943801879883,,0.3243257528601887,0.19999999999999996,0.828084409236908,0.1365127546773792
scvi_matched,PBMC5k_AGGAGGTGTGCAGATG-1,NK_CD56bright,1,NK_CD56bright,0.08025962114334106,,0.023476412712341188,0.0,0.6829670071601868,0.1472125569897573
scvi_matched,PBMC5k_AGGAGGTGTGCATGTT-1,CD14 Mono,1,CD14 Mono,0.0006164312362670898,,0.0004162081149550207,0.0,0.017560970038175583,0.0012186538528494333
scvi_matched,PBMC5k_AGGATAAAGCCGATAG-1,CD16 Mono,1,CD16 Mono,0.0005077123641967773,,9.296925717506297e-05,0.0,0.0012224757811054587,0.0001082936082138909
scvi_matched,PBMC5k_AGGATAACATCGCTGG-1,CD4 TCM,1,CD4 TCM,0.5648530125617981,,0.20983124757499683,0.6,1.4888691902160645,0.08079876258198503
scvi_matched,PBMC5k_AGGATAATCACCCTGT-1,CD4 TCM,1,CD4 TCM,0.01799142360687256,,0.007661798984463161,0.0,0.17296850681304932,0.015697815376242045
scvi_matched,PBMC5k_AGGATCTCAAGTGCAG-1,CD4 TCM,1,CD4 TCM,0.21308451890945435,,0.03384789553761325,0.0,0.4730081260204315,0.03574821729738003
scvi_matched,PBMC5k_AGGATCTGTGACGCCT-1,CD14 Mono,1,CD14 Mono,0.01508563756942749,,0.0037139602183053864,0.0,0.03984060510993004,0.003325142217676995
scvi_matched,PBMC5k_AGGATCTTCACTTATC-1,CD14 Mono,1,CD14 Mono,0.0037137269973754883,,0.0014038184049477084,0.0,0.03152460977435112,0.003092080461998788
scvi_matched,PBMC5k_AGGCATTGTCGATGCC-1,CD4 TCM,1,CD4 TCM,0.16961413621902466,,0.016860135779426244,0.0,0.6101298928260803,0.06358354997415518
scvi_matched,PBMC5k_AGGCATTTCAGATTGC-1,CD4 Naive,1,CD4 Naive,0.4962979555130005,,0.072245450086323,0.0,1.2140547037124634,0.09780273939697988
scvi_matched,PBMC5k_AGGCCACCATGGACAG-1,CD14 Mono,1,CD14 Mono,0.0038851499557495117,,0.003926242511872763,0.0,0.02958228997886181,0.001984820906416674
scvi_matched,PBMC5k_AGGCCACTCATGAGAA-1,NK,1,NK,0.0003846883773803711,,0.001712207099475959,0.0,0.1601397693157196,0.008270552139114436
scvi_matched,PBMC5k_AGGCCACTCCAACCAA-1,Eryth,0,CD14 Mono,0.03600436449050903,,0.008243123691812487,0.0,0.5468666553497314,0.0572661145100926
scvi_matched,PBMC5k_AGGCTGCCATCGATCA-1,CD8 Naive,1,CD8 Naive,0.2930203080177307,,0.05965554253431482,0.0,0.3469077944755554,0.03865464132344321
scvi_matched,PBMC5k_AGGCTGCGTCGATTCA-1,CD16 Mono,1,CD16 Mono,0.3732324242591858,,0.08407308371354405,0.4,0.6929952502250671,0.22924153938530137
scvi_matched,PBMC5k_AGGCTGCGTTACCTGA-1,CD16 Mono,1,CD16 Mono,0.005294740200042725,,0.0007420969300216268,0.0,0.020030895248055458,0.004283547333849862
scvi_matched,PBMC5k_AGGGAGTAGAACTCCT-1,CD14 Mono,1,CD14 Mono,0.0013321638107299805,,0.0009120809354850844,0.0,0.014949345961213112,0.0010330056719740186
scvi_matched,PBMC5k_AGGGAGTAGTGGTTGG-1,Eryth,0,CD14 Mono,0.4509851932525635,,0.1818111654395258,0.19999999999999996,0.7165376543998718,0.25663812404901126
scvi_matched,PBMC5k_AGGGAGTCACTGGAAG-1,NK,1,NK,0.0008675456047058105,,0.0008412832117233315,0.0,0.062008216977119446,0.01391962654843609
scvi_matched,PBMC5k_AGGGAGTGTATGAAGT-1,CD4 TCM,0,CD4 Naive,0.2537703514099121,,0.11085409494083254,0.0,1.0754284858703613,0.051198690182278635
scvi_matched,PBMC5k_AGGGCCTGTAAGTTGA-1,CD14 Mono,1,CD14 Mono,0.09282052516937256,,0.004838570532824105,0.0,0.4386860728263855,0.06559829788925463
scvi_matched,PBMC5k_AGGGCCTGTCATGCAT-1,CD14 Mono,1,CD14 Mono,0.0012462139129638672,,0.00025942002763415344,0.0,0.007533492986112833,0.000576057821604848
scvi_matched,PBMC5k_AGGGCCTTCGGTTAGT-1,CD16 Mono,1,CD16 Mono,0.2195124626159668,,0.03594603802920515,0.0,0.36642220616340637,0.1274314626105525
scvi_matched,PBMC5k_AGGGCCTTCTGGTGGC-1,B intermediate,0,B memory,0.4954746961593628,,0.018198305709360096,0.19999999999999996,0.7131400108337402,0.07760167039213631
scvi_matched,PBMC5k_AGGGCTCCAGCTACAT-1,Eryth,0,CD14 Mono,0.0640750527381897,,0.10765775584174675,0.0,0.5278827548027039,0.12309474753667066
scvi_matched,PBMC5k_AGGGCTCGTCAACATC-1,CD4 Naive,1,CD4 Naive,0.3895847797393799,,0.024347425092400066,0.4,1.046909213066101,0.16778651071189626
scvi_matched,PBMC5k_AGGGCTCTCCCGAAAT-1,CD16 Mono,0,CD14 Mono,0.09574508666992188,,0.09216510235906916,0.4,0.8088626265525818,0.2223257993143864
scvi_matched,PBMC5k_AGGGCTCTCCGTTGAA-1,CD4 Naive,0,CD4 TCM,0.29343920946121216,,0.08429552018910025,0.6,1.434936285018921,0.1731657645907129
scvi_matched,PBMC5k_AGGGTCCAGGAGCAAA-1,CD14 Mono,1,CD14 Mono,0.011161208152770996,,0.0012716737293811675,0.0,0.03209339827299118,0.003001326095371116
scvi_matched,PBMC5k_AGGGTCCCATGCCGAC-1,CD4 Naive,1,CD4 Naive,0.30092328786849976,,0.10888769045618152,0.4,1.1545250415802002,0.18698888168548908
scvi_matched,PBMC5k_AGGGTCCGTCACCCTT-1,CD4 TCM,0,CD4 TEM,0.4052409529685974,,0.05667518910811742,0.0,1.016575574874878,0.14530900059156382
scvi_matched,PBMC5k_AGGGTCCTCGCTACGG-1,CD14 Mono,1,CD14 Mono,0.012577533721923828,,0.0028122652923168734,0.0,0.12427571415901184,0.015265627947854344
scvi_matched,PBMC5k_AGGGTGAAGAGGGTCT-1,CD4 TEM,0,gdT,0.5499835014343262,,0.18265575363475461,0.6,1.726961374282837,0.08908756487295028
scvi_matched,PBMC5k_AGGGTGACATGCAGGA-1,CD4 TEM,1,CD4 TEM,0.3146136403083801,,0.04852013551672196,0.19999999999999996,1.162550687789917,0.13227020765732878
scvi_matched,PBMC5k_AGGGTGAGTGGGTCAA-1,Treg,0,CD4 TCM,0.42369961738586426,,0.158131296785871,0.19999999999999996,1.3973699808120728,0.03375803376602241
scvi_matched,PBMC5k_AGGGTGAGTTGTAGCT-1,CD4 Naive,0,CD4 TCM,0.1833844780921936,,0.02174193322310025,0.0,0.4459637999534607,0.08043133272979032
scvi_matched,PBMC5k_AGGGTGATCCCGAAAT-1,CD14 Mono,1,CD14 Mono,0.0414387583732605,,0.008473104734702537,0.0,0.007379585411399603,0.0004098691082907321
scvi_matched,PBMC5k_AGGGTGATCGATACTG-1,CD16 Mono,1,CD16 Mono,0.45839476585388184,,0.11297194492147833,0.0,0.2057630717754364,0.08470569545964532
scvi_matched,PBMC5k_AGGGTGATCTAAGGAA-1,CD4 Naive,0,CD4 TCM,0.5270915627479553,,0.12301488998516397,0.4,1.3060002326965332,0.14596267538766416
scvi_matched,PBMC5k_AGGGTTTAGCCGGATA-1,B naive,0,B intermediate,0.5269134044647217,,0.34490497878165516,0.4,1.056249976158142,0.16876602051040826
scvi_matched,PBMC5k_AGGGTTTCACTCCGGA-1,B naive,1,B naive,0.3663439154624939,,0.06648409342783096,0.4,0.9654631018638611,0.17008172507982164
scvi_matched,PBMC5k_AGGGTTTGTATGAAGT-1,CD4 TCM,1,CD4 TCM,0.4455963373184204,,0.09802806407272979,0.0,1.109901785850525,0.03763019100209062
scvi_matched,PBMC5k_AGGGTTTGTGAGAACC-1,CD4 Naive,0,CD4 TCM,0.442249596118927,,0.06477567398932926,0.19999999999999996,0.9873173236846924,0.08783150506184606
scvi_matched,PBMC5k_AGGGTTTGTTACGTAC-1,Treg,0,CD4 TCM,0.09713256359100342,,0.015015188691273551,0.0,0.2818051278591156,0.01770825180608438
scvi_matched,PBMC5k_AGGGTTTGTTCTTGTT-1,NK,1,NK,0.005794346332550049,,0.0062741454473986685,0.0,0.19545972347259521,0.03766610892728771
scvi_matched,PBMC5k_AGGGTTTTCATGAAAG-1,CD4 TCM,1,CD4 TCM,0.5230794548988342,,0.10380747318049144,0.0,1.0309919118881226,0.06104083984545146
scvi_matched,PBMC5k_AGGGTTTTCTCTTAAC-1,CD4 TCM,1,CD4 TCM,0.05666017532348633,,0.014711821316989449,0.0,0.264194518327713,0.021037779634718104
scvi_matched,PBMC5k_AGGTAGGAGTTGAAGT-1,gdT,1,gdT,0.5686208307743073,,0.2809250461380528,0.19999999999999996,1.3027347326278687,0.10117509695302786
scvi_matched,PBMC5k_AGGTAGGCACATGTTG-1,CD4 Naive,1,CD4 Naive,0.3268064856529236,,0.10780430066382762,0.4,1.3134078979492188,0.17422394245109987
scvi_matched,PBMC5k_AGGTAGGCAGCTCCTT-1,CD14 Mono,1,CD14 Mono,0.0035848617553710938,,0.0007121548187642608,0.0,0.04018893837928772,0.004556445310608468
scvi_matched,PBMC5k_AGGTCATCACGTCTCT-1,CD8 TEM,0,CD4 TEM,0.6832829713821411,,0.19463908733324264,0.4,1.4651854038238525,0.017127837759068655
scvi_matched,PBMC5k_AGGTCTAGTGACAGCA-1,cDC2,1,cDC2,0.0001577138900756836,,6.417011482491857e-05,0.0,0.0003953999257646501,1.7289769494815645e-05
scvi_matched,PBMC5k_AGGTCTATCCATTGTT-1,CD14 Mono,1,CD14 Mono,0.0010913610458374023,,0.0009659461276333055,0.0,0.013742978684604168,0.001001822242681076
scvi_matched,PBMC5k_AGGTCTATCTCCAAGA-1,CD4 Naive,0,CD4 TCM,0.49472516775131226,,0.23713360614680834,0.6,1.4019376039505005,0.19259591994098393
scvi_matched,PBMC5k_AGGTGTTCACGCTGAC-1,MAIT,1,MAIT,0.0062583088874816895,,0.003058987390685025,0.0,0.2286786586046219,0.023660613529083652
scvi_matched,PBMC5k_AGGTGTTGTGGACAGT-1,NK,1,NK,0.45716404914855957,,0.1378238274177891,0.0,0.7530564069747925,0.14172111174281565
scvi_matched,PBMC5k_AGGTTACAGGAACTCG-1,CD4 Naive,1,CD4 Naive,0.29661136865615845,,0.1312994216217005,0.4,1.1988576650619507,0.12839968883655434
scvi_matched,PBMC5k_AGGTTACAGGGACACT-1,CD4 Naive,1,CD4 Naive,0.21593725681304932,,0.09793771126239426,0.19999999999999996,1.1142104864120483,0.08953642951163251
scvi_matched,PBMC5k_AGGTTACGTTACCTGA-1,ILC,0,CD4 TEM,0.7230536043643951,,0.45986965624843523,0.19999999999999996,1.5846141576766968,0.18810079518719064
scvi_matched,PBMC5k_AGGTTACTCGCTAAAC-1,B memory,1,B memory,0.20382940769195557,,0.0036106829547062347,0.0,0.4743873178958893,0.07568818735794636
scvi_matched,PBMC5k_AGGTTGTAGCAACTTC-1,CD8 TEM,1,CD8 TEM,0.5437733232975006,,0.16795695365969876,0.6,1.541353702545166,0.13534915543596343
scvi_matched,PBMC5k_AGGTTGTGTCCTATAG-1,CD14 Mono,1,CD14 Mono,0.0012038946151733398,,0.0014659365813586116,0.0,0.05163884907960892,0.003935378498918694
scvi_matched,PBMC5k_AGGTTGTGTTACACAC-1,CD4 Naive,0,CD4 TCM,0.36649399995803833,,0.19399988478049313,0.0,1.55224609375,0.0338998461681305
scvi_matched,PBMC5k_AGTAACCAGAGTCCGA-1,CD4 TEM,1,CD4 TEM,0.25952744483947754,,0.1364316843388047,0.4,1.1784154176712036,0.08683767890975314
scvi_matched,PBMC5k_AGTAACCAGCGTGAAC-1,B naive,0,B intermediate,0.1877971887588501,,0.24594400294752516,0.0,0.909031867980957,0.03340216192642892
scvi_matched,PBMC5k_AGTAACCGTTTGGAGG-1,NK,1,NK,7.164478302001953e-05,,0.00019474411021984557,0.0,0.00969261396676302,0.0005407051274805969
scvi_matched,PBMC5k_AGTACCACATGAGAAT-1,CD14 Mono,1,CD14 Mono,0.0010502934455871582,,0.0006312986783920897,0.0,0.014255860820412636,0.0011564889124090908
scvi_matched,PBMC5k_AGTACCAGTCACTCAA-1,CD4 Naive,1,CD4 Naive,0.01640552282333374,,0.027018175441169134,0.0,0.5750439167022705,0.06721822264682122
scvi_matched,PBMC5k_AGTACCATCCATTTAC-1,NK,1,NK,9.059906005859375e-06,,1.3553690048304112e-05,0.0,0.0013698249822482467,8.837088919800903e-05
scvi_matched,PBMC5k_AGTACCATCGATTGGT-1,CD4 TCM,1,CD4 TCM,0.3712373971939087,,0.1610072793946189,0.0,1.2275978326797485,0.10293625120415022
scvi_matched,PBMC5k_AGTACTGTCTTGTGCC-1,CD14 Mono,1,CD14 Mono,0.000754237174987793,,0.0012072299544423452,0.0,0.00785932969301939,0.0006495885600399198
scvi_matched,PBMC5k_AGTAGCTAGCCACAAG-1,CD14 Mono,1,CD14 Mono,0.0029193758964538574,,0.04361776945288684,0.0,0.040230892598629,0.003367707749416284
scvi_matched,PBMC5k_AGTAGCTAGCTAATGA-1,CD14 Mono,1,CD14 Mono,0.00028449296951293945,,0.0003443837099928286,0.0,0.015598143450915813,0.0015181420850539922
scvi_matched,PBMC5k_AGTAGCTCACCTAAAC-1,B naive,1,B naive,0.01623135805130005,,0.0050655347984462085,0.0,0.2402796596288681,0.05589772904642316
scvi_matched,PBMC5k_AGTAGCTGTCATTGCA-1,CD4 TCM,1,CD4 TCM,0.3265935182571411,,0.1840904197970623,0.0,0.7470635175704956,0.04709881540107016
scvi_matched,PBMC5k_AGTAGTCGTAAGTAGT-1,CD14 Mono,1,CD14 Mono,0.0008862614631652832,,0.00043167909183308706,0.0,0.010333452373743057,0.00036554335925835957
scvi_matched,PBMC5k_AGTAGTCGTGAGACGT-1,CD4 TEM,0,CD4 TCM,0.5658870339393616,,0.19212483315921292,0.19999999999999996,1.5614635944366455,0.06282619758882622
scvi_matched,PBMC5k_AGTAGTCGTGTCCATA-1,Treg,0,dnT,0.5289093255996704,,0.3415118400035466,0.4,1.845564603805542,0.08298567342747733
scvi_matched,PBMC5k_AGTAGTCTCGTGGACC-1,CD14 Mono,1,CD14 Mono,0.0048392415046691895,,0.0013713825101465162,0.0,0.03728131577372551,0.0033377667702243993
scvi_matched,PBMC5k_AGTCAACGTACAGCGA-1,CD4 TEM,1,CD4 TEM,0.3244779109954834,,0.07399598205794411,0.0,0.9654966592788696,0.13626724115693492
scvi_matched,PBMC5k_AGTCAACTCCGAGCTG-1,cDC2,1,cDC2,0.10200583934783936,,0.027569307319888534,0.0,0.048433590680360794,0.00596134356315092
scvi_matched,PBMC5k_AGTCACAAGAGGACTC-1,CD4 TCM,1,CD4 TCM,0.06362074613571167,,0.0869909183472729,0.0,0.4602334797382355,0.034899355411096254
scvi_matched,PBMC5k_AGTCACAAGATCACTC-1,CD16 Mono,1,CD16 Mono,0.0316469669342041,,0.007776039159014092,0.0,0.26276060938835144,0.07723356982783838
scvi_matched,PBMC5k_AGTCACAAGCGGTAAC-1,CD4 Naive,1,CD4 Naive,0.41734933853149414,,0.058449878009357414,0.19999999999999996,0.9382944703102112,0.18437819960781984
scvi_matched,PBMC5k_AGTCACACAGTCTTCC-1,Treg,0,CD4 TCM,0.4879492521286011,,0.1979133845958314,0.0,0.721975564956665,0.024721017828653227
scvi_matched,PBMC5k_AGTCACATCCATACTT-1,CD14 Mono,1,CD14 Mono,0.0017011761665344238,,0.0010383325396192862,0.0,0.018334345892071724,0.0010172908693650417
scvi_matched,PBMC5k_AGTCACATCCTCTCGA-1,gdT,1,gdT,0.45323866605758667,,0.22653193563597895,0.4,1.426113486289978,0.14899071564802532
scvi_matched,PBMC5k_AGTCATGAGTCATCGT-1,cDC2,1,cDC2,0.00018924474716186523,,4.417766419439345e-05,0.0,0.0010630700271576643,5.4155776545455894e-05
scvi_matched,PBMC5k_AGTCATGTCCAATCTT-1,B naive,1,B naive,0.37005615234375,,0.11851622231439429,0.19999999999999996,0.9380136728286743,0.18346856951949544
scvi_matched,PBMC5k_AGTCTCCAGAGATCGC-1,CD14 Mono,1,CD14 Mono,0.08049893379211426,,0.013398986231374643,0.0,0.16353082656860352,0.018990579255662825
scvi_matched,PBMC5k_AGTCTCCGTACGATCT-1,CD14 Mono,1,CD14 Mono,0.0020647048950195312,,0.0005137940445027927,0.0,0.012142730876803398,0.0008736112379831583
scvi_matched,PBMC5k_AGTCTCCGTATGAAAC-1,CD4 TEM,1,CD4 TEM,0.2666669487953186,,0.11331913396284587,0.19999999999999996,1.2664754390716553,0.12840631035855757
scvi_matched,PBMC5k_AGTCTCCGTTAACCTG-1,CD16 Mono,1,CD16 Mono,0.02323329448699951,,0.003050705251012184,0.0,0.02719724178314209,0.004440579670996298
scvi_matched,PBMC5k_AGTGACTGTGACCGTC-1,CD4 Naive,1,CD4 Naive,0.0747038722038269,,0.010594248961212582,0.0,0.34691402316093445,0.03225271481744575
scvi_matched,PBMC5k_AGTGACTGTGTGGTCC-1,CD4 TEM,1,CD4 TEM,0.29646599292755127,,0.03942593307229603,0.4,1.0923572778701782,0.19474118403017326
scvi_matched,PBMC5k_AGTGATCCATACACCA-1,CD16 Mono,1,CD16 Mono,0.0021022558212280273,,0.0016821122633968316,0.0,0.025970976799726486,0.007218888082171394
scvi_matched,PBMC5k_AGTGATCGTCCGAAAG-1,CD4 TEM,1,CD4 TEM,0.18374377489089966,,0.04875465886494568,0.0,0.9180574417114258,0.17544925718212234
scvi_matched,PBMC5k_AGTGCCGCAAGGCAAC-1,CD14 Mono,1,CD14 Mono,0.003860294818878174,,0.009732872271249818,0.0,0.022513046860694885,0.0036914091749384215
scvi_matched,PBMC5k_AGTGCCGGTATCAAGA-1,B memory,1,B memory,0.06824570894241333,,0.01818205491529684,0.0,0.5110015273094177,0.12283825825399382
scvi_matched,PBMC5k_AGTGCCGGTCTAACGT-1,NK,1,NK,0.0008438825607299805,,0.0006422396644415324,0.0,0.04974076524376869,0.005070011356376793
scvi_matched,PBMC5k_AGTGCCGGTCTTGGTA-1,NK,1,NK,1.5616416931152344e-05,,9.288467006567016e-05,0.0,0.004333311691880226,0.00023697986914808603
scvi_matched,PBMC5k_AGTGTTGAGCATATGA-1,NK,1,NK,9.191036224365234e-05,,6.181109661578996e-05,0.0,0.00703644473105669,0.0004033857657271435
scvi_matched,PBMC5k_AGTGTTGGTTCAGCTA-1,CD8 TCM,1,CD8 TCM,0.5714665055274963,,0.05511541769238337,0.19999999999999996,1.3446577787399292,0.07829898381493358
scvi_matched,PBMC5k_AGTGTTGTCGAGTGAG-1,CD14 Mono,1,CD14 Mono,0.00042051076889038086,,0.0002856736020846939,0.0,0.018714677542448044,0.0015803927243531245
scvi_matched,PBMC5k_AGTTAGCAGCTACGTT-1,cDC2,1,cDC2,0.001299738883972168,,0.0003268010606644134,0.0,0.001715120393782854,0.00011362052452065964
scvi_matched,PBMC5k_AGTTAGCCAGACTGCC-1,B naive,1,B naive,0.31400924921035767,,0.06837354948672003,0.0,0.7922938466072083,0.15660898493662168
scvi_matched,PBMC5k_AGTTAGCTCACTGGGC-1,NK,1,NK,0.001370072364807129,,0.0033043898312728054,0.0,0.11842736601829529,0.03813589705184765
scvi_matched,PBMC5k_AGTTAGCTCTTCCCAG-1,CD4 TEM,1,CD4 TEM,0.22588330507278442,,0.02419454527224829,0.0,0.7905788421630859,0.08691946120232845
scvi_matched,PBMC5k_AGTTCCCTCAACTGAC-1,CD14 Mono,1,CD14 Mono,0.0002009272575378418,,0.0001240476055598132,0.0,0.012921345420181751,0.0010155900512784101
scvi_matched,PBMC5k_AGTTCGAAGACATCAA-1,CD4 Naive,1,CD4 Naive,0.4805092215538025,,0.10562704253875865,0.4,1.7622218132019043,0.13864024673686587
scvi_matched,PBMC5k_AGTTCGACACACCTGG-1,NK,1,NK,0.04389721155166626,,0.007956728836920862,0.19999999999999996,1.0324918031692505,0.21153361220961014
scvi_matched,PBMC5k_AGTTCGATCCGCAGTG-1,NK,1,NK,0.00024443864822387695,,9.178080805675656e-05,0.0,0.02753213793039322,0.002962588616256268
scvi_matched,PBMC5k_AGTTCGATCGTTGTAG-1,CD8 TEM,1,CD8 TEM,0.26267486810684204,,0.27762930993846235,0.4,1.412351131439209,0.1768228000659023
scvi_matched,PBMC5k_ATACCGACAGACCTGC-1,CD4 TCM,0,Eryth,0.3865353465080261,,0.27085520320938716,0.6,1.6771488189697266,0.09008828971745614
scvi_matched,PBMC5k_ATACCGATCCTACGGG-1,CD14 Mono,1,CD14 Mono,0.00310671329498291,,0.0010724429368574977,0.0,0.021036462858319283,0.0012016394931478069
scvi_matched,PBMC5k_ATACCTTAGCTGAAAT-1,CD14 Mono,1,CD14 Mono,0.002337336540222168,,0.0012146317663350968,0.0,0.014433827251195908,0.0012301654850943428
scvi_matched,PBMC5k_ATACCTTAGGATTTGA-1,CD14 Mono,1,CD14 Mono,0.003848731517791748,,0.0016153900543187244,0.0,0.010301812551915646,0.0007611319220947185
scvi_matched,PBMC5k_ATACCTTAGTGCCTCG-1,CD16 Mono,1,CD16 Mono,0.009977877140045166,,0.0017276333154859144,0.0,0.02123219706118107,0.0030924681081388066
scvi_matched,PBMC5k_ATACCTTGTCGAGTGA-1,CD8 TEM,0,CD4 TEM,0.5262495577335358,,0.1601572844867667,0.6,1.749605417251587,0.13840349707238772
scvi_matched,PBMC5k_ATACCTTTCACGAACT-1,Treg,0,CD4 TCM,0.11162036657333374,,0.02716801858090112,0.0,0.5562312602996826,0.008905994391023154
scvi_matched,PBMC5k_ATACCTTTCACTGATG-1,CD4 TCM,1,CD4 TCM,0.2533407211303711,,0.11368170193138205,0.0,1.332564353942871,0.11909491794245433
scvi_matched,PBMC5k_ATACCTTTCGAACCTA-1,CD14 Mono,1,CD14 Mono,0.0007449984550476074,,0.000590514191549844,0.0,0.01737530343234539,0.0016007877241113694
scvi_matched,PBMC5k_ATACTTCCAATAAGGT-1,ILC,1,ILC,0.17746061086654663,,0.49486903233954305,0.19999999999999996,1.7716690301895142,0.2700783473060019
scvi_matched,PBMC5k_ATACTTCTCGGTCTAA-1,cDC2,1,cDC2,0.4174843430519104,,0.24563685813452196,0.19999999999999996,0.6782699823379517,0.2308971521575163
scvi_matched,PBMC5k_ATAGACCAGGATTTGA-1,CD4 TEM,1,CD4 TEM,0.09501767158508301,,0.15179436052014217,0.0,1.1054134368896484,0.15930281930784046
scvi_matched,PBMC5k_ATAGACCCATAATGCC-1,CD4 Naive,0,CD4 TCM,0.5512725412845612,,0.1144856773312064,0.4,1.0973974466323853,0.1320069470789061
scvi_matched,PBMC5k_ATAGACCGTTTGCAGT-1,CD8 TEM,0,CD4 TEM,0.6609786748886108,,0.3870088843544983,0.19999999999999996,1.5335936546325684,0.09389247821494204
scvi_matched,PBMC5k_ATAGACCTCACTGAAC-1,CD4 TEM,1,CD4 TEM,0.3115137815475464,,0.24334138737546718,0.19999999999999996,1.3168971538543701,0.13740362800775852
scvi_matched,PBMC5k_ATAGACCTCCTCGCAT-1,CD14 Mono,1,CD14 Mono,0.0012778639793395996,,0.0004917754412513235,0.0,0.0108562046661973,0.000882384716027713
scvi_matched,PBMC5k_ATAGAGACACTGAATC-1,CD14 Mono,1,CD14 Mono,0.005363643169403076,,0.0007288577104521826,0.0,0.03124617040157318,0.0025792201504850685
scvi_matched,PBMC5k_ATAGAGACAGACCATT-1,NK,1,NK,0.0004801750183105469,,0.0005621978885530701,0.0,0.033745210617780685,0.0019015775119892435
scvi_matched,PBMC5k_ATAGAGAGTAGCGATG-1,ILC,0,CD4 TEM,0.5590846240520477,,0.06913824223562592,0.6,1.124613881111145,0.1126607058010498
scvi_matched,PBMC5k_ATAGAGAGTGTCTTGA-1,ILC,0,CD4 TCM,0.3788738250732422,,0.06977864005669976,0.0,0.8416562676429749,0.07840379138536087
scvi_matched,PBMC5k_ATAGGCTTCGATTTCT-1,CD4 TCM,1,CD4 TCM,0.026650726795196533,,0.017262073728605276,0.0,0.3471808433532715,0.04792574103672041
scvi_matched,PBMC5k_ATAGGCTTCTTGTTAC-1,B naive,0,B intermediate,0.268965482711792,,0.15257203506594974,0.19999999999999996,0.8473519682884216,0.16600475127861578
scvi_matched,PBMC5k_ATATCCTAGTTGAATG-1,NK,1,NK,0.015735924243927002,,0.004157526640448231,0.0,0.24943575263023376,0.03559582067563623
scvi_matched,PBMC5k_ATATCCTCAGTTCTAG-1,CD14 Mono,1,CD14 Mono,0.002209782600402832,,0.0031332918393418563,0.0,0.08445795625448227,0.02056314193018501
scvi_matched,PBMC5k_ATATCCTGTAGATCGG-1,cDC2,1,cDC2,0.00024574995040893555,,8.630320967257664e-05,0.0,0.00018322250980418175,1.0802913936821421e-05
scvi_matched,PBMC5k_ATCACAGCAGGCATGA-1,CD8 TEM,0,CD4 TEM,0.6183320581912994,,0.268621043494778,0.19999999999999996,1.3218077421188354,0.021575245543669713
scvi_matched,PBMC5k_ATCACAGGTCATGCAT-1,NK,1,NK,0.0003688335418701172,,0.0008549866400368675,0.0,0.07492529600858688,0.005997416635649929
scvi_matched,PBMC5k_ATCACAGGTCTTCCGT-1,CD4 Naive,1,CD4 Naive,0.5169578790664673,,0.1828804819882911,0.4,1.4670660495758057,0.15052716218294349
scvi_matched,PBMC5k_ATCACAGGTGAATTGA-1,CD4 Naive,0,CD4 TCM,0.49180710315704346,,0.15289883201098897,0.4,1.3423701524734497,0.12316079923359781
scvi_matched,PBMC5k_ATCACAGTCTTCACAT-1,CD4 Naive,1,CD4 Naive,0.10022497177124023,,0.0963494647789912,0.4,1.3217244148254395,0.17773984840171925
scvi_matched,PBMC5k_ATCACGAAGTGTGTTC-1,Eryth,1,Eryth,0.23688620328903198,,0.014318829674055955,0.0,0.43968161940574646,0.031112694664702588
scvi_matched,PBMC5k_ATCACGACAGCGTGAA-1,CD4 TCM,1,CD4 TCM,0.10751169919967651,,0.09423568960648593,0.0,0.515521764755249,0.04283912246417103
scvi_matched,PBMC5k_ATCACGAGTCACTGAT-1,CD14 Mono,1,CD14 Mono,0.0031981468200683594,,0.0012207039121443844,0.0,0.037678852677345276,0.0028337349696772535
scvi_matched,PBMC5k_ATCACGATCATGGAGG-1,CD4 TEM,1,CD4 TEM,0.18976080417633057,,0.10797358263998202,0.0,0.967002272605896,0.0858909813833705
scvi_matched,PBMC5k_ATCACGATCTGCTTAT-1,B naive,0,B intermediate,0.3814011216163635,,0.14785099583810407,0.19999999999999996,0.9696575999259949,0.0801836769066771
scvi_matched,PBMC5k_ATCACTTTCTCATTTG-1,CD14 Mono,1,CD14 Mono,0.01749122142791748,,0.003646529749280536,0.0,0.08552677184343338,0.013092910767611179
scvi_matched,PBMC5k_ATCAGGTCATTGCCTC-1,CD16 Mono,1,CD16 Mono,0.04303926229476929,,0.0051906838639285136,0.0,0.3267955780029297,0.12073511637157415
scvi_matched,PBMC5k_ATCAGGTGTACACTCA-1,NK,1,NK,0.0008657574653625488,,0.004443648650091586,0.0,0.10678001493215561,0.0100545144641066
scvi_matched,PBMC5k_ATCAGGTGTCCAAAGG-1,B naive,1,B naive,0.08575105667114258,,0.017594685766607304,0.0,0.54012131690979,0.13518373892011792
scvi_matched,PBMC5k_ATCATTCAGCAAGTCG-1,CD14 Mono,1,CD14 Mono,0.02120351791381836,,0.053245767650554054,0.19999999999999996,0.6451525688171387,0.14866351608412906
scvi_matched,PBMC5k_ATCATTCAGCACGTCC-1,CD4 TCM,1,CD4 TCM,0.5205828547477722,,0.05831312540331757,0.19999999999999996,1.2458481788635254,0.18229994501486158
scvi_matched,PBMC5k_ATCATTCAGTCTCCTC-1,CD4 TEM,1,CD4 TEM,0.3635305166244507,,0.2759008950980142,0.4,1.5528538227081299,0.18442630403182117
scvi_matched,PBMC5k_ATCATTCGTAGCACAG-1,B naive,1,B naive,0.06160461902618408,,0.02420667808274163,0.0,0.9489924907684326,0.1206367564107219
scvi_matched,PBMC5k_ATCCACCCAACCGATT-1,CD14 Mono,1,CD14 Mono,0.0012444257736206055,,0.0004330683213061917,0.0,0.007918181829154491,0.0007039723281125841
scvi_matched,PBMC5k_ATCCACCCACCATATG-1,CD4 Naive,1,CD4 Naive,0.00625455379486084,,0.05124557863271495,0.0,0.6348218321800232,0.0680405568169096
scvi_matched,PBMC5k_ATCCACCCAGGACATG-1,CD4 Naive,1,CD4 Naive,0.43384891748428345,,0.0684937301117794,0.4,0.9892582297325134,0.18563524298663092
scvi_matched,PBMC5k_ATCCACCCAGTTGTTG-1,CD4 TCM,1,CD4 TCM,0.3708339333534241,,0.13355066944723903,0.0,1.1912426948547363,0.12357036105959567
scvi_matched,PBMC5k_ATCCACCGTTCGGCTG-1,B memory,1,B memory,0.3655005097389221,,0.019280578768302137,0.0,0.4363258183002472,0.07891573493497324
scvi_matched,PBMC5k_ATCCACCTCAGCTTGA-1,CD8 TEM,1,CD8 TEM,0.09959834814071655,,0.10722307708027534,0.0,0.4931887090206146,0.04825570417359732
scvi_matched,PBMC5k_ATCCACCTCCCTCTCC-1,CD4 TCM,0,CD8 TCM,0.5365712642669678,,0.20277067597287313,0.19999999999999996,0.8928744196891785,0.2256552633904534
scvi_matched,PBMC5k_ATCCATTCAGGACTTT-1,CD14 Mono,1,CD14 Mono,0.0026543736457824707,,0.0008048796671655933,0.0,0.023652182891964912,0.002364984708430607
scvi_matched,PBMC5k_ATCCATTGTCTACAGT-1,CD14 Mono,1,CD14 Mono,0.018409013748168945,,0.015776951702308695,0.0,0.1596948653459549,0.014135842997993779
scvi_matched,PBMC5k_ATCCATTGTGGGTATG-1,CD4 TCM,1,CD4 TCM,0.25076186656951904,,0.06681769851753683,0.0,1.0217126607894897,0.06927581129323442
scvi_matched,PBMC5k_ATCCCTGAGAGACAAG-1,NK_CD56bright,1,NK_CD56bright,0.007367074489593506,,0.006449191367115831,0.0,0.772947371006012,0.1484784098848944
scvi_matched,PBMC5k_ATCCCTGAGTCGAATA-1,CD4 TCM,0,ILC,0.49039775133132935,,0.14092660625203468,0.0,0.7071793675422668,0.11636671247528449
scvi_matched,PBMC5k_ATCCCTGGTACGGCAA-1,NK,1,NK,5.8531761169433594e-05,,0.0001450581867730354,0.0,0.025514639914035797,0.003539604609787927
scvi_matched,PBMC5k_ATCCCTGGTTCGGTCG-1,B naive,0,B memory,0.561021089553833,,0.29834393327037256,0.19999999999999996,1.038715124130249,0.162149070406616
scvi_matched,PBMC5k_ATCCCTGTCACTACGA-1,CD8 TEM,1,CD8 TEM,0.18383175134658813,,0.033005315693629855,0.19999999999999996,0.9128090143203735,0.2535341742163288
scvi_matched,PBMC5k_ATCCGTCAGCTTCTAG-1,ILC,0,Eryth,0.12478595972061157,,0.19173231087459486,0.6,1.7569464445114136,0.32987316294001623
scvi_matched,PBMC5k_ATCCGTCAGGAGATAG-1,CD4 TCM,0,CD4 Naive,0.4404284358024597,,0.04697726564935101,0.19999999999999996,0.83278888463974,0.10844143923197705
scvi_matched,PBMC5k_ATCCGTCAGTAAACGT-1,NK_CD56bright,0,gdT,0.065371572971344,,0.2575768561608135,0.6,1.3263938426971436,0.3344695475300389
scvi_matched,PBMC5k_ATCCGTCCAGATTTCG-1,CD14 Mono,1,CD14 Mono,0.0004743337631225586,,0.00022452231803179925,0.0,0.017199013382196426,0.002021023923885885
scvi_matched,PBMC5k_ATCCGTCGTGCGGCTT-1,CD4 TEM,1,CD4 TEM,0.3350040912628174,,0.20212011730503698,0.4,0.9571494460105896,0.18056596711729803
scvi_matched,PBMC5k_ATCCGTCTCCGTATAG-1,CD4 TCM,1,CD4 TCM,0.4587612748146057,,0.1474922935350278,0.0,1.221398115158081,0.08493322023142302
scvi_matched,PBMC5k_ATCCTATAGATGCTGG-1,NK,1,NK,0.0012566447257995605,,0.004553184151177711,0.0,0.3408566117286682,0.048385999587890374
scvi_matched,PBMC5k_ATCCTATAGGTAATCA-1,ILC,0,Eryth,0.42572110891342163,,0.24218795400493787,0.6,1.682115077972412,0.39191948011316596
scvi_matched,PBMC5k_ATCGATGCATCCTTGC-1,B naive,0,B intermediate,0.32708674669265747,,0.16966625730613683,0.19999999999999996,0.6608003973960876,0.26883764489416223
scvi_matched,PBMC5k_ATCGATGGTGTCTTCC-1,CD4 Naive,1,CD4 Naive,0.43047451972961426,,0.14517383675851225,0.4,1.2103362083435059,0.12950155301881902
scvi_matched,PBMC5k_ATCGATGTCCGTGGGT-1,CD4 Naive,0,CD4 TCM,0.4455110430717468,,0.14128992405969087,0.0,0.764978289604187,0.13858252722129316
scvi_matched,PBMC5k_ATCGCCTGTGATTGGG-1,B intermediate,1,B intermediate,0.20176947116851807,,0.07323040874357489,0.0,0.854708731174469,0.09567174957207766
scvi_matched,PBMC5k_ATCGCCTTCAACTGAC-1,CD4 TCM,1,CD4 TCM,0.5055156350135803,,0.08466896748403818,0.0,0.9358698129653931,0.09425510521204322
scvi_matched,PBMC5k_ATCGCCTTCCCTAGGG-1,CD4 TCM,0,CD4 Naive,0.2654683589935303,,0.06701376714896423,0.4,1.0868964195251465,0.04960166531467346
scvi_matched,PBMC5k_ATCGGATAGATGTTGA-1,CD4 TEM,1,CD4 TEM,0.255895733833313,,0.06819597546878708,0.0,1.0811785459518433,0.15136799713906857
scvi_matched,PBMC5k_ATCGGATAGGCCCACT-1,CD4 TCM,0,CD4 TEM,0.6644032597541809,,0.21589756640801117,0.19999999999999996,1.3756475448608398,0.13501259423667192
scvi_matched,PBMC5k_ATCGGATAGTCATGAA-1,CD14 Mono,1,CD14 Mono,0.0005535483360290527,,0.00026925874705762375,0.0,0.010507836006581783,0.001016874250008449
scvi_matched,PBMC5k_ATCGGATCAAGTATCC-1,B memory,1,B memory,0.018478572368621826,,0.006407240348975718,0.0,0.19629693031311035,0.024418564525872242
scvi_matched,PBMC5k_ATCGGATCATCCGAGC-1,NK,1,NK,0.0015459060668945312,,0.001344204452332385,0.0,0.014744586311280727,0.0016156593862175007
scvi_matched,PBMC5k_ATCGGATGTGTTGAGG-1,CD14 Mono,1,CD14 Mono,0.0011928081512451172,,0.00033927383489046684,0.0,0.03154108300805092,0.0037845154035811494
scvi_matched,PBMC5k_ATCGGATTCAGCTTGA-1,CD4 TCM,1,CD4 TCM,0.2546882629394531,,0.03352697830498941,0.0,0.6819606423377991,0.03719929131617009
scvi_matched,PBMC5k_ATCGGATTCTTGCAGA-1,NK,1,NK,0.399894118309021,,0.08276201466604105,0.0,0.7294034957885742,0.0691968592229034
scvi_matched,PBMC5k_ATCGGCGCAAGGCTTT-1,CD14 Mono,1,CD14 Mono,0.007552385330200195,,0.0018743326399796936,0.0,0.09226112067699432,0.011889402273020608
scvi_matched,PBMC5k_ATCGGCGTCGCGTTTC-1,CD14 Mono,1,CD14 Mono,0.00737154483795166,,0.01539424467934021,0.0,0.14617283642292023,0.02037937822241503
scvi_matched,PBMC5k_ATCGTAGAGCTCGAAG-1,CD4 TCM,1,CD4 TCM,0.3444424271583557,,0.04679348314301779,0.19999999999999996,0.8230705261230469,0.1631897552680669
scvi_matched,PBMC5k_ATCGTAGAGCTTACGT-1,CD16 Mono,1,CD16 Mono,0.0005171298980712891,,0.00032992710399295556,0.0,0.005137860309332609,0.00039024150739550565
scvi_matched,PBMC5k_ATCGTAGCATGACGTT-1,CD8 Naive,1,CD8 Naive,0.6517761945724487,,0.17201122827875048,0.0,0.5916476249694824,0.09507382735829117
scvi_matched,PBMC5k_ATCGTAGGTACCCGCA-1,cDC2,1,cDC2,0.027666032314300537,,0.012723866785084414,0.0,0.19646432995796204,0.02206089683828125
scvi_matched,PBMC5k_ATCGTAGTCGAGCACC-1,CD8 TEM,1,CD8 TEM,0.4077697992324829,,0.0969049036012819,0.4,1.537204384803772,0.09371570296378769
scvi_matched,PBMC5k_ATCGTCCCATACCACA-1,CD4 Naive,1,CD4 Naive,0.14045363664627075,,0.11641418791854052,0.0,0.8170639276504517,0.0718185936563658
scvi_matched,PBMC5k_ATCGTCCTCTGAGTCA-1,CD4 Naive,1,CD4 Naive,0.15400409698486328,,0.07548643329663673,0.4,1.0532782077789307,0.1317150541687417
scvi_matched,PBMC5k_ATCGTGAAGAACGCGT-1,B naive,1,B naive,0.03203582763671875,,0.00918648334491956,0.0,0.426500529050827,0.08047762121919602
scvi_matched,PBMC5k_ATCGTGAAGACGACTG-1,CD4 Naive,1,CD4 Naive,0.07828390598297119,,0.21128310022762475,0.0,0.6708037257194519,0.0924372376508423
scvi_matched,PBMC5k_ATCGTGAAGGGCTTCC-1,cDC2,1,cDC2,0.46431922912597656,,0.12925029870030036,0.0,0.5883992910385132,0.12797162222248137
scvi_matched,PBMC5k_ATCGTGACAGCACCCA-1,ILC,0,CD4 TCM,0.5836398303508759,,0.03720483618567694,0.0,0.9122697114944458,0.050706441869812616
scvi_matched,PBMC5k_ATCGTGAGTACGGCAA-1,CD14 Mono,1,CD14 Mono,0.27186572551727295,,0.05120471145017641,0.0,0.48447027802467346,0.14340739545582706
scvi_matched,PBMC5k_ATCGTGAGTGTGGACA-1,CD4 TEM,1,CD4 TEM,0.22550100088119507,,0.02437265524317378,0.19999999999999996,1.0023856163024902,0.18117662747329955
scvi_matched,PBMC5k_ATCGTGAGTGTTACAC-1,B memory,1,B memory,0.12215185165405273,,0.06090035163752039,0.0,0.46643245220184326,0.03664308970396215
scvi_matched,PBMC5k_ATCTCTACAGCGTATT-1,cDC2,1,cDC2,0.06395018100738525,,0.008479117014947246,0.0,0.14637315273284912,0.02526463268098608
scvi_matched,PBMC5k_ATCTCTACATGAGGGT-1,ILC,0,CD4 TEM,0.4569965600967407,,0.25480067345356994,0.4,1.325697422027588,0.1035858427592241
scvi_matched,PBMC5k_ATCTCTATCACGATAC-1,CD4 TCM,0,CD4 Naive,0.5245509445667267,,0.12184858080710415,0.19999999999999996,1.33878493309021,0.17056409257513455
scvi_matched,PBMC5k_ATCTTCAAGTTGTAAG-1,CD14 Mono,1,CD14 Mono,0.000849604606628418,,0.000335888467928154,0.0,0.011961937882006168,0.0006257506150522443
scvi_matched,PBMC5k_ATCTTCACAAATGCGG-1,CD14 Mono,1,CD14 Mono,0.014445960521697998,,0.009795082731864552,0.0,0.013567991554737091,0.0009735744867951574
scvi_matched,PBMC5k_ATCTTCACATGTGTCA-1,CD14 Mono,1,CD14 Mono,0.0003008842468261719,,0.00027263334361920383,0.0,0.006461131386458874,0.000556685991254062
scvi_matched,PBMC5k_ATCTTCATCACTCCGT-1,CD14 Mono,1,CD14 Mono,0.0014515519142150879,,0.001967202735981881,0.0,0.06322982907295227,0.013458597388029401
scvi_matched,PBMC5k_ATCTTCATCCTAGAGT-1,MAIT,1,MAIT,0.5066702961921692,,0.14980675411895295,0.4,1.4163508415222168,0.23267134831986724
scvi_matched,PBMC5k_ATCTTCATCGTCGCTT-1,NK,1,NK,0.00035190582275390625,,0.0009599943831490251,0.0,0.09525062888860703,0.009184327208965176
scvi_matched,PBMC5k_ATGAAAGGTCATACCA-1,CD4 TCM,0,CD4 Naive,0.6101628541946411,,0.08185824334455871,0.0,1.533940076828003,0.12694071339020854
scvi_matched,PBMC5k_ATGAAAGGTGTGTACT-1,CD16 Mono,1,CD16 Mono,0.06152886152267456,,0.05298364133196931,0.0,0.31269827485084534,0.1642383861673348
scvi_matched,PBMC5k_ATGAAAGGTTGACTAC-1,CD4 TEM,1,CD4 TEM,0.03412330150604248,,0.03391156030794701,0.0,0.7330730557441711,0.09270151664025658
scvi_matched,PBMC5k_ATGACCACAGACCGCT-1,CD4 TCM,1,CD4 TCM,0.5368745028972626,,0.18723499560752432,0.4,1.2605262994766235,0.0872178158657246
scvi_matched,PBMC5k_ATGACCAGTGCGCTCA-1,CD14 Mono,1,CD14 Mono,0.0009778738021850586,,0.0009231480659904617,0.0,0.014058340340852737,0.0007059430977974927
scvi_matched,PBMC5k_ATGAGGGGTTGGATCT-1,CD4 TCM,1,CD4 TCM,0.04025411605834961,,0.010707049935465618,0.0,0.18027804791927338,0.013924903681006648
scvi_matched,PBMC5k_ATGAGGGTCTCTCAAT-1,CD14 Mono,1,CD14 Mono,0.011587083339691162,,0.06146043883437699,0.0,0.12796959280967712,0.014703145427199358
scvi_matched,PBMC5k_ATGAGTCAGAACCGCA-1,CD4 TEM,1,CD4 TEM,0.24701398611068726,,0.06461542973985868,0.4,1.101398229598999,0.15561609162415913
scvi_matched,PBMC5k_ATGAGTCGTGTCCATA-1,CD4 TEM,1,CD4 TEM,0.11154830455780029,,0.0711310359666053,0.0,0.8408462405204773,0.1845967126729435
scvi_matched,PBMC5k_ATGATCGGTAGACGTG-1,CD14 Mono,1,CD14 Mono,0.01800590753555298,,0.010687760099208743,0.0,0.13159503042697906,0.014395555129796437
scvi_matched,PBMC5k_ATGATCGGTCACCGCA-1,CD4 TEM,0,CD4 TCM,0.3273066282272339,,0.18557436613571054,0.0,1.1929025650024414,0.030549045064365843
scvi_matched,PBMC5k_ATGATCGGTCAGCTTA-1,CD4 TCM,1,CD4 TCM,0.2648361921310425,,0.07025321365151482,0.0,0.9526662230491638,0.11611367364806588
scvi_matched,PBMC5k_ATGATCGGTTAGAAGT-1,CD14 Mono,1,CD14 Mono,0.0019668936729431152,,0.002419305858232322,0.0,0.010150848887860775,0.0005869811586637511
scvi_matched,PBMC5k_ATGATCGTCCATTGGA-1,CD14 Mono,1,CD14 Mono,0.014635741710662842,,0.0017496907784855034,0.0,0.09122304618358612,0.004614581174907673
scvi_matched,PBMC5k_ATGCCTCAGAGTCGAC-1,CD4 Naive,0,CD4 TCM,0.3936595916748047,,0.17051427383931284,0.0,1.2943568229675293,0.09412590549884378
scvi_matched,PBMC5k_ATGCCTCGTAGTATAG-1,B intermediate,0,B memory,0.43333059549331665,,0.032649254582400755,0.0,0.4898754060268402,0.06591012239018162
scvi_matched,PBMC5k_ATGCGATGTACGTGTT-1,CD4 TEM,1,CD4 TEM,0.3874552249908447,,0.09571846432651676,0.0,1.1854087114334106,0.07871911492466732
scvi_matched,PBMC5k_ATGCGATGTCACTCAA-1,CD8 TEM,1,CD8 TEM,0.48654669523239136,,0.10782442139874715,0.4,1.4657436609268188,0.05971166780939796
scvi_matched,PBMC5k_ATGGAGGCACATTACG-1,ILC,1,ILC,0.6158176958560944,,0.26968242412816146,0.6,1.580051302909851,0.2602150490961686
scvi_matched,PBMC5k_ATGGAGGGTCGTACTA-1,CD4 TCM,1,CD4 TCM,0.2884034514427185,,0.05522918805735477,0.0,0.7975673675537109,0.0972823961470572
scvi_matched,PBMC5k_ATGGAGGTCACACCGG-1,CD4 TEM,1,CD4 TEM,0.1408976912498474,,0.030993739155807054,0.0,0.9356968998908997,0.15314903732663337
scvi_matched,PBMC5k_ATGGAGGTCTTAGCTT-1,CD14 Mono,1,CD14 Mono,0.12583082914352417,,0.12136772552941083,0.0,0.24907803535461426,0.02108295062512797
scvi_matched,PBMC5k_ATGGATCAGAAGAGCA-1,cDC2,0,CD14 Mono,0.053338706493377686,,0.6340534797127354,0.4,1.3959413766860962,0.01824254453592089
scvi_matched,PBMC5k_ATGGATCAGCGAGAAA-1,B memory,1,B memory,0.06505590677261353,,0.027614309310157625,0.0,0.30181384086608887,0.045194375814400396
scvi_matched,PBMC5k_ATGGATCGTATGCTAC-1,CD14 Mono,1,CD14 Mono,0.00047910213470458984,,0.0005969469496308879,0.0,0.008508557453751564,0.0008372167002178673
scvi_matched,PBMC5k_ATGGATCGTCACTGAT-1,CD14 Mono,1,CD14 Mono,0.0038704872131347656,,0.001054340922341317,0.0,0.017728447914123535,0.0020310904501397026
scvi_matched,PBMC5k_ATGGGAGAGCGGATCA-1,CD14 Mono,1,CD14 Mono,0.0016670823097229004,,0.00033115283585991896,0.0,0.030552463605999947,0.00316414405878135
scvi_matched,PBMC5k_ATGGGAGAGGAAGTAG-1,CD14 Mono,1,CD14 Mono,0.3681643605232239,,0.06335515449603002,0.4,0.9055753946304321,0.1776283644990156
scvi_matched,PBMC5k_ATGGGAGCAAGGCCTC-1,CD14 Mono,1,CD14 Mono,0.00017565488815307617,,0.0003799247286641093,0.0,0.007567217573523521,0.0010466383306880604
scvi_matched,PBMC5k_ATGGGTTAGAGTCCGA-1,CD14 Mono,1,CD14 Mono,0.0003795623779296875,,0.0009432835909557805,0.0,0.019469356164336205,0.0028085926034119037
scvi_matched,PBMC5k_ATGGGTTCATAGTCAC-1,CD4 TCM,0,CD4 Naive,0.49908626079559326,,0.09267983435081284,0.6,1.5928747653961182,0.09521283472234106
scvi_matched,PBMC5k_ATGGGTTCATCGATCA-1,CD14 Mono,1,CD14 Mono,0.00041681528091430664,,0.0011203284604811743,0.0,0.009973721578717232,0.0006827731878642334
scvi_matched,PBMC5k_ATGGGTTGTCTTGGTA-1,CD8 Naive,1,CD8 Naive,0.296691358089447,,0.08185151248392175,0.0,0.20718914270401,0.04374693114072709
scvi_matched,PBMC5k_ATGGGTTGTTCCAAAC-1,B naive,1,B naive,0.31330472230911255,,0.06477036157324284,0.4,0.943896472454071,0.2535619203288173
scvi_matched,PBMC5k_ATGGGTTTCATCGCCT-1,CD4 TCM,1,CD4 TCM,0.5640870928764343,,0.10119931152709216,0.4,1.3923065662384033,0.20496043696740163
scvi_matched,PBMC5k_ATGGTTGGTGTGTCCG-1,CD14 Mono,1,CD14 Mono,0.0002682805061340332,,0.00015004372751911384,0.0,0.009293773211538792,0.0008689670587947205
scvi_matched,PBMC5k_ATGTCCCCATGGCTGC-1,CD4 Naive,1,CD4 Naive,0.49907153844833374,,0.0582887312919953,0.4,1.2017159461975098,0.1882888370271407
scvi_matched,PBMC5k_ATGTCCCGTTTAGACC-1,CD4 TCM,1,CD4 TCM,0.049142658710479736,,0.005909620424774914,0.0,0.3372328579425812,0.0488646582158451
scvi_matched,PBMC5k_ATGTCTTAGACAAGCC-1,B memory,1,B memory,0.021029770374298096,,0.016534240757732965,0.0,0.2892783284187317,0.03655022647581166
scvi_matched,PBMC5k_ATGTCTTAGCCTCCAG-1,NK,1,NK,0.0003173351287841797,,0.00046372714779775205,0.0,0.02218056470155716,0.001908589159582073
scvi_matched,PBMC5k_ATGTCTTAGCTGCGAA-1,CD4 TCM,1,CD4 TCM,0.4667651057243347,,0.10865741487699832,0.19999999999999996,1.160810947418213,0.13653670122336684
scvi_matched,PBMC5k_ATGTCTTCAAGTTTGC-1,CD14 Mono,1,CD14 Mono,0.002852499485015869,,0.000285986029013377,0.0,0.039511539041996,0.002665199128022055
scvi_matched,PBMC5k_ATGTCTTCACTTGAGT-1,CD4 TEM,1,CD4 TEM,0.23016899824142456,,0.047265355114616936,0.19999999999999996,1.072866678237915,0.10901300018222217
scvi_matched,PBMC5k_ATGTCTTCAGTAGGAC-1,CD4 TCM,1,CD4 TCM,0.21226441860198975,,0.024794684042714787,0.0,0.7454883456230164,0.12880319464762532
scvi_matched,PBMC5k_ATGTCTTGTAGAGCTG-1,CD4 Naive,1,CD4 Naive,0.2935939431190491,,0.04793980019879607,0.19999999999999996,1.012580156326294,0.1945788971061598
scvi_matched,PBMC5k_ATTACCTTCTGATTCT-1,CD14 Mono,1,CD14 Mono,0.4100213646888733,,0.025496719948559954,0.0,0.4982559382915497,0.03886159431863931
scvi_matched,PBMC5k_ATTACTCCACGTGTGC-1,CD14 Mono,1,CD14 Mono,0.10584241151809692,,0.01762680538825495,0.0,0.3327772915363312,0.019858790917122608
scvi_matched,PBMC5k_ATTACTCGTGACGTCC-1,gdT,0,CD4 TEM,0.4479330778121948,,0.3085496727846333,0.0,1.1008899211883545,0.047301621215133004
scvi_matched,PBMC5k_ATTATCCAGAACGCGT-1,CD14 Mono,1,CD14 Mono,0.041280925273895264,,0.033081145930149436,0.0,0.22697991132736206,0.043939815737282915
scvi_matched,PBMC5k_ATTATCCAGGTTATAG-1,CD8 Naive,1,CD8 Naive,0.32417768239974976,,0.05831870088163682,0.0,0.6637325882911682,0.1918740122702967
scvi_matched,PBMC5k_ATTATCCCATCTAACG-1,CD4 TEM,0,CD4 TCM,0.4683714509010315,,0.19999482543141567,0.0,0.8670771718025208,0.11258096403937923
scvi_matched,PBMC5k_ATTCACTAGACCTGGA-1,CD14 Mono,1,CD14 Mono,0.02661222219467163,,0.0038156187414671583,0.0,0.10068508982658386,0.006603819585278413
scvi_matched,PBMC5k_ATTCACTCAACCGCCA-1,CD14 Mono,1,CD14 Mono,0.00035834312438964844,,0.00016273526526225206,0.0,0.016748541966080666,0.0020179554535330107
scvi_matched,PBMC5k_ATTCACTTCCACAGCG-1,CD14 Mono,1,CD14 Mono,0.10585671663284302,,0.028693631607538184,0.0,0.18675346672534943,0.03136387434419262
scvi_matched,PBMC5k_ATTCAGGAGCTCCCTT-1,CD14 Mono,1,CD14 Mono,0.008403122425079346,,0.01766765045763663,0.0,0.18975214660167694,0.046300737651066605
scvi_matched,PBMC5k_ATTCATCAGAGTCTGG-1,CD14 Mono,1,CD14 Mono,0.0002219080924987793,,0.0005194945225342803,0.0,0.008493775501847267,0.0008012278567151164
scvi_matched,PBMC5k_ATTCATCAGCATGGGT-1,CD14 Mono,1,CD14 Mono,0.003533482551574707,,0.0008844894056151825,0.0,0.023730432614684105,0.001234197772364884
scvi_matched,PBMC5k_ATTCATCAGGCTCCCA-1,Eryth,0,CD14 Mono,0.02750563621520996,,0.011780083566919175,0.0,0.17229381203651428,0.018602620846382516
scvi_matched,PBMC5k_ATTCATCAGTTAGAAC-1,CD4 TEM,1,CD4 TEM,0.15886276960372925,,0.0464605071953299,0.0,0.9792377948760986,0.08932065900304588
scvi_matched,PBMC5k_ATTCATCCATGCCATA-1,CD14 Mono,1,CD14 Mono,0.0025478005409240723,,0.0005132926292630412,0.0,0.02298407070338726,0.003895843751649153
scvi_matched,PBMC5k_ATTCATCGTGCAGTGA-1,B memory,1,B memory,0.16330742835998535,,0.028213073148618262,0.0,0.19107851386070251,0.02302459268783778
scvi_matched,PBMC5k_ATTCATCTCAATCCGA-1,CD14 Mono,1,CD14 Mono,0.0007241368293762207,,0.0003076417346525298,0.0,0.01432046014815569,0.0011092548728381315
scvi_matched,PBMC5k_ATTCATCTCATTTGCT-1,Treg,1,Treg,0.5269922912120819,,0.09335496895540318,0.0,1.4075428247451782,0.08166262764486458
scvi_matched,PBMC5k_ATTCATCTCGCTTACC-1,CD4 TCM,0,CD4 Naive,0.44297003746032715,,0.09985981428130919,0.4,1.3856520652770996,0.11845301629121406
scvi_matched,PBMC5k_ATTCCATAGCATCAAA-1,NK_CD56bright,1,NK_CD56bright,0.4745985269546509,,0.19275193548520586,0.0,0.47622251510620117,0.07961474969162398
scvi_matched,PBMC5k_ATTCCATGTTAGCTAC-1,CD14 Mono,1,CD14 Mono,0.0019120573997497559,,0.0005356707467362113,0.0,0.0432196781039238,0.005847017885357536
scvi_matched,PBMC5k_ATTCCCGCAAGCACAG-1,cDC2,0,CD14 Mono,0.47956061363220215,,0.06484266089043078,0.19999999999999996,0.7711818814277649,0.1797986778504988
scvi_matched,PBMC5k_ATTCCCGCATTGGGAG-1,ILC,1,ILC,0.6321063935756683,,0.367350340529603,0.19999999999999996,1.7069987058639526,0.24355357127942726
scvi_matched,PBMC5k_ATTCCCGGTCCGGCAT-1,CD4 TCM,1,CD4 TCM,0.530127614736557,,0.1440717500865787,0.0,0.9341970682144165,0.17243838908646703
scvi_matched,PBMC5k_ATTCCTAAGTATTGCC-1,Eryth,1,Eryth,0.1914759874343872,,0.011983043099200896,0.0,0.4566762149333954,0.08981726351331497
scvi_matched,PBMC5k_ATTCCTACATGCGGTC-1,ILC,1,ILC,0.4094495177268982,,0.08639490531584404,0.0,0.8469040989875793,0.12644088145955365
scvi_matched,PBMC5k_ATTCCTATCATTACGG-1,B naive,1,B naive,0.13519668579101562,,0.03598525102872485,0.0,0.6189157366752625,0.11465801282284564
scvi_matched,PBMC5k_ATTCGTTAGCTCAGAG-1,ILC,0,CD4 TCM,0.5098849534988403,,0.053315637221412304,0.0,0.8806696534156799,0.11281092456418668
scvi_matched,PBMC5k_ATTCTACAGTCCCAAT-1,Treg,0,CD4 TCM,0.6537890136241913,,0.1731749272637375,0.19999999999999996,1.5023425817489624,0.08333033803250574
scvi_matched,PBMC5k_ATTCTACAGTCTCGTA-1,CD14 Mono,1,CD14 Mono,0.04126381874084473,,0.01784206374603775,0.0,0.2343759685754776,0.05059123363880869
scvi_matched,PBMC5k_ATTCTACAGTGCAGGT-1,CD4 TCM,1,CD4 TCM,0.21720820665359497,,0.06383969572963766,0.0,0.6258207559585571,0.06384484797695363
scvi_matched,PBMC5k_ATTCTTGAGCGTTAGG-1,NK,1,NK,0.00023502111434936523,,0.001472238511305686,0.0,0.07325141131877899,0.009325257655669257
scvi_matched,PBMC5k_ATTCTTGTCTTGTTAC-1,CD14 Mono,1,CD14 Mono,0.06856685876846313,,0.008911441264125075,0.0,0.34358465671539307,0.04724794054019036
scvi_matched,PBMC5k_ATTGGGTAGACTAGAT-1,NK,1,NK,0.28519004583358765,,0.03957837885991344,0.19999999999999996,0.6613093614578247,0.20021988869298807
scvi_matched,PBMC5k_ATTGGGTAGACTGTTC-1,CD14 Mono,1,CD14 Mono,0.00031936168670654297,,0.0022483895103616557,0.0,0.035655684769153595,0.005576067758409996
scvi_matched,PBMC5k_ATTGGGTAGAGGATCC-1,CD14 Mono,1,CD14 Mono,0.0007144808769226074,,0.00023742740416099473,0.0,0.012655059807002544,0.000990723442048406
scvi_matched,PBMC5k_ATTGGGTCAGGTGGAT-1,CD4 Naive,1,CD4 Naive,0.09594929218292236,,0.018860405668752078,0.0,0.34644198417663574,0.0488741292625114
scvi_matched,PBMC5k_ATTGGGTGTGAGCGAT-1,CD14 Mono,1,CD14 Mono,0.002591431140899658,,0.0007437560084285269,0.0,0.05273512378334999,0.007022296714814819
scvi_matched,PBMC5k_ATTGGGTGTGTACAGG-1,CD4 Naive,1,CD4 Naive,0.045202672481536865,,0.017877997011875035,0.0,0.6602033376693726,0.028848774162211006
scvi_matched,PBMC5k_ATTGGGTTCGCTGTTC-1,CD8 TEM,0,CD4 TEM,0.5464895963668823,,0.20599045323481135,0.4,1.5398577451705933,0.07578258046848593
scvi_matched,PBMC5k_ATTGTTCCAGTGAGCA-1,CD14 Mono,1,CD14 Mono,0.00037872791290283203,,0.0017697926689082665,0.0,0.02582225762307644,0.0018322319575096724
scvi_matched,PBMC5k_ATTGTTCCATGGACAG-1,CD4 Naive,0,CD4 TCM,0.5205241739749908,,0.08558967639378068,0.19999999999999996,1.1801282167434692,0.1487843465277934
scvi_matched,PBMC5k_ATTGTTCGTGGCTTAT-1,NK,1,NK,0.0009647607803344727,,0.0006414289474680184,0.0,0.058066025376319885,0.007433625681224607
scvi_matched,PBMC5k_ATTGTTCGTTCTCTAT-1,B intermediate,1,B intermediate,0.18759644031524658,,0.03447414835215856,0.0,0.6170418858528137,0.1093811388722082
scvi_matched,PBMC5k_ATTGTTCTCAAAGAAC-1,ILC,0,CD4 Naive,0.5349727869033813,,0.17544307043799523,0.6,1.9227566719055176,0.04260613631905115
scvi_matched,PBMC5k_ATTTACCAGCATATGA-1,CD14 Mono,1,CD14 Mono,0.0009401440620422363,,0.0004783137945455814,0.0,0.021532202139496803,0.0016412484146932716
scvi_matched,PBMC5k_ATTTACCCATTCGATG-1,CD14 Mono,1,CD14 Mono,0.009610593318939209,,0.05361276985018751,0.0,0.20514796674251556,0.02273292411970471
scvi_matched,PBMC5k_ATTTCACAGCGAGTAC-1,NK,1,NK,0.00306093692779541,,0.0035892795677885114,0.0,0.35722100734710693,0.06541354896522192
scvi_matched,PBMC5k_ATTTCACCACAAGCCC-1,CD4 Naive,1,CD4 Naive,0.11368352174758911,,0.14927299085491263,0.0,1.300460696220398,0.1924291339466744
scvi_matched,PBMC5k_ATTTCACGTCCATACA-1,CD14 Mono,1,CD14 Mono,0.0007115602493286133,,0.004402705347084784,0.0,0.01659378968179226,0.0009340974909923369
scvi_matched,PBMC5k_ATTTCACTCATCGCTC-1,CD4 TEM,0,CD4 TCM,0.4945332407951355,,0.04841424999815702,0.19999999999999996,0.9489634037017822,0.16297820358178403
scvi_matched,PBMC5k_ATTTCACTCGCTCTCA-1,B intermediate,1,B intermediate,0.1534510850906372,,0.05234862790582928,0.0,0.5623244643211365,0.06673118791678107
scvi_matched,PBMC5k_ATTTCTGCAGAGGGTT-1,CD14 Mono,1,CD14 Mono,0.002828061580657959,,0.0008912465481967849,0.0,0.012810410000383854,0.0010390009454972736
scvi_matched,PBMC5k_CAAAGAAAGATGACCG-1,CD4 TEM,1,CD4 TEM,0.47777092456817627,,0.054656585065992025,0.0,0.8943798542022705,0.06819401909459467
scvi_matched,PBMC5k_CAACAACAGAGGATGA-1,NK,1,NK,0.00157928466796875,,0.001083690360982435,0.0,0.03802287206053734,0.0045564506443635175
scvi_matched,PBMC5k_CAACAACAGGGAGTGG-1,CD14 Mono,1,CD14 Mono,0.054690420627593994,,0.009767224613726477,0.0,0.13774745166301727,0.01910753995123461
scvi_matched,PBMC5k_CAACAACCAAGCCCAC-1,CD4 TCM,1,CD4 TCM,0.13853132724761963,,0.05423396187122809,0.0,0.79727703332901,0.09659697386429349
scvi_matched,PBMC5k_CAACAACGTGGGTCAA-1,CD16 Mono,1,CD16 Mono,0.00022143125534057617,,0.00014441132368387148,0.0,0.0024910662323236465,0.00040294850734291354
scvi_matched,PBMC5k_CAACAACGTTTAGTCG-1,CD4 TEM,1,CD4 TEM,0.35962390899658203,,0.04779477453855796,0.0,1.0116007328033447,0.10350523276983391
scvi_matched,PBMC5k_CAACAGTAGCACGGAT-1,CD4 Naive,0,CD4 TCM,0.671877920627594,,0.273397308078013,0.0,1.6945290565490723,0.12602716637024214
scvi_matched,PBMC5k_CAACAGTAGGTCGTAG-1,CD14 Mono,1,CD14 Mono,0.002286076545715332,,0.0008503921388562426,0.0,0.02210249938070774,0.0030463665383251752
scvi_matched,PBMC5k_CAACAGTCAGTAGAAT-1,CD14 Mono,1,CD14 Mono,0.0019478797912597656,,0.0012254421958718745,0.0,0.055864788591861725,0.00861004315220605
scvi_matched,PBMC5k_CAACAGTTCCACGTGG-1,CD16 Mono,1,CD16 Mono,0.01361238956451416,,0.001017352723239509,0.0,0.0800601914525032,0.02278133082937157
scvi_matched,PBMC5k_CAACCAAAGGATGTTA-1,CD4 Naive,1,CD4 Naive,0.48709678649902344,,0.1681045757427917,0.0,1.0674701929092407,0.08620061158578343
scvi_matched,PBMC5k_CAACCAAAGGGTGAAA-1,CD14 Mono,1,CD14 Mono,0.028304219245910645,,0.0035299315905434198,0.0,0.18950287997722626,0.030630216561451803
scvi_matched,PBMC5k_CAACCAATCCATCACC-1,CD14 Mono,1,CD14 Mono,0.004820108413696289,,0.0006168153027586096,0.0,0.04107344523072243,0.004119496072607884
scvi_matched,PBMC5k_CAACCTCAGCAGATAT-1,CD4 Naive,1,CD4 Naive,0.3546586036682129,,0.24500495437732184,0.4,1.35428786277771,0.09859222400429717
scvi_matched,PBMC5k_CAACCTCAGCGTGCCT-1,CD4 TEM,1,CD4 TEM,0.17260009050369263,,0.03636469503663853,0.19999999999999996,1.1505622863769531,0.13463058708300368
scvi_matched,PBMC5k_CAACCTCCATTACGGT-1,ILC,0,CD4 TCM,0.23667973279953003,,0.06916060879360741,0.0,1.0410921573638916,0.09783735082755891
scvi_matched,PBMC5k_CAACCTCGTCAACCAT-1,ILC,0,CD4 TCM,0.1843705177307129,,0.06088597393491957,0.0,0.46972957253456116,0.06242264851558792
scvi_matched,PBMC5k_CAACGATGTATGGTTC-1,CD4 Naive,1,CD4 Naive,0.38349664211273193,,0.07488996037319473,0.0,1.342111349105835,0.027347998242334574
scvi_matched,PBMC5k_CAACGATGTGCAATGG-1,CD8 Naive,1,CD8 Naive,0.1963667869567871,,0.07636584155511073,0.0,0.5193008780479431,0.08284823698765673
scvi_matched,PBMC5k_CAACGATGTTAAGACA-1,CD14 Mono,1,CD14 Mono,0.027991771697998047,,0.004519704516479289,0.0,0.2089257538318634,0.01863776558278371
scvi_matched,PBMC5k_CAACGATTCAGGACGA-1,Eryth,0,CD14 Mono,0.005459249019622803,,0.00390332066763964,0.0,0.03795640915632248,0.0031523269229092083
scvi_matched,PBMC5k_CAACGATTCTGTGCGG-1,CD4 TCM,1,CD4 TCM,0.10985702276229858,,0.02345207734521748,0.0,0.4919135868549347,0.04162041993779792
scvi_matched,PBMC5k_CAACGGCAGACAGTCG-1,CD16 Mono,1,CD16 Mono,0.007260501384735107,,0.0019945637408492686,0.0,0.03252001106739044,0.007927726363918947
scvi_matched,PBMC5k_CAACGGCCATGGTGGA-1,CD4 Naive,1,CD4 Naive,0.24993693828582764,,0.14116616417147543,0.19999999999999996,1.196938395500183,0.2382844653417612
scvi_matched,PBMC5k_CAACGGCGTTAGAAAC-1,CD8 TCM,0,gdT,0.3866041302680969,,0.30419345040358037,0.0,1.2934839725494385,0.006409774619509035
scvi_matched,PBMC5k_CAACGGCTCCCGTTGT-1,CD8 TCM,0,gdT,0.28136205673217773,,0.26334824223424336,0.19999999999999996,1.4032421112060547,0.15491794385377947
scvi_matched,PBMC5k_CAAGACTAGCGAGGAG-1,Eryth,0,CD14 Mono,0.012460708618164062,,0.010076186624231903,0.0,0.09025485813617706,0.011418163085868127
scvi_matched,PBMC5k_CAAGACTAGGTTCATC-1,CD14 Mono,1,CD14 Mono,0.010583698749542236,,0.0029130562232821122,0.0,0.1873176395893097,0.034516167352855454
scvi_matched,PBMC5k_CAAGACTAGTGCAGCA-1,CD4 Naive,1,CD4 Naive,0.32251107692718506,,0.2465751421029836,0.19999999999999996,1.389629602432251,0.14248023104152738
scvi_matched,PBMC5k_CAAGACTCAATTGCTG-1,MAIT,0,CD4 TEM,0.30895739793777466,,0.20379644685404652,0.4,1.4650061130523682,0.2864302823079866
scvi_matched,PBMC5k_CAAGACTCACTCCACT-1,CD4 TCM,1,CD4 TCM,0.11187797784805298,,0.021209003209103627,0.0,0.31573250889778137,0.023251919992034627
scvi_matched,PBMC5k_CAAGCTAAGCACCTGC-1,CD14 Mono,1,CD14 Mono,0.00030517578125,,0.0007490312130965151,0.0,0.008999465964734554,0.0008952271261765264
scvi_matched,PBMC5k_CAAGCTACAAGAATGT-1,NK,1,NK,0.03750842809677124,,0.027207198592371085,0.0,1.089843511581421,0.1547349690780375
scvi_matched,PBMC5k_CAAGCTACAATCAGCT-1,CD14 Mono,1,CD14 Mono,0.0006230473518371582,,0.00035017574349303134,0.0,0.019834507256746292,0.0027461612124681793
scvi_matched,PBMC5k_CAAGCTAGTCAAGGCA-1,CD14 Mono,1,CD14 Mono,0.005355954170227051,,0.0020619928676157417,0.0,0.03813556954264641,0.003207989554382825
scvi_matched,PBMC5k_CAAGCTATCGGCTCTT-1,B naive,1,B naive,0.12787383794784546,,0.027428123372417984,0.0,0.46883922815322876,0.08695824275335408
scvi_matched,PBMC5k_CAAGGGAAGCCAGACA-1,CD14 Mono,1,CD14 Mono,0.0042324066162109375,,0.0029176380697416363,0.0,0.1423923224210739,0.021416352633771677
scvi_matched,PBMC5k_CAAGGGAGTAATGCTC-1,CD4 TCM,1,CD4 TCM,0.473575234413147,,0.06455373581019819,0.0,1.0184828042984009,0.11325409416760818
scvi_matched,PBMC5k_CAAGGGAGTAGGGTAC-1,CD14 Mono,1,CD14 Mono,0.4341050386428833,,0.05413402655754773,0.0,0.641478419303894,0.1308963497954105
scvi_matched,PBMC5k_CAAGGGAGTAGTCACT-1,ILC,0,CD4 TCM,0.5739555954933167,,0.12891051921524666,0.0,0.8901364207267761,0.053899683075644994
scvi_matched,PBMC5k_CAAGGGAGTTCCGGTG-1,CD8 TEM,0,CD4 TEM,0.12863564491271973,,0.14685809983288456,0.0,1.3057432174682617,0.005897002867369083
scvi_matched,PBMC5k_CAAGGGAGTTGCTGAT-1,B memory,1,B memory,0.11990600824356079,,0.0034468871950050217,0.0,0.3003459870815277,0.06245069130197358
scvi_matched,PBMC5k_CAATACGAGCTCATAC-1,CD14 Mono,1,CD14 Mono,0.0011439323425292969,,0.0003274719869595707,0.0,0.007329491898417473,0.0007449323876250597
scvi_matched,PBMC5k_CAATCGAAGACGACGT-1,CD4 TCM,1,CD4 TCM,0.6645056307315826,,0.11626933670269413,0.4,1.328940749168396,0.0532047232825514
scvi_matched,PBMC5k_CAATGACAGGGTTGCA-1,ILC,0,CD4 TCM,0.2181617021560669,,0.010515867571836535,0.0,0.5609293580055237,0.04492400559409741
scvi_matched,PBMC5k_CAATGACAGTGCCGAA-1,CD14 Mono,1,CD14 Mono,0.0004671812057495117,,0.0001612406365546085,0.0,0.006493739318102598,0.0004804514723172847
scvi_matched,PBMC5k_CAATGACGTCGCTCGA-1,B naive,1,B naive,0.11382704973220825,,0.05316873159231622,0.0,0.7838287353515625,0.21402894774969886
scvi_matched,PBMC5k_CAATTTCCACGCGCAT-1,NK,1,NK,5.054473876953125e-05,,2.4143824658965588e-05,0.0,0.002129567787051201,0.00018285406258031534
scvi_matched,PBMC5k_CACAACAAGGCTCACC-1,CD4 Naive,1,CD4 Naive,0.4294138550758362,,0.04191471833191085,0.4,0.8221070766448975,0.11301042266661085
scvi_matched,PBMC5k_CACAACAAGTAAGGGA-1,ILC,0,CD4 TCM,0.2935708165168762,,0.05125837076609807,0.19999999999999996,1.3453280925750732,0.08818038255941263
scvi_matched,PBMC5k_CACAACAGTCGCATGC-1,CD8 Naive,1,CD8 Naive,0.15786170959472656,,0.0407185300263605,0.0,0.5121036767959595,0.12373667443743805
scvi_matched,PBMC5k_CACAACAGTCTACAGT-1,CD4 TEM,0,CD8 TCM,0.2923787236213684,,0.192118083121259,0.6,1.3603787422180176,0.10436025324004054
scvi_matched,PBMC5k_CACAACAGTGCCTAAT-1,ILC,0,CD4 TCM,0.346139132976532,,0.06681021152379607,0.0,0.8359298706054688,0.1147737771900428
scvi_matched,PBMC5k_CACAACATCATCGCCT-1,CD4 TCM,0,CD8 TCM,0.35488367080688477,,0.11178597264150869,0.4,1.2608683109283447,0.0822709999737662
scvi_matched,PBMC5k_CACAACATCGACATCA-1,B memory,1,B memory,0.38920772075653076,,0.04698702982828529,0.0,0.5761141180992126,0.07578940343100425
scvi_matched,PBMC5k_CACAACATCTAGAACC-1,CD14 Mono,1,CD14 Mono,0.058890700340270996,,0.04837367863570341,0.0,0.4219765067100525,0.08504703390816686
scvi_matched,PBMC5k_CACACAAAGGAAGTCC-1,CD8 TCM,1,CD8 TCM,0.15488064289093018,,0.02665776450318358,0.0,1.522742509841919,0.07146823940203882
scvi_matched,PBMC5k_CACACAAAGGGACACT-1,CD14 Mono,1,CD14 Mono,0.015459239482879639,,0.002992615599001769,0.0,0.3505646884441376,0.10736045464440604
scvi_matched,PBMC5k_CACACAAAGTACCCTA-1,NK,1,NK,0.010438919067382812,,0.01766347215772479,0.19999999999999996,0.6026540994644165,0.19020818829798586
scvi_matched,PBMC5k_CACACAAAGTTGAAGT-1,NK,1,NK,0.0032514333724975586,,0.004647201092709732,0.0,0.12669728696346283,0.016866277289402674
scvi_matched,PBMC5k_CACAGATAGACCAACG-1,CD4 TCM,1,CD4 TCM,0.07605189085006714,,0.04267737543641725,0.0,0.6129726767539978,0.06506511431064593
scvi_matched,PBMC5k_CACAGATGTAGCGAGT-1,NK,1,NK,0.00029844045639038086,,0.0011364426928915459,0.0,0.10500086098909378,0.017336589770492808
scvi_matched,PBMC5k_CACAGATGTGTCCCTT-1,NK,1,NK,0.005847036838531494,,0.001169498407812504,0.0,0.07552032172679901,0.007911321487942071
scvi_matched,PBMC5k_CACAGGCAGCCACTCG-1,Treg,1,Treg,0.38332223892211914,,0.10605348863036546,0.0,0.7477698922157288,0.019333517217139398
scvi_matched,PBMC5k_CACAGGCAGTATTAGG-1,CD14 Mono,1,CD14 Mono,0.014663159847259521,,0.012153778933867168,0.0,0.06445758044719696,0.008494378654251625
scvi_matched,PBMC5k_CACAGGCCAACACAGG-1,NK,1,NK,0.0022590160369873047,,0.008015076902413307,0.0,0.22002145648002625,0.015333026669365242
scvi_matched,PBMC5k_CACAGGCTCGATACTG-1,CD4 TCM,1,CD4 TCM,0.04971742630004883,,0.009730679689477717,0.0,0.318817138671875,0.047555106673752595
scvi_matched,PBMC5k_CACAGGCTCTATCCAT-1,CD4 TCM,1,CD4 TCM,0.04559683799743652,,0.09390341535294822,0.4,1.2146508693695068,0.18144399936078998
scvi_matched,PBMC5k_CACATGAAGCGTGAAC-1,CD8 TEM,1,CD8 TEM,0.026421785354614258,,0.011824531897117768,0.0,0.27651044726371765,0.0331685579100205
scvi_matched,PBMC5k_CACATGAAGTTCTACG-1,CD8 TEM,0,gdT,0.39557647705078125,,0.1282067440213427,0.19999999999999996,1.3206651210784912,0.11728335793543415
scvi_matched,PBMC5k_CACATGAGTGTGTGGA-1,B memory,1,B memory,0.1848551630973816,,0.01027858947288729,0.0,0.40455159544944763,0.057928266028893005
scvi_matched,PBMC5k_CACATGATCCGATGTA-1,CD14 Mono,1,CD14 Mono,0.012749433517456055,,0.029200463732752896,0.0,0.05387096852064133,0.00462435676066968
scvi_matched,PBMC5k_CACCAAAAGGCTAAAT-1,CD4 Naive,1,CD4 Naive,0.2480650544166565,,0.11721298728492191,0.19999999999999996,0.9096871018409729,0.15608999158868656
scvi_matched,PBMC5k_CACCAAACATAGAAAC-1,CD4 Naive,1,CD4 Naive,0.48455941677093506,,0.18220706301335632,0.0,1.4726688861846924,0.16699252406698253
scvi_matched,PBMC5k_CACCAAACATAGTCGT-1,CD14 Mono,1,CD14 Mono,0.0033002495765686035,,0.015145966795034604,0.0,0.1738204061985016,0.021683372772743154
scvi_matched,PBMC5k_CACCAAACATGGAACG-1,CD4 TCM,1,CD4 TCM,0.41350239515304565,,0.11921941259269975,0.0,0.7903441190719604,0.06323448525166177
scvi_matched,PBMC5k_CACCAAAGTCAGTCTA-1,CD4 Naive,0,CD4 TCM,0.44430011510849,,0.032664057485992326,0.4,1.0928534269332886,0.20409800410481846
scvi_matched,PBMC5k_CACCAAAGTGCCTAAT-1,ILC,0,CD4 TCM,0.35114341974258423,,0.07622221711760968,0.0,1.0675126314163208,0.04433197862488281
scvi_matched,PBMC5k_CACCAAATCAATCTTC-1,CD14 Mono,1,CD14 Mono,0.0007923245429992676,,0.0006076031528579866,0.0,0.011469426564872265,0.001065564178784055
scvi_matched,PBMC5k_CACCGTTCACATACTG-1,CD4 TEM,1,CD4 TEM,0.19928771257400513,,0.040108683184326255,0.19999999999999996,1.2400230169296265,0.13375858933640722
scvi_matched,PBMC5k_CACCGTTGTTAAACCC-1,CD4 TEM,1,CD4 TEM,0.12777620553970337,,0.1264518472355346,0.0,0.8446584343910217,0.07975568019617656
scvi_matched,PBMC5k_CACCGTTTCCATTTAC-1,CD14 Mono,1,CD14 Mono,0.0005412697792053223,,0.00014179453816940898,0.0,0.012156668119132519,0.0010660287888648917
scvi_matched,PBMC5k_CACGAATCATGGGTCC-1,Eryth,0,CD14 Mono,0.18146157264709473,,0.07337241465432154,0.19999999999999996,0.6311363577842712,0.128095832315971
scvi_matched,PBMC5k_CACGAATGTGGGATTG-1,CD8 TEM,1,CD8 TEM,0.3672906756401062,,0.06371144973394038,0.4,0.9435120820999146,0.196462305039658
scvi_matched,PBMC5k_CACGAATGTTAGGCTT-1,CD14 Mono,1,CD14 Mono,0.0004526972770690918,,0.0002613478647485179,0.0,0.00705104973167181,0.000473360813493414
scvi_matched,PBMC5k_CACGAATTCATTGTGG-1,CD14 Mono,1,CD14 Mono,0.00012409687042236328,,0.0006341058331311988,0.0,0.007315588183701038,0.0008012565997223375
scvi_matched,PBMC5k_CACGGGTAGATGCTAA-1,CD4 Naive,0,CD4 TCM,0.3031357526779175,,0.2289830588200924,0.0,1.07181978225708,0.08008965964701506
scvi_matched,PBMC5k_CACGGGTAGGCAGGGA-1,CD8 TCM,0,gdT,0.2732943892478943,,0.1759518240700051,0.6,1.5105842351913452,0.1278133781375023
scvi_matched,PBMC5k_CACGGGTTCAAGCGTT-1,CD14 Mono,1,CD14 Mono,0.010943770408630371,,0.02748263086982894,0.0,0.34960702061653137,0.05595162751925393
scvi_matched,PBMC5k_CACGTGGAGATTGATG-1,CD14 Mono,1,CD14 Mono,0.032615482807159424,,0.005686449173757498,0.0,0.054929282516241074,0.0035144316045086802
scvi_matched,PBMC5k_CACGTGGAGCTTAGTC-1,CD4 TCM,1,CD4 TCM,0.5476488471031189,,0.09421284540487362,0.0,0.9197685718536377,0.061013023160708495
scvi_matched,PBMC5k_CACGTGGGTAGCTGTT-1,CD14 Mono,1,CD14 Mono,0.013129889965057373,,0.00792685597317594,0.0,0.10336938500404358,0.015768746832605377
scvi_matched,PBMC5k_CACGTGGGTCTAGTGT-1,MAIT,1,MAIT,0.09919160604476929,,0.1209748783504403,0.0,0.8522192239761353,0.13649069299111186
scvi_matched,PBMC5k_CACGTGGTCAATCTTC-1,CD4 TCM,1,CD4 TCM,0.006223797798156738,,0.003557766165995277,0.0,0.14259280264377594,0.011995645423093726
scvi_matched,PBMC5k_CACGTGGTCGAAGCCC-1,CD14 Mono,1,CD14 Mono,0.002430856227874756,,0.0007412153597157883,0.0,0.022599903866648674,0.0030542980622959097
scvi_matched,PBMC5k_CACGTTCAGAGCCTGA-1,Treg,0,CD4 TCM,0.3491818308830261,,0.1073189464570935,0.0,1.0116307735443115,0.0152644662547819
scvi_matched,PBMC5k_CACTAAGAGACATACA-1,NK,1,NK,0.006630957126617432,,0.026067276046680188,0.0,0.4579661190509796,0.1395653673486329
scvi_matched,PBMC5k_CACTAAGAGTATTCCG-1,CD8 TEM,1,CD8 TEM,0.17201125621795654,,0.03841138833480562,0.0,0.4446291923522949,0.09468639126897663
scvi_matched,PBMC5k_CACTAAGCAGCGTAGA-1,CD14 Mono,1,CD14 Mono,0.0009868144989013672,,0.00018218785153437198,0.0,0.008314264938235283,0.000821027720614659
scvi_matched,PBMC5k_CACTAAGGTGTCTTGA-1,B naive,0,B memory,0.5102720856666565,,0.056654299298728894,0.4,0.9071847200393677,0.03750490159727489
scvi_matched,PBMC5k_CACTGAAAGACGGTCA-1,CD14 Mono,1,CD14 Mono,0.00032401084899902344,,0.002604622232064483,0.0,0.032714881002902985,0.003746437689671087
scvi_matched,PBMC5k_CACTGAAAGCGTCAAG-1,CD14 Mono,1,CD14 Mono,0.003323078155517578,,0.0008186460963935174,0.0,0.04167938977479935,0.004535357199306563
scvi_matched,PBMC5k_CACTGAAGTACAAGCG-1,CD8 TEM,1,CD8 TEM,0.4556517004966736,,0.10619903852018897,0.6,1.604217290878296,0.10643872861019857
scvi_matched,PBMC5k_CACTGAAGTGGTCTAT-1,CD8 Naive,1,CD8 Naive,0.5660292506217957,,0.10581678452950705,0.0,0.914222240447998,0.14016305355889946
scvi_matched,PBMC5k_CACTGAATCACTTCTA-1,CD4 Naive,0,CD4 TCM,0.5017620623111725,,0.09578565985663501,0.0,0.7522788047790527,0.14074098832741033
scvi_matched,PBMC5k_CACTGAATCAGGTAAA-1,CD14 Mono,1,CD14 Mono,0.023230254650115967,,0.00901448810239601,0.0,0.11867969483137131,0.019999707045182325
scvi_matched,PBMC5k_CACTGAATCCGAGCTG-1,CD4 TEM,1,CD4 TEM,0.19032108783721924,,0.033833802024096804,0.0,0.9731924533843994,0.08868835409214142
scvi_matched,PBMC5k_CACTGAATCCGTGTAA-1,CD4 Naive,0,CD4 TCM,0.5260125994682312,,0.12515030422098394,0.0,1.0216234922409058,0.09823717994840041
scvi_matched,PBMC5k_CACTGAATCCTCGATC-1,CD14 Mono,1,CD14 Mono,0.00026613473892211914,,0.0001595220898927014,0.0,0.010145860724151134,0.0012445587493374437
scvi_matched,PBMC5k_CACTGGGCAAACCATC-1,CD14 Mono,1,CD14 Mono,0.001510024070739746,,0.001736597309375268,0.0,0.01636348105967045,0.001430543603436952
scvi_matched,PBMC5k_CACTGGGTCGTCGATA-1,Eryth,1,Eryth,0.08611690998077393,,0.0057999209344823666,0.0,0.32554689049720764,0.10816046134640216
scvi_matched,PBMC5k_CACTGTCCAGCATGCC-1,CD4 Naive,1,CD4 Naive,0.3990269899368286,,0.10758495181595862,0.4,0.9560542702674866,0.10605626656560463
scvi_matched,PBMC5k_CACTGTCCAGGACATG-1,CD14 Mono,1,CD14 Mono,0.00022107362747192383,,0.00023256965605019265,0.0,0.005766306538134813,0.00056361548309392
scvi_matched,PBMC5k_CACTGTCGTGCACGCT-1,CD14 Mono,1,CD14 Mono,0.04966616630554199,,0.15069296405586868,0.4,0.8710852861404419,0.19971731494101472
scvi_matched,PBMC5k_CACTTCGAGATGACCG-1,CD4 TCM,1,CD4 TCM,0.3677063584327698,,0.06368909196555383,0.0,1.2325174808502197,0.10846134362382202
scvi_matched,PBMC5k_CACTTCGCAACCCTCT-1,CD16 Mono,1,CD16 Mono,0.009623587131500244,,0.0018521767597881808,0.0,0.006415624637156725,0.0012577911977611565
scvi_matched,PBMC5k_CACTTCGGTCGTTCAA-1,CD8 TEM,0,CD8 TCM,0.6335667669773102,,0.3832160886106768,0.0,1.5883944034576416,0.06836240926423115
scvi_matched,PBMC5k_CACTTCGTCAAGAAAC-1,CD8 Naive,1,CD8 Naive,0.06427216529846191,,0.014167045685214541,0.0,0.22595134377479553,0.016330937573733665
scvi_matched,PBMC5k_CACTTCGTCCTGCTAC-1,NK,1,NK,0.00022655725479125977,,5.7421411333431933e-05,0.0,0.007108157500624657,0.0005666911060045845
scvi_matched,PBMC5k_CACTTCGTCGTAGTGT-1,NK,1,NK,0.001053154468536377,,0.0025141130856593877,0.0,0.39983874559402466,0.06513985790624284
scvi_matched,PBMC5k_CAGAGCCAGAGTCACG-1,CD4 Naive,1,CD4 Naive,0.5593737959861755,,0.1602485710711392,0.4,1.3125802278518677,0.2527306496087523
scvi_matched,PBMC5k_CAGAGCCCATAGTCAC-1,ILC,0,CD4 TCM,0.014262795448303223,,0.012989519274906963,0.0,0.20052380859851837,0.015460697783289606
scvi_matched,PBMC5k_CAGAGCCGTGGACTGA-1,CD4 TCM,1,CD4 TCM,0.36240023374557495,,0.16277267551019858,0.19999999999999996,1.2614175081253052,0.14157478504223509
scvi_matched,PBMC5k_CAGAGCCTCAAATAGG-1,CD14 Mono,1,CD14 Mono,0.0019717812538146973,,0.001197420231302565,0.0,0.013068410567939281,0.0010369836224595366
scvi_matched,PBMC5k_CAGATACGTGGTCTCG-1,gdT,0,MAIT,0.12654584646224976,,0.13758091206771905,0.0,0.8093588352203369,0.08115046011378084
scvi_matched,PBMC5k_CAGATCAAGATAGCTA-1,CD14 Mono,1,CD14 Mono,0.23041635751724243,,0.08182164620511656,0.4,0.6852582693099976,0.17847052769703026
scvi_matched,PBMC5k_CAGATCAAGTCCTGTA-1,CD4 TEM,1,CD4 TEM,0.24728894233703613,,0.07235961252452328,0.0,1.0834195613861084,0.09836702815551518
scvi_matched,PBMC5k_CAGATCACACGACAGA-1,CD8 TEM,1,CD8 TEM,0.11652231216430664,,0.05123699211336796,0.0,0.9018290638923645,0.1284026349553751
scvi_matched,PBMC5k_CAGATCAGTTCAAGGG-1,CD4 Naive,1,CD4 Naive,0.09917610883712769,,0.046606332634005154,0.19999999999999996,0.7642446160316467,0.2915625275759231
scvi_matched,PBMC5k_CAGATTGAGGTAGTCG-1,gdT,0,MAIT,0.2771671414375305,,0.09889926047201003,0.19999999999999996,1.1662062406539917,0.03567737371641543
scvi_matched,PBMC5k_CAGATTGGTGCATGAG-1,CD4 Naive,0,CD4 TCM,0.5239810943603516,,0.08342940258640652,0.4,0.9601433873176575,0.2229377309814612
scvi_matched,PBMC5k_CAGATTGTCCAATGCA-1,Treg,1,Treg,0.1903432011604309,,0.042628370109293545,0.0,1.3546208143234253,0.10233594333975483
scvi_matched,PBMC5k_CAGATTGTCGACCCAG-1,CD16 Mono,1,CD16 Mono,0.4903152585029602,,0.09360045495490621,0.0,0.33436837792396545,0.043582622838750966
scvi_matched,PBMC5k_CAGCAATAGCTGGCCT-1,CD8 TEM,0,NK,0.38691937923431396,,0.15987863728921892,0.19999999999999996,0.6815465092658997,0.24941276971199086
scvi_matched,PBMC5k_CAGCAATAGGGTGAAA-1,B intermediate,1,B intermediate,0.39955824613571167,,0.08344092916247614,0.19999999999999996,0.9338092803955078,0.08892490691492358
scvi_matched,PBMC5k_CAGCAATGTGATGGCA-1,cDC2,1,cDC2,0.00016355514526367188,,4.8753716145581976e-05,0.0,0.00038587336894124746,2.31090951310683e-05
scvi_matched,PBMC5k_CAGCACGAGCTAATCC-1,CD14 Mono,1,CD14 Mono,0.0015233159065246582,,0.0005455023043514223,0.0,0.010729094967246056,0.0014119419983336452
scvi_matched,PBMC5k_CAGCACGCACATTACG-1,CD4 TEM,1,CD4 TEM,0.09581488370895386,,0.05408843497957594,0.0,0.49384036660194397,0.04301686542511365
scvi_matched,PBMC5k_CAGCACGCATGTCGTA-1,CD14 Mono,1,CD14 Mono,0.000899195671081543,,0.0002965201891858204,0.0,0.006982382852584124,0.0007509781779320697
scvi_matched,PBMC5k_CAGCACGGTGTCCAAT-1,CD14 Mono,1,CD14 Mono,0.06605970859527588,,0.009481222252011534,0.0,0.17264324426651,0.026431915928692463
scvi_matched,PBMC5k_CAGCACGTCCCACAGG-1,CD8 TEM,0,NK,0.004739344120025635,,0.2914968971614845,0.0,0.08179399371147156,0.005495034845963487
scvi_matched,PBMC5k_CAGCACGTCGTACACA-1,CD14 Mono,1,CD14 Mono,0.14953631162643433,,0.2306774333280499,0.0,0.646332859992981,0.07264622736396144
scvi_matched,PBMC5k_CAGCAGCAGGGTCAAC-1,B memory,1,B memory,0.05819976329803467,,0.028056421348497618,0.0,0.3915424346923828,0.035554496176860614
scvi_matched,PBMC5k_CAGCAGCTCTGCTTAT-1,CD4 Naive,1,CD4 Naive,0.032899320125579834,,0.002997943670733194,0.0,0.6046697497367859,0.05372633074593401
scvi_matched,PBMC5k_CAGCCAGAGAACCGCA-1,CD4 TCM,1,CD4 TCM,0.3684978485107422,,0.2039754748247331,0.19999999999999996,1.5507535934448242,0.17257074484708082
scvi_matched,PBMC5k_CAGCCAGAGAATCGAT-1,CD4 TCM,0,CD4 TEM,0.3213621973991394,,0.13550015492520262,0.6,1.9095419645309448,0.201392044550801
scvi_matched,PBMC5k_CAGCCAGAGATACCAA-1,CD4 TCM,1,CD4 TCM,0.4571792483329773,,0.10947750243221654,0.0,0.9657873511314392,0.11736221615587021
scvi_matched,PBMC5k_CAGCCAGTCCGTACGG-1,CD4 Naive,0,CD4 TCM,0.5825406312942505,,0.21300841337784915,0.6,1.6517702341079712,0.13804526741417325
scvi_matched,PBMC5k_CAGCCAGTCCTTATGT-1,B naive,1,B naive,0.07492733001708984,,0.0162821199927171,0.0,0.6730367541313171,0.18226254789623283
scvi_matched,PBMC5k_CAGCGTGCATCCCGTT-1,CD14 Mono,1,CD14 Mono,0.003629922866821289,,0.001116127695513466,0.0,0.02527124248445034,0.004001740675165957
scvi_matched,PBMC5k_CAGCGTGGTGAGGATC-1,NK,1,NK,0.05335962772369385,,0.13471461977295723,0.19999999999999996,0.8532254099845886,0.20407899617897599
scvi_matched,PBMC5k_CAGCGTGGTGGACCAA-1,Eryth,1,Eryth,0.15142464637756348,,0.030973729841490716,0.0,0.6467011570930481,0.10119666284401468
scvi_matched,PBMC5k_CAGGCCAAGACATCCT-1,CD4 TEM,0,CD4 TCM,0.5201938152313232,,0.08133521966589552,0.6,1.392934799194336,0.10007894820189084
scvi_matched,PBMC5k_CAGGCCAAGAGGCCAT-1,CD14 Mono,1,CD14 Mono,0.0037925243377685547,,0.0013454740361133755,0.0,0.04218500480055809,0.003505595958052199
scvi_matched,PBMC5k_CAGGCCAAGTAAGACT-1,CD14 Mono,1,CD14 Mono,0.0013437271118164062,,0.0021510902742538605,0.0,0.014530548825860023,0.0026781093258880385
scvi_matched,PBMC5k_CAGGCCAGTGGTATGG-1,CD14 Mono,1,CD14 Mono,0.000541388988494873,,0.00013470493281759512,0.0,0.028634293004870415,0.00230988732256406
scvi_matched,PBMC5k_CAGGCCATCGAGATAA-1,CD4 Naive,0,CD4 TCM,0.31685346364974976,,0.09484349559096827,0.4,1.497481346130371,0.11768808804632956
scvi_matched,PBMC5k_CAGGGCTAGCCACAAG-1,CD14 Mono,1,CD14 Mono,0.001195669174194336,,0.0004970283995336423,0.0,0.026901379227638245,0.0026092361613068212
scvi_matched,PBMC5k_CAGGGCTCACTGATTG-1,CD14 Mono,1,CD14 Mono,0.08557134866714478,,0.012374204477566986,0.0,0.17104221880435944,0.0374293729116446
scvi_matched,PBMC5k_CAGTGCGCAAGAGATT-1,cDC2,1,cDC2,0.015364766120910645,,0.00402714255499324,0.0,0.012283244170248508,0.0008780677560789819
scvi_matched,PBMC5k_CAGTGCGCACCTGTCT-1,CD4 Naive,1,CD4 Naive,0.020286917686462402,,0.016810276759555154,0.0,0.5572347044944763,0.12994188478261468
scvi_matched,PBMC5k_CAGTGCGCAGTGCGCT-1,CD14 Mono,1,CD14 Mono,0.0020900368690490723,,0.002128736699730991,0.0,0.021824080497026443,0.0012915881900281724
scvi_matched,PBMC5k_CAGTTAGAGTAAACGT-1,cDC2,1,cDC2,0.2118886113166809,,0.010039042541742038,0.0,0.5250594615936279,0.09566353819451612
scvi_matched,PBMC5k_CAGTTAGAGTATGATG-1,CD8 TEM,1,CD8 TEM,0.18402636051177979,,0.19563683572582768,0.4,1.3842686414718628,0.1203503827780097
scvi_matched,PBMC5k_CAGTTAGAGTTACGTC-1,CD4 TCM,1,CD4 TCM,0.2546253800392151,,0.03814312415263332,0.0,0.7442011833190918,0.08810397781578788
scvi_matched,PBMC5k_CAGTTAGCACACCTGG-1,gdT,1,gdT,0.6661655306816101,,0.22866962660937373,0.4,1.102177619934082,0.24527996096907065
scvi_matched,PBMC5k_CAGTTAGGTTACCTGA-1,CD14 Mono,1,CD14 Mono,0.0006627440452575684,,0.0008082128832530462,0.0,0.007950332015752792,0.0008804145239896465
scvi_matched,PBMC5k_CATAAGCCACCATTCC-1,CD14 Mono,1,CD14 Mono,0.0006984472274780273,,0.0005043168136779821,0.0,0.009088429622352123,0.0009085489244452728
scvi_matched,PBMC5k_CATAAGCCATTAGGAA-1,CD4 TEM,1,CD4 TEM,0.11663657426834106,,0.02892658256389735,0.0,1.127571940422058,0.16268773451928586
scvi_matched,PBMC5k_CATAAGCTCGAAGCCC-1,CD14 Mono,1,CD14 Mono,0.0010260343551635742,,0.0013838908696000522,0.0,0.02168302983045578,0.0016543980613474448
scvi_matched,PBMC5k_CATACAGAGTCGCGAA-1,ILC,0,CD4 TCM,0.572004109621048,,0.17408859770621254,0.19999999999999996,1.5706580877304077,0.01838630290292615
scvi_matched,PBMC5k_CATACAGTCGTGTGAT-1,CD4 TCM,1,CD4 TCM,0.059956252574920654,,0.011504471759162194,0.0,0.31035473942756653,0.017565305974869203
scvi_matched,PBMC5k_CATACCCAGAACGTGC-1,CD14 Mono,1,CD14 Mono,0.001032114028930664,,0.001255729742695933,0.0,0.01073331106454134,0.0006253136590587683
scvi_matched,PBMC5k_CATACCCAGGTACAAT-1,cDC2,1,cDC2,0.047814786434173584,,0.008795778466768045,0.0,0.1293315440416336,0.01197790232353181
scvi_matched,PBMC5k_CATACCCCAGCTACAT-1,CD4 TEM,1,CD4 TEM,0.20946121215820312,,0.37419606736657585,0.19999999999999996,1.3910236358642578,0.1146417454262416
scvi_matched,PBMC5k_CATACCCTCCCAAGCG-1,Eryth,0,CD14 Mono,0.020541906356811523,,0.05253801079342407,0.4,0.8184524774551392,0.17841808241934856
scvi_matched,PBMC5k_CATACTTAGAGGGCGA-1,NK,1,NK,0.0017487406730651855,,0.0017785985854794455,0.0,0.08095197379589081,0.007139705898075735
scvi_matched,PBMC5k_CATACTTAGTCGGGAT-1,ILC,0,CD4 TEM,0.6233302056789398,,0.2525025603057516,0.4,1.4602969884872437,0.10023704022216277
scvi_matched,PBMC5k_CATAGACAGCTCCATA-1,CD4 Naive,1,CD4 Naive,0.4747317433357239,,0.11765105392698116,0.0,1.1798362731933594,0.15462267146107891
scvi_matched,PBMC5k_CATAGACAGGTCTTTG-1,ILC,0,CD4 TEM,0.3824031352996826,,0.10506392805774256,0.6,1.360830545425415,0.17255406906929038
scvi_matched,PBMC5k_CATAGACTCTTCCAGC-1,Eryth,1,Eryth,0.23822849988937378,,0.01511008227509919,0.0,0.5265632271766663,0.09243814001424462
scvi_matched,PBMC5k_CATCAAGAGCCTATTG-1,B intermediate,1,B intermediate,0.32702934741973877,,0.02572735101299406,0.0,0.6679115295410156,0.111943057353878
scvi_matched,PBMC5k_CATCAAGAGGCTAACG-1,B memory,0,B intermediate,0.26424139738082886,,0.028189307900233107,0.0,0.6625145673751831,0.08332670241878126
scvi_matched,PBMC5k_CATCAAGGTTATCTGG-1,CD4 TCM,1,CD4 TCM,0.20738041400909424,,0.025489083565942705,0.0,0.6501412987709045,0.07077904584364399
scvi_matched,PBMC5k_CATCAAGTCCTATTTG-1,cDC2,1,cDC2,0.009551703929901123,,0.0024460089638737147,0.0,0.04959065839648247,0.006583417246341429
scvi_matched,PBMC5k_CATCCACAGGTCGTAG-1,CD16 Mono,0,CD14 Mono,0.29194873571395874,,0.13262342307527664,0.19999999999999996,0.6727569699287415,0.20597127330308584
scvi_matched,PBMC5k_CATCCACCACGGCTAC-1,CD14 Mono,1,CD14 Mono,0.004102826118469238,,0.002898422201712929,0.0,0.08931511640548706,0.01276920447818755
scvi_matched,PBMC5k_CATCCACTCGAGATGG-1,CD14 Mono,1,CD14 Mono,0.010865330696105957,,0.011882699423666834,0.0,0.19256937503814697,0.02556561677034786
scvi_matched,PBMC5k_CATCCCAGTCCTGTCT-1,CD8 TEM,1,CD8 TEM,0.13913178443908691,,0.17038754481348906,0.19999999999999996,0.9624141454696655,0.27226829319596724
scvi_matched,PBMC5k_CATCCCAGTGTGAATA-1,CD8 TEM,1,CD8 TEM,0.24011218547821045,,0.07934624801946033,0.0,0.6578594446182251,0.09631425988884787
scvi_matched,PBMC5k_CATCCCATCGCTGCGA-1,CD4 TEM,1,CD4 TEM,0.5734674632549286,,0.06475937675153909,0.6,1.2119837999343872,0.1619121098329893
scvi_matched,PBMC5k_CATCCGTGTGAATAAC-1,CD14 Mono,1,CD14 Mono,0.0016491413116455078,,0.0007500368907006772,0.0,0.02858814038336277,0.0027653581937821304
scvi_matched,PBMC5k_CATCCGTTCTTGGCTC-1,CD4 Naive,1,CD4 Naive,0.006638288497924805,,0.0830239423614495,0.0,0.5813150405883789,0.05457296425253861
scvi_matched,PBMC5k_CATCGCTAGGTCCAGA-1,Treg,0,CD4 TCM,0.7038025856018066,,0.13452983078925707,0.19999999999999996,1.1176140308380127,0.02537667112164618
scvi_matched,PBMC5k_CATCGCTAGTCGTTAC-1,CD4 TCM,1,CD4 TCM,0.41791999340057373,,0.2210851595648584,0.0,1.6729005575180054,0.07794583156740426
scvi_matched,PBMC5k_CATCGCTGTCTACACA-1,CD14 Mono,1,CD14 Mono,0.0005629658699035645,,0.0026432066475816085,0.0,0.009643152356147766,0.0004128084946876514
scvi_matched,PBMC5k_CATCGCTTCCGAACGC-1,CD14 Mono,1,CD14 Mono,0.001100778579711914,,0.0004409421382686896,0.0,0.036527033895254135,0.004247956239954796
scvi_matched,PBMC5k_CATCGGGAGCATCAGG-1,CD4 Naive,1,CD4 Naive,0.13287955522537231,,0.07638844876496764,0.0,0.9155067205429077,0.10851709908599254
scvi_matched,PBMC5k_CATCGGGGTCAAGTTC-1,CD4 TEM,1,CD4 TEM,0.23558706045150757,,0.17645370125383708,0.0,1.064931035041809,0.16467138687515787
scvi_matched,PBMC5k_CATCGGGGTGCAAGAC-1,B naive,0,B intermediate,0.15033435821533203,,0.25834599320125323,0.4,0.9096314311027527,0.22790530374020704
scvi_matched,PBMC5k_CATCGGGGTGGGACAT-1,cDC2,1,cDC2,0.0947834849357605,,0.027219178925494747,0.0,0.2507593333721161,0.0358799876182533
scvi_matched,PBMC5k_CATCGGGGTTATTCCT-1,CD16 Mono,1,CD16 Mono,0.08531701564788818,,0.01640063537583633,0.0,0.11273611336946487,0.039321610074481796
scvi_matched,PBMC5k_CATCGGGTCTTAATCC-1,CD8 TEM,1,CD8 TEM,0.3806612491607666,,0.13792540115649876,0.19999999999999996,1.4029099941253662,0.1320300161046837
scvi_matched,PBMC5k_CATCGTCAGACGTCGA-1,Treg,1,Treg,0.12689435482025146,,0.08641706732399179,0.0,0.9591483473777771,0.15368366427564292
scvi_matched,PBMC5k_CATCGTCCACCATTCC-1,CD4 Naive,1,CD4 Naive,0.22886908054351807,,0.13594951502264563,0.4,1.073882818222046,0.210053871667539
scvi_matched,PBMC5k_CATGAGTAGGAACGAA-1,gdT,1,gdT,0.04822075366973877,,0.013623113303258605,0.0,1.018373727798462,0.13343815417624844
scvi_matched,PBMC5k_CATGAGTAGTCTGCGC-1,gdT,0,CD4 TEM,0.43975549936294556,,0.2041223348724195,0.4,1.5749027729034424,0.03979107715055804
scvi_matched,PBMC5k_CATGAGTGTAAGCAAT-1,CD4 Naive,1,CD4 Naive,0.489329993724823,,0.10038688772914584,0.19999999999999996,1.2236639261245728,0.11147714807038477
scvi_matched,PBMC5k_CATGAGTGTGCCGAAA-1,Treg,0,CD4 TEM,0.5951389670372009,,0.142644269361772,0.0,1.1517524719238281,0.12297143616187388
scvi_matched,PBMC5k_CATGAGTTCTCGGTAA-1,CD14 Mono,1,CD14 Mono,0.09612900018692017,,0.016786991643791327,0.0,0.12435409426689148,0.019532057950965957
scvi_matched,PBMC5k_CATGCAAAGACAGCTG-1,CD4 TCM,1,CD4 TCM,0.5423673987388611,,0.13109950460094177,0.19999999999999996,1.6271884441375732,0.10627462658537777
scvi_matched,PBMC5k_CATGCAAAGGTACAGC-1,Eryth,1,Eryth,0.22653162479400635,,0.006107972263366013,0.0,0.5769098401069641,0.11699114629650219
scvi_matched,PBMC5k_CATGCAAGTAACCAGG-1,Eryth,1,Eryth,0.053433358669281006,,0.004959640192125414,0.0,0.502860963344574,0.047325616058298874
scvi_matched,PBMC5k_CATGCCTCAACCGCCA-1,CD4 TCM,1,CD4 TCM,0.001826643943786621,,0.00160977896150322,0.0,0.13065572082996368,0.01476892092227473
scvi_matched,PBMC5k_CATGCCTTCCATTGTT-1,CD4 TEM,0,CD8 TCM,0.3169294595718384,,0.22951279637166033,0.0,1.182021141052246,0.15896232228103896
scvi_matched,PBMC5k_CATGCCTTCGTGAGAG-1,B intermediate,1,B intermediate,0.42283546924591064,,0.0824058965418325,0.19999999999999996,0.8158445358276367,0.09635098901628499
scvi_matched,PBMC5k_CATGCGGAGCGGATCA-1,CD4 Naive,0,CD4 TCM,0.4912855625152588,,0.04694128825960453,0.19999999999999996,0.9904224276542664,0.12082905205183501
scvi_matched,PBMC5k_CATGCGGCACGAGAAC-1,CD8 TEM,1,CD8 TEM,0.15631192922592163,,0.019448014070685693,0.0,0.64397794008255,0.09602691199878843
scvi_matched,PBMC5k_CATGCGGGTTGGGAAC-1,CD14 Mono,1,CD14 Mono,0.11556440591812134,,0.07194197799527025,0.0,0.5923267602920532,0.08911114254804646
scvi_matched,PBMC5k_CATGCTCCAATGGCCC-1,Eryth,0,CD14 Mono,0.041178762912750244,,0.03153155028594756,0.0,0.2378440946340561,0.041394656020324425
scvi_matched,PBMC5k_CATGCTCCAGCAAGAC-1,cDC2,1,cDC2,0.00012123584747314453,,6.939341583530364e-05,0.0,0.003250479232519865,0.0002285140448933539
scvi_matched,PBMC5k_CATGCTCGTGGTCTCG-1,CD14 Mono,1,CD14 Mono,0.11471289396286011,,0.039128569664052704,0.0,0.5138377547264099,0.05443005030848885
scvi_matched,PBMC5k_CATGCTCTCCGTTTCG-1,NK,1,NK,0.011610746383666992,,0.0038391686410478437,0.0,0.556472897529602,0.19379183437279018
scvi_matched,PBMC5k_CATGGATCAAACTCGT-1,B naive,1,B naive,0.02418684959411621,,0.007984926800420511,0.0,0.1605542004108429,0.016164560391776626
scvi_matched,PBMC5k_CATGGATGTCGGAAAC-1,cDC2,1,cDC2,0.00032699108123779297,,7.624907923766929e-05,0.0,0.0010137908393517137,5.527000350695179e-05
scvi_matched,PBMC5k_CATGGATGTGTTTCTT-1,B intermediate,1,B intermediate,0.4956167936325073,,0.12620738920156271,0.19999999999999996,0.9642739295959473,0.08171584675022013
scvi_matched,PBMC5k_CATGGTAAGGATTCCT-1,CD8 TEM,1,CD8 TEM,0.1994749903678894,,0.03269348047714821,0.19999999999999996,1.1035120487213135,0.18552960383022082
scvi_matched,PBMC5k_CATGGTAAGGCGTTGA-1,CD8 TEM,0,MAIT,0.3721082806587219,,0.20317325683391285,0.6,1.5780296325683594,0.02221101294261025
scvi_matched,PBMC5k_CATGGTACAGTATTCG-1,CD4 Naive,1,CD4 Naive,0.40739452838897705,,0.16199097180604016,0.19999999999999996,1.329121470451355,0.12667664375726034
scvi_matched,PBMC5k_CATGGTACATTGACAC-1,CD14 Mono,1,CD14 Mono,0.0009225606918334961,,0.00440531836854853,0.0,0.012919105589389801,0.001624565423563619
scvi_matched,PBMC5k_CATGGTATCTCTAAGG-1,CD4 Naive,1,CD4 Naive,0.29040271043777466,,0.019734729851966004,0.0,0.45671531558036804,0.026108385421374822
scvi_matched,PBMC5k_CATTCCGAGAAGGCTC-1,B intermediate,0,B memory,0.19879615306854248,,0.09869021315237103,0.19999999999999996,0.7011775970458984,0.1364418383075411
scvi_matched,PBMC5k_CATTCCGGTCATCCGG-1,ILC,0,CD4 TCM,0.08393806219100952,,0.06343160672273584,0.0,0.7966408133506775,0.07189076261894733
scvi_matched,PBMC5k_CATTCCGGTTTCACAG-1,cDC2,1,cDC2,0.00014281272888183594,,4.9030288492602566e-05,0.0,0.001370501471683383,0.00010912453526562549
scvi_matched,PBMC5k_CATTCTAAGCAACTTC-1,CD8 TEM,1,CD8 TEM,0.15401625633239746,,0.10899987835304592,0.0,1.1609110832214355,0.08244070795848951
scvi_matched,PBMC5k_CATTCTAAGGGAGATA-1,CD14 Mono,1,CD14 Mono,0.0006105899810791016,,0.0004693711369352146,0.0,0.005183113273233175,0.0006946353202810928
scvi_matched,PBMC5k_CATTCTAAGGTGGCTA-1,NK,1,NK,0.000769495964050293,,0.014070522843952049,0.0,0.3021312355995178,0.12568209044312753
scvi_matched,PBMC5k_CATTCTACAACCTAAC-1,CD14 Mono,1,CD14 Mono,0.06637078523635864,,0.002079886776936768,0.0,0.5290979146957397,0.06574213892546923
scvi_matched,PBMC5k_CATTCTACATCCGATA-1,CD14 Mono,1,CD14 Mono,0.0019122958183288574,,0.000796814290262203,0.0,0.03196941316127777,0.00288974593074556
scvi_matched,PBMC5k_CATTCTAGTGGCTACC-1,B memory,1,B memory,0.12158817052841187,,0.03566905813507548,0.19999999999999996,0.6343876719474792,0.11831850111705611
scvi_matched,PBMC5k_CATTGAGCAGGGTCTC-1,CD8 TEM,1,CD8 TEM,0.0971689224243164,,0.04962961685820905,0.0,0.47131890058517456,0.06747622866567182
scvi_matched,PBMC5k_CATTGAGCATACCACA-1,CD4 Naive,1,CD4 Naive,0.24163460731506348,,0.0684077353014414,0.4,0.874167799949646,0.11032845078730634
scvi_matched,PBMC5k_CATTGAGGTCCTACGG-1,ILC,0,CD4 TCM,0.4225556254386902,,0.038851772199154255,0.0,0.9817908406257629,0.10196027119251885
scvi_matched,PBMC5k_CATTGAGTCCAAATGC-1,CD4 Naive,1,CD4 Naive,0.44056236743927,,0.14785974977507466,0.19999999999999996,1.38278329372406,0.24076316261182204
scvi_matched,PBMC5k_CATTGAGTCCGCGAGT-1,CD14 Mono,1,CD14 Mono,0.005700945854187012,,0.005152849090084656,0.0,0.13358697295188904,0.012211169341090048
scvi_matched,PBMC5k_CATTGAGTCGAGCCTG-1,NK,1,NK,0.0012255311012268066,,0.0046631919949306835,0.0,0.40210258960723877,0.07544821842276121
scvi_matched,PBMC5k_CATTGCCCACTTGAGT-1,NK,1,NK,0.0004794597625732422,,0.0003231812244654259,0.0,0.02227875217795372,0.0043828065560113155
scvi_matched,PBMC5k_CATTGCCCATCTAACG-1,CD4 TCM,1,CD4 TCM,0.2941829562187195,,0.06791816764958802,0.0,0.8143854141235352,0.1302638360446909
scvi_matched,PBMC5k_CATTGCCTCGGCATCG-1,CD4 Naive,1,CD4 Naive,0.4322810173034668,,0.10482213233303472,0.19999999999999996,1.452991008758545,0.10064183673892503
scvi_matched,PBMC5k_CATTGCCTCTCCGAGG-1,CD4 TCM,1,CD4 TCM,0.09636163711547852,,0.07493611776725784,0.0,0.8395688533782959,0.08765319032280144
scvi_matched,PBMC5k_CATTTCAAGGGTCTTT-1,NK_CD56bright,1,NK_CD56bright,0.22381722927093506,,0.12716829461349277,0.4,1.0479398965835571,0.2607331020990095
scvi_matched,PBMC5k_CATTTCAGTACCTAGT-1,NK_CD56bright,1,NK_CD56bright,0.24249345064163208,,0.05660642132664356,0.0,0.4432055652141571,0.05748769519844839
scvi_matched,PBMC5k_CATTTCATCTATCGGA-1,gdT,0,CD8 TEM,0.5976735353469849,,0.21486488092948175,0.19999999999999996,1.2338414192199707,0.07477335886000186
scvi_matched,PBMC5k_CCAAGCGAGGATGCGT-1,Eryth,1,Eryth,0.05575704574584961,,0.004516224282013509,0.0,0.3586871325969696,0.07149346211022897
scvi_matched,PBMC5k_CCAAGCGCAGACACCC-1,CD14 Mono,1,CD14 Mono,0.0006510615348815918,,0.003776262675794402,0.0,0.025968533009290695,0.0035564061286791422
scvi_matched,PBMC5k_CCAAGCGCATGGCTGC-1,CD14 Mono,1,CD14 Mono,0.006660044193267822,,0.004015419079924351,0.0,0.055612824857234955,0.0053147129807079585
scvi_matched,PBMC5k_CCAAGCGGTCACCCTT-1,CD4 Naive,1,CD4 Naive,0.3026167154312134,,0.09981118539308731,0.4,0.8536406755447388,0.13895990091729737
scvi_matched,PBMC5k_CCAATGAAGAATTCAG-1,CD14 Mono,1,CD14 Mono,0.02131587266921997,,0.003289051814506186,0.0,0.057045333087444305,0.00494014772789058
scvi_matched,PBMC5k_CCAATGAAGGTTCTTG-1,Eryth,1,Eryth,0.009217679500579834,,0.014786321397944904,0.0,0.24433761835098267,0.024981907161940188
scvi_matched,PBMC5k_CCAATGAAGTCAGCGA-1,Eryth,1,Eryth,0.2970768213272095,,0.006382609522352256,0.0,0.6775384545326233,0.08926950740732024
scvi_matched,PBMC5k_CCAATGAGTTCGGCTG-1,B intermediate,1,B intermediate,0.3135722279548645,,0.02004043508371034,0.0,0.5966060757637024,0.11248959283634657
scvi_matched,PBMC5k_CCAATTTCAATCGCGC-1,CD4 TCM,1,CD4 TCM,0.432290256023407,,0.08968007617503282,0.0,1.0510293245315552,0.09659090585929261
scvi_matched,PBMC5k_CCAATTTCACTCTCGT-1,ILC,0,CD4 TEM,0.4630693793296814,,0.12152351667236305,0.4,1.126030445098877,0.1353279013629503
scvi_matched,PBMC5k_CCAATTTGTAACAAGT-1,B naive,1,B naive,0.019004404544830322,,0.0031361767225821166,0.0,0.14469191431999207,0.03592014808583855
scvi_matched,PBMC5k_CCAATTTGTAGTCTGT-1,CD8 TEM,0,gdT,0.6110126376152039,,0.17411046935441843,0.19999999999999996,1.2631906270980835,0.12012414680435803
scvi_matched,PBMC5k_CCAATTTGTGGCCCAT-1,CD14 Mono,1,CD14 Mono,0.0029568076133728027,,0.0018191378920437047,0.0,0.010749096050858498,0.0008877002416091426
scvi_matched,PBMC5k_CCACAAAAGACGCTCC-1,CD14 Mono,1,CD14 Mono,0.0005891323089599609,,0.0008095283071698628,0.0,0.015887541696429253,0.0005792572512766008
scvi_matched,PBMC5k_CCACAAAAGTACTGTC-1,ILC,0,CD4 TCM,0.06705933809280396,,0.03144494265572961,0.0,0.443911075592041,0.055812644769535194
scvi_matched,PBMC5k_CCACAAAGTGGTTTAC-1,CD14 Mono,1,CD14 Mono,0.09336185455322266,,0.09705084425658184,0.4,1.1036550998687744,0.15709167263083368
scvi_matched,PBMC5k_CCACAAAGTTGCCATA-1,CD4 TCM,1,CD4 TCM,0.5027323365211487,,0.05658057305821318,0.0,0.9101781249046326,0.12553558975362947
scvi_matched,PBMC5k_CCACACTCAGCACCCA-1,CD14 Mono,1,CD14 Mono,0.001215517520904541,,0.0008447139104894759,0.0,0.04694546014070511,0.005088372126428365
scvi_matched,PBMC5k_CCACACTTCGTGGCGT-1,CD14 Mono,1,CD14 Mono,0.001025080680847168,,0.00038682380387562373,0.0,0.031136685982346535,0.0026762117690785174
scvi_matched,PBMC5k_CCACCATCAAGATGTA-1,CD14 Mono,1,CD14 Mono,0.00040203332901000977,,0.0005109835614639461,0.0,0.010581551119685173,0.0007060979839586156
scvi_matched,PBMC5k_CCACCATGTGGGTTGA-1,CD14 Mono,1,CD14 Mono,0.0003928542137145996,,0.002631783537381291,0.0,0.027077002450823784,0.0030321697049730772
scvi_matched,PBMC5k_CCACGAGAGCGACATG-1,cDC2,1,cDC2,0.001284480094909668,,0.0003324973350958718,0.0,0.003148582996800542,0.0002874329329844978
scvi_matched,PBMC5k_CCACGAGCAAACGTGG-1,gdT,0,NK,0.27260422706604004,,0.2476946042366691,0.0,0.940054178237915,0.1069085565081336
scvi_matched,PBMC5k_CCACGAGCAAGTATCC-1,CD14 Mono,1,CD14 Mono,0.017095983028411865,,0.0026796052602188133,0.0,0.0755155012011528,0.0037973314473070236
scvi_matched,PBMC5k_CCACGAGTCGTTCATT-1,CD4 TCM,0,Treg,0.19806212186813354,,0.20250478842396213,0.19999999999999996,1.251940369606018,0.05581668640841796
scvi_matched,PBMC5k_CCACGTTAGGTTCCGC-1,cDC2,1,cDC2,0.04465949535369873,,0.009637333991607391,0.0,0.030632587149739265,0.0030974396061982878
scvi_matched,PBMC5k_CCACGTTAGTTGGAGC-1,CD8 TEM,1,CD8 TEM,0.44299960136413574,,0.15305670365266533,0.4,1.5069223642349243,0.15386329672860175
scvi_matched,PBMC5k_CCACGTTCAGGAACCA-1,CD8 TEM,1,CD8 TEM,0.2599858045578003,,0.06859112091186659,0.19999999999999996,1.5346965789794922,0.1906837066244397
scvi_matched,PBMC5k_CCACGTTGTCGTATGT-1,CD14 Mono,1,CD14 Mono,0.050545692443847656,,0.008125868657776647,0.0,0.27566954493522644,0.016599673386231556
scvi_matched,PBMC5k_CCACTTGAGTAGCCAG-1,CD14 Mono,1,CD14 Mono,0.0027295947074890137,,0.0020499140200876224,0.0,0.0372614748775959,0.0029303996743923204
scvi_matched,PBMC5k_CCACTTGCAGAGAAAG-1,B naive,1,B naive,0.17228734493255615,,0.03728473035325977,0.0,0.20662245154380798,0.030553745994778343
scvi_matched,PBMC5k_CCACTTGGTCCCGCAA-1,CD4 Naive,1,CD4 Naive,0.14534682035446167,,0.037799984808895126,0.0,0.8004541397094727,0.09220706297118242
scvi_matched,PBMC5k_CCACTTGTCTACGGGC-1,B naive,1,B naive,0.15797823667526245,,0.03572661128306742,0.0,0.3062300980091095,0.044537120393034584
scvi_matched,PBMC5k_CCATCACCATCATTGG-1,cDC2,1,cDC2,0.03474336862564087,,0.006474181163846904,0.0,0.163639634847641,0.020574173178683628
scvi_matched,PBMC5k_CCCAACTAGCAGCACA-1,CD14 Mono,1,CD14 Mono,0.00427013635635376,,0.0010453127504733081,0.0,0.10165373235940933,0.015908599167798913
scvi_matched,PBMC5k_CCCAACTGTAACCCTA-1,ILC,0,CD4 TEM,0.5542245507240295,,0.19237950135523274,0.4,1.2526894807815552,0.26422842657920287
scvi_matched,PBMC5k_CCCATTGGTTTCCATT-1,CD14 Mono,1,CD14 Mono,0.000653684139251709,,0.0004297654605127533,0.0,0.011002136394381523,0.0011003665234692102
scvi_matched,PBMC5k_CCCATTGTCGGCATAT-1,gdT,0,CD4 TEM,0.5034096837043762,,0.22256254339514814,0.6,1.456725835800171,0.13803339315884838
scvi_matched,PBMC5k_CCCGAAGAGGACGGAG-1,CD14 Mono,1,CD14 Mono,0.0009684562683105469,,0.0035321330602678183,0.0,0.05355003476142883,0.006030679823850768
scvi_matched,PBMC5k_CCCGAAGAGGCTGAAC-1,CD4 Naive,1,CD4 Naive,0.12102103233337402,,0.08649134985271456,0.0,0.7639043927192688,0.11802123211439149
scvi_matched,PBMC5k_CCCGAAGCAAATGGTA-1,CD4 TCM,1,CD4 TCM,0.18842434883117676,,0.04838194314697508,0.0,0.709985077381134,0.09015405295760606
scvi_matched,PBMC5k_CCCGGAAAGACCTCAT-1,CD4 TEM,1,CD4 TEM,0.5837993025779724,,0.2094913836080341,0.4,1.2664573192596436,0.11401643339401159
scvi_matched,PBMC5k_CCCGGAAAGCGCCTCA-1,NK,1,NK,0.0009350180625915527,,0.0013153648642119445,0.0,0.08658981323242188,0.018039837026665277
scvi_matched,PBMC5k_CCCGGAAGTACTGTTG-1,CD4 TCM,0,ILC,0.5994039177894592,,0.21513728933160192,0.19999999999999996,1.6760958433151245,0.09784226196389285
scvi_matched,PBMC5k_CCCGGAATCCATGCAA-1,CD8 TEM,0,CD4 TEM,0.34620988368988037,,0.15802722331414332,0.4,1.5479683876037598,0.13152832759222124
scvi_matched,PBMC5k_CCCTAACAGTCTCTGA-1,CD4 TCM,1,CD4 TCM,0.34460705518722534,,0.19927108580666708,0.19999999999999996,1.298429250717163,0.17866822012262001
scvi_matched,PBMC5k_CCCTAACCACGGCTAC-1,CD4 TEM,0,CD4 TCM,0.31756794452667236,,0.082181160748518,0.0,0.9755640625953674,0.025414778962746788
scvi_matched,PBMC5k_CCCTAACCAGTGGCTC-1,gdT,0,NK,0.5201777815818787,,0.14165890545158077,0.4,0.81601482629776,0.014734217614609288
scvi_matched,PBMC5k_CCCTAACTCATGCCCT-1,CD4 TEM,0,CD8 TEM,0.4532080888748169,,0.11048366036602741,0.0,0.46308934688568115,0.01871926679278006
scvi_matched,PBMC5k_CCCTCAACAGAGGTAC-1,ILC,0,CD4 TCM,0.29553282260894775,,0.0068862121435830925,0.0,0.7945120930671692,0.08167206628943924
scvi_matched,PBMC5k_CCCTCAAGTATCGTGT-1,CD8 TEM,1,CD8 TEM,0.2363581657409668,,0.042539464522988235,0.4,1.454679250717163,0.1894167989343683
scvi_matched,PBMC5k_CCCTCAATCGGTCTGG-1,cDC2,1,cDC2,0.0006671547889709473,,0.00015870694555588315,0.0,0.0034798583947122097,0.00023656485174671025
scvi_matched,PBMC5k_CCCTCTCCATCCTAAG-1,gdT,0,NK,0.1306048035621643,,0.02004237002468323,0.0,0.6010348200798035,0.012527276501517524
scvi_matched,PBMC5k_CCCTCTCTCAAGGCTT-1,CD14 Mono,1,CD14 Mono,0.00283968448638916,,0.012762127195080963,0.0,0.10398329049348831,0.015673555129010218
scvi_matched,PBMC5k_CCCTCTCTCAGTGCGC-1,gdT,1,gdT,0.5630997121334076,,0.3239072886593326,0.4,1.438628077507019,0.13347483884180933
scvi_matched,PBMC5k_CCCTCTCTCTGGGATT-1,CD14 Mono,1,CD14 Mono,0.001680910587310791,,0.002928512199209851,0.0,0.025150083005428314,0.0013407075800011216
scvi_matched,PBMC5k_CCCTGATCATGCCGCA-1,CD4 TCM,1,CD4 TCM,0.5186872184276581,,0.10365451208027565,0.19999999999999996,0.8439357280731201,0.1423681985733553
scvi_matched,PBMC5k_CCCTGATTCCTTGAAG-1,B naive,1,B naive,0.2632092237472534,,0.047962968278516094,0.0,0.5957772135734558,0.14440236648355043
scvi_matched,PBMC5k_CCCTTAGCACGTGAGA-1,Treg,0,CD4 TCM,0.652352511882782,,0.17326051350942806,0.4,1.6824442148208618,0.04702071233051504
scvi_matched,PBMC5k_CCCTTAGCATAAGCGG-1,CD14 Mono,1,CD14 Mono,0.003439486026763916,,0.004289297969538239,0.0,0.06044357642531395,0.004693693356965161
scvi_matched,PBMC5k_CCCTTAGTCGCCGAAC-1,CD4 Naive,1,CD4 Naive,0.373495876789093,,0.15898231130246687,0.19999999999999996,1.233639121055603,0.11480850878952041
scvi_matched,PBMC5k_CCGAACGAGTACAGCG-1,CD4 TCM,1,CD4 TCM,0.10758304595947266,,0.014165866742336775,0.0,0.3342350423336029,0.034516783384033814
scvi_matched,PBMC5k_CCGAACGTCCCGAAAT-1,CD16 Mono,1,CD16 Mono,0.03880876302719116,,0.0028406711493762227,0.0,0.12531909346580505,0.02829640254141617
scvi_matched,PBMC5k_CCGAACGTCTCTATAC-1,CD14 Mono,1,CD14 Mono,0.027032136917114258,,0.041417867983962076,0.0,0.2997221350669861,0.023612889282330123
scvi_matched,PBMC5k_CCGATCTAGGATATGT-1,NK,1,NK,0.00018209218978881836,,0.00040264918166786623,0.0,0.0624680258333683,0.008189834251836047
scvi_matched,PBMC5k_CCGATGGAGAAGCTGC-1,CD14 Mono,1,CD14 Mono,0.0033290982246398926,,0.000690632635833209,0.0,0.05882086604833603,0.005876779292141366
scvi_matched,PBMC5k_CCGATGGAGCGTCTGC-1,CD4 TCM,0,CD4 Naive,0.4278604984283447,,0.0847638474755168,0.0,0.9065676927566528,0.1317999420348575
scvi_matched,PBMC5k_CCGATGGAGTCAGAGC-1,Treg,0,Eryth,0.3709615468978882,,0.14991682444453502,0.6,2.039792537689209,0.13907290921705756
scvi_matched,PBMC5k_CCGATGGGTATCTTCT-1,NK,1,NK,0.03787040710449219,,0.09516568533719816,0.19999999999999996,1.0312527418136597,0.21248655439610162
scvi_matched,PBMC5k_CCGATGGGTGGTAACG-1,CD4 Naive,1,CD4 Naive,0.3858007788658142,,0.03954068383340836,0.0,1.11456298828125,0.0670073802036194
scvi_matched,PBMC5k_CCGATGGGTTGGGTTT-1,CD14 Mono,1,CD14 Mono,0.018162786960601807,,0.004779377198682017,0.0,0.17673884332180023,0.017328465091574864
scvi_matched,PBMC5k_CCGATGGTCTCTATGT-1,NK,1,NK,0.0019080042839050293,,0.01857865149867169,0.0,0.6485707759857178,0.15124107815586843
scvi_matched,PBMC5k_CCGGACACAATCGTCA-1,CD14 Mono,1,CD14 Mono,0.05536872148513794,,0.011114618533476367,0.0,0.13428831100463867,0.007664258258598941
scvi_matched,PBMC5k_CCGGACACATGAGTAA-1,CD8 TEM,1,CD8 TEM,0.37635689973831177,,0.1390572660143743,0.6,1.5215448141098022,0.11582574127264342
scvi_matched,PBMC5k_CCGGACAGTTAGGACG-1,CD14 Mono,1,CD14 Mono,0.0011345148086547852,,0.0006482131563535984,0.0,0.012906510382890701,0.0012785200396895032
scvi_matched,PBMC5k_CCGGACAGTTTACGAC-1,CD14 Mono,1,CD14 Mono,0.00034630298614501953,,0.0008053544749783183,0.0,0.012087223120033741,0.0010371055016811545
scvi_matched,PBMC5k_CCGGACATCAGCAGAG-1,ILC,1,ILC,0.10575741529464722,,0.10168575594648288,0.19999999999999996,1.066635012626648,0.12143873109494104
scvi_matched,PBMC5k_CCGGGTAAGGTTGGAC-1,CD16 Mono,1,CD16 Mono,0.014396905899047852,,0.005281521366456696,0.0,0.10537469387054443,0.030235863701872524
scvi_matched,PBMC5k_CCGGGTAGTGTTAAAG-1,CD14 Mono,1,CD14 Mono,0.004624783992767334,,0.013604567059757544,0.0,0.08848214894533157,0.004054636025115781
scvi_matched,PBMC5k_CCGGGTAGTTCAAACC-1,CD4 Naive,1,CD4 Naive,0.014969110488891602,,0.11050553109405425,0.0,0.7708959579467773,0.14414465251793177
scvi_matched,PBMC5k_CCGGGTATCGAGATGG-1,CD4 TCM,0,ILC,0.42703986167907715,,0.255981281382458,0.19999999999999996,1.547803282737732,0.0970486579258535
scvi_matched,PBMC5k_CCGGTAGAGAAGTATC-1,CD14 Mono,1,CD14 Mono,0.005080878734588623,,0.0012235378852474554,0.0,0.07302247732877731,0.008921664254383734
scvi_matched,PBMC5k_CCGGTAGCAAGATTGA-1,cDC2,1,cDC2,3.528594970703125e-05,,1.7532854952408952e-05,0.0,0.00011812266166089103,6.262471429781208e-06
scvi_matched,PBMC5k_CCGGTAGCACCGTCGA-1,CD14 Mono,1,CD14 Mono,0.0019167661666870117,,0.0004728996630871578,0.0,0.011417294852435589,0.0010587491619309353
scvi_matched,PBMC5k_CCGGTAGTCTACGCAA-1,CD4 Naive,1,CD4 Naive,0.40026676654815674,,0.09334221768605544,0.4,1.1200759410858154,0.14463978813460915
scvi_matched,PBMC5k_CCGGTAGTCTATCCAT-1,CD8 TEM,1,CD8 TEM,0.34811192750930786,,0.11087610143433224,0.6,1.4390121698379517,0.10371891273436236
scvi_matched,PBMC5k_CCGGTGATCCTCGCAT-1,CD14 Mono,1,CD14 Mono,0.0013524889945983887,,0.001151580261612866,0.0,0.01639821194112301,0.0005908528671767177
scvi_matched,PBMC5k_CCGGTGATCGGTAGAG-1,CD4 TEM,1,CD4 TEM,0.18174296617507935,,0.028135152493305227,0.0,1.1315653324127197,0.11242966670775045
scvi_matched,PBMC5k_CCGTAGGAGCGACTGA-1,CD4 TCM,1,CD4 TCM,0.11266499757766724,,0.02256101127014093,0.0,0.4815428853034973,0.04559073123324179
scvi_matched,PBMC5k_CCGTAGGCAATCCTTT-1,CD14 Mono,1,CD14 Mono,0.0013518929481506348,,0.00046377219647136814,0.0,0.031757652759552,0.003901864591793172
scvi_matched,PBMC5k_CCGTGAGAGAGCAGTC-1,CD4 TCM,0,Eryth,0.46678709983825684,,0.23880642300911958,0.19999999999999996,1.817463755607605,0.05392107203498221
scvi_matched,PBMC5k_CCGTGAGCACGTACAT-1,CD8 Naive,1,CD8 Naive,0.2000213861465454,,0.043499726433459784,0.0,0.2041095793247223,0.02099481890256033
scvi_matched,PBMC5k_CCGTGAGCACTACTTT-1,CD4 TCM,1,CD4 TCM,0.15840190649032593,,0.02186781004123517,0.0,0.6053954362869263,0.08806718847420544
scvi_matched,PBMC5k_CCGTGAGGTTGAGTCT-1,CD14 Mono,1,CD14 Mono,0.001657724380493164,,0.0004085774716782037,0.0,0.015003007836639881,0.001106709162239045
scvi_matched,PBMC5k_CCGTTCAAGTGAATAC-1,CD14 Mono,1,CD14 Mono,0.0006431937217712402,,0.0002480203985403065,0.0,0.015168198384344578,0.0017586678213976992
scvi_matched,PBMC5k_CCGTTCACAGGCATGA-1,CD8 Naive,1,CD8 Naive,0.3925851583480835,,0.13585951863194057,0.0,0.8717917799949646,0.09448856320554902
scvi_matched,PBMC5k_CCGTTCACATCGGATT-1,Eryth,1,Eryth,0.027349352836608887,,0.00324391235355706,0.0,0.3869567811489105,0.11491153286180449
scvi_matched,PBMC5k_CCTAACCCACGATTCA-1,CD8 Naive,1,CD8 Naive,0.20009863376617432,,0.07003563672976654,0.0,0.36566826701164246,0.0598422259986068
scvi_matched,PBMC5k_CCTAACCTCCCGAATA-1,NK,1,NK,0.011939585208892822,,0.000859874527212548,0.0,0.18247462809085846,0.03288716942522761
scvi_matched,PBMC5k_CCTAACCTCGAATCCA-1,CD4 Naive,0,CD4 TCM,0.3901010751724243,,0.12025634808168495,0.0,1.1324387788772583,0.06815517886858447
scvi_matched,PBMC5k_CCTAACCTCTCGCTTG-1,NK,1,NK,3.4570693969726562e-06,,1.5111707162585432e-05,0.0,0.0019163253018632531,0.00015939547881512782
scvi_matched,PBMC5k_CCTAAGAGTATTAAGG-1,CD14 Mono,1,CD14 Mono,0.021922707557678223,,0.0061404075770669815,0.0,0.03372633457183838,0.0018628924979962956
scvi_matched,PBMC5k_CCTAAGAGTCTTTCAT-1,cDC2,1,cDC2,0.0023849010467529297,,0.000586362872294955,0.0,0.0042601823806762695,0.0002665130005840611
scvi_matched,PBMC5k_CCTAAGATCCTCTTTC-1,cDC2,0,CD14 Mono,0.4597873091697693,,0.06465703490157082,0.19999999999999996,0.6776469349861145,0.19102808402297655
scvi_matched,PBMC5k_CCTACGTCAAGCTGCC-1,B naive,1,B naive,0.14370125532150269,,0.06895009372941868,0.4,0.7089155912399292,0.33148041850943405
scvi_matched,PBMC5k_CCTACGTCACAACGCC-1,CD4 Naive,1,CD4 Naive,0.2768068313598633,,0.1926392064773912,0.4,1.2081642150878906,0.2423143914917885
scvi_matched,PBMC5k_CCTACGTGTGAACCGA-1,B naive,0,B intermediate,0.1369572877883911,,0.2979786704127322,0.4,1.1117714643478394,0.15404220505012825
scvi_matched,PBMC5k_CCTACGTTCACTGGGC-1,CD14 Mono,1,CD14 Mono,0.008243918418884277,,0.0009163734783860372,0.0,0.04863974452018738,0.004311597446550332
scvi_matched,PBMC5k_CCTACGTTCCGATCTC-1,NK,1,NK,0.00051116943359375,,0.0012943171119748666,0.0,0.054207976907491684,0.005928900419210761
scvi_matched,PBMC5k_CCTACGTTCTCTGCTG-1,CD14 Mono,1,CD14 Mono,0.0030164122581481934,,0.0007142719849014892,0.0,0.02190363220870495,0.0035801285209437314
scvi_matched,PBMC5k_CCTATCGAGAAAGCGA-1,CD4 TCM,1,CD4 TCM,0.1624138355255127,,0.018116016156349724,0.0,0.6059333086013794,0.0864160524017186
scvi_matched,PBMC5k_CCTATCGAGACAACTA-1,B memory,1,B memory,0.26473891735076904,,0.01766245091847457,0.19999999999999996,0.5533643364906311,0.16574639804681163
scvi_matched,PBMC5k_CCTATCGAGTCTCGTA-1,CD4 TEM,1,CD4 TEM,0.1545765995979309,,0.16856422005331173,0.0,1.240395426750183,0.1365388296565091
scvi_matched,PBMC5k_CCTATCGGTCCGAAAG-1,CD14 Mono,1,CD14 Mono,0.0032985806465148926,,0.027696793211347465,0.0,0.05109626054763794,0.0049966055112434325
scvi_matched,PBMC5k_CCTATCGTCCGATGTA-1,CD14 Mono,1,CD14 Mono,0.002550184726715088,,0.002807123637490423,0.0,0.09149257093667984,0.01011503229121337
scvi_matched,PBMC5k_CCTATCGTCTTGGAAC-1,NK,1,NK,0.017819643020629883,,0.025111748966629988,0.0,0.24967153370380402,0.042521823744706644
scvi_matched,PBMC5k_CCTCAACAGACTCTTG-1,CD14 Mono,1,CD14 Mono,0.0001266002655029297,,0.004105022392212481,0.0,0.02165854349732399,0.0029499193374448647
scvi_matched,PBMC5k_CCTCAACAGGTGAGCT-1,CD4 Naive,0,CD4 TCM,0.5241791605949402,,0.14033360178353171,0.4,1.366493582725525,0.1828862364155524
scvi_matched,PBMC5k_CCTCAACTCGCCGATG-1,CD8 TEM,0,gdT,0.5494647920131683,,0.21408228770398485,0.0,0.9005264043807983,0.11357850237518967
scvi_matched,PBMC5k_CCTCACAGTAATGATG-1,CD4 Naive,1,CD4 Naive,0.2361452579498291,,0.090256577919961,0.4,1.050769567489624,0.1857245870998942
scvi_matched,PBMC5k_CCTCACAGTTGATGTC-1,CD4 TCM,1,CD4 TCM,0.2618662118911743,,0.06098797732671435,0.19999999999999996,0.9805790781974792,0.1608319991687213
scvi_matched,PBMC5k_CCTCAGTAGCAACAAT-1,CD14 Mono,1,CD14 Mono,0.007828116416931152,,0.004820767537532349,0.0,0.04282579571008682,0.005030423537110608
scvi_matched,PBMC5k_CCTCAGTAGCAACTCT-1,CD4 Naive,1,CD4 Naive,0.07052916288375854,,0.14564883534705575,0.0,0.7934716939926147,0.049811840625338326
scvi_matched,PBMC5k_CCTCAGTCAACGGCTC-1,CD14 Mono,1,CD14 Mono,0.003624141216278076,,0.0028732361741357973,0.0,0.019693346694111824,0.003615232662884111
scvi_matched,PBMC5k_CCTCAGTCAATCAAGA-1,CD14 Mono,1,CD14 Mono,0.0016066431999206543,,0.001578380919165713,0.0,0.049438606947660446,0.003536138630155161
scvi_matched,PBMC5k_CCTCAGTCATACCACA-1,CD14 Mono,1,CD14 Mono,0.010691285133361816,,0.001545748259564425,0.0,0.01297321543097496,0.00164264959024069
scvi_matched,PBMC5k_CCTCAGTGTCATCCGG-1,CD4 TCM,1,CD4 TCM,0.016832172870635986,,0.006991642852263252,0.0,0.09929165989160538,0.0076994475024230674
scvi_matched,PBMC5k_CCTCAGTGTGCCCTTT-1,NK,1,NK,0.00025767087936401367,,0.0001411541680417603,0.0,0.04201210290193558,0.004966257043801259
scvi_matched,PBMC5k_CCTCATGAGATGAATC-1,CD14 Mono,1,CD14 Mono,0.05377119779586792,,0.005158734144079524,0.0,0.13269206881523132,0.012764675307543986
scvi_matched,PBMC5k_CCTCATGCATGCGGTC-1,CD14 Mono,1,CD14 Mono,0.1592729687690735,,0.04698814723395994,0.0,0.16346298158168793,0.021327908094039182
scvi_matched,PBMC5k_CCTCATGGTACGGATG-1,CD14 Mono,1,CD14 Mono,0.003592193126678467,,0.0017426180062989384,0.0,0.0338774211704731,0.002210891280894384
scvi_matched,PBMC5k_CCTCATGGTTGTATGC-1,B naive,1,B naive,0.03226661682128906,,0.17893662466251842,0.0,0.1629803627729416,0.029727605971209367
scvi_matched,PBMC5k_CCTCATGTCTAAACGC-1,CD4 TCM,1,CD4 TCM,0.1800224781036377,,0.019131365306895298,0.0,0.6372170448303223,0.10094916683307541
scvi_matched,PBMC5k_CCTCATGTCTACGCAA-1,CD4 TCM,1,CD4 TCM,0.06305396556854248,,0.04884685644615816,0.0,0.4004872441291809,0.03649540858949124
scvi_matched,PBMC5k_CCTCCAAAGAGAAGGT-1,CD14 Mono,1,CD14 Mono,0.0007988810539245605,,0.0005983745148794295,0.0,0.03706558793783188,0.0026957238723234966
scvi_matched,PBMC5k_CCTCCAACACATCATG-1,CD4 TEM,1,CD4 TEM,0.3706732392311096,,0.04577337211118215,0.4,1.1318223476409912,0.13750468394313914
scvi_matched,PBMC5k_CCTCCAACAGACGATG-1,CD16 Mono,1,CD16 Mono,0.0030291080474853516,,0.0006916587872119349,0.0,0.0010626416187733412,9.49684409610131e-05
scvi_matched,PBMC5k_CCTCCAAGTACTTGTG-1,CD14 Mono,1,CD14 Mono,0.001432657241821289,,0.0010450086136976622,0.0,0.03045908734202385,0.001494470164441445
scvi_matched,PBMC5k_CCTCCTCAGTAGGAAG-1,CD8 TEM,0,NK,0.41186439990997314,,0.1960782510977458,0.19999999999999996,1.1673178672790527,0.1592712936475553
scvi_matched,PBMC5k_CCTCCTCCAACTCGAT-1,B naive,1,B naive,0.2968061566352844,,0.0860296307477918,0.0,0.5818430185317993,0.12481476790103728
scvi_matched,PBMC5k_CCTCCTCCACACCTGG-1,gdT,0,NK,0.4564511179924011,,0.23668156456209288,0.6,1.2596396207809448,0.19336079552368116
scvi_matched,PBMC5k_CCTCCTCCAGTTGTCA-1,CD14 Mono,1,CD14 Mono,0.005868494510650635,,0.008598930498224425,0.0,0.03627767413854599,0.002502458594033028
scvi_matched,PBMC5k_CCTCTAGGTGGGTTGA-1,CD14 Mono,1,CD14 Mono,0.009417176246643066,,0.007073113173707957,0.0,0.2188558280467987,0.027430352777282993
scvi_matched,PBMC5k_CCTCTAGTCAGGCGAA-1,CD4 TCM,1,CD4 TCM,0.3171852231025696,,0.1445177492853058,0.0,1.0925973653793335,0.10560146445074321
scvi_matched,PBMC5k_CCTCTAGTCGAACTCA-1,B naive,1,B naive,0.10431075096130371,,0.017032007698031343,0.0,0.22512613236904144,0.02878724116278767
scvi_matched,PBMC5k_CCTCTCCAGAAATTCG-1,CD14 Mono,1,CD14 Mono,0.00048351287841796875,,0.0011837704383777913,0.0,0.019820023328065872,0.002548304155934359
scvi_matched,PBMC5k_CCTCTCCAGCTGTTAC-1,CD8 TEM,0,CD8 TCM,0.6087591350078583,,0.10104230889040688,0.19999999999999996,1.549160122871399,0.0538121005709518
scvi_matched,PBMC5k_CCTCTCCAGTGGTTAA-1,CD14 Mono,1,CD14 Mono,0.007480740547180176,,0.02043692619935243,0.0,0.16063016653060913,0.020593807947867304
scvi_matched,PBMC5k_CCTCTCCCAGACACAG-1,ILC,0,CD4 TCM,0.5219891369342804,,0.04780284945471702,0.0,0.9913474321365356,0.07923345929508949
scvi_matched,PBMC5k_CCTCTCCCATGTTCGA-1,CD4 TCM,1,CD4 TCM,0.08001655340194702,,0.035162685338068045,0.0,0.33933767676353455,0.032387754321955994
scvi_matched,PBMC5k_CCTCTCCTCCCGTTCA-1,CD4 TCM,1,CD4 TCM,0.3792405128479004,,0.27246791103467394,0.19999999999999996,1.510280966758728,0.17088684639712473
scvi_matched,PBMC5k_CCTCTCCTCTGCATAG-1,NK,1,NK,0.003647446632385254,,0.061694173722811274,0.0,0.3852774500846863,0.0673304994216387
scvi_matched,PBMC5k_CCTGCATAGGCATTTC-1,CD4 TEM,1,CD4 TEM,0.34341365098953247,,0.058254866168578,0.0,0.8641921281814575,0.1432427728025464
scvi_matched,PBMC5k_CCTGTTGAGCCTCGTG-1,CD8 TCM,0,CD4 TEM,0.491252601146698,,0.10720335710968376,0.0,0.821505069732666,0.02333072955642939
scvi_matched,PBMC5k_CCTGTTGAGCCTGTGC-1,cDC2,1,cDC2,0.0014409422874450684,,0.0029672191822059032,0.0,0.16221310198307037,0.015992348717300167
scvi_matched,PBMC5k_CCTGTTGCAAGACCTT-1,Eryth,1,Eryth,0.17081588506698608,,0.024820016989300142,0.0,0.35574284195899963,0.060425638817695145
scvi_matched,PBMC5k_CCTGTTGCATGTGCCG-1,CD14 Mono,1,CD14 Mono,0.00047898292541503906,,0.0003224141669426186,0.0,0.008709979243576527,0.0007085358567342474
scvi_matched,PBMC5k_CCTGTTGGTACGTGAG-1,cDC2,1,cDC2,0.0009675025939941406,,0.0002710915507994215,0.0,0.0004887322429567575,2.3885163079155627e-05
scvi_matched,PBMC5k_CCTGTTGTCTATTTCG-1,CD14 Mono,1,CD14 Mono,0.0016167163848876953,,0.00046660412525753245,0.0,0.006064337212592363,0.0005306114682775222
scvi_matched,PBMC5k_CCTTCAGCAGAGTTCT-1,CD14 Mono,1,CD14 Mono,0.006443917751312256,,0.0010279439846312168,0.0,0.026605846360325813,0.0019781973035120186
scvi_matched,PBMC5k_CCTTCAGGTCAAGTTC-1,CD14 Mono,1,CD14 Mono,0.036229729652404785,,0.006595443827262709,0.0,0.3775775134563446,0.08192960058238856
scvi_matched,PBMC5k_CCTTGTGAGACCATTC-1,B naive,1,B naive,0.009230434894561768,,0.04806988813308408,0.0,0.16118083894252777,0.024860071599327026
scvi_matched,PBMC5k_CCTTGTGAGGGAGTTC-1,CD4 TEM,1,CD4 TEM,0.12415528297424316,,0.16035962247270408,0.19999999999999996,1.0493793487548828,0.20503021957710285
scvi_matched,PBMC5k_CCTTGTGTCACAACCA-1,CD8 Naive,0,CD8 TCM,0.4187428951263428,,0.12602762678017765,0.0,0.9058700799942017,0.09028330015780173
scvi_matched,PBMC5k_CCTTGTGTCTCAGAAC-1,CD4 TCM,1,CD4 TCM,0.13440567255020142,,0.018996520708533693,0.0,0.38825249671936035,0.03769693443444423
scvi_matched,PBMC5k_CCTTGTGTCTCGCTCA-1,NK,1,NK,0.0061457157135009766,,0.0017961699626015473,0.0,0.2877720296382904,0.015479430475313737
scvi_matched,PBMC5k_CCTTTGGCATGGCCCA-1,CD14 Mono,1,CD14 Mono,0.002113521099090576,,0.0016845532751563475,0.0,0.019613202661275864,0.0012480167416427641
scvi_matched,PBMC5k_CGAAGGAAGTCTCTGA-1,CD4 TEM,1,CD4 TEM,0.6761443316936493,,0.24015681930221522,0.19999999999999996,1.816483736038208,0.14285080109669107
scvi_matched,PBMC5k_CGAAGGAGTACGTTCA-1,CD4 Naive,1,CD4 Naive,0.41657567024230957,,0.18208667941471535,0.0,1.225046992301941,0.046637580088523096
scvi_matched,PBMC5k_CGAAGGATCACCACAA-1,cDC2,0,CD14 Mono,0.14112412929534912,,0.1090613008453864,0.0,0.5766386985778809,0.11262879821374418
scvi_matched,PBMC5k_CGAAGGATCTGCACCT-1,CD4 TCM,1,CD4 TCM,0.0922689437866211,,0.038463391220060705,0.0,0.826035737991333,0.13112050915423265
scvi_matched,PBMC5k_CGAAGTTCACGCTGCA-1,CD4 Naive,1,CD4 Naive,0.38145577907562256,,0.03523230217189677,0.0,0.831274688243866,0.11359200983669542
scvi_matched,PBMC5k_CGAAGTTTCAAGCTGT-1,B naive,0,B intermediate,0.29314136505126953,,0.19115549872420567,0.19999999999999996,0.8954424858093262,0.278930726033547
scvi_matched,PBMC5k_CGACAGCCAGCTGTTA-1,B intermediate,1,B intermediate,0.16307950019836426,,0.05312844879679701,0.19999999999999996,0.9691281318664551,0.1305688326846899
scvi_matched,PBMC5k_CGAGAAGGTCACTCAA-1,CD14 Mono,1,CD14 Mono,0.0010818243026733398,,0.0008717656595822396,0.0,0.01578424870967865,0.0014661161208549475
scvi_matched,PBMC5k_CGAGAAGTCGTGCTCT-1,CD4 TEM,0,CD4 TCM,0.2639721632003784,,0.07655321183581099,0.0,0.6531425714492798,0.027012032003201396
scvi_matched,PBMC5k_CGAGGAAGTGGTCTGC-1,CD14 Mono,1,CD14 Mono,0.0016865730285644531,,0.000626469465401798,0.0,0.034709081053733826,0.0034908654440570157
scvi_matched,PBMC5k_CGAGGAAGTTGCTCAA-1,CD8 Naive,1,CD8 Naive,0.27295219898223877,,0.10090800707338177,0.0,0.2988026738166809,0.0073799516202285856
scvi_matched,PBMC5k_CGAGGAATCCAACTGA-1,CD4 TCM,0,CD4 TEM,0.5176574289798737,,0.08323986356257285,0.0,1.0449280738830566,0.13270354955379374
scvi_matched,PBMC5k_CGAGGAATCCAAGCTA-1,cDC2,1,cDC2,0.0332263708114624,,0.006453418332172875,0.0,0.105762779712677,0.019891982319583477
scvi_matched,PBMC5k_CGAGGAATCGAGTCCG-1,CD14 Mono,1,CD14 Mono,0.000565946102142334,,0.0018725116202780341,0.0,0.018240612000226974,0.0012146389894074725
scvi_matched,PBMC5k_CGAGGCTAGCGACTAG-1,CD14 Mono,1,CD14 Mono,0.0006675124168395996,,0.0011987089545677267,0.0,0.06254176050424576,0.0064945124847395974
scvi_matched,PBMC5k_CGAGGCTAGCGGTATG-1,NK,1,NK,0.0027074217796325684,,0.03178313190447668,0.0,0.44320520758628845,0.04750445342028116
scvi_matched,PBMC5k_CGAGGCTAGTCAGAGC-1,ILC,0,CD4 TEM,0.5800999701023102,,0.12408422755716342,0.4,1.2668405771255493,0.1314034294444543
scvi_matched,PBMC5k_CGAGGCTAGTCATGGG-1,CD16 Mono,0,CD14 Mono,0.45579665899276733,,0.05491542399232141,0.0,0.29435306787490845,0.06184554755666769
scvi_matched,PBMC5k_CGAGTGCCAGGAATAT-1,CD8 TCM,1,CD8 TCM,0.5242830514907837,,0.09342231289667935,0.19999999999999996,1.164304256439209,0.09452698094149928
scvi_matched,PBMC5k_CGAGTGCCATATGAAG-1,Eryth,0,CD14 Mono,0.022235512733459473,,0.12836533268620082,0.0,0.5530051589012146,0.11542996966031674
scvi_matched,PBMC5k_CGAGTTAAGACGCATG-1,CD8 TCM,0,CD4 TEM,0.5112539231777191,,0.14991488728632918,0.0,1.3999789953231812,0.0629794499820909
scvi_matched,PBMC5k_CGATCGGAGTCAGCGA-1,CD4 Naive,1,CD4 Naive,0.0906171202659607,,0.015964968072886665,0.0,0.5365262031555176,0.1208863097817445
scvi_matched,PBMC5k_CGATGCGAGGATACCG-1,CD14 Mono,1,CD14 Mono,0.0030202269554138184,,0.0020551589849351,0.0,0.1234433725476265,0.026752711202902825
scvi_matched,PBMC5k_CGATGCGCAGCTTTCC-1,NK,1,NK,0.000929415225982666,,0.0003011648255068309,0.0,0.05934858322143555,0.010208623562285012
scvi_matched,PBMC5k_CGATGCGCATGTGGCC-1,cDC2,1,cDC2,0.0014657974243164062,,0.0004379345933239317,0.0,0.0011081498814746737,6.204417399121574e-05
scvi_matched,PBMC5k_CGATGCGGTACCGTCG-1,CD4 TEM,1,CD4 TEM,0.18036216497421265,,0.05554464707343598,0.0,0.6635534763336182,0.059444089267261385
scvi_matched,PBMC5k_CGATGCGTCAGCATTG-1,CD4 TCM,1,CD4 TCM,0.25744372606277466,,0.04976498866766843,0.0,0.7483559250831604,0.0906459384894201
scvi_matched,PBMC5k_CGATGGCCAACACGTT-1,CD4 Naive,1,CD4 Naive,0.04189717769622803,,0.13435061508874324,0.0,0.6933056116104126,0.10845412949651997
scvi_matched,PBMC5k_CGATGGCGTACTAACC-1,CD14 Mono,1,CD14 Mono,0.001846611499786377,,0.0005402338932324778,0.0,0.009445177391171455,0.0009057028589578256
scvi_matched,PBMC5k_CGATGGCGTCGCATCG-1,CD16 Mono,1,CD16 Mono,0.0010819435119628906,,0.00033296184811796876,0.0,0.008280617184937,0.0013070819804002164
scvi_matched,PBMC5k_CGCAGGTAGGCGAAGG-1,CD14 Mono,1,CD14 Mono,0.010255277156829834,,0.018148329269261215,0.0,0.051847245544195175,0.008790321360950537
scvi_matched,PBMC5k_CGCAGGTCAAGAATGT-1,CD14 Mono,1,CD14 Mono,0.00013649463653564453,,0.00032332075305149723,0.0,0.012699926272034645,0.0016383696045230729
scvi_matched,PBMC5k_CGCAGGTCAGTTAAAG-1,CD4 TEM,1,CD4 TEM,0.08282983303070068,,0.0344413173787681,0.0,0.9267178773880005,0.16210309643967608
scvi_matched,PBMC5k_CGCAGGTGTCGATTTG-1,CD14 Mono,1,CD14 Mono,0.004944801330566406,,0.001190795383117508,0.0,0.03460804000496864,0.004173575127278172
scvi_matched,PBMC5k_CGCAGGTGTGAATGTA-1,CD4 Naive,0,CD4 TCM,0.4349088668823242,,0.17587852036427298,0.0,0.9927233457565308,0.13809292716044555
scvi_matched,PBMC5k_CGCATAAGTATACAGA-1,CD8 TCM,1,CD8 TCM,0.2996247410774231,,0.11075780941496882,0.0,1.4876344203948975,0.07917350896613973
scvi_matched,PBMC5k_CGCATAATCTCATGGA-1,NK_CD56bright,0,NK,0.07374244928359985,,0.06832019720433369,0.4,1.1452853679656982,0.057883308297601604
scvi_matched,PBMC5k_CGCATGGAGAACCGCA-1,CD14 Mono,1,CD14 Mono,0.03686821460723877,,0.008461617836151958,0.0,0.13068732619285583,0.0178395876933296
scvi_matched,PBMC5k_CGCATGGAGAGTCTTC-1,Eryth,1,Eryth,0.2838135361671448,,0.042248731057180855,0.0,0.6954082250595093,0.11449387358410085
scvi_matched,PBMC5k_CGCATGGAGGATGAGA-1,B naive,1,B naive,0.1599482297897339,,0.043894549578374964,0.0,0.5030341744422913,0.13106618517153137
scvi_matched,PBMC5k_CGCATGGGTAGCTGAG-1,CD4 Naive,1,CD4 Naive,0.12434476613998413,,0.10416350718276479,0.0,1.0396250486373901,0.11352787020136501
scvi_matched,PBMC5k_CGCATGGTCATGAAAG-1,cDC2,1,cDC2,0.01903778314590454,,0.0038011332004032478,0.0,0.07140669971704483,0.008151673223600818
scvi_matched,PBMC5k_CGCATGGTCGCGTAGC-1,CD4 TCM,1,CD4 TCM,0.39982372522354126,,0.06153330380889932,0.0,1.122914433479309,0.10782735857365529
scvi_matched,PBMC5k_CGCCAGAAGAGAAGGT-1,cDC2,1,cDC2,0.002005338668823242,,0.0003326676256918872,0.0,0.004189840983599424,0.0003600977407256282
scvi_matched,PBMC5k_CGCCAGAAGATTAGTG-1,CD4 Naive,1,CD4 Naive,0.6890639960765839,,0.3259894198026825,0.6,1.516903281211853,0.16721374016276627
scvi_matched,PBMC5k_CGCCAGACAATCACGT-1,CD14 Mono,1,CD14 Mono,0.014623463153839111,,0.0017986038095967188,0.0,0.11606743931770325,0.009691423805263845
scvi_matched,PBMC5k_CGCCAGATCGTACACA-1,CD14 Mono,1,CD14 Mono,0.001118004322052002,,0.010946146850752486,0.0,0.1300077736377716,0.01875136350356362
scvi_matched,PBMC5k_CGCCATTAGCGGTAGT-1,cDC2,1,cDC2,0.02234208583831787,,0.0061008820204245945,0.0,0.010067612864077091,0.00047576616145156243
scvi_matched,PBMC5k_CGCCATTAGGGACACT-1,CD4 TEM,1,CD4 TEM,0.3716912269592285,,0.044259331960447845,0.4,1.1869438886642456,0.0666634329727896
scvi_matched,PBMC5k_CGCCATTCACAAATCC-1,CD4 Naive,1,CD4 Naive,0.332263708114624,,0.15695727948941984,0.4,1.3493982553482056,0.21214817991306512
scvi_matched,PBMC5k_CGCCATTCACTTTAGG-1,B naive,1,B naive,0.008800804615020752,,0.028597118494915058,0.0,0.16797690093517303,0.016632083819965077
scvi_matched,PBMC5k_CGCCATTCAGTCTGGC-1,CD14 Mono,1,CD14 Mono,0.0011127591133117676,,0.00047019640820658917,0.0,0.012054035440087318,0.0010849589054603766
scvi_matched,PBMC5k_CGCCATTCATATCTGG-1,Treg,0,CD4 TCM,0.42643558979034424,,0.07925788811854145,0.0,0.32363802194595337,0.04280559585030095
scvi_matched,PBMC5k_CGCCATTGTGACAGGT-1,CD4 Naive,1,CD4 Naive,0.18583977222442627,,0.07130436736877876,0.0,0.8996841311454773,0.11231973920395541
scvi_matched,PBMC5k_CGCCATTGTGCAGTGA-1,CD16 Mono,1,CD16 Mono,0.46881335973739624,,0.047900546183822446,0.19999999999999996,0.6289715766906738,0.24479278672407634
scvi_matched,PBMC5k_CGCCATTGTGCTGATT-1,CD4 TEM,0,ILC,0.30352771282196045,,0.08905300031350982,0.0,1.002766489982605,0.044690336263946785
scvi_matched,PBMC5k_CGCCATTTCTACGGGC-1,CD4 Naive,1,CD4 Naive,0.07428121566772461,,0.10106147985426472,0.0,0.8455662131309509,0.08972261511571718
scvi_matched,PBMC5k_CGCGTGACAACGACTT-1,CD4 Naive,1,CD4 Naive,0.04315382242202759,,0.011806936639217974,0.19999999999999996,0.6241433024406433,0.22315762846236803
scvi_matched,PBMC5k_CGCGTGACACAAATGA-1,CD14 Mono,1,CD14 Mono,0.00046181678771972656,,0.0012730826724506091,0.0,0.019129112362861633,0.0022143521623033883
scvi_matched,PBMC5k_CGCGTGACACCGGCTA-1,CD4 TEM,1,CD4 TEM,0.12331926822662354,,0.06681120121731476,0.0,1.1441130638122559,0.09878711255078051
scvi_matched,PBMC5k_CGCGTGACAGAACCGA-1,CD4 Naive,0,CD4 TCM,0.285727858543396,,0.07212056522803911,0.0,1.044671654701233,0.05762223853384458
scvi_matched,PBMC5k_CGCGTGAGTTCCACAA-1,CD4 Naive,0,CD4 TCM,0.5092012882232666,,0.23250743909326377,0.19999999999999996,1.7493818998336792,0.0745532996883366
scvi_matched,PBMC5k_CGGAACCCATGACTAC-1,CD14 Mono,1,CD14 Mono,0.004079699516296387,,0.0024375504073054846,0.0,0.059897828847169876,0.009204402796219613
scvi_matched,PBMC5k_CGGAACCGTAGAATGT-1,CD14 Mono,1,CD14 Mono,0.0011658072471618652,,0.00032471436720524476,0.0,0.02290508709847927,0.0028935504835335612
scvi_matched,PBMC5k_CGGAACCTCGATTCCC-1,CD4 Naive,0,CD4 TCM,0.26563411951065063,,0.17661542042640022,0.19999999999999996,1.198097586631775,0.1562999611986653
scvi_matched,PBMC5k_CGGAATTCACGAGGAT-1,CD4 TCM,1,CD4 TCM,0.16043049097061157,,0.05254044476878661,0.0,0.7876734733581543,0.053195991459404166
scvi_matched,PBMC5k_CGGAATTTCACTTTGT-1,CD14 Mono,1,CD14 Mono,0.003911137580871582,,0.0007227011427353904,0.0,0.024639196693897247,0.0019137643333416903
scvi_matched,PBMC5k_CGGACACGTCTTTCTA-1,B naive,1,B naive,0.03693234920501709,,0.003625226750934671,0.0,0.21277809143066406,0.041173743017796846
scvi_matched,PBMC5k_CGGACACTCTGGCCAG-1,CD8 Naive,1,CD8 Naive,0.3205922842025757,,0.05703307832490212,0.0,0.3734264373779297,0.0455468324399159
scvi_matched,PBMC5k_CGGAGAACATCTTTCA-1,CD8 TEM,1,CD8 TEM,0.49744099378585815,,0.04877598191303667,0.4,1.3081969022750854,0.22355574578424411
scvi_matched,PBMC5k_CGGAGAAGTGAATGTA-1,cDC2,1,cDC2,0.08744776248931885,,0.008216027984714824,0.0,0.2580316364765167,0.03584896971839783
scvi_matched,PBMC5k_CGGCAGTAGAGGGTCT-1,CD4 TEM,0,CD4 TCM,0.2531896233558655,,0.10617743674481939,0.4,1.2296167612075806,0.03960077361849054
scvi_matched,PBMC5k_CGGCAGTAGAGTCAAT-1,CD14 Mono,1,CD14 Mono,0.0005512833595275879,,0.0003224856030558769,0.0,0.012596107088029385,0.0012208853243151543
scvi_matched,PBMC5k_CGGCAGTAGATAACGT-1,CD4 Naive,1,CD4 Naive,0.15022820234298706,,0.042060177697977985,0.0,0.8359388709068298,0.10721174868567158
scvi_matched,PBMC5k_CGGCAGTGTCGTACAT-1,gdT,0,MAIT,0.34597665071487427,,0.09429491793996925,0.19999999999999996,0.9065473079681396,0.29348711239657915
scvi_matched,PBMC5k_CGGCAGTGTGATTGGG-1,CD4 TEM,1,CD4 TEM,0.17618364095687866,,0.027153677878190008,0.0,0.9853034615516663,0.12727907111985926
scvi_matched,PBMC5k_CGGCAGTTCCCTTGTG-1,cDC2,1,cDC2,0.00017082691192626953,,6.37602082183621e-05,0.0,0.0008625246700830758,6.432581866726173e-05
scvi_matched,PBMC5k_CGGCAGTTCCGTGCGA-1,B naive,1,B naive,0.12987399101257324,,0.02400674222163718,0.0,0.7162590622901917,0.1766391565946635
scvi_matched,PBMC5k_CGGGACTAGGTCCCGT-1,CD4 TCM,1,CD4 TCM,0.16375994682312012,,0.06402817790957172,0.0,0.6066460609436035,0.046107853127429876
scvi_matched,PBMC5k_CGGGACTCATCGTGGC-1,CD14 Mono,1,CD14 Mono,0.001514136791229248,,0.0009576132331808873,0.0,0.03841134533286095,0.0040316182934485145
scvi_matched,PBMC5k_CGGGACTCATTGGATC-1,cDC2,1,cDC2,0.0030376315116882324,,0.0008078367954022711,0.0,0.0027719170320779085,0.0003028071556260831
scvi_matched,PBMC5k_CGGGCATAGGTTGCCC-1,CD4 TEM,1,CD4 TEM,0.09474176168441772,,0.020327018792907603,0.0,0.6220176219940186,0.08618984491188515
scvi_matched,PBMC5k_CGGGCATGTTACTCAG-1,CD4 Naive,0,CD4 TCM,0.3612254858016968,,0.09780629350707992,0.19999999999999996,1.0084447860717773,0.1867598061551971
scvi_matched,PBMC5k_CGGGCATTCGCAATTG-1,CD4 TCM,1,CD4 TCM,0.14741945266723633,,0.08506425424117614,0.0,0.7849476933479309,0.10317042143439778
scvi_matched,PBMC5k_CGGGTCAAGAGAGGTA-1,CD4 Naive,0,CD4 TCM,0.17965590953826904,,0.03416539271635727,0.0,0.6188490390777588,0.15067897512976075
scvi_matched,PBMC5k_CGGGTCAAGCCGATCC-1,CD8 TEM,1,CD8 TEM,0.49147945642471313,,0.13995777930755582,0.4,1.6015284061431885,0.23077743887335378
scvi_matched,PBMC5k_CGGGTCAAGGTCTTTG-1,Eryth,1,Eryth,0.38848966360092163,,0.13854517344654982,0.19999999999999996,0.6162263751029968,0.2241132994467653
scvi_matched,PBMC5k_CGGGTCACATAGGAGC-1,B naive,1,B naive,0.43266135454177856,,0.09202383376178835,0.19999999999999996,1.147698998451233,0.2034845504016994
scvi_matched,PBMC5k_CGGGTCATCCTGTACC-1,CD4 TCM,1,CD4 TCM,0.45042145252227783,,0.1167212438380576,0.0,1.1923191547393799,0.05231390708424701
scvi_matched,PBMC5k_CGGGTGTAGGTTAAAC-1,NK,1,NK,0.000873267650604248,,0.0010247957098407263,0.0,0.2567009925842285,0.07348606651121373
scvi_matched,PBMC5k_CGGGTGTCAAAGGGTC-1,ILC,0,CD4 TCM,0.17506879568099976,,0.029324063483326612,0.0,0.647584855556488,0.05921353727853408
scvi_matched,PBMC5k_CGGGTGTGTTCGGACC-1,CD4 TCM,1,CD4 TCM,0.03670799732208252,,0.007421852704554921,0.0,0.21956130862236023,0.0220589467011026
scvi_matched,PBMC5k_CGGGTGTGTTGTCAGT-1,CD4 Naive,0,CD4 TCM,0.3095911741256714,,0.11857869143566813,0.0,1.3333464860916138,0.10857234636685754
scvi_matched,PBMC5k_CGGGTGTTCACGGGAA-1,Eryth,0,CD14 Mono,0.2676772475242615,,0.014137491535567426,0.19999999999999996,0.5552630424499512,0.15288603899780248
scvi_matched,PBMC5k_CGGGTGTTCAGTGATC-1,B memory,1,B memory,0.4943956732749939,,0.02055672130740782,0.4,0.6762312650680542,0.16782239965618517
scvi_matched,PBMC5k_CGGTCAGAGTTCTACG-1,CD14 Mono,1,CD14 Mono,0.0027959346771240234,,0.0010730762241935483,0.0,0.028997007757425308,0.0031150589701929776
scvi_matched,PBMC5k_CGGTCAGCACAATGCT-1,CD14 Mono,1,CD14 Mono,0.0025641322135925293,,0.00044330682095707064,0.0,0.020241262391209602,0.0011270743056076798
scvi_matched,PBMC5k_CGGTCAGCACACCTAA-1,CD16 Mono,0,CD14 Mono,0.47293418645858765,,0.061691950534410345,0.4,0.7422559857368469,0.19525445703627745
scvi_matched,PBMC5k_CGGTCAGGTTGTGCAT-1,CD4 Naive,0,CD4 TCM,0.3530071973800659,,0.14490156988617753,0.19999999999999996,1.374077558517456,0.0728765603856802
scvi_matched,PBMC5k_CGGTCAGTCACACGAT-1,B naive,1,B naive,0.2713083028793335,,0.04747440516894175,0.0,0.6396569609642029,0.15203035657098266
scvi_matched,PBMC5k_CGGTCAGTCCTTCTAA-1,CD14 Mono,1,CD14 Mono,0.004744231700897217,,0.0037857604322739102,0.0,0.03127140924334526,0.0028750449139736335
scvi_matched,PBMC5k_CGGTCAGTCTCACGAA-1,CD4 Naive,1,CD4 Naive,0.3458380699157715,,0.173252771639979,0.19999999999999996,1.4720661640167236,0.19935361657732922
scvi_matched,PBMC5k_CGTAAGTAGATCGACG-1,Eryth,1,Eryth,0.182986319065094,,0.01079587528749032,0.0,0.3408292233943939,0.06108875752309674
scvi_matched,PBMC5k_CGTAAGTAGTGGAAGA-1,CD4 Naive,1,CD4 Naive,0.33138608932495117,,0.09282769939959601,0.19999999999999996,0.8667863011360168,0.15720800008013722
scvi_matched,PBMC5k_CGTAAGTCAAGTGACG-1,B intermediate,0,B memory,0.36081957817077637,,0.20690162097983056,0.0,0.9490699768066406,0.06270296172344934
scvi_matched,PBMC5k_CGTAAGTGTTCGAAGG-1,CD4 TCM,1,CD4 TCM,0.14755505323410034,,0.024535462897395333,0.0,0.5068094730377197,0.07872955646246158
scvi_matched,PBMC5k_CGTAAGTTCACTCGAA-1,CD4 Naive,1,CD4 Naive,0.43482547998428345,,0.11965544743090262,0.4,0.9461486339569092,0.1305907598623883
scvi_matched,PBMC5k_CGTAAGTTCCCTCTAG-1,CD14 Mono,1,CD14 Mono,0.025259017944335938,,0.006709559012785596,0.0,0.0414762943983078,0.0023330484185279856
scvi_matched,PBMC5k_CGTAAGTTCCGGTTCT-1,NK,1,NK,0.0005580782890319824,,0.0004302392496763254,0.0,0.04116756469011307,0.003497730360591684
scvi_matched,PBMC5k_CGTAATGAGCTAAGTA-1,Treg,0,CD4 TCM,0.5302217304706573,,0.17493030845968294,0.19999999999999996,1.4337248802185059,0.069284991773031
scvi_matched,PBMC5k_CGTAATGTCACTACTT-1,CD14 Mono,1,CD14 Mono,0.0006719827651977539,,0.0013577440420980622,0.0,0.012781284749507904,0.001364405955858841
scvi_matched,PBMC5k_CGTAATGTCCTAGCTC-1,CD14 Mono,1,CD14 Mono,0.0019957423210144043,,0.0004712996786685568,0.0,0.0166731309145689,0.0011787191197619434
scvi_matched,PBMC5k_CGTAGTAAGTCATACC-1,CD14 Mono,1,CD14 Mono,0.001386404037475586,,0.0012312011849939623,0.0,0.007278995588421822,0.0005949887391942813
scvi_matched,PBMC5k_CGTAGTACAGAGTAAT-1,Treg,0,CD4 TCM,0.6275423169136047,,0.10297931431018581,0.0,1.065075159072876,0.02252920770862108
scvi_matched,PBMC5k_CGTAGTATCCTCAGGG-1,gdT,0,MAIT,0.17419075965881348,,0.08356166812965071,0.19999999999999996,0.8441546559333801,0.16686291627219427
scvi_matched,PBMC5k_CGTAGTATCGGCATAT-1,CD16 Mono,0,CD14 Mono,0.36551767587661743,,0.1493067890176969,0.4,0.962592363357544,0.17176534992516132
scvi_matched,PBMC5k_CGTCAAAGTAGTTAGA-1,CD14 Mono,1,CD14 Mono,0.01441413164138794,,0.020453025469685138,0.0,0.08590181916952133,0.01229755007599377
scvi_matched,PBMC5k_CGTCAAATCATCACTT-1,CD16 Mono,0,CD14 Mono,0.3864797353744507,,0.14356560254202555,0.19999999999999996,0.5527104139328003,0.23492502352627045
scvi_matched,PBMC5k_CGTCAAATCGACATAC-1,CD4 TCM,0,Eryth,0.1698756217956543,,0.22547203907331537,0.19999999999999996,1.8344066143035889,0.0617383920622689
scvi_matched,PBMC5k_CGTCAAATCGGCAGTC-1,CD4 TEM,1,CD4 TEM,0.21814703941345215,,0.12886856481594833,0.0,0.8137952089309692,0.11236133151871593
scvi_matched,PBMC5k_CGTCCATCAAACGGCA-1,CD14 Mono,1,CD14 Mono,0.0009317994117736816,,0.0004833681053904061,0.0,0.008738039992749691,0.0003686629792078725
scvi_matched,PBMC5k_CGTCCATGTCCTGTCT-1,CD14 Mono,1,CD14 Mono,0.0027959346771240234,,0.0009838400348023968,0.0,0.016253989189863205,0.0020637001090184444
scvi_matched,PBMC5k_CGTCCATTCCAAATGC-1,CD14 Mono,1,CD14 Mono,0.12481492757797241,,0.018014016777731234,0.0,0.16198581457138062,0.025791323941660352
scvi_matched,PBMC5k_CGTGAATAGAAACCCG-1,ILC,1,ILC,0.19465506076812744,,0.08639955349422124,0.4,1.0991843938827515,0.07113098096662014
scvi_matched,PBMC5k_CGTGAATAGATCACCT-1,CD14 Mono,1,CD14 Mono,0.016541242599487305,,0.0026781374771392696,0.0,0.10079684853553772,0.011601675346196551
scvi_matched,PBMC5k_CGTGAATCATCCTAAG-1,CD14 Mono,1,CD14 Mono,0.0004870891571044922,,0.0009753059384405606,0.0,0.04822499677538872,0.004990863984387803
scvi_matched,PBMC5k_CGTGCTTGTTTCTATC-1,CD4 Naive,1,CD4 Naive,0.14915287494659424,,0.09341274079662465,0.19999999999999996,0.9474393129348755,0.07714203417532636
scvi_matched,PBMC5k_CGTGTCTCACTGGCCA-1,CD14 Mono,1,CD14 Mono,0.00212252140045166,,0.0014870378379005962,0.0,0.020294224843382835,0.0038495366467006845
scvi_matched,PBMC5k_CGTGTCTCATTAGGCT-1,Eryth,0,CD14 Mono,0.05022621154785156,,0.03005781213247155,0.0,0.2804899513721466,0.04279916734324517
scvi_matched,PBMC5k_CGTTAGAAGTCATACC-1,CD14 Mono,1,CD14 Mono,0.0045822858810424805,,0.0007362021726694951,0.0,0.04019907861948013,0.0032937212478551924
scvi_matched,PBMC5k_CGTTAGACAGCGTGCT-1,CD8 TEM,1,CD8 TEM,0.4858776926994324,,0.07597791743310811,0.6,1.7299158573150635,0.1551672293992878
scvi_matched,PBMC5k_CGTTAGAGTCCTGGGT-1,CD14 Mono,1,CD14 Mono,0.10546106100082397,,0.10431658240602376,0.0,0.6108406782150269,0.06234942984025255
scvi_matched,PBMC5k_CGTTAGAGTTCTTGCC-1,CD14 Mono,1,CD14 Mono,0.0036423802375793457,,0.0008079932343484607,0.0,0.017890479415655136,0.00059929341170988
scvi_matched,PBMC5k_CGTTCTGAGCATCCTA-1,cDC2,1,cDC2,0.021278083324432373,,0.00419110006814459,0.0,0.022159449756145477,0.0010820247859772902
scvi_matched,PBMC5k_CGTTCTGTCCGCATAA-1,CD8 TEM,1,CD8 TEM,0.37102776765823364,,0.0954219721029036,0.0,0.7868625521659851,0.1272350902504104
scvi_matched,PBMC5k_CGTTGGGGTTTGTTCT-1,CD4 TCM,1,CD4 TCM,0.040117084980010986,,0.01397073959839537,0.0,0.2933802604675293,0.023322598228249548
scvi_matched,PBMC5k_CGTTGGGTCCTGGTCT-1,CD14 Mono,1,CD14 Mono,0.0051138997077941895,,0.0009582003440360802,0.0,0.054856929928064346,0.0057685790078935185
scvi_matched,PBMC5k_CTAAGTGTCTGAGATC-1,CD14 Mono,1,CD14 Mono,0.0007148385047912598,,0.0011649289920563077,0.0,0.025823455303907394,0.0009843262362243844
scvi_matched,PBMC5k_CTACAGAGTCAGCGTC-1,CD8 TEM,0,NK,0.014794766902923584,,0.1436942254769371,0.19999999999999996,0.8419679999351501,0.2746758384164349
scvi_matched,PBMC5k_CTACCCAAGCCTCCAG-1,CD16 Mono,1,CD16 Mono,0.010795414447784424,,0.008159432463523283,0.0,0.026154641062021255,0.005982266256522816
scvi_matched,PBMC5k_CTACCCAAGGCAGTCA-1,CD16 Mono,0,CD14 Mono,0.24774706363677979,,0.3142780683509354,0.19999999999999996,0.765207827091217,0.3086832974386496
scvi_matched,PBMC5k_CTACCCACATCCTAAG-1,CD14 Mono,1,CD14 Mono,0.0046294331550598145,,0.04370239459996941,0.0,0.11751873046159744,0.014827530769758797
scvi_matched,PBMC5k_CTACCCATCCGGTAGC-1,NK,1,NK,0.0001512765884399414,,0.0004781980387733517,0.0,0.14247074723243713,0.036881399192269564
scvi_matched,PBMC5k_CTACCCATCGACATTG-1,CD4 TCM,1,CD4 TCM,0.2608674168586731,,0.04053928570159082,0.0,0.5528751015663147,0.04896564686035391
scvi_matched,PBMC5k_CTACCCATCTCGCTCA-1,NK,1,NK,0.0019526481628417969,,0.0011766478946371624,0.0,0.05740436539053917,0.0033185047207720305
scvi_matched,PBMC5k_CTACCCATCTCGGTCT-1,CD14 Mono,1,CD14 Mono,0.013302028179168701,,0.003327661735121848,0.0,0.05817960947751999,0.006379045351893201
scvi_matched,PBMC5k_CTACCTGCAAACTAAG-1,CD14 Mono,1,CD14 Mono,0.0015329718589782715,,0.00015742294049804484,0.0,0.03671553358435631,0.0029706019534925603
scvi_matched,PBMC5k_CTACCTGGTCTCAGAT-1,CD8 TEM,1,CD8 TEM,0.26027601957321167,,0.04608598171212175,0.0,1.1739904880523682,0.10596120641618659
scvi_matched,PBMC5k_CTACCTGGTTGTCAGT-1,CD4 Naive,1,CD4 Naive,0.021960139274597168,,0.05063926083829562,0.4,0.7096806764602661,0.2701649324487912
scvi_matched,PBMC5k_CTACGGGAGCGAGAAA-1,CD4 Naive,1,CD4 Naive,0.33218836784362793,,0.09477001803080387,0.0,0.9136794209480286,0.13433655643484552
scvi_matched,PBMC5k_CTACGGGCACATTCGA-1,CD8 TEM,1,CD8 TEM,0.49080902338027954,,0.12366390716693643,0.19999999999999996,1.428552508354187,0.16656381119861224
scvi_matched,PBMC5k_CTACGGGCACTGGCGT-1,CD4 Naive,1,CD4 Naive,0.11730062961578369,,0.10063303164642345,0.0,1.0955408811569214,0.09079584692915688
scvi_matched,PBMC5k_CTACGGGCATCCTTCG-1,B memory,1,B memory,0.039039433002471924,,0.007333055082246853,0.0,0.4240846037864685,0.09313220648400553
scvi_matched,PBMC5k_CTACGGGTCCAGTGCG-1,CD16 Mono,1,CD16 Mono,0.03296011686325073,,0.008923297220852111,0.0,0.03704402223229408,0.003854736472749442
scvi_matched,PBMC5k_CTACGGGTCTCTGCTG-1,B naive,1,B naive,0.5582533478736877,,0.17823940430513874,0.0,0.30145636200904846,0.034913904010094816
scvi_matched,PBMC5k_CTACTATAGCCTCTGG-1,CD4 TCM,1,CD4 TCM,0.5391618609428406,,0.19566708876870598,0.19999999999999996,1.3783060312271118,0.20547361030237926
scvi_matched,PBMC5k_CTACTATCAGCGGTTC-1,CD4 TEM,1,CD4 TEM,0.4259417653083801,,0.06234281481818649,0.0,0.9823726415634155,0.09223206198150403
scvi_matched,PBMC5k_CTACTATCATTGACTG-1,NK_CD56bright,1,NK_CD56bright,0.3320963382720947,,0.11444111901905685,0.19999999999999996,0.7137924432754517,0.2717775232947679
scvi_matched,PBMC5k_CTACTATGTAACTTCG-1,B naive,0,B intermediate,0.2637302875518799,,0.22550246944904595,0.19999999999999996,0.7179111838340759,0.18339852840959414
scvi_matched,PBMC5k_CTAGACAGTTAGAAAC-1,CD8 Naive,0,gdT,0.4496568441390991,,0.21594360933778634,0.0,0.6888638138771057,0.10094736722343786
scvi_matched,PBMC5k_CTAGACATCACTTATC-1,CD14 Mono,1,CD14 Mono,0.0004356503486633301,,0.0003564791776147786,0.0,0.01441551186144352,0.0014131921912333566
scvi_matched,PBMC5k_CTAGACATCGATCCAA-1,Treg,1,Treg,0.6108392477035522,,0.2716964591302824,0.6,1.4826631546020508,0.11277878965962948
scvi_matched,PBMC5k_CTAGGTAGTACGATCT-1,CD14 Mono,1,CD14 Mono,0.001467585563659668,,0.0004652537376168362,0.0,0.06027691438794136,0.00909067129673448
scvi_matched,PBMC5k_CTAGGTATCTTTCGAT-1,CD4 TCM,0,CD4 Naive,0.2660754323005676,,0.09244328284912773,0.0,0.8630188703536987,0.0866274308488897
scvi_matched,PBMC5k_CTATAGGAGAGGATGA-1,CD14 Mono,1,CD14 Mono,0.07209616899490356,,0.02057595387670824,0.0,0.15878404676914215,0.015358889525827191
scvi_matched,PBMC5k_CTATAGGAGTCCTACA-1,CD14 Mono,1,CD14 Mono,0.04621320962905884,,0.007071622157951513,0.0,0.07893776893615723,0.0068685953748618585
scvi_matched,PBMC5k_CTATAGGCAGGCTATT-1,MAIT,0,CD4 TEM,0.38831984996795654,,0.075335929739197,0.19999999999999996,0.7258617281913757,0.24228875812407957
scvi_matched,PBMC5k_CTATAGGGTATGAAGT-1,CD8 Naive,1,CD8 Naive,0.033356547355651855,,0.023649502442623427,0.0,0.24265475571155548,0.0164673900795092
scvi_matched,PBMC5k_CTATAGGGTGAATAAC-1,ILC,1,ILC,0.641668289899826,,0.35533732123136974,0.6,1.7124630212783813,0.2604028963342564
scvi_matched,PBMC5k_CTATCCGAGGTGCCTC-1,B naive,1,B naive,0.4896072745323181,,0.1024900167313546,0.0,0.740379273891449,0.16043465345105573
scvi_matched,PBMC5k_CTATCCGCAAGACCTT-1,CD16 Mono,1,CD16 Mono,0.01322406530380249,,0.0028281338549676904,0.0,0.07978702336549759,0.02771745213411674
scvi_matched,PBMC5k_CTATCCGCATGTCGTA-1,CD4 Naive,0,CD4 TCM,0.4666683077812195,,0.11290888931883125,0.4,0.9579991698265076,0.18600652977214366
scvi_matched,PBMC5k_CTATCTAAGGTCTACT-1,NK_CD56bright,1,NK_CD56bright,0.05876725912094116,,0.01064256426778687,0.0,0.2417566478252411,0.031641854770965656
scvi_matched,PBMC5k_CTATCTACATGGAACG-1,CD14 Mono,1,CD14 Mono,0.017024219036102295,,0.004061137829318315,0.0,0.568756103515625,0.0783802413513766
scvi_matched,PBMC5k_CTATCTAGTGCAGATG-1,CD14 Mono,1,CD14 Mono,0.0296400785446167,,0.005677617817911554,0.0,0.11789817363023758,0.01190993637613458
scvi_matched,PBMC5k_CTCAACCGTATCGCTA-1,CD14 Mono,1,CD14 Mono,0.00032842159271240234,,0.009770623475859143,0.0,0.041613005101680756,0.006912111694345686
scvi_matched,PBMC5k_CTCAACCTCTAAGAAG-1,CD14 Mono,1,CD14 Mono,0.007266044616699219,,0.0031707479440003378,0.0,0.0865325927734375,0.01018170287818269
scvi_matched,PBMC5k_CTCAAGATCCGTAATG-1,CD4 TCM,0,Eryth,0.040658771991729736,,0.3180396778465744,0.8,2.008249282836914,0.13219513368852626
scvi_matched,PBMC5k_CTCAAGATCTTAATCC-1,CD14 Mono,1,CD14 Mono,0.020540058612823486,,0.0026055775504534168,0.0,0.08079352229833603,0.006466480484696933
scvi_matched,PBMC5k_CTCAATTAGGTTACAA-1,CD4 Naive,1,CD4 Naive,0.32855671644210815,,0.062273117859023785,0.19999999999999996,1.1270290613174438,0.1652963084622106
scvi_matched,PBMC5k_CTCAATTCACATACTG-1,CD14 Mono,1,CD14 Mono,0.08203732967376709,,0.012065854268809822,0.0,0.21483024954795837,0.01331361906813224
scvi_matched,PBMC5k_CTCAATTCAGCACAAG-1,CD4 TEM,1,CD4 TEM,0.4873446226119995,,0.07344297236404429,0.4,1.1238477230072021,0.16906577553043106
scvi_matched,PBMC5k_CTCAATTCAGTCTCTC-1,CD4 TCM,1,CD4 TCM,0.0928545594215393,,0.030577146636527885,0.0,0.3965308368206024,0.06077334735447686
scvi_matched,PBMC5k_CTCAATTGTCACCACG-1,CD8 TEM,1,CD8 TEM,0.03152531385421753,,0.03188603092187442,0.0,0.37225019931793213,0.06796132369375625
scvi_matched,PBMC5k_CTCAATTTCTACTCAT-1,Treg,1,Treg,0.5300937294960022,,0.04149539758577403,0.0,0.9797090291976929,0.0280774060405369
scvi_matched,PBMC5k_CTCACTGTCAGAGCGA-1,NK,1,NK,0.002550184726715088,,0.0004414119402784966,0.0,0.011560305021703243,0.0003255152627155063
scvi_matched,PBMC5k_CTCAGAACAATGTGGG-1,CD14 Mono,1,CD14 Mono,0.002202153205871582,,0.002117317148883885,0.0,0.04793544113636017,0.004495949335698721
scvi_matched,PBMC5k_CTCAGAATCACTTATC-1,CD14 Mono,1,CD14 Mono,0.0009121894836425781,,0.003177084031198568,0.0,0.11402358114719391,0.013182106302868528
scvi_matched,PBMC5k_CTCAGGGCAAAGCGTG-1,CD14 Mono,1,CD14 Mono,0.012894392013549805,,0.0014815453878735466,0.0,0.10276572406291962,0.009476999596531224
scvi_matched,PBMC5k_CTCAGGGCATACCACA-1,CD14 Mono,1,CD14 Mono,0.0009296536445617676,,0.001733722132009688,0.0,0.06277769058942795,0.006540195259303373
scvi_matched,PBMC5k_CTCAGGGTCGTGGCGT-1,B memory,1,B memory,0.006047666072845459,,0.0068676818438370285,0.0,0.1958913952112198,0.030976544500735042
scvi_matched,PBMC5k_CTCAGGGTCTAAGAAG-1,CD14 Mono,1,CD14 Mono,0.022462844848632812,,0.060871361255216416,0.0,0.20483466982841492,0.038416375159309554
scvi_matched,PBMC5k_CTCAGTCAGAGCACTG-1,CD8 TEM,0,CD4 TEM,0.3706367611885071,,0.2750441127918295,0.4,1.7285021543502808,0.0570375547535963
scvi_matched,PBMC5k_CTCAGTCCACAAATAG-1,CD14 Mono,1,CD14 Mono,0.0011287331581115723,,0.0014383278378337864,0.0,0.010100830346345901,0.0008136339613306744
scvi_matched,PBMC5k_CTCAGTCGTTTCCCAC-1,NK,1,NK,0.0033762454986572266,,0.003322319869289478,0.0,0.14843259751796722,0.035212341014421014
scvi_matched,PBMC5k_CTCATCGGTCTCGCGA-1,cDC2,1,cDC2,0.002474844455718994,,0.0008523788045708292,0.0,0.011507771909236908,0.001580167015012848
scvi_matched,PBMC5k_CTCATCGGTTCATCGA-1,CD4 TCM,0,CD4 Naive,0.3833523392677307,,0.16327038228933688,0.0,1.0740655660629272,0.0925116928818687
scvi_matched,PBMC5k_CTCATCGTCTCAATCT-1,NK,1,NK,0.0076180100440979,,0.016947211075860835,0.0,0.5126771926879883,0.12978253400958292
scvi_matched,PBMC5k_CTCATGCAGATACGAT-1,CD14 Mono,1,CD14 Mono,0.0009200572967529297,,0.000288452536475259,0.0,0.024994613602757454,0.0020859742833729245
scvi_matched,PBMC5k_CTCATGCAGTTGCCCG-1,CD14 Mono,1,CD14 Mono,0.004079461097717285,,0.001431724141840597,0.0,0.025803131982684135,0.002857699376735635
scvi_matched,PBMC5k_CTCATGCTCCATTTAC-1,ILC,0,CD4 TCM,0.6286242604255676,,0.12042654695418897,0.4,1.1864348649978638,0.16147588992283252
scvi_matched,PBMC5k_CTCATTAAGCGATCGA-1,NK,1,NK,0.05145084857940674,,0.021986300759922084,0.0,0.747951090335846,0.14411653936535454
scvi_matched,PBMC5k_CTCATTAGTTGCTTGA-1,B intermediate,0,B memory,0.28492480516433716,,0.06908686808167386,0.19999999999999996,0.661987841129303,0.1319787688243584
scvi_matched,PBMC5k_CTCATTATCAACCTCC-1,CD4 Naive,1,CD4 Naive,0.128801167011261,,0.31630236311759763,0.19999999999999996,1.4682646989822388,0.20448862741156798
scvi_matched,PBMC5k_CTCATTATCACCTGGG-1,CD14 Mono,1,CD14 Mono,0.002480745315551758,,0.0045219341318318285,0.0,0.014225531369447708,0.001490438906994586
scvi_matched,PBMC5k_CTCATTATCAGGGTAG-1,CD4 TEM,1,CD4 TEM,0.19081813097000122,,0.04656372581431312,0.0,0.9324589967727661,0.11209146674857082
scvi_matched,PBMC5k_CTCATTATCCTTGGAA-1,CD14 Mono,1,CD14 Mono,0.00043529272079467773,,0.0004872692990584744,0.0,0.011086592450737953,0.0007624154856505828
scvi_matched,PBMC5k_CTCATTATCTAGATCG-1,B memory,1,B memory,0.4414796829223633,,0.042908815631556796,0.0,0.4114506244659424,0.06855969207843982
scvi_matched,PBMC5k_CTCATTATCTTTGCAT-1,CD16 Mono,1,CD16 Mono,0.008774101734161377,,0.001997524618419552,0.0,0.01150777842849493,0.0021462767643041186
scvi_matched,PBMC5k_CTCCAACTCGTACCTC-1,NK,1,NK,0.0007014274597167969,,0.0012392356498155364,0.0,0.0663648247718811,0.012907987658523508
scvi_matched,PBMC5k_CTCCAACTCTGGCCAG-1,NK,1,NK,0.0004360079765319824,,0.005354123120989495,0.0,0.03630837798118591,0.004650052052783565
scvi_matched,PBMC5k_CTCCACAAGCGTGAGT-1,CD14 Mono,1,CD14 Mono,0.00837010145187378,,0.0035469672007086978,0.0,0.047462645918130875,0.0015140170119632814
scvi_matched,PBMC5k_CTCCACACAACTGCCG-1,CD4 TCM,0,Eryth,0.13770133256912231,,0.08519561509743212,0.6,1.734592318534851,0.15315692584815585
scvi_matched,PBMC5k_CTCCACATCACTGAAC-1,B naive,0,B intermediate,0.4810129404067993,,0.14134285478952902,0.0,0.3837074339389801,0.07130515827802367
scvi_matched,PBMC5k_CTCCACATCAGGTAAA-1,CD14 Mono,1,CD14 Mono,0.006660401821136475,,0.0011420114396474695,0.0,0.045881953090429306,0.0037236653609024326
scvi_matched,PBMC5k_CTCCACATCTCTAGGA-1,NK,1,NK,0.00031185150146484375,,0.00047992950315615436,0.0,0.04803088307380676,0.008734707034304234
scvi_matched,PBMC5k_CTCCATGAGCCTATTG-1,CD8 TEM,0,CD4 TEM,0.35955584049224854,,0.31026210555982936,0.6,1.455645203590393,0.014189845710595998
scvi_matched,PBMC5k_CTCCATGCAGAGCGTA-1,CD14 Mono,1,CD14 Mono,0.011566698551177979,,0.0023744568937042188,0.0,0.031334709376096725,0.0030884274591099917
scvi_matched,PBMC5k_CTCCCAAAGACCTTTG-1,CD4 TCM,1,CD4 TCM,0.15817713737487793,,0.049476764306900844,0.0,0.4118557274341583,0.03822709766026913
scvi_matched,PBMC5k_CTCCCAAAGGCTATCT-1,CD14 Mono,1,CD14 Mono,0.0004399418830871582,,0.0009239577776174335,0.0,0.02450079843401909,0.003657280821348598
scvi_matched,PBMC5k_CTCCCAAAGTATGCAA-1,CD14 Mono,1,CD14 Mono,0.005118250846862793,,0.008095876095434357,0.0,0.05038559064269066,0.0032444788679002402
scvi_matched,PBMC5k_CTCCCAAGTAACCCTA-1,NK,1,NK,0.0001188516616821289,,0.0005052545493453315,0.0,0.014837732538580894,0.0010690743932617343
scvi_matched,PBMC5k_CTCCCAATCTTGGTCC-1,CD4 TCM,1,CD4 TCM,0.13702881336212158,,0.13334360569046344,0.0,0.5542221665382385,0.09897046906436975
scvi_matched,PBMC5k_CTCCCTCAGGTGCTGA-1,CD4 Naive,1,CD4 Naive,0.5286196768283844,,0.17982988331960037,0.4,1.6072022914886475,0.1820559110423784
scvi_matched,PBMC5k_CTCCCTCCATGAATCC-1,ILC,0,CD4 TCM,0.05580341815948486,,0.05936884139642151,0.19999999999999996,0.9652828574180603,0.26390890854904525
scvi_matched,PBMC5k_CTCCCTCTCGTCAAAC-1,CD14 Mono,1,CD14 Mono,0.03467017412185669,,0.003706916972693472,0.0,0.11573509871959686,0.01653225987587937
scvi_matched,PBMC5k_CTCCGATTCATTCATC-1,NK,1,NK,0.0004279017448425293,,0.011427638337112259,0.0,0.2631303668022156,0.09756010083111738
scvi_matched,PBMC5k_CTCCTCCCAATTTCTC-1,CD4 TCM,1,CD4 TCM,0.028657734394073486,,0.03934503597303707,0.0,0.7069394588470459,0.043744277482077036
scvi_matched,PBMC5k_CTCGAGGCAACACACT-1,CD14 Mono,1,CD14 Mono,0.0008003115653991699,,0.000504514956847656,0.0,0.016043318435549736,0.0018822934290372822
scvi_matched,PBMC5k_CTCGAGGGTAAGGCTG-1,CD4 Naive,1,CD4 Naive,0.4702034592628479,,0.10174420106638948,0.4,1.2174458503723145,0.11721751807464498
scvi_matched,PBMC5k_CTCTCAGAGACTTCAC-1,NK,1,NK,7.164478302001953e-05,,0.0003538199823340093,0.0,0.01361094880849123,0.001291981795673455
scvi_matched,PBMC5k_CTCTCAGAGCCAAGGT-1,CD14 Mono,1,CD14 Mono,0.2724352478981018,,0.06743810597653999,0.4,1.1061047315597534,0.06375736591881886
scvi_matched,PBMC5k_CTCTCGAAGTCTGGAG-1,CD4 Naive,1,CD4 Naive,0.3843650817871094,,0.05249218529655664,0.0,1.022682547569275,0.14611717840565971
scvi_matched,PBMC5k_CTCTCGATCCATTGTT-1,CD4 TEM,0,CD8 TCM,0.5649035573005676,,0.12455556366316389,0.19999999999999996,1.60001802444458,0.1262036804335967
scvi_matched,PBMC5k_CTCTGGTTCCAAGGGA-1,Treg,1,Treg,0.42348283529281616,,0.07286106972553807,0.19999999999999996,1.3931399583816528,0.08586894101474121
scvi_matched,PBMC5k_CTGAGCGCAACCAGAG-1,CD14 Mono,1,CD14 Mono,0.0004917383193969727,,0.0012891927507774903,0.0,0.007864001207053661,0.0007300271177756709
scvi_matched,PBMC5k_CTGAGCGGTTAGGGAC-1,CD4 Naive,0,CD4 TCM,0.6469215154647827,,0.26431116589100956,0.6,1.6524909734725952,0.14434779581234836
scvi_matched,PBMC5k_CTGAGGCAGAATCGTA-1,B naive,1,B naive,0.3925873041152954,,0.0743240799080489,0.0,0.740506649017334,0.12292354812803229
scvi_matched,PBMC5k_CTGAGGCAGAATTCAG-1,NK,1,NK,0.02905482053756714,,0.007272734384169671,0.0,0.04129154980182648,0.003994763840034645
scvi_matched,PBMC5k_CTGAGGCAGCACACCC-1,CD8 TCM,0,CD8 Naive,0.43372803926467896,,0.13525321871150675,0.0,0.8998346924781799,0.0352279921887098
scvi_matched,PBMC5k_CTGAGGCGTCTCAGGC-1,B naive,1,B naive,0.04051715135574341,,0.018041332323096432,0.0,0.2130841314792633,0.014686230032774797
scvi_matched,PBMC5k_CTGAGGCGTGGACCAA-1,cDC2,1,cDC2,0.003780543804168701,,0.0007233935949880633,0.0,0.01217000000178814,0.0012417674050331162
scvi_matched,PBMC5k_CTGATCCAGACCAAAT-1,CD14 Mono,1,CD14 Mono,0.0005331635475158691,,0.00043810858793661735,0.0,0.02177208475768566,0.0013606482368068485
scvi_matched,PBMC5k_CTGATCCCAGACGATG-1,CD4 Naive,1,CD4 Naive,0.23454511165618896,,0.21591915449373023,0.19999999999999996,1.0628305673599243,0.20270747935733882
scvi_matched,PBMC5k_CTGATCCCAGACTCTA-1,cDC2,1,cDC2,6.0558319091796875e-05,,7.2885926295093e-05,0.0,0.00040886292117647827,2.9103223815794432e-05
scvi_matched,PBMC5k_CTGATCCCATCAACCA-1,CD14 Mono,1,CD14 Mono,0.0003018379211425781,,0.0005169787053413795,0.0,0.010748627595603466,0.0007260395234394624
scvi_matched,PBMC5k_CTGATCCTCGGATTAC-1,CD14 Mono,1,CD14 Mono,0.00039392709732055664,,0.0001753391333940181,0.0,0.013444233685731888,0.0012979793397626834
scvi_matched,PBMC5k_CTGCAGGAGCGTATGG-1,CD4 TEM,0,CD4 TCM,0.23287290334701538,,0.0567733674769465,0.0,0.7339966297149658,0.03406395498734956
scvi_matched,PBMC5k_CTGCAGGAGGGAGGCA-1,CD4 Naive,1,CD4 Naive,0.1295444369316101,,0.05517965640633837,0.4,0.95699542760849,0.2494329248374089
scvi_matched,PBMC5k_CTGCAGGCAAGTTCGT-1,CD14 Mono,1,CD14 Mono,0.013292551040649414,,0.003925003264839258,0.0,0.026019137352705002,0.0023410257146137133
scvi_matched,PBMC5k_CTGCAGGGTCTACTGA-1,cDC2,1,cDC2,0.0006429553031921387,,0.00014988696688909343,0.0,0.001092817634344101,8.736341253889234e-05
scvi_matched,PBMC5k_CTGCAGGTCACCGCTT-1,CD14 Mono,1,CD14 Mono,0.005804955959320068,,0.0010555976385503985,0.0,0.1259356141090393,0.02766737472523089
scvi_matched,PBMC5k_CTGCATCAGACGGAAA-1,CD16 Mono,1,CD16 Mono,0.02851688861846924,,0.01664774627954045,0.0,0.11696051061153412,0.031055387980718323
scvi_matched,PBMC5k_CTGCATCAGACTACCT-1,CD14 Mono,1,CD14 Mono,0.00041431188583374023,,0.00020765647570195837,0.0,0.012258965522050858,0.0014801133238346352
scvi_matched,PBMC5k_CTGCATCGTCATAGTC-1,CD14 Mono,1,CD14 Mono,0.0003167390823364258,,0.0004409766475690852,0.0,0.02125926874577999,0.0015523852077539736
scvi_matched,PBMC5k_CTGCATCGTGGGAGAG-1,Eryth,1,Eryth,0.022235631942749023,,0.015137320543823246,0.0,0.20572032034397125,0.026746647065176415
scvi_matched,PBMC5k_CTGCATCTCTCTAGGA-1,CD4 TCM,1,CD4 TCM,0.18495899438858032,,0.024415536247593073,0.0,0.6208125948905945,0.080654207498925
scvi_matched,PBMC5k_CTGCCATAGAATAGTC-1,CD14 Mono,1,CD14 Mono,0.11501157283782959,,0.05177364418747177,0.0,0.44336017966270447,0.021878762655871253
scvi_matched,PBMC5k_CTGCCATAGCCGTTGC-1,CD4 TEM,1,CD4 TEM,0.5531898438930511,,0.14133073789926032,0.4,1.243794560432434,0.1044672867460495
scvi_matched,PBMC5k_CTGCCTACAATCCTAG-1,CD4 TEM,1,CD4 TEM,0.18930208683013916,,0.05229408962568238,0.0,0.8943852186203003,0.1378355207525761
scvi_matched,PBMC5k_CTGCGAGCAATACCCA-1,NK,1,NK,0.002733469009399414,,0.0011017848816383298,0.0,0.10718445479869843,0.00981538209369227
scvi_matched,PBMC5k_CTGCGAGCAGGCTATT-1,CD4 TCM,1,CD4 TCM,0.515448659658432,,0.07870287329088499,0.0,0.7880374789237976,0.07321611416396734
scvi_matched,PBMC5k_CTGCTCAAGAAATCCA-1,CD4 Naive,1,CD4 Naive,0.4532041549682617,,0.1413457213334801,0.4,1.3271772861480713,0.17998822765843714
scvi_matched,PBMC5k_CTGCTCAAGTTGCTGT-1,CD4 Naive,1,CD4 Naive,0.2533864974975586,,0.03360362753750057,0.0,0.9503626227378845,0.1365646522200222
scvi_matched,PBMC5k_CTGGCAGAGGGAGGGT-1,CD16 Mono,1,CD16 Mono,0.14371395111083984,,0.033864904596570905,0.0,0.20529010891914368,0.04711229151530431
scvi_matched,PBMC5k_CTGGCAGCAAACGGCA-1,NK,1,NK,0.0009000301361083984,,0.002052127358258011,0.0,0.27529969811439514,0.03351239740036634
scvi_matched,PBMC5k_CTGGCAGGTACTCGAT-1,B intermediate,0,B memory,0.32209622859954834,,0.03868564086696935,0.0,0.5531354546546936,0.11972231495744058
scvi_matched,PBMC5k_CTGGCAGGTCTAACTG-1,CD4 Naive,1,CD4 Naive,0.45247578620910645,,0.17821267999751367,0.4,1.1422785520553589,0.19052603360016895
scvi_matched,PBMC5k_CTGGCAGTCTGCGATA-1,CD14 Mono,1,CD14 Mono,0.0007104873657226562,,0.003909724410242003,0.0,0.06080352142453194,0.0054723671215284675
scvi_matched,PBMC5k_CTGGTCTAGGCTTCCG-1,CD14 Mono,1,CD14 Mono,6.73532485961914e-05,,0.00025002997396778503,0.0,0.0049486043862998486,0.0004771533296351509
scvi_matched,PBMC5k_CTGGTCTGTGTTGACT-1,cDC2,1,cDC2,0.0026420950889587402,,0.000657469324130625,0.0,0.0021751767490059137,0.00024660892142345034
scvi_matched,PBMC5k_CTGGTCTTCCGGGACT-1,CD14 Mono,1,CD14 Mono,0.0006145238876342773,,0.0002596826808763681,0.0,0.006057077087461948,0.0008496181770098401
scvi_matched,PBMC5k_CTGTACCCAGTTCCAA-1,CD14 Mono,1,CD14 Mono,0.0013892650604248047,,0.0004967638126405789,0.0,0.010584251955151558,0.0006044394010131074
scvi_matched,PBMC5k_CTGTACCGTATCACGT-1,CD4 TCM,1,CD4 TCM,0.38798797130584717,,0.2203192929867308,0.0,1.5322109460830688,0.07486519905308649
scvi_matched,PBMC5k_CTGTACCGTCAAACGG-1,ILC,0,CD4 TEM,0.48186182975769043,,0.08946030018323126,0.4,1.1123857498168945,0.05621817486877781
scvi_matched,PBMC5k_CTGTACCGTTCTAACG-1,CD14 Mono,1,CD14 Mono,0.003595113754272461,,0.013837862643495694,0.0,0.19494366645812988,0.017329438739223563
scvi_matched,PBMC5k_CTGTACCTCCACAAGT-1,CD4 TCM,0,CD4 Naive,0.5438660979270935,,0.12802700186105187,0.0,1.24564790725708,0.1947337165660305
scvi_matched,PBMC5k_CTGTACCTCGATACTG-1,CD14 Mono,1,CD14 Mono,0.0009145736694335938,,0.0003809847282538288,0.0,0.007446748670190573,0.0010144110984376888
scvi_matched,PBMC5k_CTGTAGACACACCTTC-1,B memory,1,B memory,0.14499366283416748,,0.06425348187284718,0.0,0.6276479363441467,0.1140246619093341
scvi_matched,PBMC5k_CTGTAGAGTCCGGTCA-1,CD14 Mono,1,CD14 Mono,0.0033416748046875,,0.0009735145948130339,0.0,0.04746707156300545,0.0021623773447305454
scvi_matched,PBMC5k_CTGTAGAGTTGTCATG-1,CD14 Mono,1,CD14 Mono,0.002002418041229248,,0.001022771687921687,0.0,0.09971644729375839,0.019876409964346888
scvi_matched,PBMC5k_CTGTAGATCACCACAA-1,CD4 Naive,1,CD4 Naive,0.11522644758224487,,0.027480838662381712,0.19999999999999996,1.429665207862854,0.19017264051029165
scvi_matched,PBMC5k_CTGTAGATCTAGTGAC-1,cDC2,1,cDC2,0.0002676844596862793,,0.00010278428977682067,0.0,0.002018027240410447,0.00017346801691918337
scvi_matched,PBMC5k_CTGTATTAGGTGGCTA-1,CD14 Mono,1,CD14 Mono,0.0005773305892944336,,0.00041328642900776476,0.0,0.010544151067733765,0.0007939607603871324
scvi_matched,PBMC5k_CTGTATTAGTGGACTG-1,CD14 Mono,1,CD14 Mono,0.004503846168518066,,0.0009028191533547968,0.0,0.03708969056606293,0.004453680681734153
scvi_matched,PBMC5k_CTGTCGTGTACCGGCT-1,CD14 Mono,1,CD14 Mono,0.030335962772369385,,0.07004886239697986,0.0,0.16198979318141937,0.017246886441893865
scvi_matched,PBMC5k_CTGTCGTTCGCTGACG-1,CD14 Mono,1,CD14 Mono,0.0006768703460693359,,0.00018264215154485414,0.0,0.014093687757849693,0.001266550036561335
scvi_matched,PBMC5k_CTGTGGGAGTAGATCA-1,CD14 Mono,1,CD14 Mono,0.027093946933746338,,0.004576183996909261,0.0,0.1800532191991806,0.03915489265066911
scvi_matched,PBMC5k_CTGTGGGAGTGATCGG-1,CD4 Naive,1,CD4 Naive,0.31191855669021606,,0.0529441191559652,0.19999999999999996,0.9605583548545837,0.19452957530910758
scvi_matched,PBMC5k_CTGTGGGAGTTGGCTT-1,CD14 Mono,1,CD14 Mono,0.0024005770683288574,,0.0004238386466604762,0.0,0.015051598660647869,0.0015546862893711494
scvi_matched,PBMC5k_CTGTGGGGTCTAGATC-1,NK,1,NK,0.0003751516342163086,,0.00044820458356183493,0.0,0.07434786856174469,0.011333438729975352
scvi_matched,PBMC5k_CTGTGGGTCAGTCATG-1,Eryth,0,CD14 Mono,0.15701812505722046,,0.11057649812007608,0.0,0.4270515441894531,0.04126459644917319
scvi_matched,PBMC5k_CTTACCGCAGCAGTTT-1,CD14 Mono,1,CD14 Mono,0.0007706880569458008,,0.00042927574109081525,0.0,0.009108761325478554,0.0008256920628618851
scvi_matched,PBMC5k_CTTACCGGTTAAGTCC-1,NK,1,NK,0.0004038214683532715,,0.0018974990959736843,0.0,0.09033794701099396,0.006014723527651297
scvi_matched,PBMC5k_CTTAGGAAGGACTGGT-1,CD16 Mono,1,CD16 Mono,0.011918425559997559,,0.006444056757854755,0.0,0.10335257649421692,0.019198634558983598
scvi_matched,PBMC5k_CTTAGGAGTAGACGGT-1,CD14 Mono,1,CD14 Mono,0.0003654956817626953,,0.00040622106078793026,0.0,0.008119906298816204,0.0007482274859188609
scvi_matched,PBMC5k_CTTAGGAGTCAGGTGA-1,CD4 Naive,1,CD4 Naive,0.25728553533554077,,0.10702833864389061,0.4,1.0613659620285034,0.19251682214539753
scvi_matched,PBMC5k_CTTCAATCAGGAGGAG-1,CD4 Naive,1,CD4 Naive,0.24794501066207886,,0.13120864044968705,0.0,1.1078314781188965,0.09506737549041287
scvi_matched,PBMC5k_CTTCAATGTCCAGAAG-1,CD4 TEM,1,CD4 TEM,0.04151797294616699,,0.019431691956965258,0.0,0.7227680683135986,0.07234496796547424
scvi_matched,PBMC5k_CTTCAATTCATACGGT-1,NK,1,NK,0.02037733793258667,,0.03974962529208298,0.0,0.5644444823265076,0.13343346469281242
scvi_matched,PBMC5k_CTTCAATTCCGTGGCA-1,CD4 TCM,1,CD4 TCM,0.03303498029708862,,0.0030499791033470752,0.0,0.14950719475746155,0.01689391831182487
scvi_matched,PBMC5k_CTTCAATTCTCACTCG-1,CD14 Mono,1,CD14 Mono,0.0009833574295043945,,0.0015904331921389424,0.0,0.036047905683517456,0.0026214275508741835
scvi_matched,PBMC5k_CTTCAATTCTGCATAG-1,CD4 TEM,1,CD4 TEM,0.1293020248413086,,0.022705245516664307,0.0,0.7772226333618164,0.04617126780837929
scvi_matched,PBMC5k_CTTCCTTAGACGTCGA-1,CD14 Mono,1,CD14 Mono,0.0011073946952819824,,0.00042172266530359805,0.0,0.017340514808893204,0.0014998297142637077
scvi_matched,PBMC5k_CTTCCTTCACGCTGCA-1,NK,1,NK,0.00013518333435058594,,0.0014620227604409605,0.0,0.03284122049808502,0.005598742830561501
scvi_matched,PBMC5k_CTTCCTTGTTTCAGAC-1,B memory,0,B intermediate,0.37488675117492676,,0.2856980951507203,0.0,0.6246222853660583,0.1517972302074337
scvi_matched,PBMC5k_CTTCCTTTCAGTGTGT-1,CD4 Naive,1,CD4 Naive,0.27969419956207275,,0.07467471088077571,0.0,0.5165116786956787,0.0472360761861862
scvi_matched,PBMC5k_CTTCGGTCAATCGTCA-1,CD4 Naive,1,CD4 Naive,0.43835967779159546,,0.11132893245678888,0.4,0.9674372673034668,0.10785315042716438
scvi_matched,PBMC5k_CTTCGGTCACTAGGTT-1,NK,1,NK,0.00022155046463012695,,0.0016890865132205037,0.0,0.17507191002368927,0.017500966586650457
scvi_matched,PBMC5k_CTTCGGTCAGTAGATA-1,CD4 TCM,0,CD4 Naive,0.15415209531784058,,0.1869954265768745,0.4,1.0135873556137085,0.18265367511539063
scvi_matched,PBMC5k_CTTCGGTGTCACTTCC-1,CD14 Mono,1,CD14 Mono,0.0004633665084838867,,0.00037379490767845865,0.0,0.00874695461243391,0.0007829299540582606
scvi_matched,PBMC5k_CTTCGGTTCAAGAAAC-1,B memory,0,B intermediate,0.3783493638038635,,0.0879635277447407,0.0,0.969253420829773,0.1249847555487256
scvi_matched,PBMC5k_CTTCTAAAGTTAACGA-1,CD14 Mono,1,CD14 Mono,0.0014270544052124023,,0.0004079669648471441,0.0,0.025007469579577446,0.003388861937649536
scvi_matched,PBMC5k_CTTCTAACAAAGCTAA-1,CD4 Naive,0,CD4 TCM,0.26484549045562744,,0.08919079758075121,0.19999999999999996,1.2514079809188843,0.11485682459987592
scvi_matched,PBMC5k_CTTCTAACAAAGGCAC-1,CD14 Mono,1,CD14 Mono,0.0072089433670043945,,0.002329039912773785,0.0,0.01567118614912033,0.0009304157923050497
scvi_matched,PBMC5k_CTTCTAACACAAGTTC-1,CD4 Naive,1,CD4 Naive,0.4348675608634949,,0.17040758879110518,0.19999999999999996,0.941472589969635,0.11948665649094603
scvi_matched,PBMC5k_CTTCTAACAGCTGTGC-1,CD14 Mono,1,CD14 Mono,0.0009594559669494629,,0.0009905496591811665,0.0,0.057803742587566376,0.00931416432823915
scvi_matched,PBMC5k_CTTCTAAGTCGGATTT-1,ILC,0,CD4 TCM,0.40576010942459106,,0.10662929592087522,0.0,1.315010905265808,0.05771403595347388
scvi_matched,PBMC5k_CTTCTAAGTGCGACAA-1,NK,1,NK,7.224082946777344e-05,,0.0009077049362645594,0.0,0.05182337760925293,0.003202559738657199
scvi_matched,PBMC5k_CTTCTAATCCAAAGGG-1,CD14 Mono,1,CD14 Mono,0.07056945562362671,,0.007941141777710992,0.0,0.28083568811416626,0.03203308054444542
scvi_matched,PBMC5k_CTTCTCTAGCGCCGTT-1,B naive,1,B naive,0.296209454536438,,0.04803005564015839,0.19999999999999996,0.6511373519897461,0.1992035485038488
scvi_matched,PBMC5k_CTTCTCTCACTCGATA-1,CD4 Naive,1,CD4 Naive,0.2314351201057434,,0.15346634953020266,0.0,1.4176535606384277,0.11981804603367846
scvi_matched,PBMC5k_CTTCTCTTCGACCACG-1,CD4 Naive,0,CD4 TCM,0.33590394258499146,,0.15434260391797539,0.4,1.5219924449920654,0.17567682203164528
scvi_matched,PBMC5k_CTTCTCTTCGCAGAGA-1,CD14 Mono,1,CD14 Mono,0.0011571645736694336,,0.005145930537323887,0.0,0.12250280380249023,0.02089616479824484
scvi_matched,PBMC5k_CTTGAGAGTATTCTCT-1,NK,1,NK,0.0020345449447631836,,0.0038654611511076617,0.0,0.034659210592508316,0.005117771354505866
scvi_matched,PBMC5k_CTTGATTCATCCGTGG-1,NK,1,NK,3.123283386230469e-05,,0.0002945219999024029,0.0,0.00920330174267292,0.0002828659646079358
scvi_matched,PBMC5k_CTTGATTGTCGCGTCA-1,CD4 TCM,1,CD4 TCM,0.46321427822113037,,0.03772632887777272,0.0,0.9827754497528076,0.05158284294360257
scvi_matched,PBMC5k_CTTGATTTCAGCGTCG-1,NK_CD56bright,1,NK_CD56bright,0.17692995071411133,,0.07289342128146481,0.19999999999999996,0.9640803933143616,0.2747469995308442
scvi_matched,PBMC5k_CTTTCAAAGTAATCCC-1,CD14 Mono,1,CD14 Mono,0.0006753206253051758,,0.0002983021427572872,0.0,0.009336345829069614,0.0011043564158131766
scvi_matched,PBMC5k_CTTTCGGAGACGTCCC-1,NK_CD56bright,0,NK,0.0038480162620544434,,0.038183385676814174,0.4,0.7339683771133423,0.21082737843155308
scvi_matched,PBMC5k_CTTTCGGGTATCGAAA-1,CD8 TEM,0,gdT,0.26784253120422363,,0.24474969479108744,0.4,1.2950093746185303,0.3252561525035384
scvi_matched,PBMC5k_CTTTCGGTCCGCAACG-1,CD4 Naive,0,CD4 TCM,0.4782385230064392,,0.22140618360886766,0.4,1.4724563360214233,0.1558683617625699
scvi_matched,PBMC5k_CTTTCGGTCGTGCGAC-1,CD14 Mono,1,CD14 Mono,0.017422616481781006,,0.0036959201530793254,0.0,0.04881675913929939,0.0066122643340057454
scvi_matched,PBMC5k_CTTTCGGTCTCGCAGG-1,CD14 Mono,1,CD14 Mono,0.02574741840362549,,0.005937492447683913,0.0,0.020493686199188232,0.001626761133694038
scvi_matched,PBMC5k_GAAACCTAGGCACTAG-1,B intermediate,1,B intermediate,0.17014086246490479,,0.05200572614468546,0.0,0.6498900055885315,0.09738686370453851
scvi_matched,PBMC5k_GAAACCTCACAACGCC-1,CD4 TCM,0,CD4 TEM,0.11197739839553833,,0.06898888997293917,0.19999999999999996,1.1139475107192993,0.06187231007324552
scvi_matched,PBMC5k_GAAACCTCAGCGTGAA-1,CD14 Mono,1,CD14 Mono,0.05208873748779297,,0.0078699988954406,0.0,0.14032262563705444,0.02117575739377525
scvi_matched,PBMC5k_GAAACCTCAGGCTATT-1,CD14 Mono,1,CD14 Mono,0.0008546113967895508,,0.0008135779101255385,0.0,0.031225722283124924,0.0022855319671060727
scvi_matched,PBMC5k_GAAACCTCATACAGGG-1,CD4 TCM,0,CD4 Naive,0.4752376079559326,,0.12741892396897503,0.4,0.9816148281097412,0.10582246695594123
scvi_matched,PBMC5k_GAAACCTCATTGTCGA-1,CD4 TEM,1,CD4 TEM,0.12701570987701416,,0.031707745489447214,0.0,0.8719598650932312,0.08268688754538102
scvi_matched,PBMC5k_GAAACCTGTACTGCCG-1,CD14 Mono,1,CD14 Mono,0.007531225681304932,,0.0017521871339248735,0.0,0.10514213889837265,0.00653068045889191
scvi_matched,PBMC5k_GAAACCTGTGCTCTCT-1,CD4 TCM,0,CD4 TEM,0.14444667100906372,,0.2016027936740159,0.19999999999999996,0.9725228548049927,0.051429856243989734
scvi_matched,PBMC5k_GAAATGAAGATTGTGA-1,CD14 Mono,1,CD14 Mono,0.0013498663902282715,,0.0012114898604718427,0.0,0.02890479750931263,0.001915346166034377
scvi_matched,PBMC5k_GAAATGAGTAAGTTGA-1,NK,1,NK,0.001455545425415039,,0.0055640762696172255,0.0,0.20263394713401794,0.03089871398061882
scvi_matched,PBMC5k_GAAATGATCTCCGTGT-1,CD8 TEM,1,CD8 TEM,0.6243876814842224,,0.22206105321048653,0.4,1.4834054708480835,0.12595691060803418
scvi_matched,PBMC5k_GAACACTAGCTAAACA-1,NK,1,NK,0.0017902851104736328,,0.0003706965429745527,0.0,0.034996986389160156,0.004311125863412354
scvi_matched,PBMC5k_GAACACTCAATCTGCA-1,B memory,0,B intermediate,0.05740785598754883,,0.08552152005014546,0.4,0.8364560008049011,0.15659155892811535
scvi_matched,PBMC5k_GAACACTCAATGGCAG-1,B intermediate,0,B memory,0.13177567720413208,,0.10593995146790403,0.4,0.6852430105209351,0.2512265115060358
scvi_matched,PBMC5k_GAACGTTAGCACTCGC-1,CD8 Naive,1,CD8 Naive,0.16217243671417236,,0.06431237371667353,0.0,0.33043527603149414,0.021353860142168626
scvi_matched,PBMC5k_GAACTGTAGACTACGG-1,CD14 Mono,1,CD14 Mono,0.0010994672775268555,,0.0009381170926421947,0.0,0.016225120052695274,0.0024764725583848227
scvi_matched,PBMC5k_GAACTGTAGCGTGCCT-1,CD16 Mono,1,CD16 Mono,0.16908937692642212,,0.15885393065815578,0.4,0.6944929957389832,0.2674259640229436
scvi_matched,PBMC5k_GAACTGTCAGCAGTCC-1,CD14 Mono,1,CD14 Mono,0.08622699975967407,,0.011113390993567007,0.0,0.12336892634630203,0.01893098642752394
scvi_matched,PBMC5k_GAACTGTTCTCTCGCA-1,Eryth,0,CD14 Mono,0.15473520755767822,,0.04861017125504774,0.0,0.29842522740364075,0.059950525400671556
scvi_matched,PBMC5k_GAAGAATAGGATTACA-1,CD14 Mono,1,CD14 Mono,0.0003535747528076172,,0.0006875775851426357,0.0,0.008543687872588634,0.0005897625730475895
scvi_matched,PBMC5k_GAAGAATGTCCTTGTC-1,B memory,1,B memory,0.0801612138748169,,0.052366972123955635,0.0,0.2955375611782074,0.04412501621153403
scvi_matched,PBMC5k_GAAGAATTCAGTCTTT-1,CD4 TEM,1,CD4 TEM,0.4177890419960022,,0.04238966750403206,0.0,1.1913151741027832,0.08984722028494994
scvi_matched,PBMC5k_GAAGCCCGTGTGAGCA-1,NK,1,NK,0.0009379982948303223,,0.002011022450661433,0.0,0.10082773119211197,0.00801626765228353
scvi_matched,PBMC5k_GAAGCGAAGGTGATAT-1,B intermediate,1,B intermediate,0.3755977749824524,,0.13373587997159953,0.19999999999999996,0.6889614462852478,0.11666974580673943
scvi_matched,PBMC5k_GAAGCGACAATCGTCA-1,CD14 Mono,1,CD14 Mono,0.0021278858184814453,,0.0023041642056051415,0.0,0.019929975271224976,0.0013244591292781642
scvi_matched,PBMC5k_GAAGCGAGTACCTAAC-1,CD4 TEM,0,CD4 TCM,0.5013335347175598,,0.11980388979252488,0.0,0.9031014442443848,0.10981282084771625
scvi_matched,PBMC5k_GAAGCGAGTTGTCTAG-1,CD14 Mono,1,CD14 Mono,0.0007528066635131836,,0.000314523924899909,0.0,0.025489678606390953,0.00354588711062717
scvi_matched,PBMC5k_GAAGCGATCCACATAG-1,B memory,1,B memory,0.12579554319381714,,0.02071700716753694,0.0,0.29067263007164,0.030111259883541023
scvi_matched,PBMC5k_GAAGGACAGTGCACAG-1,Treg,0,CD4 Naive,0.4834586977958679,,0.1067893243529241,0.4,1.1718668937683105,0.00803829697628023
scvi_matched,PBMC5k_GAAGGACCAACCCGCA-1,NK,1,NK,1.8477439880371094e-05,,6.62259335397835e-05,0.0,0.006116295233368874,0.000547678763718975
scvi_matched,PBMC5k_GAAGGACCACCGGCTA-1,Treg,1,Treg,0.40946102142333984,,0.11109806920349197,0.4,1.231520175933838,0.16241745208963076
scvi_matched,PBMC5k_GAAGGACTCGTAGTGT-1,B intermediate,0,B memory,0.26253217458724976,,0.023409248240899516,0.0,0.7017922401428223,0.1041299956694668
scvi_matched,PBMC5k_GAAGGGTAGTCCCGAC-1,CD14 Mono,1,CD14 Mono,0.25203293561935425,,0.14184299550392965,0.0,0.25584837794303894,0.020074448761615578
scvi_matched,PBMC5k_GAAGGGTAGTGTAGTA-1,Eryth,0,pDC,0.25583285093307495,,0.1304041063982886,0.19999999999999996,1.1812019348144531,0.04312914337430654
scvi_matched,PBMC5k_GAAGGGTCAAACTCTG-1,CD14 Mono,1,CD14 Mono,0.0016515254974365234,,0.00049809714936443,0.0,0.020918579772114754,0.0023182545278426442
scvi_matched,PBMC5k_GAAGGGTCAAGGCCTC-1,CD14 Mono,1,CD14 Mono,0.02803480625152588,,0.0014685942050874923,0.0,0.09877752512693405,0.01355159845821976
scvi_matched,PBMC5k_GAAGGGTGTACGTTCA-1,NK,1,NK,0.0010723471641540527,,0.0026289205497138854,0.0,0.323069304227829,0.06193915344940131
scvi_matched,PBMC5k_GAAGGGTGTCCATCTC-1,B intermediate,0,B memory,0.5040691494941711,,0.15651245224673094,0.0,0.7557209730148315,0.0858603164981475
scvi_matched,PBMC5k_GAAGGGTTCATCCTGC-1,CD4 Naive,1,CD4 Naive,0.10143476724624634,,0.04406395932717588,0.19999999999999996,0.974523663520813,0.22366071212233682
scvi_matched,PBMC5k_GAAGGGTTCATTTGCT-1,CD4 Naive,1,CD4 Naive,0.14926809072494507,,0.05329229123162271,0.19999999999999996,1.0315626859664917,0.2100222185147529
scvi_matched,PBMC5k_GAAGTAAGTGGTACAG-1,NK,1,NK,0.012109041213989258,,0.006120801830880776,0.0,0.5397149324417114,0.10497574699754224
scvi_matched,PBMC5k_GAATAGAAGCATATGA-1,CD4 Naive,1,CD4 Naive,0.3744555115699768,,0.09283887511066913,0.4,0.9566305875778198,0.12730153355047025
scvi_matched,PBMC5k_GAATAGAAGCTGTCCG-1,CD4 Naive,0,CD4 TCM,0.18922054767608643,,0.03817340453289131,0.0,0.7990843057632446,0.07177966555730601
scvi_matched,PBMC5k_GAATAGATCTTTCTAG-1,MAIT,0,gdT,0.6488761305809021,,0.1807650847634703,0.6,1.3982372283935547,0.32821598040211175
scvi_matched,PBMC5k_GAATCACAGGGATCTG-1,CD4 Naive,1,CD4 Naive,0.12732648849487305,,0.2893250621090824,0.4,1.2059370279312134,0.17855098802947653
scvi_matched,PBMC5k_GAATCACCAACCTAAC-1,CD4 TEM,1,CD4 TEM,0.31503981351852417,,0.168229357522524,0.6,1.3243329524993896,0.20212862344782376
scvi_matched,PBMC5k_GAATCACCATTGACCA-1,CD14 Mono,1,CD14 Mono,0.000496983528137207,,0.006034204311402436,0.0,0.01392567902803421,0.001276396791568925
scvi_matched,PBMC5k_GAATCACGTGTTGATC-1,CD14 Mono,1,CD14 Mono,0.005307376384735107,,0.0015678125165943455,0.0,0.011847160756587982,0.001189743649350948
scvi_matched,PBMC5k_GAATCGTAGCACGATG-1,CD14 Mono,1,CD14 Mono,0.004200994968414307,,0.000876837185917894,0.0,0.01956874504685402,0.0015092310857383186
scvi_matched,PBMC5k_GAATCGTAGCGCCCAT-1,CD8 TEM,1,CD8 TEM,0.35768193006515503,,0.03923548759714357,0.0,0.6837030649185181,0.13193801169704739
scvi_matched,PBMC5k_GAATCGTAGGTACAAT-1,CD14 Mono,1,CD14 Mono,0.00012636184692382812,,0.0005781816572890171,0.0,0.01578800566494465,0.001845741194595022
scvi_matched,PBMC5k_GAATCGTAGGTCGTGA-1,CD8 TEM,1,CD8 TEM,0.24877822399139404,,0.19285905427819894,0.4,1.545639991760254,0.1832603294301172
scvi_matched,PBMC5k_GACACGCTCGGCTGTG-1,CD16 Mono,1,CD16 Mono,0.00028401613235473633,,0.00014745291899444278,0.0,0.0013648525346070528,0.00012145098115833
scvi_matched,PBMC5k_GACACGCTCTCCTGAC-1,CD4 TEM,0,CD4 TCM,0.19972920417785645,,0.03400329534078972,0.0,0.952883780002594,0.03670604578143289
scvi_matched,PBMC5k_GACAGCCAGTACAGAT-1,B memory,1,B memory,0.4401629567146301,,0.04386043875493373,0.0,0.5144057273864746,0.1350222960026714
scvi_matched,PBMC5k_GACAGCCGTCGTCTCT-1,CD14 Mono,1,CD14 Mono,0.030902564525604248,,0.005132612285917361,0.0,0.03744305297732353,0.0034285223579767657
scvi_matched,PBMC5k_GACAGCCTCGGACCAC-1,B memory,1,B memory,0.17629432678222656,,0.03931620756245957,0.0,0.4767204523086548,0.05942469688871039
scvi_matched,PBMC5k_GACATCAAGCAACCAG-1,CD8 TEM,1,CD8 TEM,0.13323742151260376,,0.02388442617337072,0.0,1.0390214920043945,0.17477479756889247
scvi_matched,PBMC5k_GACATCACACCCTTAC-1,CD4 Naive,0,CD4 TCM,0.4363136887550354,,0.1362606170224574,0.4,1.3160805702209473,0.13176094328902463
scvi_matched,PBMC5k_GACATCACACGGATCC-1,CD14 Mono,1,CD14 Mono,0.00597614049911499,,0.0010365324311921234,0.0,0.06197482720017433,0.007214073629610144
scvi_matched,PBMC5k_GACATCAGTGAAAGTT-1,Treg,0,CD4 TCM,0.3105706572532654,,0.11589890789961621,0.0,1.0913488864898682,0.013460031636487202
scvi_matched,PBMC5k_GACCAATCAAATGAGT-1,CD8 TEM,1,CD8 TEM,0.14982211589813232,,0.026998083821878294,0.0,0.1991129219532013,0.03145204467062336
scvi_matched,PBMC5k_GACCAATCACCTCTAC-1,CD4 TEM,1,CD4 TEM,0.25284868478775024,,0.14652432280185912,0.0,0.9485558867454529,0.15428530250462538
scvi_matched,PBMC5k_GACCAATTCTAACGCA-1,CD14 Mono,1,CD14 Mono,0.011458754539489746,,0.007225598000525857,0.0,0.04221975803375244,0.0018014087403998356
scvi_matched,PBMC5k_GACCAATTCTTAATCC-1,CD14 Mono,1,CD14 Mono,0.0021699070930480957,,0.0024323694006360523,0.0,0.08884360641241074,0.017340410836021707
scvi_matched,PBMC5k_GACCCAGCAACGACTT-1,CD4 Naive,1,CD4 Naive,0.03965693712234497,,0.013082499023712946,0.0,0.4985969662666321,0.08773170607299573
scvi_matched,PBMC5k_GACCCTTAGGGCATGT-1,CD14 Mono,1,CD14 Mono,0.0010974407196044922,,0.0008969483431279721,0.0,0.009266666136682034,0.0009284404700481035
scvi_matched,PBMC5k_GACCCTTCAATAGGGC-1,CD14 Mono,1,CD14 Mono,0.009907901287078857,,0.000948600279378875,0.0,0.07482605427503586,0.007001393319983596
scvi_matched,PBMC5k_GACCCTTCAGCCGGTT-1,CD4 Naive,1,CD4 Naive,0.3533349633216858,,0.1621041069906537,0.4,1.3368688821792603,0.22626820328498323
scvi_matched,PBMC5k_GACCCTTGTCCTCAGG-1,CD4 TEM,1,CD4 TEM,0.08999460935592651,,0.016633971374943102,0.0,0.4940222203731537,0.039236810139101415
scvi_matched,PBMC5k_GACCCTTGTGGTCTTA-1,B memory,0,B intermediate,0.48876768350601196,,0.024486082866543524,0.0,0.5165504813194275,0.07665058027966459
scvi_matched,PBMC5k_GACCCTTGTGTCTAAC-1,CD4 Naive,0,CD4 TCM,0.3737229108810425,,0.13013222214303866,0.19999999999999996,1.2039436101913452,0.08165889583610593
scvi_matched,PBMC5k_GACCCTTTCATTGTGG-1,NK_CD56bright,1,NK_CD56bright,0.3626677393913269,,0.20251752825092195,0.0,0.6056506037712097,0.10592254775031096
scvi_matched,PBMC5k_GACCGTGCAATCTCGA-1,gdT,0,MAIT,0.36178261041641235,,0.10748747077586362,0.0,0.6977481842041016,0.07157263455726902
scvi_matched,PBMC5k_GACCGTGCACGGTCTG-1,CD4 Naive,1,CD4 Naive,0.22998851537704468,,0.11556972837374557,0.0,0.7726106643676758,0.07298631752632831
scvi_matched,PBMC5k_GACCGTGCATGTCTAG-1,CD14 Mono,1,CD14 Mono,0.03526824712753296,,0.05559821346496929,0.19999999999999996,0.6993233561515808,0.20951137708646558
scvi_matched,PBMC5k_GACCTTCAGTATGAAC-1,cDC2,1,cDC2,0.0002811551094055176,,7.575442954341888e-05,0.0,0.00030267180409282446,1.2837683759274517e-05
scvi_matched,PBMC5k_GACGCTGAGTTAGAAC-1,CD4 TEM,1,CD4 TEM,0.2667219042778015,,0.054531677666630474,0.0,1.1349866390228271,0.1095792891401774
scvi_matched,PBMC5k_GACGCTGCACCCGTAG-1,CD14 Mono,1,CD14 Mono,0.006076157093048096,,0.0025267549946479395,0.0,0.11090682446956635,0.01609939566050134
scvi_matched,PBMC5k_GACGCTGTCGCAATTG-1,CD4 TCM,1,CD4 TCM,0.14094895124435425,,0.021388321588027837,0.0,0.5971980690956116,0.05559053752606733
scvi_matched,PBMC5k_GACGTTACACAGTACT-1,B naive,1,B naive,0.18469291925430298,,0.03912573816377829,0.0,0.3302096426486969,0.15371958678821163
scvi_matched,PBMC5k_GACGTTACACTGGCGT-1,cDC2,1,cDC2,0.019462287425994873,,0.006369618374269165,0.0,0.11097168177366257,0.01156100444049826
scvi_matched,PBMC5k_GACGTTACAGTTCACA-1,CD4 TEM,1,CD4 TEM,0.4014393091201782,,0.06459554131855416,0.0,0.7739723324775696,0.10656133506776506
scvi_matched,PBMC5k_GACTATGAGCGCTTCG-1,gdT,1,gdT,0.3690446615219116,,0.21178265459236245,0.0,0.6223129630088806,0.029524949607760323
scvi_matched,PBMC5k_GACTATGAGGCCATAG-1,CD16 Mono,1,CD16 Mono,0.049988627433776855,,0.012453437456675001,0.0,0.042375434190034866,0.012301985256796986
scvi_matched,PBMC5k_GACTATGGTTATTCCT-1,CD4 TEM,1,CD4 TEM,0.26535797119140625,,0.061469126571006116,0.19999999999999996,1.2006736993789673,0.21907833076360184
scvi_matched,PBMC5k_GACTATGTCCTTTAGT-1,CD4 TEM,1,CD4 TEM,0.08781248331069946,,0.07119243532969921,0.0,0.7925399541854858,0.11405653695929639
scvi_matched,PBMC5k_GACTCAACATTGTACG-1,CD4 Naive,0,CD4 TCM,0.41970348358154297,,0.14390086330901986,0.4,1.4655238389968872,0.12051555580579457
scvi_matched,PBMC5k_GACTCAAGTCATCGGC-1,NK,1,NK,4.935264587402344e-05,,0.00039245455043702884,0.0,0.027791336178779602,0.002902247594724158
scvi_matched,PBMC5k_GACTCTCAGAGAGCAA-1,CD4 TCM,0,ILC,0.6846186518669128,,0.217752109352503,0.19999999999999996,1.496611475944519,0.10780369171339928
scvi_matched,PBMC5k_GACTCTCCAATACGCT-1,CD14 Mono,1,CD14 Mono,0.0005227923393249512,,0.0022480431140957068,0.0,0.06251799315214157,0.013265028815163364
scvi_matched,PBMC5k_GACTCTCGTCATGACT-1,NK_CD56bright,0,MAIT,0.49706995487213135,,0.10902301278990145,0.19999999999999996,1.3268873691558838,0.2721878031970728
scvi_matched,PBMC5k_GACTGATAGTAATACG-1,MAIT,1,MAIT,0.0015132427215576172,,0.0032620235447981052,0.0,0.0796537920832634,0.01245865169340303
scvi_matched,PBMC5k_GACTGATGTAGAATGT-1,CD14 Mono,1,CD14 Mono,0.0549626350402832,,0.016063090442312578,0.0,0.6314244866371155,0.1479719031879269
scvi_matched,PBMC5k_GACTTCCAGGTCTACT-1,NK,1,NK,0.00011050701141357422,,0.00024565715021654215,0.0,0.0259394533932209,0.00244077446187112
scvi_matched,PBMC5k_GACTTCCCAAATACAG-1,CD4 Naive,1,CD4 Naive,0.5063886046409607,,0.0856743591974567,0.19999999999999996,1.1102172136306763,0.13716162351621566
scvi_matched,PBMC5k_GACTTCCCACCATTCC-1,CD16 Mono,1,CD16 Mono,0.013624846935272217,,0.004200102667445617,0.0,0.033494677394628525,0.00601407163167204
scvi_matched,PBMC5k_GAGAAATCAAAGGCAC-1,ILC,0,CD4 TCM,0.5118328928947449,,0.12470620573338054,0.0,0.8028377294540405,0.10268880658192388
scvi_matched,PBMC5k_GAGAAATTCCATTCGC-1,CD14 Mono,1,CD14 Mono,0.002186298370361328,,0.0030438703417924665,0.0,0.24837622046470642,0.040923251604202925
scvi_matched,PBMC5k_GAGAAATTCTTTCAGT-1,CD4 Naive,1,CD4 Naive,0.23460239171981812,,0.12469222677306879,0.19999999999999996,1.3575737476348877,0.15612163200325305
scvi_matched,PBMC5k_GAGACCCCAAGAATAC-1,CD16 Mono,1,CD16 Mono,0.0022539496421813965,,0.0004264125319877205,0.0,0.008368460461497307,0.001398171178701753
scvi_matched,PBMC5k_GAGACCCGTAAGGTCG-1,CD14 Mono,1,CD14 Mono,0.004104733467102051,,0.0013248853590100765,0.0,0.037395767867565155,0.0029212498372772713
scvi_matched,PBMC5k_GAGACCCGTCCTCCTA-1,CD14 Mono,1,CD14 Mono,0.0005574822425842285,,0.0008724184063381123,0.0,0.01362194400280714,0.0017066509678970504
scvi_matched,PBMC5k_GAGACCCGTTCAAACC-1,CD14 Mono,1,CD14 Mono,0.0002308487892150879,,0.0004472718162571764,0.0,0.013847392052412033,0.0010857699623003703
scvi_matched,PBMC5k_GAGACCCTCTGAACGT-1,B naive,1,B naive,0.33208197355270386,,0.08817170743454583,0.0,0.706754744052887,0.1826539538124101
scvi_matched,PBMC5k_GAGACTTCAGGACATG-1,CD14 Mono,1,CD14 Mono,0.005262196063995361,,0.0019949973370433915,0.0,0.037565503269433975,0.0032473441476471307
scvi_matched,PBMC5k_GAGACTTCATAGCACT-1,NK,1,NK,0.0007379651069641113,,0.0008898514585794805,0.0,0.10390135645866394,0.021283098683003807
scvi_matched,PBMC5k_GAGACTTGTGTTAAAG-1,CD16 Mono,1,CD16 Mono,0.07403641939163208,,0.03409649488578445,0.0,0.19196467101573944,0.08229044329941718
scvi_matched,PBMC5k_GAGACTTTCCTGTTAT-1,CD14 Mono,1,CD14 Mono,0.0012415647506713867,,0.0037511922237583387,0.0,0.04701373726129532,0.0051235113633743105
scvi_matched,PBMC5k_GAGAGGTAGCGTATAA-1,CD8 TEM,1,CD8 TEM,0.4663662314414978,,0.2667085302775398,0.0,1.5342751741409302,0.17387136741692566
scvi_matched,PBMC5k_GAGAGGTCAAGTGATA-1,CD16 Mono,1,CD16 Mono,0.01348888874053955,,0.00454279703249072,0.0,0.0662476196885109,0.011570247742333294
scvi_matched,PBMC5k_GAGAGGTTCACTGATG-1,B intermediate,1,B intermediate,0.2518279552459717,,0.06653605232843751,0.0,0.6777345538139343,0.0920644179266641
scvi_matched,PBMC5k_GAGAGGTTCTGAATGC-1,gdT,0,NK,0.35448962450027466,,0.19692278360090132,0.0,0.9391185641288757,0.0997341714006207
scvi_matched,PBMC5k_GAGATGGGTACAACGG-1,CD4 Naive,1,CD4 Naive,0.3755946755409241,,0.040540991810029126,0.4,0.7897558212280273,0.2416826637779851
scvi_matched,PBMC5k_GAGATGGGTGAGGAAA-1,CD14 Mono,1,CD14 Mono,0.031004250049591064,,0.03559621822678971,0.0,0.44011008739471436,0.08546361176177796
scvi_matched,PBMC5k_GAGCCTGAGGTTACCT-1,CD14 Mono,1,CD14 Mono,0.011510312557220459,,0.017532001099036437,0.0,0.07081732153892517,0.004433957578335263
scvi_matched,PBMC5k_GAGCCTGCAACATACC-1,CD14 Mono,1,CD14 Mono,0.00014519691467285156,,0.00027853287694269094,0.0,0.010118663311004639,0.0014155620111958472
scvi_matched,PBMC5k_GAGCCTGCACCTCGTT-1,gdT,1,gdT,0.07015252113342285,,0.2779263104900255,0.4,1.16220223903656,0.16619590944290116
scvi_matched,PBMC5k_GAGCCTGCAGGTTCAT-1,CD14 Mono,1,CD14 Mono,0.000937044620513916,,0.0009224867442106047,0.0,0.00846552662551403,0.00044064815490281743
scvi_matched,PBMC5k_GAGCCTGGTTCTTAGG-1,CD8 TEM,1,CD8 TEM,0.49584823846817017,,0.21479490453169903,0.4,1.6148090362548828,0.18427250819239432
scvi_matched,PBMC5k_GAGCCTGGTTTCCCAC-1,B intermediate,0,B naive,0.01198112964630127,,0.04815732526465766,0.0,0.5000148415565491,0.0755913131314811
scvi_matched,PBMC5k_GAGCCTGTCTTAATCC-1,CD4 TCM,0,CD4 Naive,0.5031576454639435,,0.11930602265854584,0.19999999999999996,1.4324417114257812,0.15268869285836428
scvi_matched,PBMC5k_GAGCTGCAGAGATTCA-1,CD8 TEM,1,CD8 TEM,0.3292143940925598,,0.12269956861134756,0.4,1.3569729328155518,0.16903127674082188
scvi_matched,PBMC5k_GAGCTGCAGCACGGAT-1,NK,1,NK,0.0010989904403686523,,0.0039723783762607365,0.0,0.4934316873550415,0.09038478487893868
scvi_matched,PBMC5k_GAGCTGCAGGGAACAA-1,CD4 TCM,1,CD4 TCM,0.2279719114303589,,0.05912422098007264,0.19999999999999996,1.1603012084960938,0.11910377930997755
scvi_matched,PBMC5k_GAGCTGCCATAGTCAC-1,CD14 Mono,1,CD14 Mono,0.0028661489486694336,,0.0006926409708015932,0.0,0.04028306528925896,0.003898041174352228
scvi_matched,PBMC5k_GAGGCAAAGGTCTGGA-1,CD4 TCM,0,CD4 TEM,0.5418420732021332,,0.04406271481894497,0.6,1.1763665676116943,0.20404744570921154
scvi_matched,PBMC5k_GAGGCAACACTTCAAG-1,cDC2,1,cDC2,5.233287811279297e-05,,3.052444987806046e-05,0.0,0.00020456546917557716,1.2489265469161458e-05
scvi_matched,PBMC5k_GAGGCCTAGAAGGCTC-1,CD14 Mono,1,CD14 Mono,0.0026892423629760742,,0.0007561662384907072,0.0,0.013577742502093315,0.0013747750340968835
scvi_matched,PBMC5k_GAGGCCTAGTGTTGTC-1,CD14 Mono,1,CD14 Mono,0.05155295133590698,,0.042247270941019155,0.0,0.26384708285331726,0.028770984710506896
scvi_matched,PBMC5k_GAGGCCTCAACTCCAA-1,CD4 TCM,1,CD4 TCM,0.19574475288391113,,0.03603503797183849,0.0,0.8550876975059509,0.12572822338554182
scvi_matched,PBMC5k_GAGGCCTTCTTCGTGC-1,CD4 TEM,1,CD4 TEM,0.148668110370636,,0.10576947846257023,0.0,0.9963337779045105,0.10759841201200591
scvi_matched,PBMC5k_GAGGGATAGCTAAATG-1,CD14 Mono,1,CD14 Mono,0.09784674644470215,,0.013412366042770602,0.0,0.2009594738483429,0.04270571329478677
scvi_matched,PBMC5k_GAGGGATCAAAGGCTG-1,NK,1,NK,0.0005202889442443848,,0.0011336447645464362,0.0,0.024523183703422546,0.0025243475748458408
scvi_matched,PBMC5k_GAGGGTAAGCAGGCAT-1,CD14 Mono,1,CD14 Mono,0.013509154319763184,,0.005156220769665501,0.0,0.18644499778747559,0.019992870814965088
scvi_matched,PBMC5k_GAGGGTAAGTCAGGGT-1,ILC,0,CD4 TEM,0.20990806818008423,,0.07945608541034832,0.0,0.9536909461021423,0.042550048371114715
scvi_matched,PBMC5k_GAGGGTACAGAGGTTG-1,CD4 Naive,0,CD8 Naive,0.363833487033844,,0.06900908447020959,0.19999999999999996,1.0069607496261597,0.19970680410739816
scvi_matched,PBMC5k_GAGGGTAGTATGTCAC-1,CD4 Naive,1,CD4 Naive,0.5119088292121887,,0.04394383938862878,0.19999999999999996,0.886795163154602,0.17481878484971497
scvi_matched,PBMC5k_GAGGGTAGTTGCCGCA-1,CD4 Naive,0,CD4 TCM,0.34014981985092163,,0.07563763363195464,0.0,0.9820435643196106,0.11002588674452557
scvi_matched,PBMC5k_GAGGGTAGTTTATGCG-1,cDC2,1,cDC2,0.02728903293609619,,0.009081974177249083,0.0,0.11995484679937363,0.022763763788472172
scvi_matched,PBMC5k_GAGGGTATCACTGATG-1,CD14 Mono,1,CD14 Mono,0.001110374927520752,,0.0005802059448586274,0.0,0.017033228650689125,0.0032180606607852043
scvi_matched,PBMC5k_GAGGGTATCTGTAAGC-1,CD16 Mono,1,CD16 Mono,0.0037238597869873047,,0.0015470890447477868,0.0,0.01210244931280613,0.0024185647124080494
scvi_matched,PBMC5k_GAGTCATGTGAGAGGG-1,CD4 TCM,1,CD4 TCM,0.09286081790924072,,0.030020557304049122,0.0,0.45121946930885315,0.03432158840141847
scvi_matched,PBMC5k_GAGTCATTCCCGTGTT-1,CD4 Naive,1,CD4 Naive,0.1713634729385376,,0.13774743624458285,0.0,1.4780945777893066,0.0980010920317137
scvi_matched,PBMC5k_GAGTGTTAGACTCGAG-1,CD4 TCM,1,CD4 TCM,0.2341064214706421,,0.31637851087583146,0.0,1.1608283519744873,0.10592087526982027
scvi_matched,PBMC5k_GAGTGTTAGCTTAAGA-1,B intermediate,1,B intermediate,0.3280159831047058,,0.04325567678515252,0.19999999999999996,0.6311100125312805,0.14228772526617867
scvi_matched,PBMC5k_GAGTGTTGTCTCCTGT-1,MAIT,1,MAIT,0.015463173389434814,,0.011335393891526102,0.0,0.46872931718826294,0.08058051275654134
scvi_matched,PBMC5k_GAGTGTTTCGCTGACG-1,CD14 Mono,1,CD14 Mono,0.0014510750770568848,,0.0007959271432992215,0.0,0.015417450107634068,0.0009863769677522921
scvi_matched,PBMC5k_GAGTTACAGAAATGGG-1,CD8 TCM,0,CD4 Naive,0.7807115912437439,,0.23806786148079606,0.19999999999999996,1.0646510124206543,0.011524107672474474
scvi_matched,PBMC5k_GAGTTACCAAAGCTCT-1,CD4 TEM,1,CD4 TEM,0.051185548305511475,,0.016533510108979188,0.0,0.9715402722358704,0.11587324766164864
scvi_matched,PBMC5k_GAGTTACTCGGTGCAC-1,CD4 Naive,1,CD4 Naive,0.25817376375198364,,0.010039004226180981,0.0,0.5960454344749451,0.05215821375228108
scvi_matched,PBMC5k_GAGTTGTAGAGCATAT-1,CD4 TEM,1,CD4 TEM,0.05465632677078247,,0.060137408172666884,0.0,0.8412749767303467,0.06943205381551423
scvi_matched,PBMC5k_GAGTTGTAGTCATGCT-1,CD4 Naive,1,CD4 Naive,0.4396538734436035,,0.10407673924451966,0.0,1.2511427402496338,0.08505357123253658
scvi_matched,PBMC5k_GAGTTGTCAGGACTAG-1,Eryth,1,Eryth,0.4936016798019409,,0.05982266051805951,0.4,0.6735954284667969,0.11263042785610118
scvi_matched,PBMC5k_GAGTTGTCAGTCGCTG-1,CD14 Mono,1,CD14 Mono,0.0019089579582214355,,0.0004725809715438612,0.0,0.010880113579332829,0.0008652534042568378
scvi_matched,PBMC5k_GAGTTGTGTCCTGAAT-1,CD4 Naive,1,CD4 Naive,0.49001044034957886,,0.24771892529925177,0.6,1.4228242635726929,0.14319042200382756
scvi_matched,PBMC5k_GAGTTTGCACGCGGTT-1,CD8 TEM,0,CD4 CTL,0.5120671987533569,,0.12095976212603898,0.0,1.0493446588516235,0.1547368519642672
scvi_matched,PBMC5k_GAGTTTGGTGGCCTCA-1,ILC,0,CD4 TCM,0.2540789246559143,,0.11515058866322181,0.0,0.925254762172699,0.04007567066500242
scvi_matched,PBMC5k_GAGTTTGGTTGGGATG-1,CD14 Mono,1,CD14 Mono,0.004052102565765381,,0.0004802951330935695,0.0,0.06010478734970093,0.0076324227368240955
scvi_matched,PBMC5k_GAGTTTGTCTCTGGTC-1,CD14 Mono,1,CD14 Mono,0.0011419057846069336,,0.0008078786828713373,0.0,0.016654036939144135,0.0012583781935124269
scvi_matched,PBMC5k_GATAGAACATGCCGGT-1,CD4 Naive,1,CD4 Naive,0.5181741714477539,,0.07366484682036445,0.19999999999999996,0.9632754325866699,0.17164220082518117
scvi_matched,PBMC5k_GATAGAAGTATGTCCA-1,gdT,0,NK,0.010865867137908936,,0.0017096368111476426,0.0,0.127297043800354,0.001358655305325329
scvi_matched,PBMC5k_GATAGCTTCCACTTTA-1,NK,1,NK,0.00019413232803344727,,0.0009429717406406694,0.0,0.0069093224592506886,0.0004231884193846496
scvi_matched,PBMC5k_GATCACAAGATGCTTC-1,CD14 Mono,1,CD14 Mono,0.0003972649574279785,,0.00035716601382092955,0.0,0.014039336703717709,0.0007961363565497391
scvi_matched,PBMC5k_GATCACAAGTATGAGT-1,CD14 Mono,1,CD14 Mono,0.01226663589477539,,0.0028699518122625722,0.0,0.0995904877781868,0.014337665046039007
scvi_matched,PBMC5k_GATCACAGTATTCTCT-1,B intermediate,1,B intermediate,0.17328113317489624,,0.01633253067251561,0.0,0.19591377675533295,0.019220529548139204
scvi_matched,PBMC5k_GATCACAGTCAGGAGT-1,CD14 Mono,1,CD14 Mono,0.0003446340560913086,,0.004344652066058365,0.0,0.014271972700953484,0.0014278226150890485
scvi_matched,PBMC5k_GATCACAGTTGTCAGT-1,CD14 Mono,1,CD14 Mono,0.0026308298110961914,,0.004413935946336829,0.0,0.06071377545595169,0.009025289129910073
scvi_matched,PBMC5k_GATCACATCATTGTGG-1,CD8 TEM,1,CD8 TEM,0.2804856300354004,,0.05301757244402727,0.0,0.4618602991104126,0.04324179129893721
scvi_matched,PBMC5k_GATCACATCCGCTTAC-1,CD14 Mono,1,CD14 Mono,0.0017170906066894531,,0.0003760669012074034,0.0,0.02144685387611389,0.001845750551182814
scvi_matched,PBMC5k_GATCAGTAGAGTGAAG-1,NK,1,NK,0.011784553527832031,,0.006590985042441544,0.0,0.29650503396987915,0.053401453853392934
scvi_matched,PBMC5k_GATCAGTAGCGCTTCG-1,CD4 TEM,1,CD4 TEM,0.06554532051086426,,0.026172032082423802,0.0,0.6450007557868958,0.051085981946032706
scvi_matched,PBMC5k_GATCAGTCAACAAAGT-1,CD14 Mono,1,CD14 Mono,0.0976528525352478,,0.07495217256327369,0.19999999999999996,0.7771478295326233,0.21443520906128213
scvi_matched,PBMC5k_GATCAGTTCTGGGCAC-1,CD14 Mono,1,CD14 Mono,0.0011920928955078125,,0.0002584439938674958,0.0,0.010719355195760727,0.000757551490191211
scvi_matched,PBMC5k_GATCATGGTTCAACGT-1,cDC2,1,cDC2,0.17494738101959229,,0.03684346603252875,0.0,0.2878776788711548,0.05051893850968492
scvi_matched,PBMC5k_GATCATGGTTGACTGT-1,CD4 TCM,1,CD4 TCM,0.3870775103569031,,0.08493464392744832,0.19999999999999996,1.5485434532165527,0.18980797370762395
scvi_matched,PBMC5k_GATCCCTAGCTAGAGC-1,CD4 TCM,1,CD4 TCM,0.4683365225791931,,0.0414885202143751,0.4,1.0232617855072021,0.07593510579693051
scvi_matched,PBMC5k_GATCCCTCAGTTGCGC-1,CD14 Mono,1,CD14 Mono,0.09238207340240479,,0.016349091326291643,0.0,0.3751406669616699,0.05428860013360212
scvi_matched,PBMC5k_GATCCCTCATGATGCT-1,CD4 TCM,1,CD4 TCM,0.5118690729141235,,0.08654342400130599,0.0,1.2497270107269287,0.13451475815084799
scvi_matched,PBMC5k_GATCCCTTCCTGTTAT-1,CD16 Mono,1,CD16 Mono,0.07543224096298218,,0.015214431921980104,0.0,0.18425706028938293,0.04942788639423315
scvi_matched,PBMC5k_GATCGTACAGCCCACA-1,CD14 Mono,1,CD14 Mono,0.07662266492843628,,0.013082326605366484,0.0,0.38146325945854187,0.09196091736721775
scvi_matched,PBMC5k_GATCGTAGTATTGACC-1,CD4 TCM,1,CD4 TCM,0.48185962438583374,,0.04996972386627219,0.4,0.7949547171592712,0.17727794427383217
scvi_matched,PBMC5k_GATCGTATCATACAGC-1,cDC2,1,cDC2,0.014089345932006836,,0.003904842036240891,0.0,0.01020700391381979,0.0015313451784321368
scvi_matched,PBMC5k_GATGACTAGTGGTGGT-1,CD14 Mono,1,CD14 Mono,0.17699527740478516,,0.04512033427318396,0.0,0.6411200761795044,0.12146485863272051
scvi_matched,PBMC5k_GATGACTCAAATCGGG-1,CD14 Mono,1,CD14 Mono,0.3356539011001587,,0.13732300897521654,0.4,1.0897281169891357,0.07538533104500422
scvi_matched,PBMC5k_GATGACTGTAGTTCCA-1,CD4 Naive,0,CD4 TCM,0.4673870801925659,,0.12362205915210756,0.19999999999999996,1.825122356414795,0.06781509641990802
scvi_matched,PBMC5k_GATGACTGTCGCACAC-1,CD14 Mono,1,CD14 Mono,0.0008022189140319824,,0.0004906533150237976,0.0,0.025154339149594307,0.002132905564118509
scvi_matched,PBMC5k_GATGACTGTCGCCACA-1,CD14 Mono,1,CD14 Mono,0.005069553852081299,,0.020322614767943725,0.0,0.19138914346694946,0.02587172996288283
scvi_matched,PBMC5k_GATGACTGTGACGCCT-1,CD4 Naive,0,CD4 TCM,0.5071487724781036,,0.08732385096759199,0.6,1.3646482229232788,0.23346323455980278
scvi_matched,PBMC5k_GATGACTGTGCTGATT-1,CD4 Naive,1,CD4 Naive,0.3527717590332031,,0.04507821781713206,0.19999999999999996,1.0461318492889404,0.16506693391400667
scvi_matched,PBMC5k_GATGACTGTTCGATTG-1,CD4 TCM,1,CD4 TCM,0.35850095748901367,,0.1110204061388611,0.0,1.16658616065979,0.06112082606805122
scvi_matched,PBMC5k_GATGACTTCTTACCGC-1,CD14 Mono,1,CD14 Mono,0.005288600921630859,,0.005582741538389446,0.0,0.16567553579807281,0.030549870064954236
scvi_matched,PBMC5k_GATGAGGGTCTTGCTC-1,B naive,1,B naive,0.27305930852890015,,0.07049331461818886,0.0,0.6085500121116638,0.11139258477317318
scvi_matched,PBMC5k_GATGAGGTCCCTCTAG-1,NK,1,NK,0.0030947327613830566,,0.019921779717121016,0.0,0.28333646059036255,0.04610559464418597
scvi_matched,PBMC5k_GATGATCAGGCGTTGA-1,CD14 Mono,1,CD14 Mono,0.0017181634902954102,,0.001633168785301762,0.0,0.0169108547270298,0.0011878419742193478
scvi_matched,PBMC5k_GATGATCAGTCAGCCC-1,Treg,0,CD4 TCM,0.3110939860343933,,0.07757843691701005,0.0,1.1353156566619873,0.1358791207865237
scvi_matched,PBMC5k_GATGATCCATTGCCGG-1,CD4 TCM,1,CD4 TCM,0.20585614442825317,,0.06323095379433863,0.0,0.588057279586792,0.05351596611276092
scvi_matched,PBMC5k_GATGATCGTATACAGA-1,Eryth,0,CD14 Mono,0.04610651731491089,,0.014668702924400645,0.0,0.434310644865036,0.061050704626145195
scvi_matched,PBMC5k_GATGATCGTCGTAATC-1,CD16 Mono,0,CD14 Mono,0.3096277117729187,,0.09609214535162625,0.19999999999999996,0.6442508101463318,0.1645996659869523
scvi_matched,PBMC5k_GATGATCTCTCGACCT-1,CD14 Mono,1,CD14 Mono,0.00014841556549072266,,0.002446162976475239,0.0,0.01336209662258625,0.0012635955364242596
scvi_matched,PBMC5k_GATGCTACAAATTGGA-1,gdT,0,CD8 TEM,0.4626464247703552,,0.14910352881606515,0.4,0.9173955917358398,0.03025098683572244
scvi_matched,PBMC5k_GATGCTACAGACTCTA-1,CD4 TEM,0,CD4 TCM,0.2517021894454956,,0.0832350365387069,0.4,1.1297285556793213,0.2516308355326752
scvi_matched,PBMC5k_GATGCTATCTATGCCC-1,CD14 Mono,1,CD14 Mono,0.0025417208671569824,,0.0013754588304091542,0.0,0.014348992146551609,0.0019430086956340581
scvi_matched,PBMC5k_GATGGAGAGCTAATGA-1,CD14 Mono,1,CD14 Mono,0.054553449153900146,,0.021790980637753032,0.0,0.14026950299739838,0.014045402197828022
scvi_matched,PBMC5k_GATGGAGAGGACAAGA-1,CD14 Mono,1,CD14 Mono,0.0035750269889831543,,0.0010374768223917977,0.0,0.010885851457715034,0.0010341047632570135
scvi_matched,PBMC5k_GATGGAGTCACTGATG-1,cDC2,1,cDC2,0.14313936233520508,,0.09664384745662802,0.0,0.4777437150478363,0.04700131154781558
scvi_matched,PBMC5k_GATGTTGCAAAGGAGA-1,ILC,0,Eryth,0.3969120979309082,,0.1676244933588189,0.4,1.5793287754058838,0.28361411990875535
scvi_matched,PBMC5k_GATGTTGGTACTGCGC-1,CD8 TCM,0,ILC,0.6606341898441315,,0.2931188057091454,0.0,1.4830923080444336,0.07452590226088662
scvi_matched,PBMC5k_GATTCGAAGGCCTTGC-1,CD14 Mono,1,CD14 Mono,0.017820656299591064,,0.013173051666100333,0.0,0.30791449546813965,0.049459261788497924
scvi_matched,PBMC5k_GATTCGAAGTACTGGG-1,CD4 Naive,1,CD4 Naive,0.03766465187072754,,0.06309054517571999,0.0,0.6895215511322021,0.04862397048487091
scvi_matched,PBMC5k_GATTCGAAGTAGTGCG-1,CD14 Mono,1,CD14 Mono,0.0017469525337219238,,0.0003681718535596002,0.0,0.02547464892268181,0.001798169469526481
scvi_matched,PBMC5k_GATTCGACAACCCTAA-1,cDC2,1,cDC2,0.0005880594253540039,,0.00015150239701894135,0.0,0.001120569184422493,6.215938159346571e-05
scvi_matched,PBMC5k_GATTCGAGTTCTCGCT-1,CD16 Mono,1,CD16 Mono,0.05086660385131836,,0.011183678722679002,0.0,0.0343119278550148,0.005890353430331254
scvi_matched,PBMC5k_GATTCGATCGTGCACG-1,CD14 Mono,1,CD14 Mono,0.003591597080230713,,0.0017588668305428545,0.0,0.06828606873750687,0.008171036851589276
scvi_matched,PBMC5k_GATTCGATCTGGACCG-1,CD16 Mono,1,CD16 Mono,0.002979457378387451,,0.0008140385463391714,0.0,0.004998255055397749,0.0005905082309335119
scvi_matched,PBMC5k_GATTCTTCAGAGAGGG-1,NK,1,NK,0.004524528980255127,,0.013198673126343374,0.0,0.5037155151367188,0.07119793515648888
scvi_matched,PBMC5k_GATTCTTCAGCACAGA-1,cDC2,1,cDC2,0.0001246929168701172,,4.2971377597384396e-05,0.0,0.0009384433506056666,4.563624323800911e-05
scvi_matched,PBMC5k_GATTCTTCATTCAGGT-1,CD4 Naive,0,ILC,0.4309825301170349,,0.18623539638153663,0.19999999999999996,1.621021032333374,0.08372447082576608
scvi_matched,PBMC5k_GATTCTTTCGTGCTCT-1,cDC2,1,cDC2,0.0006728172302246094,,0.00010963578852787566,0.0,0.005318703129887581,0.0004559354817497022
scvi_matched,PBMC5k_GATTGGTAGGCCGCTT-1,CD4 TCM,1,CD4 TCM,0.14518338441848755,,0.08454471881906622,0.0,0.7075594067573547,0.07796124223300056
scvi_matched,PBMC5k_GATTGGTCAAGGTCTT-1,CD4 TEM,1,CD4 TEM,0.15076786279678345,,0.1052022094618017,0.0,0.9572582840919495,0.1764416297264074
scvi_matched,PBMC5k_GATTGGTCACAGCATT-1,gdT,0,CD8 TEM,0.6132522225379944,,0.2705344732330066,0.19999999999999996,1.3452231884002686,0.007697861084238748
scvi_matched,PBMC5k_GATTGGTCATAAGATG-1,B memory,1,B memory,0.211891770362854,,0.030699971200942144,0.0,0.42826640605926514,0.14124732503777185
scvi_matched,PBMC5k_GATTGGTGTATAATGG-1,CD4 TCM,1,CD4 TCM,0.08811748027801514,,0.005683170934319803,0.0,0.4053373634815216,0.03548844174623831
scvi_matched,PBMC5k_GATTGGTGTTACGCCG-1,NK,1,NK,4.684925079345703e-05,,7.30196655545079e-05,0.0,0.006765348836779594,0.0009673100527141275
scvi_matched,PBMC5k_GATTGGTTCGAAATCC-1,CD14 Mono,1,CD14 Mono,0.001395881175994873,,0.0008386632242254125,0.0,0.04395214095711708,0.0029905978439712846
scvi_matched,PBMC5k_GATTGGTTCTGGAAGG-1,CD14 Mono,1,CD14 Mono,0.00027304887771606445,,0.00018479834567475956,0.0,0.006817038170993328,0.0005946256065404446
scvi_matched,PBMC5k_GATTTCTCATCATCTT-1,CD16 Mono,1,CD16 Mono,0.03608423471450806,,0.007651535934695836,0.0,0.01232601422816515,0.0014708372200464008
scvi_matched,PBMC5k_GATTTCTGTTAGGAGC-1,B memory,1,B memory,0.043889760971069336,,0.005848616559917974,0.0,0.19349989295005798,0.021369408000679747
scvi_matched,PBMC5k_GCAACATAGCTGGTGA-1,CD14 Mono,1,CD14 Mono,0.00021213293075561523,,0.00045562103564766344,0.0,0.01642703451216221,0.001881431320973591
scvi_matched,PBMC5k_GCAACATTCAAATAGG-1,CD14 Mono,1,CD14 Mono,0.0009828805923461914,,0.0002481122250149771,0.0,0.014934265054762363,0.0014804412792558917
scvi_matched,PBMC5k_GCAACCGAGAGTGGCT-1,CD4 TCM,1,CD4 TCM,0.46536433696746826,,0.0332146915199778,0.0,1.1388369798660278,0.15164563237905743
scvi_matched,PBMC5k_GCAACCGAGCCTAGGA-1,CD16 Mono,0,CD14 Mono,0.03999203443527222,,0.06093908080750404,0.19999999999999996,0.4669322371482849,0.21665196710085907
scvi_matched,PBMC5k_GCAACCGGTGATGTAA-1,CD4 TEM,1,CD4 TEM,0.11184573173522949,,0.05437624368201044,0.0,1.0700558423995972,0.10260420671794769
scvi_matched,PBMC5k_GCAACCGTCAGCATTG-1,Treg,0,CD4 TCM,0.3094426989555359,,0.07425945817887847,0.0,0.9502121210098267,0.04571730278880592
scvi_matched,PBMC5k_GCACATAAGAGTCGAC-1,CD4 Naive,0,CD4 TCM,0.4254135489463806,,0.14705242319117673,0.19999999999999996,1.191185712814331,0.22811049517746618
scvi_matched,PBMC5k_GCACATAAGCCTTTGA-1,CD4 TEM,1,CD4 TEM,0.20440268516540527,,0.0921129034288879,0.0,1.2472208738327026,0.07401100409130293
scvi_matched,PBMC5k_GCACATAAGCTATCTG-1,CD16 Mono,0,CD14 Mono,0.28028303384780884,,0.08576686116956933,0.19999999999999996,0.512618899345398,0.17775915479882162
scvi_matched,PBMC5k_GCACGGTTCCAGTACA-1,NK,1,NK,0.0019006133079528809,,0.0003315244516624207,0.0,0.04412640258669853,0.0062846617926936126
scvi_matched,PBMC5k_GCACTAACAAGAATAC-1,CD4 TEM,1,CD4 TEM,0.25244754552841187,,0.03331886417785079,0.0,1.0272166728973389,0.07863097583704938
scvi_matched,PBMC5k_GCACTAAGTGTTCCTC-1,B intermediate,1,B intermediate,0.16394084692001343,,0.03989614659265195,0.19999999999999996,0.9882839918136597,0.08368147407608328
scvi_matched,PBMC5k_GCAGCCAAGACATATG-1,MAIT,1,MAIT,0.1095309853553772,,0.07131509789560753,0.19999999999999996,1.0737648010253906,0.28939564676634855
scvi_matched,PBMC5k_GCAGCCAAGCCAGACA-1,CD14 Mono,1,CD14 Mono,0.17992031574249268,,0.030000770374084107,0.0,0.5535398721694946,0.06056338482579861
scvi_matched,PBMC5k_GCAGCTGAGAAGGCTC-1,NK_CD56bright,1,NK_CD56bright,0.27486979961395264,,0.042719831864112545,0.19999999999999996,0.8869929909706116,0.31433060015742703
scvi_matched,PBMC5k_GCAGCTGAGACATACA-1,CD14 Mono,1,CD14 Mono,0.002701699733734131,,0.009113210202531585,0.0,0.038023997098207474,0.005829840357971608
scvi_matched,PBMC5k_GCAGCTGCAACTCCCT-1,CD4 TCM,1,CD4 TCM,0.48306918144226074,,0.15882453137503605,0.4,1.210633635520935,0.10236992924368124
scvi_matched,PBMC5k_GCAGCTGGTTTCCAAG-1,CD4 TEM,1,CD4 TEM,0.1433127522468567,,0.0455802419769632,0.0,1.1675983667373657,0.07693612951936646
scvi_matched,PBMC5k_GCAGGCTGTAATACCC-1,B memory,1,B memory,0.18304163217544556,,0.04524642686213387,0.0,0.5025233030319214,0.15490171657706425
scvi_matched,PBMC5k_GCAGGCTGTGGCCTCA-1,CD4 TEM,1,CD4 TEM,0.534724771976471,,0.19813645641939626,0.0,0.870994508266449,0.1047797195139568
scvi_matched,PBMC5k_GCAGGCTGTTTGGCTA-1,CD4 Naive,1,CD4 Naive,0.24981939792633057,,0.09038987770869888,0.19999999999999996,1.1035512685775757,0.21395806381260932
scvi_matched,PBMC5k_GCAGTTAAGCACACCC-1,CD14 Mono,1,CD14 Mono,0.005750298500061035,,0.0038108072057527823,0.0,0.010538020171225071,0.0008051537380669817
scvi_matched,PBMC5k_GCAGTTAAGGTACAAT-1,CD14 Mono,1,CD14 Mono,0.006433427333831787,,0.013854711052599777,0.0,0.058341432362794876,0.0083171435785138
scvi_matched,PBMC5k_GCAGTTACATACTGTG-1,gdT,0,MAIT,0.06939166784286499,,0.0888580612059392,0.0,0.8353162407875061,0.0713820426046891
scvi_matched,PBMC5k_GCAGTTAGTTATGACC-1,CD4 Naive,1,CD4 Naive,0.29748839139938354,,0.09433792108917749,0.6,1.6517950296401978,0.17466627314675046
scvi_matched,PBMC5k_GCAGTTAGTTGTCTAG-1,CD4 TCM,1,CD4 TCM,0.5428924560546875,,0.07287651729659528,0.0,1.2377487421035767,0.11322445915026809
scvi_matched,PBMC5k_GCAGTTAGTTTAAGGA-1,CD4 TEM,1,CD4 TEM,0.44394421577453613,,0.052390135245334646,0.0,0.7968965172767639,0.06025974808257182
scvi_matched,PBMC5k_GCATCGGGTGATATAG-1,CD4 TCM,1,CD4 TCM,0.2957882881164551,,0.03876398484431509,0.0,0.7910593152046204,0.06072851827825747
scvi_matched,PBMC5k_GCATCTCAGAACTGAT-1,B naive,1,B naive,0.18413984775543213,,0.05168448515696786,0.0,0.1932791769504547,0.02450193292945676
scvi_matched,PBMC5k_GCATGATTCAAACGTC-1,CD14 Mono,1,CD14 Mono,0.00015044212341308594,,0.0004006324751416046,0.0,0.007512255106121302,0.0010640685294492603
scvi_matched,PBMC5k_GCATGATTCAGACCTA-1,CD16 Mono,0,CD14 Mono,0.07764273881912231,,0.08214651471722068,0.0,0.598508358001709,0.11658747680182102
scvi_matched,PBMC5k_GCATGATTCCCTTTGG-1,CD14 Mono,1,CD14 Mono,0.0004394650459289551,,0.0003993536500376451,0.0,0.006568090058863163,0.000508101744881309
scvi_matched,PBMC5k_GCATTAGAGGAACGTC-1,B naive,0,B intermediate,0.42220574617385864,,0.11682926727031928,0.4,1.1808007955551147,0.21443169261527367
scvi_matched,PBMC5k_GCATTAGAGGTCATAA-1,B intermediate,0,B memory,0.13868826627731323,,0.011643217368385916,0.0,0.327968031167984,0.039761070154055354
scvi_matched,PBMC5k_GCATTAGCAGGTCAGA-1,CD4 Naive,1,CD4 Naive,0.391628623008728,,0.11668058638533085,0.4,1.2264721393585205,0.08893646332661459
scvi_matched,PBMC5k_GCATTAGTCCACCTCA-1,NK,1,NK,1.2993812561035156e-05,,0.00038402680271921313,0.0,0.0130467489361763,0.0016391763035773432
scvi_matched,PBMC5k_GCCAACGAGAGGTTTA-1,gdT,1,gdT,0.4748983383178711,,0.23682563495036058,0.4,1.162294626235962,0.23103654503635063
scvi_matched,PBMC5k_GCCAACGTCGCACGAC-1,CD14 Mono,1,CD14 Mono,0.00042897462844848633,,0.0012238038450294586,0.0,0.05647682398557663,0.01147950823521116
scvi_matched,PBMC5k_GCCAGCAAGTACAGCG-1,CD4 TCM,1,CD4 TCM,0.4965159296989441,,0.1027876763933997,0.19999999999999996,1.1074678897857666,0.12228569907141444
scvi_matched,PBMC5k_GCCAGCACATGACGAG-1,ILC,1,ILC,0.0050127506256103516,,0.0031794263913365456,0.0,0.46740755438804626,0.08352851883221231
scvi_matched,PBMC5k_GCCAGCAGTACCGGCT-1,CD14 Mono,1,CD14 Mono,0.0633731484413147,,0.011461220151821355,0.0,0.17279057204723358,0.03220495340286426
scvi_matched,PBMC5k_GCCAGGTCATTGCTTT-1,ILC,0,CD4 TEM,0.5729369223117828,,0.4171158416776666,0.19999999999999996,1.7904530763626099,0.2377060645700082
scvi_matched,PBMC5k_GCCAGGTTCCTACACC-1,CD14 Mono,1,CD14 Mono,0.010506510734558105,,0.0040891726851736004,0.0,0.16914506256580353,0.03606729068432671
scvi_matched,PBMC5k_GCCAGTGTCTCGGGAC-1,B naive,1,B naive,0.3792611360549927,,0.06860329393953529,0.4,0.9048224091529846,0.2682753848869291
scvi_matched,PBMC5k_GCCATGGGTGCCTAAT-1,CD4 TCM,1,CD4 TCM,0.05444502830505371,,0.023133678514347333,0.0,0.8744795918464661,0.04739831060564889
scvi_matched,PBMC5k_GCCATGGTCTACGGGC-1,B naive,0,B intermediate,0.436212420463562,,0.10468357280270557,0.4,1.0568151473999023,0.2877991324035121
scvi_matched,PBMC5k_GCCATTCAGTCCCGGT-1,CD14 Mono,1,CD14 Mono,0.001040816307067871,,0.0024856723268168283,0.0,0.019833700731396675,0.001161790703975365
scvi_matched,PBMC5k_GCCATTCGTATTGGCT-1,CD4 TEM,1,CD4 TEM,0.1704431176185608,,0.04792678224871383,0.0,0.7917309403419495,0.16890636142813428
scvi_matched,PBMC5k_GCCATTCTCAGACAAA-1,B naive,0,B intermediate,0.37813496589660645,,0.23479636588965347,0.4,0.7138934135437012,0.20432507815432133
scvi_matched,PBMC5k_GCCATTCTCATTACTC-1,CD8 Naive,0,CD4 Naive,0.4697180986404419,,0.2137332853203866,0.19999999999999996,1.2849847078323364,0.2690731545090067
scvi_matched,PBMC5k_GCCATTCTCCTTACCG-1,CD14 Mono,1,CD14 Mono,8.559226989746094e-05,,0.00023977593527131896,0.0,0.008785225450992584,0.0007980794180993177
scvi_matched,PBMC5k_GCCCAGACATACGCAT-1,CD4 Naive,1,CD4 Naive,0.1312975287437439,,0.14620542600995468,0.4,1.1227531433105469,0.29352324957637055
scvi_matched,PBMC5k_GCCCAGACATCTTTCA-1,B intermediate,1,B intermediate,0.09654819965362549,,0.046560135188976726,0.0,0.3768569827079773,0.023780773641257236
scvi_matched,PBMC5k_GCCCGAAAGAAACTCA-1,CD4 TEM,1,CD4 TEM,0.5790376365184784,,0.23025030725524553,0.4,1.3137263059616089,0.15315239685142687
scvi_matched,PBMC5k_GCCCGAAAGCGCTTCG-1,NK,1,NK,0.002403080463409424,,0.0012635253707167816,0.0,0.23856498301029205,0.03860416326803458
scvi_matched,PBMC5k_GCCCGAAAGCTGGTGA-1,CD8 TCM,0,CD8 TEM,0.20363128185272217,,0.3252277308227498,0.19999999999999996,1.8275271654129028,0.04081861799827555
scvi_matched,PBMC5k_GCCCGAACACCCAATA-1,CD14 Mono,1,CD14 Mono,0.0013220906257629395,,0.0015078150975239915,0.0,0.015496119856834412,0.002214988278409931
scvi_matched,PBMC5k_GCCGATGGTCATGACT-1,CD14 Mono,0,Eryth,0.3789106607437134,,0.1576555293375448,0.0,0.49515876173973083,0.049415964672333154
scvi_matched,PBMC5k_GCCTGTTAGAGGTTAT-1,CD14 Mono,1,CD14 Mono,0.0009433627128601074,,0.000572257234359011,0.0,0.015460656955838203,0.0012508464794590364
scvi_matched,PBMC5k_GCCTGTTTCAACACGT-1,gdT,0,MAIT,0.244748055934906,,0.1921076427861017,0.4,1.116650938987732,0.2753239188335538
scvi_matched,PBMC5k_GCGAGAACAGCTTTGA-1,CD14 Mono,1,CD14 Mono,0.0017377734184265137,,0.0009406411313930187,0.0,0.005798164289444685,0.0003468243815204591
scvi_matched,PBMC5k_GCGAGAAGTGCAATAA-1,B memory,1,B memory,0.07484334707260132,,0.036721184312929867,0.0,0.3577030301094055,0.07110624117014894
scvi_matched,PBMC5k_GCGAGAAGTTGCGTAT-1,CD16 Mono,1,CD16 Mono,8.702278137207031e-05,,0.00010280166504281381,0.0,0.0014403435634449124,8.988430550483593e-05
scvi_matched,PBMC5k_GCGATCGAGAATTGCA-1,CD4 Naive,0,CD4 TCM,0.3967127799987793,,0.14199936270111446,0.4,0.8816142678260803,0.238246834419867
scvi_matched,PBMC5k_GCGATCGCAATCAAGA-1,Eryth,0,CD14 Mono,0.348243772983551,,0.09407545498540881,0.4,0.7244328856468201,0.08431792889842714
scvi_matched,PBMC5k_GCGATCGTCTTTGCAT-1,NK,1,NK,0.009977281093597412,,0.005137964582222598,0.0,0.1553930789232254,0.03203154584722918
scvi_matched,PBMC5k_GCGGAAAGTTGTTTGG-1,CD14 Mono,1,CD14 Mono,0.0005218386650085449,,0.000231703718965217,0.0,0.017408225685358047,0.0017241851451515176
scvi_matched,PBMC5k_GCGGATCGTGCACAAG-1,CD14 Mono,1,CD14 Mono,0.0022126436233520508,,0.000580482816971502,0.0,0.015988320112228394,0.0019815741943182007
scvi_matched,PBMC5k_GCGGATCTCTCACGAA-1,CD14 Mono,1,CD14 Mono,0.08225345611572266,,0.06384953995858428,0.0,0.37045276165008545,0.056386989825355525
scvi_matched,PBMC5k_GCGTGCACAAGTACCT-1,CD14 Mono,1,CD14 Mono,0.0005508065223693848,,0.0006168989578406898,0.0,0.010976530611515045,0.0010707559101741052
scvi_matched,PBMC5k_GCGTGCACAGAACTCT-1,CD14 Mono,1,CD14 Mono,0.004853665828704834,,0.0014320435427520473,0.0,0.03190653398633003,0.0020091943269423262
scvi_matched,PBMC5k_GCGTGCAGTATCGCAT-1,CD4 TEM,1,CD4 TEM,0.2185044288635254,,0.0642204698899167,0.0,1.3009825944900513,0.07251856566359326
scvi_matched,PBMC5k_GCTACAAAGGACAGCT-1,Eryth,1,Eryth,0.352044939994812,,0.1986556488752541,0.0,0.5621310472488403,0.05702182256649271
scvi_matched,PBMC5k_GCTACAACACTAACGT-1,CD16 Mono,1,CD16 Mono,0.0009734630584716797,,0.0006676726156350909,0.0,0.010469512082636356,0.0018373582131758714
scvi_matched,PBMC5k_GCTACAATCCACTGGG-1,CD14 Mono,1,CD14 Mono,0.2034907341003418,,0.049577210909848124,0.0,0.2560943365097046,0.030267550229173386
scvi_matched,PBMC5k_GCTACAATCGAAGTGG-1,CD4 TCM,1,CD4 TCM,0.0867186188697815,,0.014639320483499862,0.0,0.363491415977478,0.02726239998678601
scvi_matched,PBMC5k_GCTACAATCGGTAACT-1,Treg,0,CD4 TCM,0.6798172891139984,,0.11556136581478604,0.19999999999999996,1.2495046854019165,0.01210224766857057
scvi_matched,PBMC5k_GCTACAATCTCAACGA-1,CD4 TCM,1,CD4 TCM,0.20247507095336914,,0.06554516175636527,0.0,0.48841676115989685,0.06310980653156066
scvi_matched,PBMC5k_GCTACCTAGACCTCCG-1,CD4 TCM,1,CD4 TCM,0.10441261529922485,,0.07158526652340813,0.0,0.9334487915039062,0.11115124642401263
scvi_matched,PBMC5k_GCTACCTAGCTCGACC-1,NK,1,NK,0.0001270771026611328,,0.0011753578457429914,0.0,0.026651592925190926,0.0035958956892522876
scvi_matched,PBMC5k_GCTACCTCAACGCCCA-1,cDC2,1,cDC2,0.00010728836059570312,,3.186709472442111e-05,0.0,0.0007091466686688364,5.5725027279637024e-05
scvi_matched,PBMC5k_GCTACCTGTGCTGCAC-1,NK,1,NK,0.004216790199279785,,0.0018759156091680204,0.0,0.08767997473478317,0.010845343764044009
scvi_matched,PBMC5k_GCTACCTGTGGAAATT-1,CD8 TEM,1,CD8 TEM,0.5119754672050476,,0.155222779806663,0.4,1.568557858467102,0.13892701489881426
scvi_matched,PBMC5k_GCTACCTGTGGTAACG-1,B intermediate,1,B intermediate,0.1337798833847046,,0.021050955272155725,0.19999999999999996,0.694205105304718,0.16182521222810342
scvi_matched,PBMC5k_GCTCAAAAGACCTCCG-1,CD4 TEM,0,CD4 TCM,0.1261972188949585,,0.06895343025640155,0.0,0.7997453212738037,0.041546520681796595
scvi_matched,PBMC5k_GCTCAAAAGTAGCCAG-1,CD14 Mono,1,CD14 Mono,0.0062705278396606445,,0.0033731067399728337,0.0,0.13640208542346954,0.025812576001826314
scvi_matched,PBMC5k_GCTCAAAGTGTCATTG-1,NK,1,NK,0.0029871463775634766,,0.0016705492023486174,0.0,0.15294958651065826,0.020886301579523273
scvi_matched,PBMC5k_GCTGAATAGCCGTCGT-1,B naive,0,B memory,0.477111279964447,,0.14864135037263693,0.6,1.1603041887283325,0.18723476964107125
scvi_matched,PBMC5k_GCTGAATAGGAAGTAG-1,CD4 Naive,1,CD4 Naive,0.07269787788391113,,0.010847871626432637,0.0,0.6628602147102356,0.09186326934648036
scvi_matched,PBMC5k_GCTGAATCAATCTAGC-1,CD4 TCM,1,CD4 TCM,0.3883019685745239,,0.06602926600284098,0.19999999999999996,1.1279206275939941,0.10357871381240141
scvi_matched,PBMC5k_GCTGAATGTCGAGATG-1,B naive,1,B naive,0.1850467324256897,,0.04795335670071682,0.0,0.2319023460149765,0.04236348947995792
scvi_matched,PBMC5k_GCTGAATGTGGCTTAT-1,CD14 Mono,1,CD14 Mono,0.003292083740234375,,0.0009300378471536128,0.0,0.11090130358934402,0.015582491261731717
scvi_matched,PBMC5k_GCTGAATTCATATGGC-1,NK,1,NK,0.0003300905227661133,,0.00013538570604840032,0.0,0.009025665931403637,0.0005512382761051503
scvi_matched,PBMC5k_GCTGAATTCCATGCAA-1,CD4 TEM,0,CD4 TCM,0.1904890537261963,,0.0629918498827482,0.0,0.9052742123603821,0.08623539253551755
scvi_matched,PBMC5k_GCTGAATTCTTCCGTG-1,cDC2,1,cDC2,0.28168725967407227,,0.0851371629447012,0.0,0.06974426656961441,0.01298634591225261
scvi_matched,PBMC5k_GCTGCAGAGAGAGGGC-1,CD4 Naive,1,CD4 Naive,0.5039984583854675,,0.05924159870961643,0.19999999999999996,1.136307716369629,0.08191419551674355
scvi_matched,PBMC5k_GCTGCAGGTCTACAGT-1,cDC2,1,cDC2,3.325939178466797e-05,,4.130489812730005e-05,0.0,0.0006836267421022058,5.6019132949063535e-05
scvi_matched,PBMC5k_GCTGCAGTCACCTCAC-1,CD16 Mono,1,CD16 Mono,0.0029822587966918945,,0.004402735656285947,0.0,0.025966620072722435,0.004917227054284469
scvi_matched,PBMC5k_GCTGCAGTCATCTACT-1,CD16 Mono,1,CD16 Mono,0.0008183121681213379,,0.0004019447649287293,0.0,0.0023582037538290024,0.0004027247808226785
scvi_matched,PBMC5k_GCTGGGTAGGACTTCT-1,CD14 Mono,1,CD14 Mono,0.0010858774185180664,,0.00043034343393588345,0.0,0.027639569714665413,0.003063314052873814
scvi_matched,PBMC5k_GCTGGGTCATGACTCA-1,CD14 Mono,1,CD14 Mono,0.0008183121681213379,,0.0007893362286710854,0.0,0.012244160287082195,0.0007052153982611377
scvi_matched,PBMC5k_GCTGGGTGTACCGTGC-1,gdT,0,NK,0.30026817321777344,,0.17585507167749537,0.19999999999999996,1.2778265476226807,0.11449208775774215
scvi_matched,PBMC5k_GCTGGGTTCCGTGTGG-1,CD8 TCM,1,CD8 TCM,0.08909660577774048,,0.04336024361035862,0.0,1.1808695793151855,0.11705599593101201
scvi_matched,PBMC5k_GCTGGGTTCGCGCTGA-1,CD14 Mono,1,CD14 Mono,0.0049457550048828125,,0.001077283502961393,0.0,0.057515207678079605,0.00713351766273033
scvi_matched,PBMC5k_GCTTCACAGTCCCGGT-1,CD14 Mono,1,CD14 Mono,0.0008959174156188965,,0.0003398457257232602,0.0,0.01515586581081152,0.000991482342204285
scvi_matched,PBMC5k_GCTTGGGAGAGCTGAC-1,CD14 Mono,1,CD14 Mono,0.000443875789642334,,0.00028386587301989976,0.0,0.00709754042327404,0.0008307592793590793
scvi_matched,PBMC5k_GCTTGGGCAAATGGCG-1,B naive,1,B naive,0.23717474937438965,,0.050299018572238785,0.19999999999999996,0.8192293643951416,0.2682577326359569
scvi_matched,PBMC5k_GCTTGGGGTCTCTCAC-1,B naive,1,B naive,0.14924806356430054,,0.09610327282352005,0.19999999999999996,0.7397381663322449,0.20596777323257434
scvi_matched,PBMC5k_GCTTTCGAGGTGGCTA-1,CD16 Mono,1,CD16 Mono,0.005307018756866455,,0.0008277740001545325,0.0,0.005295332055538893,0.0004075704393794609
scvi_matched,PBMC5k_GCTTTCGCACAAATCC-1,NK,1,NK,0.008479773998260498,,0.024757611135317742,0.0,0.25897952914237976,0.062222793939922146
scvi_matched,PBMC5k_GCTTTCGTCTTCGGTC-1,cDC2,1,cDC2,0.0004157423973083496,,0.00012739489838381642,0.0,0.0013953751185908914,0.00011680476342454206
scvi_matched,PBMC5k_GGAACCCAGCGTGTTT-1,CD4 Naive,0,CD4 TCM,0.4993475079536438,,0.10816376294805008,0.4,1.3451472520828247,0.12643740493657393
scvi_matched,PBMC5k_GGAACCCCACCGGCTA-1,CD4 Naive,0,CD4 TCM,0.5745232701301575,,0.17664466060834072,0.4,1.2404861450195312,0.12974417446171355
scvi_matched,PBMC5k_GGAACCCCACGTATAC-1,CD14 Mono,1,CD14 Mono,0.0021212100982666016,,0.0008177892013034524,0.0,0.018188809975981712,0.0030563750371462427
scvi_matched,PBMC5k_GGAACCCGTAAGTTAG-1,gdT,0,NK,0.03638255596160889,,0.03035935994501901,0.19999999999999996,0.9441077709197998,0.088225792637245
scvi_matched,PBMC5k_GGAACCCGTAGAGCTG-1,CD4 Naive,0,CD4 TCM,0.5983982980251312,,0.10116941008639557,0.4,1.6525211334228516,0.0788792601776421
scvi_matched,PBMC5k_GGAACCCGTCCACGCA-1,CD8 Naive,1,CD8 Naive,0.6109350025653839,,0.15927782350858477,0.0,0.6144475340843201,0.06425765688744647
scvi_matched,PBMC5k_GGAACCCTCACTACTT-1,CD4 TEM,1,CD4 TEM,0.33467620611190796,,0.0549402774846508,0.0,0.8469048738479614,0.07050588092356255
scvi_matched,PBMC5k_GGAAGTGAGATGCTTC-1,CD14 Mono,1,CD14 Mono,0.0019474029541015625,,0.009499006352765266,0.0,0.09576711058616638,0.02060454962743161
scvi_matched,PBMC5k_GGAAGTGCAGATACCT-1,gdT,1,gdT,0.4345921277999878,,0.34928498384838225,0.6,1.5513643026351929,0.13948953207330503
scvi_matched,PBMC5k_GGAAGTGCAGTAGGAC-1,CD14 Mono,1,CD14 Mono,0.34641826152801514,,0.00937932431933608,0.0,0.635392427444458,0.05030488823525844
scvi_matched,PBMC5k_GGAAGTGGTCCGGTCA-1,ILC,0,CD4 Naive,0.7146310806274414,,0.15990539270886917,0.19999999999999996,1.6034363508224487,0.02390828535816633
scvi_matched,PBMC5k_GGAAGTGTCTCATGGA-1,CD14 Mono,1,CD14 Mono,0.00045680999755859375,,0.00026091162489320224,0.0,0.015556475147604942,0.002394606781905564
scvi_matched,PBMC5k_GGAATCTAGTCTAGCT-1,CD4 Naive,1,CD4 Naive,0.5242474973201752,,0.06571673114705945,0.4,1.0330129861831665,0.21204659019638825
scvi_matched,PBMC5k_GGAATCTAGTGTAGTA-1,CD4 TEM,1,CD4 TEM,0.10365968942642212,,0.029131335249394485,0.0,0.7168561220169067,0.05636416749920107
scvi_matched,PBMC5k_GGAATCTCATCCGTGG-1,CD4 TEM,1,CD4 TEM,0.20927470922470093,,0.031097685397141084,0.0,1.1598081588745117,0.09834523720319528
scvi_matched,PBMC5k_GGAATCTTCACGACTA-1,CD4 Naive,0,CD4 TCM,0.524726539850235,,0.2555603427030766,0.4,1.6729238033294678,0.15945314244839584
scvi_matched,PBMC5k_GGAATCTTCCTTTAGT-1,CD14 Mono,1,CD14 Mono,0.0016171932220458984,,0.0056923864965100004,0.0,0.019351933151483536,0.0012477054477145633
scvi_matched,PBMC5k_GGACGTCAGCCGATCC-1,B memory,0,B intermediate,0.07518231868743896,,0.08584403006836494,0.0,0.9248812198638916,0.08501476421267865
scvi_matched,PBMC5k_GGACGTCAGGGCGAGA-1,CD14 Mono,1,CD14 Mono,0.0010165572166442871,,0.0019176819244410698,0.0,0.012104164808988571,0.0007455550037593743
scvi_matched,PBMC5k_GGACGTCAGTTGGCGA-1,Eryth,1,Eryth,0.16968083381652832,,0.1060939670673734,0.0,0.6419764161109924,0.06614526049410357
scvi_matched,PBMC5k_GGACGTCCAACGATCT-1,cDC2,1,cDC2,7.081031799316406e-05,,1.9378119394870797e-05,0.0,0.002511752536520362,0.0003147568897201839
scvi_matched,PBMC5k_GGACGTCGTAGCGAGT-1,CD14 Mono,1,CD14 Mono,0.00042301416397094727,,0.0013336596959095323,0.0,0.023162655532360077,0.0024578055705952694
scvi_matched,PBMC5k_GGACGTCGTGTGACCC-1,CD16 Mono,1,CD16 Mono,0.25666332244873047,,0.07472722238245699,0.0,0.22826585173606873,0.04595161608087835
scvi_matched,PBMC5k_GGACGTCTCACTCACC-1,CD4 TEM,1,CD4 TEM,0.16599619388580322,,0.06002660943370808,0.0,0.962948203086853,0.12002589988244315
scvi_matched,PBMC5k_GGAGAACAGAGAGGGC-1,CD4 TEM,0,ILC,0.2647196054458618,,0.0681064247603358,0.4,1.212867259979248,0.09817757681588679
scvi_matched,PBMC5k_GGAGAACAGGAACTCG-1,CD14 Mono,1,CD14 Mono,0.0004665851593017578,,0.00045761935598591895,0.0,0.011894484050571918,0.0008437509761858341
scvi_matched,PBMC5k_GGAGATGTCAGTCAGT-1,B intermediate,0,B memory,0.12040716409683228,,0.024493412356121902,0.0,0.4804854691028595,0.11853163320705093
scvi_matched,PBMC5k_GGAGCAAGTCCTGTTC-1,CD4 TCM,1,CD4 TCM,0.31862396001815796,,0.046299131708835706,0.4,1.4335007667541504,0.230754136394687
scvi_matched,PBMC5k_GGAGCAATCATCACTT-1,CD14 Mono,1,CD14 Mono,0.01026695966720581,,0.0022718406027550132,0.0,0.03962467610836029,0.005677705683487735
scvi_matched,PBMC5k_GGAGGATAGATCACCT-1,ILC,0,CD4 TCM,0.35657328367233276,,0.1433073315344593,0.0,1.1802725791931152,0.02492233825412071
scvi_matched,PBMC5k_GGAGGATAGCTAGATA-1,CD14 Mono,1,CD14 Mono,0.0006369948387145996,,0.0065555852932243225,0.0,0.04122507944703102,0.0021368192518980687
scvi_matched,PBMC5k_GGAGGATAGTCACGCC-1,CD4 Naive,0,Treg,0.38134586811065674,,0.23064077743695843,0.4,1.0372244119644165,0.17661547305376846
scvi_matched,PBMC5k_GGAGGATCAAGACCGA-1,ILC,0,CD4 TCM,0.5795667469501495,,0.0792072919857576,0.19999999999999996,1.1540049314498901,0.09240605239448457
scvi_matched,PBMC5k_GGAGGATTCCGTCACT-1,CD16 Mono,1,CD16 Mono,0.0014349818229675293,,0.0022862715980014603,0.0,0.05555117875337601,0.01723364346669784
scvi_matched,PBMC5k_GGAGGTAAGAGAGCAA-1,cDC2,1,cDC2,0.0004253983497619629,,0.00010437105250152593,0.0,0.0006611652206629515,3.2716606737831455e-05
scvi_matched,PBMC5k_GGAGGTACAACACACT-1,CD4 TEM,1,CD4 TEM,0.30190080404281616,,0.05914797675649286,0.0,0.7106068730354309,0.0428174922435198
scvi_matched,PBMC5k_GGAGGTACATGTGTCA-1,CD4 TEM,1,CD4 TEM,0.06891971826553345,,0.03496826630914063,0.0,0.7552047371864319,0.16034825863589475
scvi_matched,PBMC5k_GGAGGTAGTTAAGAAC-1,CD14 Mono,1,CD14 Mono,0.0076302289962768555,,0.0012787708123461541,0.0,0.0812574252486229,0.011550712375055422
scvi_matched,PBMC5k_GGATCTAAGCCGGATA-1,CD4 TCM,1,CD4 TCM,0.3206642270088196,,0.034117736390504305,0.0,0.8828769326210022,0.08104945317503041
scvi_matched,PBMC5k_GGATCTAAGCTCGAAG-1,CD14 Mono,1,CD14 Mono,0.001958489418029785,,0.0007563750267008951,0.0,0.01881590485572815,0.0018144027503097725
scvi_matched,PBMC5k_GGATCTAGTGCGACAA-1,CD14 Mono,1,CD14 Mono,0.0014097094535827637,,0.0007051694680559554,0.0,0.014703224413096905,0.0010706909978398104
scvi_matched,PBMC5k_GGATCTATCCGTGCGA-1,B naive,1,B naive,0.20134806632995605,,0.04582246536400883,0.0,0.521530032157898,0.12588442949490486
scvi_matched,PBMC5k_GGATGTTAGACCTCAT-1,CD4 Naive,1,CD4 Naive,0.06467950344085693,,0.07047728204818204,0.0,0.8192458152770996,0.1731399008574501
scvi_matched,PBMC5k_GGATGTTCAGAACTCT-1,CD4 TCM,1,CD4 TCM,0.19726276397705078,,0.03169488240902174,0.0,0.581016480922699,0.1087814793568288
scvi_matched,PBMC5k_GGATGTTTCCCAGCGA-1,cDC2,1,cDC2,0.0011139512062072754,,0.0002926391426227282,0.0,0.0021507907658815384,0.00025523786152355113
scvi_matched,PBMC5k_GGCACGTAGTCATACC-1,CD14 Mono,1,CD14 Mono,0.001550436019897461,,0.005010178130273699,0.0,0.07231855392456055,0.007833738613243334
scvi_matched,PBMC5k_GGCACGTGTCGTCGGT-1,CD14 Mono,1,CD14 Mono,0.0021514892578125,,0.0008403760696597366,0.0,0.00819637905806303,0.0010790967134380177
scvi_matched,PBMC5k_GGCACGTTCCGAAGGA-1,CD14 Mono,1,CD14 Mono,0.006602644920349121,,0.023678231847707704,0.0,0.03958699107170105,0.0027168368260931334
scvi_matched,PBMC5k_GGCAGTCAGGAGAATG-1,ILC,0,Eryth,0.21766597032546997,,0.3680814052414718,0.6,1.8497886657714844,0.19787525032262665
scvi_matched,PBMC5k_GGCAGTCAGTCGAATA-1,CD4 TEM,1,CD4 TEM,0.10539454221725464,,0.022586359579030324,0.0,0.6678327322006226,0.03443627871530335
scvi_matched,PBMC5k_GGCAGTCAGTGATCGG-1,CD14 Mono,1,CD14 Mono,0.05310940742492676,,0.004749278790232958,0.0,0.10373052209615707,0.00963455389674517
scvi_matched,PBMC5k_GGCAGTCCAAGCGAGT-1,gdT,0,CD4 TEM,0.5243215262889862,,0.1777284251838045,0.4,1.520049810409546,0.06189374104377949
scvi_matched,PBMC5k_GGCAGTCCAGCTGTGC-1,CD4 TCM,0,CD4 TEM,0.4866669774055481,,0.059176067648124775,0.0,1.0624245405197144,0.11744659336814707
scvi_matched,PBMC5k_GGCAGTCCAGTGTACT-1,CD4 Naive,1,CD4 Naive,0.04816991090774536,,0.018981429339117006,0.0,0.36223480105400085,0.09462899280196646
scvi_matched,PBMC5k_GGCAGTCGTCGTGGTC-1,NK,1,NK,0.008807122707366943,,0.00791614789881774,0.0,0.4704357385635376,0.12457800963065277
scvi_matched,PBMC5k_GGCAGTCTCATTGGTG-1,CD14 Mono,1,CD14 Mono,0.0013810396194458008,,0.001946708719226236,0.0,0.0164878498762846,0.0016822738528855267
scvi_matched,PBMC5k_GGCGTCAAGCACACCC-1,CD14 Mono,1,CD14 Mono,0.0037650465965270996,,0.0028470519398369615,0.0,0.07836484163999557,0.007008351761481213
scvi_matched,PBMC5k_GGCGTCAAGGCTTAAA-1,CD4 TCM,0,CD4 Naive,0.3343464136123657,,0.21549578376159517,0.0,1.1744766235351562,0.08317553549192239
scvi_matched,PBMC5k_GGCGTCATCAGACTGT-1,B intermediate,1,B intermediate,0.2394012212753296,,0.07609975804046121,0.19999999999999996,0.6923250555992126,0.14243606164177366
scvi_matched,PBMC5k_GGCGTCATCATGCCGG-1,CD4 TCM,1,CD4 TCM,0.4420511722564697,,0.07987814570648599,0.0,0.6905557513237,0.09928486030497301
scvi_matched,PBMC5k_GGCTGTGCAGAATGTA-1,B memory,0,B intermediate,0.17417645454406738,,0.030432992944700366,0.4,0.7942289113998413,0.1432870193765752
scvi_matched,PBMC5k_GGCTGTGGTACTCGAT-1,B naive,1,B naive,0.07315295934677124,,0.010736565880811316,0.0,0.3615705072879791,0.09650190351280159
scvi_matched,PBMC5k_GGCTGTGGTAGAATGT-1,CD4 TEM,1,CD4 TEM,0.16380071640014648,,0.0355657465573348,0.0,1.3081761598587036,0.12836639806965977
scvi_matched,PBMC5k_GGCTGTGGTCCGGATC-1,CD8 Naive,1,CD8 Naive,0.5394105911254883,,0.12273093711313221,0.0,0.6790600419044495,0.11074660756265012
scvi_matched,PBMC5k_GGCTTGGAGCCATTCA-1,CD4 Naive,1,CD4 Naive,0.322085440158844,,0.09105470810962812,0.0,0.9313932061195374,0.06414178380634578
scvi_matched,PBMC5k_GGCTTGGCATGTGCCG-1,CD8 TEM,1,CD8 TEM,0.2652606964111328,,0.08262537371030643,0.0,1.2570223808288574,0.14952656965333502
scvi_matched,PBMC5k_GGCTTGGGTACCCGAC-1,ILC,0,CD4 TCM,0.07416385412216187,,0.01053318754984256,0.0,0.5586851239204407,0.09755859110619458
scvi_matched,PBMC5k_GGCTTTCCAGAGGCTA-1,CD4 Naive,1,CD4 Naive,0.11306530237197876,,0.03163378054923982,0.0,0.712420642375946,0.055156674572255426
scvi_matched,PBMC5k_GGCTTTCCATCCTTCG-1,CD4 TEM,1,CD4 TEM,0.0878632664680481,,0.10478927853665043,0.0,0.9211961030960083,0.06253197428980092
scvi_matched,PBMC5k_GGCTTTCTCTCTTCAA-1,CD14 Mono,1,CD14 Mono,0.0018302202224731445,,0.0025102676069720525,0.0,0.02165273204445839,0.0009018866857523994
scvi_matched,PBMC5k_GGGAAGTCACAGTGTT-1,CD4 TEM,1,CD4 TEM,0.11246567964553833,,0.03011269869600608,0.0,0.6272648572921753,0.05050872091401851
scvi_matched,PBMC5k_GGGACAAAGGGCCTCT-1,CD4 TEM,0,CD4 TCM,0.2833406329154968,,0.06354081161590241,0.0,0.7276299595832825,0.03312250367433278
scvi_matched,PBMC5k_GGGACAAAGGTATAGT-1,CD14 Mono,1,CD14 Mono,0.009042143821716309,,0.0019348597032089881,0.0,0.04544837400317192,0.006717498545835496
scvi_matched,PBMC5k_GGGACAAGTGCCTATA-1,CD8 Naive,1,CD8 Naive,0.02298372983932495,,0.08051522714015397,0.19999999999999996,0.6573205590248108,0.25085557285588717
scvi_matched,PBMC5k_GGGACAATCACTGATG-1,B naive,1,B naive,0.06631392240524292,,0.017523791116680648,0.0,0.48509278893470764,0.10056538471653362
scvi_matched,PBMC5k_GGGACCTCAATAAGGT-1,Eryth,0,CD14 Mono,0.2747001051902771,,0.08986666287508238,0.0,0.6386241316795349,0.08889926589346608
scvi_matched,PBMC5k_GGGACCTCAGGGATAC-1,CD14 Mono,1,CD14 Mono,0.02192521095275879,,0.006474532786746423,0.0,0.33770644664764404,0.06847281488120652
scvi_matched,PBMC5k_GGGACTCCAAATCGGG-1,CD14 Mono,1,CD14 Mono,0.03400498628616333,,0.0021429812453001573,0.0,0.15506403148174286,0.010643678918852102
scvi_matched,PBMC5k_GGGACTCCAACTGAAA-1,CD4 TEM,1,CD4 TEM,0.15193182229995728,,0.08687593526239945,0.0,1.1658623218536377,0.08437012782555442
scvi_matched,PBMC5k_GGGACTCCACATAGCT-1,ILC,0,CD8 TCM,0.06622081995010376,,0.1275911995961415,0.19999999999999996,1.1595866680145264,0.18861401037305867
scvi_matched,PBMC5k_GGGACTCCACCGCTGA-1,CD8 Naive,1,CD8 Naive,0.550690233707428,,0.15465657461187132,0.0,0.5565415024757385,0.07266829035783653
scvi_matched,PBMC5k_GGGACTCCACGCGTGT-1,CD8 TEM,0,CD4 TEM,0.6690452396869659,,0.2615390627328671,0.4,1.553916573524475,0.013758032761027172
scvi_matched,PBMC5k_GGGACTCCAGGTCCGT-1,CD14 Mono,1,CD14 Mono,0.08291679620742798,,0.03254489530422028,0.0,0.6184353232383728,0.09982268663222588
scvi_matched,PBMC5k_GGGACTCCATGACGAG-1,CD14 Mono,1,CD14 Mono,0.07061034440994263,,0.024973876106942516,0.0,0.6405767202377319,0.0881379463605499
scvi_matched,PBMC5k_GGGACTCGTCGTGGAA-1,NK_CD56bright,1,NK_CD56bright,0.18149054050445557,,0.030663743053765957,0.19999999999999996,0.8220493793487549,0.16414661555308543
scvi_matched,PBMC5k_GGGACTCTCCCATTCG-1,B naive,0,B intermediate,0.3648737668991089,,0.16878093114895965,0.4,1.1428442001342773,0.14151859479277412
scvi_matched,PBMC5k_GGGACTCTCTAATTCC-1,CD14 Mono,1,CD14 Mono,0.0016803145408630371,,0.004264824120413117,0.0,0.01955929771065712,0.0006586296260604702
scvi_matched,PBMC5k_GGGAGATAGGTTACAA-1,B memory,1,B memory,0.03419840335845947,,0.0039338009561559195,0.0,0.2839203178882599,0.03206353915006541
scvi_matched,PBMC5k_GGGAGATCATTCCTAT-1,CD14 Mono,1,CD14 Mono,0.00046885013580322266,,0.0010746376302836098,0.0,0.01676570065319538,0.0023913839543021455
scvi_matched,PBMC5k_GGGAGATGTGCAACGA-1,gdT,1,gdT,0.48415684700012207,,0.10609472106579765,0.19999999999999996,0.9491448402404785,0.1613618259470498
scvi_matched,PBMC5k_GGGAGATTCAACACGT-1,CD14 Mono,1,CD14 Mono,0.0022393465042114258,,0.0024253691975734057,0.0,0.04335414990782738,0.002955581422990827
scvi_matched,PBMC5k_GGGAGATTCCTACACC-1,CD4 TCM,1,CD4 TCM,0.08148390054702759,,0.05220521215527718,0.0,0.8517196774482727,0.11112103999653733
scvi_matched,PBMC5k_GGGAGTAGTCTCCTGT-1,B naive,1,B naive,0.39170265197753906,,0.1285796565356741,0.0,0.9091551899909973,0.20491707342321996
scvi_matched,PBMC5k_GGGATCCCAGCCTTCT-1,CD4 TCM,1,CD4 TCM,0.20488935708999634,,0.02162753170552001,0.0,0.526137113571167,0.06705474693988513
scvi_matched,PBMC5k_GGGATCCCATACTGTG-1,Treg,1,Treg,0.7030836641788483,,0.08065218917726469,0.19999999999999996,1.0988129377365112,0.11330397849449908
scvi_matched,PBMC5k_GGGATCCTCCGGACTG-1,CD4 Naive,1,CD4 Naive,0.1232404112815857,,0.11833570444305508,0.19999999999999996,1.1821844577789307,0.20219556494398028
scvi_matched,PBMC5k_GGGATCCTCTAAGAAG-1,NK,1,NK,0.04238158464431763,,0.03040098297908539,0.19999999999999996,1.1088812351226807,0.1961726764588733
scvi_matched,PBMC5k_GGGATGAAGCCTCGTG-1,Treg,0,CD4 TCM,0.46854448318481445,,0.11177677941735964,0.4,1.3613431453704834,0.10657499327333965
scvi_matched,PBMC5k_GGGATGACAGAATTCC-1,CD14 Mono,1,CD14 Mono,0.01931673288345337,,0.0043843149734045725,0.0,0.041033387184143066,0.0047396312776486725
scvi_matched,PBMC5k_GGGATGACATACACCA-1,CD8 TEM,1,CD8 TEM,0.09682834148406982,,0.16175839783204404,0.0,1.046330213546753,0.18569382596077513
scvi_matched,PBMC5k_GGGATGAGTTGTCCCT-1,CD4 TCM,1,CD4 TCM,0.09079056978225708,,0.034964878542007194,0.0,0.22736550867557526,0.02064340757424688
scvi_matched,PBMC5k_GGGATGATCACTAGCA-1,CD4 Naive,1,CD4 Naive,0.13094592094421387,,0.06058535248771568,0.0,0.693911612033844,0.10725973093233389
scvi_matched,PBMC5k_GGGCCATAGTGCAAAT-1,CD8 TEM,1,CD8 TEM,0.6394233405590057,,0.22764482387315566,0.0,1.1456313133239746,0.1349752361337645
scvi_matched,PBMC5k_GGGCCATGTAATCAGA-1,gdT,1,gdT,0.20707136392593384,,0.28010008983896717,0.19999999999999996,1.2901573181152344,0.1257482120244787
scvi_matched,PBMC5k_GGGCCATGTATTCCTT-1,CD4 TCM,1,CD4 TCM,0.04496818780899048,,0.025411530589938225,0.0,0.35109642148017883,0.054712745549020475
scvi_matched,PBMC5k_GGGCGTTAGGCCTGAA-1,CD4 TEM,1,CD4 TEM,0.5940039753913879,,0.06666778967791842,0.4,1.0986905097961426,0.09361590826472768
scvi_matched,PBMC5k_GGGCGTTCATCTCAAG-1,CD4 Naive,1,CD4 Naive,0.3819131851196289,,0.13472475357653235,0.0,0.9927768707275391,0.1445155820594061
scvi_matched,PBMC5k_GGGCGTTTCCACGGGT-1,CD4 TEM,1,CD4 TEM,0.3012145161628723,,0.10921093294239181,0.19999999999999996,1.1841065883636475,0.13389013897758026
scvi_matched,PBMC5k_GGGCTACAGCGTCGAA-1,CD4 TCM,1,CD4 TCM,0.031537413597106934,,0.014307525272977323,0.0,0.41702741384506226,0.044499859679168044
scvi_matched,PBMC5k_GGGCTACGTTAAACCC-1,NK,1,NK,0.052062153816223145,,0.009006058928032065,0.0,0.3268197476863861,0.06944253775298911
scvi_matched,PBMC5k_GGGCTCAAGTCAGCCC-1,CD8 TEM,1,CD8 TEM,0.3713635802268982,,0.06733618549582832,0.19999999999999996,1.446466326713562,0.1323395611560072
scvi_matched,PBMC5k_GGGCTCAGTGTGTCCG-1,CD8 TCM,0,CD4 TEM,0.6513936519622803,,0.24389005011339226,0.19999999999999996,1.816442608833313,0.025125375639337685
scvi_matched,PBMC5k_GGGCTCATCGCCTTGT-1,CD4 Naive,1,CD4 Naive,0.05728095769882202,,0.045381755563535076,0.0,0.8484278917312622,0.13093898923494626
scvi_matched,PBMC5k_GGGTAGAAGCGTATGG-1,CD14 Mono,1,CD14 Mono,0.002272188663482666,,0.0003438726529468514,0.0,0.05135860666632652,0.00979920934563515
scvi_matched,PBMC5k_GGGTAGACAACGCCCA-1,cDC2,1,cDC2,0.06300413608551025,,0.0037387766793647026,0.0,0.14078690111637115,0.013836509723748969
scvi_matched,PBMC5k_GGGTAGACACAATGTC-1,CD14 Mono,1,CD14 Mono,0.0005685687065124512,,0.0019353379455978245,0.0,0.02541886642575264,0.002712068041638326
scvi_matched,PBMC5k_GGGTAGACATTGAGGG-1,CD14 Mono,1,CD14 Mono,0.0007845163345336914,,0.0004486295582052137,0.0,0.008603116497397423,0.0009141978161497734
scvi_matched,PBMC5k_GGGTAGATCCAAACCA-1,CD4 Naive,1,CD4 Naive,0.3861927390098572,,0.06947604949878838,0.0,1.1555659770965576,0.06159972512521
scvi_matched,PBMC5k_GGGTAGATCTGTCAGA-1,NK,1,NK,0.0031942129135131836,,0.0009230474249860461,0.0,0.2524458169937134,0.04641250021957422
scvi_matched,PBMC5k_GGGTATTAGATTGGGC-1,CD14 Mono,1,CD14 Mono,0.0016795992851257324,,0.007811068534956334,0.0,0.02677999623119831,0.0020710377011830144
scvi_matched,PBMC5k_GGGTATTCATCCTTGC-1,CD16 Mono,1,CD16 Mono,0.0212668776512146,,0.004329963590870033,0.0,0.034738268703222275,0.006565066894664973
scvi_matched,PBMC5k_GGGTCACAGCACTAAA-1,CD4 Naive,1,CD4 Naive,0.3985000252723694,,0.101493404990606,0.19999999999999996,0.9982316493988037,0.13059178305380775
scvi_matched,PBMC5k_GGGTCACAGCGGTATG-1,CD8 TEM,1,CD8 TEM,0.14386671781539917,,0.14963964284796272,0.6,1.7850689888000488,0.14581131119511834
scvi_matched,PBMC5k_GGGTCACCAACTCGTA-1,ILC,0,CD4 TEM,0.1504717469215393,,0.0680592126956725,0.0,1.1501325368881226,0.04884814663237862
scvi_matched,PBMC5k_GGGTCACGTTATGGTC-1,CD4 TCM,1,CD4 TCM,0.08470654487609863,,0.028178933998095845,0.0,0.3854755759239197,0.03294236893179952
scvi_matched,PBMC5k_GGGTCACTCCCTGGTT-1,cDC2,1,cDC2,0.40923750400543213,,0.14184439910929902,0.4,0.7387276291847229,0.1748664136105546
scvi_matched,PBMC5k_GGGTCTGAGCTTTGTG-1,CD4 TCM,1,CD4 TCM,0.23649466037750244,,0.02904792113228627,0.0,0.5503355264663696,0.06657662805364148
scvi_matched,PBMC5k_GGGTCTGCAAACTCGT-1,CD14 Mono,1,CD14 Mono,0.016894280910491943,,0.0020888186717977694,0.0,0.07869528234004974,0.009259800389398883
scvi_matched,PBMC5k_GGGTCTGGTTGAGGAC-1,CD4 Naive,0,CD4 TCM,0.35629886388778687,,0.06172543916423223,0.0,0.8640553951263428,0.0834952907711632
scvi_matched,PBMC5k_GGGTGAACAAACCATC-1,CD14 Mono,1,CD14 Mono,0.005422234535217285,,0.00448767969137133,0.0,0.08557446300983429,0.007178126239381688
scvi_matched,PBMC5k_GGGTGAACAAATAGCA-1,CD4 TCM,1,CD4 TCM,0.20416194200515747,,0.0542099743041623,0.0,0.5542197823524475,0.029350029530992496
scvi_matched,PBMC5k_GGGTGAACATAAGATG-1,CD14 Mono,1,CD14 Mono,0.0034533143043518066,,0.008145024236526452,0.0,0.16114184260368347,0.027823485877147166
scvi_matched,PBMC5k_GGGTGAACATCTTCGC-1,CD4 TCM,0,CD4 Naive,0.4770236611366272,,0.05435498452868315,0.0,0.7625337243080139,0.08577204687468425
scvi_matched,PBMC5k_GGGTGAAGTTACCCAA-1,CD14 Mono,1,CD14 Mono,0.001136183738708496,,0.0007205031636861141,0.0,0.04877379164099693,0.006723679112174131
scvi_matched,PBMC5k_GGGTGAATCCCATTTA-1,CD4 TCM,1,CD4 TCM,0.02448064088821411,,0.020970394848314755,0.0,0.3585318624973297,0.05610279674093626
scvi_matched,PBMC5k_GGGTGTCAGGCGATAC-1,B naive,1,B naive,0.4831244945526123,,0.08656978958309702,0.4,0.649114727973938,0.19624822894227342
scvi_matched,PBMC5k_GGGTGTCCATGACTGT-1,gdT,1,gdT,0.1520569920539856,,0.21578136339850174,0.4,1.030500888824463,0.24481306100320593
scvi_matched,PBMC5k_GGGTTATCATGACAGG-1,CD14 Mono,1,CD14 Mono,0.009235382080078125,,0.0006792046095540211,0.0,0.17651095986366272,0.01925734455081265
scvi_matched,PBMC5k_GGGTTATTCATCGCAA-1,CD14 Mono,1,CD14 Mono,0.01681697368621826,,0.004459318892801836,0.0,0.18789583444595337,0.034915833671424736
scvi_matched,PBMC5k_GGGTTTAAGGTACTGG-1,CD4 TCM,1,CD4 TCM,0.011192142963409424,,0.0025616601226431945,0.0,0.16106827557086945,0.020702370059211064
scvi_matched,PBMC5k_GGGTTTAGTAGTGATA-1,Eryth,0,CD14 Mono,0.44165974855422974,,0.10101125206482714,0.0,0.5986485481262207,0.08543257905790712
scvi_matched,PBMC5k_GGGTTTAGTCCGACGT-1,ILC,0,gdT,0.6416947543621063,,0.27189034722372485,0.6,2.0368916988372803,0.06537938582007613
scvi_matched,PBMC5k_GGGTTTAGTGATAGTA-1,CD4 TEM,0,CD4 TCM,0.4776339530944824,,0.042093835225999854,0.0,0.9851436018943787,0.0696898580437723
scvi_matched,PBMC5k_GGGTTTAGTTGTGCAT-1,CD4 Naive,1,CD4 Naive,0.11128276586532593,,0.09653475680698498,0.0,0.7132962346076965,0.10284903338550759
scvi_matched,PBMC5k_GGTAACTAGACCATAA-1,CD14 Mono,1,CD14 Mono,0.008589029312133789,,0.04788133293778821,0.0,0.12075140327215195,0.00786325704406961
scvi_matched,PBMC5k_GGTAACTCAATTGAAG-1,B naive,1,B naive,0.2535960078239441,,0.05323666968298668,0.19999999999999996,0.8185426592826843,0.20856751934455764
scvi_matched,PBMC5k_GGTAACTCAGTTAGAA-1,NK,1,NK,0.0031183958053588867,,0.002687403266504986,0.0,0.033341482281684875,0.004573078522828163
scvi_matched,PBMC5k_GGTAACTGTGTATACC-1,CD4 TCM,1,CD4 TCM,0.025529921054840088,,0.004507363089280569,0.0,0.22956857085227966,0.022173191822804694
scvi_matched,PBMC5k_GGTAATCAGCATTGTC-1,CD8 TEM,1,CD8 TEM,0.24915701150894165,,0.058919228232300225,0.0,0.5216856002807617,0.0632667763908123
scvi_matched,PBMC5k_GGTAATCAGGACGCAT-1,NK,1,NK,0.016043126583099365,,0.015361877259090911,0.0,1.1647684574127197,0.1866848705028968
scvi_matched,PBMC5k_GGTAATCCACACTTAG-1,NK,1,NK,0.0003006458282470703,,0.00031480522660664624,0.0,0.024050524458289146,0.0024244752504280795
scvi_matched,PBMC5k_GGTAATCGTTTCGTGA-1,CD14 Mono,1,CD14 Mono,0.03749722242355347,,0.003602568437829523,0.0,0.13107194006443024,0.015122437160877288
scvi_matched,PBMC5k_GGTAATCTCCTATGGA-1,NK,1,NK,0.003954112529754639,,0.04949243494520672,0.0,0.9638200998306274,0.08761511169828352
scvi_matched,PBMC5k_GGTAGAGTCAGAGCGA-1,cDC2,1,cDC2,0.00018256902694702148,,7.710329917377204e-05,0.0,0.00035805022343993187,1.9457147278522437e-05
scvi_matched,PBMC5k_GGTCACGCATATTCGG-1,CD4 TEM,1,CD4 TEM,0.03902822732925415,,0.03489880103974918,0.0,0.45856770873069763,0.04412884177731551
scvi_matched,PBMC5k_GGTCACGCATCCGGCA-1,CD14 Mono,1,CD14 Mono,0.0050931572914123535,,0.0029378735643292644,0.0,0.06477861106395721,0.014072336572770494
scvi_matched,PBMC5k_GGTCACGCATTGTGCA-1,cDC2,1,cDC2,5.4955482482910156e-05,,2.731542897952213e-05,0.0,0.0011612118687480688,6.975619968396033e-05
scvi_matched,PBMC5k_GGTCACGGTGTGTCCG-1,CD14 Mono,1,CD14 Mono,0.0011050105094909668,,0.000345780739902643,0.0,0.011029301211237907,0.0003661439487132483
scvi_matched,PBMC5k_GGTCACGTCTGCATGA-1,CD14 Mono,1,CD14 Mono,0.011758029460906982,,0.001984495411878756,0.0,0.058859217911958694,0.005442153172573153
scvi_matched,PBMC5k_GGTCTGGGTAGCGCCT-1,CD14 Mono,1,CD14 Mono,0.004209697246551514,,0.005365423179197637,0.0,0.12225961685180664,0.016474195722575895
scvi_matched,PBMC5k_GGTCTGGGTATGTCAC-1,CD4 TEM,1,CD4 TEM,0.19381731748580933,,0.07529890872154865,0.4,1.1275217533111572,0.15783557290772207
scvi_matched,PBMC5k_GGTCTGGGTGAACTAA-1,NK,0,NK_CD56bright,0.34505796432495117,,0.06486291920584553,0.4,1.078644871711731,0.20277244552995122
scvi_matched,PBMC5k_GGTGAAGCACCGTCTT-1,CD4 TEM,0,CD8 TEM,0.5974997580051422,,0.19422621043074573,0.6,1.5972623825073242,0.11587791529132906
scvi_matched,PBMC5k_GGTGAAGCACTAGTAC-1,CD14 Mono,1,CD14 Mono,0.0013391971588134766,,0.0007929185429709201,0.0,0.016300341114401817,0.0005672769956731918
scvi_matched,PBMC5k_GGTGATTAGGCTTAAA-1,CD4 TCM,1,CD4 TCM,0.03434491157531738,,0.00778733160436082,0.0,0.2234395146369934,0.016343984101798225
scvi_matched,PBMC5k_GGTGATTCACCGCTAG-1,CD14 Mono,1,CD14 Mono,0.0006881952285766602,,0.00040157960890768816,0.0,0.007398827467113733,0.0009213581257663043
scvi_matched,PBMC5k_GGTGATTGTTGCAAGG-1,CD16 Mono,1,CD16 Mono,0.3551329970359802,,0.09065638289117611,0.0,0.44354164600372314,0.12039397033420429
scvi_matched,PBMC5k_GGTGGCTAGCACCCAC-1,CD4 TCM,0,CD4 TEM,0.5064396560192108,,0.042661699689289234,0.6,1.244384765625,0.10187401049341913
scvi_matched,PBMC5k_GGTGGCTAGCCACTCG-1,CD16 Mono,1,CD16 Mono,0.19277453422546387,,0.04850982823464256,0.0,0.08674877882003784,0.023005301227771908
scvi_matched,PBMC5k_GGTGGCTGTCGCGTTG-1,CD14 Mono,1,CD14 Mono,0.0916299819946289,,0.05680315405693026,0.4,1.2167994976043701,0.19528958212002615
scvi_matched,PBMC5k_GGTGGCTTCTTGTTAC-1,CD4 TCM,1,CD4 TCM,0.11830401420593262,,0.026190367597872466,0.0,0.7065783143043518,0.07557698702415114
scvi_matched,PBMC5k_GGTGTCGAGGTTAGTA-1,NK,1,NK,0.00011467933654785156,,0.00013865972725655984,0.0,0.0036386875435709953,0.00017768438969272143
scvi_matched,PBMC5k_GGTGTCGAGTAGATCA-1,NK,1,NK,0.000533759593963623,,0.0018219250933299985,0.0,0.21743053197860718,0.04500618581242112
scvi_matched,PBMC5k_GGTGTTACACTTGAAC-1,CD14 Mono,1,CD14 Mono,0.022450745105743408,,0.004798166675360836,0.0,0.07431791722774506,0.012808400927684713
scvi_matched,PBMC5k_GGTGTTATCCTCTGCA-1,CD4 TCM,1,CD4 TCM,0.13433116674423218,,0.015158959829648211,0.0,0.4194728136062622,0.0521003755248531
scvi_matched,PBMC5k_GGTTAACAGGCTCCCA-1,ILC,0,CD4 TCM,0.02780914306640625,,0.037459646916050804,0.0,0.5406388640403748,0.04269972128605816
scvi_matched,PBMC5k_GGTTAACCATAGTCGT-1,CD4 Naive,1,CD4 Naive,0.2785411477088928,,0.038520233692782235,0.0,0.5911725759506226,0.04584681005878533
scvi_matched,PBMC5k_GGTTAACCATCTGCGG-1,B naive,0,B intermediate,0.23979169130325317,,0.23536451579233386,0.4,1.1359857320785522,0.2669192698725775
scvi_matched,PBMC5k_GGTTAACGTCCAATCA-1,CD8 TEM,1,CD8 TEM,0.5556449592113495,,0.08186954310629324,0.6,1.343477725982666,0.282766272674966
scvi_matched,PBMC5k_GGTTAACTCGCCAGAC-1,CD14 Mono,1,CD14 Mono,0.0025992393493652344,,0.0006521821082621296,0.0,0.07841220498085022,0.014058232621274678
scvi_matched,PBMC5k_GGTTAACTCTGCTTTA-1,B intermediate,0,B memory,0.04336714744567871,,0.026962820550911815,0.0,0.34856531023979187,0.048380003598450676
scvi_matched,PBMC5k_GGTTCTCAGATCGCCC-1,B intermediate,0,B memory,0.4041929841041565,,0.09135711995574669,0.4,0.7937772870063782,0.15751453846801103
scvi_matched,PBMC5k_GGTTCTCGTCGGAAAC-1,CD14 Mono,1,CD14 Mono,0.0008884072303771973,,0.0009069788850750125,0.0,0.018351629376411438,0.0015396187618971343
scvi_matched,PBMC5k_GGTTGTAAGCGACCCT-1,CD4 Naive,1,CD4 Naive,0.5677030682563782,,0.11442091114798036,0.4,1.5721514225006104,0.2041842947142163
scvi_matched,PBMC5k_GGTTGTAGTAGACAGC-1,CD8 Naive,1,CD8 Naive,0.5488372445106506,,0.23491705856923617,0.19999999999999996,1.0375492572784424,0.28230172952864513
scvi_matched,PBMC5k_GGTTGTAGTCAACGCC-1,CD16 Mono,1,CD16 Mono,0.00024896860122680664,,5.357989492523873e-05,0.0,0.002543181646615267,0.0002998813884856498
scvi_matched,PBMC5k_GGTTGTAGTTTACTTC-1,MAIT,1,MAIT,0.2715834379196167,,0.18775978712828434,0.4,1.4770652055740356,0.2411398585961845
scvi_matched,PBMC5k_GGTTGTATCATGAGGG-1,NK,1,NK,0.0001671314239501953,,0.0004391678803144731,0.0,0.053317777812480927,0.009959338180309054
scvi_matched,PBMC5k_GGTTGTATCTTCCACG-1,NK,1,NK,0.015182197093963623,,0.0462575249490671,0.0,0.7249112129211426,0.1387863010829859
scvi_matched,PBMC5k_GTAACCATCATTTGTC-1,ILC,0,CD4 TCM,0.08711934089660645,,0.040362502508953124,0.0,0.8433145880699158,0.04926330078131356
scvi_matched,PBMC5k_GTAAGTCAGAGGATCC-1,CD14 Mono,1,CD14 Mono,0.0006430745124816895,,0.00028146313777497635,0.0,0.01031672116369009,0.0007938018703776759
scvi_matched,PBMC5k_GTAAGTCAGTAGTGCG-1,CD14 Mono,1,CD14 Mono,0.012396633625030518,,0.005529581383233617,0.0,0.0256352499127388,0.0027273409481842507
scvi_matched,PBMC5k_GTAAGTCGTTAAGGAT-1,NK,1,NK,0.0002041459083557129,,0.0004639353806494559,0.0,0.040363557636737823,0.0034376821474385484
scvi_matched,PBMC5k_GTAATCGAGATGAATC-1,B memory,1,B memory,0.08002138137817383,,0.01718354255103316,0.0,0.3259531259536743,0.06377802970036223
scvi_matched,PBMC5k_GTAATCGGTTGGCCTG-1,ILC,1,ILC,0.2892051339149475,,0.15808858124420566,0.19999999999999996,1.6823095083236694,0.04880395253496038
scvi_matched,PBMC5k_GTAATCGGTTTGATCG-1,B intermediate,0,B memory,0.11410081386566162,,0.03567674313724878,0.0,0.6507474184036255,0.13680812026400016
scvi_matched,PBMC5k_GTAATCGTCACACGAT-1,CD4 Naive,1,CD4 Naive,0.25109678506851196,,0.05171179797194003,0.0,1.2464637756347656,0.14239709752055862
scvi_matched,PBMC5k_GTAATGCCAATTAGGA-1,CD14 Mono,1,CD14 Mono,0.008777260780334473,,0.0013464086639301681,0.0,0.1150095984339714,0.016991564398087394
scvi_matched,PBMC5k_GTAATGCCATGGCTGC-1,CD14 Mono,1,CD14 Mono,0.002961397171020508,,0.0014917776707912764,0.0,0.009263944812119007,0.0004117228683939041
scvi_matched,PBMC5k_GTAATGCGTCCGGACT-1,CD14 Mono,1,CD14 Mono,0.08647763729095459,,0.026890568289410277,0.0,0.5611191987991333,0.08189087806132316
scvi_matched,PBMC5k_GTAATGCTCTGGGCGT-1,CD14 Mono,1,CD14 Mono,0.0009163618087768555,,0.0013469449497059555,0.0,0.014788596890866756,0.002231090706121718
scvi_matched,PBMC5k_GTACAACTCATGGAGG-1,B naive,1,B naive,0.0854872465133667,,0.045211360973230474,0.0,0.6049093008041382,0.11391728330760623
scvi_matched,PBMC5k_GTACAGTAGCCGATCC-1,CD14 Mono,1,CD14 Mono,0.0011578202247619629,,0.0012100444608158685,0.0,0.04850917309522629,0.005534492147900191
scvi_matched,PBMC5k_GTACAGTGTATGGGAC-1,CD4 TEM,0,CD4 TCM,0.5161842703819275,,0.10540591746245354,0.19999999999999996,1.055079460144043,0.1076452733297942
scvi_matched,PBMC5k_GTACAGTGTGGATCAG-1,CD16 Mono,1,CD16 Mono,0.02131873369216919,,0.03062904621556542,0.0,0.09778576344251633,0.018275561606098483
scvi_matched,PBMC5k_GTACAGTGTTCCCACT-1,NK,1,NK,0.0009198188781738281,,0.0008275581453783161,0.0,0.17517855763435364,0.023229434739494986
scvi_matched,PBMC5k_GTACAGTTCATGGAGG-1,CD14 Mono,1,CD14 Mono,0.00869983434677124,,0.008034242662306498,0.0,0.14156848192214966,0.02410479334087531
scvi_matched,PBMC5k_GTACAGTTCCATTGGA-1,CD4 TCM,0,CD4 TEM,0.4412115812301636,,0.10836454685072572,0.19999999999999996,1.1657049655914307,0.1180993115021011
scvi_matched,PBMC5k_GTACAGTTCCTCGATC-1,cDC2,1,cDC2,0.0050206780433654785,,0.0012694188714207008,0.0,0.03612527251243591,0.0013270581590524534
scvi_matched,PBMC5k_GTACAGTTCTAACACG-1,NK,1,NK,0.0013295412063598633,,0.015163822501512075,0.0,0.04090733081102371,0.0036536365092932387
scvi_matched,PBMC5k_GTAGAAACAATTTCTC-1,CD4 TCM,1,CD4 TCM,0.5182408094406128,,0.041256850536458556,0.0,0.5704107284545898,0.07439768633476436
scvi_matched,PBMC5k_GTAGATCAGTCTCTGA-1,Eryth,0,CD14 Mono,0.030634403228759766,,0.014565805278195676,0.0,0.23293599486351013,0.02683625989074865
scvi_matched,PBMC5k_GTAGATCCACTGTGAT-1,CD8 TEM,1,CD8 TEM,0.37486958503723145,,0.13130510369001702,0.0,0.9869862794876099,0.1490624555247303
scvi_matched,PBMC5k_GTAGATCGTGAGATAT-1,CD14 Mono,1,CD14 Mono,0.00028842687606811523,,0.00027625166499205267,0.0,0.0126181123778224,0.0010640849321871982
scvi_matched,PBMC5k_GTAGATCTCCATCGTC-1,CD4 Naive,1,CD4 Naive,0.03892034292221069,,0.03408890492115607,0.19999999999999996,0.5735678672790527,0.17422850926890102
scvi_matched,PBMC5k_GTAGCTACACTAACCA-1,CD14 Mono,1,CD14 Mono,0.0020889639854431152,,0.0009855534397352171,0.0,0.025736883282661438,0.0016169650147068377
scvi_matched,PBMC5k_GTAGCTACACTATCGA-1,CD14 Mono,1,CD14 Mono,0.001819014549255371,,0.003890895793142307,0.0,0.023751767352223396,0.0017490157474565255
scvi_matched,PBMC5k_GTAGCTACAGGTTCCG-1,B naive,1,B naive,0.31270426511764526,,0.10769730623856605,0.0,0.5632691979408264,0.10833720050554574
scvi_matched,PBMC5k_GTAGCTAGTCGCTGCA-1,CD4 TEM,1,CD4 TEM,0.43333518505096436,,0.04790109691609912,0.4,1.2651865482330322,0.12163256152013967
scvi_matched,PBMC5k_GTAGCTAGTTGGACTT-1,CD14 Mono,1,CD14 Mono,0.002754688262939453,,0.0010246532635133539,0.0,0.050866175442934036,0.003458841520244758
scvi_matched,PBMC5k_GTAGGAGCACTGTGTA-1,CD4 TEM,1,CD4 TEM,0.1193341612815857,,0.04632679943351947,0.0,0.9648799896240234,0.06141700969556369
scvi_matched,PBMC5k_GTAGGAGCAGCCCAGT-1,CD14 Mono,1,CD14 Mono,0.002560257911682129,,0.003619213206456945,0.0,0.011673537082970142,0.0017753856331612296
scvi_matched,PBMC5k_GTAGGAGGTAAGTAGT-1,NK,1,NK,0.03321099281311035,,0.010086826079466205,0.0,0.3970019817352295,0.07470952128761446
scvi_matched,PBMC5k_GTAGGAGGTATGATCC-1,CD8 TEM,1,CD8 TEM,0.5752973556518555,,0.22547267283247696,0.19999999999999996,1.2521979808807373,0.2522456016154485
scvi_matched,PBMC5k_GTAGGTTAGCACACCC-1,CD8 TEM,1,CD8 TEM,0.16112327575683594,,0.032492817895256376,0.0,1.0192099809646606,0.13104995962796728
scvi_matched,PBMC5k_GTAGGTTCATACACCA-1,CD4 Naive,1,CD4 Naive,0.2195865511894226,,0.1343658592634165,0.4,1.5476927757263184,0.06942431358760869
scvi_matched,PBMC5k_GTAGTACAGACCCTTA-1,CD4 TCM,1,CD4 TCM,0.38197845220565796,,0.046311328208995306,0.0,1.020053505897522,0.08098255363349943
scvi_matched,PBMC5k_GTAGTACCAAGACAAT-1,B memory,1,B memory,0.33906930685043335,,0.016319092923789413,0.0,0.4451811611652374,0.07271007448374656
scvi_matched,PBMC5k_GTATTGGAGCGCATCC-1,CD4 TEM,1,CD4 TEM,0.07590216398239136,,0.17934590158849606,0.0,0.7675496339797974,0.08862246317595775
scvi_matched,PBMC5k_GTATTGGCATGGAGAC-1,CD4 TCM,1,CD4 TCM,0.2954084277153015,,0.015179006163358766,0.0,0.739769458770752,0.06593328066760362
scvi_matched,PBMC5k_GTATTGGCATTCGGGC-1,CD14 Mono,1,CD14 Mono,0.0013384819030761719,,0.0007464417506369628,0.0,0.010954601690173149,0.0006166520059498336
scvi_matched,PBMC5k_GTATTGGGTCACCGCA-1,CD4 Naive,1,CD4 Naive,0.5205719470977783,,0.07974036821557007,0.4,1.2116961479187012,0.19836880135677726
scvi_matched,PBMC5k_GTATTGGTCCGTCACT-1,CD4 Naive,1,CD4 Naive,0.20468604564666748,,0.12461020346019847,0.0,0.7769302725791931,0.09677340209127716
scvi_matched,PBMC5k_GTATTGGTCGAGGCAA-1,cDC2,1,cDC2,0.35426515340805054,,0.14322313626692096,0.4,0.706779420375824,0.19822542722235995
scvi_matched,PBMC5k_GTATTTCAGTATGAAC-1,CD14 Mono,1,CD14 Mono,0.00042682886123657227,,0.0010647653317107115,0.0,0.021265726536512375,0.0012447089125198114
scvi_matched,PBMC5k_GTATTTCCACGTCATA-1,CD14 Mono,1,CD14 Mono,0.00025027990341186523,,0.00013722806300874805,0.0,0.0064026168547570705,0.0005175151190928904
scvi_matched,PBMC5k_GTATTTCGTCGAAGCA-1,CD14 Mono,1,CD14 Mono,0.029317617416381836,,0.002169448883696079,0.0,0.16345886886119843,0.02212247216281974
scvi_matched,PBMC5k_GTCAAACAGAGAGCCT-1,CD4 TCM,1,CD4 TCM,0.07462763786315918,,0.01677418644052525,0.0,0.5102446675300598,0.03187774327272155
scvi_matched,PBMC5k_GTCAAACGTAGCACAG-1,gdT,0,MAIT,0.2610360383987427,,0.1069074089922869,0.19999999999999996,0.9580017328262329,0.1323291457219588
scvi_matched,PBMC5k_GTCAAGTAGCCTAGGA-1,MAIT,1,MAIT,0.015678763389587402,,0.034174089938069196,0.0,0.287952721118927,0.025509930732436778
scvi_matched,PBMC5k_GTCAAGTAGTGCAACG-1,CD4 TEM,1,CD4 TEM,0.12988656759262085,,0.026468476947303032,0.0,1.1847782135009766,0.10361221827937814
scvi_matched,PBMC5k_GTCACGGTCACCCTCA-1,CD4 Naive,1,CD4 Naive,0.4082706570625305,,0.09067524959332007,0.19999999999999996,1.0139778852462769,0.0712727381909606
scvi_matched,PBMC5k_GTCACTCCAAACCGGA-1,CD14 Mono,1,CD14 Mono,0.010526597499847412,,0.0020050824288047886,0.0,0.05295003950595856,0.003152497355341202
scvi_matched,PBMC5k_GTCACTCCATGAGAAT-1,gdT,0,NK,0.05585247278213501,,0.15102535161971653,0.4,1.3280577659606934,0.043166443961580085
scvi_matched,PBMC5k_GTCACTCCATGTTCAG-1,CD4 TCM,0,dnT,0.7782108187675476,,0.28230764175598044,0.0,1.6003130674362183,0.10325306285161755
scvi_matched,PBMC5k_GTCACTCGTTCTCCTG-1,CD14 Mono,1,CD14 Mono,0.009908556938171387,,0.011096504506000165,0.0,0.027264533564448357,0.0025271477333780653
scvi_matched,PBMC5k_GTCACTCTCCGACATA-1,CD4 Naive,0,CD4 TCM,0.36520397663116455,,0.10154940229815601,0.19999999999999996,0.8888741731643677,0.16047791395687167
scvi_matched,PBMC5k_GTCACTCTCGTAATGC-1,cDC2,1,cDC2,0.08195579051971436,,0.018251429678190045,0.0,0.509175717830658,0.022776579906555624
scvi_matched,PBMC5k_GTCAGCGCAAATGCGG-1,CD4 Naive,1,CD4 Naive,0.17668700218200684,,0.039450258151735085,0.0,0.7323569059371948,0.05511471081716823
scvi_matched,PBMC5k_GTCAGCGTCTCTGCTG-1,NK,1,NK,0.00024372339248657227,,0.000294775433641376,0.0,0.022164996713399887,0.0022928394620276337
scvi_matched,PBMC5k_GTCATCCAGCGCTTCG-1,CD4 Naive,1,CD4 Naive,0.2060266137123108,,0.07137743748456082,0.0,0.8616726994514465,0.18475495005686043
scvi_matched,PBMC5k_GTCATCCAGCGTGTCC-1,CD14 Mono,1,CD14 Mono,0.0014170408248901367,,0.0004851323415137991,0.0,0.009282453916966915,0.0009886276093501684
scvi_matched,PBMC5k_GTCATCCAGTGCCCGT-1,Eryth,1,Eryth,0.12842470407485962,,0.02689020536468223,0.0,0.2855741083621979,0.03253407632839279
scvi_matched,PBMC5k_GTCATCCCAGCTTCCT-1,CD16 Mono,1,CD16 Mono,0.0022233128547668457,,0.0003914885958086669,0.0,0.006691357586532831,0.001251463090193
scvi_matched,PBMC5k_GTCATCCTCCGAGTGC-1,CD14 Mono,1,CD14 Mono,0.0007718801498413086,,0.0016408768986288826,0.0,0.011816869489848614,0.0013828320747752084
scvi_matched,PBMC5k_GTCATCCTCTGGTCAA-1,CD4 TEM,1,CD4 TEM,0.11546343564987183,,0.028098691295892375,0.0,0.7284950017929077,0.07725752672834751
scvi_matched,PBMC5k_GTCATGATCCTACCAC-1,NK,1,NK,9.202957153320312e-05,,9.204705282689699e-05,0.0,0.008313787169754505,0.0007544485473215167
scvi_matched,PBMC5k_GTCATTTCACATGTTG-1,CD16 Mono,1,CD16 Mono,0.0067018866539001465,,0.0006101061663660798,0.0,0.023826386779546738,0.002370535843852658
scvi_matched,PBMC5k_GTCATTTTCATCGGGC-1,CD14 Mono,1,CD14 Mono,0.0003622770309448242,,0.00048381888099193176,0.0,0.01037329901009798,0.0011259602556459574
scvi_matched,PBMC5k_GTCATTTTCGCTCATC-1,CD8 TEM,1,CD8 TEM,0.4919089078903198,,0.15267990458981395,0.0,0.5235649347305298,0.06378228004191713
scvi_matched,PBMC5k_GTCCACTAGCTCTGTA-1,CD14 Mono,1,CD14 Mono,0.003508150577545166,,0.00035629765617044284,0.0,0.026611248031258583,0.001587182129121288
scvi_matched,PBMC5k_GTCCACTGTCACGTGC-1,gdT,1,gdT,0.34507274627685547,,0.04678128080938537,0.19999999999999996,0.9621291160583496,0.1532637860746736
scvi_matched,PBMC5k_GTCCACTTCTCTCGAC-1,CD4 TEM,1,CD4 TEM,0.42488300800323486,,0.1558258118114898,0.19999999999999996,1.1782819032669067,0.19604916332465336
scvi_matched,PBMC5k_GTCCCATAGTCTACCA-1,CD14 Mono,1,CD14 Mono,0.0005849599838256836,,0.0006090731447102281,0.0,0.008249067701399326,0.0006615936760161484
scvi_matched,PBMC5k_GTCCCATGTCACATTG-1,B memory,1,B memory,0.05263853073120117,,0.005595731354707478,0.0,0.24210824072360992,0.05411618566312396
scvi_matched,PBMC5k_GTCCTCAAGATGACAT-1,CD14 Mono,1,CD14 Mono,0.001762986183166504,,0.0029341168595748493,0.0,0.03575308248400688,0.002097667378645693
scvi_matched,PBMC5k_GTCCTCATCCATCTCG-1,CD4 TEM,0,CD4 TCM,0.26327675580978394,,0.05569595459580989,0.0,0.8135756850242615,0.059729154657974064
scvi_matched,PBMC5k_GTCGAATAGATTACCC-1,CD4 TEM,1,CD4 TEM,0.26918983459472656,,0.04151449070259261,0.0,1.1836799383163452,0.09372247274878513
scvi_matched,PBMC5k_GTCGAATAGTAAACTG-1,cDC2,1,cDC2,0.0003139972686767578,,0.0002083227134132221,0.0,0.0015800927067175508,0.0001223451065790407
scvi_matched,PBMC5k_GTCGAATCACATACGT-1,CD4 TCM,1,CD4 TCM,0.14675521850585938,,0.05138300554456332,0.0,0.6968215107917786,0.07855235143104218
scvi_matched,PBMC5k_GTCGAATTCGCACGGT-1,B memory,1,B memory,0.42859238386154175,,0.04419765857090152,0.19999999999999996,0.6664713621139526,0.18159207469315952
scvi_matched,PBMC5k_GTCGCGAAGCACTCTA-1,CD16 Mono,1,CD16 Mono,0.0265657901763916,,0.005743971526165043,0.0,0.04833361133933067,0.013449687865657447
scvi_matched,PBMC5k_GTCGCGAAGCATGGGT-1,CD14 Mono,1,CD14 Mono,0.0007044076919555664,,0.0007402275423616274,0.0,0.011625216342508793,0.0007299581934635226
scvi_matched,PBMC5k_GTCGCGACAAGACGGT-1,CD14 Mono,1,CD14 Mono,0.0199739933013916,,0.03393636000139266,0.0,0.17825306951999664,0.008877377047324718
scvi_matched,PBMC5k_GTCGCGACACAGAAGC-1,CD4 TCM,1,CD4 TCM,0.3601459264755249,,0.10136787170266803,0.19999999999999996,1.278146743774414,0.16279961732997755
scvi_matched,PBMC5k_GTCGCGAGTCGCAACC-1,CD14 Mono,1,CD14 Mono,0.0012475252151489258,,0.000719898608440777,0.0,0.009790180251002312,0.0005792584661440644
scvi_matched,PBMC5k_GTCGCGATCAAAGGAT-1,CD14 Mono,1,CD14 Mono,0.005099296569824219,,0.0011062339948731525,0.0,0.02098480425775051,0.0017658007404385823
scvi_matched,PBMC5k_GTCGTAACAAAGCTCT-1,CD4 Naive,1,CD4 Naive,0.03392601013183594,,0.08761681531761512,0.19999999999999996,0.7172989249229431,0.1914177216833421
scvi_matched,PBMC5k_GTCGTAACATCTCAAG-1,B memory,1,B memory,0.04137063026428223,,0.018951823268509194,0.0,0.3065231442451477,0.055692748968177684
scvi_matched,PBMC5k_GTCGTAAGTATCGTGT-1,CD8 TEM,0,gdT,0.5187112390995026,,0.2737627618609948,0.4,1.4553980827331543,0.21624913353234154
scvi_matched,PBMC5k_GTCGTTCAGCAGCGAT-1,gdT,0,NK,0.05734282732009888,,0.3134171735957767,0.6,1.5826858282089233,0.047430912521272635
scvi_matched,PBMC5k_GTCGTTCAGGAACGCT-1,CD4 Naive,1,CD4 Naive,0.5023387968540192,,0.1481968797376505,0.0,1.151442527770996,0.10346364466309202
scvi_matched,PBMC5k_GTCGTTCAGTAGCCAG-1,CD4 TEM,1,CD4 TEM,0.13508909940719604,,0.03550273529638692,0.0,0.5523998737335205,0.04449310997810647
scvi_matched,PBMC5k_GTCGTTCCACTCCACT-1,CD14 Mono,1,CD14 Mono,0.0007143616676330566,,0.0005644648688829367,0.0,0.009374484419822693,0.0004418955655699809
scvi_matched,PBMC5k_GTCGTTCGTAGCTTAC-1,CD4 TCM,1,CD4 TCM,0.3327828645706177,,0.10506095943943627,0.0,0.9738501906394958,0.08617089569856425
scvi_matched,PBMC5k_GTCGTTCTCAGTCAGT-1,CD14 Mono,1,CD14 Mono,0.0014383196830749512,,0.0013910052516721248,0.0,0.056650977581739426,0.002706683413428167
scvi_matched,PBMC5k_GTCTACCCAGCAGTCC-1,Eryth,0,CD14 Mono,0.47516196966171265,,0.004687000327726731,0.4,0.6949858665466309,0.16303264285386362
scvi_matched,PBMC5k_GTCTACCTCAGACCCG-1,CD4 Naive,0,CD4 TCM,0.5124638080596924,,0.09226776129830427,0.4,1.3703644275665283,0.10288429589374054
scvi_matched,PBMC5k_GTCTAGATCACTCTTA-1,CD4 TEM,1,CD4 TEM,0.31274211406707764,,0.07802160726331953,0.4,1.1358352899551392,0.16245966228453376
scvi_matched,PBMC5k_GTCTAGATCCGTATGA-1,CD4 TCM,1,CD4 TCM,0.14195626974105835,,0.1087610870929383,0.0,0.8024929165840149,0.15405632993776966
scvi_matched,PBMC5k_GTCTAGATCTTCCCAG-1,CD14 Mono,1,CD14 Mono,0.0005815029144287109,,0.00036416729421427305,0.0,0.0047907112166285515,0.0005550893306251103
scvi_matched,PBMC5k_GTCTCACCAACCCGCA-1,CD14 Mono,1,CD14 Mono,0.0012730956077575684,,0.0013471012871168683,0.0,0.023804469034075737,0.0014351118680964992
scvi_matched,PBMC5k_GTCTCACCAGTCGCTG-1,CD14 Mono,1,CD14 Mono,0.002443075180053711,,0.0034852038923400136,0.0,0.037289924919605255,0.0018171036295019539
scvi_matched,PBMC5k_GTCTCACGTCTGTCCT-1,CD4 TEM,1,CD4 TEM,0.19037282466888428,,0.12678109541889038,0.19999999999999996,1.0393928289413452,0.1592272728341173
scvi_matched,PBMC5k_GTCTGTCAGAACTCCT-1,CD4 Naive,0,CD4 TCM,0.2574409246444702,,0.08132403393304921,0.19999999999999996,0.9941117763519287,0.11082891302291394
scvi_matched,PBMC5k_GTCTTTACACAAAGTA-1,CD4 TEM,0,CD4 TCM,0.44318217039108276,,0.04306484887757245,0.0,1.0058948993682861,0.09442923140291538
scvi_matched,PBMC5k_GTCTTTATCGCTCTAC-1,CD14 Mono,1,CD14 Mono,0.028304219245910645,,0.005564069117892881,0.0,0.05608036369085312,0.007556000859135473
scvi_matched,PBMC5k_GTCTTTATCGGAGTAG-1,B naive,0,B intermediate,0.5425895750522614,,0.14460773908105784,0.19999999999999996,0.9188058972358704,0.27691861143259866
scvi_matched,PBMC5k_GTGACGCAGGATGCGT-1,CD8 Naive,1,CD8 Naive,0.14648902416229248,,0.032262548066057106,0.0,0.14873839914798737,0.010456402186420905
scvi_matched,PBMC5k_GTGACGCGTCTCTCCA-1,CD16 Mono,1,CD16 Mono,0.02356576919555664,,0.006967391303116098,0.0,0.03226403146982193,0.008596856028769867
scvi_matched,PBMC5k_GTGACGCTCAACCTTT-1,CD14 Mono,1,CD14 Mono,0.0028406381607055664,,0.003236192255648633,0.0,0.016689250245690346,0.0009253743746001582
scvi_matched,PBMC5k_GTGACGCTCTTTCCGG-1,CD14 Mono,1,CD14 Mono,0.0005694031715393066,,0.0006868569166370367,0.0,0.017270954325795174,0.0013440296503310315
scvi_matched,PBMC5k_GTGAGCCTCCGTACGG-1,CD8 TEM,0,CD4 TEM,0.615685224533081,,0.23603300186928333,0.6,1.5657036304473877,0.14511907471505653
scvi_matched,PBMC5k_GTGAGGAAGCACCGTC-1,CD4 TCM,0,CD4 Naive,0.5469876229763031,,0.13727082035945815,0.0,1.0736231803894043,0.062027020497388494
scvi_matched,PBMC5k_GTGAGGACACGCAAAG-1,CD4 Naive,1,CD4 Naive,0.21979159116744995,,0.13858070636730901,0.0,1.0648702383041382,0.12357574580031462
scvi_matched,PBMC5k_GTGAGGACATTGTCGA-1,cDC2,1,cDC2,0.0004576444625854492,,0.00013544653355912527,0.0,0.012798584997653961,0.0009568171400127768
scvi_matched,PBMC5k_GTGAGGATCACGACTA-1,CD4 Naive,0,CD4 TCM,0.5199601650238037,,0.06808205991606131,0.4,1.1583871841430664,0.12059311282668589
scvi_matched,PBMC5k_GTGAGTTAGTGTCATC-1,CD14 Mono,1,CD14 Mono,0.008104383945465088,,0.0011393077585928058,0.0,0.05006476119160652,0.006086905732320472
scvi_matched,PBMC5k_GTGAGTTCACCCTAGG-1,CD4 TEM,0,CD4 Naive,0.30165672302246094,,0.1399339574309888,0.19999999999999996,1.2642813920974731,0.00912499513482758
scvi_matched,PBMC5k_GTGAGTTCAGGTACGA-1,CD4 TCM,1,CD4 TCM,0.6380803287029266,,0.24673950110572496,0.4,1.6007028818130493,0.11626211608276761
scvi_matched,PBMC5k_GTGAGTTGTCGACGCT-1,CD4 TCM,1,CD4 TCM,0.42590951919555664,,0.09848657769833524,0.0,0.8449587225914001,0.027239787576665536
scvi_matched,PBMC5k_GTGAGTTGTCGCTTGG-1,Eryth,1,Eryth,0.06988877058029175,,0.005929839796810776,0.0,0.5721067786216736,0.08022143743564454
scvi_matched,PBMC5k_GTGAGTTTCGAGAATA-1,NK,1,NK,0.003469526767730713,,0.0031251085187214978,0.0,0.13776865601539612,0.014088908425638721
scvi_matched,PBMC5k_GTGAGTTTCGGCTCTT-1,CD14 Mono,1,CD14 Mono,0.035545527935028076,,0.009899579885153886,0.0,0.36250948905944824,0.05999711649565648
scvi_matched,PBMC5k_GTGATGTAGGTTCACT-1,CD8 TEM,1,CD8 TEM,0.04432547092437744,,0.010438082591281761,0.0,0.5471785068511963,0.08723280712023267
scvi_matched,PBMC5k_GTGATGTGTAGATTAG-1,CD16 Mono,1,CD16 Mono,0.04476994276046753,,0.02196195859011474,0.0,0.046954307705163956,0.005788478853210692
scvi_matched,PBMC5k_GTGCACGCAGGCGATA-1,CD4 Naive,0,CD4 TCM,0.13306766748428345,,0.08436009649967668,0.0,0.7093179225921631,0.031937854694355554
scvi_matched,PBMC5k_GTGCACGTCCGAGTGC-1,gdT,0,MAIT,0.46986448764801025,,0.21322498508613075,0.4,1.2339280843734741,0.1693690350735712
scvi_matched,PBMC5k_GTGCACGTCGTCAGAT-1,CD14 Mono,1,CD14 Mono,0.024124205112457275,,0.04678699709424089,0.0,0.3632200360298157,0.031224935564903692
scvi_matched,PBMC5k_GTGCAGCAGTAATTGG-1,CD4 TEM,1,CD4 TEM,0.10426992177963257,,0.05745575005895043,0.0,0.9692497253417969,0.05784072054237059
scvi_matched,PBMC5k_GTGCAGCGTTTATGCG-1,CD14 Mono,1,CD14 Mono,0.0015337467193603516,,0.0031983971223979307,0.0,0.009412189945578575,0.0010140884251605183
scvi_matched,PBMC5k_GTGCGTGAGCGCATCC-1,gdT,0,NK,0.06932401657104492,,0.055757409729758844,0.4,1.1663246154785156,0.03676161709771811
scvi_matched,PBMC5k_GTGCGTGAGTCGAATA-1,CD14 Mono,1,CD14 Mono,0.06358778476715088,,0.016761471743696688,0.0,0.19340874254703522,0.028918329848897115
scvi_matched,PBMC5k_GTGCGTGAGTCGCGAA-1,CD16 Mono,0,CD14 Mono,0.3719625473022461,,0.11484361802548038,0.0,0.6446714401245117,0.12185210328612467
scvi_matched,PBMC5k_GTGCGTGGTGTATACC-1,CD14 Mono,1,CD14 Mono,0.005136311054229736,,0.0008049968838677868,0.0,0.07865758240222931,0.010518012464606662
scvi_matched,PBMC5k_GTGCTGGTCAAAGGAT-1,NK,1,NK,0.00017601251602172852,,0.00010486253732211893,0.0,0.04253547266125679,0.0076546742855289895
scvi_matched,PBMC5k_GTGCTTCCATACCATG-1,B naive,1,B naive,0.030953943729400635,,0.0052956821945795984,0.0,0.30569666624069214,0.0316550283571046
scvi_matched,PBMC5k_GTGCTTCGTACGATGG-1,cDC2,1,cDC2,0.0012894868850708008,,0.00030855438532833516,0.0,0.00183904729783535,9.594954662015168e-05
scvi_matched,PBMC5k_GTGCTTCTCTCTGCTG-1,NK,1,NK,0.0003217458724975586,,0.0005295619403605407,0.0,0.10220104455947876,0.00878585881170555
scvi_matched,PBMC5k_GTGGAAGGTAATCAAG-1,Treg,0,CD4 TCM,0.5606675744056702,,0.18823987003151843,0.0,1.38027822971344,0.06285837530459662
scvi_matched,PBMC5k_GTGGAAGGTACACGCC-1,B naive,1,B naive,0.015660524368286133,,0.0036689443682379475,0.0,0.12822625041007996,0.016266928323416807
scvi_matched,PBMC5k_GTGGAAGGTCGTCTCT-1,CD14 Mono,1,CD14 Mono,0.0005915164947509766,,0.000548022385770822,0.0,0.022091498598456383,0.0022852448922101687
scvi_matched,PBMC5k_GTGGAAGTCCTTCAGC-1,CD8 TEM,0,CD4 TEM,0.29154616594314575,,0.3516608914632047,0.6,1.7368123531341553,0.07174113833952225
scvi_matched,PBMC5k_GTGGAGAAGCCATGCC-1,CD4 TCM,1,CD4 TCM,0.09893673658370972,,0.047124540268821624,0.0,0.44850146770477295,0.04723921314637618
scvi_matched,PBMC5k_GTGGAGACACCGTACG-1,CD4 TEM,1,CD4 TEM,0.35012149810791016,,0.1142787340335254,0.19999999999999996,1.3296047449111938,0.15647632548189871
scvi_matched,PBMC5k_GTGGAGACAGGTCCGT-1,CD14 Mono,1,CD14 Mono,0.0018317699432373047,,0.0015269994251083559,0.0,0.01887698471546173,0.0014647318732228
scvi_matched,PBMC5k_GTGGAGAGTACGACAG-1,CD4 Naive,0,CD4 TCM,0.42608004808425903,,0.07603554976845583,0.19999999999999996,0.8740966320037842,0.13386788623834558
scvi_matched,PBMC5k_GTGGAGATCTGGGCCA-1,CD4 Naive,0,CD4 TCM,0.6699032187461853,,0.21536818868393848,0.6,1.8183276653289795,0.120002231094686
scvi_matched,PBMC5k_GTGGCGTCACGACCTG-1,CD14 Mono,1,CD14 Mono,0.0005404353141784668,,0.00041145281915928346,0.0,0.027747998014092445,0.004107229131494088
scvi_matched,PBMC5k_GTGGCGTGTAGGTTTC-1,NK,1,NK,0.0027639269828796387,,0.0020334097484608904,0.0,0.0591861754655838,0.008812455876581606
scvi_matched,PBMC5k_GTGGCGTTCTCGCTTG-1,CD14 Mono,1,CD14 Mono,0.01533883810043335,,0.03280912264089292,0.0,0.5567244291305542,0.10278901127756976
scvi_matched,PBMC5k_GTGGGAACAAGTACCT-1,CD16 Mono,1,CD16 Mono,0.01038968563079834,,0.0027926335112041546,0.0,0.016273340210318565,0.0030552014012496832
scvi_matched,PBMC5k_GTGGGAAGTAGGAGGG-1,CD4 TEM,0,CD4 TCM,0.41077572107315063,,0.06838542587061602,0.19999999999999996,1.1212559938430786,0.12090090315292061
scvi_matched,PBMC5k_GTGGGAATCACGACTA-1,CD14 Mono,1,CD14 Mono,0.037925004959106445,,0.042550900649598156,0.0,0.2119506150484085,0.02777119653172364
scvi_matched,PBMC5k_GTGGGAATCGCCAACG-1,CD4 Naive,0,CD4 TCM,0.19048678874969482,,0.1397758305782657,0.19999999999999996,1.3092310428619385,0.12095553960931782
scvi_matched,PBMC5k_GTGGTTAAGGTGGGTT-1,CD14 Mono,1,CD14 Mono,0.0017168521881103516,,0.007166739506535472,0.0,0.07931464165449142,0.0062590178430226365
scvi_matched,PBMC5k_GTGGTTACAACACAAA-1,CD14 Mono,1,CD14 Mono,0.02951347827911377,,0.04197249272271891,0.0,0.11026643216609955,0.007605259585731176
scvi_matched,PBMC5k_GTGGTTACAGCCTACG-1,CD4 Naive,0,CD4 TCM,0.41285794973373413,,0.1932203266310959,0.4,1.0328530073165894,0.1566344320004569
scvi_matched,PBMC5k_GTGGTTACATAGATGA-1,CD4 Naive,1,CD4 Naive,0.4061174988746643,,0.13146198965175193,0.4,1.4425321817398071,0.12740274023163126
scvi_matched,PBMC5k_GTGGTTAGTCACTACA-1,CD4 TCM,1,CD4 TCM,0.11525332927703857,,0.08809539099219932,0.19999999999999996,1.2913638353347778,0.2416145669268098
scvi_matched,PBMC5k_GTGGTTAGTGTATTGC-1,CD4 Naive,0,CD4 TCM,0.37575000524520874,,0.08405483876131736,0.19999999999999996,1.2475547790527344,0.12035528237678703
scvi_matched,PBMC5k_GTGGTTATCTTCGTGC-1,B naive,1,B naive,0.004928171634674072,,0.0006668402403141281,0.0,0.10590115934610367,0.01299905464122536
scvi_matched,PBMC5k_GTGTAACAGCTGCGAA-1,CD4 Naive,0,CD4 TCM,0.5244588851928711,,0.13326421322987847,0.19999999999999996,1.1348172426223755,0.1481206474166016
scvi_matched,PBMC5k_GTGTAACCACATTACG-1,CD14 Mono,1,CD14 Mono,0.005049467086791992,,0.002063885250901863,0.0,0.04723169654607773,0.005923491919199027
scvi_matched,PBMC5k_GTGTCCTAGGTTATAG-1,NK,1,NK,0.0011993646621704102,,0.004788611525846545,0.0,0.5708796381950378,0.13030891534491573
scvi_matched,PBMC5k_GTGTCCTCAGCTTTGA-1,CD4 TEM,1,CD4 TEM,0.09291499853134155,,0.0910437962019115,0.0,0.9715636968612671,0.053285016110142115
scvi_matched,PBMC5k_GTGTCCTGTAGATCCT-1,CD14 Mono,1,CD14 Mono,0.0009513497352600098,,0.0018855155689464498,0.0,0.06532128900289536,0.00948895971686703
scvi_matched,PBMC5k_GTGTGGCAGCTAAGTA-1,gdT,1,gdT,0.6886611878871918,,0.16431536568986194,0.0,1.222722053527832,0.05151481157917814
scvi_matched,PBMC5k_GTGTGGCCACCGAATT-1,NK,1,NK,0.00014472007751464844,,0.0013067775961482161,0.0,0.02624605968594551,0.0014112215834723052
scvi_matched,PBMC5k_GTGTGGCGTATGTGTC-1,CD14 Mono,1,CD14 Mono,0.04534834623336792,,0.04950791011067818,0.0,0.43511050939559937,0.0864222059949063
scvi_matched,PBMC5k_GTGTGGCTCAACTGGT-1,CD4 TCM,1,CD4 TCM,0.3101990222930908,,0.16394181392462337,0.4,1.520159363746643,0.05405666353972995
scvi_matched,PBMC5k_GTGTTAGCACACTTAG-1,cDC2,1,cDC2,0.00015270709991455078,,4.6605707890935016e-05,0.0,0.0003589127736631781,3.127344781370692e-05
scvi_matched,PBMC5k_GTGTTAGGTGCATGAG-1,Eryth,0,CD14 Mono,0.19859236478805542,,0.012226370417852572,0.0,0.43088796734809875,0.06442468862383187
scvi_matched,PBMC5k_GTGTTAGTCCCGAGTG-1,cDC2,1,cDC2,0.00018256902694702148,,9.774704233307977e-05,0.0,0.0009471556986682117,6.550270058077404e-05
scvi_matched,PBMC5k_GTGTTCCAGGTGCCTC-1,MAIT,1,MAIT,0.08577197790145874,,0.05070026232852243,0.0,0.6040140986442566,0.1179353452660284
scvi_matched,PBMC5k_GTGTTCCCACCTGCAG-1,CD14 Mono,1,CD14 Mono,0.0022023916244506836,,0.005989292979231398,0.0,0.053335387259721756,0.004145391941055775
scvi_matched,PBMC5k_GTGTTCCGTGCAAGAC-1,cDC2,1,cDC2,0.1847589612007141,,0.02739837734785472,0.0,0.45982104539871216,0.023648293408837985
scvi_matched,PBMC5k_GTGTTCCTCTACTGCC-1,CD14 Mono,1,CD14 Mono,0.00017130374908447266,,0.0002142521314619887,0.0,0.013595554046332836,0.0010677701116300013
scvi_matched,PBMC5k_GTTACAGAGCTTCATG-1,B intermediate,0,B memory,0.09735643863677979,,0.024555674624092416,0.0,0.558099627494812,0.08709534584470253
scvi_matched,PBMC5k_GTTACAGGTCATGACT-1,ILC,0,CD4 TCM,0.049796879291534424,,0.017232997474932038,0.0,0.3506774604320526,0.0417578655187975
scvi_matched,PBMC5k_GTTACAGTCCGGCTTT-1,CD16 Mono,1,CD16 Mono,0.013754606246948242,,0.0020821722746242957,0.0,0.05503281205892563,0.01055725213475954
scvi_matched,PBMC5k_GTTACAGTCTGCGGAC-1,CD4 Naive,1,CD4 Naive,0.14254826307296753,,0.17195317373241426,0.4,1.4918735027313232,0.1984209486257362
scvi_matched,PBMC5k_GTTACCCCAAACCACT-1,CD14 Mono,1,CD14 Mono,0.019412755966186523,,0.0039542359859202625,0.0,0.075897216796875,0.006538464112262734
scvi_matched,PBMC5k_GTTACCCCAAAGTATG-1,CD4 TCM,1,CD4 TCM,0.12867170572280884,,0.026402695218271544,0.0,0.4325462579727173,0.056825336297570486
scvi_matched,PBMC5k_GTTACCCCAGCTGGTC-1,CD14 Mono,1,CD14 Mono,0.02165520191192627,,0.003229803785829176,0.0,0.1006866917014122,0.01297664428598071
scvi_matched,PBMC5k_GTTACCCGTATCGATC-1,CD14 Mono,1,CD14 Mono,0.0014807581901550293,,0.0018741460117249302,0.0,0.024190057069063187,0.0029493608675050975
scvi_matched,PBMC5k_GTTACCCGTCTGTGCG-1,CD4 TEM,1,CD4 TEM,0.10552054643630981,,0.03365728386339495,0.0,0.8641589283943176,0.11690142222733473
scvi_matched,PBMC5k_GTTACCCTCACCACAA-1,CD4 Naive,1,CD4 Naive,0.37169545888900757,,0.1179587251828389,0.4,1.2343696355819702,0.2049556059343701
scvi_matched,PBMC5k_GTTACCCTCATCGACA-1,CD14 Mono,1,CD14 Mono,0.0003006458282470703,,0.0002893836791738021,0.0,0.006436833646148443,0.0006267152378617875
scvi_matched,PBMC5k_GTTACCCTCGCCTTGT-1,CD4 TCM,0,CD4 Naive,0.25044339895248413,,0.10026735595085312,0.0,0.9629215598106384,0.07312730953130002
scvi_matched,PBMC5k_GTTACGAAGGCACAAC-1,NK,1,NK,0.003978312015533447,,0.001769891441558917,0.0,0.2384374439716339,0.02894227554325351
scvi_matched,PBMC5k_GTTACGAAGTCAAGCG-1,CD4 TEM,1,CD4 TEM,0.41105371713638306,,0.06961570278716689,0.0,1.3015861511230469,0.08469585727254542
scvi_matched,PBMC5k_GTTACGAGTAGTCTTG-1,gdT,0,MAIT,0.32314836978912354,,0.23683717808014593,0.19999999999999996,1.3229880332946777,0.17824642455625805
scvi_matched,PBMC5k_GTTACGAGTATGAAAC-1,CD14 Mono,1,CD14 Mono,0.0007484555244445801,,0.0002854979041345832,0.0,0.009218655526638031,0.0007473823260591025
scvi_matched,PBMC5k_GTTACGAGTGAGTTGG-1,NK,1,NK,0.0026297569274902344,,0.0006334295178822072,0.0,0.21619677543640137,0.04954977404337278
scvi_matched,PBMC5k_GTTACGAGTGGGAGAG-1,B naive,1,B naive,0.42873114347457886,,0.08730959612847011,0.19999999999999996,0.8434497117996216,0.23272881735000486
scvi_matched,PBMC5k_GTTACGAGTGGTTTGT-1,CD8 TEM,1,CD8 TEM,0.3980138301849365,,0.09587078677158778,0.19999999999999996,1.4452955722808838,0.10214583457375372
scvi_matched,PBMC5k_GTTACGATCACAGTGT-1,ILC,0,CD4 TCM,0.49918073415756226,,0.12505480756273912,0.0,0.9895862340927124,0.032450786770967265
scvi_matched,PBMC5k_GTTACGATCTCGCTTG-1,B naive,1,B naive,0.32954108715057373,,0.08051601413233561,0.0,0.3429774045944214,0.08217576892293581
scvi_matched,PBMC5k_GTTAGACAGACAGCGT-1,ILC,1,ILC,0.6061594188213348,,0.13631002196636455,0.19999999999999996,1.2733335494995117,0.08321147128366503
scvi_matched,PBMC5k_GTTAGACAGCAGCACA-1,CD14 Mono,1,CD14 Mono,0.0015797615051269531,,0.0034826578486240045,0.0,0.051067054271698,0.002902979685843655
scvi_matched,PBMC5k_GTTAGACCATCTGCGG-1,ILC,1,ILC,0.6683968901634216,,0.1340648776312059,0.19999999999999996,1.3583546876907349,0.2530135513709746
scvi_matched,PBMC5k_GTTAGTGAGATCGCTT-1,CD8 TEM,0,CD8 TCM,0.5195335447788239,,0.19678112146340854,0.6,1.6727977991104126,0.06808942660269095
scvi_matched,PBMC5k_GTTAGTGGTACGGCAA-1,CD14 Mono,1,CD14 Mono,0.023230254650115967,,0.17847132036280722,0.0,0.20415757596492767,0.005514766671548537
scvi_matched,PBMC5k_GTTAGTGGTGTTCCAA-1,CD4 Naive,1,CD4 Naive,0.1351352334022522,,0.05206583355661354,0.0,1.0618985891342163,0.1495871866112388
scvi_matched,PBMC5k_GTTAGTGGTTACACAC-1,CD4 TEM,1,CD4 TEM,0.4716527462005615,,0.21050161251250943,0.4,1.5762726068496704,0.0790975842008722
scvi_matched,PBMC5k_GTTAGTGTCAAACGTC-1,CD4 TCM,0,CD4 Naive,0.3336641192436218,,0.06802499013062979,0.19999999999999996,1.3855791091918945,0.10536477800496737
scvi_matched,PBMC5k_GTTATGGGTTCGGCGT-1,NK,1,NK,0.00429987907409668,,0.0018153463298828873,0.0,0.025593359023332596,0.001923344899517088
scvi_matched,PBMC5k_GTTCATTAGCTGTACT-1,CD4 Naive,0,CD4 TCM,0.3717827796936035,,0.09102530158029154,0.0,0.8974507451057434,0.031933457187397214
scvi_matched,PBMC5k_GTTCATTCAGTTCACA-1,CD4 TEM,1,CD4 TEM,0.42327481508255005,,0.07173512511658031,0.0,0.8059234619140625,0.13815891913121456
scvi_matched,PBMC5k_GTTCATTCATGGCTGC-1,CD14 Mono,1,CD14 Mono,0.06910103559494019,,0.008919937898134611,0.0,0.19428861141204834,0.04443020356647733
scvi_matched,PBMC5k_GTTCATTGTATTGGCT-1,CD8 TEM,1,CD8 TEM,0.09369838237762451,,0.026949650425593275,0.0,0.6806849241256714,0.12444740887059536
scvi_matched,PBMC5k_GTTCATTTCAACGAGG-1,B naive,1,B naive,0.02663266658782959,,0.012771340094187372,0.0,0.6826823353767395,0.09613753297840325
scvi_matched,PBMC5k_GTTCCGTAGGTAAGTT-1,CD4 TEM,1,CD4 TEM,0.2325887680053711,,0.03011167809248172,0.0,0.875979483127594,0.06356075069618158
scvi_matched,PBMC5k_GTTCCGTAGTGTAGTA-1,CD14 Mono,1,CD14 Mono,0.0009742975234985352,,0.00034993435369583097,0.0,0.011127536185085773,0.0008249761067637769
scvi_matched,PBMC5k_GTTCGCTAGGTAGATT-1,CD4 TEM,1,CD4 TEM,0.2237265706062317,,0.2959919408026226,0.4,1.42924964427948,0.09205404468681819
scvi_matched,PBMC5k_GTTCTATAGAAGCTCG-1,NK,1,NK,0.010380089282989502,,0.014508517793851983,0.0,0.7597850561141968,0.18675970962255484
scvi_matched,PBMC5k_GTTCTATAGACCTGGA-1,CD8 Naive,1,CD8 Naive,0.6514522433280945,,0.22146118575530394,0.0,0.7191407084465027,0.17762547476407883
scvi_matched,PBMC5k_GTTGAACTCGATACTG-1,CD4 TCM,1,CD4 TCM,0.05923008918762207,,0.029840754466092523,0.0,0.42519086599349976,0.0108635389807058
scvi_matched,PBMC5k_GTTGAACTCGGATTAC-1,CD14 Mono,1,CD14 Mono,0.002812683582305908,,0.0008069150558215957,0.0,0.07963442802429199,0.009382895495562328
scvi_matched,PBMC5k_GTTGCGGAGGGCCCTT-1,CD4 TEM,1,CD4 TEM,0.3301963210105896,,0.07313455719613327,0.0,1.0515803098678589,0.12709837784297856
scvi_matched,PBMC5k_GTTGCGGAGTGGTTAA-1,CD4 TCM,1,CD4 TCM,0.0595129132270813,,0.0024713384882394107,0.0,0.40317192673683167,0.04020336539622776
scvi_matched,PBMC5k_GTTGCGGCAAAGAACT-1,CD4 Naive,1,CD4 Naive,0.5534558296203613,,0.09972954417200652,0.19999999999999996,1.1888471841812134,0.10049153543525384
scvi_matched,PBMC5k_GTTGCGGGTATGCAAA-1,CD4 TCM,1,CD4 TCM,0.11331307888031006,,0.020709984418083582,0.0,0.4133211076259613,0.02357912818075381
scvi_matched,PBMC5k_GTTGCGGGTCACGACC-1,CD14 Mono,1,CD14 Mono,0.0006248354911804199,,0.001083444935502005,0.0,0.018626995384693146,0.00175396177115883
scvi_matched,PBMC5k_GTTGCTCTCCACTAGA-1,CD4 TCM,1,CD4 TCM,0.21551764011383057,,0.01999397235708744,0.0,0.42285409569740295,0.019524557500610443
scvi_matched,PBMC5k_GTTGCTCTCCATTCGC-1,CD14 Mono,1,CD14 Mono,0.0002639889717102051,,0.0030160470660123423,0.0,0.05374489352107048,0.008639900591271558
scvi_matched,PBMC5k_GTTGCTCTCCGGCAAC-1,CD14 Mono,1,CD14 Mono,0.0005010366439819336,,0.0008317873700552821,0.0,0.0398285910487175,0.00965717410546714
scvi_matched,PBMC5k_GTTGTAGCAATAGTAG-1,CD8 TEM,1,CD8 TEM,0.43431395292282104,,0.1364362313793277,0.4,1.4186089038848877,0.14713552962623624
scvi_matched,PBMC5k_GTTGTAGCAGTAACCT-1,cDC2,1,cDC2,0.00049591064453125,,0.00011081990500126562,0.0,0.0003874705289490521,1.8635885710474798e-05
scvi_matched,PBMC5k_GTTGTAGCATCCCACT-1,CD4 TCM,1,CD4 TCM,0.0292627215385437,,0.025799166594657807,0.0,0.6503618955612183,0.11067587423738404
scvi_matched,PBMC5k_GTTGTCCAGAGTGGCT-1,CD4 TCM,1,CD4 TCM,0.09921896457672119,,0.0073878360192648485,0.0,0.28967541456222534,0.027400398081921865
scvi_matched,PBMC5k_GTTGTCCAGCGGGTAT-1,CD14 Mono,1,CD14 Mono,0.013396978378295898,,0.005993962622419011,0.0,0.04904806986451149,0.005391114288361987
scvi_matched,PBMC5k_GTTGTCCAGCTTAAGA-1,CD4 TCM,1,CD4 TCM,0.05757838487625122,,0.021304271031160005,0.0,0.4179033637046814,0.025966344811681457
scvi_matched,PBMC5k_GTTGTCCAGGTTGGAC-1,CD14 Mono,1,CD14 Mono,0.018755853176116943,,0.041384324733347966,0.0,0.49076589941978455,0.09905449906459893
scvi_matched,PBMC5k_GTTGTCCCAGTCGCAC-1,NK,1,NK,0.023640453815460205,,0.008549898931311375,0.0,0.4874666631221771,0.04659771915873567
scvi_matched,PBMC5k_GTTGTCCGTACTAGCT-1,CD8 Naive,1,CD8 Naive,0.70625239610672,,0.14696268781000343,0.0,0.7283178567886353,0.14175867649022791
scvi_matched,PBMC5k_GTTGTCCGTGGTCAAG-1,CD4 TEM,1,CD4 TEM,0.1673153042793274,,0.07097304304616447,0.0,1.1058681011199951,0.09856170760935334
scvi_matched,PBMC5k_GTTGTGAAGATAGTGT-1,CD14 Mono,1,CD14 Mono,0.006309151649475098,,0.0063122151008181,0.0,0.14999425411224365,0.014100463166930997
scvi_matched,PBMC5k_GTTGTGATCAACCTTT-1,CD14 Mono,1,CD14 Mono,0.10153138637542725,,0.0182424151881265,0.0,0.2004086673259735,0.03768049434887953
scvi_matched,PBMC5k_GTTGTGATCACGAGGA-1,CD4 TEM,0,CD4 TCM,0.31967687606811523,,0.03872042704264722,0.19999999999999996,1.1966290473937988,0.15885305588239043
scvi_matched,PBMC5k_GTTTACTCAATCTGCA-1,CD4 Naive,1,CD4 Naive,0.388824462890625,,0.06538867030477169,0.4,1.0635567903518677,0.20383119258766305
scvi_matched,PBMC5k_GTTTACTCACATTCGA-1,CD14 Mono,1,CD14 Mono,0.004605472087860107,,0.0017718116594223413,0.0,0.04461909085512161,0.0038996386242831516
scvi_matched,PBMC5k_GTTTACTCAGGACTTT-1,CD8 TEM,1,CD8 TEM,0.3609882593154907,,0.12711408118947198,0.0,0.7451767921447754,0.09077488271843345
scvi_matched,PBMC5k_GTTTACTCAGTAACGG-1,CD4 TCM,1,CD4 TCM,0.03795510530471802,,0.002984431564224982,0.0,0.12922145426273346,0.009876440954894143
scvi_matched,PBMC5k_GTTTACTTCGGCCCAA-1,CD16 Mono,1,CD16 Mono,0.018706023693084717,,0.01004137168690021,0.0,0.11533232778310776,0.04312916409619903
scvi_matched,PBMC5k_GTTTGGAAGTGGCGAT-1,CD14 Mono,1,CD14 Mono,0.0003794431686401367,,0.0003504915174341282,0.0,0.012140074744820595,0.0010818852752916275
scvi_matched,PBMC5k_GTTTGGACAATGGGTG-1,cDC2,1,cDC2,0.03141975402832031,,0.0030302366286224375,0.0,0.10224100202322006,0.0219982476614526
scvi_matched,PBMC5k_GTTTGGAGTAACTAAG-1,CD14 Mono,1,CD14 Mono,0.0003777742385864258,,0.0003425782841524755,0.0,0.008850346319377422,0.0006948959491618384
scvi_matched,PBMC5k_GTTTGGAGTCAGCGTC-1,CD4 Naive,1,CD4 Naive,0.09846800565719604,,0.05941971597324042,0.0,0.5308926105499268,0.07963120111799371
scvi_matched,PBMC5k_TAACACGAGAAGGTAG-1,CD4 Naive,1,CD4 Naive,0.29254990816116333,,0.152516284385404,0.0,1.3130820989608765,0.11885467142317616
scvi_matched,PBMC5k_TAACACGGTTCAAGTC-1,CD14 Mono,1,CD14 Mono,0.00048613548278808594,,0.0021952514463612176,0.0,0.011788969859480858,0.0008556811951977309
scvi_matched,PBMC5k_TAACACGTCATCGACA-1,CD4 Naive,0,CD4 TCM,0.6586268246173859,,0.2393058847665186,0.4,1.8324193954467773,0.17428745811098878
scvi_matched,PBMC5k_TAACACGTCCTAAGTG-1,CD4 TCM,0,CD4 Naive,0.16187649965286255,,0.08519969671423833,0.4,0.9236942529678345,0.113956861290239
scvi_matched,PBMC5k_TAACACGTCTTTCCGG-1,CD4 TEM,1,CD4 TEM,0.21369343996047974,,0.058413308931042573,0.0,0.7471709251403809,0.11532621239032634
scvi_matched,PBMC5k_TAACCAGTCAACTACG-1,ILC,0,CD4 TCM,0.4527548551559448,,0.055917907359115615,0.0,0.822577178478241,0.09831081433844786
scvi_matched,PBMC5k_TAACCAGTCGAGTGAG-1,B intermediate,0,B memory,0.32022714614868164,,0.10557628498283067,0.19999999999999996,0.7852563858032227,0.09028389426584871
scvi_matched,PBMC5k_TAACCAGTCGGAAGGT-1,Treg,0,CD4 TCM,0.4292494058609009,,0.05836293452786556,0.0,0.7538764476776123,0.032140777188526454
scvi_matched,PBMC5k_TAACGACCAGGAATAT-1,CD4 TEM,0,ILC,0.4658854007720947,,0.1097308780298839,0.19999999999999996,1.0653213262557983,0.11653862532633344
scvi_matched,PBMC5k_TAACGACTCAATCAGC-1,CD4 TCM,1,CD4 TCM,0.30342692136764526,,0.1425540180633793,0.0,1.2241919040679932,0.12277562821794641
scvi_matched,PBMC5k_TAACGACTCCTCAGAA-1,B memory,1,B memory,0.16279137134552002,,0.031906827296319884,0.0,0.5944435000419617,0.06566741270309695
scvi_matched,PBMC5k_TAACGACTCGCGGACT-1,gdT,0,MAIT,0.08030235767364502,,0.29472342661188355,0.0,0.8367111682891846,0.03673254907374201
scvi_matched,PBMC5k_TAACTTCAGGATTCAA-1,CD4 TEM,1,CD4 TEM,0.42584383487701416,,0.09393192760008184,0.4,1.443344235420227,0.18117201526856877
scvi_matched,PBMC5k_TAACTTCAGTGGTTGG-1,B naive,1,B naive,0.22464603185653687,,0.048666930919694984,0.0,0.3261958658695221,0.05960773598991441
scvi_matched,PBMC5k_TAACTTCGTAGACACG-1,CD4 TEM,1,CD4 TEM,0.1674308180809021,,0.10141949172827835,0.0,1.3170989751815796,0.07172197564304571
scvi_matched,PBMC5k_TAACTTCGTCTGCATA-1,CD14 Mono,1,CD14 Mono,0.0028183460235595703,,0.0015314066400456856,0.0,0.028805306181311607,0.002561577664520341
scvi_matched,PBMC5k_TAACTTCGTGGCTTGC-1,CD4 Naive,1,CD4 Naive,0.2822089195251465,,0.058856365353341045,0.0,0.8285602927207947,0.0693089993405169
scvi_matched,PBMC5k_TAACTTCGTTAGCTAC-1,NK,1,NK,0.001892685890197754,,0.0010166106806816094,0.0,0.058321963995695114,0.008304460832214582
scvi_matched,PBMC5k_TAACTTCTCAAGCCGC-1,CD4 Naive,1,CD4 Naive,0.11200368404388428,,0.17522677452722135,0.4,1.1778573989868164,0.23125190461975964
scvi_matched,PBMC5k_TAAGCCAAGGGACAGG-1,ILC,0,CD4 TEM,0.5183781683444977,,0.07873388968908523,0.19999999999999996,1.182868480682373,0.06964112473121657
scvi_matched,PBMC5k_TAAGCCAGTTCCGTTC-1,CD14 Mono,1,CD14 Mono,0.0026195645332336426,,0.00941677140505693,0.0,0.03007502295076847,0.001071452999916081
scvi_matched,PBMC5k_TAAGCGTCAGCGCTTG-1,B naive,0,B intermediate,0.22880852222442627,,0.2256131375266145,0.0,0.7160693407058716,0.14007246404890988
scvi_matched,PBMC5k_TAAGCGTGTATGGTTC-1,B naive,1,B naive,0.4095568060874939,,0.08919912430053845,0.0,0.7171480059623718,0.12130262857221352
scvi_matched,PBMC5k_TAAGCGTGTCATGGCC-1,CD4 Naive,0,CD4 TCM,0.4322594404220581,,0.05503255865000822,0.4,1.1690411567687988,0.1084733458933693
scvi_matched,PBMC5k_TAAGCGTGTGGACCAA-1,NK_CD56bright,1,NK_CD56bright,0.15062636137008667,,0.05831515561761558,0.4,1.100383996963501,0.16748445841117193
scvi_matched,PBMC5k_TAAGCGTTCCGCTTAC-1,ILC,0,CD4 TEM,0.3675103187561035,,0.14230186196076167,0.19999999999999996,1.6077643632888794,0.08316524253964469
scvi_matched,PBMC5k_TAAGTCGAGCCTCTGG-1,CD4 TCM,1,CD4 TCM,0.2602671980857849,,0.03965158168253813,0.0,0.7620534300804138,0.02578283896517178
scvi_matched,PBMC5k_TAAGTCGCAAATCAGA-1,CD14 Mono,1,CD14 Mono,0.0025374889373779297,,0.0007597543472119689,0.0,0.08336888253688812,0.00949797988706307
scvi_matched,PBMC5k_TAAGTCGGTCCAACGC-1,CD4 TEM,0,CD4 TCM,0.45356500148773193,,0.0422455459556077,0.0,0.9180856943130493,0.12427481368675795
scvi_matched,PBMC5k_TAAGTCGGTCGTCATA-1,CD8 TEM,0,CD8 TCM,0.28439295291900635,,0.15144051960164484,0.4,1.3316222429275513,0.05011084847271778
scvi_matched,PBMC5k_TAAGTCGGTTGCGGCT-1,CD4 TCM,1,CD4 TCM,0.3416743874549866,,0.07263760698859334,0.0,0.581500232219696,0.05460498105460669
scvi_matched,PBMC5k_TAAGTCGTCTTCTGTA-1,CD4 TEM,1,CD4 TEM,0.17627012729644775,,0.04257543324643942,0.0,0.8825318217277527,0.08360232884931888
scvi_matched,PBMC5k_TAATCTCAGCTTGTTG-1,B memory,1,B memory,0.12876152992248535,,0.08957409643836606,0.0,0.38187798857688904,0.0268577350473494
scvi_matched,PBMC5k_TAATCTCGTAGTATAG-1,CD4 Naive,1,CD4 Naive,0.05332750082015991,,0.01838550075681239,0.0,0.27579957246780396,0.02930301751216641
scvi_matched,PBMC5k_TAATCTCTCCGTATGA-1,CD16 Mono,0,CD14 Mono,0.009323716163635254,,0.035512587749645,0.0,0.5017958283424377,0.09366164202204268
scvi_matched,PBMC5k_TAATTCCGTAGGGTAC-1,CD4 TCM,1,CD4 TCM,0.3238573670387268,,0.024829331818470468,0.0,0.4484632611274719,0.029963417186088102
scvi_matched,PBMC5k_TAATTCCGTCGAAGCA-1,B memory,1,B memory,0.012546300888061523,,0.008162088449106292,0.0,0.30256661772727966,0.05432328855303969
scvi_matched,PBMC5k_TAATTCCGTGAGGATC-1,CD14 Mono,1,CD14 Mono,0.003961801528930664,,0.0018534613816639858,0.0,0.04075528681278229,0.006062420593236731
scvi_matched,PBMC5k_TACAACGTCCTCACGT-1,CD4 TCM,0,CD4 Naive,0.2480717897415161,,0.1728482350202739,0.0,0.8137675523757935,0.019270774160300676
scvi_matched,PBMC5k_TACAACGTCGATGCAT-1,CD4 Naive,1,CD4 Naive,0.05502110719680786,,0.01750010939917651,0.0,0.43245354294776917,0.031207586573690462
scvi_matched,PBMC5k_TACAACGTCGGAGTGA-1,CD14 Mono,1,CD14 Mono,0.0005384087562561035,,0.001386037240291807,0.0,0.012790263630449772,0.0008707643298611846
scvi_matched,PBMC5k_TACACCCAGGTCGCCT-1,NK,1,NK,0.0015114545822143555,,0.005030890794833584,0.0,0.17170283198356628,0.01806608845510983
scvi_matched,PBMC5k_TACACCCGTTGCTCCT-1,NK,1,NK,0.005976855754852295,,0.006639672750287567,0.0,0.20912443101406097,0.04343309930772546
scvi_matched,PBMC5k_TACAGGTAGCTCCCTT-1,CD14 Mono,1,CD14 Mono,0.01623666286468506,,0.02779371333154637,0.0,0.17494945228099823,0.047818611850395716
scvi_matched,PBMC5k_TACAGGTAGGCCATAG-1,B naive,1,B naive,0.07416820526123047,,0.01486686793498937,0.0,0.5990039706230164,0.141120933724749
scvi_matched,PBMC5k_TACAGGTAGGGAGAAT-1,CD14 Mono,1,CD14 Mono,0.0002924799919128418,,0.00032627067606236845,0.0,0.011866824701428413,0.0009765327648913197
scvi_matched,PBMC5k_TACAGGTCAATTGCGT-1,CD4 Naive,1,CD4 Naive,0.2642979621887207,,0.10438011191120744,0.0,0.9829011559486389,0.13017247649568392
scvi_matched,PBMC5k_TACAGGTGTCAACACT-1,CD14 Mono,1,CD14 Mono,0.0009696483612060547,,0.0004751278820443166,0.0,0.008306681178510189,0.0006799836492981399
scvi_matched,PBMC5k_TACAGGTTCTGTCAGA-1,B intermediate,0,B memory,0.2584499716758728,,0.024299370772982054,0.0,0.5571576356887817,0.10046601186025765
scvi_matched,PBMC5k_TACATTCAGTTGCGAG-1,ILC,0,CD4 TEM,0.5181614458560944,,0.0696386529456865,0.4,1.1153031587600708,0.08053238139972997
scvi_matched,PBMC5k_TACATTCCAAATCAGA-1,NK,1,NK,0.010318338871002197,,0.013840692017670464,0.0,0.823990523815155,0.17056375470684781
scvi_matched,PBMC5k_TACATTCCACGCGTGT-1,CD14 Mono,1,CD14 Mono,0.0013048052787780762,,0.0005563990260370293,0.0,0.020575150847434998,0.0014924229647170911
scvi_matched,PBMC5k_TACATTCGTCTGATAC-1,CD14 Mono,1,CD14 Mono,0.001352846622467041,,0.0003264285367381948,0.0,0.01266277115792036,0.0009359227255983462
scvi_matched,PBMC5k_TACATTCTCCAAGCCG-1,CD4 Naive,1,CD4 Naive,0.16896700859069824,,0.07831786050667255,0.0,0.9931684732437134,0.08205223838559814
scvi_matched,PBMC5k_TACATTCTCGTACCTC-1,ILC,0,CD4 TCM,0.520500659942627,,0.03934895855498499,0.0,0.7992991209030151,0.11682770744740867
scvi_matched,PBMC5k_TACCCACAGTGGTTGG-1,CD4 TEM,1,CD4 TEM,0.08482891321182251,,0.02860072938060676,0.0,0.6013882160186768,0.06437548374582823
scvi_matched,PBMC5k_TACCCACGTCCATCTC-1,B intermediate,1,B intermediate,0.020395278930664062,,0.18408662718414526,0.0,0.5063607096672058,0.08365955475800499
scvi_matched,PBMC5k_TACCCGTCAAACGGCA-1,cDC2,1,cDC2,0.12203794717788696,,0.03135718568110735,0.0,0.09970658272504807,0.01198826587748484
scvi_matched,PBMC5k_TACCCGTCAGACCGCT-1,CD4 TCM,0,CD4 Naive,0.43111759424209595,,0.04954739364392102,0.0,1.0903246402740479,0.0623263862566391
scvi_matched,PBMC5k_TACCGAAAGCGCTGAA-1,CD4 TCM,1,CD4 TCM,0.3000600337982178,,0.08920085254178645,0.0,0.7189245820045471,0.06411548496076744
scvi_matched,PBMC5k_TACCGAACAGCTGTCG-1,CD8 Naive,1,CD8 Naive,0.4614039659500122,,0.17897727790832363,0.0,0.9635410308837891,0.14679091817089304
scvi_matched,PBMC5k_TACCGAAGTCATTCCC-1,CD14 Mono,1,CD14 Mono,0.0010460615158081055,,0.0010745471193758984,0.0,0.007632272318005562,0.0007896527913628919
scvi_matched,PBMC5k_TACCGAAGTCCAAATC-1,CD16 Mono,1,CD16 Mono,0.0015527606010437012,,0.0010560930379260956,0.0,0.018196815624833107,0.004673018178079434
scvi_matched,PBMC5k_TACCGGGAGGGTTAAT-1,cDC2,1,cDC2,0.0001474618911743164,,8.329135998428184e-05,0.0,0.0005534563679248095,3.7492532589249544e-05
scvi_matched,PBMC5k_TACCGGGCAACCGACC-1,CD14 Mono,1,CD14 Mono,0.000324249267578125,,0.0006228827831918308,0.0,0.01630803942680359,0.0017563752373162859
scvi_matched,PBMC5k_TACCTCGAGACCGTTT-1,CD16 Mono,0,CD14 Mono,0.18575209379196167,,0.10260924553363959,0.4,0.8768821954727173,0.213089514461419
scvi_matched,PBMC5k_TACCTCGAGGTAGTAT-1,NK,1,NK,0.0010223388671875,,0.0006269688640966296,0.0,0.021237000823020935,0.0017974533372615497
scvi_matched,PBMC5k_TACCTCGCAATATCCG-1,CD4 TEM,1,CD4 TEM,0.6195579469203949,,0.17438302555408303,0.19999999999999996,1.0390242338180542,0.19487779273036876
scvi_matched,PBMC5k_TACCTCGCAATCCTAG-1,CD14 Mono,1,CD14 Mono,0.005951642990112305,,0.005594662031768588,0.0,0.09842497855424881,0.019575985051132744
scvi_matched,PBMC5k_TACCTCGCACGCGTGT-1,B intermediate,1,B intermediate,0.26966506242752075,,0.07449237545623466,0.19999999999999996,0.9756373167037964,0.11556386268258267
scvi_matched,PBMC5k_TACCTCGGTCCGACGT-1,CD14 Mono,1,CD14 Mono,0.0014265775680541992,,0.0010982981097968393,0.0,0.049117717891931534,0.005162771856910004
scvi_matched,PBMC5k_TACCTCGGTTGGGAAC-1,B memory,1,B memory,0.33297497034072876,,0.036355016847786026,0.0,0.42094916105270386,0.08624389460824647
scvi_matched,PBMC5k_TACCTGCAGGATTTGA-1,CD4 TEM,0,gdT,0.593142956495285,,0.19227673816081592,0.4,1.585740566253662,0.13457134938915158
scvi_matched,PBMC5k_TACCTGCCACATTCTT-1,CD8 TEM,1,CD8 TEM,0.3603948950767517,,0.13310481379197336,0.19999999999999996,1.2950187921524048,0.1122554769584985
scvi_matched,PBMC5k_TACCTGCGTTGAGGAC-1,ILC,1,ILC,0.051011860370635986,,0.2850547610680515,0.4,1.4911432266235352,0.12011347242615233
scvi_matched,PBMC5k_TACCTGCTCCGTAATG-1,CD14 Mono,1,CD14 Mono,0.001467585563659668,,0.004952637442539765,0.0,0.045829758048057556,0.004198380642207871
scvi_matched,PBMC5k_TACGCTCAGTCATTGC-1,CD4 TCM,1,CD4 TCM,0.1542208194732666,,0.07026581219114858,0.0,0.8043801188468933,0.13635258031803274
scvi_matched,PBMC5k_TACGGGCAGAGTTGCG-1,CD4 Naive,1,CD4 Naive,0.10744327306747437,,0.04909782437624477,0.0,0.6677366495132446,0.04306258147509462
scvi_matched,PBMC5k_TACGGGCCACCTCTGT-1,CD16 Mono,1,CD16 Mono,0.002945423126220703,,0.0006858068983496574,0.0,0.0044065737165510654,0.00043227682603606935
scvi_matched,PBMC5k_TACGGGCCAGACACCC-1,CD14 Mono,1,CD14 Mono,0.0008065104484558105,,0.0003853801185875923,0.0,0.013116405345499516,0.0017063320948040477
scvi_matched,PBMC5k_TACGGGCTCGTGGACC-1,CD8 TCM,0,CD4 TEM,0.6447235643863678,,0.2838306855257082,0.4,1.4348745346069336,0.12336489974214941
scvi_matched,PBMC5k_TACGGTAAGGGAGGTG-1,B naive,1,B naive,0.4384689927101135,,0.18416061599157818,0.0,0.5876842737197876,0.14550541314940688
scvi_matched,PBMC5k_TACGGTAAGGTAAAGG-1,CD8 TEM,0,CD4 TEM,0.27538299560546875,,0.24233778673861983,0.6,1.6837881803512573,0.021171748855577783
scvi_matched,PBMC5k_TACGGTACAAAGAGTT-1,CD14 Mono,1,CD14 Mono,0.0006725788116455078,,0.00019466312808217277,0.0,0.009841132909059525,0.001259588017508894
scvi_matched,PBMC5k_TACGGTACACATAACC-1,CD4 Naive,0,CD4 TCM,0.4743698835372925,,0.07465381050040731,0.4,0.8870075941085815,0.2670353132500557
scvi_matched,PBMC5k_TACGGTACATGACGGA-1,Treg,0,CD4 Naive,0.6627552211284637,,0.16301924017682135,0.19999999999999996,1.7024673223495483,0.04783897117301227
scvi_matched,PBMC5k_TACGGTATCTACGCAA-1,cDC2,1,cDC2,0.004612624645233154,,0.0005970055205679042,0.0,0.007347919046878815,0.00042338359327730266
scvi_matched,PBMC5k_TACGTCCAGATCCGAG-1,CD4 TCM,1,CD4 TCM,0.40656858682632446,,0.04109882665017339,0.0,0.765583872795105,0.12563395863368335
scvi_matched,PBMC5k_TACGTCCAGCATGATA-1,CD4 TEM,1,CD4 TEM,0.2963296175003052,,0.07734720372804071,0.0,0.9905816316604614,0.11300151736820321
scvi_matched,PBMC5k_TACGTCCGTAGTCTTG-1,NK,1,NK,3.993511199951172e-05,,0.00011420490131682165,0.0,0.025665156543254852,0.0016254146085051386
scvi_matched,PBMC5k_TACGTCCTCAGTGATC-1,CD4 TEM,1,CD4 TEM,0.2805439829826355,,0.0588291914079766,0.0,1.106546401977539,0.09384973855096451
scvi_matched,PBMC5k_TACTGCCAGTATAGAC-1,Treg,1,Treg,0.5708620250225067,,0.04327486449936413,0.4,1.0750917196273804,0.0908718003880945
scvi_matched,PBMC5k_TACTGCCAGTATTAGG-1,CD14 Mono,1,CD14 Mono,0.0030735135078430176,,0.0015373751800194825,0.0,0.06134679168462753,0.004524330557664674
scvi_matched,PBMC5k_TACTGCCGTTGCCAAT-1,CD8 TEM,1,CD8 TEM,0.07269406318664551,,0.020360777430483923,0.0,0.48488855361938477,0.09715215305708498
scvi_matched,PBMC5k_TACTTACAGTATTAGG-1,CD14 Mono,1,CD14 Mono,0.0057662129402160645,,0.0007757049225711882,0.0,0.06677156686782837,0.007491677469219753
scvi_matched,PBMC5k_TACTTACCAATAGGAT-1,CD8 TEM,1,CD8 TEM,0.4148904085159302,,0.08210644847723214,0.4,1.607419490814209,0.15192764471083134
scvi_matched,PBMC5k_TACTTACCACAGCCAC-1,cDC2,1,cDC2,0.2845339775085449,,0.04306733137865515,0.0,0.6461275219917297,0.09101735865794083
scvi_matched,PBMC5k_TACTTACCACTTTAGG-1,CD14 Mono,1,CD14 Mono,0.003283083438873291,,0.0030469684044610243,0.0,0.02769358456134796,0.0032692712198015817
scvi_matched,PBMC5k_TACTTACGTCCAGCGT-1,CD4 Naive,1,CD4 Naive,0.18189853429794312,,0.22341328763613877,0.19999999999999996,1.0063380002975464,0.18063748916165834
scvi_matched,PBMC5k_TACTTACTCGTGTCAA-1,gdT,1,gdT,0.38708460330963135,,0.11869270784423647,0.4,0.9628096222877502,0.2126351570684214
scvi_matched,PBMC5k_TACTTGTAGACTCGAG-1,CD4 TCM,1,CD4 TCM,0.27403688430786133,,0.13619222895183913,0.4,1.2848095893859863,0.21974739712493296
scvi_matched,PBMC5k_TACTTGTAGTATTAGG-1,cDC2,1,cDC2,0.0021834373474121094,,0.0005695912015733053,0.0,0.040869344025850296,0.003708826289818267
scvi_matched,PBMC5k_TACTTGTGTTGCTAGT-1,gdT,0,CD8 TEM,0.5328433811664581,,0.22460700910255604,0.6,1.8020437955856323,0.0995364763568501
scvi_matched,PBMC5k_TACTTGTTCCATTGCC-1,CD14 Mono,1,CD14 Mono,0.00023216009140014648,,0.00031571013669292377,0.0,0.015854939818382263,0.0017861315451692592
scvi_matched,PBMC5k_TACTTGTTCTATCGGA-1,CD4 Naive,1,CD4 Naive,0.26707911491394043,,0.05182673611034083,0.19999999999999996,1.0365186929702759,0.14881494680154708
scvi_matched,PBMC5k_TAGACCAAGGCACAAC-1,CD4 TCM,1,CD4 TCM,0.0568501353263855,,0.02980471127480505,0.0,0.34417635202407837,0.03275272261116653
scvi_matched,PBMC5k_TAGACCACACAACCGC-1,Eryth,1,Eryth,0.02744394540786743,,0.05863967363388267,0.0,0.48658907413482666,0.09760911984080543
scvi_matched,PBMC5k_TAGACCAGTCATTCCC-1,CD4 TEM,0,CD4 TCM,0.1581568717956543,,0.03051416417377706,0.19999999999999996,0.9992272853851318,0.027503526282936525
scvi_matched,PBMC5k_TAGACTGCAAATAAGC-1,CD14 Mono,1,CD14 Mono,0.0013521313667297363,,0.00025623185851699447,0.0,0.015441437251865864,0.0012002370671918348
scvi_matched,PBMC5k_TAGACTGTCTAGCCAA-1,CD4 Naive,1,CD4 Naive,0.19965016841888428,,0.07976044216434319,0.19999999999999996,1.1123586893081665,0.14679375457271066
scvi_matched,PBMC5k_TAGAGTCAGATGCTGG-1,Eryth,1,Eryth,0.09553658962249756,,0.01563883159053925,0.0,0.38823559880256653,0.058382759799213986
scvi_matched,PBMC5k_TAGAGTCAGCAGCACA-1,CD14 Mono,1,CD14 Mono,0.0006846189498901367,,0.00024660208826522614,0.0,0.011290165595710278,0.0009138718542660179
scvi_matched,PBMC5k_TAGAGTCAGCTCCGAC-1,CD14 Mono,1,CD14 Mono,0.00037741661071777344,,0.0109745867316395,0.0,0.02999340184032917,0.006336002438315155
scvi_matched,PBMC5k_TAGAGTCTCTAGGAAA-1,CD4 Naive,1,CD4 Naive,0.27924078702926636,,0.06183565244170541,0.19999999999999996,1.4416310787200928,0.14303108102158663
scvi_matched,PBMC5k_TAGATCGCAACCACAT-1,CD14 Mono,1,CD14 Mono,0.0007758140563964844,,0.00054309148965433,0.0,0.0053297244012355804,0.0006562238265963157
scvi_matched,PBMC5k_TAGATCGTCGCAAGAG-1,CD14 Mono,1,CD14 Mono,0.0007126927375793457,,0.00022450928989239081,0.0,0.011200672946870327,0.0009743184533794688
scvi_matched,PBMC5k_TAGCACACAGCGACCT-1,CD14 Mono,0,cDC2,0.38989490270614624,,0.0525195071407506,0.4,0.7307009100914001,0.16467853908542687
scvi_matched,PBMC5k_TAGCACATCCGTAGGC-1,CD14 Mono,1,CD14 Mono,0.005285918712615967,,0.0007284779852673312,0.0,0.06444235891103745,0.008157843649537817
scvi_matched,PBMC5k_TAGGAGGCACTGAGTT-1,CD4 TEM,1,CD4 TEM,0.3071615695953369,,0.04054050880471194,0.0,0.5168172121047974,0.04178379220443202
scvi_matched,PBMC5k_TAGGAGGGTGTTATCG-1,CD14 Mono,1,CD14 Mono,0.0006121397018432617,,0.0013569343979109808,0.0,0.020525816828012466,0.0022724444629754923
scvi_matched,PBMC5k_TAGGGTTAGGACAGTC-1,NK,1,NK,0.0009999871253967285,,0.0005242583022617084,0.0,0.077640600502491,0.011304322588537755
scvi_matched,PBMC5k_TAGGGTTAGTCGCCCA-1,NK,1,NK,0.0014753937721252441,,0.001955457790901033,0.0,0.06838908791542053,0.004175882839924681
scvi_matched,PBMC5k_TAGGGTTCAACGTTAC-1,ILC,1,ILC,0.21048462390899658,,0.06287004999921952,0.4,1.120254635810852,0.24082662254579276
scvi_matched,PBMC5k_TAGGGTTGTCTCAGGC-1,CD4 Naive,1,CD4 Naive,0.5460944175720215,,0.09452750713173952,0.19999999999999996,1.3074731826782227,0.15926714528566271
scvi_matched,PBMC5k_TAGGTACAGACTTAAG-1,NK,1,NK,0.00037217140197753906,,8.903970750261895e-05,0.0,0.009516261518001556,0.00048167906420499857
scvi_matched,PBMC5k_TAGGTACCACCACATA-1,CD4 TCM,0,Eryth,0.06461507081985474,,0.15757607952230535,0.4,1.533478021621704,0.005959463462263999
scvi_matched,PBMC5k_TAGGTACCACGACGTC-1,CD14 Mono,1,CD14 Mono,0.07631498575210571,,0.04386486502782544,0.0,0.4177089333534241,0.05120892887071713
scvi_matched,PBMC5k_TAGGTACCACTACTTT-1,CD14 Mono,1,CD14 Mono,0.0171242356300354,,0.06921105965600527,0.0,0.4836774468421936,0.06436863062863263
scvi_matched,PBMC5k_TAGGTACCAGTAACGG-1,CD16 Mono,1,CD16 Mono,0.08942097425460815,,0.021409150805015154,0.19999999999999996,0.44563958048820496,0.25929313788361213
scvi_matched,PBMC5k_TAGGTACGTATTAAGG-1,gdT,1,gdT,0.4338452219963074,,0.3504560894452451,0.0,0.9056137204170227,0.09085590711967682
scvi_matched,PBMC5k_TAGGTTGAGTACAGCG-1,CD4 Naive,1,CD4 Naive,0.4135579466819763,,0.04261507626269834,0.4,0.7312875390052795,0.21760976086707778
scvi_matched,PBMC5k_TAGGTTGAGTCTGGAG-1,CD14 Mono,1,CD14 Mono,0.0011597275733947754,,0.0005430494872746775,0.0,0.03340744599699974,0.0035910205478476118
scvi_matched,PBMC5k_TAGTGCAAGACCAAAT-1,gdT,0,NK,0.3162198066711426,,0.13361385886868593,0.6,1.4016551971435547,0.10078210820967563
scvi_matched,PBMC5k_TAGTGCACAATGTTGC-1,CD8 TEM,1,CD8 TEM,0.5665706694126129,,0.19035301556159967,0.0,1.2701280117034912,0.21592486860272883
scvi_matched,PBMC5k_TAGTGCATCCGATAAC-1,cDC2,1,cDC2,0.18566107749938965,,0.024090532342488646,0.4,0.7058476209640503,0.15049691547701308
scvi_matched,PBMC5k_TAGTGCATCTGACGCG-1,CD8 TEM,1,CD8 TEM,0.42731916904449463,,0.12164665075258174,0.4,1.1801851987838745,0.24021594710606267
scvi_matched,PBMC5k_TATACCTAGTCCCAGC-1,CD4 TEM,1,CD4 TEM,0.1272580623626709,,0.1063813707420902,0.0,0.7961044907569885,0.12963791413638145
scvi_matched,PBMC5k_TATACCTGTAGCGTCC-1,CD8 TEM,0,gdT,0.5442385375499725,,0.25320617079417795,0.4,1.4565664529800415,0.20105173035740645
scvi_matched,PBMC5k_TATATCCAGGTCACTT-1,cDC2,1,cDC2,0.0024556517601013184,,0.000414298072271585,0.0,0.0032001754734665155,0.0001749022324435009
scvi_matched,PBMC5k_TATATCCCAATCGTCA-1,CD14 Mono,1,CD14 Mono,0.006472527980804443,,0.019618861315016597,0.0,0.018998458981513977,0.0017205999095780793
scvi_matched,PBMC5k_TATCAGGAGAGAAGGT-1,CD4 TEM,1,CD4 TEM,0.31231290102005005,,0.1434459725554582,0.0,1.2012865543365479,0.10143113103480669
scvi_matched,PBMC5k_TATCAGGAGCCTATCA-1,B memory,1,B memory,0.007637977600097656,,0.0022655703186963694,0.0,0.13351769745349884,0.014572798419725487
scvi_matched,PBMC5k_TATCAGGCAACTCGTA-1,CD4 TEM,1,CD4 TEM,0.2400992512702942,,0.08678886613452064,0.19999999999999996,1.2717692852020264,0.07411530766991459
scvi_matched,PBMC5k_TATCAGGTCCTCAGGG-1,B naive,1,B naive,0.47508513927459717,,0.0810456076005478,0.19999999999999996,0.8789412975311279,0.21295150204272434
scvi_matched,PBMC5k_TATCCTACAAGATGTA-1,CD4 TEM,1,CD4 TEM,0.12702178955078125,,0.01566061367099525,0.0,0.6013011932373047,0.10677783473799994
scvi_matched,PBMC5k_TATCCTAGTTATGACC-1,CD4 TEM,1,CD4 TEM,0.12525999546051025,,0.037485559160685744,0.0,1.0610308647155762,0.11377060056648797
scvi_matched,PBMC5k_TATCCTATCCGGCAGT-1,B intermediate,1,B intermediate,0.03542286157608032,,0.07172949409902574,0.0,0.8223199844360352,0.10055743679381336
scvi_matched,PBMC5k_TATCGCCCAAACCATC-1,gdT,0,NK,0.5080083012580872,,0.1827758270135772,0.0,0.8850123286247253,0.033093196814911525
scvi_matched,PBMC5k_TATCGCCCATGACGGA-1,Eryth,0,CD14 Mono,0.18261897563934326,,0.01043854326372562,0.4,0.7181552052497864,0.187133099091309
scvi_matched,PBMC5k_TATCGCCTCTCGCTTG-1,B memory,1,B memory,0.047261953353881836,,0.0612595572748994,0.0,0.5519803166389465,0.06949498434624163
scvi_matched,PBMC5k_TATCTGTAGCTTCTAG-1,CD14 Mono,1,CD14 Mono,0.00040847063064575195,,0.0014335563778938194,0.0,0.02913784421980381,0.0033699285198839205
scvi_matched,PBMC5k_TATCTGTCACAAACGG-1,CD4 Naive,1,CD4 Naive,0.3854449987411499,,0.17301261741929008,0.0,1.271201491355896,0.1262017457423443
scvi_matched,PBMC5k_TATCTGTTCGTCAGAT-1,CD4 TCM,1,CD4 TCM,0.412456214427948,,0.07264264408232335,0.0,1.2154204845428467,0.09229403257319864
scvi_matched,PBMC5k_TATCTTGAGTATTGCC-1,CD4 TEM,1,CD4 TEM,0.10306191444396973,,0.03996769902301123,0.0,0.6797598600387573,0.11636515763543441
scvi_matched,PBMC5k_TATCTTGCATGACAAA-1,CD4 TEM,0,CD4 TCM,0.10443055629730225,,0.12152449913016183,0.6,1.3117527961730957,0.14158828685344865
scvi_matched,PBMC5k_TATCTTGGTAATGTGA-1,CD14 Mono,1,CD14 Mono,0.002877175807952881,,0.0005367409589926778,0.0,0.009182501584291458,0.00047034358587329423
scvi_matched,PBMC5k_TATCTTGGTATCGCAT-1,CD8 TEM,0,NK,0.10133481025695801,,0.23088766207781042,0.19999999999999996,0.8347527980804443,0.1887252953620344
scvi_matched,PBMC5k_TATCTTGTCTGGAGAG-1,CD14 Mono,1,CD14 Mono,0.0017057061195373535,,0.001032101906103082,0.0,0.02469480410218239,0.00167324259766344
scvi_matched,PBMC5k_TATGTTCAGGCTATCT-1,CD14 Mono,1,CD14 Mono,0.0044934749603271484,,0.001787108366946382,0.0,0.19031840562820435,0.05881455786570562
scvi_matched,PBMC5k_TATTCCAAGCGCCCAT-1,Treg,0,CD4 Naive,0.5558664798736572,,0.18911138229744973,0.4,1.4424834251403809,0.06023810895225433
scvi_matched,PBMC5k_TATTCCAAGTGCACCC-1,CD4 TCM,1,CD4 TCM,0.1671198606491089,,0.030536713567623885,0.0,0.9491481184959412,0.023668019761360428
scvi_matched,PBMC5k_TATTCCACAGACATCT-1,B naive,1,B naive,0.44459396600723267,,0.07546870055544602,0.19999999999999996,0.888346791267395,0.19526043780625033
scvi_matched,PBMC5k_TATTCCACATCCTTCG-1,CD14 Mono,1,CD14 Mono,0.00028699636459350586,,0.00024284781485909776,0.0,0.006576456129550934,0.0005990026578309253
scvi_matched,PBMC5k_TATTCCAGTATCCCTC-1,MAIT,0,CD4 TEM,0.3808777332305908,,0.3700662152139442,0.0,0.8798910975456238,0.1865714483412872
scvi_matched,PBMC5k_TATTCCATCCAATCCC-1,CD14 Mono,1,CD14 Mono,0.01409757137298584,,0.0018843162932193,0.0,0.06560525298118591,0.006562956047438006
scvi_matched,PBMC5k_TATTGCTAGCATCTTG-1,CD14 Mono,1,CD14 Mono,0.004718124866485596,,0.0006062695115149584,0.0,0.03940723463892937,0.003971942374418958
scvi_matched,PBMC5k_TATTGCTCACACGGTC-1,CD14 Mono,1,CD14 Mono,0.0025210976600646973,,0.01844168316746611,0.0,0.1415114849805832,0.032465557647817715
scvi_matched,PBMC5k_TATTGCTGTGTGCCTG-1,NK,1,NK,0.006561696529388428,,0.001858410618533722,0.0,0.20812490582466125,0.04633377224614817
scvi_matched,PBMC5k_TATTGCTTCTTACCGC-1,CD8 TCM,1,CD8 TCM,0.5126413702964783,,0.1633366825943141,0.0,1.1579896211624146,0.15052083756751916
scvi_matched,PBMC5k_TATTGGGAGCTTCTAG-1,ILC,0,CD4 TCM,0.21837115287780762,,0.035003614476824985,0.0,0.520294189453125,0.06148584040719285
scvi_matched,PBMC5k_TATTGGGCAACCGACC-1,cDC2,1,cDC2,0.005156517028808594,,0.002573841962207224,0.0,0.08836615830659866,0.009109235518215813
scvi_matched,PBMC5k_TATTGGGGTTTGCCGG-1,CD16 Mono,1,CD16 Mono,0.0014630556106567383,,0.00026979690970480377,0.0,0.007846599444746971,0.0014834402188807088
scvi_matched,PBMC5k_TATTGGGTCTGAATGC-1,CD4 TEM,1,CD4 TEM,0.1335574984550476,,0.0586400789500614,0.0,1.1150566339492798,0.11029642427650485
scvi_matched,PBMC5k_TATTTCGAGCACACAG-1,CD14 Mono,1,CD14 Mono,0.04083847999572754,,0.022176772131148687,0.0,0.24327129125595093,0.019296006198734308
scvi_matched,PBMC5k_TATTTCGGTACGCTTA-1,CD4 TEM,0,gdT,0.5810224711894989,,0.25856927611276936,0.6,1.4764679670333862,0.15813804356172928
scvi_matched,PBMC5k_TCAAGACAGAGTAACT-1,cDC2,1,cDC2,0.0017483830451965332,,0.0002861600393968969,0.0,0.008616128005087376,0.0007860518473167553
scvi_matched,PBMC5k_TCAAGACCAAATGGCG-1,CD4 Naive,0,CD4 TCM,0.680089682340622,,0.1487681213819123,0.4,1.7018399238586426,0.11800407893309947
scvi_matched,PBMC5k_TCAAGACCAATGGCAG-1,CD4 TCM,1,CD4 TCM,0.14960211515426636,,0.008703879336637077,0.0,0.4797647297382355,0.06351068730026345
scvi_matched,PBMC5k_TCAAGACCACCTCGTT-1,MAIT,0,CD4 TEM,0.6987809240818024,,0.45723909424891596,0.6,1.6684616804122925,0.03369621713364822
scvi_matched,PBMC5k_TCAAGACGTACGGATG-1,CD14 Mono,1,CD14 Mono,0.009371817111968994,,0.0023423198489385746,0.0,0.06303517520427704,0.008097620053058276
scvi_matched,PBMC5k_TCAAGACGTACTGCGC-1,CD4 TCM,1,CD4 TCM,0.20731395483016968,,0.03894605265835849,0.0,0.6110491156578064,0.01623394490000013
scvi_matched,PBMC5k_TCAAGCACAAGATCCT-1,CD14 Mono,1,CD14 Mono,0.008581757545471191,,0.007975319282858925,0.0,0.043789904564619064,0.002537348426696279
scvi_matched,PBMC5k_TCAAGCACATGCTGCG-1,CD16 Mono,0,CD14 Mono,0.1773242950439453,,0.11342102485614292,0.4,0.7018616795539856,0.2539345996362254
scvi_matched,PBMC5k_TCAAGCATCAAAGAAC-1,CD16 Mono,1,CD16 Mono,0.22612035274505615,,0.033927153138907096,0.0,0.3485954999923706,0.07529892673745067
scvi_matched,PBMC5k_TCAAGTGAGGCTCAAG-1,cDC2,1,cDC2,0.00022405385971069336,,7.564033564252373e-05,0.0,0.0004559973313007504,4.206391632930785e-05
scvi_matched,PBMC5k_TCAAGTGCAGGTCAAG-1,CD4 TEM,1,CD4 TEM,0.17281848192214966,,0.012512853026688031,0.0,1.0912355184555054,0.086289344204949
scvi_matched,PBMC5k_TCAAGTGGTACTAAGA-1,CD14 Mono,1,CD14 Mono,0.4457247257232666,,0.15100506765018484,0.0,0.6369836330413818,0.11638819176407579
scvi_matched,PBMC5k_TCAATCTAGACTAAGT-1,B memory,1,B memory,0.14216482639312744,,0.008422546536440367,0.0,0.583730161190033,0.10113095475490835
scvi_matched,PBMC5k_TCAATCTAGCAATAGT-1,NK,1,NK,0.0015016794204711914,,0.01652668839168059,0.19999999999999996,0.7595635652542114,0.2123626025509504
scvi_matched,PBMC5k_TCAATCTAGTGGTGGT-1,NK,1,NK,0.2148282527923584,,0.02314236808080755,0.0,0.5002041459083557,0.08623331755014392
scvi_matched,PBMC5k_TCAATCTCATTCGGGC-1,CD14 Mono,1,CD14 Mono,0.03071683645248413,,0.01658647804924028,0.0,0.1643066108226776,0.023632730863975358
scvi_matched,PBMC5k_TCAATTCCAAAGGATT-1,CD4 TCM,0,CD4 Naive,0.2679252028465271,,0.13442889277421122,0.19999999999999996,1.0083085298538208,0.16739829382133065
scvi_matched,PBMC5k_TCACAAGCAGAAATTG-1,Eryth,0,CD14 Mono,0.27707409858703613,,0.03223715580762376,0.0,0.3068435490131378,0.03920970966741445
scvi_matched,PBMC5k_TCACAAGCAGCTTTCC-1,CD14 Mono,1,CD14 Mono,0.001145482063293457,,0.028953706846671895,0.0,0.06444568186998367,0.008075812195056879
scvi_matched,PBMC5k_TCACAAGGTCTACGTA-1,CD14 Mono,1,CD14 Mono,0.0019545555114746094,,0.0004613980508111331,0.0,0.018880734220147133,0.0017697250614960565
scvi_matched,PBMC5k_TCACAAGTCAGCGTCG-1,CD14 Mono,1,CD14 Mono,0.004160165786743164,,0.0034840883606636064,0.0,0.026882994920015335,0.002497637335520612
scvi_matched,PBMC5k_TCACAAGTCTCCACTG-1,CD14 Mono,1,CD14 Mono,0.002069830894470215,,0.00018404341076976895,0.0,0.057102642953395844,0.004824248572835012
scvi_matched,PBMC5k_TCACACCAGTCACAGG-1,CD14 Mono,1,CD14 Mono,0.004813969135284424,,0.0008396812281455581,0.0,0.00747737567871809,0.0006290920907218751
scvi_matched,PBMC5k_TCACACCAGTCGGCAA-1,ILC,0,Treg,0.5087004899978638,,0.3474529256310652,0.4,1.8824942111968994,0.05255623520327186
scvi_matched,PBMC5k_TCACACCCAACGGTAG-1,cDC2,1,cDC2,5.459785461425781e-05,,2.3080495806597847e-05,0.0,0.002452983520925045,0.000206615872962011
scvi_matched,PBMC5k_TCACACCGTATCCCTC-1,ILC,0,CD4 TEM,0.723143994808197,,0.5347851986931869,0.19999999999999996,1.4777296781539917,0.334382421885087
scvi_matched,PBMC5k_TCACACCTCACAATGC-1,CD4 TEM,1,CD4 TEM,0.2526243329048157,,0.12126312530757888,0.0,0.9437921643257141,0.07329365536349848
scvi_matched,PBMC5k_TCACACCTCTGGTCAA-1,CD14 Mono,1,CD14 Mono,0.008373260498046875,,0.0013760939894743862,0.0,0.1273006647825241,0.020406392014818975
scvi_matched,PBMC5k_TCACATTAGTAGCAAT-1,CD4 Naive,0,CD4 TCM,0.34373658895492554,,0.07923860653387249,0.19999999999999996,0.8544554114341736,0.2087314458461594
scvi_matched,PBMC5k_TCACATTGTCCTTAAG-1,CD14 Mono,1,CD14 Mono,0.0013592839241027832,,0.00033915715161259626,0.0,0.01142486184835434,0.0007997204251134253
scvi_matched,PBMC5k_TCACATTGTTTGGAGG-1,CD4 TEM,1,CD4 TEM,0.4479813575744629,,0.0775678914641551,0.19999999999999996,1.1000916957855225,0.15258865209431563
scvi_matched,PBMC5k_TCACATTTCCGGACGT-1,MAIT,1,MAIT,0.012114286422729492,,0.006101900996372839,0.0,0.4724009335041046,0.08200896313239445
scvi_matched,PBMC5k_TCACATTTCGCTGTCT-1,B memory,0,B intermediate,0.03643190860748291,,0.09006332411905082,0.0,0.5991042256355286,0.09254816718698393
scvi_matched,PBMC5k_TCACGCTCACAGTCAT-1,CD4 TEM,1,CD4 TEM,0.5999494194984436,,0.2210665143971613,0.0,1.0886136293411255,0.05912158244289399
scvi_matched,PBMC5k_TCACGCTCACCCAACG-1,CD4 TCM,1,CD4 TCM,0.18181508779525757,,0.04971871253320892,0.0,1.1091272830963135,0.06900466792850073
scvi_matched,PBMC5k_TCACGCTGTACGATGG-1,ILC,0,CD4 TEM,0.35077816247940063,,0.19543402083674544,0.0,0.9693113565444946,0.1189645835255155
scvi_matched,PBMC5k_TCACGCTGTCGCTTAA-1,CD14 Mono,1,CD14 Mono,0.0009075403213500977,,0.000255412018076908,0.0,0.021714573726058006,0.002595864595319029
scvi_matched,PBMC5k_TCACGCTTCTTTGATC-1,Eryth,0,CD14 Mono,0.2534412741661072,,0.04538320538348595,0.19999999999999996,0.571828305721283,0.17241380211644952
scvi_matched,PBMC5k_TCACGGGAGGCTTAGG-1,CD14 Mono,1,CD14 Mono,0.009817421436309814,,0.0022046724992834527,0.0,0.04535448178648949,0.00458419675970109
scvi_matched,PBMC5k_TCACGGGCACGCGTGT-1,CD4 Naive,1,CD4 Naive,0.4112711548805237,,0.08819883948588814,0.0,0.6062366962432861,0.050438179615279
scvi_matched,PBMC5k_TCACGGGCATGTAACC-1,CD4 TEM,1,CD4 TEM,0.15149378776550293,,0.06916426024140454,0.0,1.073183536529541,0.14100816606489483
scvi_matched,PBMC5k_TCACGGGGTACCTGTA-1,CD14 Mono,1,CD14 Mono,0.0003380775451660156,,0.0001562869829706548,0.0,0.012310470454394817,0.0008297625762481743
scvi_matched,PBMC5k_TCACGGGGTGGATCAG-1,CD16 Mono,1,CD16 Mono,0.00013005733489990234,,4.92825944613637e-05,0.0,0.0010170305613428354,0.00012481695136696191
scvi_matched,PBMC5k_TCACGGGTCCTGGGAC-1,Eryth,0,CD14 Mono,0.39059948921203613,,0.04222752960745213,0.19999999999999996,0.6395742893218994,0.13486194903919418
scvi_matched,PBMC5k_TCACTATGTTCGGACC-1,CD4 Naive,1,CD4 Naive,0.6250651180744171,,0.10357984813543797,0.19999999999999996,1.2591485977172852,0.09233628818135697
scvi_matched,PBMC5k_TCACTATTCGCAGATT-1,CD16 Mono,0,CD14 Mono,0.028670132160186768,,0.5945439862577928,0.6,1.6396771669387817,0.20919845169043497
scvi_matched,PBMC5k_TCACTATTCGGACGTC-1,NK,1,NK,0.004714310169219971,,0.0035459346137432513,0.0,0.36912092566490173,0.05422335626553359
scvi_matched,PBMC5k_TCACTCGGTAGCTGAG-1,CD14 Mono,1,CD14 Mono,0.0011200308799743652,,0.0007518859730698962,0.0,0.010773140005767345,0.0007750388257256744
scvi_matched,PBMC5k_TCACTCGGTTCGGCGT-1,CD4 TCM,1,CD4 TCM,0.2656515836715698,,0.0532673442854279,0.0,0.5072543621063232,0.042793267411613545
scvi_matched,PBMC5k_TCACTCGTCTTGTTAC-1,NK,1,NK,0.001636207103729248,,0.0076595671790353065,0.0,0.1916235089302063,0.0353814439960743
scvi_matched,PBMC5k_TCAGCAAAGAGGTCAC-1,CD16 Mono,0,CD14 Mono,0.45490843057632446,,0.04457357663127148,0.4,0.7482819557189941,0.32310629025235316
scvi_matched,PBMC5k_TCAGCAAAGATAACGT-1,CD4 Naive,1,CD4 Naive,0.43917423486709595,,0.13195162126656745,0.4,1.3559387922286987,0.20403239024664468
scvi_matched,PBMC5k_TCAGCAACAAGCCATT-1,ILC,0,CD4 TCM,0.28242427110671997,,0.03493685843651395,0.0,0.5626895427703857,0.08216548876705493
scvi_matched,PBMC5k_TCAGCAATCATCTCTA-1,CD4 TEM,1,CD4 TEM,0.4064366817474365,,0.11270554034406355,0.19999999999999996,1.1943767070770264,0.13232325068892212
scvi_matched,PBMC5k_TCAGCAATCGTGACTA-1,CD14 Mono,1,CD14 Mono,0.0012009143829345703,,0.00028944962232497,0.0,0.03300601616501808,0.005526785040444396
scvi_matched,PBMC5k_TCAGCAATCTCTGCCA-1,CD14 Mono,0,CD16 Mono,0.47771942615509033,,0.05733996981636491,0.4,0.8178250193595886,0.24134230440751836
scvi_matched,PBMC5k_TCAGCCTAGAGCCGTA-1,CD4 TEM,1,CD4 TEM,0.5396479368209839,,0.096513512943323,0.0,0.892422080039978,0.03748748689962533
scvi_matched,PBMC5k_TCAGCCTAGTTTCAGC-1,CD4 TEM,1,CD4 TEM,0.2809883952140808,,0.07442910275728332,0.0,1.123977541923523,0.10876716029371239
scvi_matched,PBMC5k_TCAGCCTCAATTCTTC-1,B intermediate,1,B intermediate,0.17109888792037964,,0.03579272346619977,0.0,0.6548609733581543,0.10994906878529853
scvi_matched,PBMC5k_TCAGCCTCAGCTGTCG-1,NK,1,NK,0.015532493591308594,,0.02836386850942757,0.0,0.09048455953598022,0.007576971960055271
scvi_matched,PBMC5k_TCAGCCTCAGTTTCGA-1,CD14 Mono,1,CD14 Mono,0.0009562373161315918,,0.0006666461112527118,0.0,0.014523524791002274,0.001480944029005214
scvi_matched,PBMC5k_TCAGCCTGTAGGTTTC-1,B naive,1,B naive,0.01427459716796875,,0.001564734648727334,0.0,0.20838303864002228,0.05379748342001202
scvi_matched,PBMC5k_TCAGCCTGTGGTCAAG-1,CD14 Mono,1,CD14 Mono,0.0003178119659423828,,0.00012054974436576278,0.0,0.006697917822748423,0.0003742943923088711
scvi_matched,PBMC5k_TCAGGGCCACTACCCT-1,CD8 TEM,1,CD8 TEM,0.28742170333862305,,0.06619758476700655,0.0,0.46557581424713135,0.07058997063508786
scvi_matched,PBMC5k_TCAGGGCCAGAATTCC-1,CD4 TCM,1,CD4 TCM,0.13555312156677246,,0.03630846853309344,0.0,0.6043404936790466,0.03116107730846911
scvi_matched,PBMC5k_TCAGGGCTCGAACTCA-1,B memory,1,B memory,0.13158488273620605,,0.012244981597579169,0.0,0.31053489446640015,0.03974909897324999
scvi_matched,PBMC5k_TCAGGTACACAAACGG-1,CD4 TCM,1,CD4 TCM,0.19200164079666138,,0.010831770527549578,0.0,0.800579845905304,0.08527870003303001
scvi_matched,PBMC5k_TCAGGTACACCAGCTG-1,CD4 TCM,1,CD4 TCM,0.45130956172943115,,0.060545189365394325,0.19999999999999996,0.9785127639770508,0.1619606611153554
scvi_matched,PBMC5k_TCAGTCCAGATCCGAG-1,CD14 Mono,1,CD14 Mono,0.011746823787689209,,0.006636485821967214,0.0,0.2512931823730469,0.04249153302065062
scvi_matched,PBMC5k_TCAGTCCTCCATACAG-1,B intermediate,1,B intermediate,0.20476478338241577,,0.16184794270727465,0.19999999999999996,0.948265790939331,0.1361108798615308
scvi_matched,PBMC5k_TCAGTGAAGCGACAGT-1,CD14 Mono,1,CD14 Mono,0.0108070969581604,,0.007648256928376104,0.0,0.08650733530521393,0.008070681325763076
scvi_matched,PBMC5k_TCAGTGAAGGCACTCC-1,NK,1,NK,0.0007660388946533203,,0.002364683349195318,0.0,0.1225905492901802,0.019626284179713085
scvi_matched,PBMC5k_TCAGTGACACCGGAAA-1,CD8 TCM,0,CD4 TEM,0.35566246509552,,0.16409755481824062,0.4,1.894960880279541,0.10270575091285745
scvi_matched,PBMC5k_TCAGTGACACGCGCAT-1,CD8 TEM,0,gdT,0.29529517889022827,,0.2231388416421236,0.4,1.5350896120071411,0.047043452134976446
scvi_matched,PBMC5k_TCAGTGAGTGGTGATG-1,CD16 Mono,1,CD16 Mono,0.00016832351684570312,,8.848804705370236e-05,0.0,0.000770070415455848,3.3725957688550526e-05
scvi_matched,PBMC5k_TCAGTGATCATTACGG-1,NK,1,NK,0.004720330238342285,,0.04332419721924141,0.0,0.5345140695571899,0.08767565405364945
scvi_matched,PBMC5k_TCATACTAGATTGGGC-1,CD4 Naive,0,CD4 TCM,0.5321047902107239,,0.10656606067490015,0.4,1.361325740814209,0.15294589313250012
scvi_matched,PBMC5k_TCATACTTCGCCTAGG-1,cDC2,1,cDC2,0.46642541885375977,,0.04450321667033619,0.0,0.6602105498313904,0.09703177997939648
scvi_matched,PBMC5k_TCATATCGTATCGCAT-1,CD4 TCM,1,CD4 TCM,0.20547932386398315,,0.03622599585969355,0.0,0.6373007297515869,0.07952040947216803
scvi_matched,PBMC5k_TCATATCGTCTCAGGC-1,CD4 TEM,1,CD4 TEM,0.09206610918045044,,0.016139321719748134,0.0,0.8621091246604919,0.10720721808003447
scvi_matched,PBMC5k_TCATCATAGTAGATCA-1,CD14 Mono,1,CD14 Mono,0.023165643215179443,,0.006176592294316649,0.0,0.16025401651859283,0.014127651318214475
scvi_matched,PBMC5k_TCATCCGAGGCTCTAT-1,B memory,1,B memory,0.3800395727157593,,0.07010962077079963,0.4,0.7181957960128784,0.19925045982417858
scvi_matched,PBMC5k_TCATGAGCAGAAATCA-1,CD4 Naive,0,CD4 TCM,0.50499027967453,,0.14189699113125664,0.4,1.4774879217147827,0.13702555290195492
scvi_matched,PBMC5k_TCATGAGCATTGCCTC-1,CD14 Mono,1,CD14 Mono,0.002109706401824951,,0.001972885459977619,0.0,0.05828946456313133,0.006692987994163247
scvi_matched,PBMC5k_TCATGAGGTACTGGGA-1,CD4 TCM,1,CD4 TCM,0.0959351658821106,,0.03707743582041334,0.0,0.5094467997550964,0.02346727007541038
scvi_matched,PBMC5k_TCATGAGTCACCATGA-1,NK,1,NK,0.001779019832611084,,0.0028031507656308408,0.0,0.34273526072502136,0.04681715768957766
scvi_matched,PBMC5k_TCATGCCAGCACCGAA-1,Eryth,1,Eryth,0.043190062046051025,,0.01701154235893443,0.0,0.4120135009288788,0.07662579268501497
scvi_matched,PBMC5k_TCATGCCAGGGTCAAC-1,CD14 Mono,1,CD14 Mono,0.012075662612915039,,0.09922303695064166,0.0,0.41131922602653503,0.06937364151735059
scvi_matched,PBMC5k_TCATGCCCACGGAAGT-1,gdT,0,CD4 TEM,0.5058202147483826,,0.18185715925979695,0.0,0.9978278279304504,0.09566063523409996
scvi_matched,PBMC5k_TCATGCCGTCACTTAG-1,CD8 TEM,1,CD8 TEM,0.12809503078460693,,0.02796321282902836,0.0,0.47109755873680115,0.05813389978493516
scvi_matched,PBMC5k_TCATGCCGTGTGATGG-1,NK,1,NK,0.0006530880928039551,,0.0005092673332704484,0.0,0.1281510293483734,0.019393694518413083
scvi_matched,PBMC5k_TCATGGAGTCGAGCAA-1,CD4 TEM,1,CD4 TEM,0.17875933647155762,,0.012031995391063033,0.0,0.8564148545265198,0.12086760651081051
scvi_matched,PBMC5k_TCATGGATCCCATTCG-1,CD14 Mono,1,CD14 Mono,0.28241246938705444,,0.06843928784493936,0.0,0.4706330895423889,0.025165246889130438
scvi_matched,PBMC5k_TCATGTTAGTGGTGAC-1,NK,1,NK,0.0004769563674926758,,0.00034146036704712016,0.0,0.0755586177110672,0.013606159941788295
scvi_matched,PBMC5k_TCATGTTCACCGGCTA-1,CD14 Mono,1,CD14 Mono,0.0002409815788269043,,0.0010568853299943483,0.0,0.01901625096797943,0.0025489416985109673
scvi_matched,PBMC5k_TCATGTTCACGGCTAC-1,CD14 Mono,1,CD14 Mono,0.008101463317871094,,0.003328228252943377,0.0,0.05894419923424721,0.005283771010436304
scvi_matched,PBMC5k_TCATGTTCACTCTGCT-1,CD4 Naive,1,CD4 Naive,0.04715472459793091,,0.06429992640467885,0.0,0.9832406640052795,0.18301586430882716
scvi_matched,PBMC5k_TCATGTTCATACTGTG-1,CD8 TEM,0,CD4 TEM,0.4970204830169678,,0.2613756746204412,0.0,0.9863170981407166,0.12154305416772225
scvi_matched,PBMC5k_TCATGTTGTCACAGTT-1,CD14 Mono,1,CD14 Mono,0.0014971494674682617,,0.001654998587248921,0.0,0.03559686616063118,0.004227870442008547
scvi_matched,PBMC5k_TCATGTTGTCCAGCGT-1,CD8 TEM,0,CD8 TCM,0.5509241223335266,,0.26252356156496304,0.19999999999999996,1.3214534521102905,0.019207765261601607
scvi_matched,PBMC5k_TCATTACCACATCATG-1,CD8 TEM,0,CD4 TEM,0.5418567359447479,,0.23363304032817833,0.6,1.6140340566635132,0.12932760792273384
scvi_matched,PBMC5k_TCATTACGTCGTCTCT-1,Eryth,0,CD14 Mono,0.23213273286819458,,0.009453548481837881,0.19999999999999996,0.6696926355361938,0.10460452499780375
scvi_matched,PBMC5k_TCATTACGTTAAGAAC-1,CD14 Mono,1,CD14 Mono,0.0044782161712646484,,0.0029810329550962397,0.0,0.10003279894590378,0.009310091378722548
scvi_matched,PBMC5k_TCATTCAAGCTCTGTA-1,cDC2,1,cDC2,0.006289839744567871,,0.0009762121474037704,0.0,0.01858471892774105,0.0018118918378809935
scvi_matched,PBMC5k_TCATTCACATACGCAT-1,CD4 Naive,1,CD4 Naive,0.31097865104675293,,0.14826158736903805,0.4,1.6140912771224976,0.08311163126619367
scvi_matched,PBMC5k_TCATTCAGTCCTTGTC-1,CD4 TEM,1,CD4 TEM,0.5350844860076904,,0.08111492483841976,0.19999999999999996,1.2374637126922607,0.11153795911994067
scvi_matched,PBMC5k_TCATTGTAGAGGTCAC-1,CD4 Naive,0,ILC,0.5733901262283325,,0.1820654318721997,0.19999999999999996,1.3256038427352905,0.06972225121970016
scvi_matched,PBMC5k_TCATTGTAGGGATCAC-1,NK,1,NK,0.00010323524475097656,,0.0001208512112491635,0.0,0.010799698531627655,0.0008394095391100438
scvi_matched,PBMC5k_TCATTGTCAAGTTGGG-1,CD14 Mono,1,CD14 Mono,0.0014952421188354492,,0.00044045241327533326,0.0,0.0464797243475914,0.0034441997807075297
scvi_matched,PBMC5k_TCATTGTCAGAGTTGG-1,CD14 Mono,1,CD14 Mono,0.005661189556121826,,0.0011528253112994824,0.0,0.08373899757862091,0.0088364132374714
scvi_matched,PBMC5k_TCATTGTCAGGCTATT-1,NK,1,NK,0.002971470355987549,,0.004580104403685836,0.0,0.13981321454048157,0.019415549295736845
scvi_matched,PBMC5k_TCATTGTGTGGAATGC-1,NK,1,NK,0.006555318832397461,,0.0037191403318807825,0.19999999999999996,0.4729144275188446,0.17269964292973694
scvi_matched,PBMC5k_TCATTTGGTTTGAACC-1,B naive,0,B intermediate,0.3262874484062195,,0.24460680110058874,0.4,1.1481707096099854,0.25092163997930444
scvi_matched,PBMC5k_TCCACCACACCGTCGA-1,CD14 Mono,1,CD14 Mono,0.0018181800842285156,,0.0074800051927177424,0.0,0.08771050721406937,0.005861676572385712
scvi_matched,PBMC5k_TCCACCAGTATTAAGG-1,CD14 Mono,1,CD14 Mono,0.0019243955612182617,,0.005819180674916109,0.0,0.021301209926605225,0.0017355812957077692
scvi_matched,PBMC5k_TCCACCAGTGTTCCTC-1,CD14 Mono,1,CD14 Mono,0.00023239850997924805,,0.00018072536721449543,0.0,0.0074760508723556995,0.0007864206831416441
scvi_matched,PBMC5k_TCCACGTCAACCCGCA-1,ILC,0,CD4 TCM,0.4540087580680847,,0.17030917418135316,0.19999999999999996,1.5431879758834839,0.12508993825843523
scvi_matched,PBMC5k_TCCAGAACATAGAGGC-1,CD4 TCM,0,CD4 Naive,0.582183837890625,,0.14363385413041896,0.19999999999999996,1.248138427734375,0.17007544742481023
scvi_matched,PBMC5k_TCCAGAATCGACCATA-1,ILC,0,CD4 TEM,0.5731461346149445,,0.1616759543357904,0.4,1.1505720615386963,0.1263995487953125
scvi_matched,PBMC5k_TCCATCGAGGATTTCC-1,ILC,0,CD4 TCM,0.6017291247844696,,0.40564503915764716,0.19999999999999996,1.1093182563781738,0.06337634667335718
scvi_matched,PBMC5k_TCCATCGAGGCTGTAG-1,CD4 TEM,1,CD4 TEM,0.21569514274597168,,0.08839442030877054,0.4,1.3488290309906006,0.06144146987816396
scvi_matched,PBMC5k_TCCATCGCACTCCGAG-1,Treg,1,Treg,0.39073944091796875,,0.301931510407357,0.6,1.5572459697723389,0.16027518838145152
scvi_matched,PBMC5k_TCCATCGCAGACGATG-1,CD8 TCM,0,gdT,0.7570508718490601,,0.24804195344697955,0.19999999999999996,1.2073878049850464,0.06740002770657609
scvi_matched,PBMC5k_TCCATCGGTAGCACAG-1,CD14 Mono,1,CD14 Mono,0.022535085678100586,,0.010552034724683329,0.0,0.12928666174411774,0.02478863354113828
scvi_matched,PBMC5k_TCCATCGGTCGTGGAA-1,CD14 Mono,1,CD14 Mono,0.008275449275970459,,0.0021484986330795666,0.0,0.1081111803650856,0.01578478561459856
scvi_matched,PBMC5k_TCCATCGTCCTGCTAC-1,CD14 Mono,1,CD14 Mono,0.0012458562850952148,,0.00232686157145931,0.0,0.06209927797317505,0.008332884090699535
scvi_matched,PBMC5k_TCCATGCAGATAGCTA-1,CD14 Mono,1,CD14 Mono,0.0023966431617736816,,0.0009120163282843562,0.0,0.0216680858284235,0.0009326519192304515
scvi_matched,PBMC5k_TCCATGCCATAACCCA-1,CD4 TEM,1,CD4 TEM,0.15378278493881226,,0.0435935100060999,0.0,0.9657735228538513,0.1274316977143483
scvi_matched,PBMC5k_TCCATGCCATAGTCAC-1,CD4 TEM,1,CD4 TEM,0.3717341423034668,,0.07138844394768651,0.0,1.0166528224945068,0.15621585793560747
scvi_matched,PBMC5k_TCCATGCGTTACCCTC-1,CD4 Naive,1,CD4 Naive,0.47101062536239624,,0.1479314253063554,0.19999999999999996,1.2858418226242065,0.10810184361323319
scvi_matched,PBMC5k_TCCATGCGTTCCGCAG-1,CD14 Mono,1,CD14 Mono,0.007554233074188232,,0.02316544049009217,0.0,0.15422838926315308,0.028903633178254225
scvi_matched,PBMC5k_TCCATGCTCAGCACCG-1,cDC2,1,cDC2,0.0021196603775024414,,0.0005903859191262045,0.0,0.003033617278560996,0.00025383530659904704
scvi_matched,PBMC5k_TCCATGCTCGTACCTC-1,CD14 Mono,1,CD14 Mono,0.024308383464813232,,0.004560169899737884,0.0,0.022482091560959816,0.002493056816627991
scvi_matched,PBMC5k_TCCATGCTCGTAGTCA-1,CD14 Mono,1,CD14 Mono,0.02856236696243286,,0.003641250690155265,0.0,0.3425736427307129,0.05533004785477395
scvi_matched,PBMC5k_TCCCACAAGGTCGAGT-1,CD4 Naive,1,CD4 Naive,0.49964970350265503,,0.3063866452884503,0.0,1.2768373489379883,0.053808879200142816
scvi_matched,PBMC5k_TCCCACACAGGTAGTG-1,CD14 Mono,1,CD14 Mono,0.006374239921569824,,0.0016985507998770188,0.0,0.038281090557575226,0.0023286598617943775
scvi_matched,PBMC5k_TCCCAGTAGCTTAGTC-1,CD14 Mono,1,CD14 Mono,0.0057305097579956055,,0.00341032327006726,0.0,0.01879248395562172,0.0015852504238848442
scvi_matched,PBMC5k_TCCCAGTCAATAGGAT-1,CD4 Naive,0,CD4 TCM,0.40151387453079224,,0.17040730458612185,0.0,1.4553914070129395,0.07958163725612849
scvi_matched,PBMC5k_TCCCAGTCAATAGTGA-1,NK,1,NK,0.0003012418746948242,,0.00020079920195629868,0.0,0.0330573208630085,0.006121148991760178
scvi_matched,PBMC5k_TCCCAGTCACTCGATA-1,CD4 Naive,0,CD4 TCM,0.5112478137016296,,0.10385166927130896,0.19999999999999996,1.0366837978363037,0.0839981875471669
scvi_matched,PBMC5k_TCCCAGTCAGCAGTCC-1,CD14 Mono,1,CD14 Mono,0.291415274143219,,0.021161240039836327,0.0,0.38054072856903076,0.05444223207933407
scvi_matched,PBMC5k_TCCCAGTGTTACACAC-1,CD14 Mono,1,CD14 Mono,0.0017199516296386719,,0.003300158369607429,0.0,0.06559004634618759,0.013105565221670163
scvi_matched,PBMC5k_TCCCATGAGAATAGTC-1,CD4 TEM,1,CD4 TEM,0.1144481897354126,,0.03303704996029311,0.0,0.7669525742530823,0.07623947026341335
scvi_matched,PBMC5k_TCCCATGAGATAGTGT-1,CD14 Mono,1,CD14 Mono,0.07035881280899048,,0.037279709616245715,0.0,0.5044562220573425,0.09990818837570802
scvi_matched,PBMC5k_TCCCATGAGTGTTGAA-1,CD4 TCM,0,CD4 TEM,0.259463369846344,,0.11011675026164514,0.4,1.261770248413086,0.0867448689408544
scvi_matched,PBMC5k_TCCCATGCAGAGACTG-1,CD4 TCM,1,CD4 TCM,0.21298843622207642,,0.024896453598612756,0.0,0.6147066950798035,0.08096856397466481
scvi_matched,PBMC5k_TCCCATGGTACATACC-1,B memory,1,B memory,0.009388983249664307,,0.0021513671632569092,0.0,0.22424280643463135,0.034183381431912574
scvi_matched,PBMC5k_TCCCATGTCATTGCCC-1,CD14 Mono,1,CD14 Mono,0.0014745593070983887,,0.000554992063267189,0.0,0.02131342887878418,0.0016276819469002517
scvi_matched,PBMC5k_TCCCATGTCCTTCACG-1,CD14 Mono,1,CD14 Mono,0.0006146430969238281,,0.0003825525153204577,0.0,0.01540025882422924,0.0007299484280350648
scvi_matched,PBMC5k_TCCCATGTCGACCACG-1,CD14 Mono,1,CD14 Mono,0.0005374550819396973,,0.0003071456600588617,0.0,0.008824561722576618,0.001185900996263936
scvi_matched,PBMC5k_TCCCATGTCTCATTGT-1,ILC,1,ILC,0.5956479609012604,,0.07121550594445802,0.0,0.8550615906715393,0.08295140883651382
scvi_matched,PBMC5k_TCCGAAAAGTGCTCGC-1,CD4 Naive,1,CD4 Naive,0.1810312271118164,,0.12546494342736547,0.19999999999999996,0.8846229910850525,0.21891525100141054
scvi_matched,PBMC5k_TCCGAAACAGATTTCG-1,B naive,1,B naive,0.2891201376914978,,0.05934607000570724,0.0,0.4565976560115814,0.08622095880817615
scvi_matched,PBMC5k_TCCGAAAGTAAGATTG-1,CD8 TEM,1,CD8 TEM,0.34680402278900146,,0.07202963740208851,0.0,1.077193021774292,0.19050464095616382
scvi_matched,PBMC5k_TCCGAAAGTAAGCGGT-1,CD8 TEM,1,CD8 TEM,0.6097020506858826,,0.23795736533797296,0.6,1.690975546836853,0.13052288185075334
scvi_matched,PBMC5k_TCCGAAAGTAGATCGG-1,CD16 Mono,1,CD16 Mono,0.0032610297203063965,,0.0010694214950004652,0.0,0.03716885671019554,0.00695372141816254
scvi_matched,PBMC5k_TCCGAAAGTATGATCC-1,CD4 Naive,1,CD4 Naive,0.35963040590286255,,0.1199309967779496,0.0,1.0979773998260498,0.14242767289023608
scvi_matched,PBMC5k_TCCGAAAGTTACGCCG-1,cDC2,1,cDC2,0.0003261566162109375,,7.758908973372336e-05,0.0,0.001107688876800239,7.814159746113727e-05
scvi_matched,PBMC5k_TCCGAAATCACATCAG-1,CD14 Mono,1,CD14 Mono,0.3848499655723572,,0.03348834365463493,0.0,0.40781328082084656,0.11525968691031695
scvi_matched,PBMC5k_TCCGAAATCCCTCAAC-1,NK,1,NK,0.00022643804550170898,,0.00015234595653898378,0.0,0.019776372238993645,0.0028987970731505597
scvi_matched,PBMC5k_TCCGAAATCCCTTGGT-1,CD14 Mono,1,CD14 Mono,0.008045732975006104,,0.004542977996311912,0.0,0.10319329798221588,0.013064532094966221
scvi_matched,PBMC5k_TCCGATCAGACCATTC-1,NK,1,NK,0.0019496679306030273,,0.006221590732411894,0.0,0.2798125743865967,0.03288653561054745
scvi_matched,PBMC5k_TCCGATCCACTTACAG-1,CD4 Naive,1,CD4 Naive,0.6182980835437775,,0.1100016035073923,0.19999999999999996,1.2750259637832642,0.17722079792328785
scvi_matched,PBMC5k_TCCGATCCATCCTATT-1,CD4 TCM,1,CD4 TCM,0.129372239112854,,0.0274597429789587,0.0,0.5817750096321106,0.06544452110030291
scvi_matched,PBMC5k_TCCGATCGTTGCCGCA-1,NK,1,NK,0.045413851737976074,,0.02546745539984291,0.0,0.6151513457298279,0.0780508984174714
scvi_matched,PBMC5k_TCCGATCTCAAGCCTA-1,CD4 Naive,1,CD4 Naive,0.11628556251525879,,0.09255569966009891,0.0,0.6914729475975037,0.09050743532958716
scvi_matched,PBMC5k_TCCGATCTCATTGTGG-1,CD14 Mono,1,CD14 Mono,0.0004310011863708496,,0.01989468225588842,0.0,0.028701145201921463,0.002722698580253832
scvi_matched,PBMC5k_TCCGGGAAGTTCATCG-1,CD16 Mono,1,CD16 Mono,0.13601726293563843,,0.02706240813313532,0.0,0.34348735213279724,0.10160567522344953
scvi_matched,PBMC5k_TCCGGGACACGCAAAG-1,CD14 Mono,1,CD14 Mono,0.0006452202796936035,,0.0009438889703425758,0.0,0.007849267683923244,0.0007629576680870049
scvi_matched,PBMC5k_TCCGGGAGTTCTAACG-1,CD14 Mono,1,CD14 Mono,0.0056740641593933105,,0.006425487602959155,0.0,0.019063016399741173,0.0004585993841509794
scvi_matched,PBMC5k_TCCGTGTTCCATCTGC-1,CD4 Naive,1,CD4 Naive,0.04011642932891846,,0.046626810093167714,0.19999999999999996,0.9881086349487305,0.1959344576568081
scvi_matched,PBMC5k_TCCGTGTTCGTTGCCT-1,NK,1,NK,0.0057978034019470215,,0.0020498901198207214,0.0,0.3168067932128906,0.040795367611533094
scvi_matched,PBMC5k_TCCTAATCAGTATGAA-1,CD4 TEM,1,CD4 TEM,0.4069312810897827,,0.03056617455840782,0.19999999999999996,1.0765137672424316,0.13829677699610152
scvi_matched,PBMC5k_TCCTAATCAGTATTCG-1,Eryth,1,Eryth,0.05764961242675781,,0.0037514441123667197,0.0,0.40726181864738464,0.0837965046048129
scvi_matched,PBMC5k_TCCTCCCAGCTAATCC-1,B naive,1,B naive,0.10721015930175781,,0.03130197969348855,0.19999999999999996,0.6533548831939697,0.20996173973004056
scvi_matched,PBMC5k_TCCTCCCCATGTGCTA-1,CD14 Mono,1,CD14 Mono,0.07912135124206543,,0.16823356426661507,0.0,0.34714898467063904,0.07689279040215959
scvi_matched,PBMC5k_TCCTCCCCATTGCCTC-1,CD4 Naive,1,CD4 Naive,0.3211985230445862,,0.08187989131323548,0.19999999999999996,1.1566967964172363,0.16594119764350973
scvi_matched,PBMC5k_TCCTCCCGTCAAGCCC-1,CD4 TCM,1,CD4 TCM,0.5137912631034851,,0.14534537020091265,0.4,1.1856019496917725,0.09421384378611931
scvi_matched,PBMC5k_TCCTCGAGTAATGCTC-1,B intermediate,1,B intermediate,0.20669806003570557,,0.07708901536309709,0.4,0.8408707976341248,0.17996747502899632
scvi_matched,PBMC5k_TCCTCGAGTGACTAAA-1,CD14 Mono,1,CD14 Mono,0.003814995288848877,,0.002205810581226278,0.0,0.0973285511136055,0.01136045711023486
scvi_matched,PBMC5k_TCCTCTTCACGACAAG-1,NK,1,NK,0.004468858242034912,,0.0018945424947729578,0.0,0.06516312062740326,0.010144418414061324
scvi_matched,PBMC5k_TCCTCTTCATCGGCCA-1,CD4 Naive,1,CD4 Naive,0.024972617626190186,,0.02689377337441906,0.0,0.23154808580875397,0.015405381670925929
scvi_matched,PBMC5k_TCCTCTTGTCTTTCAT-1,gdT,0,NK,0.03811615705490112,,0.11020108053902344,0.4,1.0401228666305542,0.020950466912169785
scvi_matched,PBMC5k_TCCTCTTTCTGAGAAA-1,CD14 Mono,1,CD14 Mono,0.0038236379623413086,,0.0006751087810597037,0.0,0.03143146634101868,0.002106163962684629
scvi_matched,PBMC5k_TCCTGCATCAGACCCG-1,CD4 TCM,1,CD4 TCM,0.3645172119140625,,0.039412361659336925,0.0,0.9005012512207031,0.07655491511906995
scvi_matched,PBMC5k_TCCTTCTCAAGTAGTA-1,CD4 TEM,1,CD4 TEM,0.17675751447677612,,0.047900785020939196,0.0,0.8686506152153015,0.07619927173480691
scvi_matched,PBMC5k_TCCTTCTTCTGCATAG-1,CD14 Mono,1,CD14 Mono,0.0027950406074523926,,0.0013706183841896286,0.0,0.05839131772518158,0.004969129684655012
scvi_matched,PBMC5k_TCCTTCTTCTTTCGAT-1,B naive,0,B intermediate,0.16753751039505005,,0.21860935821330663,0.4,0.7844621539115906,0.2425505997743513
scvi_matched,PBMC5k_TCCTTTCCACCGTCTT-1,CD4 TEM,1,CD4 TEM,0.3147582411766052,,0.07716985616079075,0.0,1.0054682493209839,0.19114206146977739
scvi_matched,PBMC5k_TCCTTTCTCCACGGGT-1,NK,1,NK,0.0006296038627624512,,0.005334735109930933,0.0,0.14369957149028778,0.020141456244941663
scvi_matched,PBMC5k_TCGAACACAGCGACCT-1,CD14 Mono,1,CD14 Mono,0.0038663148880004883,,0.002980973990761339,0.0,0.010582798160612583,0.0009079018399474279
scvi_matched,PBMC5k_TCGAACACAGTGGTGA-1,CD4 TEM,1,CD4 TEM,0.21357160806655884,,0.04948597899757845,0.19999999999999996,1.1142607927322388,0.22074974939621128
scvi_matched,PBMC5k_TCGAACATCCGGCAGT-1,B naive,1,B naive,0.45555925369262695,,0.09383205987740995,0.19999999999999996,0.9363811016082764,0.19119967039191743
scvi_matched,PBMC5k_TCGAAGTAGCAAGGAA-1,CD14 Mono,1,CD14 Mono,0.0017594099044799805,,0.004024075746945785,0.0,0.0336175300180912,0.003432993996726859
scvi_matched,PBMC5k_TCGAAGTGTACTCGTA-1,CD14 Mono,1,CD14 Mono,0.04446077346801758,,0.006841721623646269,0.0,0.0689980685710907,0.0109420152002778
scvi_matched,PBMC5k_TCGACCTAGAGCAACC-1,NK,1,NK,0.022178292274475098,,0.008282250399515939,0.0,0.2535952627658844,0.041191050022140255
scvi_matched,PBMC5k_TCGACCTAGCGGCTCT-1,B naive,0,B intermediate,0.4997314214706421,,0.09883274975378631,0.4,0.981112539768219,0.19641957538521138
scvi_matched,PBMC5k_TCGACCTCACAACGCC-1,NK,1,NK,0.006004631519317627,,0.012332492674197865,0.0,0.4989418387413025,0.0923520689447021
scvi_matched,PBMC5k_TCGACCTCAGAGTGTG-1,CD14 Mono,1,CD14 Mono,0.00021010637283325195,,0.0005530483109851981,0.0,0.008280589245259762,0.0007107818150580424
scvi_matched,PBMC5k_TCGACCTCAGCTCGGT-1,NK,1,NK,0.003143787384033203,,0.006620244166128927,0.0,0.22092069685459137,0.03659503564894927
scvi_matched,PBMC5k_TCGACCTGTATGACAA-1,CD14 Mono,1,CD14 Mono,0.0058272480964660645,,0.0006328183121460766,0.0,0.10467363893985748,0.017099888360685593
scvi_matched,PBMC5k_TCGACCTGTTTACTTC-1,NK,1,NK,0.0014387965202331543,,0.00046037894280026755,0.0,0.13182784616947174,0.02247382841308619
scvi_matched,PBMC5k_TCGACGGCACGCGCTA-1,CD14 Mono,1,CD14 Mono,0.2380010485649109,,0.02854612544983537,0.0,0.3157466948032379,0.03542671411136281
scvi_matched,PBMC5k_TCGACGGCATGGCTGC-1,CD14 Mono,1,CD14 Mono,0.0017084479331970215,,0.0012805759433494705,0.0,0.006310919299721718,0.0004595494338294454
scvi_matched,PBMC5k_TCGACGGGTAAGGCCA-1,CD14 Mono,0,Eryth,0.2262973189353943,,0.16565254372072813,0.4,0.7603428363800049,0.18347653319254306
scvi_matched,PBMC5k_TCGACGGGTATCGCTA-1,gdT,0,NK,0.3163301944732666,,0.12084748702080517,0.0,0.9730880260467529,0.07587031704164579
scvi_matched,PBMC5k_TCGACGGGTATGGTAA-1,CD14 Mono,1,CD14 Mono,0.02288109064102173,,0.00432105818353698,0.0,0.04449480026960373,0.0043353378447525785
scvi_matched,PBMC5k_TCGACGGGTCTGGTTA-1,CD8 TEM,1,CD8 TEM,0.21717804670333862,,0.03227414652503657,0.4,1.5424673557281494,0.22967539681065743
scvi_matched,PBMC5k_TCGACGGTCAATGCAC-1,CD4 Naive,1,CD4 Naive,0.1100928783416748,,0.1809077095811632,0.19999999999999996,1.44809091091156,0.1868850511026329
scvi_matched,PBMC5k_TCGATTTAGAGCAAGA-1,CD14 Mono,1,CD14 Mono,0.01394122838973999,,0.0036891544464302505,0.0,0.029733259230852127,0.002846962385470104
scvi_matched,PBMC5k_TCGATTTCACAAATAG-1,CD16 Mono,1,CD16 Mono,0.126753568649292,,0.028484872142917145,0.0,0.23114070296287537,0.08744484414534726
scvi_matched,PBMC5k_TCGATTTGTTATTCCT-1,CD14 Mono,1,CD14 Mono,0.002199113368988037,,0.006439347735604228,0.0,0.059143561869859695,0.007868551650785979
scvi_matched,PBMC5k_TCGCACTAGAATTCAG-1,CD14 Mono,1,CD14 Mono,0.003115713596343994,,0.01565314428059339,0.0,0.05401220917701721,0.00785048402557284
scvi_matched,PBMC5k_TCGCACTCACTGAATC-1,CD16 Mono,0,cDC2,0.2385234832763672,,0.09047515228616854,0.4,1.0068227052688599,0.2255984029007395
scvi_matched,PBMC5k_TCGCACTCATGCTGCG-1,CD4 Naive,1,CD4 Naive,0.19434446096420288,,0.06227203341851484,0.0,1.0959818363189697,0.1407124199416377
scvi_matched,PBMC5k_TCGCAGGAGTAGCCAG-1,CD4 TCM,1,CD4 TCM,0.033747076988220215,,0.017950279652380524,0.0,0.21919287741184235,0.011983723317039301
scvi_matched,PBMC5k_TCGCAGGGTACTGCCG-1,CD8 TCM,0,dnT,0.8174955546855927,,0.1991530064338609,0.19999999999999996,1.6576621532440186,0.12267894990791128
scvi_matched,PBMC5k_TCGCAGGGTGCATGTT-1,NK,1,NK,0.00025528669357299805,,0.00019655507980076295,0.0,0.014324232935905457,0.001334967871947052
scvi_matched,PBMC5k_TCGCTCAAGAACTGAT-1,CD4 Naive,1,CD4 Naive,0.0750119686126709,,0.06554331968969374,0.0,0.9123784303665161,0.09601549979199593
scvi_matched,PBMC5k_TCGCTCAAGGTCACTT-1,B memory,1,B memory,0.2398166060447693,,0.017733251378550197,0.0,0.38162723183631897,0.0360471938552475
scvi_matched,PBMC5k_TCGCTCACAGACAAGC-1,CD14 Mono,1,CD14 Mono,0.010010004043579102,,0.015368207655370114,0.0,0.08074432611465454,0.015110228317557645
scvi_matched,PBMC5k_TCGCTCATCATTTCCA-1,CD16 Mono,1,CD16 Mono,0.036274254322052,,0.006914390653057725,0.0,0.07430024445056915,0.017387508656098734
scvi_matched,PBMC5k_TCGCTTGAGGTGCTGA-1,cDC2,1,cDC2,0.0013784170150756836,,0.00017061975134909872,0.0,0.020709596574306488,0.0013154980738827797
scvi_matched,PBMC5k_TCGCTTGCAGCCATTA-1,CD4 Naive,1,CD4 Naive,0.43144774436950684,,0.11904254670066083,0.19999999999999996,1.282776117324829,0.2101316699586319
scvi_matched,PBMC5k_TCGCTTGTCTCCAAGA-1,CD8 TCM,0,CD4 TCM,0.6938534677028656,,0.23712085660064464,0.4,1.863742470741272,0.0117382426592136
scvi_matched,PBMC5k_TCGGATAGTAGACGGT-1,cDC2,1,cDC2,0.0025873780250549316,,0.0006212847977479551,0.0,0.0021161234471946955,0.00014840126638968328
scvi_matched,PBMC5k_TCGGGACTCACTGGTA-1,CD4 Naive,0,CD4 TCM,0.43814796209335327,,0.05793057831109216,0.19999999999999996,0.9315474033355713,0.13280195499843425
scvi_matched,PBMC5k_TCGGGCAAGGTCCTGC-1,CD14 Mono,1,CD14 Mono,0.3498910665512085,,0.01658007887235713,0.0,0.6787465214729309,0.06808525762461637
scvi_matched,PBMC5k_TCGGGCACACATTGTG-1,CD4 Naive,1,CD4 Naive,0.14406943321228027,,0.11713661939824405,0.19999999999999996,1.317208170890808,0.22812259542342814
scvi_matched,PBMC5k_TCGGGCAGTACAGAGC-1,CD4 TCM,1,CD4 TCM,0.6753935217857361,,0.15900800538456017,0.4,1.3425787687301636,0.16023406159426845
scvi_matched,PBMC5k_TCGGGCAGTTGTTTGG-1,NK,1,NK,0.0009179115295410156,,0.0005564869071360608,0.0,0.09829596430063248,0.011199122985151544
scvi_matched,PBMC5k_TCGGGCATCCTGCCAT-1,B intermediate,1,B intermediate,0.19806641340255737,,0.02837683392926038,0.19999999999999996,0.6296713948249817,0.1358815169462772
scvi_matched,PBMC5k_TCGGGTGAGCGTCAGA-1,Eryth,0,CD14 Mono,0.2264035940170288,,0.12102932097547592,0.19999999999999996,0.6894038319587708,0.0921866557459594
scvi_matched,PBMC5k_TCGGGTGCACAGAGAC-1,B naive,1,B naive,0.3833768963813782,,0.0645232927976197,0.0,0.7002251744270325,0.12813411028021612
scvi_matched,PBMC5k_TCGGGTGCATTCGATG-1,Eryth,1,Eryth,0.0735657811164856,,0.007384790732287788,0.0,0.23496124148368835,0.048439779329769866
scvi_matched,PBMC5k_TCGGGTGGTGAGTAAT-1,NK,1,NK,0.0009559988975524902,,0.00132574749057612,0.0,0.13858139514923096,0.021505557811521022
scvi_matched,PBMC5k_TCGGGTGTCTGGTGCG-1,CD4 TCM,0,Eryth,0.6545385420322418,,0.23077706214803406,0.4,1.5355868339538574,0.12798664709296426
scvi_matched,PBMC5k_TCGGTCTAGCGATGAC-1,CD14 Mono,1,CD14 Mono,0.008698105812072754,,0.0018531394090200298,0.0,0.02918754331767559,0.002750585496447658
scvi_matched,PBMC5k_TCGGTCTCAAGACCTT-1,CD4 TCM,1,CD4 TCM,0.1608021855354309,,0.07146707511160277,0.0,0.7110108137130737,0.06542264682509275
scvi_matched,PBMC5k_TCGGTCTCAAGATTGA-1,B naive,0,B intermediate,0.40653103590011597,,0.11102835752327145,0.4,0.8867279291152954,0.28210041874821923
scvi_matched,PBMC5k_TCGTAGATCACACCGG-1,NK_CD56bright,1,NK_CD56bright,0.011397361755371094,,0.009299541298724234,0.0,0.15902692079544067,0.008907208592430228
scvi_matched,PBMC5k_TCGTAGATCATTTGTC-1,CD14 Mono,1,CD14 Mono,0.012049257755279541,,0.0035123360998359082,0.0,0.12089845538139343,0.01399209419261112
scvi_matched,PBMC5k_TCGTCCAAGCACCGTC-1,CD4 TEM,1,CD4 TEM,0.4874960780143738,,0.038019689279508606,0.4,1.143059253692627,0.08372653248455732
scvi_matched,PBMC5k_TCGTCCACACGGCGTT-1,CD16 Mono,1,CD16 Mono,0.0717313289642334,,0.011442252350506624,0.0,0.05809308588504791,0.006836929323240399
scvi_matched,PBMC5k_TCGTCCACATCCGGCA-1,B memory,1,B memory,0.4279490113258362,,0.02137077553585265,0.0,0.3924730718135834,0.06423568149079152
scvi_matched,PBMC5k_TCGTGCTAGATGACCG-1,CD16 Mono,1,CD16 Mono,0.05875742435455322,,0.011337493899178597,0.0,0.17753058671951294,0.025934021547383692
scvi_matched,PBMC5k_TCGTGCTCAACCAATC-1,CD14 Mono,1,CD14 Mono,0.010204851627349854,,0.0027416653565674395,0.0,0.08744774758815765,0.01108041369374618
scvi_matched,PBMC5k_TCGTGCTCACCTTCGT-1,NK,1,NK,0.0009614229202270508,,0.002166998758046032,0.0,0.035721566528081894,0.00663459333365908
scvi_matched,PBMC5k_TCGTGCTCACGATAGG-1,CD4 TEM,1,CD4 TEM,0.48709672689437866,,0.05906454091997215,0.0,1.4036080837249756,0.058636060520448806
scvi_matched,PBMC5k_TCGTGCTTCCGTCACT-1,CD16 Mono,1,CD16 Mono,0.024622082710266113,,0.006097685889794452,0.0,0.1281532347202301,0.037206161770907464
scvi_matched,PBMC5k_TCGTGGGAGAAATTGC-1,CD14 Mono,1,CD14 Mono,0.0076133012771606445,,0.003528108065681164,0.0,0.04847247153520584,0.00549572466830349
scvi_matched,PBMC5k_TCGTGGGTCTGAATGC-1,CD4 TCM,0,CD4 Naive,0.5254204571247101,,0.1783623004663759,0.6,1.6553579568862915,0.12485188208263232
scvi_matched,PBMC5k_TCTAACTAGAGAGGGC-1,CD14 Mono,1,CD14 Mono,0.0006823539733886719,,0.0009037878716998023,0.0,0.03269089013338089,0.0036718240098000164
scvi_matched,PBMC5k_TCTAACTCACGTCATA-1,CD14 Mono,1,CD14 Mono,0.0008491277694702148,,0.0005597568008949769,0.0,0.02241281419992447,0.0008300111091843433
scvi_matched,PBMC5k_TCTAACTTCCACATAG-1,CD14 Mono,1,CD14 Mono,0.08359020948410034,,0.00850527837431636,0.0,0.18148712813854218,0.030649925229600677
scvi_matched,PBMC5k_TCTAACTTCCCTCGAT-1,CD8 TCM,1,CD8 TCM,0.40540844202041626,,0.1992320139135545,0.4,1.3738789558410645,0.12953730501099708
scvi_matched,PBMC5k_TCTAACTTCGGATACT-1,CD4 TEM,1,CD4 TEM,0.5079943835735321,,0.028059879925017572,0.19999999999999996,1.1248143911361694,0.1010162127127217
scvi_matched,PBMC5k_TCTACATAGTCGAAGC-1,NK,1,NK,0.0021442770957946777,,0.014012786060963012,0.0,0.12707334756851196,0.014635897828286278
scvi_matched,PBMC5k_TCTACATCAGACACCC-1,B naive,1,B naive,0.06689339876174927,,0.007297946904591707,0.0,0.3345251977443695,0.13124247139745865
scvi_matched,PBMC5k_TCTACATCATCAGTCA-1,CD14 Mono,1,CD14 Mono,0.000775456428527832,,0.00045563143208217187,0.0,0.02436371147632599,0.0021607379367416597
scvi_matched,PBMC5k_TCTACATGTGCCTTCT-1,NK,1,NK,0.005270242691040039,,0.016000060100124364,0.19999999999999996,0.7067455649375916,0.23980294351290515
scvi_matched,PBMC5k_TCTACATGTTCGGCTG-1,cDC2,1,cDC2,0.00012254714965820312,,3.809784242760273e-05,0.0,0.0006127000087872148,4.25814247342844e-05
scvi_matched,PBMC5k_TCTACATGTTGATCGT-1,NK,1,NK,0.00809699296951294,,0.00540852375012664,0.0,0.1833292692899704,0.016145840859324932
scvi_matched,PBMC5k_TCTACCGAGACCGCCT-1,CD4 TCM,1,CD4 TCM,0.6193233132362366,,0.2274843228243939,0.19999999999999996,1.313061237335205,0.042997827259628287
scvi_matched,PBMC5k_TCTACCGAGCTACTGT-1,CD14 Mono,1,CD14 Mono,0.0023542046546936035,,0.004041708900135971,0.0,0.12514637410640717,0.02815984502009191
scvi_matched,PBMC5k_TCTACCGCACGATTCA-1,Treg,0,CD4 TCM,0.1429271101951599,,0.24363431382041922,0.0,0.6845402121543884,0.051668675635318365
scvi_matched,PBMC5k_TCTACCGCACTGGCCA-1,ILC,1,ILC,0.4077502489089966,,0.1086224258852384,0.6,1.1962740421295166,0.19336882708895806
scvi_matched,PBMC5k_TCTATACAGGGTATAT-1,CD4 TCM,1,CD4 TCM,0.4529770612716675,,0.24610163591077439,0.19999999999999996,1.0990360975265503,0.1380256236461389
scvi_matched,PBMC5k_TCTATACTCTTCTTCC-1,CD4 TCM,1,CD4 TCM,0.21115893125534058,,0.0791433761429754,0.0,0.7687807083129883,0.06115795492678011
scvi_matched,PBMC5k_TCTATCATCATGTCTT-1,CD14 Mono,1,CD14 Mono,0.0036662817001342773,,0.0016422471304708228,0.0,0.0148400804027915,0.0009904237896025542
scvi_matched,PBMC5k_TCTATCATCCGTGGCA-1,CD8 Naive,0,CD4 Naive,0.1461082100868225,,0.3390389186262691,0.0,0.9373547434806824,0.14814453089938423
scvi_matched,PBMC5k_TCTATCATCTGTGCTC-1,B memory,1,B memory,0.21440738439559937,,0.05918818340515286,0.0,0.33844253420829773,0.025729549110439665
scvi_matched,PBMC5k_TCTCACGAGAAGGGAT-1,CD4 Naive,1,CD4 Naive,0.07950377464294434,,0.04238874730913267,0.0,0.6908117532730103,0.10235257973789977
scvi_matched,PBMC5k_TCTCACGCAGCAGACA-1,NK,1,NK,2.7179718017578125e-05,,0.0001578571439063252,0.0,0.014663828536868095,0.0009414399951979676
scvi_matched,PBMC5k_TCTCACGGTGATAGTA-1,CD14 Mono,1,CD14 Mono,0.0007692575454711914,,0.0014488898786770878,0.0,0.03358013182878494,0.0023778107352860427
scvi_matched,PBMC5k_TCTCACGTCCCGAGAC-1,CD4 Naive,1,CD4 Naive,0.062228620052337646,,0.013845073286332832,0.0,0.3227404057979584,0.03640109016660737
scvi_matched,PBMC5k_TCTCAGCCACAACATC-1,NK,1,NK,0.01625722646713257,,0.007180838515052648,0.0,0.43710455298423767,0.05951976624407015
scvi_matched,PBMC5k_TCTCAGCTCAGAATAG-1,CD4 TEM,1,CD4 TEM,0.38166874647140503,,0.2242275786244059,0.4,1.318827748298645,0.13967328156302863
scvi_matched,PBMC5k_TCTCCGAAGCAAGGAA-1,CD4 TCM,1,CD4 TCM,0.016916632652282715,,0.005330554052076691,0.0,0.19903603196144104,0.02626085497567555
scvi_matched,PBMC5k_TCTCCGACAAATGAAC-1,CD4 Naive,1,CD4 Naive,0.2842375636100769,,0.22924529491102352,0.19999999999999996,1.3003038167953491,0.1172387676397982
scvi_matched,PBMC5k_TCTCCGACAATCCAGT-1,NK,1,NK,0.0017018914222717285,,0.00031599107724567845,0.0,0.05960918962955475,0.008028052980754326
scvi_matched,PBMC5k_TCTCCGACATGACACT-1,CD4 Naive,1,CD4 Naive,0.014462649822235107,,0.07667530408565187,0.0,0.2821463346481323,0.016071399474225524
scvi_matched,PBMC5k_TCTCCGAGTAACTGCT-1,CD14 Mono,1,CD14 Mono,0.00286257266998291,,0.004511527002976919,0.0,0.07754978537559509,0.013152977565966714
scvi_matched,PBMC5k_TCTCCGAGTATGGAAT-1,CD4 Naive,0,CD4 TCM,0.4814804196357727,,0.18463908401102547,0.19999999999999996,1.5359150171279907,0.1500450280901296
scvi_matched,PBMC5k_TCTCCGATCCATACTT-1,CD14 Mono,1,CD14 Mono,0.0020078420639038086,,0.0024487526170147017,0.0,0.02415403723716736,0.002310793178493982
scvi_matched,PBMC5k_TCTCCGATCTACTATC-1,CD14 Mono,1,CD14 Mono,0.01937037706375122,,0.0034901717095736223,0.0,0.09053371101617813,0.008571183492867894
scvi_matched,PBMC5k_TCTCCGATCTCAACGA-1,NK,1,NK,0.0007506012916564941,,0.004906885793349802,0.0,0.22304372489452362,0.05322903911192122
scvi_matched,PBMC5k_TCTCTGGCACGCTGCA-1,B memory,1,B memory,0.025429368019104004,,0.0057772851695919725,0.0,0.34059038758277893,0.06918980882838213
scvi_matched,PBMC5k_TCTCTGGCAGAGACTG-1,ILC,1,ILC,0.48694443702697754,,0.08955265723420136,0.19999999999999996,1.1209617853164673,0.09549323537390489
scvi_matched,PBMC5k_TCTCTGGGTCAGGCAA-1,CD4 TCM,1,CD4 TCM,0.48683273792266846,,0.27542809758291575,0.4,1.3056576251983643,0.09782848573150078
scvi_matched,PBMC5k_TCTCTGGGTCGCTCGA-1,CD14 Mono,1,CD14 Mono,0.004327297210693359,,0.0035503170655333885,0.0,0.01694381795823574,0.0010333888901639602
scvi_matched,PBMC5k_TCTCTGGGTGAGGATC-1,CD4 TEM,1,CD4 TEM,0.34468352794647217,,0.08078777106537549,0.4,1.218374490737915,0.1158701502899602
scvi_matched,PBMC5k_TCTCTGGTCATGACAC-1,CD14 Mono,1,CD14 Mono,0.0008283853530883789,,0.0008784265273905356,0.0,0.011915067210793495,0.0014791719352337527
scvi_matched,PBMC5k_TCTGCCACAAGTTTGC-1,Eryth,1,Eryth,0.11472046375274658,,0.01947153303724497,0.0,0.322520911693573,0.029080478826916962
scvi_matched,PBMC5k_TCTGCCAGTTAAGAAC-1,CD4 TEM,1,CD4 TEM,0.24596667289733887,,0.12408555522359077,0.0,0.918865442276001,0.0650606706585931
scvi_matched,PBMC5k_TCTGGCTAGCGCCGTT-1,CD4 TEM,0,CD4 TCM,0.11545288562774658,,0.02254188684227465,0.0,0.6377843618392944,0.07593723444673856
scvi_matched,PBMC5k_TCTGGCTCACTCCCTA-1,CD4 TEM,1,CD4 TEM,0.21950703859329224,,0.11966505902267577,0.0,1.0126160383224487,0.12877336297261494
scvi_matched,PBMC5k_TCTGGCTTCGCCGTGA-1,Eryth,0,CD14 Mono,0.1735471487045288,,0.02769665183270842,0.19999999999999996,0.67093825340271,0.15664017776574443
scvi_matched,PBMC5k_TCTGGCTTCTCGTGAA-1,B naive,1,B naive,0.3409692049026489,,0.06511618306463751,0.19999999999999996,0.6150367259979248,0.173583406026852
scvi_matched,PBMC5k_TCTGTCGGTCAAACGG-1,CD4 Naive,1,CD4 Naive,0.4276425838470459,,0.27286871554927017,0.4,1.5468279123306274,0.13778123899817046
scvi_matched,PBMC5k_TCTGTCGGTTTCGGCG-1,CD4 TEM,1,CD4 TEM,0.04469096660614014,,0.07706971867657175,0.0,0.8335669040679932,0.10760715361714793
scvi_matched,PBMC5k_TCTTAGTAGAGGACTC-1,CD14 Mono,1,CD14 Mono,0.017143428325653076,,0.002157199416827335,0.0,0.17088748514652252,0.026380702090736258
scvi_matched,PBMC5k_TCTTAGTAGATACAGT-1,cDC2,1,cDC2,0.0008123517036437988,,0.00017853651670763845,0.0,0.006717261392623186,0.00031154151853956874
scvi_matched,PBMC5k_TCTTAGTAGCCACCGT-1,CD14 Mono,1,CD14 Mono,0.0022996068000793457,,0.0004624338701283842,0.0,0.030405960977077484,0.002083726257320448
scvi_matched,PBMC5k_TCTTAGTCAAACTCTG-1,CD4 TCM,1,CD4 TCM,0.018374323844909668,,0.0037580392708600474,0.0,0.17080475389957428,0.01826772197690667
scvi_matched,PBMC5k_TCTTAGTGTTCCCAAA-1,cDC2,1,cDC2,0.05063909292221069,,0.01536229274639974,0.0,0.01809530146420002,0.00220231295026992
scvi_matched,PBMC5k_TCTTAGTTCACCTCGT-1,CD8 Naive,1,CD8 Naive,0.23711144924163818,,0.09306487817295939,0.0,0.585468053817749,0.14186221166224422
scvi_matched,PBMC5k_TCTTAGTTCAGCACCG-1,CD14 Mono,1,CD14 Mono,0.00025087594985961914,,0.0002722603114606757,0.0,0.021976567804813385,0.0021104448986836943
scvi_matched,PBMC5k_TCTTAGTTCATTCCTA-1,CD4 TCM,0,CD4 TEM,0.7086431086063385,,0.352857433835428,0.19999999999999996,1.7829028367996216,0.07829637291512699
scvi_matched,PBMC5k_TCTTCCTTCGCGAAGA-1,B naive,0,B intermediate,0.4793418049812317,,0.1393762321764268,0.0,0.9105857014656067,0.09763408493348015
scvi_matched,PBMC5k_TCTTGCGAGACTCATC-1,B memory,1,B memory,0.03632926940917969,,0.039413316362844786,0.0,0.6395138502120972,0.04924417207030293
scvi_matched,PBMC5k_TCTTGCGAGATTCGAA-1,CD4 TCM,1,CD4 TCM,0.3388054370880127,,0.0511786907181766,0.0,0.9238957166671753,0.08598790268146911
scvi_matched,PBMC5k_TCTTGCGCATACCAGT-1,CD4 TCM,1,CD4 TCM,0.3975384831428528,,0.18938131734960673,0.4,1.042331576347351,0.18898879821507192
scvi_matched,PBMC5k_TCTTGCGGTCGAGCAA-1,Eryth,1,Eryth,0.06826931238174438,,0.04154004242136533,0.0,0.4572061002254486,0.06323566706067575
scvi_matched,PBMC5k_TCTTTGACATCTAGAC-1,CD4 TCM,1,CD4 TCM,0.5033195614814758,,0.07720567799934264,0.4,0.9307970404624939,0.23004089606897332
scvi_matched,PBMC5k_TGAACGTAGTAGCTCT-1,CD8 TEM,1,CD8 TEM,0.05444645881652832,,0.3646219213024309,0.0,0.9991846084594727,0.18736885439648382
scvi_matched,PBMC5k_TGAACGTCACGTGTGC-1,CD4 TEM,1,CD4 TEM,0.08098703622817993,,0.10229161229436634,0.0,0.8168112635612488,0.04197959119158986
scvi_matched,PBMC5k_TGAACGTCATATCTCT-1,CD4 TEM,1,CD4 TEM,0.18666023015975952,,0.10728663411987238,0.0,0.9567111730575562,0.1696953967482536
scvi_matched,PBMC5k_TGAACGTCATGCAGGA-1,B intermediate,0,B memory,0.035315632820129395,,0.02820993110774156,0.19999999999999996,0.5683326721191406,0.20270505829309074
scvi_matched,PBMC5k_TGAACGTTCCTCTAAT-1,CD4 TEM,1,CD4 TEM,0.09575533866882324,,0.07828969150111575,0.0,0.7748856544494629,0.11453459731410229
scvi_matched,PBMC5k_TGAACGTTCTCGGTCT-1,CD8 TCM,1,CD8 TCM,0.3746318221092224,,0.0833890577921117,0.19999999999999996,1.1322503089904785,0.20564185617399236
scvi_matched,PBMC5k_TGAATCGGTCGCTTAA-1,CD14 Mono,1,CD14 Mono,0.006756126880645752,,0.0011902283038813868,0.0,0.05793897435069084,0.006246410142526426
scvi_matched,PBMC5k_TGAATCGTCATTTCCA-1,CD4 Naive,0,CD4 TCM,0.4219624400138855,,0.035751573350227606,0.0,1.025352954864502,0.1399009315064805
scvi_matched,PBMC5k_TGAATGCAGAGTGAAG-1,NK,1,NK,0.000559389591217041,,0.0006307339948559013,0.0,0.2305546998977661,0.07498263108070115
scvi_matched,PBMC5k_TGACAGTAGGCCTGAA-1,CD14 Mono,1,CD14 Mono,0.04180699586868286,,0.008298476798956872,0.0,0.08419045060873032,0.014427398104787034
scvi_matched,PBMC5k_TGACAGTCACAACGCC-1,Eryth,1,Eryth,0.36807042360305786,,0.051786540026089956,0.0,0.5924069285392761,0.08777789174225234
scvi_matched,PBMC5k_TGACAGTCATCAGCTA-1,CD14 Mono,1,CD14 Mono,0.0008739829063415527,,0.001465044434516699,0.0,0.0087773147970438,0.0008345584379433588
scvi_matched,PBMC5k_TGACAGTGTAATCAGA-1,CD14 Mono,1,CD14 Mono,0.0024889707565307617,,0.0026134732092297705,0.0,0.01891116239130497,0.0016064420330274983
scvi_matched,PBMC5k_TGACCCTAGCTGCGAA-1,CD4 TCM,1,CD4 TCM,0.08644610643386841,,0.013791851426172563,0.0,0.23600080609321594,0.019345159438065418
scvi_matched,PBMC5k_TGACCCTAGGACATCG-1,Eryth,0,CD14 Mono,0.088326096534729,,0.05458399978658701,0.0,0.6295573711395264,0.14235674609363175
scvi_matched,PBMC5k_TGACCCTCACCATTCC-1,CD14 Mono,1,CD14 Mono,0.10643649101257324,,0.06689519234001434,0.0,0.4864232838153839,0.12460157729610734
scvi_matched,PBMC5k_TGACGCGGTACATTGC-1,CD4 Naive,1,CD4 Naive,0.3508604168891907,,0.10994823167586731,0.19999999999999996,1.2284047603607178,0.18741586902290158
scvi_matched,PBMC5k_TGACTCCCAAGCTACT-1,NK,1,NK,0.001284480094909668,,0.002558205955917575,0.0,0.2212066352367401,0.022284453295571206
scvi_matched,PBMC5k_TGAGACTAGATAACAC-1,CD14 Mono,1,CD14 Mono,0.0007773637771606445,,0.002441351944451293,0.0,0.011414806358516216,0.0007330144042902982
scvi_matched,PBMC5k_TGAGACTCAACAGATA-1,CD4 TCM,1,CD4 TCM,0.4839387536048889,,0.2727556811028802,0.0,1.5274091958999634,0.07066885909328763
scvi_matched,PBMC5k_TGAGCATAGCGAGTAC-1,B intermediate,1,B intermediate,0.32954686880111694,,0.052812951500498806,0.19999999999999996,0.6847687363624573,0.19848315479283707
scvi_matched,PBMC5k_TGAGCATAGTCACTAC-1,CD8 TCM,1,CD8 TCM,0.7361402213573456,,0.20892610104613496,0.4,1.6466888189315796,0.10298715833104219
scvi_matched,PBMC5k_TGAGCATGTCATCACA-1,ILC,0,CD4 TCM,0.3946529030799866,,0.06223497629034225,0.0,0.9308972358703613,0.09076553600509296
scvi_matched,PBMC5k_TGAGCGCAGATGCTAA-1,CD14 Mono,1,CD14 Mono,0.0019071698188781738,,0.0005102026829945823,0.0,0.014647671952843666,0.0010897250107130957
scvi_matched,PBMC5k_TGAGCGCAGGTAAACT-1,CD14 Mono,1,CD14 Mono,0.04741024971008301,,0.008756288539283924,0.0,0.14179103076457977,0.019877726970585662
scvi_matched,PBMC5k_TGAGCGCAGGTGCCTC-1,CD4 TEM,0,CD4 TCM,0.3578987121582031,,0.040164861422177345,0.4,0.8896483182907104,0.20984668719096608
scvi_matched,PBMC5k_TGAGCGCAGTGGTTAA-1,CD16 Mono,1,CD16 Mono,0.005062580108642578,,0.002661030713865635,0.0,0.020938238129019737,0.0015540068558784611
scvi_matched,PBMC5k_TGAGCGCCAACCACGC-1,CD4 Naive,1,CD4 Naive,0.25841909646987915,,0.1818270412563281,0.19999999999999996,0.9038736820220947,0.20735589538556518
scvi_matched,PBMC5k_TGAGCGCCACAGCCTG-1,CD14 Mono,1,CD14 Mono,0.03502488136291504,,0.01539519043241791,0.0,0.25641506910324097,0.01685559025935829
scvi_matched,PBMC5k_TGAGCGCGTATGCGGA-1,cDC2,1,cDC2,0.0538630485534668,,0.011628892190629181,0.0,0.09517984092235565,0.015836011538633257
scvi_matched,PBMC5k_TGAGCGCTCTCTCTTC-1,CD4 TEM,1,CD4 TEM,0.2516927123069763,,0.12003771778458305,0.4,1.179948329925537,0.22712584598730803
scvi_matched,PBMC5k_TGAGGAGCATGTCGTA-1,CD14 Mono,1,CD14 Mono,0.001799464225769043,,0.0012788754815769021,0.0,0.012194139882922173,0.0009124377835809975
scvi_matched,PBMC5k_TGAGGAGGTCACCCTT-1,CD4 Naive,1,CD4 Naive,0.22326165437698364,,0.20969590569383212,0.4,1.3188306093215942,0.13875847747124712
scvi_matched,PBMC5k_TGAGGAGTCTCTCTAA-1,ILC,0,CD4 TCM,0.37114059925079346,,0.062405154422948805,0.0,0.5397294759750366,0.023656251755852405
scvi_matched,PBMC5k_TGAGGGAAGCCGATCC-1,CD4 TEM,1,CD4 TEM,0.24681442975997925,,0.11535993173766301,0.4,1.1882953643798828,0.15765236927738785
scvi_matched,PBMC5k_TGAGGTTCACGGCGTT-1,NK,1,NK,0.0018091797828674316,,0.0026577745647340598,0.0,0.17071494460105896,0.013691381280029525
scvi_matched,PBMC5k_TGAGGTTCAGCAGTTT-1,CD8 TEM,0,CD4 TEM,0.42697978019714355,,0.22528258908557097,0.4,1.6714253425598145,0.06338096307079498
scvi_matched,PBMC5k_TGAGGTTGTTGCATTG-1,CD14 Mono,0,Eryth,0.24837493896484375,,0.05459780360386013,0.4,0.7497543692588806,0.22494480474667633
scvi_matched,PBMC5k_TGAGGTTTCTCTCGAC-1,CD14 Mono,1,CD14 Mono,0.0010961294174194336,,0.0009548000183293853,0.0,0.06016801297664642,0.007046861555402129
scvi_matched,PBMC5k_TGATCAGAGCGTTACT-1,CD14 Mono,1,CD14 Mono,0.0011721253395080566,,0.0007029899987430668,0.0,0.012114564888179302,0.002253825416499586
scvi_matched,PBMC5k_TGATCAGAGTCTCTGA-1,CD4 TCM,0,CD4 Naive,0.5134231150150299,,0.12882631129154065,0.4,1.2760066986083984,0.2547759154585031
scvi_matched,PBMC5k_TGATCTTAGGCATTTC-1,CD4 Naive,1,CD4 Naive,0.49127328395843506,,0.15253578847150573,0.0,1.1294344663619995,0.10915906338799
scvi_matched,PBMC5k_TGATCTTCATGCCGCA-1,CD14 Mono,1,CD14 Mono,0.0010767579078674316,,0.003151805030227793,0.0,0.014388855546712875,0.0007569204568761439
scvi_matched,PBMC5k_TGATCTTTCGATTTCT-1,CD8 TEM,0,MAIT,0.4868748188018799,,0.24121779256753761,0.4,1.5828415155410767,0.17487930370842333
scvi_matched,PBMC5k_TGATGCACACCCTTGT-1,CD14 Mono,1,CD14 Mono,0.0035780668258666992,,0.001281655374513942,0.0,0.007986671291291714,0.0006260628123070279
scvi_matched,PBMC5k_TGATGCACAGGACGAT-1,Treg,0,CD4 TCM,0.20308667421340942,,0.06966479346052756,0.0,0.7859765291213989,0.009045184180066586
scvi_matched,PBMC5k_TGATGCAGTTCGTGCG-1,CD14 Mono,1,CD14 Mono,0.001406252384185791,,0.0005375483304551724,0.0,0.03672897815704346,0.002644243532258369
scvi_matched,PBMC5k_TGATGGTAGGACAACC-1,CD8 Naive,0,gdT,0.5573363900184631,,0.18295278305119467,0.0,0.44692760705947876,0.0524858393589026
scvi_matched,PBMC5k_TGATGGTAGTATGAGT-1,CD8 TEM,1,CD8 TEM,0.33300071954727173,,0.09440773157502402,0.4,1.3569025993347168,0.20777089040225047
scvi_matched,PBMC5k_TGATGGTTCCTCAGGG-1,B naive,1,B naive,0.3216073513031006,,0.05228679599802899,0.0,0.7370487451553345,0.15516467399438544
scvi_matched,PBMC5k_TGATGGTTCGTCAGAT-1,cDC2,1,cDC2,0.2624368667602539,,0.04604359027687449,0.0,0.48354819416999817,0.12138064084691973
scvi_matched,PBMC5k_TGATTCTAGAACAGGA-1,CD4 TEM,1,CD4 TEM,0.444067120552063,,0.04198810127676644,0.0,1.129196286201477,0.048843062756062976
scvi_matched,PBMC5k_TGATTCTAGTCTAGAA-1,B memory,1,B memory,0.15089517831802368,,0.004946632611360191,0.0,0.4568701982498169,0.07729095313084049
scvi_matched,PBMC5k_TGATTCTGTACCAATC-1,Treg,0,CD4 TCM,0.4096795916557312,,0.08888571006560331,0.0,1.1072371006011963,0.10727789260668157
scvi_matched,PBMC5k_TGATTCTTCGAGAAGC-1,CD4 TCM,1,CD4 TCM,0.5568068623542786,,0.09292722430136235,0.4,1.1523771286010742,0.12087827575130579
scvi_matched,PBMC5k_TGATTTCCATGTTCAG-1,NK,1,NK,0.000265657901763916,,0.00023099509092406722,0.0,0.012065185233950615,0.0007419316841136317
scvi_matched,PBMC5k_TGATTTCCATTGTAGC-1,cDC2,1,cDC2,0.002599477767944336,,0.0005389588242450246,0.0,0.006300150416791439,0.00046954057513628154
scvi_matched,PBMC5k_TGATTTCGTGACAACG-1,CD14 Mono,1,CD14 Mono,0.0010055899620056152,,0.00034227117231470146,0.0,0.006224839016795158,0.0004416881862083009
scvi_matched,PBMC5k_TGCACGGCAATGGCAG-1,CD14 Mono,1,CD14 Mono,0.0003833770751953125,,0.00013927110355645275,0.0,0.009998279623687267,0.001062705189163496
scvi_matched,PBMC5k_TGCAGATAGTACGTCT-1,CD14 Mono,1,CD14 Mono,0.0007027387619018555,,0.0003164205039622031,0.0,0.034377291798591614,0.004887922411185263
scvi_matched,PBMC5k_TGCAGATAGTCTAGAA-1,CD14 Mono,1,CD14 Mono,0.011338472366333008,,0.0019146869327694577,0.0,0.01546085812151432,0.0014688762059807512
scvi_matched,PBMC5k_TGCAGATCATTCCTCG-1,CD4 Naive,1,CD4 Naive,0.13689208030700684,,0.17469334103093648,0.19999999999999996,1.220131278038025,0.08351857373770274
scvi_matched,PBMC5k_TGCAGATTCGCGCCAA-1,NK,1,NK,0.012858867645263672,,0.002415776302705591,0.0,0.22278785705566406,0.06370819666538616
scvi_matched,PBMC5k_TGCAGATTCTATACTC-1,CD8 TEM,0,CD4 CTL,0.4694625735282898,,0.11543050919011955,0.0,1.1625776290893555,0.20760953313836392
scvi_matched,PBMC5k_TGCAGATTCTGCGGAC-1,CD14 Mono,1,CD14 Mono,0.0002720952033996582,,0.0002248846977087049,0.0,0.02297101728618145,0.003482462677377222
scvi_matched,PBMC5k_TGCAGGCAGCCGATAG-1,CD14 Mono,1,CD14 Mono,0.0002543330192565918,,0.00013755785440413594,0.0,0.009016423486173153,0.000891570751948115
scvi_matched,PBMC5k_TGCAGGCAGGCGATAC-1,B naive,1,B naive,0.012610554695129395,,0.025484866390295458,0.0,0.37889477610588074,0.12917199683888997
scvi_matched,PBMC5k_TGCAGGCGTACCTGTA-1,CD4 Naive,1,CD4 Naive,0.18350964784622192,,0.06926128095125061,0.4,1.0973024368286133,0.23464663852912454
scvi_matched,PBMC5k_TGCAGGCTCCGTCACT-1,CD16 Mono,1,CD16 Mono,0.07126754522323608,,0.0735442144752182,0.0,0.3612110912799835,0.14496821646303276
scvi_matched,PBMC5k_TGCAGTAAGGCTTAGG-1,B memory,1,B memory,0.013582825660705566,,0.006261583892632039,0.0,0.3387465178966522,0.09612050104640375
scvi_matched,PBMC5k_TGCAGTAAGTCAACAA-1,CD14 Mono,1,CD14 Mono,0.0007945895195007324,,0.00035488389952597395,0.0,0.007000007666647434,0.00045510333829288513
scvi_matched,PBMC5k_TGCATCCAGTGCCCGT-1,B naive,1,B naive,0.10204219818115234,,0.021186554320900164,0.0,0.8272256255149841,0.16289997758116934
scvi_matched,PBMC5k_TGCATCCGTTCCCACT-1,CD4 TCM,0,CD4 TEM,0.4709845185279846,,0.16735633898279545,0.4,1.2164781093597412,0.14971842908443103
scvi_matched,PBMC5k_TGCATGAAGAAGTGTT-1,CD14 Mono,1,CD14 Mono,0.0007213950157165527,,0.00021851268001909716,0.0,0.022834427654743195,0.002538500430004535
scvi_matched,PBMC5k_TGCATGAAGTGTAGTA-1,CD4 Naive,1,CD4 Naive,0.2808629870414734,,0.029327874860384462,0.19999999999999996,1.046433687210083,0.1994677122548261
scvi_matched,PBMC5k_TGCATGACATCGGAAG-1,CD4 Naive,1,CD4 Naive,0.10612815618515015,,0.06869650456823351,0.19999999999999996,1.1485986709594727,0.17041665076552992
scvi_matched,PBMC5k_TGCATGAGTGACCGAA-1,CD14 Mono,1,CD14 Mono,0.00021475553512573242,,0.002778531107725128,0.0,0.025059087201952934,0.0032353487565899325
scvi_matched,PBMC5k_TGCCGAGAGAACAGGA-1,Treg,1,Treg,0.7756054401397705,,0.1153567304602321,0.6,1.8974828720092773,0.09306595332556854
scvi_matched,PBMC5k_TGCCGAGAGAGGACTC-1,B naive,1,B naive,0.2585318088531494,,0.05076925834852847,0.19999999999999996,0.6607778668403625,0.17931489914845064
scvi_matched,PBMC5k_TGCGACGAGCTACTAC-1,CD4 Naive,1,CD4 Naive,0.04172706604003906,,0.05837910386184153,0.0,0.49032890796661377,0.029964235998117796
scvi_matched,PBMC5k_TGCGACGTCCAAGGGA-1,MAIT,1,MAIT,0.20683789253234863,,0.07443342627092653,0.0,1.0121511220932007,0.15949101078092623
scvi_matched,PBMC5k_TGCGACGTCTGCCCTA-1,NK,1,NK,0.11974930763244629,,0.036488991671372706,0.0,0.7114256024360657,0.09184060254655335
scvi_matched,PBMC5k_TGCGATAAGCATGCAG-1,CD14 Mono,1,CD14 Mono,0.001279294490814209,,0.00037240203697052644,0.0,0.02015482820570469,0.001883713078894993
scvi_matched,PBMC5k_TGCGATACAGGAATCG-1,CD4 Naive,1,CD4 Naive,0.3595253825187683,,0.1418917116045233,0.0,0.9711313247680664,0.05854616797478792
scvi_matched,PBMC5k_TGCGATACAGGTTACT-1,CD14 Mono,1,CD14 Mono,0.005395472049713135,,0.001519974511364916,0.0,0.052127428352832794,0.005320896777582629
scvi_matched,PBMC5k_TGCGATATCAGACCCG-1,CD8 TCM,1,CD8 TCM,0.44397103786468506,,0.06770294492181639,0.6,1.3821982145309448,0.1528467959972777
scvi_matched,PBMC5k_TGCGGCACACACACTA-1,CD4 TEM,0,CD4 TCM,0.46888601779937744,,0.09206130783919175,0.0,1.0774743556976318,0.08229239762308581
scvi_matched,PBMC5k_TGCGGCACATCTGTTT-1,NK,1,NK,0.0003483295440673828,,0.0002786717030453575,0.0,0.029303036630153656,0.0023742413441913053
scvi_matched,PBMC5k_TGCGGGTAGAGGTTTA-1,CD4 TEM,1,CD4 TEM,0.21600770950317383,,0.11721357544876398,0.4,1.2724086046218872,0.1471333819830124
scvi_matched,PBMC5k_TGCGGGTAGGTTCACT-1,CD14 Mono,1,CD14 Mono,0.000452578067779541,,0.00010817651087526936,0.0,0.012621051631867886,0.0012925313170973438
scvi_matched,PBMC5k_TGCGGGTCAGGTTCGC-1,B naive,1,B naive,0.13517099618911743,,0.03916719264369267,0.0,0.48523181676864624,0.11238421086210015
scvi_matched,PBMC5k_TGCGGGTCATATGAAG-1,CD4 TCM,1,CD4 TCM,0.3837885856628418,,0.11310339831355454,0.0,1.1614383459091187,0.13990110560220942
scvi_matched,PBMC5k_TGCGGGTCATGGAGAC-1,ILC,1,ILC,0.49581944942474365,,0.02323080709808889,0.0,0.8458161354064941,0.09314480902253482
scvi_matched,PBMC5k_TGCGGGTTCCTATTGT-1,NK_CD56bright,0,NK,0.10002988576889038,,0.21330754650261463,0.4,0.8667906522750854,0.2771854207804131
scvi_matched,PBMC5k_TGCTCCAAGAGCAACC-1,CD14 Mono,1,CD14 Mono,0.0012456178665161133,,0.00031510046964672994,0.0,0.025317488238215446,0.002585370152513112
scvi_matched,PBMC5k_TGCTCCAGTACGGTTT-1,gdT,1,gdT,0.5697584450244904,,0.16785141508508672,0.4,1.46482253074646,0.09205506874733677
scvi_matched,PBMC5k_TGCTCCAGTACTGGGA-1,CD4 TCM,1,CD4 TCM,0.08553022146224976,,0.020378267998071187,0.0,0.5360220074653625,0.06190988872967821
scvi_matched,PBMC5k_TGCTCCATCATTATCC-1,CD4 TCM,0,CD4 Naive,0.08837395906448364,,0.06655332522431956,0.4,1.1968179941177368,0.17831135040857632
scvi_matched,PBMC5k_TGCTCGTAGAAGAACG-1,CD14 Mono,1,CD14 Mono,0.0014543533325195312,,0.002505928463965315,0.0,0.03577582538127899,0.0026170993048572743
scvi_matched,PBMC5k_TGCTCGTCAACTCGAT-1,CD8 TEM,0,CD8 TCM,0.31751519441604614,,0.10222776052023108,0.19999999999999996,1.1227624416351318,0.017448871877476634
scvi_matched,PBMC5k_TGCTCGTCATCAGTCA-1,CD4 TEM,1,CD4 TEM,0.05546391010284424,,0.03915417499617746,0.0,0.7576742172241211,0.09479768361330405
scvi_matched,PBMC5k_TGCTCGTTCCAACTGA-1,Treg,0,CD4 TEM,0.352389395236969,,0.2738758049248926,0.6,1.6156067848205566,0.04576863524024175
scvi_matched,PBMC5k_TGCTGAACACGCCACA-1,CD16 Mono,0,CD14 Mono,0.5055542588233948,,0.06478336191556677,0.0,0.9649340510368347,0.10389257166481182
scvi_matched,PBMC5k_TGCTGAAGTACGAGCA-1,Treg,0,CD4 TCM,0.1414596438407898,,0.07970809652045352,0.0,0.6765782833099365,0.05713941084104999
scvi_matched,PBMC5k_TGCTGAAGTGGTTCTA-1,CD16 Mono,1,CD16 Mono,0.0008894801139831543,,0.0011566710397184453,0.0,0.013141468167304993,0.0015481651179844347
scvi_matched,PBMC5k_TGCTTCGAGAAGTCAT-1,CD14 Mono,1,CD14 Mono,0.0016369223594665527,,0.000700258012813813,0.0,0.026415979489684105,0.002965523434155628
scvi_matched,PBMC5k_TGCTTCGAGAATAACC-1,CD4 Naive,1,CD4 Naive,0.12205016613006592,,0.18553653946783089,0.0,0.8289290070533752,0.13555293445155625
scvi_matched,PBMC5k_TGCTTCGTCGCCTTTG-1,CD14 Mono,1,CD14 Mono,0.009322285652160645,,0.007156166088022359,0.0,0.11961599439382553,0.01859477619186546
scvi_matched,PBMC5k_TGCTTGCGTCTGCCTT-1,CD4 TCM,1,CD4 TCM,0.11348491907119751,,0.049488194669368823,0.0,0.5038666725158691,0.06821795265172753
scvi_matched,PBMC5k_TGCTTGCGTGTTGCCG-1,CD14 Mono,1,CD14 Mono,0.0018783211708068848,,0.0006740637417181079,0.0,0.007999901659786701,0.0006124309740135307
scvi_matched,PBMC5k_TGGAACTCAAATGGAT-1,CD16 Mono,1,CD16 Mono,0.012962937355041504,,0.0020563030739995936,0.0,0.07701262831687927,0.023474516748276195
scvi_matched,PBMC5k_TGGAACTTCACTCACC-1,CD4 TCM,1,CD4 TCM,0.0054512619972229,,0.005841293601147005,0.0,0.177396759390831,0.025664123871317432
scvi_matched,PBMC5k_TGGAGAGAGCTTGTGT-1,CD4 TEM,1,CD4 TEM,0.24803704023361206,,0.08087887781062986,0.0,0.8468159437179565,0.09105886357347225
scvi_matched,PBMC5k_TGGAGAGCACATGACT-1,CD14 Mono,1,CD14 Mono,0.0023642778396606445,,0.0005670152833585889,0.0,0.011304753832519054,0.0008545286884119481
scvi_matched,PBMC5k_TGGAGAGTCTATCGTT-1,B memory,1,B memory,0.026712417602539062,,0.005307305523342687,0.0,0.23454612493515015,0.03872881880094102
scvi_matched,PBMC5k_TGGAGGAAGCTTGTTG-1,cDC2,1,cDC2,0.0010383129119873047,,0.0002129897947609847,0.0,0.002060392638668418,0.00010647928692270656
scvi_matched,PBMC5k_TGGAGGATCACTGATG-1,CD4 TCM,1,CD4 TCM,0.07042187452316284,,0.007077181624914608,0.0,0.34734511375427246,0.036923537646486565
scvi_matched,PBMC5k_TGGATCAAGTAGGATT-1,CD14 Mono,1,CD14 Mono,0.0005944967269897461,,0.0006653801378066516,0.0,0.02223197929561138,0.0023541744552860694
scvi_matched,PBMC5k_TGGATCACACTATCGA-1,CD4 TCM,1,CD4 TCM,0.14034497737884521,,0.055603623854858286,0.0,0.6709326505661011,0.06330485171441595
scvi_matched,PBMC5k_TGGATCAGTAACATGA-1,CD8 TEM,1,CD8 TEM,0.5398201644420624,,0.19011825680777705,0.4,1.5004934072494507,0.23745579640797698
scvi_matched,PBMC5k_TGGATCAGTAGTGGCA-1,CD4 TCM,1,CD4 TCM,0.24836993217468262,,0.05181856302455623,0.0,1.0928341150283813,0.0919621530952465
scvi_matched,PBMC5k_TGGATCATCATGCCCT-1,CD4 TEM,1,CD4 TEM,0.33587509393692017,,0.08975707804816635,0.0,0.9285938739776611,0.13959540682565832
scvi_matched,PBMC5k_TGGATGTAGAGACAAG-1,CD14 Mono,1,CD14 Mono,0.001406252384185791,,0.0005464812571548718,0.0,0.01184918638318777,0.0006172383900671281
scvi_matched,PBMC5k_TGGATGTAGGTTCATC-1,NK,1,NK,0.008655190467834473,,0.016483230825007716,0.0,0.8857947587966919,0.10627011464973929
scvi_matched,PBMC5k_TGGATGTAGTTTGCTG-1,CD4 TEM,1,CD4 TEM,0.3652893900871277,,0.12156612963219038,0.0,0.5909483432769775,0.06300111763182598
scvi_matched,PBMC5k_TGGATGTCAACATCGT-1,CD14 Mono,1,CD14 Mono,0.008814632892608643,,0.007086867704649752,0.0,0.0730530172586441,0.008711191781928923
scvi_matched,PBMC5k_TGGATGTCAGAGGACT-1,CD4 Naive,1,CD4 Naive,0.5462986826896667,,0.05452988969378003,0.19999999999999996,1.2982484102249146,0.10947020637462306
scvi_matched,PBMC5k_TGGATGTCAGTCAGCC-1,B naive,0,B memory,0.23042356967926025,,0.2515047802391206,0.4,1.168953776359558,0.1702420545103071
scvi_matched,PBMC5k_TGGATGTGTGACGTCC-1,CD16 Mono,0,CD14 Mono,0.10245031118392944,,0.1743411854513347,0.0,0.5257657766342163,0.1279726445694983
scvi_matched,PBMC5k_TGGATGTTCCACGGAC-1,CD4 TCM,1,CD4 TCM,0.297560453414917,,0.2049195280052194,0.0,0.8097691535949707,0.0882404024310414
scvi_matched,PBMC5k_TGGCGTGGTAGATGTA-1,CD4 TCM,1,CD4 TCM,0.32396239042282104,,0.07340083278019272,0.0,0.8054277896881104,0.03894228186358284
scvi_matched,PBMC5k_TGGCGTGGTGTATTGC-1,CD8 Naive,0,CD4 Naive,0.5568042099475861,,0.2036992929892426,0.0,0.6525265574455261,0.16869262758450024
scvi_matched,PBMC5k_TGGCGTGTCACGACTA-1,CD4 TEM,1,CD4 TEM,0.11322271823883057,,0.0722602199597634,0.0,1.4210337400436401,0.06680263374132417
scvi_matched,PBMC5k_TGGGAAGCAAAGCTCT-1,cDC2,0,CD14 Mono,0.396126925945282,,0.1572172934026585,0.0,0.5597878694534302,0.12444061901929702
scvi_matched,PBMC5k_TGGGAAGTCCGGACTG-1,CD8 Naive,1,CD8 Naive,0.18509680032730103,,0.04694880064139456,0.0,0.32148078083992004,0.05429892833494769
scvi_matched,PBMC5k_TGGGAAGTCGCAATTG-1,Treg,1,Treg,0.2206815481185913,,0.21338596377024155,0.0,0.9993152618408203,0.17073212988496295
scvi_matched,PBMC5k_TGGGAGAGTGTGCTTA-1,CD14 Mono,1,CD14 Mono,0.024460673332214355,,0.025918726758184324,0.0,0.058467183262109756,0.004270568500085091
scvi_matched,PBMC5k_TGGGAGATCAGAGTTC-1,CD4 TEM,1,CD4 TEM,0.2501935362815857,,0.11129592707621438,0.0,1.036044955253601,0.13668829270495336
scvi_matched,PBMC5k_TGGGATTAGGCCTGAA-1,CD4 TEM,1,CD4 TEM,0.05999177694320679,,0.015278877817935577,0.0,0.9087529182434082,0.14380554975078852
scvi_matched,PBMC5k_TGGGATTGTTAACCTG-1,CD4 TEM,0,CD4 TCM,0.374300479888916,,0.049906980038402216,0.0,0.8868789076805115,0.030504811351902847
scvi_matched,PBMC5k_TGGGATTGTTAATCGC-1,NK,1,NK,0.005689859390258789,,0.008790153954675764,0.19999999999999996,0.8218722343444824,0.18810664985966083
scvi_matched,PBMC5k_TGGGATTTCGGCTCTT-1,CD4 TEM,0,CD8 TCM,0.17714530229568481,,0.5669707220819626,0.4,1.4679880142211914,0.06432812116145273
scvi_matched,PBMC5k_TGGGCGTAGATTGACA-1,CD4 Naive,0,CD4 TCM,0.18733739852905273,,0.031246301904830243,0.0,0.7746524810791016,0.05382655650411611
scvi_matched,PBMC5k_TGGGCGTAGCTAAGTA-1,cDC2,1,cDC2,0.018307924270629883,,0.032018992184544515,0.0,0.12055526673793793,0.012987242088976088
scvi_matched,PBMC5k_TGGGCGTCAATTGAGA-1,NK,1,NK,0.0002301335334777832,,0.00020041733404562497,0.0,0.022073669359087944,0.0024970289568917075
scvi_matched,PBMC5k_TGGGCGTCACGCAGTC-1,CD14 Mono,1,CD14 Mono,0.017985999584197998,,0.004471913210897363,0.0,0.06540176272392273,0.007344167736736104
scvi_matched,PBMC5k_TGGGCGTGTCCCACGA-1,B naive,0,B intermediate,0.4211898446083069,,0.23014894816570053,0.4,1.1238648891448975,0.24766692506606106
scvi_matched,PBMC5k_TGGGCTGAGACGACTG-1,B memory,1,B memory,0.05962473154067993,,0.008748781001887362,0.0,0.37923121452331543,0.05892119527503248
scvi_matched,PBMC5k_TGGGCTGAGGCTGTAG-1,CD4 TEM,1,CD4 TEM,0.2970333695411682,,0.046528202725582335,0.4,1.3117244243621826,0.14968878764699323
scvi_matched,PBMC5k_TGGGCTGCATGTTTGG-1,CD14 Mono,1,CD14 Mono,0.00020641088485717773,,7.648428346892491e-05,0.0,0.00919873733073473,0.0013224051130487754
scvi_matched,PBMC5k_TGGGCTGGTGACACAG-1,B intermediate,1,B intermediate,0.40379297733306885,,0.0476161697863835,0.19999999999999996,0.6707050204277039,0.18076905941083632
scvi_matched,PBMC5k_TGGGTTAGTGAATTAG-1,CD4 TCM,1,CD4 TCM,0.062172532081604004,,0.02267519254849354,0.0,0.3606643080711365,0.03501729118386197
scvi_matched,PBMC5k_TGGGTTATCGAGAGCA-1,CD8 TEM,1,CD8 TEM,0.09611731767654419,,0.1792415606820914,0.0,0.43038254976272583,0.06769412049235041
scvi_matched,PBMC5k_TGGGTTATCTTCTAAC-1,CD4 Naive,0,CD8 Naive,0.3151228427886963,,0.13136485336398995,0.19999999999999996,1.092718482017517,0.20602543963524336
scvi_matched,PBMC5k_TGGTACAAGCCGCTTG-1,CD14 Mono,1,CD14 Mono,0.06378376483917236,,0.008424466180532941,0.0,0.5746599435806274,0.11554045403065098
scvi_matched,PBMC5k_TGGTACAGTGGCGTAA-1,CD4 TEM,0,CD4 TCM,0.3379373550415039,,0.14832388737000923,0.0,0.9701246619224548,0.07163373358981302
scvi_matched,PBMC5k_TGGTAGTAGCTCAGAG-1,CD8 TEM,1,CD8 TEM,0.3355441689491272,,0.059292768919735006,0.19999999999999996,1.3489328622817993,0.17005489872968926
scvi_matched,PBMC5k_TGGTAGTAGGCCCAAA-1,CD16 Mono,1,CD16 Mono,0.0011507272720336914,,9.973535087264875e-05,0.0,0.004321263171732426,0.0004989236660804633
scvi_matched,PBMC5k_TGGTAGTTCTGGTCAA-1,CD14 Mono,1,CD14 Mono,0.000629127025604248,,0.0031921692103558143,0.0,0.007613534107804298,0.0008525579133438434
scvi_matched,PBMC5k_TGGTGATCAATCGTCA-1,CD4 TCM,1,CD4 TCM,0.0793657898902893,,0.03408182986637803,0.0,0.8311249017715454,0.07154191845015087
scvi_matched,PBMC5k_TGGTGATCACTAGAGG-1,B naive,1,B naive,0.17829525470733643,,0.030846682600809222,0.0,0.4202672243118286,0.06347476371316056
scvi_matched,PBMC5k_TGGTGATCACTCATAG-1,NK_CD56bright,1,NK_CD56bright,0.281294047832489,,0.05760244408574022,0.0,0.6514343619346619,0.16912190587632006
scvi_matched,PBMC5k_TGGTGATTCTATCGCC-1,NK,1,NK,5.257129669189453e-05,,0.0001271719194934997,0.0,0.02411128394305706,0.003954123340877211
scvi_matched,PBMC5k_TGGTTAGCAATAAGGT-1,B intermediate,1,B intermediate,0.05066800117492676,,0.040140360855608015,0.0,0.6391575336456299,0.09650138734285496
scvi_matched,PBMC5k_TGGTTAGCAATTCACG-1,CD14 Mono,1,CD14 Mono,0.004095971584320068,,0.007894153612617569,0.0,0.1688486784696579,0.028198308747720432
scvi_matched,PBMC5k_TGGTTAGCAGAACGCA-1,CD8 TEM,0,gdT,0.3838309645652771,,0.3309365032633318,0.6,1.6010104417800903,0.09179399933961963
scvi_matched,PBMC5k_TGGTTAGGTCGAACGA-1,CD14 Mono,1,CD14 Mono,0.027663767337799072,,0.004117556161386066,0.0,0.11747033149003983,0.011726738935012585
scvi_matched,PBMC5k_TGGTTAGTCCTCGCAT-1,B memory,0,B intermediate,0.20837336778640747,,0.07803319055485292,0.0,0.5965920090675354,0.10457988328710445
scvi_matched,PBMC5k_TGTAACGAGACATCCT-1,CD4 Naive,0,CD4 TCM,0.5085342824459076,,0.13297076119264772,0.0,1.049601435661316,0.08552384283189583
scvi_matched,PBMC5k_TGTAACGGTATCAGCT-1,CD4 TCM,0,CD4 Naive,0.13347530364990234,,0.14298576547472108,0.4,1.500253438949585,0.20977800478813582
scvi_matched,PBMC5k_TGTAAGCAGGTAAACT-1,CD14 Mono,1,CD14 Mono,0.0014078021049499512,,0.0004381693735423693,0.0,0.01603093184530735,0.0012296933417488948
scvi_matched,PBMC5k_TGTAAGCGTATAGGGC-1,cDC2,1,cDC2,0.0001900792121887207,,7.291093410927911e-05,0.0,0.0004774907720275223,2.7760605911980252e-05
scvi_matched,PBMC5k_TGTAAGCGTTGTAAAG-1,CD4 TCM,1,CD4 TCM,0.35202842950820923,,0.06616563083768734,0.0,1.2573963403701782,0.0797737850203889
scvi_matched,PBMC5k_TGTACAGAGGAAGTGA-1,NK,1,NK,0.0006430745124816895,,0.001759244051181219,0.0,0.1069340929389,0.017854670364763996
scvi_matched,PBMC5k_TGTACAGCACCCTATC-1,cDC2,1,cDC2,0.04490649700164795,,0.011580407571029322,0.0,0.1866408884525299,0.013137052186928845
scvi_matched,PBMC5k_TGTAGACCAGTGCCTG-1,CD14 Mono,1,CD14 Mono,0.011903524398803711,,0.0037576528473671628,0.0,0.01874428801238537,0.0015017916807268871
scvi_matched,PBMC5k_TGTAGACGTATGGAAT-1,NK,1,NK,0.0002879500389099121,,0.00037683435637928756,0.0,0.03878755867481232,0.0028463754987727266
scvi_matched,PBMC5k_TGTCAGAAGTAGTCCT-1,CD14 Mono,1,CD14 Mono,0.0010674595832824707,,0.002868413284614145,0.0,0.04792474955320358,0.0022615196569009412
scvi_matched,PBMC5k_TGTCAGAAGTATGAAC-1,CD14 Mono,1,CD14 Mono,0.45327281951904297,,0.04022505982862412,0.0,0.6261313557624817,0.1549179313372478
scvi_matched,PBMC5k_TGTCAGACATCCGGTG-1,CD14 Mono,1,CD14 Mono,0.08934783935546875,,0.02200541139535961,0.0,0.49267494678497314,0.06445702707063511
scvi_matched,PBMC5k_TGTCAGAGTCGTTCAA-1,NK,1,NK,0.01695537567138672,,0.013943505985673704,0.0,0.25740164518356323,0.03641612477871695
scvi_matched,PBMC5k_TGTCAGAGTTATTCTC-1,CD14 Mono,1,CD14 Mono,0.0015951991081237793,,0.004105906942368731,0.0,0.07550051063299179,0.0051943124628610225
scvi_matched,PBMC5k_TGTCAGAGTTCTCCCA-1,CD14 Mono,1,CD14 Mono,0.1692746877670288,,0.02047797238285784,0.0,0.30360618233680725,0.037394365546734726
scvi_matched,PBMC5k_TGTCAGATCATCCTGC-1,CD14 Mono,1,CD14 Mono,0.0002849698066711426,,0.0038238356050414417,0.0,0.01756608486175537,0.0010025261578150081
scvi_matched,PBMC5k_TGTCCACGTTGCATCA-1,CD14 Mono,1,CD14 Mono,0.0006299614906311035,,0.000790142368032664,0.0,0.04589688405394554,0.0039508562441411205
scvi_matched,PBMC5k_TGTCCACTCAGTCAGT-1,NK,1,NK,0.0007483363151550293,,0.0026639773872069866,0.0,0.2405889928340912,0.024250417007360067
scvi_matched,PBMC5k_TGTCCCAAGGTCTGGA-1,CD4 TEM,1,CD4 TEM,0.512770265340805,,0.11259748222225174,0.0,0.9058689475059509,0.09487104116380203
scvi_matched,PBMC5k_TGTCCTGAGAATAACC-1,CD4 TEM,0,CD4 TCM,0.31138885021209717,,0.07129641538096576,0.4,1.021920919418335,0.23936563099936925
scvi_matched,PBMC5k_TGTCCTGAGGACTATA-1,CD14 Mono,1,CD14 Mono,0.005193531513214111,,0.0032862079300346528,0.0,0.03322646766901016,0.0015341199616304441
scvi_matched,PBMC5k_TGTCCTGCATAGAGGC-1,CD4 Naive,1,CD4 Naive,0.08650451898574829,,0.1507731610559726,0.0,0.879883348941803,0.12550205697446842
scvi_matched,PBMC5k_TGTCCTGGTGACATCT-1,CD8 TEM,0,CD4 TEM,0.602110356092453,,0.18213632977962368,0.19999999999999996,1.4128167629241943,0.1066337416683525
scvi_matched,PBMC5k_TGTCCTGTCACGATCA-1,NK,1,NK,0.002499997615814209,,0.00751982424446114,0.0,0.36396077275276184,0.048988249665872646
scvi_matched,PBMC5k_TGTGAGTCAAGCTGTT-1,CD4 Naive,1,CD4 Naive,0.1303350329399109,,0.025485942992585664,0.19999999999999996,1.0570796728134155,0.19162187702292235
scvi_matched,PBMC5k_TGTGAGTCAGGACGAT-1,CD14 Mono,1,CD14 Mono,0.03800851106643677,,0.018178173487192195,0.0,0.26888352632522583,0.01753817952424949
scvi_matched,PBMC5k_TGTGAGTCAGGAGACT-1,CD14 Mono,1,CD14 Mono,0.0013598799705505371,,0.0003349421598116756,0.0,0.013879887759685516,0.0009233192308412996
scvi_matched,PBMC5k_TGTGCGGAGTACAACA-1,CD4 TCM,1,CD4 TCM,0.48341065645217896,,0.13723004227192392,0.4,1.2877514362335205,0.15118848321585493
scvi_matched,PBMC5k_TGTGCGGAGTGTAGTA-1,cDC2,1,cDC2,0.003190457820892334,,0.0005178482467046667,0.0,0.004275595303624868,0.00025547066299284687
scvi_matched,PBMC5k_TGTGCGGGTCCGAAAG-1,Treg,1,Treg,0.1955156922340393,,0.06578825696112167,0.0,0.8392029404640198,0.11146934051590594
scvi_matched,PBMC5k_TGTGCGGTCCTCTAAT-1,CD4 TCM,1,CD4 TCM,0.04390668869018555,,0.007709802785602071,0.0,0.24714051187038422,0.028842244860619454
scvi_matched,PBMC5k_TGTGCGGTCGGTAACT-1,CD4 TCM,1,CD4 TCM,0.5111522972583771,,0.14649924764814082,0.0,0.9188334941864014,0.12942024808132888
scvi_matched,PBMC5k_TGTGCGGTCTTCCACG-1,Eryth,1,Eryth,0.07260137796401978,,0.011874686530550349,0.0,0.5186708569526672,0.0433087969420649
scvi_matched,PBMC5k_TGTGGCGCAGGACATG-1,B naive,1,B naive,0.3017643690109253,,0.035041828566239275,0.19999999999999996,1.0093926191329956,0.20709107309296973
scvi_matched,PBMC5k_TGTGGCGCATGAGTAA-1,CD14 Mono,1,CD14 Mono,0.0013516545295715332,,0.0006420008022330129,0.0,0.043849777430295944,0.0061492563513861126
scvi_matched,PBMC5k_TGTGGCGGTGGCACTC-1,CD4 TCM,1,CD4 TCM,0.6444847881793976,,0.13831307872354848,0.6,1.3698900938034058,0.14326128187811446
scvi_matched,PBMC5k_TGTGGCGTCTCGTTTA-1,CD8 Naive,1,CD8 Naive,0.2110934853553772,,0.04265842431970224,0.0,0.35481610894203186,0.046068812043755104
scvi_matched,PBMC5k_TGTGTGACACATACGT-1,CD4 TEM,1,CD4 TEM,0.42127692699432373,,0.11061123739557455,0.0,1.0161348581314087,0.09247182843722322
scvi_matched,PBMC5k_TGTGTGACAGGATTCT-1,CD4 TEM,1,CD4 TEM,0.23524391651153564,,0.0425086591645476,0.0,1.0597658157348633,0.07158100582511179
scvi_matched,PBMC5k_TGTGTGACAGTTTCGA-1,CD8 TCM,1,CD8 TCM,0.24898689985275269,,0.08186213132530673,0.19999999999999996,1.6236324310302734,0.11927361745065382
scvi_matched,PBMC5k_TGTGTGAGTACAGTAA-1,CD4 TCM,1,CD4 TCM,0.2772215008735657,,0.04263876889393092,0.19999999999999996,1.065966248512268,0.16186584929317108
scvi_matched,PBMC5k_TGTGTGATCACCTTAT-1,CD4 TCM,1,CD4 TCM,0.5643450319766998,,0.19014383078691566,0.19999999999999996,1.0810997486114502,0.10935728826636948
scvi_matched,PBMC5k_TGTTACTAGACTTCGT-1,CD14 Mono,1,CD14 Mono,0.0008670687675476074,,0.0003533328053146271,0.0,0.015933429822325706,0.0011215703572580251
scvi_matched,PBMC5k_TGTTACTAGCGTCTGC-1,NK,1,NK,7.724761962890625e-05,,3.3632019134924784e-05,0.0,0.0022704973816871643,0.00015294571175566762
scvi_matched,PBMC5k_TGTTACTGTCGCGTCA-1,CD8 TEM,0,NK,0.16870319843292236,,0.0912861986872382,0.4,0.7940455675125122,0.34290484054983605
scvi_matched,PBMC5k_TGTTCATAGGGTGGGA-1,B memory,1,B memory,0.15721338987350464,,0.03562261326707583,0.0,0.6396666169166565,0.1026492920803987
scvi_matched,PBMC5k_TGTTCATAGTAGACCG-1,CD14 Mono,1,CD14 Mono,0.0031975507736206055,,0.0004806047901671322,0.0,0.06370987743139267,0.007095627749426716
scvi_matched,PBMC5k_TGTTCATCAACTGCCG-1,CD8 TEM,1,CD8 TEM,0.5252446532249451,,0.14633054505971765,0.19999999999999996,1.3520886898040771,0.1233983333820466
scvi_matched,PBMC5k_TGTTCATCAGGAGACT-1,NK,1,NK,0.0036751627922058105,,0.0016585541223681013,0.0,0.12743781507015228,0.01770968643612961
scvi_matched,PBMC5k_TGTTCATGTAGGTACG-1,CD14 Mono,1,CD14 Mono,0.015165925025939941,,0.001145608777489357,0.0,0.18514244258403778,0.013625207373556956
scvi_matched,PBMC5k_TGTTCATTCATTCATC-1,CD14 Mono,1,CD14 Mono,0.1421261429786682,,0.010163978285165298,0.0,0.14105971157550812,0.02360343251307707
scvi_matched,PBMC5k_TGTTCCGAGATAACAC-1,Eryth,0,CD14 Mono,0.10723769664764404,,0.08436998119694511,0.0,0.5284581184387207,0.15294506988526863
scvi_matched,PBMC5k_TGTTCCGCACGGTCTG-1,CD16 Mono,1,CD16 Mono,0.0011671185493469238,,0.00026880029688384783,0.0,0.0020234205294400454,0.00019683819480751543
scvi_matched,PBMC5k_TGTTCCGGTACGATTC-1,NK,1,NK,0.0006508231163024902,,0.00037134772934775684,0.0,0.047770559787750244,0.003986353219407331
scvi_matched,PBMC5k_TGTTCCGGTTCAAGGG-1,CD4 Naive,1,CD4 Naive,0.016068637371063232,,0.03219415765236011,0.0,0.4469912052154541,0.06343998543446687
scvi_matched,PBMC5k_TGTTCTACAATCACGT-1,CD4 Naive,1,CD4 Naive,0.3784071207046509,,0.09618738845626895,0.0,0.956988513469696,0.11875523495038347
scvi_matched,PBMC5k_TGTTCTACATTCACAG-1,CD14 Mono,1,CD14 Mono,0.05495518445968628,,0.05960003332572872,0.4,0.6955404281616211,0.18217179042260512
scvi_matched,PBMC5k_TGTTCTAGTACATACC-1,B naive,1,B naive,0.2868419289588928,,0.06590576489745031,0.0,0.36116668581962585,0.05034615724232485
scvi_matched,PBMC5k_TGTTCTAGTCTTCCGT-1,CD4 TCM,1,CD4 TCM,0.09690427780151367,,0.012156797459093094,0.0,0.4989998936653137,0.051607918809797725
scvi_matched,PBMC5k_TGTTCTAGTGACTCGC-1,CD4 TEM,0,CD4 TCM,0.4374825954437256,,0.06931143162120623,0.0,1.20024573802948,0.05889673641840276
scvi_matched,PBMC5k_TGTTCTAGTGTGTACT-1,CD4 Naive,1,CD4 Naive,0.07007807493209839,,0.019423621192260543,0.0,0.3254660665988922,0.05053577964505899
scvi_matched,PBMC5k_TGTTCTATCATCGCTC-1,NK,1,NK,0.00013530254364013672,,0.001108244654378615,0.0,0.03356590121984482,0.006987210067298925
scvi_matched,PBMC5k_TGTTGAGCAAGAGAGA-1,B intermediate,0,B memory,0.04933422803878784,,0.038118387238190055,0.0,0.5111327171325684,0.14005088548891034
scvi_matched,PBMC5k_TGTTGAGCACCAGTTA-1,CD14 Mono,1,CD14 Mono,0.006049036979675293,,0.0013517194859486055,0.0,0.02669909968972206,0.0031336185687198593
scvi_matched,PBMC5k_TGTTGAGGTGCGTGCT-1,CD14 Mono,1,CD14 Mono,0.00034165382385253906,,0.00022359583765042997,0.0,0.018875181674957275,0.002088169046260148
scvi_matched,PBMC5k_TGTTGAGTCGAAGCAG-1,CD4 TEM,1,CD4 TEM,0.18917244672775269,,0.047867452843568636,0.0,0.8184288144111633,0.11552026814654527
scvi_matched,PBMC5k_TGTTGGAAGGTCACAG-1,CD14 Mono,1,CD14 Mono,0.000469207763671875,,0.00041170812209833946,0.0,0.005762796383351088,0.0006286513875454539
scvi_matched,PBMC5k_TGTTGGAGTCGAACAG-1,CD14 Mono,1,CD14 Mono,0.0010551810264587402,,0.0006561757544033854,0.0,0.01866200566291809,0.0016792635851831017
scvi_matched,PBMC5k_TGTTTGTCAGAGTTCT-1,CD16 Mono,1,CD16 Mono,0.1563096046447754,,0.10518340067470044,0.0,0.11489929258823395,0.023671523050523138
scvi_matched,PBMC5k_TGTTTGTGTACTCCCT-1,Treg,0,CD4 TCM,0.24819111824035645,,0.15618114282807494,0.0,0.8651400208473206,0.058806297668132675
scvi_matched,PBMC5k_TGTTTGTGTAGAATAC-1,CD14 Mono,1,CD14 Mono,0.004961192607879639,,0.0020870576163721094,0.0,0.0676933079957962,0.019955092334267337
scvi_matched,PBMC5k_TGTTTGTTCAGAACCT-1,NK,1,NK,0.0009086132049560547,,0.023868831236289634,0.0,0.16739077866077423,0.015167169459972424
scvi_matched,PBMC5k_TTAATCCAGTGGTTAA-1,CD4 TCM,1,CD4 TCM,0.19214707612991333,,0.017485453346274937,0.0,0.6151226758956909,0.0347180978222803
scvi_matched,PBMC5k_TTAATCCCAGTAGTGG-1,CD14 Mono,1,CD14 Mono,0.001468658447265625,,0.0007828275042878786,0.0,0.015433846041560173,0.0012126349937447596
scvi_matched,PBMC5k_TTAATCCTCAAGAAAC-1,CD14 Mono,1,CD14 Mono,0.004939734935760498,,0.0035100261809314637,0.0,0.04049845039844513,0.003466927250002589
scvi_matched,PBMC5k_TTAATCCTCAGACTGT-1,B memory,0,B intermediate,0.10079807043075562,,0.08970339090493396,0.19999999999999996,0.7698541283607483,0.2316816804558709
scvi_matched,PBMC5k_TTACAGGGTCGTCGGT-1,B naive,0,B intermediate,0.19057303667068481,,0.21257431894910594,0.19999999999999996,1.030250072479248,0.1163185095290058
scvi_matched,PBMC5k_TTACAGGGTTGGGAAC-1,CD4 Naive,1,CD4 Naive,0.531293123960495,,0.1523910417972003,0.4,1.2866787910461426,0.05278546126502663
scvi_matched,PBMC5k_TTACCATAGCGTGTCC-1,Treg,0,CD4 TCM,0.44713759422302246,,0.08396495407950699,0.0,0.7563515305519104,0.026667372781850083
scvi_matched,PBMC5k_TTACCATAGTCCGTCG-1,CD14 Mono,1,CD14 Mono,0.014323115348815918,,0.011980303272392107,0.0,0.09696020185947418,0.00544909929456176
scvi_matched,PBMC5k_TTACCATTCGAACCAT-1,CD4 Naive,1,CD4 Naive,0.18276357650756836,,0.21193069682429977,0.0,1.0393635034561157,0.12260211391181593
scvi_matched,PBMC5k_TTACCATTCTACTGCC-1,CD14 Mono,1,CD14 Mono,0.00017827749252319336,,0.00022937237399611732,0.0,0.010770775377750397,0.001271435796223374
scvi_matched,PBMC5k_TTACCGCAGCGCAATG-1,CD14 Mono,1,CD14 Mono,0.006821274757385254,,0.011443968489103729,0.0,0.05870579928159714,0.006473164953742915
scvi_matched,PBMC5k_TTACCGCAGGGCAAGG-1,gdT,1,gdT,0.3802453279495239,,0.21308070109015587,0.4,1.2284412384033203,0.16229520356420277
scvi_matched,PBMC5k_TTACCGCTCTCTCAAT-1,CD4 Naive,0,CD4 TCM,0.4886733293533325,,0.07169569428231726,0.19999999999999996,1.1401153802871704,0.24601662750386155
scvi_matched,PBMC5k_TTACGCCCATCGTGCG-1,CD4 TEM,0,CD8 TEM,0.6239651739597321,,0.25850624143101397,0.4,1.501895785331726,0.2201180492493594
scvi_matched,PBMC5k_TTACGCCGTAGGCTCC-1,B naive,1,B naive,0.16348367929458618,,0.03214052164841835,0.19999999999999996,0.6834272742271423,0.18845752278592776
scvi_matched,PBMC5k_TTACGTTAGGTTAGTA-1,CD8 TEM,1,CD8 TEM,0.4866218566894531,,0.13752475776115825,0.6,1.6294455528259277,0.12416503759345004
scvi_matched,PBMC5k_TTACGTTGTAGTCACT-1,B naive,1,B naive,0.3122735619544983,,0.04917186623165826,0.0,0.6924263834953308,0.08957936592680375
scvi_matched,PBMC5k_TTACGTTGTCTTGAAC-1,NK,1,NK,0.0012760758399963379,,0.0016019465142661227,0.0,0.1009783148765564,0.011378338151953927
scvi_matched,PBMC5k_TTACGTTGTTGCTGAT-1,ILC,0,CD4 TCM,0.44588613510131836,,0.05099671399768946,0.0,0.6908871531486511,0.07998531725321442
scvi_matched,PBMC5k_TTACTGTAGAGTCAAT-1,CD8 TEM,1,CD8 TEM,0.3194383978843689,,0.17028474152464101,0.0,0.40181389451026917,0.0664973975563436
scvi_matched,PBMC5k_TTACTGTAGCTGGCCT-1,B memory,1,B memory,0.07642340660095215,,0.011861313853583244,0.0,0.27402278780937195,0.0286488969529488
scvi_matched,PBMC5k_TTACTGTCAATCAGCT-1,NK,1,NK,0.0023208260536193848,,0.006895365922292042,0.0,0.17127947509288788,0.01589675268628674
scvi_matched,PBMC5k_TTACTGTCACCAATTG-1,CD14 Mono,1,CD14 Mono,0.011744976043701172,,0.002060586742891085,0.0,0.09672436118125916,0.01062062030772371
scvi_matched,PBMC5k_TTACTGTTCTAGACCA-1,NK_CD56bright,1,NK_CD56bright,0.07590174674987793,,0.044648039768338116,0.0,0.5495123863220215,0.14493520916930142
scvi_matched,PBMC5k_TTAGGCACAGCGCTTG-1,cDC2,1,cDC2,0.08280187845230103,,0.02085365536825934,0.0,0.248495951294899,0.03240304115404614
scvi_matched,PBMC5k_TTAGGGTAGGAGCAAA-1,CD4 Naive,0,CD4 TCM,0.5215299427509308,,0.05011470287756925,0.19999999999999996,0.946699321269989,0.04863089904064937
scvi_matched,PBMC5k_TTAGGGTCAAAGACGC-1,CD14 Mono,1,CD14 Mono,0.001620650291442871,,0.0002562966565888714,0.0,0.026781708002090454,0.0015137260859219986
scvi_matched,PBMC5k_TTAGTCTGTTGCTAGT-1,ILC,0,CD4 TCM,0.2263510823249817,,0.0337232849949729,0.0,0.8357823491096497,0.05819487981926027
scvi_matched,PBMC5k_TTAGTCTGTTTGCAGT-1,CD4 Naive,0,CD4 TCM,0.4824434518814087,,0.21373650597132743,0.19999999999999996,1.3220152854919434,0.1563682978110928
scvi_matched,PBMC5k_TTATTGCAGTTCGCAT-1,cDC2,1,cDC2,0.00018459558486938477,,5.584176668307976e-05,0.0,0.00028786802431568503,3.027365852306999e-05
scvi_matched,PBMC5k_TTATTGCGTGAGCAGT-1,CD16 Mono,0,CD14 Mono,0.22678053379058838,,0.08679049351458834,0.4,1.0245662927627563,0.1485837322137904
scvi_matched,PBMC5k_TTATTGCTCTGCTCTG-1,Eryth,0,CD14 Mono,0.295746386051178,,0.06765430733318634,0.0,0.627292811870575,0.06431152943557515
scvi_matched,PBMC5k_TTCAATCAGATACTGA-1,Eryth,0,CD14 Mono,0.062490105628967285,,0.03236288464821441,0.0,0.3545997738838196,0.07249318180923052
scvi_matched,PBMC5k_TTCAATCTCAGCGCAC-1,CD14 Mono,1,CD14 Mono,0.0016997456550598145,,0.0007068770880741381,0.0,0.030163029208779335,0.003507249862722237
scvi_matched,PBMC5k_TTCAATCTCGACGATT-1,MAIT,1,MAIT,0.02869194746017456,,0.007729496052829424,0.0,0.5879016518592834,0.14038475050721586
scvi_matched,PBMC5k_TTCAATCTCTGACAGT-1,CD4 Naive,0,CD4 TCM,0.3112562894821167,,0.08776067947336985,0.4,1.0024281740188599,0.23253625842464284
scvi_matched,PBMC5k_TTCACCGCATGTGACT-1,ILC,1,ILC,0.5340286493301392,,0.12745978831980742,0.0,1.1061464548110962,0.09128417267032296
scvi_matched,PBMC5k_TTCACCGTCCGAAGGA-1,CD8 TEM,1,CD8 TEM,0.35176289081573486,,0.0728776852819395,0.4,1.3959406614303589,0.11350556713604296
scvi_matched,PBMC5k_TTCACCGTCGGCATCG-1,CD4 Naive,1,CD4 Naive,0.18625551462173462,,0.041423641410645806,0.0,0.8051803708076477,0.08071583772140457
scvi_matched,PBMC5k_TTCACGCCAAGCTGCC-1,CD14 Mono,1,CD14 Mono,0.0006003379821777344,,0.0007575865737056882,0.0,0.009336023591458797,0.0006300909922523028
scvi_matched,PBMC5k_TTCACGCCACAAGTGG-1,CD4 Naive,1,CD4 Naive,0.21176677942276,,0.11609652426588113,0.6,1.2879176139831543,0.26079463089676425
scvi_matched,PBMC5k_TTCAGGAGTATGAGAT-1,CD4 Naive,1,CD4 Naive,0.39767277240753174,,0.047527585975840725,0.0,0.7880573868751526,0.07137263108657158
scvi_matched,PBMC5k_TTCAGGAGTGGGACAT-1,CD14 Mono,1,CD14 Mono,0.004324138164520264,,0.006755659693741173,0.0,0.03347616270184517,0.0029256402553356126
scvi_matched,PBMC5k_TTCAGGAGTTAATCGC-1,CD14 Mono,1,CD14 Mono,0.0023786425590515137,,0.0008970535492842657,0.0,0.04980340972542763,0.0050661259497943945
scvi_matched,PBMC5k_TTCAGGATCGCATTGA-1,NK,1,NK,0.0037775039672851562,,0.015109700350330268,0.0,0.6677353382110596,0.07708946867622381
scvi_matched,PBMC5k_TTCATGTTCGATGCAT-1,CD14 Mono,1,CD14 Mono,0.0038080215454101562,,0.0189580581416168,0.0,0.03602602705359459,0.0020606421411025833
scvi_matched,PBMC5k_TTCATTGAGACCTGGA-1,NK,1,NK,0.0032402873039245605,,0.0013860483448967786,0.0,0.20798030495643616,0.028011474491894707
scvi_matched,PBMC5k_TTCATTGGTTGCTAGT-1,CD4 Naive,1,CD4 Naive,0.39314138889312744,,0.04896023314436926,0.19999999999999996,1.465057373046875,0.09521554948310407
scvi_matched,PBMC5k_TTCATTGTCGACATCA-1,CD14 Mono,1,CD14 Mono,0.0005260109901428223,,0.0006655034200599361,0.0,0.00886652059853077,0.0010599428922892975
scvi_matched,PBMC5k_TTCATTGTCTAGTGAC-1,CD4 Naive,1,CD4 Naive,0.2258949875831604,,0.044378205159299466,0.19999999999999996,1.2930219173431396,0.0842007043668885
scvi_matched,PBMC5k_TTCCAATCAGCATTGT-1,CD8 Naive,0,CD4 Naive,0.6371480524539948,,0.2642771310193437,0.0,0.5859708189964294,0.16216135599324727
scvi_matched,PBMC5k_TTCCAATGTCCTTGTC-1,CD14 Mono,1,CD14 Mono,0.0004993677139282227,,0.0003638141109055422,0.0,0.03246848285198212,0.004708315975680179
scvi_matched,PBMC5k_TTCCACGGTAGTTCCA-1,B intermediate,1,B intermediate,0.044171154499053955,,0.11072164387159922,0.0,0.8258561491966248,0.10685588258924397
scvi_matched,PBMC5k_TTCCACGGTCTGATAC-1,CD4 TEM,1,CD4 TEM,0.2900961637496948,,0.07367607274182963,0.0,1.0459682941436768,0.15076534224574512
scvi_matched,PBMC5k_TTCCACGGTGCCTGAC-1,CD4 TCM,1,CD4 TCM,0.3816342353820801,,0.10472008988069959,0.0,1.0225239992141724,0.09316796651803519
scvi_matched,PBMC5k_TTCCGGTAGTATAACG-1,CD8 TEM,0,NK,0.621907114982605,,0.11521289041736527,0.0,0.7433957457542419,0.06033408235528845
scvi_matched,PBMC5k_TTCCGGTCAGGTTACT-1,Eryth,1,Eryth,0.3193092346191406,,0.020996690546998376,0.0,0.6136678457260132,0.09795716638621339
scvi_matched,PBMC5k_TTCCGGTTCCACCCTA-1,Eryth,0,CD14 Mono,0.007931113243103027,,0.0015036128161951337,0.0,0.03509178012609482,0.003951814354671624
scvi_matched,PBMC5k_TTCCGTGCAATGGGTG-1,CD4 Naive,1,CD4 Naive,0.3875412940979004,,0.12712589152989917,0.0,0.9838396310806274,0.06497567617438886
scvi_matched,PBMC5k_TTCCTCTAGGCCCGTT-1,CD14 Mono,1,CD14 Mono,0.010684847831726074,,0.0007913585694091785,0.0,0.15030960738658905,0.02481354934591463
scvi_matched,PBMC5k_TTCCTCTCAGGCCCTA-1,CD4 TCM,1,CD4 TCM,0.07928246259689331,,0.02685077052297119,0.0,0.21125991642475128,0.02340456492302273
scvi_matched,PBMC5k_TTCCTCTCAGGCGATA-1,NK,1,NK,0.00024253129959106445,,6.933746652854804e-05,0.0,0.006963795050978661,0.0003527575052267931
scvi_matched,PBMC5k_TTCCTCTCAGTAGTGG-1,CD14 Mono,1,CD14 Mono,0.043352365493774414,,0.004099861437204366,0.0,0.23470397293567657,0.05262164001641273
scvi_matched,PBMC5k_TTCCTCTCATGGCTGC-1,CD8 TEM,1,CD8 TEM,0.17447257041931152,,0.15995470780545662,0.0,1.2108796834945679,0.13085802264026833
scvi_matched,PBMC5k_TTCCTCTGTCAGACTT-1,cDC2,1,cDC2,0.053386569023132324,,0.012774823265371507,0.0,0.034452397376298904,0.002688746045982189
scvi_matched,PBMC5k_TTCCTCTGTGACGTCC-1,MAIT,1,MAIT,0.08615243434906006,,0.023681932123431115,0.0,0.7238903045654297,0.1769009559199282
scvi_matched,PBMC5k_TTCCTCTTCAGTGTTG-1,CD14 Mono,1,CD14 Mono,0.006566047668457031,,0.34905510286024616,0.0,0.392225980758667,0.14283645762815
scvi_matched,PBMC5k_TTCCTTCCACGGCTAC-1,CD4 TCM,1,CD4 TCM,0.21303635835647583,,0.10321229607656479,0.0,0.9294613003730774,0.06830160384511383
scvi_matched,PBMC5k_TTCCTTCCATACCAGT-1,CD16 Mono,1,CD16 Mono,0.32142168283462524,,0.07789346945810127,0.0,0.1766681969165802,0.05117369627452412
scvi_matched,PBMC5k_TTCCTTCGTACCAGAG-1,CD4 TEM,1,CD4 TEM,0.1251993179321289,,0.022531340194975047,0.0,0.7681854963302612,0.062364354169623444
scvi_matched,PBMC5k_TTCCTTCTCTGCACCT-1,CD14 Mono,1,CD14 Mono,0.0006951093673706055,,0.0005862397219260421,0.0,0.009343486279249191,0.000549567851069429
scvi_matched,PBMC5k_TTCGATTAGCCTATCA-1,CD14 Mono,1,CD14 Mono,0.02777254581451416,,0.0033453199857897964,0.0,0.13969819247722626,0.01666608709410324
scvi_matched,PBMC5k_TTCGATTAGCTAGAGC-1,CD16 Mono,1,CD16 Mono,0.0008085370063781738,,0.00022685238682983687,0.0,0.0021409254986792803,0.0001695348799760639
scvi_matched,PBMC5k_TTCGATTAGGGTCACA-1,CD4 TCM,0,CD4 TEM,0.3870968222618103,,0.18390182740224525,0.0,1.1725345849990845,0.057038745244661036
scvi_matched,PBMC5k_TTCGATTCATCTGCGG-1,CD14 Mono,1,CD14 Mono,0.00018042325973510742,,0.0005297925407185709,0.0,0.005604289472103119,0.0004495689925419678
scvi_matched,PBMC5k_TTCGATTGTTAATGAG-1,B intermediate,1,B intermediate,0.13496476411819458,,0.1021085139513559,0.0,0.6830545663833618,0.06641513384465861
scvi_matched,PBMC5k_TTCGCTGAGAATCTAG-1,NK_CD56bright,0,NK,0.2916802167892456,,0.2995202511410868,0.4,1.46006178855896,0.276547945227047
scvi_matched,PBMC5k_TTCGCTGTCCTTGGAA-1,CD14 Mono,1,CD14 Mono,0.000133514404296875,,0.00012041509109608859,0.0,0.008206919766962528,0.0009705108421348192
scvi_matched,PBMC5k_TTCGGTCCAGCGTGAA-1,CD16 Mono,0,CD14 Mono,0.256756067276001,,0.08240778417150552,0.4,0.9783528447151184,0.19147305498558634
scvi_matched,PBMC5k_TTCGGTCCATATGCGT-1,CD14 Mono,1,CD14 Mono,0.001933276653289795,,0.0010200570486589323,0.0,0.007625959813594818,0.0006411906367999518
scvi_matched,PBMC5k_TTCGGTCTCCTACGAA-1,NK,1,NK,0.001330733299255371,,0.0006682978649126675,0.0,0.1573224812746048,0.027295165630752745
scvi_matched,PBMC5k_TTCTAACTCTTGGATG-1,NK,1,NK,0.00043338537216186523,,0.002188855252412327,0.0,0.07139329612255096,0.012247344604768558
scvi_matched,PBMC5k_TTCTAGTAGCCTGGAA-1,CD4 Naive,1,CD4 Naive,0.4738532304763794,,0.15298749997607297,0.4,1.585618257522583,0.14232437510654203
scvi_matched,PBMC5k_TTCTAGTAGTGACACG-1,CD14 Mono,1,CD14 Mono,0.0394594669342041,,0.03154147293782872,0.0,0.18401110172271729,0.024143551548833072
scvi_matched,PBMC5k_TTCTAGTCACCATTCC-1,CD4 TEM,1,CD4 TEM,0.23874258995056152,,0.4119319126416172,0.19999999999999996,1.4663937091827393,0.10346256737991426
scvi_matched,PBMC5k_TTCTAGTGTATTGAGA-1,B memory,1,B memory,0.32954859733581543,,0.04052933952537985,0.0,0.6492877006530762,0.06540016735475546
scvi_matched,PBMC5k_TTCTAGTTCGGCATAT-1,CD14 Mono,1,CD14 Mono,0.001196146011352539,,0.0012539321047978311,0.0,0.011664476245641708,0.001928181689167187
scvi_matched,PBMC5k_TTCTCTCGTAAGGCTG-1,CD4 TEM,1,CD4 TEM,0.09100532531738281,,0.05130564649255731,0.19999999999999996,1.3128567934036255,0.21544068200895453
scvi_matched,PBMC5k_TTCTCTCTCAGGTGTT-1,Treg,0,CD4 TCM,0.2863287329673767,,0.1791419191135024,0.0,1.2313567399978638,0.04804636292541296
scvi_matched,PBMC5k_TTCTCTCTCCTAGCCT-1,B intermediate,1,B intermediate,0.015540599822998047,,0.14931238856481344,0.0,0.48804202675819397,0.10829455691380716
scvi_matched,PBMC5k_TTCTCTCTCTGGCCTT-1,CD4 TEM,0,CD4 TCM,0.49028247594833374,,0.07353545328221256,0.0,1.1052449941635132,0.08343888495421527
scvi_matched,PBMC5k_TTCTGTACAATAACGA-1,CD14 Mono,1,CD14 Mono,0.009680211544036865,,0.003184828706061158,0.0,0.017591822892427444,0.001598590698007375
scvi_matched,PBMC5k_TTCTGTACAGGTATGG-1,B memory,1,B memory,0.00529932975769043,,0.023698088517468074,0.0,0.21647898852825165,0.025754887895896972
scvi_matched,PBMC5k_TTCTGTATCCTCATAT-1,NK,1,NK,0.0013489127159118652,,0.0010390890834539868,0.0,0.016816291958093643,0.001104213053164179
scvi_matched,PBMC5k_TTCTTCCCATAGGAGC-1,CD16 Mono,1,CD16 Mono,0.0022234320640563965,,0.0017031597795549702,0.0,0.010145768523216248,0.0015378541282561934
scvi_matched,PBMC5k_TTCTTCCTCATCGCAA-1,CD14 Mono,1,CD14 Mono,0.0015071630477905273,,0.0028074777909966493,0.0,0.01399137545377016,0.0008783842023221166
scvi_matched,PBMC5k_TTCTTGAAGAGCCTGA-1,CD14 Mono,1,CD14 Mono,0.002567112445831299,,0.0008292396924553247,0.0,0.029031885787844658,0.0017678001222719098
scvi_matched,PBMC5k_TTCTTGAAGCTAAACA-1,CD4 Naive,0,CD4 TCM,0.2539067268371582,,0.0807910342228586,0.0,0.9031076431274414,0.07063401365391762
scvi_matched,PBMC5k_TTCTTGAGTACAGAGC-1,Eryth,0,CD14 Mono,0.32280033826828003,,0.05903317316678136,0.0,0.5927119851112366,0.11089313972772917
scvi_matched,PBMC5k_TTCTTGATCGATCCCT-1,gdT,0,MAIT,0.18405860662460327,,0.11635162284857004,0.0,0.9241749048233032,0.08089716962514397
scvi_matched,PBMC5k_TTGAACGAGCCATTCA-1,CD4 Naive,1,CD4 Naive,0.519356369972229,,0.1194213425803079,0.19999999999999996,1.2716820240020752,0.14853744219265508
scvi_matched,PBMC5k_TTGACCCAGACTACGG-1,NK,1,NK,0.007783055305480957,,0.006494078956388968,0.0,0.7371469140052795,0.15670604965683585
scvi_matched,PBMC5k_TTGACCCAGGCAGCTA-1,CD4 TEM,1,CD4 TEM,0.15948599576950073,,0.024293371197119495,0.0,0.9730790853500366,0.09084758099008577
scvi_matched,PBMC5k_TTGACCCTCCGTGTGG-1,CD14 Mono,1,CD14 Mono,0.0032219290733337402,,0.0029729837286932848,0.0,0.03709236532449722,0.0023175461816166447
scvi_matched,PBMC5k_TTGACCCTCGTACACA-1,CD14 Mono,1,CD14 Mono,0.003937780857086182,,0.0052584904844305835,0.0,0.3175729811191559,0.08152868012065949
scvi_matched,PBMC5k_TTGAGTGCAGGACAGT-1,CD14 Mono,1,CD14 Mono,0.0010088086128234863,,0.0005619304131268682,0.0,0.020008310675621033,0.0030276721173292847
scvi_matched,PBMC5k_TTGAGTGTCCGTAGTA-1,CD4 Naive,1,CD4 Naive,0.16273504495620728,,0.06829731617167534,0.0,0.6673548817634583,0.10306787856896557
scvi_matched,PBMC5k_TTGATGGCAGACAATA-1,B naive,0,B intermediate,0.17512214183807373,,0.16448721078759898,0.4,1.0633413791656494,0.20199877744988193
scvi_matched,PBMC5k_TTGATGGTCGCTGTCT-1,CD14 Mono,1,CD14 Mono,0.0005684494972229004,,0.0003015688535856712,0.0,0.007067866623401642,0.0004596879623830668
scvi_matched,PBMC5k_TTGCATTTCAAGGACG-1,NK,1,NK,0.0034069418907165527,,0.025431980882013316,0.0,0.4194660782814026,0.0350676232047212
scvi_matched,PBMC5k_TTGCCTGAGTTAACGA-1,CD16 Mono,1,CD16 Mono,0.20334011316299438,,0.02208063877869143,0.0,0.39932307600975037,0.15339244609089348
scvi_matched,PBMC5k_TTGCCTGCAGACCATT-1,ILC,0,CD4 TCM,0.6106216609477997,,0.2195364377863186,0.0,0.637384295463562,0.02783210617092696
scvi_matched,PBMC5k_TTGCCTGTCCATTGGA-1,ILC,1,ILC,0.3660668730735779,,0.23373642901552927,0.0,1.6242848634719849,0.06529902939450502
scvi_matched,PBMC5k_TTGCGTCCACGACAGA-1,CD14 Mono,1,CD14 Mono,0.003961324691772461,,0.009890627531354501,0.0,0.09148351103067398,0.00372416919119802
scvi_matched,PBMC5k_TTGCGTCTCAGCGCAC-1,CD14 Mono,1,CD14 Mono,0.00041228532791137695,,0.000235788590971139,0.0,0.010783937759697437,0.0010823503110037077
scvi_matched,PBMC5k_TTGCTGCAGTCTGCGC-1,NK,1,NK,0.007131636142730713,,0.03216144301175977,0.0,0.20901493728160858,0.03421130643076752
scvi_matched,PBMC5k_TTGCTGCGTAGGCAAC-1,CD14 Mono,1,CD14 Mono,0.0019361376762390137,,0.001129918098847174,0.0,0.02596578188240528,0.0033620691186869857
scvi_matched,PBMC5k_TTGCTGCTCATACGGT-1,NK,1,NK,0.0011053681373596191,,0.0002577721691108285,0.0,0.020042741671204567,0.00213932810533227
scvi_matched,PBMC5k_TTGGATGAGGGTGAAA-1,B memory,0,B intermediate,0.1224471926689148,,0.022904110442251713,0.19999999999999996,0.6830121278762817,0.2116606783154572
scvi_matched,PBMC5k_TTGGATGCACCCTGAG-1,CD4 Naive,0,CD4 TCM,0.5467722713947296,,0.2322227761398814,0.4,1.4009039402008057,0.10348678359739241
scvi_matched,PBMC5k_TTGGATGCATTCACCC-1,CD14 Mono,1,CD14 Mono,0.0027706027030944824,,0.0006578504408665253,0.0,0.04086920619010925,0.005154272078419766
scvi_matched,PBMC5k_TTGGATGTCGGAGCAA-1,cDC2,1,cDC2,0.0020464658737182617,,0.0006107772395451596,0.0,0.0012715882621705532,0.00013109105565729123
scvi_matched,PBMC5k_TTGGGATAGTTGTACC-1,Eryth,0,CD14 Mono,0.09784954786300659,,0.036999729883930355,0.0,0.3141392469406128,0.024774920814725106
scvi_matched,PBMC5k_TTGGGATCACAGAAGC-1,CD8 TCM,0,ILC,0.39657604694366455,,0.07276464629307533,0.4,1.0904974937438965,0.013536632501934334
scvi_matched,PBMC5k_TTGGGATCAGAACCGA-1,Eryth,1,Eryth,0.029429614543914795,,0.0033194843679795333,0.0,0.2634819746017456,0.09170026360554612
scvi_matched,PBMC5k_TTGGGATCATCATTTC-1,CD8 Naive,0,CD4 TCM,0.788782075047493,,0.2596425820703183,0.0,0.8562514185905457,0.08796239130649795
scvi_matched,PBMC5k_TTGGGATGTTTCCAAG-1,gdT,0,ILC,0.6635347902774811,,0.17224200012781377,0.19999999999999996,1.8184499740600586,0.0612227452948445
scvi_matched,PBMC5k_TTGGGATTCATCTCTA-1,CD8 TCM,1,CD8 TCM,0.08706831932067871,,0.18088147879677108,0.0,1.3208526372909546,0.10396445668714949
scvi_matched,PBMC5k_TTGGGATTCTTGCAGA-1,CD8 TEM,1,CD8 TEM,0.4558975100517273,,0.0994622440925712,0.19999999999999996,1.4154164791107178,0.04683136094954413
scvi_matched,PBMC5k_TTGGGCGAGTTTCTTC-1,CD8 TEM,0,gdT,0.692467600107193,,0.30572005103793565,0.6,1.662322759628296,0.23786209499676822
scvi_matched,PBMC5k_TTGGGCGCAAAGTATG-1,CD14 Mono,1,CD14 Mono,0.0005755424499511719,,0.0009743630265496659,0.0,0.015759024769067764,0.0009773320953697037
scvi_matched,PBMC5k_TTGGGTACAATCGTCA-1,NK,1,NK,0.0030964016914367676,,0.005613307214615282,0.19999999999999996,0.5039158463478088,0.22321596035221156
scvi_matched,PBMC5k_TTGGGTAGTAACGTTC-1,CD14 Mono,1,CD14 Mono,0.004662990570068359,,0.004659286259011214,0.0,0.033705297857522964,0.0035878838316207467
scvi_matched,PBMC5k_TTGGGTAGTTGTTTGG-1,CD4 TCM,1,CD4 TCM,0.5141636431217194,,0.15384291471812905,0.0,1.2005717754364014,0.1726512215692239
scvi_matched,PBMC5k_TTGGGTATCTCCCTAG-1,CD4 Naive,1,CD4 Naive,0.14466023445129395,,0.03517578010378242,0.0,0.7057979106903076,0.0507316160391625
scvi_matched,PBMC5k_TTGGTTTCAGACAAGC-1,CD4 Naive,1,CD4 Naive,0.14633017778396606,,0.125071454969513,0.0,0.9713592529296875,0.10438742370719961
scvi_matched,PBMC5k_TTGGTTTGTACCCAGC-1,NK,1,NK,0.00042432546615600586,,0.0004755067010149966,0.0,0.02254561521112919,0.0017529542757287082
scvi_matched,PBMC5k_TTGGTTTTCCTACACC-1,CD8 TCM,0,CD8 Naive,0.3151681423187256,,0.20976514824906511,0.0,1.1879298686981201,0.11378957449377915
scvi_matched,PBMC5k_TTGGTTTTCCTTCTAA-1,CD16 Mono,1,CD16 Mono,0.1386784315109253,,0.033970710711445196,0.0,0.11142586916685104,0.0443079465886627
scvi_matched,PBMC5k_TTGGTTTTCTCGTCGT-1,CD14 Mono,1,CD14 Mono,0.00293654203414917,,0.0012555136483009162,0.0,0.02371750771999359,0.002720115425051091
scvi_matched,PBMC5k_TTGGTTTTCTTCCCGA-1,CD14 Mono,1,CD14 Mono,0.0007317662239074707,,0.00056366968099727,0.0,0.009318912401795387,0.0007175011470941999
scvi_matched,PBMC5k_TTGTGGAAGTCTTGGT-1,NK,1,NK,0.0003756284713745117,,0.005687330281328111,0.0,0.060224615037441254,0.0032855740133777285
scvi_matched,PBMC5k_TTGTGGAGTATCAGGG-1,B intermediate,1,B intermediate,0.13515102863311768,,0.1675566052255778,0.0,1.0070582628250122,0.07170081129068319
scvi_matched,PBMC5k_TTGTGGAGTGACCTGC-1,CD14 Mono,1,CD14 Mono,0.001765608787536621,,0.0006067329878301723,0.0,0.013061019591987133,0.0010423128619142133
scvi_matched,PBMC5k_TTGTGGATCATGAGAA-1,CD16 Mono,1,CD16 Mono,0.007316529750823975,,0.000806936228393812,0.0,0.03896302357316017,0.007140174766415909
scvi_matched,PBMC5k_TTGTGTTCACAGCGCT-1,CD14 Mono,1,CD14 Mono,0.0029978156089782715,,0.0014517839981553898,0.0,0.03333752229809761,0.003044461525098691
scvi_matched,PBMC5k_TTGTGTTCAGACTCTA-1,CD4 TEM,1,CD4 TEM,0.16115880012512207,,0.0412618137548415,0.0,0.9136198163032532,0.075515342899402
scvi_matched,PBMC5k_TTGTGTTGTTTGGCTA-1,cDC2,1,cDC2,0.00011599063873291016,,8.111068466058367e-05,0.0,0.0005490481853485107,2.5890589145690503e-05
scvi_matched,PBMC5k_TTGTTCACAACACTAC-1,CD4 Naive,1,CD4 Naive,0.5898261070251465,,0.20327677202334704,0.4,1.2585303783416748,0.2482149492398399
scvi_matched,PBMC5k_TTGTTCACAGAGGGTT-1,CD14 Mono,1,CD14 Mono,0.0006541609764099121,,0.0005379240554183665,0.0,0.013512814417481422,0.000944098796764652
scvi_matched,PBMC5k_TTGTTGTCATAGATGA-1,CD14 Mono,1,CD14 Mono,0.0008556842803955078,,0.0004921290377046372,0.0,0.05950614809989929,0.006682497049890154
scvi_matched,PBMC5k_TTGTTGTGTACCACGC-1,CD14 Mono,1,CD14 Mono,0.00402754545211792,,0.004081118112097326,0.0,0.12314587086439133,0.015313237647003665
scvi_matched,PBMC5k_TTGTTGTGTCATGGCC-1,CD4 Naive,1,CD4 Naive,0.26231181621551514,,0.17457107427353202,0.0,0.8750945329666138,0.11754014874473151
scvi_matched,PBMC5k_TTGTTGTTCATCCCGT-1,CD4 Naive,0,CD4 TCM,0.6329928338527679,,0.14007367041570218,0.4,1.3789235353469849,0.17329862098386625
scvi_matched,PBMC5k_TTGTTTGAGGTGCATG-1,NK,1,NK,0.058354735374450684,,0.09206500769702908,0.0,0.2682567536830902,0.0420405753703867
scvi_matched,PBMC5k_TTTACCAGTGAGTTGG-1,NK,1,NK,1.8358230590820312e-05,,7.242259930042975e-05,0.0,0.008031271398067474,0.0008031663468884514
scvi_matched,PBMC5k_TTTACCATCAGCTTGA-1,CD14 Mono,1,CD14 Mono,0.0056119561195373535,,0.004284735248274607,0.0,0.04749661311507225,0.0031958736941126143
scvi_matched,PBMC5k_TTTACCATCTTTCCAA-1,Eryth,1,Eryth,0.15781152248382568,,0.018272898834619467,0.0,0.46276339888572693,0.013738982566979413
scvi_matched,PBMC5k_TTTACGTTCATTTCCA-1,CD4 Naive,1,CD4 Naive,0.1317535638809204,,0.07312277815444757,0.4,1.3156342506408691,0.162296486354417
scvi_matched,PBMC5k_TTTACTGAGACTCTAC-1,CD14 Mono,1,CD14 Mono,0.005242288112640381,,0.003035974768794289,0.0,0.02854718454182148,0.0023476753280323
scvi_matched,PBMC5k_TTTACTGAGGTTGAGC-1,Eryth,1,Eryth,0.023348093032836914,,0.003402462895942371,0.0,0.3835141360759735,0.05431429679831338
scvi_matched,PBMC5k_TTTACTGGTAGTTCCA-1,CD14 Mono,1,CD14 Mono,0.0010687708854675293,,0.0006174221026065095,0.0,0.008487770333886147,0.0005185813255586173
scvi_matched,PBMC5k_TTTACTGTCGAGTACT-1,CD14 Mono,1,CD14 Mono,0.006598532199859619,,0.002492294085727313,0.0,0.06724183261394501,0.0033362929173205496
scvi_matched,PBMC5k_TTTAGTCCAACGTATC-1,B naive,0,B intermediate,0.3569290041923523,,0.1008555511453545,0.19999999999999996,0.8850181698799133,0.08169306318787005
scvi_matched,PBMC5k_TTTAGTCCACTGGATT-1,CD14 Mono,1,CD14 Mono,0.002692699432373047,,0.006007603852419573,0.0,0.09868604689836502,0.017818495585638645
scvi_matched,PBMC5k_TTTAGTCGTATGCTAC-1,CD14 Mono,1,CD14 Mono,0.00499272346496582,,0.0009338429345166419,0.0,0.027865849435329437,0.0021768802070491425
scvi_matched,PBMC5k_TTTAGTCGTATTTCGG-1,CD14 Mono,1,CD14 Mono,0.0007023811340332031,,0.00010723817863865157,0.0,0.02165498584508896,0.002759782984488247
scvi_matched,PBMC5k_TTTAGTCGTGTGCTTA-1,CD4 Naive,1,CD4 Naive,0.5750576257705688,,0.04674643435977388,0.4,1.1862252950668335,0.1522372186659724
scvi_matched,PBMC5k_TTTATGCGTACCATAC-1,CD4 TCM,0,CD4 TEM,0.4585644006729126,,0.1573221887225864,0.6,1.3717163801193237,0.1449025058062149
scvi_matched,PBMC5k_TTTATGCGTTAGGGTG-1,CD14 Mono,1,CD14 Mono,0.0007003545761108398,,0.00026674424378524565,0.0,0.009459621272981167,0.0007177816378592978
scvi_matched,PBMC5k_TTTCACACATTGAGGG-1,CD14 Mono,1,CD14 Mono,0.077578604221344,,0.030240194392281983,0.0,0.29308316111564636,0.04582248399674628
scvi_matched,PBMC5k_TTTCACATCGACGACC-1,CD14 Mono,1,CD14 Mono,0.001226961612701416,,0.00484447135202485,0.0,0.014089996926486492,0.0009665734915051805
scvi_matched,PBMC5k_TTTCAGTTCATGAGTC-1,CD14 Mono,1,CD14 Mono,0.00041919946670532227,,0.00037395106727863316,0.0,0.011944185942411423,0.0010098212244601043
scvi_matched,PBMC5k_TTTCATGGTAATCAGA-1,CD4 Naive,1,CD4 Naive,0.3357682228088379,,0.1385875529828582,0.19999999999999996,1.1195156574249268,0.17988839076232513
scvi_matched,PBMC5k_TTTCATGGTACTCAAC-1,CD4 TCM,1,CD4 TCM,0.038499414920806885,,0.04218927722853816,0.0,0.31999945640563965,0.015164552577306438
scvi_matched,PBMC5k_TTTCATGGTGCATCTA-1,CD8 TEM,1,CD8 TEM,0.21116304397583008,,0.04210987760655904,0.19999999999999996,1.2570502758026123,0.15585052643907216
scvi_matched,PBMC5k_TTTCCTCAGCGGCTCT-1,CD4 Naive,1,CD4 Naive,0.4209662675857544,,0.14729611420637734,0.0,1.2460849285125732,0.13326585675374525
scvi_matched,PBMC5k_TTTCCTCCACGCTATA-1,Eryth,1,Eryth,0.02451193332672119,,0.06983572988520642,0.0,0.7702332735061646,0.1133173921286404
scvi_matched,PBMC5k_TTTCCTCGTTGCGTAT-1,cDC2,1,cDC2,0.0007497668266296387,,0.00018220793163064176,0.0,0.000867270864546299,3.662860564832986e-05
scvi_matched,PBMC5k_TTTCGATAGGCCTAGA-1,CD4 TEM,1,CD4 TEM,0.15977835655212402,,0.06917729304479014,0.19999999999999996,1.0475220680236816,0.15027323705608256
scvi_matched,PBMC5k_TTTCGATAGTTCCATG-1,ILC,0,CD4 TEM,0.2623046636581421,,0.15248292421772724,0.19999999999999996,1.2262591123580933,0.0728443213099653
scvi_matched,PBMC5k_TTTCGATCACAAATAG-1,CD4 TCM,1,CD4 TCM,0.14775997400283813,,0.07111932546555155,0.0,0.5771188139915466,0.0476206211764377
scvi_matched,PBMC5k_TTTCGATCACAATGTC-1,CD8 TEM,0,CD8 TCM,0.6833265125751495,,0.19444044805916016,0.19999999999999996,1.529054880142212,0.0371397543621728
scvi_matched,PBMC5k_TTTCGATGTGTTATCG-1,CD14 Mono,1,CD14 Mono,0.0009899139404296875,,0.0012300045170158466,0.0,0.029905127361416817,0.0019153439459790743
scvi_matched,PBMC5k_TTTGACTCAGAGATTA-1,MAIT,1,MAIT,0.009754776954650879,,0.002768014498695223,0.0,0.5390481352806091,0.09593311053767996
scvi_matched,PBMC5k_TTTGACTCAGCGCGTT-1,CD4 TEM,1,CD4 TEM,0.4253190755844116,,0.10528962817901655,0.0,1.0996038913726807,0.08958174458289578
scvi_matched,PBMC5k_TTTGACTGTGACTAAA-1,CD4 TEM,1,CD4 TEM,0.33129870891571045,,0.03996112235901306,0.0,0.9999257326126099,0.13927237999220765
scvi_matched,PBMC5k_TTTGATCAGTTCATCG-1,ILC,0,CD4 TCM,0.3002971410751343,,0.02891316627893148,0.0,1.0021196603775024,0.07917536537901486
scvi_matched,PBMC5k_TTTGATCCATAGGTTC-1,B memory,1,B memory,0.008531808853149414,,0.004173654656523806,0.0,0.5418176054954529,0.1817867510717953
scvi_matched,PBMC5k_TTTGATCTCAACACGT-1,NK,1,NK,0.0004062056541442871,,0.00019834566991356814,0.0,0.024051090702414513,0.0018663254534939968
scvi_matched,PBMC5k_TTTGGAGAGTAAAGCT-1,Eryth,0,CD14 Mono,0.0412827730178833,,0.019107685894774656,0.0,0.4285735487937927,0.06498431285640886
scvi_matched,PBMC5k_TTTGGAGAGTACCCTA-1,Eryth,1,Eryth,0.46418142318725586,,0.06366618951049152,0.19999999999999996,0.6194754838943481,0.17477368355368494
scvi_matched,PBMC5k_TTTGGAGCAAACTCTG-1,CD8 TEM,0,NK,0.07952684164047241,,0.17587349657838003,0.4,0.8860452175140381,0.16882783229483678
scvi_matched,PBMC5k_TTTGGAGCACTCATAG-1,CD4 TEM,1,CD4 TEM,0.16478866338729858,,0.1599215273841228,0.19999999999999996,1.1365513801574707,0.19845779481882392
scvi_matched,PBMC5k_TTTGGAGCAGCGGTTC-1,CD4 TCM,1,CD4 TCM,0.533643513917923,,0.0738444573353767,0.4,1.2092255353927612,0.17669836298761304
scvi_matched,PBMC5k_TTTGGTTCAAAGCGTG-1,CD14 Mono,1,CD14 Mono,0.0312688946723938,,0.028024843548693557,0.0,0.33559858798980713,0.0365116522924601
scvi_matched,PBMC5k_TTTGGTTGTACCTGTA-1,CD4 Naive,1,CD4 Naive,0.11787372827529907,,0.1020570530996201,0.0,0.976582944393158,0.09384380182334523
scvi_matched,PBMC5k_TTTGGTTGTACGAGTG-1,CD4 Naive,1,CD4 Naive,0.44575273990631104,,0.07244451794350981,0.4,1.1966824531555176,0.15774241250186022
scvi_matched,PBMC5k_TTTGTTGAGTTAACAG-1,CD14 Mono,1,CD14 Mono,0.02206343412399292,,0.0034965048332565724,0.0,0.12731879949569702,0.019552054589101742
scvi_matched,PBMC5k_TTTGTTGCAGCACAAG-1,CD8 TEM,1,CD8 TEM,0.6708397567272186,,0.15986033029643443,0.0,1.0562413930892944,0.08307992758256726
scvi_matched,PBMC5k_TTTGTTGCAGTCTTCC-1,CD4 TEM,1,CD4 TEM,0.16117703914642334,,0.029462463659648552,0.19999999999999996,1.1111958026885986,0.22422119019728184
scvi_matched,PBMC5k_TTTGTTGCATTGCCGG-1,CD14 Mono,1,CD14 Mono,0.0002917647361755371,,0.00017612403982103248,0.0,0.017725303769111633,0.0016011976180760898
totalvi,PBMC5k_AAACCCAAGAGACAAG-1,CD14 Mono,1,CD14 Mono,0.004827558994293213,,0.0027143857076565234,0.0,0.06031407415866852,0.005680195831137101
totalvi,PBMC5k_AAACCCAAGGCCTAGA-1,CD4 Naive,1,CD4 Naive,0.2564024329185486,,0.052558058892082204,0.19999999999999996,1.0719431638717651,0.1672148120525922
totalvi,PBMC5k_AAACCCAGTCGTGCCA-1,CD4 TEM,1,CD4 TEM,0.4235907196998596,,0.0819204323448467,0.0,0.5492978096008301,0.05639953510542728
totalvi,PBMC5k_AAACCCATCGTGCATA-1,CD4 TEM,0,CD4 TCM,0.510621577501297,,0.05715207437348546,0.19999999999999996,0.9277093410491943,0.19771464220424906
totalvi,PBMC5k_AAACGAAAGACAAGCC-1,Eryth,1,Eryth,0.01831871271133423,,0.025969219271371607,0.0,0.4503738582134247,0.09932461818479146
totalvi,PBMC5k_AAACGAAAGAGTGACC-1,CD14 Mono,1,CD14 Mono,0.003827393054962158,,0.0006903467635800617,0.0,0.05644664913415909,0.0034150964151740118
totalvi,PBMC5k_AAACGAAGTAATGATG-1,CD4 TEM,1,CD4 TEM,0.2120491862297058,,0.07345966864311826,0.0,0.47972768545150757,0.04646424760904164
totalvi,PBMC5k_AAACGAAGTTAAAGTG-1,CD16 Mono,1,CD16 Mono,0.020217716693878174,,0.003859353639614531,0.0,0.007255912758409977,0.0005555485454006568
totalvi,PBMC5k_AAACGCTAGGTTGGAC-1,CD14 Mono,1,CD14 Mono,0.002065420150756836,,0.0003994958491507078,0.0,0.035936929285526276,0.0012720909169527143
totalvi,PBMC5k_AAACGCTGTACAAACA-1,CD8 TEM,0,gdT,0.3201202154159546,,0.16087463201669883,0.4,1.1243884563446045,0.18921564584042075
totalvi,PBMC5k_AAAGAACGTGGATCAG-1,CD4 Naive,1,CD4 Naive,0.1530245542526245,,0.03172226462617678,0.0,1.025194764137268,0.07837102826580655
totalvi,PBMC5k_AAAGGATCACACTTAG-1,CD4 Naive,1,CD4 Naive,0.20211005210876465,,0.027927396658549708,0.0,0.7308146357536316,0.1172104422233121
totalvi,PBMC5k_AAAGGATGTGATTAGA-1,cDC2,1,cDC2,0.002208232879638672,,0.0002697441940142887,0.0,0.006077656988054514,0.00028101617742893573
totalvi,PBMC5k_AAAGGATTCTCTATAC-1,CD14 Mono,1,CD14 Mono,0.020606637001037598,,0.006999337025461419,0.0,0.141088604927063,0.018225255002075308
totalvi,PBMC5k_AAAGGGCTCAGTCACA-1,B naive,1,B naive,0.16507750749588013,,0.061970149522839746,0.19999999999999996,0.985005795955658,0.2527282680551159
totalvi,PBMC5k_AAAGGGCTCATTTGGG-1,NK,1,NK,0.0868149995803833,,0.017112740118152864,0.0,0.10422557592391968,0.007298577826722684
totalvi,PBMC5k_AAAGGGCTCGGTGTAT-1,Treg,0,CD4 Naive,0.2318720817565918,,0.06698941334507302,0.0,0.8749278783798218,0.023310343904290324
totalvi,PBMC5k_AAAGGGCTCTGCTTAT-1,CD8 TEM,1,CD8 TEM,0.1314372420310974,,0.03335333690957021,0.19999999999999996,1.0529484748840332,0.30707330686988776
totalvi,PBMC5k_AAAGGTAGTCGCGTCA-1,CD4 Naive,1,CD4 Naive,0.13128513097763062,,0.027336478508677597,0.0,0.5317779779434204,0.114402044581961
totalvi,PBMC5k_AAAGGTAGTGTAACGG-1,CD14 Mono,1,CD14 Mono,0.01578223705291748,,0.0032298762990769087,0.0,0.18689046800136566,0.02345918691315615
totalvi,PBMC5k_AAAGGTAGTTACGATC-1,CD14 Mono,1,CD14 Mono,0.0089186429977417,,0.0026056804616348267,0.0,0.14031943678855896,0.018605740263257873
totalvi,PBMC5k_AAAGGTATCCTTATGT-1,CD16 Mono,1,CD16 Mono,0.05291247367858887,,0.010498702813078353,0.0,0.07688824832439423,0.017143908203709528
totalvi,PBMC5k_AAAGTCCCAACCACAT-1,CD14 Mono,1,CD14 Mono,0.00988626480102539,,0.0058071903476517445,0.0,0.10986494272947311,0.014586638153570402
totalvi,PBMC5k_AAAGTCCGTAGCTTTG-1,CD16 Mono,0,CD14 Mono,0.47645658254623413,,0.10529290955945603,0.0,0.2480517476797104,0.014702011083571283
totalvi,PBMC5k_AAAGTCCGTGTGTCGC-1,CD16 Mono,1,CD16 Mono,0.003126382827758789,,0.0004925894578779559,0.0,0.007680933922529221,0.0004184963420904772
totalvi,PBMC5k_AAAGTGAAGCAGCGAT-1,B naive,1,B naive,0.4197946786880493,,0.20156315798310942,0.19999999999999996,1.1690651178359985,0.24928446598660972
totalvi,PBMC5k_AAAGTGAAGTGCAGCA-1,CD14 Mono,1,CD14 Mono,0.004937350749969482,,0.004365546022806095,0.0,0.11153107136487961,0.006247584930463309
totalvi,PBMC5k_AAAGTGAGTCGGCTAC-1,B naive,1,B naive,0.01803809404373169,,0.07199277694822348,0.19999999999999996,0.7020211219787598,0.18494760315899766
totalvi,PBMC5k_AAATGGAAGATCGCTT-1,CD4 Naive,1,CD4 Naive,0.22740155458450317,,0.048666602501626466,0.0,0.7186124920845032,0.09893922726714477
totalvi,PBMC5k_AAATGGAGTGGCAGAT-1,CD8 TEM,1,CD8 TEM,0.36898255348205566,,0.10925190700576182,0.4,1.500821590423584,0.1468942065124551
totalvi,PBMC5k_AAATGGAGTTAAGTCC-1,CD14 Mono,1,CD14 Mono,0.009177684783935547,,0.018527446950009213,0.0,0.5313173532485962,0.07360067562494729
totalvi,PBMC5k_AAATGGATCCGGGACT-1,CD8 Naive,1,CD8 Naive,0.04047083854675293,,0.09228068578210946,0.0,0.31121405959129333,0.03409694946447827
totalvi,PBMC5k_AAATGGATCGCATTGA-1,CD14 Mono,1,CD14 Mono,0.0038404464721679688,,0.006982380592468515,0.0,0.39427703619003296,0.07562400974447303
totalvi,PBMC5k_AACAAAGCAACAAGTA-1,CD14 Mono,1,CD14 Mono,0.12638384103775024,,0.021376202681021472,0.0,0.3527587652206421,0.04150311395085726
totalvi,PBMC5k_AACAAAGGTCATGCAT-1,CD8 Naive,1,CD8 Naive,0.08390134572982788,,0.09800628917106868,0.0,0.6181544065475464,0.17129554705798197
totalvi,PBMC5k_AACAAAGTCTTCGCTG-1,CD4 TEM,1,CD4 TEM,0.32173216342926025,,0.036503277011619595,0.19999999999999996,1.1069121360778809,0.17592313000668874
totalvi,PBMC5k_AACAACCAGGATGTTA-1,NK,1,NK,0.036737263202667236,,0.012624753489231477,0.0,0.24470236897468567,0.0189946575912804
totalvi,PBMC5k_AACAACCCATGACTCA-1,CD4 Naive,1,CD4 Naive,0.14399319887161255,,0.05375936323116437,0.0,0.41939350962638855,0.04863655912299725
totalvi,PBMC5k_AACAACCGTGCACATT-1,B naive,1,B naive,0.5280508697032928,,0.15927272873986564,0.4,0.9510241150856018,0.2668981269585913
totalvi,PBMC5k_AACAACCTCGGTCACG-1,CD8 TEM,1,CD8 TEM,0.12171876430511475,,0.144836279273041,0.19999999999999996,1.0026558637619019,0.20278257767606706
totalvi,PBMC5k_AACAAGAGTCATAACC-1,CD4 TCM,1,CD4 TCM,0.04401290416717529,,0.00798455623938249,0.0,0.6124677062034607,0.10448594493039745
totalvi,PBMC5k_AACAAGATCGCTCTAC-1,CD4 Naive,1,CD4 Naive,0.12006038427352905,,0.028442260999405056,0.0,0.6275749206542969,0.10408705254288113
totalvi,PBMC5k_AACACACAGATGGCGT-1,Treg,0,CD4 Naive,0.41592973470687866,,0.049744514445358545,0.19999999999999996,1.1971410512924194,0.17443041431975362
totalvi,PBMC5k_AACACACAGGGCTGAT-1,CD4 TCM,0,CD4 TEM,0.3564298748970032,,0.07009772078675547,0.0,1.2999162673950195,0.054426775268412705
totalvi,PBMC5k_AACACACCACGCTGCA-1,CD4 Naive,1,CD4 Naive,0.09663182497024536,,0.031922247887604116,0.0,0.2838215231895447,0.03720130235361368
totalvi,PBMC5k_AACACACGTACGTGTT-1,Eryth,0,CD14 Mono,0.49765074253082275,,0.0903855085393902,0.19999999999999996,0.6098244190216064,0.18256107161639035
totalvi,PBMC5k_AACACACGTTGGGATG-1,NK,1,NK,0.35179954767227173,,0.050573898633495706,0.0,1.1428937911987305,0.16528530018652957
totalvi,PBMC5k_AACACACTCTATCACT-1,CD4 Naive,0,CD4 TCM,0.3368658423423767,,0.05063127051800842,0.4,1.0075562000274658,0.17918096229529515
totalvi,PBMC5k_AACAGGGAGATACATG-1,CD4 Naive,1,CD4 Naive,0.19248026609420776,,0.022566122861386817,0.0,1.3026288747787476,0.0915501711228722
totalvi,PBMC5k_AACAGGGGTAACATAG-1,ILC,0,CD4 TCM,0.41840672492980957,,0.044992089160127646,0.4,1.1090083122253418,0.13421850230350682
totalvi,PBMC5k_AACAGGGGTCAACATC-1,CD14 Mono,1,CD14 Mono,0.0025599002838134766,,0.002903155793331502,0.0,0.08269762992858887,0.010251871788226589
totalvi,PBMC5k_AACCAACGTAACATCC-1,CD14 Mono,1,CD14 Mono,0.022888600826263428,,0.022219758434130765,0.4,0.8246628046035767,0.24628056598299577
totalvi,PBMC5k_AACCATGAGATCGGTG-1,MAIT,1,MAIT,0.025019526481628418,,0.02136005033342081,0.0,0.22277244925498962,0.03428614467089069
totalvi,PBMC5k_AACCATGAGGTCGTCC-1,NK,1,NK,0.006348907947540283,,0.0015750907821623257,0.0,0.05326561629772186,0.004704949332548824
totalvi,PBMC5k_AACCCAAAGGGTGGGA-1,CD4 Naive,1,CD4 Naive,0.4615405797958374,,0.07211164004774995,0.4,1.2516486644744873,0.1757741253437684
totalvi,PBMC5k_AACCCAACAGCGGTTC-1,CD14 Mono,1,CD14 Mono,0.001862645149230957,,0.00026476129389954584,0.0,0.08107541501522064,0.00795740271624797
totalvi,PBMC5k_AACCCAAGTATCGGTT-1,B intermediate,1,B intermediate,0.3661031723022461,,0.06330821210290338,0.4,0.97623211145401,0.1398812063763031
totalvi,PBMC5k_AACCTGAAGCTGGCTC-1,B naive,1,B naive,0.020558476448059082,,0.011883172603069675,0.0,0.5671391487121582,0.15826644876732576
totalvi,PBMC5k_AACCTGAGTCGAACGA-1,CD16 Mono,1,CD16 Mono,0.005249202251434326,,0.0023316712992857147,0.0,0.026341821998357773,0.0047164878044448156
totalvi,PBMC5k_AACCTGAGTCGAGCTC-1,CD4 Naive,1,CD4 Naive,0.09095656871795654,,0.018584645249636877,0.0,0.7006331086158752,0.11755508368733393
totalvi,PBMC5k_AACCTGAGTCTCTCAC-1,CD4 TCM,1,CD4 TCM,0.04428660869598389,,0.008850714790322567,0.0,0.5569072961807251,0.08768609668661338
totalvi,PBMC5k_AACCTGAGTCTGCAAT-1,CD4 TCM,0,CD4 Naive,0.5132792890071869,,0.13060839488969744,0.0,1.2346653938293457,0.11223453285079155
totalvi,PBMC5k_AACCTGAGTGACATCT-1,CD8 TEM,1,CD8 TEM,0.20207804441452026,,0.17395008559302272,0.19999999999999996,1.3983546495437622,0.14178891337669935
totalvi,PBMC5k_AACCTGAGTGACTCTA-1,MAIT,0,NK,0.39155644178390503,,0.3018047774820929,0.8,2.129350185394287,0.07090882204486024
totalvi,PBMC5k_AACCTTTCACATTCGA-1,CD14 Mono,1,CD14 Mono,0.0010023713111877441,,0.00028734422101486974,0.0,0.04456520080566406,0.001418489524706425
totalvi,PBMC5k_AACCTTTTCCTGGTCT-1,CD4 TCM,1,CD4 TCM,0.1204940676689148,,0.03454186942300286,0.0,0.7841297388076782,0.15680097219595548
totalvi,PBMC5k_AACGAAAAGGGATCGT-1,NK,1,NK,0.01351010799407959,,0.0038268984215874546,0.0,0.16322675347328186,0.04596712707839688
totalvi,PBMC5k_AACGAAACAAGGCTTT-1,CD4 TEM,1,CD4 TEM,0.1352289319038391,,0.019972344954974908,0.4,1.095346212387085,0.15935945024343193
totalvi,PBMC5k_AACGAAAGTGTCTTCC-1,Treg,0,CD4 TCM,0.17150616645812988,,0.013367227176616425,0.0,0.831004798412323,0.04271176447577292
totalvi,PBMC5k_AACGAAATCTCATGGA-1,CD14 Mono,1,CD14 Mono,0.004451870918273926,,0.018903476434676297,0.0,0.2506512403488159,0.05157176275357194
totalvi,PBMC5k_AACGGGAAGGGTGGGA-1,CD4 Naive,1,CD4 Naive,0.10794192552566528,,0.09773794036163586,0.19999999999999996,0.8660704493522644,0.2509875133717233
totalvi,PBMC5k_AACGGGAGTACTGAGG-1,B intermediate,1,B intermediate,0.24467569589614868,,0.0896465338685759,0.19999999999999996,0.88725346326828,0.09042383812153867
totalvi,PBMC5k_AACGGGAGTGTATCCA-1,CD14 Mono,1,CD14 Mono,0.01087254285812378,,0.0017996988476044196,0.0,0.05188902094960213,0.0027090531063445394
totalvi,PBMC5k_AACGGGAGTTGGGACA-1,CD4 TCM,1,CD4 TCM,0.11274164915084839,,0.020127106532418115,0.0,0.7266596555709839,0.1600900410538268
totalvi,PBMC5k_AACGGGATCTCCTGCA-1,CD14 Mono,1,CD14 Mono,0.002193152904510498,,0.0015100528961150446,0.0,0.07486964017152786,0.006393284672928805
totalvi,PBMC5k_AACGTCAAGTAGATCA-1,CD4 Naive,1,CD4 Naive,0.19256895780563354,,0.028355521194808664,0.0,0.6817185878753662,0.07085965967640687
totalvi,PBMC5k_AACGTCACAATCGAAA-1,CD8 TEM,1,CD8 TEM,0.06615614891052246,,0.0220280227132702,0.0,0.6540617942810059,0.17842011077490175
totalvi,PBMC5k_AACGTCATCATCTGTT-1,Treg,0,CD4 TCM,0.6471543312072754,,0.062377147451699866,0.6,1.3052932024002075,0.13617288209550468
totalvi,PBMC5k_AACGTCATCCACGAAT-1,CD14 Mono,1,CD14 Mono,0.014413654804229736,,0.024555687745206112,0.0,0.27413344383239746,0.027438308424848942
totalvi,PBMC5k_AACTTCTAGACTGAGC-1,CD4 TEM,1,CD4 TEM,0.07345688343048096,,0.012708701534967282,0.19999999999999996,0.8307903409004211,0.1613425395884391
totalvi,PBMC5k_AACTTCTTCGCCAGAC-1,CD4 TEM,0,CD4 TCM,0.5173393189907074,,0.12123211999058658,0.0,0.9587676525115967,0.11467444055742296
totalvi,PBMC5k_AAGAACAAGAACTTCC-1,CD4 TEM,0,CD4 TCM,0.33896809816360474,,0.0519251806954143,0.19999999999999996,0.8337535262107849,0.18686108548410407
totalvi,PBMC5k_AAGAACAAGTGATAGT-1,CD4 TEM,1,CD4 TEM,0.08514004945755005,,0.008080116332236431,0.19999999999999996,0.8977051973342896,0.1510195620413133
totalvi,PBMC5k_AAGAACACACGAAAGC-1,B intermediate,1,B intermediate,0.3881050944328308,,0.024542868816206598,0.19999999999999996,1.0596665143966675,0.14994697362962436
totalvi,PBMC5k_AAGAACATCATCGTAG-1,CD4 TEM,1,CD4 TEM,0.39127451181411743,,0.03968094166533165,0.0,1.1192922592163086,0.13113410411981197
totalvi,PBMC5k_AAGAACATCGGTAGAG-1,CD14 Mono,1,CD14 Mono,0.0014127492904663086,,0.007792265301601896,0.0,0.11395933479070663,0.007449538863559005
totalvi,PBMC5k_AAGACTCCAACCGACC-1,CD14 Mono,1,CD14 Mono,0.004491448402404785,,0.0007591589735731971,0.0,0.05306529998779297,0.002655748393387504
totalvi,PBMC5k_AAGACTCCAGGTCTCG-1,CD8 TCM,1,CD8 TCM,0.6451468169689178,,0.1314951241662674,0.4,1.5553058385849,0.16565267362422803
totalvi,PBMC5k_AAGACTCCAGTTGCGC-1,Eryth,0,CD14 Mono,0.18322688341140747,,0.067842695026336,0.4,0.7135441303253174,0.21140456914667421
totalvi,PBMC5k_AAGACTCGTAGTGCGA-1,CD14 Mono,1,CD14 Mono,0.0037287473678588867,,0.002488182800283144,0.0,0.19637997448444366,0.015667770481606703
totalvi,PBMC5k_AAGACTCGTATCAGCT-1,CD14 Mono,1,CD14 Mono,0.012302696704864502,,0.005446816087867262,0.0,0.3577577471733093,0.03779249771223628
totalvi,PBMC5k_AAGACTCGTTGCGTAT-1,CD4 TEM,1,CD4 TEM,0.39365655183792114,,0.028111964681515667,0.4,0.9869344234466553,0.2663721740887232
totalvi,PBMC5k_AAGATAGAGCTGCCTG-1,Treg,0,CD4 TCM,0.15807974338531494,,0.028729786833684545,0.0,0.6121646761894226,0.08463343068063987
totalvi,PBMC5k_AAGATAGCACTGTGTA-1,CD14 Mono,1,CD14 Mono,0.02214038372039795,,0.00307737554490993,0.0,0.09267212450504303,0.005229280687391527
totalvi,PBMC5k_AAGATAGCAGGAATCG-1,CD14 Mono,1,CD14 Mono,0.00576937198638916,,0.005166635513479914,0.0,0.1188846006989479,0.013318168655692481
totalvi,PBMC5k_AAGATAGCATGAATCC-1,CD14 Mono,1,CD14 Mono,0.001450955867767334,,0.000828355382722256,0.0,0.06565095484256744,0.003919295183933386
totalvi,PBMC5k_AAGCATCTCCTCAGAA-1,NK,1,NK,6.115436553955078e-05,,1.7831438512721197e-05,0.0,0.008957959711551666,0.0012914376082980431
totalvi,PBMC5k_AAGCATCTCTGGCCTT-1,CD4 Naive,1,CD4 Naive,0.364388108253479,,0.0719149850029962,0.0,0.6533839702606201,0.10829259239411428
totalvi,PBMC5k_AAGCCATAGCGGATCA-1,CD14 Mono,1,CD14 Mono,0.004237711429595947,,0.0011264733216904167,0.0,0.09253604710102081,0.007582076497450993
totalvi,PBMC5k_AAGCCATGTCACTCGG-1,CD8 TEM,1,CD8 TEM,0.15545135736465454,,0.11894400991076315,0.4,1.4491825103759766,0.2250249232978042
totalvi,PBMC5k_AAGCGTTGTGTAAACA-1,gdT,0,NK,0.4370896816253662,,0.0740658870886991,0.0,0.9318260550498962,0.014209134064960141
totalvi,PBMC5k_AAGCGTTTCCATAGGT-1,B memory,1,B memory,0.006184697151184082,,0.008735333938944045,0.0,0.5344051718711853,0.13880297712224177
totalvi,PBMC5k_AAGGAATAGCGGTAGT-1,CD14 Mono,1,CD14 Mono,0.006650865077972412,,0.0037514027019064505,0.0,0.2353426218032837,0.015894475883454905
totalvi,PBMC5k_AAGGAATCAGTCGCAC-1,B intermediate,0,B memory,0.18113291263580322,,0.07932767530668272,0.19999999999999996,0.9977564811706543,0.05179350472743254
totalvi,PBMC5k_AAGGAATGTCGCAGTC-1,CD14 Mono,1,CD14 Mono,0.013078451156616211,,0.004828305859655997,0.0,0.30505722761154175,0.10661122931338099
totalvi,PBMC5k_AAGGTAAAGGAAGAAC-1,CD4 Naive,1,CD4 Naive,0.4206869602203369,,0.1763628845664741,0.19999999999999996,1.3311048746109009,0.16089973593846205
totalvi,PBMC5k_AAGGTAAAGTCACTAC-1,CD16 Mono,1,CD16 Mono,0.0012674927711486816,,0.0005005291048692448,0.0,0.009083009324967861,0.0006108634297598575
totalvi,PBMC5k_AAGTACCAGGAGATAG-1,CD4 Naive,1,CD4 Naive,0.13208764791488647,,0.03588041546353726,0.0,0.6151045560836792,0.06749617017795352
totalvi,PBMC5k_AAGTACCAGTAGATCA-1,NK,0,CD8 TEM,0.5430057644844055,,0.1187327302025688,0.0,0.8396041393280029,0.10646343345464586
totalvi,PBMC5k_AAGTACCCAGAATCGG-1,MAIT,0,CD4 TEM,0.09949052333831787,,0.05986680033697156,0.19999999999999996,1.0142499208450317,0.1737689884773227
totalvi,PBMC5k_AAGTACCTCCAGGACC-1,CD4 Naive,1,CD4 Naive,0.14217060804367065,,0.06494621520638477,0.0,0.8871752619743347,0.09124244542078232
totalvi,PBMC5k_AAGTACCTCCGGTTCT-1,B intermediate,1,B intermediate,0.4109981656074524,,0.06174196847686486,0.4,1.1388921737670898,0.16122688543341604
totalvi,PBMC5k_AAGTACCTCGGTGTAT-1,CD4 TEM,1,CD4 TEM,0.4094153642654419,,0.08105648742503446,0.19999999999999996,0.8600372672080994,0.19540282767154463
totalvi,PBMC5k_AAGTCGTGTATCACCA-1,CD14 Mono,1,CD14 Mono,0.1545093059539795,,0.10705688586256268,0.0,0.5025725960731506,0.07903936554149892
totalvi,PBMC5k_AAGTCGTGTGAATGTA-1,NK,1,NK,0.01228421926498413,,0.002201400458030571,0.0,0.08009610325098038,0.009355114882159904
totalvi,PBMC5k_AAGTGAACACTTCAAG-1,CD8 Naive,0,CD4 Naive,0.3532896041870117,,0.06450232775457798,0.19999999999999996,0.9260046482086182,0.20510504918832825
totalvi,PBMC5k_AAGTGAAGTAGTACGG-1,CD4 TEM,1,CD4 TEM,0.07918518781661987,,0.039029579426746674,0.0,0.5446328520774841,0.062289756866072105
totalvi,PBMC5k_AAGTGAAGTATCGTAC-1,CD16 Mono,1,CD16 Mono,0.019066154956817627,,0.009374024826275307,0.0,0.008609602227807045,0.0005060210807140702
totalvi,PBMC5k_AAGTGAAGTTCGGGTC-1,CD4 TEM,1,CD4 TEM,0.058784544467926025,,0.020699297706424757,0.0,0.9160284399986267,0.11612779848896113
totalvi,PBMC5k_AAGTTCGAGAGTACCG-1,CD4 TEM,1,CD4 TEM,0.1721189022064209,,0.09200826863387057,0.19999999999999996,0.8038778305053711,0.21585806022816595
totalvi,PBMC5k_AAGTTCGAGCACTGGA-1,CD14 Mono,1,CD14 Mono,0.00498276948928833,,0.003080949606023023,0.0,0.08942732959985733,0.004959882751296643
totalvi,PBMC5k_AAGTTCGCAGGCTATT-1,CD14 Mono,1,CD14 Mono,0.03595918416976929,,0.014172586667848375,0.0,0.4843539297580719,0.055780844889701975
totalvi,PBMC5k_AAGTTCGGTCACTCAA-1,CD4 Naive,0,CD4 TCM,0.3971647620201111,,0.044272786724085966,0.4,1.0994205474853516,0.23330850533570321
totalvi,PBMC5k_AAGTTCGTCTGTCAGA-1,CD4 Naive,1,CD4 Naive,0.595829963684082,,0.08464018324743527,0.19999999999999996,1.4506953954696655,0.1053185304769115
totalvi,PBMC5k_AATAGAGCAGCACACC-1,CD16 Mono,1,CD16 Mono,0.1360950469970703,,0.021483193632261754,0.0,0.1177753359079361,0.02993807571092434
totalvi,PBMC5k_AATAGAGGTCACCGAC-1,CD14 Mono,1,CD14 Mono,0.18504834175109863,,0.021834234829684607,0.0,0.48449429869651794,0.08779892810835618
totalvi,PBMC5k_AATAGAGTCGGTCACG-1,CD4 Naive,1,CD4 Naive,0.24930787086486816,,0.03583895746943411,0.4,1.0459630489349365,0.17875370823331374
totalvi,PBMC5k_AATCACGAGCGCTGCT-1,CD14 Mono,1,CD14 Mono,0.017397642135620117,,0.00849668878851545,0.0,0.7217393517494202,0.1511389296449626
totalvi,PBMC5k_AATCACGAGCGTGCTC-1,CD4 TEM,1,CD4 TEM,0.14101040363311768,,0.04659421945699038,0.0,1.126933217048645,0.07035624153312744
totalvi,PBMC5k_AATCACGGTAGATGTA-1,B memory,1,B memory,0.035879313945770264,,0.01153654688861952,0.0,0.4364354908466339,0.12189184957264047
totalvi,PBMC5k_AATCACGGTATCATGC-1,CD14 Mono,1,CD14 Mono,0.018806159496307373,,0.017635988489612814,0.0,0.3621113896369934,0.07408591438285841
totalvi,PBMC5k_AATCACGGTCCATACA-1,CD14 Mono,1,CD14 Mono,0.08286875486373901,,0.021797161422133615,0.0,0.21549536287784576,0.033272903686692015
totalvi,PBMC5k_AATCACGTCGAGCACC-1,CD14 Mono,1,CD14 Mono,0.001222074031829834,,0.0005316606017283405,0.0,0.04574219882488251,0.0016034963174624748
totalvi,PBMC5k_AATCGACAGCAAATCA-1,NK,1,NK,0.002199828624725342,,0.00033580356599159124,0.0,0.03014826774597168,0.0027308047073226344
totalvi,PBMC5k_AATCGACGTAGTCGTT-1,NK_CD56bright,1,NK_CD56bright,0.4429488778114319,,0.0988031821232156,0.4,0.8923110365867615,0.209121665588848
totalvi,PBMC5k_AATCGACGTGCCGGTT-1,ILC,0,CD4 TEM,0.10832816362380981,,0.019008054441187472,0.0,0.7441592216491699,0.022025421040897254
totalvi,PBMC5k_AATCGACGTTCACGAT-1,CD4 Naive,1,CD4 Naive,0.25222688913345337,,0.03410587807034393,0.0,0.8923450708389282,0.16736968969761715
totalvi,PBMC5k_AATCGACTCCATTGTT-1,CD4 TCM,1,CD4 TCM,0.29463887214660645,,0.04317348048487757,0.0,1.1137454509735107,0.1251365403634556
totalvi,PBMC5k_AATCGTGGTGTTAGCT-1,NK,1,NK,0.011713206768035889,,0.0018746619011331817,0.0,0.08910541236400604,0.012731805101392294
totalvi,PBMC5k_AATGAAGGTGGGACAT-1,CD4 Naive,0,CD4 TCM,0.5605005025863647,,0.09277170802669121,0.0,1.4438456296920776,0.023562983627754223
totalvi,PBMC5k_AATGAAGGTTCATCTT-1,CD14 Mono,1,CD14 Mono,0.00145035982131958,,0.0010128291620831766,0.0,0.09248272329568863,0.008617102960973212
totalvi,PBMC5k_AATGACCAGGCTCAAG-1,CD4 Naive,1,CD4 Naive,0.22241288423538208,,0.05242419227356787,0.6,1.5656346082687378,0.1727917737818204
totalvi,PBMC5k_AATGACCCACTGCGTG-1,CD4 Naive,1,CD4 Naive,0.11598813533782959,,0.055611166458586325,0.0,0.5862380862236023,0.07316787624284128
totalvi,PBMC5k_AATGACCCAGCTGTAT-1,B naive,1,B naive,0.003341197967529297,,0.0004642110276730088,0.0,0.04945668205618858,0.004766125646448293
totalvi,PBMC5k_AATGACCTCCGTACGG-1,CD14 Mono,1,CD14 Mono,0.00794827938079834,,0.0007378957884738441,0.0,0.05910414829850197,0.007171704128366991
totalvi,PBMC5k_AATGCCAAGATAGGGA-1,CD4 TCM,1,CD4 TCM,0.24795544147491455,,0.014246292334430088,0.0,0.6772213578224182,0.15776695413558572
totalvi,PBMC5k_AATGCCAAGATTGTGA-1,CD8 Naive,1,CD8 Naive,0.10037904977798462,,0.2265902177523369,0.4,2.0187582969665527,0.20410153928403393
totalvi,PBMC5k_AATGCCAAGGAAGTAG-1,Treg,0,Eryth,0.2588869333267212,,0.08753105697116004,0.4,1.7193477153778076,0.05362338809346778
totalvi,PBMC5k_AATGGAAAGCGACCCT-1,CD14 Mono,1,CD14 Mono,0.016488313674926758,,0.010387453161134236,0.0,0.7039324045181274,0.12059204462439682
totalvi,PBMC5k_AATGGAAGTATCAGGG-1,CD14 Mono,1,CD14 Mono,0.05797004699707031,,0.01911841558513136,0.0,0.4569717049598694,0.1063929550729604
totalvi,PBMC5k_AATGGAATCATCCTAT-1,CD4 TEM,1,CD4 TEM,0.1520879864692688,,0.02201351850208877,0.0,0.9202826619148254,0.044244792791660936
totalvi,PBMC5k_AATGGCTAGATCCAAA-1,CD4 TCM,0,NK,0.18936651945114136,,0.24015424492001358,0.6,1.664957880973816,0.019751601650768967
totalvi,PBMC5k_AATGGCTCATGGCTGC-1,CD4 TCM,1,CD4 TCM,0.24248158931732178,,0.043573788408791,0.19999999999999996,0.8925256133079529,0.18126062620343758
totalvi,PBMC5k_AATGGCTTCGTGCTCT-1,CD4 Naive,1,CD4 Naive,0.042168498039245605,,0.06934333338758192,0.0,0.847608745098114,0.12884523598041742
totalvi,PBMC5k_AATTCCTAGGGCAATC-1,CD4 TCM,0,CD4 Naive,0.22711628675460815,,0.008265048062252922,0.0,0.986653745174408,0.07118004848786862
totalvi,PBMC5k_AATTCCTGTTATAGCC-1,B intermediate,1,B intermediate,0.12280654907226562,,0.06558476610110875,0.4,0.7445568442344666,0.1995271039183385
totalvi,PBMC5k_AATTCCTTCAGCGCGT-1,CD16 Mono,0,CD14 Mono,0.452803373336792,,0.143540380272712,0.0,0.6551328897476196,0.08153195307855518
totalvi,PBMC5k_AATTTCCAGGTTCCGC-1,CD4 Naive,1,CD4 Naive,0.5648402869701385,,0.164139736955347,0.4,1.3037370443344116,0.2600986437197798
totalvi,PBMC5k_AATTTCCCAGGAATCG-1,CD14 Mono,1,CD14 Mono,0.32463163137435913,,0.033278603719278266,0.0,0.539627194404602,0.060193658611120374
totalvi,PBMC5k_AATTTCCGTACTGACT-1,CD14 Mono,1,CD14 Mono,0.014851987361907959,,0.0042057374316020885,0.0,0.1932663768529892,0.014447924566446854
totalvi,PBMC5k_AATTTCCGTATGTCCA-1,CD14 Mono,1,CD14 Mono,0.0010004639625549316,,0.0005309074048112199,0.0,0.06178128719329834,0.0027056479236480064
totalvi,PBMC5k_AATTTCCGTCGTAATC-1,NK,1,NK,0.05500417947769165,,0.007255157692786118,0.0,0.1710694134235382,0.03096830399727427
totalvi,PBMC5k_ACAAAGACAACTGAAA-1,cDC2,1,cDC2,0.014226973056793213,,0.012147199969006678,0.0,0.4435870051383972,0.06708474323451556
totalvi,PBMC5k_ACAAAGACAAGAGCTG-1,CD4 TCM,0,CD4 TEM,0.5602516829967499,,0.15241750589347913,0.4,1.3580304384231567,0.14505226452246273
totalvi,PBMC5k_ACAAAGAGTTCAAGTC-1,CD14 Mono,1,CD14 Mono,0.021650075912475586,,0.09336612996342136,0.0,0.6141055226325989,0.12268051982280861
totalvi,PBMC5k_ACAAAGATCATCTACT-1,CD14 Mono,1,CD14 Mono,0.007839500904083252,,0.006659295167787488,0.0,0.28414297103881836,0.01972058368114839
totalvi,PBMC5k_ACAAAGATCCTCTCTT-1,gdT,0,CD8 TCM,0.6105926036834717,,0.20210256480618138,0.4,1.483649730682373,0.16547890043361274
totalvi,PBMC5k_ACAACCAGTATACAGA-1,cDC2,0,CD14 Mono,0.04616421461105347,,0.028106183222850578,0.4,0.7978388071060181,0.2489310981068908
totalvi,PBMC5k_ACAACCAGTGTTGACT-1,CD14 Mono,1,CD14 Mono,0.031258344650268555,,0.002847729266419935,0.0,0.15623922646045685,0.022982714393606697
totalvi,PBMC5k_ACAACCAGTTACGATC-1,gdT,0,MAIT,0.2357768416404724,,0.04969239651020352,0.0,0.6205602884292603,0.027492370472297006
totalvi,PBMC5k_ACAACCAGTTTCGTGA-1,CD4 TCM,0,Eryth,0.4943743348121643,,0.11771980435127205,0.4,1.8004136085510254,0.032363184050779585
totalvi,PBMC5k_ACAACCATCCTGTTGC-1,CD4 Naive,1,CD4 Naive,0.24905455112457275,,0.05533097325444525,0.0,0.7103851437568665,0.08343738387966108
totalvi,PBMC5k_ACAAGCTCACCGGCTA-1,Eryth,0,CD14 Mono,0.3445896506309509,,0.052906394470764506,0.4,0.6919301152229309,0.18340572727036442
totalvi,PBMC5k_ACAAGCTTCGTGTGAT-1,cDC2,1,cDC2,0.00037276744842529297,,0.0001416345676206951,0.0,0.005989527329802513,0.0001507140828478533
totalvi,PBMC5k_ACACAGTAGACAACTA-1,CD4 TCM,0,CD4 Naive,0.09771430492401123,,0.0822845101157137,0.19999999999999996,0.9767061471939087,0.16685215102790005
totalvi,PBMC5k_ACACAGTAGCAAACAT-1,CD14 Mono,1,CD14 Mono,0.0006885528564453125,,0.0009766518564655238,0.0,0.048671793192625046,0.0013084132728553334
totalvi,PBMC5k_ACACAGTAGGGTAATT-1,gdT,0,MAIT,0.2809021472930908,,0.08328336022769478,0.0,1.215437650680542,0.1191668029432588
totalvi,PBMC5k_ACACAGTCATCTCGTC-1,CD8 TEM,1,CD8 TEM,0.339267373085022,,0.18327834990252123,0.4,1.3742727041244507,0.1468514083563832
totalvi,PBMC5k_ACACCAAAGAACGTGC-1,CD14 Mono,1,CD14 Mono,0.04680907726287842,,0.030229892698866723,0.0,0.4920988976955414,0.10223158868613846
totalvi,PBMC5k_ACACCAAAGCTTCTAG-1,CD4 TEM,1,CD4 TEM,0.38314688205718994,,0.1332613185983581,0.4,0.9934632778167725,0.14872763855370907
totalvi,PBMC5k_ACACCAAGTAAGGCTG-1,CD8 TEM,1,CD8 TEM,0.08228367567062378,,0.03186571367312685,0.0,1.054642677307129,0.1809307488796224
totalvi,PBMC5k_ACACCAAGTAGGTGCA-1,B memory,1,B memory,0.01813739538192749,,0.022925705119427542,0.0,0.5920122861862183,0.17000094204932067
totalvi,PBMC5k_ACACCAAGTGGTTTGT-1,CD4 Naive,1,CD4 Naive,0.3144151568412781,,0.012688827786044632,0.4,1.077361822128296,0.2886702513098885
totalvi,PBMC5k_ACACCAATCCTTCTTC-1,NK_CD56bright,0,MAIT,0.25619351863861084,,0.1776998807941491,0.4,1.1860460042953491,0.2484843931707067
totalvi,PBMC5k_ACACGCGAGACGTCGA-1,NK,1,NK,0.022035717964172363,,0.017640347749886764,0.0,0.5168202519416809,0.1291833998807946
totalvi,PBMC5k_ACACGCGCACGCGTCA-1,CD14 Mono,1,CD14 Mono,0.001829385757446289,,0.0008074728370859666,0.0,0.08752662688493729,0.004239804585806958
totalvi,PBMC5k_ACACGCGGTACCTATG-1,gdT,0,MAIT,0.08882606029510498,,0.05116890690317777,0.0,0.5463184118270874,0.022270820695924346
totalvi,PBMC5k_ACACGCGGTTGCGAAG-1,CD4 Naive,1,CD4 Naive,0.39985936880111694,,0.06321638525803386,0.4,0.9071975946426392,0.06444440288435038
totalvi,PBMC5k_ACACTGAAGTTCCGGC-1,CD4 Naive,1,CD4 Naive,0.29959213733673096,,0.05220561319683348,0.0,0.7357962727546692,0.09613293294837011
totalvi,PBMC5k_ACACTGAGTTCGTTCC-1,CD4 TCM,0,CD4 Naive,0.39176809787750244,,0.10872861440341564,0.4,1.0615326166152954,0.1531338973403272
totalvi,PBMC5k_ACAGAAAAGGTACTGG-1,NK,1,NK,0.033077359199523926,,0.008453476407410898,0.0,0.1998511552810669,0.02218786120679479
totalvi,PBMC5k_ACAGAAACACGGTGTC-1,B intermediate,1,B intermediate,0.33235472440719604,,0.08934814817640635,0.19999999999999996,0.7659947872161865,0.1480519177990448
totalvi,PBMC5k_ACAGAAACACTGAATC-1,CD4 TCM,1,CD4 TCM,0.15340512990951538,,0.010488509079107367,0.0,0.6868776082992554,0.15791652239412424
totalvi,PBMC5k_ACAGAAATCACGTAGT-1,CD14 Mono,1,CD14 Mono,0.14998817443847656,,0.01800625060057326,0.0,0.30799204111099243,0.0708768292625225
totalvi,PBMC5k_ACAGAAATCCTACAAG-1,NK,1,NK,5.733966827392578e-05,,1.0766326295835347e-05,0.0,0.014735301025211811,0.002113612277690154
totalvi,PBMC5k_ACAGCCGAGAGTCTTC-1,CD14 Mono,1,CD14 Mono,0.010290563106536865,,0.001329351268862411,0.0,0.10447271913290024,0.013937549388402018
totalvi,PBMC5k_ACAGGGAAGCGATTCT-1,CD16 Mono,1,CD16 Mono,0.006976485252380371,,0.0029105755815511183,0.0,0.009034526534378529,0.000495547701396705
totalvi,PBMC5k_ACAGGGACAGGGAGAG-1,Treg,0,CD4 TCM,0.5469792485237122,,0.22874975923614294,0.0,1.1729532480239868,0.09860245030412589
totalvi,PBMC5k_ACAGGGAGTCCACACG-1,CD14 Mono,1,CD14 Mono,0.01134335994720459,,0.0022486090629765046,0.0,0.07993122935295105,0.004723520249480761
totalvi,PBMC5k_ACAGGGATCAGTGATC-1,CD4 TEM,1,CD4 TEM,0.44770610332489014,,0.1178440913138532,0.0,0.6721784472465515,0.05359115844183207
totalvi,PBMC5k_ACAGGGATCCTGGTCT-1,CD14 Mono,1,CD14 Mono,0.020790934562683105,,0.003502086291713044,0.0,0.3575991690158844,0.03270676684734808
totalvi,PBMC5k_ACATCCCAGCTGAGCA-1,CD4 Naive,0,CD4 TCM,0.3770529627799988,,0.13743127139417732,0.4,1.0563706159591675,0.2199504430888075
totalvi,PBMC5k_ACATCCCAGGAAGAAC-1,CD4 Naive,1,CD4 Naive,0.12335032224655151,,0.14256252120720037,0.0,1.1505520343780518,0.09720152625181108
totalvi,PBMC5k_ACATCCCGTGTTGATC-1,CD14 Mono,1,CD14 Mono,0.004385828971862793,,0.001955689343220178,0.0,0.08337395638227463,0.0030531255914661923
totalvi,PBMC5k_ACATCCCGTTTCACTT-1,CD16 Mono,1,CD16 Mono,0.029750287532806396,,0.03156548968800771,0.0,0.15460173785686493,0.026474442862623168
totalvi,PBMC5k_ACATCGAAGCAAATGT-1,CD14 Mono,1,CD14 Mono,0.00583040714263916,,0.0015926131154527373,0.0,0.09825272113084793,0.009570725573110561
totalvi,PBMC5k_ACATCGAGTCACTCTC-1,CD4 TCM,1,CD4 TCM,0.06880438327789307,,0.06582384532804508,0.19999999999999996,1.1314834356307983,0.17642562280017257
totalvi,PBMC5k_ACATCGAGTGCACAAG-1,CD8 Naive,1,CD8 Naive,0.09510964155197144,,0.17593982841746003,0.19999999999999996,1.128854513168335,0.27513423309732665
totalvi,PBMC5k_ACATGCAAGGTAACTA-1,CD4 TEM,1,CD4 TEM,0.5873291194438934,,0.1883542826946789,0.6,1.6743993759155273,0.15695014060771514
totalvi,PBMC5k_ACATGCAAGGTATCTC-1,CD4 TEM,0,CD4 TCM,0.37357819080352783,,0.08649042465290291,0.4,0.9216593503952026,0.3016555392742528
totalvi,PBMC5k_ACATGCACAATACCCA-1,CD4 TCM,1,CD4 TCM,0.5918113589286804,,0.0685008186994478,0.6,1.4205139875411987,0.27262206621491747
totalvi,PBMC5k_ACATTTCCAAGAGATT-1,CD4 Naive,1,CD4 Naive,0.058287203311920166,,0.010058646901614843,0.0,0.3566931188106537,0.03510423308484245
totalvi,PBMC5k_ACATTTCGTCTGTGAT-1,CD14 Mono,1,CD14 Mono,0.1142575740814209,,0.03092845682665113,0.0,0.569648265838623,0.142165630734201
totalvi,PBMC5k_ACATTTCGTTGGGAAC-1,NK_CD56bright,0,gdT,0.7111206948757172,,0.1729778339569601,0.19999999999999996,1.2072504758834839,0.18761596330704458
totalvi,PBMC5k_ACCAAACAGCGGATCA-1,B memory,1,B memory,0.051953136920928955,,0.11135928856793287,0.0,0.8206661343574524,0.06252525270544684
totalvi,PBMC5k_ACCAAACCAAGGTCGA-1,CD14 Mono,1,CD14 Mono,0.004437446594238281,,0.003981095949175707,0.0,0.15669453144073486,0.01940860008933673
totalvi,PBMC5k_ACCAAACCACCCTATC-1,CD16 Mono,1,CD16 Mono,0.009007155895233154,,0.0008797525320423105,0.0,0.012085279449820518,0.0006337829268350246
totalvi,PBMC5k_ACCAAACTCTAGTACG-1,CD14 Mono,1,CD14 Mono,0.10854554176330566,,0.027134500571653536,0.0,0.6161333322525024,0.1011853188203709
totalvi,PBMC5k_ACCAACACAGCGAACA-1,CD14 Mono,1,CD14 Mono,0.0024623870849609375,,0.00135755591916948,0.0,0.08505242317914963,0.006547423138548516
totalvi,PBMC5k_ACCAACAGTGTAAATG-1,B memory,0,B intermediate,0.3503103256225586,,0.0824071207611945,0.4,0.750944197177887,0.2550219534028062
totalvi,PBMC5k_ACCAACAGTTGGGACA-1,CD14 Mono,1,CD14 Mono,0.0016016364097595215,,0.00037600092774316834,0.0,0.0549195222556591,0.0030384355207251825
totalvi,PBMC5k_ACCAACATCCGCTTAC-1,NK,1,NK,0.0004436373710632324,,0.00029025914013802983,0.0,0.032084524631500244,0.005580403392016177
totalvi,PBMC5k_ACCAACATCTGGCCTT-1,CD4 TEM,1,CD4 TEM,0.2472386360168457,,0.16188563194230898,0.4,1.65311861038208,0.16206006840359266
totalvi,PBMC5k_ACCACAAGTCTAGGCC-1,CD8 TEM,1,CD8 TEM,0.6370017826557159,,0.06987460602173434,0.4,1.5026044845581055,0.1782379792524598
totalvi,PBMC5k_ACCACAAGTGACACAG-1,B naive,1,B naive,0.04194009304046631,,0.017974481438115197,0.0,0.2846016585826874,0.034952523730957176
totalvi,PBMC5k_ACCACAAGTGATGGCA-1,CD4 Naive,1,CD4 Naive,0.20711392164230347,,0.06093874617035422,0.0,1.0461143255233765,0.0831707077438761
totalvi,PBMC5k_ACCACAAGTGCTCTTC-1,B naive,1,B naive,0.06972610950469971,,0.016328395314555433,0.0,0.4891548156738281,0.11965887886874894
totalvi,PBMC5k_ACCACAATCCCTGGTT-1,Treg,0,Eryth,0.10321277379989624,,0.036534971019556106,0.19999999999999996,1.6181648969650269,0.057174618486206044
totalvi,PBMC5k_ACCACAATCGAGAAGC-1,B naive,1,B naive,0.08796858787536621,,0.13550623593252076,0.0,0.883446991443634,0.19344471963690388
totalvi,PBMC5k_ACCACAATCTCTCAAT-1,CD4 TCM,1,CD4 TCM,0.029854655265808105,,0.003382147759346199,0.0,0.380379319190979,0.03353355502638088
totalvi,PBMC5k_ACCATTTCAAGTATCC-1,CD8 TEM,1,CD8 TEM,0.4083152413368225,,0.1518360479892149,0.6,1.5139031410217285,0.24336650781074926
totalvi,PBMC5k_ACCATTTCACCAACAT-1,CD8 TCM,1,CD8 TCM,0.28770023584365845,,0.15724331537358216,0.4,1.3140714168548584,0.2313290242702835
totalvi,PBMC5k_ACCATTTCATAATGAG-1,CD4 Naive,1,CD4 Naive,0.05021709203720093,,0.020842986426869714,0.0,0.48390647768974304,0.1575306450469088
totalvi,PBMC5k_ACCATTTTCAGGAAAT-1,NK,1,NK,0.02020639181137085,,0.003461607548858367,0.0,0.17831897735595703,0.03668577305915116
totalvi,PBMC5k_ACCCAAAAGCCTTCTC-1,CD4 TCM,0,CD4 Naive,0.22957926988601685,,0.07964315390903576,0.19999999999999996,1.2304327487945557,0.19399486745978795
totalvi,PBMC5k_ACCCAAACAAAGGTTA-1,CD14 Mono,1,CD14 Mono,0.0017669200897216797,,0.0006073196117804009,0.0,0.05105770379304886,0.0014345650758499965
totalvi,PBMC5k_ACCCAAAGTTGGGAAC-1,gdT,0,NK,0.48629099130630493,,0.1263848601024099,0.0,0.7816240787506104,0.029089717661708526
totalvi,PBMC5k_ACCCAAATCGAGAAAT-1,NK_CD56bright,0,MAIT,0.6357600092887878,,0.19582007766697807,0.0,1.1959571838378906,0.10752387496298167
totalvi,PBMC5k_ACCCAAATCGCCGAGT-1,CD14 Mono,1,CD14 Mono,0.0021077990531921387,,0.0012877655911036415,0.0,0.06225340813398361,0.007776262428349004
totalvi,PBMC5k_ACCCTCAAGCAAGCCA-1,CD4 TEM,1,CD4 TEM,0.18368548154830933,,0.04487466356429426,0.0,0.6855757236480713,0.08510441496814233
totalvi,PBMC5k_ACCCTCACACTACCCT-1,CD16 Mono,1,CD16 Mono,0.0238073468208313,,0.006215197945687798,0.0,0.02262468822300434,0.002022273639637507
totalvi,PBMC5k_ACCCTCACACTGAATC-1,CD4 TCM,1,CD4 TCM,0.04599088430404663,,0.013655017487838983,0.19999999999999996,0.6506240367889404,0.21716669989655019
totalvi,PBMC5k_ACCCTCACATTGCTTT-1,CD14 Mono,1,CD14 Mono,0.22783935070037842,,0.01295256396530986,0.0,0.5440064668655396,0.14046229372317492
totalvi,PBMC5k_ACCCTCAGTACGCGTC-1,CD8 TEM,1,CD8 TEM,0.3868257999420166,,0.10321444136649571,0.19999999999999996,1.2829557657241821,0.23289405379521025
totalvi,PBMC5k_ACCCTCAGTACGCTAT-1,CD14 Mono,1,CD14 Mono,0.02006477117538452,,0.011493694562773132,0.0,0.5100708603858948,0.09977220357021663
totalvi,PBMC5k_ACCCTCAGTCCATAGT-1,CD14 Mono,1,CD14 Mono,0.008195638656616211,,0.011237170879635217,0.0,0.5285412669181824,0.11277262782642536
totalvi,PBMC5k_ACCCTCATCATTGAGC-1,CD14 Mono,1,CD14 Mono,0.0015382766723632812,,0.0004942650242018044,0.0,0.0640740841627121,0.0043181773740917665
totalvi,PBMC5k_ACCCTCATCGCTACAA-1,B naive,1,B naive,0.38619065284729004,,0.07757428503880004,0.0,0.632084310054779,0.13018199721755938
totalvi,PBMC5k_ACCCTTGCACGTTCGG-1,CD4 TEM,1,CD4 TEM,0.17854028940200806,,0.01772225547035977,0.0,0.9887956976890564,0.13044349334044622
totalvi,PBMC5k_ACCCTTGGTTTGACAC-1,B memory,0,B intermediate,0.29939544200897217,,0.13302881371710729,0.4,0.9487258791923523,0.1519520312444061
totalvi,PBMC5k_ACCCTTGTCCTCAGGG-1,B naive,1,B naive,0.08517855405807495,,0.011779339755005891,0.0,0.1868254542350769,0.018475750872241174
totalvi,PBMC5k_ACCGTTCAGACTGTTC-1,CD4 TEM,1,CD4 TEM,0.11491137742996216,,0.043828919765434016,0.0,0.6752773523330688,0.0436868399785662
totalvi,PBMC5k_ACCGTTCGTAATCAAG-1,CD8 Naive,1,CD8 Naive,0.08173888921737671,,0.03602834786988174,0.0,0.7905439138412476,0.10264456406792442
totalvi,PBMC5k_ACCGTTCTCAGACAAA-1,CD4 TEM,1,CD4 TEM,0.1140596866607666,,0.013728728885063934,0.0,0.6505898833274841,0.03557188178799851
totalvi,PBMC5k_ACCTACCGTACAGTAA-1,Eryth,1,Eryth,0.4146023392677307,,0.03137763668340543,0.4,0.7126143574714661,0.212574381560059
totalvi,PBMC5k_ACCTACCTCCAGTGCG-1,CD4 TCM,1,CD4 TCM,0.33639758825302124,,0.1570321194372577,0.19999999999999996,0.9717752933502197,0.15322496569160918
totalvi,PBMC5k_ACCTGAAAGCGAGTCA-1,CD8 TEM,1,CD8 TEM,0.20466262102127075,,0.09152477942874282,0.4,1.276829719543457,0.29036293933566204
totalvi,PBMC5k_ACCTGAATCGTTCGCT-1,NK,1,NK,1.3113021850585938e-05,,1.0024930628828012e-05,0.0,0.002396181458607316,0.00020501576740911798
totalvi,PBMC5k_ACCTGTCAGATTGAGT-1,CD8 Naive,1,CD8 Naive,0.05413222312927246,,0.0511839462047754,0.0,0.7673797011375427,0.11670813641877797
totalvi,PBMC5k_ACCTGTCAGCGCCTTG-1,B naive,1,B naive,0.15701347589492798,,0.07223206597473786,0.0,0.7674769759178162,0.15140258049700486
totalvi,PBMC5k_ACCTGTCGTGAATGTA-1,CD4 Naive,0,CD4 TCM,0.4885396361351013,,0.026455140912568398,0.0,1.1216894388198853,0.08355547111659052
totalvi,PBMC5k_ACCTGTCGTGCAATAA-1,CD4 TCM,1,CD4 TCM,0.17215722799301147,,0.026262256248932192,0.0,0.699067234992981,0.11921730459420007
totalvi,PBMC5k_ACGATCAAGACCAGCA-1,NK,1,NK,0.00036537647247314453,,0.0002653930766591847,0.0,0.011009289883077145,0.0012254934565222302
totalvi,PBMC5k_ACGATCAAGCGTATAA-1,MAIT,1,MAIT,0.25472283363342285,,0.06465793435764255,0.0,0.5900992155075073,0.09118225313229766
totalvi,PBMC5k_ACGATCACAGAGCCCT-1,CD14 Mono,1,CD14 Mono,0.0850556492805481,,0.014796497987103474,0.0,0.22586806118488312,0.03558081812423949
totalvi,PBMC5k_ACGATCACATCACGGC-1,B intermediate,0,B memory,0.24563920497894287,,0.10622726107645186,0.4,1.1312445402145386,0.10520725336514215
totalvi,PBMC5k_ACGATGTAGCGTTGTT-1,CD8 TEM,1,CD8 TEM,0.10545629262924194,,0.08495568751637261,0.19999999999999996,1.0496172904968262,0.23843814877565475
totalvi,PBMC5k_ACGATGTAGTTGCATC-1,gdT,0,CD8 TEM,0.4130067825317383,,0.30523352609808696,0.6,1.687785267829895,0.037099427893745256
totalvi,PBMC5k_ACGCACGAGGCCACCT-1,CD16 Mono,1,CD16 Mono,0.0279388427734375,,0.004186813044133417,0.0,0.0048987907357513905,6.807414514180833e-05
totalvi,PBMC5k_ACGCACGGTGTGTGGA-1,NK,1,NK,0.0006058216094970703,,9.655284804207642e-05,0.0,0.005173017270863056,0.00028636443923625164
totalvi,PBMC5k_ACGCACGTCTCCGAAA-1,gdT,0,MAIT,0.4232902526855469,,0.07298596231929566,0.19999999999999996,1.2552006244659424,0.09543267775787738
totalvi,PBMC5k_ACGGAAGTCTACTTCA-1,CD14 Mono,1,CD14 Mono,0.005408227443695068,,0.0017670764591080496,0.0,0.15652060508728027,0.006469838195747356
totalvi,PBMC5k_ACGGGTCGTGCGCTCA-1,CD14 Mono,1,CD14 Mono,0.0063710808753967285,,0.0006129202160924524,0.0,0.05839819088578224,0.004512251189348221
totalvi,PBMC5k_ACGGGTCTCGTAGGAG-1,B naive,1,B naive,0.19321423768997192,,0.09719110981583767,0.19999999999999996,1.07317316532135,0.15190076872661812
totalvi,PBMC5k_ACGGTCGGTGTTTGCA-1,CD4 Naive,1,CD4 Naive,0.03310847282409668,,0.023986648853920822,0.0,0.4174542725086212,0.08280845512953974
totalvi,PBMC5k_ACGGTCGTCTAAGAAG-1,Eryth,1,Eryth,0.1530081033706665,,0.022607766054628997,0.4,0.6379852294921875,0.1903423209143222
totalvi,PBMC5k_ACGGTTAAGCGTGCTC-1,B naive,1,B naive,0.03162682056427002,,0.0901778486810087,0.19999999999999996,0.8851000666618347,0.2654988241318354
totalvi,PBMC5k_ACGGTTAAGGTAGTCG-1,CD14 Mono,1,CD14 Mono,0.004065394401550293,,0.0005316480462236942,0.0,0.06294367462396622,0.004109702984334488
totalvi,PBMC5k_ACGTACAAGCACTAAA-1,B memory,1,B memory,0.28833937644958496,,0.050857969559170546,0.19999999999999996,0.9251618385314941,0.20832852103899538
totalvi,PBMC5k_ACGTACAAGCGACATG-1,CD14 Mono,1,CD14 Mono,0.0013156533241271973,,0.0006769768006393215,0.0,0.039004966616630554,0.0013281797189189772
totalvi,PBMC5k_ACGTACAAGTATGATG-1,CD4 TEM,1,CD4 TEM,0.11045467853546143,,0.056012765361007966,0.0,1.0224136114120483,0.09667699724231839
totalvi,PBMC5k_ACGTACACATTGCTTT-1,CD14 Mono,1,CD14 Mono,0.05658453702926636,,0.023379200957376972,0.0,0.25184208154678345,0.014824670951905016
totalvi,PBMC5k_ACGTACATCTGGGCAC-1,NK,1,NK,0.005639374256134033,,0.007982828568495096,0.0,0.44052597880363464,0.04836966040195598
totalvi,PBMC5k_ACGTAGTAGATCCCAT-1,CD4 TEM,1,CD4 TEM,0.44698798656463623,,0.07773327145122888,0.6,1.5135278701782227,0.17449192747873976
totalvi,PBMC5k_ACGTAGTAGCCGGATA-1,CD4 TEM,1,CD4 TEM,0.19113880395889282,,0.04396819319424128,0.19999999999999996,0.7855873703956604,0.24006169385895804
totalvi,PBMC5k_ACGTAGTCAACCCTCT-1,CD4 TCM,1,CD4 TCM,0.2715446949005127,,0.022709810611345804,0.0,0.778936505317688,0.16958616388811332
totalvi,PBMC5k_ACGTAGTCAATTCACG-1,CD4 TCM,0,CD4 TEM,0.4980444312095642,,0.04006389564833979,0.4,0.9693893194198608,0.16833813079178245
totalvi,PBMC5k_ACGTAGTCAGGTTCAT-1,CD8 Naive,1,CD8 Naive,0.03923743963241577,,0.07402994764108839,0.0,0.3608490824699402,0.03988858505179955
totalvi,PBMC5k_ACGTAGTTCTAAGCCA-1,CD14 Mono,1,CD14 Mono,0.16220128536224365,,0.018474637421692253,0.0,0.19322721660137177,0.03095508149331961
totalvi,PBMC5k_ACGTCCTAGAAACTGT-1,CD14 Mono,1,CD14 Mono,0.002177119255065918,,0.0023988843144719316,0.0,0.21831868588924408,0.023754234226638526
totalvi,PBMC5k_ACGTCCTAGCACGTCC-1,CD4 TCM,1,CD4 TCM,0.4795665144920349,,0.07130644467995606,0.19999999999999996,0.8916231393814087,0.23347047081284722
totalvi,PBMC5k_ACGTCCTAGTATTCCG-1,CD4 Naive,1,CD4 Naive,0.1395968794822693,,0.015477695443044448,0.0,0.4242195785045624,0.07517938083610476
totalvi,PBMC5k_ACGTCCTCACACTGGC-1,CD16 Mono,1,CD16 Mono,0.08780252933502197,,0.15280153173798205,0.0,0.6631212830543518,0.08189094067976388
totalvi,PBMC5k_ACGTCCTGTCCTGGTG-1,CD8 Naive,1,CD8 Naive,0.05922400951385498,,0.012378535510111921,0.19999999999999996,0.6818490624427795,0.21601107937121244
totalvi,PBMC5k_ACGTCCTGTTATCCAG-1,CD14 Mono,1,CD14 Mono,0.05684727430343628,,0.009438555840424634,0.0,0.25258874893188477,0.05246474309284909
totalvi,PBMC5k_ACGTCCTTCTTCACGC-1,CD14 Mono,1,CD14 Mono,0.15239262580871582,,0.03886652131825946,0.0,0.23229742050170898,0.028676751497952662
totalvi,PBMC5k_ACGTTCCAGGCTCACC-1,cDC2,1,cDC2,0.000682830810546875,,0.00015305051876456956,0.0,0.005313367582857609,0.0004179628835824132
totalvi,PBMC5k_ACGTTCCAGTCAGCGA-1,CD14 Mono,1,CD14 Mono,0.04170960187911987,,0.009489723271057682,0.0,0.2612057626247406,0.03126541996432724
totalvi,PBMC5k_ACGTTCCGTATCGTAC-1,CD4 Naive,0,CD4 TCM,0.40683096647262573,,0.07003739756242,0.19999999999999996,0.8292753100395203,0.21677615882635928
totalvi,PBMC5k_ACGTTCCTCCCGAGAC-1,CD4 TCM,1,CD4 TCM,0.11631155014038086,,0.03440127244732982,0.0,0.8777738809585571,0.15869323207144076
totalvi,PBMC5k_ACGTTCCTCGCTACAA-1,NK_CD56bright,0,MAIT,0.2125333547592163,,0.08971252565425636,0.0,0.3707570433616638,0.03869849504906182
totalvi,PBMC5k_ACTACGAAGACGTCGA-1,NK_CD56bright,1,NK_CD56bright,0.056360602378845215,,0.00803619555073895,0.0,0.4940350353717804,0.09142118516889686
totalvi,PBMC5k_ACTACGAAGTCACGAG-1,CD4 Naive,1,CD4 Naive,0.26945602893829346,,0.0415171171161296,0.4,1.0957833528518677,0.15850384176937546
totalvi,PBMC5k_ACTACGACAAATGCGG-1,CD4 Naive,1,CD4 Naive,0.2267383337020874,,0.030158651787257185,0.0,0.7139878273010254,0.11450854745217445
totalvi,PBMC5k_ACTACGACACATACGT-1,CD14 Mono,1,CD14 Mono,0.002273380756378174,,0.0008712083812241998,0.0,0.04289145767688751,0.0015178555876374496
totalvi,PBMC5k_ACTACGAGTAACACGG-1,B intermediate,1,B intermediate,0.020719826221466064,,0.04229111416881698,0.19999999999999996,0.795727550983429,0.16086502373403033
totalvi,PBMC5k_ACTACGAGTCCTGGGT-1,CD8 TEM,1,CD8 TEM,0.24534708261489868,,0.2885538270145749,0.4,1.4863035678863525,0.24649767354045676
totalvi,PBMC5k_ACTACGATCGCTGTCT-1,NK,1,NK,0.05080676078796387,,0.0029271646678824537,0.0,0.4722078740596771,0.11512928314618352
totalvi,PBMC5k_ACTATCTGTCACTTCC-1,ILC,0,CD4 TEM,0.5363940894603729,,0.024279119394239435,0.4,0.9841697216033936,0.04077326169357994
totalvi,PBMC5k_ACTATGGAGCATTGAA-1,CD4 TCM,0,CD4 Naive,0.48268795013427734,,0.10991791087017821,0.4,1.2987076044082642,0.1926205034854958
totalvi,PBMC5k_ACTATGGTCAGGACGA-1,NK_CD56bright,1,NK_CD56bright,0.4844832420349121,,0.09136593352160405,0.19999999999999996,1.1639456748962402,0.16932141413387325
totalvi,PBMC5k_ACTATTCCATTGCTTT-1,Eryth,0,CD14 Mono,0.2838265299797058,,0.09506555385411763,0.4,0.727487325668335,0.20780907690251235
totalvi,PBMC5k_ACTATTCTCTTAAGGC-1,NK,1,NK,0.0002097487449645996,,0.0005048047436039902,0.0,0.022895071655511856,0.0050410054162843615
totalvi,PBMC5k_ACTCCCAAGATCACCT-1,CD14 Mono,1,CD14 Mono,0.043614864349365234,,0.008356697595486795,0.0,0.0969378873705864,0.012448284339474256
totalvi,PBMC5k_ACTCCCAAGCCTCTCT-1,CD4 Naive,1,CD4 Naive,0.09201210737228394,,0.031516347641775966,0.0,0.6900402903556824,0.16280429128371485
totalvi,PBMC5k_ACTCCCAAGGTAGTAT-1,ILC,0,CD4 TEM,0.5904697775840759,,0.035136086657485466,0.6,1.07870614528656,0.12428309693177193
totalvi,PBMC5k_ACTCCCACAGCGAGTA-1,CD14 Mono,1,CD14 Mono,0.12399959564208984,,0.053098661710496764,0.4,0.7571989893913269,0.20500138470440465
totalvi,PBMC5k_ACTCCCACAGGCTTGC-1,CD4 Naive,0,CD4 TCM,0.32289767265319824,,0.17535161709381086,0.19999999999999996,1.1637358665466309,0.18713228609297114
totalvi,PBMC5k_ACTCCCAGTCCAGTTA-1,CD4 TCM,1,CD4 TCM,0.42206209897994995,,0.039211477650230475,0.19999999999999996,1.2907910346984863,0.1664412770939396
totalvi,PBMC5k_ACTCCCAGTGACCGTC-1,CD4 TCM,0,CD4 Naive,0.3476279377937317,,0.08079820391649029,0.4,1.158810019493103,0.30528807351434745
totalvi,PBMC5k_ACTCCCATCGTAACAC-1,CD14 Mono,1,CD14 Mono,0.001791238784790039,,0.0005336906281446924,0.0,0.056215476244688034,0.0010347254566828348
totalvi,PBMC5k_ACTCTCGAGCAGTAAT-1,CD4 Naive,1,CD4 Naive,0.04976296424865723,,0.04390908907294655,0.0,0.46998804807662964,0.05011816639198262
totalvi,PBMC5k_ACTCTCGCAAGAATAC-1,CD4 TEM,1,CD4 TEM,0.04276096820831299,,0.013386981717361385,0.0,0.4779362082481384,0.0529008377277148
totalvi,PBMC5k_ACTCTCGTCTATCGTT-1,CD4 Naive,1,CD4 Naive,0.5786174535751343,,0.08166959964188836,0.19999999999999996,1.4053502082824707,0.14789939495979196
totalvi,PBMC5k_ACTGATGCACTCCTTG-1,NK,1,NK,9.202957153320312e-05,,2.414472229124963e-05,0.0,0.01362917572259903,0.0006947231274560194
totalvi,PBMC5k_ACTGATGTCGCAGAGA-1,CD14 Mono,1,CD14 Mono,0.0028264522552490234,,0.001115339119584051,0.0,0.04152924194931984,0.0031522351783595808
totalvi,PBMC5k_ACTGCAACAAACTCGT-1,CD14 Mono,1,CD14 Mono,0.0023162364959716797,,0.0005407952223303557,0.0,0.06553780287504196,0.005988690533235469
totalvi,PBMC5k_ACTGCAATCAAGATAG-1,CD4 Naive,1,CD4 Naive,0.09469729661941528,,0.01791721442381644,0.0,0.7376835346221924,0.09555306072979439
totalvi,PBMC5k_ACTGCAATCGGTGCAC-1,CD4 TCM,1,CD4 TCM,0.5208747684955597,,0.09775203092179097,0.19999999999999996,1.3476157188415527,0.17875347566439104
totalvi,PBMC5k_ACTGTCCAGCCTCATA-1,CD4 TEM,0,CD4 TCM,0.2970816493034363,,0.07641381425383886,0.0,0.6997759342193604,0.05656736604669373
totalvi,PBMC5k_ACTGTCCAGGATGCGT-1,CD4 TCM,0,CD4 Naive,0.49913543462753296,,0.09626273470543989,0.4,1.395289421081543,0.1652325747345958
totalvi,PBMC5k_ACTGTCCCACAACGAG-1,CD4 TEM,1,CD4 TEM,0.24293774366378784,,0.06998017604111384,0.0,0.8976868391036987,0.11166695884069394
totalvi,PBMC5k_ACTGTCCGTACGATCT-1,CD8 TEM,1,CD8 TEM,0.11849099397659302,,0.11375736579827223,0.0,0.9386798143386841,0.1263474077818958
totalvi,PBMC5k_ACTGTCCGTACTTGTG-1,CD14 Mono,1,CD14 Mono,0.002322375774383545,,0.003919671409712874,0.0,0.041787680238485336,0.0017798389278728844
totalvi,PBMC5k_ACTGTCCGTAGAATAC-1,B memory,1,B memory,0.01897609233856201,,0.14209951993496933,0.0,0.8867548704147339,0.11581850201105359
totalvi,PBMC5k_ACTGTCCGTTACGATC-1,CD4 Naive,1,CD4 Naive,0.0647922158241272,,0.025635370012355108,0.0,0.47208520770072937,0.07059945129906993
totalvi,PBMC5k_ACTGTCCTCGACCAAT-1,NK_CD56bright,0,MAIT,0.38456088304519653,,0.07634457858113142,0.0,1.081801414489746,0.10898424764164304
totalvi,PBMC5k_ACTGTGACACAAATGA-1,cDC2,0,CD14 Mono,0.19749599695205688,,0.03861899459901674,0.0,0.733477771282196,0.03148631976331945
totalvi,PBMC5k_ACTGTGACACACAGCC-1,CD14 Mono,1,CD14 Mono,0.01910996437072754,,0.0036783666648582056,0.0,0.18866458535194397,0.01292035344405816
totalvi,PBMC5k_ACTGTGACACGGTGAA-1,CD14 Mono,1,CD14 Mono,0.0026508569717407227,,0.0005442112309598617,0.0,0.07535063475370407,0.004395424016392193
totalvi,PBMC5k_ACTGTGATCGAGAAGC-1,CD4 Naive,1,CD4 Naive,0.23769575357437134,,0.01779899672054941,0.0,0.3973560035228729,0.05672220236540738
totalvi,PBMC5k_ACTTAGGAGGGAGGGT-1,Eryth,1,Eryth,0.15701109170913696,,0.10124763389822622,0.4,0.702559769153595,0.18776894521967982
totalvi,PBMC5k_ACTTAGGCAGTGACCC-1,CD14 Mono,1,CD14 Mono,0.004285931587219238,,0.002109859901950256,0.0,0.12301866710186005,0.006283131162992765
totalvi,PBMC5k_ACTTAGGGTACCATAC-1,NK,1,NK,0.05465477705001831,,0.017851127905765707,0.0,0.18198786675930023,0.02527141041678289
totalvi,PBMC5k_ACTTATCCAAGCAATA-1,ILC,0,CD4 TCM,0.4973300099372864,,0.07763855749068549,0.19999999999999996,0.7703213691711426,0.022608115804297984
totalvi,PBMC5k_ACTTATCCATATGCGT-1,CD8 TEM,1,CD8 TEM,0.3857049345970154,,0.16843155602043725,0.4,1.3887383937835693,0.1640073901444411
totalvi,PBMC5k_ACTTATCTCTCGTGGG-1,CD4 TCM,1,CD4 TCM,0.3089739680290222,,0.014024485966049216,0.19999999999999996,1.0003585815429688,0.18881892803599792
totalvi,PBMC5k_ACTTATCTCTCTAAGG-1,CD4 TCM,1,CD4 TCM,0.04523277282714844,,0.01186413016389809,0.0,0.4948827028274536,0.05027539706313017
totalvi,PBMC5k_ACTTCCGGTTCTGACA-1,CD4 TCM,0,CD4 Naive,0.22031372785568237,,0.014614555628567727,0.0,0.49128374457359314,0.029392191668666016
totalvi,PBMC5k_ACTTCGCAGGTGGTTG-1,CD8 TEM,1,CD8 TEM,0.009363353252410889,,0.00995601479212635,0.0,0.3751949071884155,0.044655119369567495
totalvi,PBMC5k_ACTTCGCCACTGGACC-1,CD4 Naive,1,CD4 Naive,0.08454298973083496,,0.07381026657171008,0.0,0.7892230153083801,0.07234976476135203
totalvi,PBMC5k_ACTTCGCCATTGGGAG-1,CD14 Mono,0,CD16 Mono,0.47697269916534424,,0.06946582942458535,0.0,0.3833158016204834,0.05128869806603215
totalvi,PBMC5k_ACTTCGCTCTATCACT-1,CD14 Mono,1,CD14 Mono,0.008014440536499023,,0.0026959781332405244,0.0,0.1535371094942093,0.021980100827350565
totalvi,PBMC5k_ACTTTCAAGTTTCAGC-1,CD14 Mono,1,CD14 Mono,0.007460653781890869,,0.005156154320195672,0.0,0.1676190197467804,0.012753128190464041
totalvi,PBMC5k_ACTTTCACACACAGAG-1,Treg,0,CD4 Naive,0.15417057275772095,,0.06700659409094811,0.0,0.8773418068885803,0.04911424602530941
totalvi,PBMC5k_ACTTTCACATAGCACT-1,CD14 Mono,1,CD14 Mono,0.042072415351867676,,0.004917708656111602,0.0,0.13312487304210663,0.019587136123286542
totalvi,PBMC5k_ACTTTCATCCCGAGTG-1,CD4 Naive,1,CD4 Naive,0.28789448738098145,,0.1290185431686015,0.0,0.95408034324646,0.08070733136942564
totalvi,PBMC5k_ACTTTGTAGTGATGGC-1,CD16 Mono,1,CD16 Mono,0.14916247129440308,,0.03786447169536852,0.0,0.10943024605512619,0.009940493525248027
totalvi,PBMC5k_ACTTTGTCAGATAAAC-1,CD4 TCM,1,CD4 TCM,0.022714436054229736,,0.0044004682697060815,0.0,0.38166120648384094,0.09794239493106682
totalvi,PBMC5k_ACTTTGTCAGGAGGTT-1,CD4 Naive,1,CD4 Naive,0.07909482717514038,,0.04737719149310127,0.0,0.8679764866828918,0.09493032506298016
totalvi,PBMC5k_ACTTTGTGTTGTGGCC-1,cDC2,1,cDC2,0.07934993505477905,,0.07003095806094661,0.0,0.07299359142780304,0.0071776620773552876
totalvi,PBMC5k_AGAAATGAGGCTGAAC-1,CD14 Mono,1,CD14 Mono,0.19973242282867432,,0.018700797169818317,0.6,1.1166267395019531,0.19613218707974733
totalvi,PBMC5k_AGAAATGAGTTAGTAG-1,CD14 Mono,1,CD14 Mono,0.0010507702827453613,,0.000578819147845154,0.0,0.05804886296391487,0.005082571720268191
totalvi,PBMC5k_AGAAATGCATGACTTG-1,NK,1,NK,0.00047528743743896484,,0.00031142452035812056,0.0,0.03170887008309364,0.0027819779997197854
totalvi,PBMC5k_AGAACCTAGAGAAGGT-1,CD4 Naive,0,CD4 TCM,0.5049285888671875,,0.043823460060049335,0.19999999999999996,0.9741126894950867,0.16985010093521233
totalvi,PBMC5k_AGAACCTAGTTTGTCG-1,CD4 TEM,1,CD4 TEM,0.18207401037216187,,0.029816285464677184,0.4,0.8533081412315369,0.21587513887130727
totalvi,PBMC5k_AGAACCTCAAGAGTAT-1,CD14 Mono,1,CD14 Mono,0.00254899263381958,,0.0005226381975140942,0.0,0.08251715451478958,0.010361964309007515
totalvi,PBMC5k_AGAAGCGCACAGTGAG-1,CD14 Mono,1,CD14 Mono,0.10757088661193848,,0.0026370468809440717,0.0,0.27953869104385376,0.04078659495120238
totalvi,PBMC5k_AGAAGCGCATGGGTCC-1,gdT,0,MAIT,0.08835053443908691,,0.03253224174043573,0.0,0.3598007559776306,0.01701575803003026
totalvi,PBMC5k_AGAAGCGGTCTAGGTT-1,CD14 Mono,1,CD14 Mono,0.011819601058959961,,0.022077957032592077,0.0,0.3817523419857025,0.021332329035853137
totalvi,PBMC5k_AGAAGTAAGGAGTACC-1,CD14 Mono,1,CD14 Mono,0.007278382778167725,,0.0019295721689442658,0.0,0.2095227986574173,0.03923752196210799
totalvi,PBMC5k_AGAAGTACAATTGAAG-1,NK,1,NK,0.00887995958328247,,0.002222087519779148,0.0,0.08301366120576859,0.00984113757407379
totalvi,PBMC5k_AGAAGTATCTGCTAGA-1,MAIT,0,CD4 TEM,0.413078248500824,,0.09328319786475658,0.19999999999999996,0.7139647603034973,0.146950033843575
totalvi,PBMC5k_AGACAAACAAGTGTCT-1,CD14 Mono,1,CD14 Mono,0.0078316330909729,,0.001258167542022924,0.0,0.10208701342344284,0.013704957638016034
totalvi,PBMC5k_AGACAAATCTCGTCGT-1,CD14 Mono,1,CD14 Mono,0.006675422191619873,,0.002777697905785123,0.0,0.14423906803131104,0.02143845482842221
totalvi,PBMC5k_AGACACTAGCAGCCCT-1,NK,1,NK,0.007876455783843994,,0.0020301630059375297,0.0,0.10838612914085388,0.010789545482596303
totalvi,PBMC5k_AGACACTAGCGCAATG-1,CD4 Naive,1,CD4 Naive,0.6741026937961578,,0.13800041510619865,0.19999999999999996,1.2595553398132324,0.14922019984882387
totalvi,PBMC5k_AGACACTAGTGCCTCG-1,gdT,1,gdT,0.3612520694732666,,0.13649580964131802,0.4,1.8565974235534668,0.1865467132859715
totalvi,PBMC5k_AGACACTGTCTAATCG-1,CD4 TCM,0,CD4 Naive,0.2617040276527405,,0.04434261230308356,0.0,0.8334494233131409,0.10863985437350712
totalvi,PBMC5k_AGACACTTCTGAATGC-1,CD14 Mono,1,CD14 Mono,0.054899632930755615,,0.02282551945732214,0.0,0.2725304663181305,0.05664859858731272
totalvi,PBMC5k_AGACAGGAGAGAATCT-1,CD14 Mono,1,CD14 Mono,0.02339833974838257,,0.0048323301250778605,0.0,0.5248517394065857,0.06770344205708047
totalvi,PBMC5k_AGACAGGAGGGAGGTG-1,CD8 TCM,1,CD8 TCM,0.5300843417644501,,0.11349978224101598,0.6,1.576867938041687,0.2358845430571341
totalvi,PBMC5k_AGACAGGCAGCAGAAC-1,CD4 Naive,1,CD4 Naive,0.25933951139450073,,0.035465385795414583,0.0,0.6004288792610168,0.036153141941351774
totalvi,PBMC5k_AGACCATAGAACCGCA-1,NK,1,NK,2.002716064453125e-05,,2.8484657229523795e-05,0.0,0.003786809043958783,0.0003345923468002679
totalvi,PBMC5k_AGACCATCACCGGTCA-1,ILC,0,CD4 TCM,0.30905717611312866,,0.05406594859536429,0.4,0.9944002628326416,0.04584515472086649
totalvi,PBMC5k_AGACCATCATTACTCT-1,CD16 Mono,1,CD16 Mono,0.29143738746643066,,0.1365581226179714,0.0,0.44996726512908936,0.0710083612081571
totalvi,PBMC5k_AGACCATGTTGTCATG-1,CD14 Mono,1,CD14 Mono,0.01227271556854248,,0.0020338881005758647,0.0,0.24474869668483734,0.019685397652007802
totalvi,PBMC5k_AGACCATTCCTGTAGA-1,B memory,1,B memory,0.47827333211898804,,0.21903796644398454,0.6,1.4603912830352783,0.05502548956716782
totalvi,PBMC5k_AGACCATTCTTACCAT-1,B naive,1,B naive,0.03921806812286377,,0.012080056273188866,0.0,0.5226628184318542,0.10093673334337457
totalvi,PBMC5k_AGACCCGAGCTGACAG-1,NK,1,NK,0.0001436471939086914,,4.866253793008577e-05,0.0,0.009180351160466671,0.000506562877361527
totalvi,PBMC5k_AGACCCGAGGTCTGGA-1,B memory,1,B memory,0.06456708908081055,,0.03176718745750029,0.0,0.5937001705169678,0.17320601711223735
totalvi,PBMC5k_AGACCCGCAGAACATA-1,CD8 TCM,0,CD4 TEM,0.46355390548706055,,0.0719875000439818,0.6,1.572103500366211,0.13359564003157443
totalvi,PBMC5k_AGACCCGGTGGTTTGT-1,Treg,0,Eryth,0.4277874231338501,,0.1797984360610072,0.19999999999999996,1.775134563446045,0.04281312507772194
totalvi,PBMC5k_AGACCCGTCCGAAATC-1,CD14 Mono,1,CD14 Mono,0.0024496912956237793,,0.0016139514722720086,0.0,0.0595112144947052,0.006608121870800797
totalvi,PBMC5k_AGACTCACATGTCTAG-1,CD14 Mono,1,CD14 Mono,0.0015559792518615723,,0.0015962538866825665,0.0,0.11536113172769547,0.016621469218343187
totalvi,PBMC5k_AGACTCAGTCCTTGTC-1,CD14 Mono,1,CD14 Mono,0.00848531723022461,,0.00577660719987777,0.0,0.23913899064064026,0.03259968972026597
totalvi,PBMC5k_AGACTCATCTTGCGCT-1,Eryth,1,Eryth,0.48962146043777466,,0.040121835070292766,0.4,0.7066681981086731,0.24904993091892882
totalvi,PBMC5k_AGAGAATAGAGCAAGA-1,CD14 Mono,1,CD14 Mono,0.06640785932540894,,0.010226929978947336,0.0,0.12769456207752228,0.03235227456340187
totalvi,PBMC5k_AGAGAATCAAGCGCTC-1,CD14 Mono,1,CD14 Mono,0.03662210702896118,,0.0006903181051635399,0.0,0.1449873298406601,0.020033931025009017
totalvi,PBMC5k_AGAGAATGTGTTTACG-1,CD4 TCM,1,CD4 TCM,0.4588901400566101,,0.04866061295257951,0.4,1.0014266967773438,0.20547457907495528
totalvi,PBMC5k_AGAGAGCCAAGTATCC-1,B naive,1,B naive,0.02153754234313965,,0.14610701032761936,0.19999999999999996,0.7625059485435486,0.22731869313149553
totalvi,PBMC5k_AGAGAGCGTATATGGA-1,CD8 TEM,1,CD8 TEM,0.05779165029525757,,0.053092586831439026,0.19999999999999996,1.2164685726165771,0.21712172516203068
totalvi,PBMC5k_AGAGAGCTCGGTCGGT-1,CD4 Naive,1,CD4 Naive,0.09650641679763794,,0.052765914628486454,0.0,0.867441713809967,0.1476767392146749
totalvi,PBMC5k_AGAGCAGAGGTAAGAG-1,CD4 TCM,1,CD4 TCM,0.3018462061882019,,0.10347755927057412,0.0,1.4285248517990112,0.11232513241883814
totalvi,PBMC5k_AGAGCAGCAATAACGA-1,Treg,0,CD4 Naive,0.5408854782581329,,0.04026896161719096,0.6,1.288201093673706,0.2170194282166442
totalvi,PBMC5k_AGAGCAGCAATGAACA-1,CD8 Naive,1,CD8 Naive,0.14454340934753418,,0.06188404509112733,0.0,0.7520627379417419,0.1306583732309942
totalvi,PBMC5k_AGAGCAGCACAACATC-1,CD14 Mono,1,CD14 Mono,0.0037424564361572266,,0.0024644244177373584,0.0,0.050300177186727524,0.0038416884922943344
totalvi,PBMC5k_AGAGCAGCACAGCTGC-1,CD16 Mono,1,CD16 Mono,0.0035827159881591797,,0.00048492601412935404,0.0,0.005809194874018431,0.0003005397633738763
totalvi,PBMC5k_AGAGCAGCATCCTAAG-1,B intermediate,0,B memory,0.46908771991729736,,0.08081626771772654,0.4,0.9163679480552673,0.11957955779063402
totalvi,PBMC5k_AGAGCAGGTCGAACAG-1,ILC,0,CD4 TCM,0.2707017660140991,,0.1420390780721692,0.19999999999999996,1.428614616394043,0.09358681172082703
totalvi,PBMC5k_AGAGCAGGTGGCATCC-1,Treg,0,CD4 TEM,0.4705156087875366,,0.22864849769979856,0.4,1.2692456245422363,0.15000423676219135
totalvi,PBMC5k_AGAGCCCAGATTCGCT-1,CD4 TEM,1,CD4 TEM,0.1213955283164978,,0.020330794689758458,0.19999999999999996,0.8885806202888489,0.17094541865549936
totalvi,PBMC5k_AGAGCCCAGCACTTTG-1,cDC2,1,cDC2,0.0029032230377197266,,0.0006882365093293444,0.0,0.019446207210421562,0.0014554896246346703
totalvi,PBMC5k_AGAGCCCCAGCAGGAT-1,CD4 TEM,0,CD8 TEM,0.6580742597579956,,0.09758006024707377,0.4,1.6727620363235474,0.11076863730579527
totalvi,PBMC5k_AGAGCCCCAGTCAGTT-1,CD8 Naive,1,CD8 Naive,0.22902649641036987,,0.10829654553078671,0.4,0.8826373219490051,0.2953289448265922
totalvi,PBMC5k_AGATAGACAAATTGGA-1,ILC,0,CD4 TEM,0.3096020817756653,,0.048270856799824124,0.4,1.0285066366195679,0.07140899762045817
totalvi,PBMC5k_AGATAGACAACTAGAA-1,NK,1,NK,0.0044206976890563965,,0.0033495032410952932,0.0,0.08452749997377396,0.007033227142550922
totalvi,PBMC5k_AGATAGACAAGCAGGT-1,CD14 Mono,1,CD14 Mono,0.002157926559448242,,0.001494517435161647,0.0,0.14366580545902252,0.010276248597252008
totalvi,PBMC5k_AGATAGACAATCAAGA-1,CD14 Mono,1,CD14 Mono,0.0022987723350524902,,0.0018329226975207537,0.0,0.051883287727832794,0.006165589374843799
totalvi,PBMC5k_AGATAGAGTGGTTTGT-1,CD14 Mono,1,CD14 Mono,0.028235793113708496,,0.0020614834236558216,0.0,0.1615651547908783,0.014514966618747804
totalvi,PBMC5k_AGATAGATCGGTGTTA-1,CD4 Naive,1,CD4 Naive,0.11845171451568604,,0.026599485428513647,0.0,0.8806474804878235,0.11602846730253552
totalvi,PBMC5k_AGATCCAGTGGTCCCA-1,NK_CD56bright,1,NK_CD56bright,0.3942720293998718,,0.08565587630906057,0.0,0.9303693771362305,0.15720915707089547
totalvi,PBMC5k_AGATCCAGTTCGCGTG-1,CD14 Mono,1,CD14 Mono,0.0024155378341674805,,0.0005997243428277413,0.0,0.038925252854824066,0.002361794091166445
totalvi,PBMC5k_AGATCCATCTTCTCAA-1,gdT,0,MAIT,0.5058718621730804,,0.060249619541457466,0.4,1.2316149473190308,0.06952679342291822
totalvi,PBMC5k_AGATCGTCAGTCTCTC-1,cDC2,1,cDC2,0.08970451354980469,,0.015300944345436773,0.0,0.46088945865631104,0.09687491582440831
totalvi,PBMC5k_AGATCGTCATGTACGT-1,CD14 Mono,1,CD14 Mono,0.13993138074874878,,0.03958490374046886,0.19999999999999996,0.6563335657119751,0.2014036920178741
totalvi,PBMC5k_AGATCGTCATTGACCA-1,CD4 Naive,1,CD4 Naive,0.12082314491271973,,0.03463099530670377,0.0,0.9481325745582581,0.1518645340179375
totalvi,PBMC5k_AGATCGTTCTAACACG-1,cDC2,1,cDC2,0.04304569959640503,,0.0076565321321809265,0.0,0.027654778212308884,0.0012774051566133305
totalvi,PBMC5k_AGATGAAAGTGTCATC-1,CD14 Mono,1,CD14 Mono,0.2175946831703186,,0.0567394690740054,0.0,0.2821444869041443,0.047281656997708546
totalvi,PBMC5k_AGATGAACAACTTCTT-1,CD14 Mono,1,CD14 Mono,0.026713192462921143,,0.028390727567956298,0.0,0.5497691035270691,0.07735051783812259
totalvi,PBMC5k_AGATGAACATACAGGG-1,CD16 Mono,1,CD16 Mono,0.00016570091247558594,,4.046671509382689e-05,0.0,0.0018755331402644515,6.63645363379737e-05
totalvi,PBMC5k_AGATGAAGTAGAGATT-1,CD4 TCM,1,CD4 TCM,0.12014591693878174,,0.03170368474619634,0.0,0.8173562288284302,0.15717203237362176
totalvi,PBMC5k_AGATGAATCCAGTGCG-1,CD14 Mono,1,CD14 Mono,0.0018693804740905762,,0.0030960548100864085,0.0,0.08337301015853882,0.006545142373523045
totalvi,PBMC5k_AGATGAATCCGTGGGT-1,cDC2,0,CD14 Mono,0.13320428133010864,,0.03419148093638413,0.4,0.8375614285469055,0.22326319276387036
totalvi,PBMC5k_AGATGAATCGACGCGT-1,CD14 Mono,1,CD14 Mono,0.0015988945960998535,,0.0009283143248592883,0.0,0.13378524780273438,0.0102764217946088
totalvi,PBMC5k_AGATGAATCGTGGACC-1,gdT,0,MAIT,0.639359712600708,,0.11799336093493085,0.0,1.2219849824905396,0.0681865681669512
totalvi,PBMC5k_AGATGCTCAAGGGTCA-1,CD8 TEM,1,CD8 TEM,0.6066589057445526,,0.09213449774202997,0.19999999999999996,1.3978221416473389,0.17626156092233047
totalvi,PBMC5k_AGATGCTTCCAAACCA-1,B intermediate,0,B naive,0.49099647998809814,,0.12350324222679254,0.4,1.0558745861053467,0.10801842798427123
totalvi,PBMC5k_AGATGCTTCGGTAACT-1,B intermediate,0,B naive,0.4658011198043823,,0.07008283897919054,0.4,0.9507901072502136,0.21472612778389807
totalvi,PBMC5k_AGCATCAAGTCTGGTT-1,CD8 Naive,1,CD8 Naive,0.08066391944885254,,0.20049062623109237,0.0,0.7722141146659851,0.18428727641957585
totalvi,PBMC5k_AGCATCACAATTGTGC-1,CD14 Mono,1,CD14 Mono,0.18133574724197388,,0.07545696490861253,0.4,1.0616016387939453,0.19732860774524794
totalvi,PBMC5k_AGCATCACACAGAGCA-1,CD4 TCM,1,CD4 TCM,0.4916296601295471,,0.04741568381002392,0.19999999999999996,0.9985453486442566,0.15049002837418182
totalvi,PBMC5k_AGCATCAGTGTCTAAC-1,CD14 Mono,0,Eryth,0.0370139479637146,,0.12387842206166938,0.0,0.593011200428009,0.11696147109860403
totalvi,PBMC5k_AGCATCAGTTGGGAAC-1,CD14 Mono,1,CD14 Mono,0.01996380090713501,,0.010706615030845898,0.0,0.1268947720527649,0.016029070486831314
totalvi,PBMC5k_AGCCAATAGATGTTCC-1,B naive,1,B naive,0.020761549472808838,,0.10505015816565061,0.0,0.5712049603462219,0.13640690158489333
totalvi,PBMC5k_AGCCAATCAAGCGCTC-1,CD4 TCM,1,CD4 TCM,0.22538995742797852,,0.0360934218794825,0.4,0.8113657832145691,0.22049535852200608
totalvi,PBMC5k_AGCCAATCACAAACGG-1,CD14 Mono,1,CD14 Mono,0.0011808276176452637,,0.0012256641098013846,0.0,0.03454731032252312,0.0014396441531053929
totalvi,PBMC5k_AGCCAATCACCAGCCA-1,CD14 Mono,1,CD14 Mono,0.04634791612625122,,0.018429925691161697,0.0,0.2346470057964325,0.035177315010774875
totalvi,PBMC5k_AGCCAATCACGAGGTA-1,CD14 Mono,1,CD14 Mono,0.004715859889984131,,0.0006941471276070456,0.0,0.13314196467399597,0.012983140039525425
totalvi,PBMC5k_AGCCACGAGAACTGAT-1,CD4 Naive,1,CD4 Naive,0.1072232723236084,,0.033409357210200885,0.0,1.0815986394882202,0.14669839402975493
totalvi,PBMC5k_AGCCACGCAGCTTCCT-1,CD14 Mono,1,CD14 Mono,0.07354247570037842,,0.01165169924168738,0.0,0.19193750619888306,0.020176001001001705
totalvi,PBMC5k_AGCCAGCAGACAGCTG-1,Treg,0,CD4 TCM,0.3157619833946228,,0.03423732058686557,0.19999999999999996,0.964664101600647,0.1137749014661385
totalvi,PBMC5k_AGCCAGCAGATAACAC-1,CD14 Mono,1,CD14 Mono,0.002959907054901123,,0.0013166287113470648,0.0,0.06386812031269073,0.006636549782212212
totalvi,PBMC5k_AGCCAGCAGTGCTCAT-1,CD4 TEM,1,CD4 TEM,0.11042827367782593,,0.040385131774595684,0.0,0.5677635669708252,0.06845393385551643
totalvi,PBMC5k_AGCCAGCCAATACGCT-1,B intermediate,1,B intermediate,0.06560015678405762,,0.019441915070137372,0.19999999999999996,0.7656474709510803,0.19850119072579153
totalvi,PBMC5k_AGCCAGCGTGGTTCTA-1,CD4 Naive,1,CD4 Naive,0.030163705348968506,,0.0032717028563879758,0.0,0.15903562307357788,0.013529506577999546
totalvi,PBMC5k_AGCGATTAGAGTGTTA-1,CD4 Naive,1,CD4 Naive,0.04206949472427368,,0.043920724003043365,0.0,0.7473598718643188,0.1659886913573521
totalvi,PBMC5k_AGCGATTCAGGCCTGT-1,ILC,0,Eryth,0.4135100245475769,,0.10145135768980418,0.4,2.0306005477905273,0.1032292035971266
totalvi,PBMC5k_AGCGATTGTCCTGTTC-1,B naive,1,B naive,0.0832093358039856,,0.044516784155300027,0.0,0.5359225273132324,0.07172681282301126
totalvi,PBMC5k_AGCGATTGTCGTATGT-1,CD4 Naive,1,CD4 Naive,0.17328870296478271,,0.03298262488819925,0.0,0.6160421371459961,0.03903060652020793
totalvi,PBMC5k_AGCGATTTCCGAAGGA-1,B naive,1,B naive,0.09719020128250122,,0.051880126182050845,0.0,0.7598717212677002,0.16197850322909152
totalvi,PBMC5k_AGCGATTTCCTTTGAT-1,CD4 TCM,1,CD4 TCM,0.0357518196105957,,0.006770966820852001,0.0,0.4400264620780945,0.05423890749861504
totalvi,PBMC5k_AGCGATTTCGAGGCAA-1,cDC2,1,cDC2,0.0010834932327270508,,0.0004131283935383187,0.0,0.012889507226645947,0.0011415297987833351
totalvi,PBMC5k_AGCGATTTCGTACCTC-1,CD14 Mono,1,CD14 Mono,0.010260224342346191,,0.011993403239535627,0.0,0.286727637052536,0.03922171144820108
totalvi,PBMC5k_AGCGATTTCGTGGCGT-1,CD4 Naive,0,CD4 TCM,0.4601648449897766,,0.02190681513945103,0.4,1.0789772272109985,0.14078489174673647
totalvi,PBMC5k_AGCGCCAAGCGATGAC-1,gdT,0,MAIT,0.539131224155426,,0.1260326781534733,0.0,0.6658487915992737,0.09320336353842376
totalvi,PBMC5k_AGCGCCAGTACCTTCC-1,gdT,0,CD8 TEM,0.0967969298362732,,0.26310466616783024,0.4,1.3750317096710205,0.04154055497489436
totalvi,PBMC5k_AGCGCCATCGGCCTTT-1,CD14 Mono,1,CD14 Mono,0.021224260330200195,,0.002054441313490099,0.0,0.09549786895513535,0.01475215191593537
totalvi,PBMC5k_AGCGCTGCACTTTATC-1,CD4 TCM,0,CD4 Naive,0.46275198459625244,,0.05758992994847567,0.0,1.0677454471588135,0.12125418224862157
totalvi,PBMC5k_AGCGCTGCATGAAGGC-1,CD4 TCM,1,CD4 TCM,0.07853180170059204,,0.015971199500973643,0.0,0.6193729043006897,0.08461306269913334
totalvi,PBMC5k_AGCGCTGGTACCGTGC-1,CD14 Mono,1,CD14 Mono,0.029615283012390137,,0.0077427026295195656,0.0,0.3893543481826782,0.07468602301790565
totalvi,PBMC5k_AGCGCTGTCTTACCAT-1,CD4 TEM,1,CD4 TEM,0.24291694164276123,,0.0610722957680897,0.0,1.0122658014297485,0.11409621312422061
totalvi,PBMC5k_AGCGTATAGCAGGCTA-1,Eryth,0,CD14 Mono,0.21220099925994873,,0.0157625659727908,0.0,0.5598549246788025,0.12022945548361243
totalvi,PBMC5k_AGCGTATCACTATGTG-1,CD14 Mono,1,CD14 Mono,0.012944459915161133,,0.03516347402874331,0.0,0.4401593506336212,0.0437142181176997
totalvi,PBMC5k_AGCGTATTCGCTGATA-1,CD14 Mono,1,CD14 Mono,0.021321237087249756,,0.0035997990575476063,0.0,0.15343141555786133,0.024294330128710358
totalvi,PBMC5k_AGCGTCGCACGAGGTA-1,CD4 TEM,1,CD4 TEM,0.07396882772445679,,0.019592583166403554,0.0,0.8220461010932922,0.03719496484685951
totalvi,PBMC5k_AGCGTCGCAGTGTGGA-1,CD4 TCM,1,CD4 TCM,0.24897778034210205,,0.0672667550013275,0.0,1.0012813806533813,0.14759061781331023
totalvi,PBMC5k_AGCGTCGGTCGCAACC-1,CD8 TCM,0,CD4 Naive,0.16512566804885864,,0.03554024453634719,0.0,1.0875718593597412,0.0046372062724997455
totalvi,PBMC5k_AGCGTCGGTGTATTCG-1,gdT,0,NK,0.22493863105773926,,0.0596681733005856,0.19999999999999996,0.7500137686729431,0.005795299821225441
totalvi,PBMC5k_AGCTACAAGGTAGTCG-1,CD4 TCM,1,CD4 TCM,0.060630619525909424,,0.02006330596897543,0.0,0.5383120179176331,0.07819126350967495
totalvi,PBMC5k_AGCTACAAGGTGCTTT-1,CD4 Naive,1,CD4 Naive,0.2523959279060364,,0.05297357003892611,0.0,0.6900861263275146,0.12081347120528682
totalvi,PBMC5k_AGCTACAGTCTAGATC-1,NK,1,NK,0.03390127420425415,,0.06751605188114584,0.0,0.2655763626098633,0.02901987546209479
totalvi,PBMC5k_AGCTACAGTTCTGAGT-1,CD14 Mono,1,CD14 Mono,0.004969239234924316,,0.0010749225264281709,0.0,0.13987997174263,0.013966063573550997
totalvi,PBMC5k_AGCTCAAAGTGGACGT-1,CD14 Mono,1,CD14 Mono,0.0404396653175354,,0.008226701970392769,0.0,0.30646976828575134,0.05306009943992517
totalvi,PBMC5k_AGCTCAACATAACCCA-1,CD8 TEM,1,CD8 TEM,0.26501762866973877,,0.15708654864516447,0.0,1.1689932346343994,0.12276408509932156
totalvi,PBMC5k_AGCTCAAGTGACCGAA-1,CD14 Mono,1,CD14 Mono,0.003063201904296875,,0.006235824519236363,0.0,0.1536867320537567,0.013511503343990004
totalvi,PBMC5k_AGCTCAATCAAGCGTT-1,CD4 Naive,1,CD4 Naive,0.20681291818618774,,0.08930859484365883,0.0,0.6368467211723328,0.06919574889068644
totalvi,PBMC5k_AGCTCAATCCTCGATC-1,B naive,0,B intermediate,0.3600735664367676,,0.09971411145671716,0.4,0.785508930683136,0.2637793171771557
totalvi,PBMC5k_AGCTCAATCTAGAGCT-1,Eryth,1,Eryth,0.025759756565093994,,0.009745015558092263,0.0,0.3691446781158447,0.09803062820267992
totalvi,PBMC5k_AGCTTCCAGCCATTCA-1,CD14 Mono,1,CD14 Mono,0.0010342597961425781,,0.0005761274911125179,0.0,0.07254886627197266,0.005138948760453526
totalvi,PBMC5k_AGCTTCCCATGACTTG-1,CD8 TEM,1,CD8 TEM,0.06462109088897705,,0.08131489874892683,0.0,1.0527725219726562,0.1806710941003548
totalvi,PBMC5k_AGGAAATAGAAGCCAC-1,CD14 Mono,1,CD14 Mono,0.0009528994560241699,,0.0003359987620993928,0.0,0.056488361209630966,0.003339395885227689
totalvi,PBMC5k_AGGAAATAGTCATCGT-1,CD14 Mono,1,CD14 Mono,0.09424793720245361,,0.10627702966573405,0.19999999999999996,0.6402081251144409,0.15952980067888348
totalvi,PBMC5k_AGGAAATGTGCGCTCA-1,CD16 Mono,1,CD16 Mono,0.00035941600799560547,,0.0003350950519133856,0.0,0.0107843317091465,0.0005297512304836161
totalvi,PBMC5k_AGGACGAAGTCGGCAA-1,CD4 TCM,1,CD4 TCM,0.045788347721099854,,0.006357572779508158,0.0,0.3523494303226471,0.04308395488000155
totalvi,PBMC5k_AGGACGACACTTCTCG-1,CD4 TEM,0,CD4 TCM,0.41988998651504517,,0.04905280361171216,0.4,1.016100287437439,0.23585680141897383
totalvi,PBMC5k_AGGACGAGTTTGTGGT-1,Eryth,1,Eryth,0.2694286108016968,,0.05871627075057917,0.4,0.6537574529647827,0.2567446346651367
totalvi,PBMC5k_AGGACGATCGAATGCT-1,CD14 Mono,1,CD14 Mono,0.0031270384788513184,,0.0005985595757354994,0.0,0.0432281568646431,0.0029611037218697832
totalvi,PBMC5k_AGGACTTAGGCGATAC-1,CD14 Mono,1,CD14 Mono,0.0022889375686645508,,0.0004452833351710969,0.0,0.12923844158649445,0.024592147885831268
totalvi,PBMC5k_AGGACTTAGGGATCTG-1,gdT,0,NK,0.525053471326828,,0.2495582154937197,0.19999999999999996,1.2746946811676025,0.03202489420433645
totalvi,PBMC5k_AGGACTTCAGTTCACA-1,CD4 Naive,1,CD4 Naive,0.4175756573677063,,0.08169373435333349,0.0,0.9109132885932922,0.10708444957516096
totalvi,PBMC5k_AGGACTTCATAGGCGA-1,CD14 Mono,1,CD14 Mono,0.06318455934524536,,0.002025655621413297,0.0,0.1976054161787033,0.0349849464656527
totalvi,PBMC5k_AGGACTTCATCCTTGC-1,CD4 TEM,1,CD4 TEM,0.1652812361717224,,0.05248084217616844,0.0,0.8281762003898621,0.11509789098540664
totalvi,PBMC5k_AGGACTTCATGCACTA-1,B memory,1,B memory,0.040866851806640625,,0.011418207651575585,0.0,0.6118436455726624,0.1369155241671583
totalvi,PBMC5k_AGGACTTGTATACGGG-1,B intermediate,1,B intermediate,0.1288599967956543,,0.00971379183352128,0.0,0.9825829267501831,0.03294942764291195
totalvi,PBMC5k_AGGAGGTCACAAGCTT-1,cDC2,1,cDC2,0.000377655029296875,,0.00013498821700180103,0.0,0.006954599171876907,0.0003282497686930626
totalvi,PBMC5k_AGGAGGTGTAACACGG-1,CD4 TCM,1,CD4 TCM,0.49404269456863403,,0.07563554568642983,0.4,0.820319414138794,0.23594918111323754
totalvi,PBMC5k_AGGAGGTGTCCATCTC-1,CD8 Naive,1,CD8 Naive,0.04553854465484619,,0.10599572150027448,0.0,0.9034185409545898,0.2089602960493875
totalvi,PBMC5k_AGGAGGTGTGAAGCGT-1,Eryth,0,CD14 Mono,0.1321948766708374,,0.06623193524407356,0.19999999999999996,0.7631115317344666,0.1828184433129329
totalvi,PBMC5k_AGGAGGTGTGCAGATG-1,NK_CD56bright,1,NK_CD56bright,0.2726637125015259,,0.05371605107287958,0.19999999999999996,1.0369130373001099,0.21520645643844152
totalvi,PBMC5k_AGGAGGTGTGCATGTT-1,CD14 Mono,1,CD14 Mono,0.0033971071243286133,,0.0015415134100946817,0.0,0.06867052614688873,0.003169165786567261
totalvi,PBMC5k_AGGATAAAGCCGATAG-1,CD16 Mono,1,CD16 Mono,0.000521242618560791,,0.00015573084575571348,0.0,0.0011999465059489012,7.663475225813695e-05
totalvi,PBMC5k_AGGATAACATCGCTGG-1,CD4 TCM,1,CD4 TCM,0.5395339131355286,,0.0657386410567713,0.6,1.4673575162887573,0.24069984278124804
totalvi,PBMC5k_AGGATAATCACCCTGT-1,CD4 TCM,1,CD4 TCM,0.08357042074203491,,0.006408104096619488,0.0,0.4240186810493469,0.07390615706873689
totalvi,PBMC5k_AGGATCTCAAGTGCAG-1,CD4 TCM,1,CD4 TCM,0.09233671426773071,,0.03402948262719019,0.19999999999999996,0.659633219242096,0.17769955506977073
totalvi,PBMC5k_AGGATCTGTGACGCCT-1,CD14 Mono,1,CD14 Mono,0.002248704433441162,,0.0010964316783718085,0.0,0.06681835651397705,0.004299757644715728
totalvi,PBMC5k_AGGATCTTCACTTATC-1,CD14 Mono,1,CD14 Mono,0.008446037769317627,,0.007041585317139595,0.0,0.10648506134748459,0.008303976172352777
totalvi,PBMC5k_AGGCATTGTCGATGCC-1,CD4 TCM,1,CD4 TCM,0.05815315246582031,,0.012333002723111552,0.0,0.575225293636322,0.11965978946984818
totalvi,PBMC5k_AGGCATTTCAGATTGC-1,CD4 Naive,1,CD4 Naive,0.6992608904838562,,0.10661255111596057,0.19999999999999996,1.1126736402511597,0.16825006787776184
totalvi,PBMC5k_AGGCCACCATGGACAG-1,CD14 Mono,1,CD14 Mono,0.05873978137969971,,0.01991316535542073,0.0,0.19470512866973877,0.02164815729362616
totalvi,PBMC5k_AGGCCACTCATGAGAA-1,NK,1,NK,0.002769649028778076,,0.0010212432131126437,0.0,0.07022938877344131,0.007258319567634104
totalvi,PBMC5k_AGGCCACTCCAACCAA-1,Eryth,0,CD14 Mono,0.480238676071167,,0.05133431765826629,0.4,0.6917372345924377,0.17855790424802093
totalvi,PBMC5k_AGGCTGCCATCGATCA-1,CD8 Naive,1,CD8 Naive,0.10488498210906982,,0.15917161860612383,0.19999999999999996,1.2213188409805298,0.2780682669206707
totalvi,PBMC5k_AGGCTGCGTCGATTCA-1,CD16 Mono,0,CD14 Mono,0.36554282903671265,,0.03466708914268457,0.0,0.41111403703689575,0.07589873378416563
totalvi,PBMC5k_AGGCTGCGTTACCTGA-1,CD16 Mono,1,CD16 Mono,0.0019009709358215332,,0.0033089999222514557,0.0,0.011125216260552406,0.00043614664809185627
totalvi,PBMC5k_AGGGAGTAGAACTCCT-1,CD14 Mono,1,CD14 Mono,0.012062609195709229,,0.004905931763627386,0.0,0.13266460597515106,0.03357932478088258
totalvi,PBMC5k_AGGGAGTAGTGGTTGG-1,Eryth,0,CD14 Mono,0.43955034017562866,,0.1369834481070744,0.4,0.8117220401763916,0.2765009003215616
totalvi,PBMC5k_AGGGAGTCACTGGAAG-1,NK,1,NK,0.009510278701782227,,0.002753808758961588,0.0,0.02545255236327648,0.0010575595812536644
totalvi,PBMC5k_AGGGAGTGTATGAAGT-1,CD4 TCM,0,CD4 Naive,0.20471662282943726,,0.05323326097675907,0.0,0.9371674656867981,0.034597783203439446
totalvi,PBMC5k_AGGGCCTGTAAGTTGA-1,CD14 Mono,1,CD14 Mono,0.018216252326965332,,0.019659720964632255,0.0,0.6579802632331848,0.05852659022418072
totalvi,PBMC5k_AGGGCCTGTCATGCAT-1,CD14 Mono,1,CD14 Mono,0.0034403204917907715,,0.0019254078882360026,0.0,0.08410492539405823,0.012676370326840262
totalvi,PBMC5k_AGGGCCTTCGGTTAGT-1,CD16 Mono,1,CD16 Mono,0.0977441668510437,,0.046013029566842445,0.0,0.11415014415979385,0.00921587673788109
totalvi,PBMC5k_AGGGCCTTCTGGTGGC-1,B intermediate,1,B intermediate,0.22561252117156982,,0.15482753414167905,0.4,0.9355424046516418,0.1767384746749888
totalvi,PBMC5k_AGGGCTCCAGCTACAT-1,Eryth,1,Eryth,0.4894789457321167,,0.02073457676452728,0.4,0.7225397825241089,0.26714227380954747
totalvi,PBMC5k_AGGGCTCGTCAACATC-1,CD4 Naive,1,CD4 Naive,0.1353062391281128,,0.05680134577107854,0.0,0.6175743937492371,0.12229178647910315
totalvi,PBMC5k_AGGGCTCTCCCGAAAT-1,CD16 Mono,0,CD14 Mono,0.14568960666656494,,0.04052956065165647,0.19999999999999996,0.7596789598464966,0.23257554294316365
totalvi,PBMC5k_AGGGCTCTCCGTTGAA-1,CD4 Naive,0,CD4 TCM,0.4563456177711487,,0.03639653637216367,0.0,1.1980961561203003,0.17263180663796612
totalvi,PBMC5k_AGGGTCCAGGAGCAAA-1,CD14 Mono,1,CD14 Mono,0.0742080807685852,,0.0047256243680113275,0.0,0.20065937936306,0.027344395782273045
totalvi,PBMC5k_AGGGTCCCATGCCGAC-1,CD4 Naive,1,CD4 Naive,0.27750468254089355,,0.03510038938884086,0.19999999999999996,1.0099737644195557,0.15745825907752234
totalvi,PBMC5k_AGGGTCCGTCACCCTT-1,CD4 TCM,1,CD4 TCM,0.48498332500457764,,0.025684409977934086,0.4,0.9295017719268799,0.25682953074683196
totalvi,PBMC5k_AGGGTCCTCGCTACGG-1,CD14 Mono,1,CD14 Mono,0.013688385486602783,,0.002671779111954896,0.0,0.26582059264183044,0.046063450456548465
totalvi,PBMC5k_AGGGTGAAGAGGGTCT-1,CD4 TEM,1,CD4 TEM,0.6442475020885468,,0.0831042791041432,0.6,1.7322359085083008,0.10257216131394777
totalvi,PBMC5k_AGGGTGACATGCAGGA-1,CD4 TEM,1,CD4 TEM,0.24369025230407715,,0.02971908125523226,0.0,0.9566290378570557,0.05422168927964411
totalvi,PBMC5k_AGGGTGAGTGGGTCAA-1,Treg,0,CD4 TCM,0.6617519557476044,,0.07822743396933873,0.19999999999999996,1.0395808219909668,0.07700498835753548
totalvi,PBMC5k_AGGGTGAGTTGTAGCT-1,CD4 Naive,0,CD4 TCM,0.18906670808792114,,0.05455354163975523,0.19999999999999996,0.8536254167556763,0.1803923626252152
totalvi,PBMC5k_AGGGTGATCCCGAAAT-1,CD14 Mono,1,CD14 Mono,0.019118428230285645,,0.0025224549126633133,0.0,0.09461908787488937,0.010859770945578254
totalvi,PBMC5k_AGGGTGATCGATACTG-1,CD16 Mono,1,CD16 Mono,0.13978195190429688,,0.0178906161322801,0.0,0.09312404692173004,0.015554585293045566
totalvi,PBMC5k_AGGGTGATCTAAGGAA-1,CD4 Naive,1,CD4 Naive,0.17677396535873413,,0.062155806001203295,0.0,0.8650793433189392,0.07778669549180196
totalvi,PBMC5k_AGGGTTTAGCCGGATA-1,B naive,1,B naive,0.2958672046661377,,0.1079249414792437,0.19999999999999996,1.1075279712677002,0.18102169028014187
totalvi,PBMC5k_AGGGTTTCACTCCGGA-1,B naive,1,B naive,0.03373748064041138,,0.16972876008365345,0.19999999999999996,0.8375642895698547,0.2775476724934107
totalvi,PBMC5k_AGGGTTTGTATGAAGT-1,CD4 TCM,1,CD4 TCM,0.5542871654033661,,0.15339894655331188,0.4,1.2757794857025146,0.19719572926753795
totalvi,PBMC5k_AGGGTTTGTGAGAACC-1,CD4 Naive,1,CD4 Naive,0.08240336179733276,,0.05239638035670924,0.0,0.9264504313468933,0.11283713140275907
totalvi,PBMC5k_AGGGTTTGTTACGTAC-1,Treg,0,CD4 TCM,0.06927353143692017,,0.048748423715343936,0.19999999999999996,0.6770943999290466,0.03544441074205317
totalvi,PBMC5k_AGGGTTTGTTCTTGTT-1,NK,1,NK,0.0017682909965515137,,0.0025588286223420867,0.0,0.04122573882341385,0.0036147812597861436
totalvi,PBMC5k_AGGGTTTTCATGAAAG-1,CD4 TCM,0,CD4 Naive,0.39021533727645874,,0.04093246875507783,0.6,1.4430292844772339,0.14659198132117135
totalvi,PBMC5k_AGGGTTTTCTCTTAAC-1,CD4 TCM,1,CD4 TCM,0.03316605091094971,,0.007383059575747003,0.0,0.488934189081192,0.08891328479936059
totalvi,PBMC5k_AGGTAGGAGTTGAAGT-1,gdT,0,CD8 TEM,0.44552600383758545,,0.17568924147719422,0.0,0.9482291340827942,0.06083724437751359
totalvi,PBMC5k_AGGTAGGCACATGTTG-1,CD4 Naive,1,CD4 Naive,0.18467706441879272,,0.024119416684605488,0.0,0.9561650156974792,0.06396995882649781
totalvi,PBMC5k_AGGTAGGCAGCTCCTT-1,CD14 Mono,1,CD14 Mono,0.07743394374847412,,0.008023479719292015,0.0,0.2332463264465332,0.04030930443729445
totalvi,PBMC5k_AGGTCATCACGTCTCT-1,CD8 TEM,1,CD8 TEM,0.545917272567749,,0.13750780907491156,0.6,1.6242295503616333,0.17002129097861515
totalvi,PBMC5k_AGGTCTAGTGACAGCA-1,cDC2,1,cDC2,0.0006916522979736328,,0.00014783458223484227,0.0,0.0039975605905056,0.00016875917463117626
totalvi,PBMC5k_AGGTCTATCCATTGTT-1,CD14 Mono,1,CD14 Mono,0.00203704833984375,,0.0021259878569753615,0.0,0.13233515620231628,0.011186324914236403
totalvi,PBMC5k_AGGTCTATCTCCAAGA-1,CD4 Naive,1,CD4 Naive,0.3639602065086365,,0.04749552566894755,0.0,0.9483959674835205,0.11205410189776996
totalvi,PBMC5k_AGGTGTTCACGCTGAC-1,MAIT,1,MAIT,0.08719557523727417,,0.018378528409795702,0.0,0.05020926892757416,0.00431259230547414
totalvi,PBMC5k_AGGTGTTGTGGACAGT-1,NK,1,NK,0.22812461853027344,,0.027757374961100423,0.0,0.43918752670288086,0.05814771003221981
totalvi,PBMC5k_AGGTTACAGGAACTCG-1,CD4 Naive,1,CD4 Naive,0.11948245763778687,,0.064962917279481,0.0,0.868640124797821,0.08630947393494492
totalvi,PBMC5k_AGGTTACAGGGACACT-1,CD4 Naive,1,CD4 Naive,0.2694712281227112,,0.026460007565622057,0.0,0.9513106942176819,0.13137008788728163
totalvi,PBMC5k_AGGTTACGTTACCTGA-1,ILC,0,Eryth,0.4684019684791565,,0.1421889930282676,0.4,1.7249869108200073,0.08158262101975891
totalvi,PBMC5k_AGGTTACTCGCTAAAC-1,B memory,1,B memory,0.2614617943763733,,0.04699823479705634,0.19999999999999996,0.801016092300415,0.21082682664082558
totalvi,PBMC5k_AGGTTGTAGCAACTTC-1,CD8 TEM,1,CD8 TEM,0.34896111488342285,,0.07944749459436617,0.4,1.3608784675598145,0.16922577174510736
totalvi,PBMC5k_AGGTTGTGTCCTATAG-1,CD14 Mono,1,CD14 Mono,0.0048424601554870605,,0.0019653826191530707,0.0,0.13961882889270782,0.012582717372330314
totalvi,PBMC5k_AGGTTGTGTTACACAC-1,CD4 Naive,1,CD4 Naive,0.17347997426986694,,0.06361129724843528,0.19999999999999996,1.4092127084732056,0.10123471941885635
totalvi,PBMC5k_AGTAACCAGAGTCCGA-1,CD4 TEM,1,CD4 TEM,0.21417969465255737,,0.05148755751798717,0.19999999999999996,1.016875147819519,0.16779380677212694
totalvi,PBMC5k_AGTAACCAGCGTGAAC-1,B naive,1,B naive,0.2673633098602295,,0.09027049959872624,0.19999999999999996,0.9438878893852234,0.1282299476697168
totalvi,PBMC5k_AGTAACCGTTTGGAGG-1,NK,1,NK,0.0006097555160522461,,8.85883344759206e-05,0.0,0.009418094530701637,0.0005324256559448013
totalvi,PBMC5k_AGTACCACATGAGAAT-1,CD14 Mono,1,CD14 Mono,0.03947043418884277,,0.007546229347505443,0.0,0.13054822385311127,0.030977438094632787
totalvi,PBMC5k_AGTACCAGTCACTCAA-1,CD4 Naive,1,CD4 Naive,0.06423056125640869,,0.01893838402087944,0.0,0.7411524653434753,0.15566162997838462
totalvi,PBMC5k_AGTACCATCCATTTAC-1,NK,1,NK,2.002716064453125e-05,,4.57444935819898e-06,0.0,0.0018523606704548001,0.00011964924213571092
totalvi,PBMC5k_AGTACCATCGATTGGT-1,CD4 TCM,0,CD4 Naive,0.36756032705307007,,0.037393624396331426,0.4,1.1107336282730103,0.1008226421156959
totalvi,PBMC5k_AGTACTGTCTTGTGCC-1,CD14 Mono,1,CD14 Mono,0.007859528064727783,,0.0019674818960822085,0.0,0.07555961608886719,0.00722586655290152
totalvi,PBMC5k_AGTAGCTAGCCACAAG-1,CD14 Mono,1,CD14 Mono,0.02470839023590088,,0.010000795438961124,0.0,0.22202666103839874,0.02427921630504455
totalvi,PBMC5k_AGTAGCTAGCTAATGA-1,CD14 Mono,1,CD14 Mono,0.0031734704971313477,,0.0009708114456467541,0.0,0.07749319076538086,0.005238243414280765
totalvi,PBMC5k_AGTAGCTCACCTAAAC-1,B naive,1,B naive,0.009227275848388672,,0.010090943495781074,0.0,0.10679928213357925,0.009009908735349074
totalvi,PBMC5k_AGTAGCTGTCATTGCA-1,CD4 TCM,1,CD4 TCM,0.20176196098327637,,0.04852738130673262,0.0,1.1103463172912598,0.16124055834139525
totalvi,PBMC5k_AGTAGTCGTAAGTAGT-1,CD14 Mono,1,CD14 Mono,0.006664633750915527,,0.0015871712497383186,0.0,0.09072808176279068,0.011007291028331518
totalvi,PBMC5k_AGTAGTCGTGAGACGT-1,CD4 TEM,0,CD4 TCM,0.3431728482246399,,0.09349976262679993,0.0,1.2191680669784546,0.09128071620049735
totalvi,PBMC5k_AGTAGTCGTGTCCATA-1,Treg,0,NK,0.22658348083496094,,0.31661806523815117,0.4,1.6469426155090332,0.18252579609047684
totalvi,PBMC5k_AGTAGTCTCGTGGACC-1,CD14 Mono,1,CD14 Mono,0.007178962230682373,,0.008892602250631002,0.0,0.11314591765403748,0.00793291722481946
totalvi,PBMC5k_AGTCAACGTACAGCGA-1,CD4 TEM,1,CD4 TEM,0.09024876356124878,,0.02782209085881504,0.0,0.7789339423179626,0.12187562269666057
totalvi,PBMC5k_AGTCAACTCCGAGCTG-1,cDC2,1,cDC2,0.03312438726425171,,0.0017302190251605731,0.0,0.08038746565580368,0.0058594139386857385
totalvi,PBMC5k_AGTCACAAGAGGACTC-1,CD4 TCM,1,CD4 TCM,0.09796255826950073,,0.01686975164248644,0.0,0.5165355205535889,0.05940172146347327
totalvi,PBMC5k_AGTCACAAGATCACTC-1,CD16 Mono,1,CD16 Mono,0.05950570106506348,,0.009616712010448836,0.0,0.1405043751001358,0.014725893641504976
totalvi,PBMC5k_AGTCACAAGCGGTAAC-1,CD4 Naive,1,CD4 Naive,0.4804946780204773,,0.05809919799068941,0.19999999999999996,1.0705937147140503,0.10277174701400357
totalvi,PBMC5k_AGTCACACAGTCTTCC-1,Treg,1,Treg,0.5045881867408752,,0.1301923631646884,0.19999999999999996,0.9528026580810547,0.11807947374638957
totalvi,PBMC5k_AGTCACATCCATACTT-1,CD14 Mono,1,CD14 Mono,0.008285224437713623,,0.005669330858555588,0.0,0.11128883063793182,0.01015325633775274
totalvi,PBMC5k_AGTCACATCCTCTCGA-1,gdT,0,MAIT,0.6400291323661804,,0.15668023710038637,0.0,1.1079421043395996,0.08697498588527387
totalvi,PBMC5k_AGTCATGAGTCATCGT-1,cDC2,1,cDC2,0.0012896060943603516,,0.00017138594915904436,0.0,0.012163934297859669,0.0006945703088507633
totalvi,PBMC5k_AGTCATGTCCAATCTT-1,B naive,1,B naive,0.021610260009765625,,0.051290253963447,0.0,0.5195263624191284,0.0986348586417694
totalvi,PBMC5k_AGTCTCCAGAGATCGC-1,CD14 Mono,1,CD14 Mono,0.006028473377227783,,0.01568934581238024,0.0,0.2413695752620697,0.021595127808789336
totalvi,PBMC5k_AGTCTCCGTACGATCT-1,CD14 Mono,1,CD14 Mono,0.001321256160736084,,0.0022251472259071925,0.0,0.0423637218773365,0.0020856753930322785
totalvi,PBMC5k_AGTCTCCGTATGAAAC-1,CD4 TEM,1,CD4 TEM,0.19883882999420166,,0.04677619807082911,0.19999999999999996,0.9598006010055542,0.14348338318954745
totalvi,PBMC5k_AGTCTCCGTTAACCTG-1,CD16 Mono,1,CD16 Mono,0.005139172077178955,,0.0023229935595361906,0.0,0.027208438143134117,0.0010820420409944726
totalvi,PBMC5k_AGTGACTGTGACCGTC-1,CD4 Naive,1,CD4 Naive,0.06585395336151123,,0.01956140419534147,0.0,0.5343006253242493,0.06776180123743995
totalvi,PBMC5k_AGTGACTGTGTGGTCC-1,CD4 TEM,1,CD4 TEM,0.13595247268676758,,0.06473790665102008,0.4,1.1059010028839111,0.17528921879525522
totalvi,PBMC5k_AGTGATCCATACACCA-1,CD16 Mono,1,CD16 Mono,0.0019417405128479004,,0.0013910834891818179,0.0,0.020703786984086037,0.0020605000995293377
totalvi,PBMC5k_AGTGATCGTCCGAAAG-1,CD4 TEM,1,CD4 TEM,0.13216125965118408,,0.10580173661487802,0.0,0.7214377522468567,0.05880634594756838
totalvi,PBMC5k_AGTGCCGCAAGGCAAC-1,CD14 Mono,1,CD14 Mono,0.014581084251403809,,0.008879101391799427,0.0,0.20927609503269196,0.03744992887274634
totalvi,PBMC5k_AGTGCCGGTATCAAGA-1,B memory,1,B memory,0.28119295835494995,,0.011676233457649787,0.0,0.7139134407043457,0.12262365400318481
totalvi,PBMC5k_AGTGCCGGTCTAACGT-1,NK,1,NK,0.0003619194030761719,,0.0006801793691270288,0.0,0.039857883006334305,0.004165675967690189
totalvi,PBMC5k_AGTGCCGGTCTTGGTA-1,NK,1,NK,2.574920654296875e-05,,7.186558794582609e-05,0.0,0.004088325425982475,0.00018498271151533584
totalvi,PBMC5k_AGTGTTGAGCATATGA-1,NK,1,NK,0.0005061626434326172,,0.00011121727903522791,0.0,0.00572567991912365,0.00042466754065023855
totalvi,PBMC5k_AGTGTTGGTTCAGCTA-1,CD8 TCM,0,CD8 TEM,0.5048055946826935,,0.14468512045325221,0.4,1.5638444423675537,0.1751936024773345
totalvi,PBMC5k_AGTGTTGTCGAGTGAG-1,CD14 Mono,1,CD14 Mono,0.002262115478515625,,0.001920672911927046,0.0,0.07588576525449753,0.0079666535952181
totalvi,PBMC5k_AGTTAGCAGCTACGTT-1,cDC2,1,cDC2,0.002578258514404297,,0.00025512235447480713,0.0,0.011649120599031448,0.0010057709351842315
totalvi,PBMC5k_AGTTAGCCAGACTGCC-1,B naive,1,B naive,0.04843258857727051,,0.03194966321999465,0.0,0.5759830474853516,0.08902411382395371
totalvi,PBMC5k_AGTTAGCTCACTGGGC-1,NK,1,NK,0.001386404037475586,,0.00034049838629149516,0.0,0.043859876692295074,0.004740918760769902
totalvi,PBMC5k_AGTTAGCTCTTCCCAG-1,CD4 TEM,1,CD4 TEM,0.10043293237686157,,0.03218943119377787,0.0,0.8722935914993286,0.06480366633500889
totalvi,PBMC5k_AGTTCCCTCAACTGAC-1,CD14 Mono,1,CD14 Mono,0.003592193126678467,,0.00099839939737853,0.0,0.05077727511525154,0.0027987593444057214
totalvi,PBMC5k_AGTTCGAAGACATCAA-1,CD4 Naive,1,CD4 Naive,0.20075172185897827,,0.07282814008115668,0.19999999999999996,1.2490204572677612,0.142813695376364
totalvi,PBMC5k_AGTTCGACACACCTGG-1,NK,1,NK,0.14512622356414795,,0.040411379783086177,0.0,0.39723482728004456,0.022564067431837597
totalvi,PBMC5k_AGTTCGATCCGCAGTG-1,NK,1,NK,0.0005633234977722168,,0.0001940186864731147,0.0,0.02239183895289898,0.0014170456571352978
totalvi,PBMC5k_AGTTCGATCGTTGTAG-1,CD8 TEM,1,CD8 TEM,0.1978766918182373,,0.12198713295211006,0.19999999999999996,1.1351717710494995,0.12670914036182143
totalvi,PBMC5k_ATACCGACAGACCTGC-1,CD4 TCM,0,ILC,0.6591978371143341,,0.30935171362829683,0.6,1.9759681224822998,0.2515232788533535
totalvi,PBMC5k_ATACCGATCCTACGGG-1,CD14 Mono,1,CD14 Mono,0.0012801885604858398,,0.000848776040366421,0.0,0.06506986171007156,0.000892308046683439
totalvi,PBMC5k_ATACCTTAGCTGAAAT-1,CD14 Mono,1,CD14 Mono,0.00815647840499878,,0.0026041940059183255,0.0,0.10667942464351654,0.010983340643058866
totalvi,PBMC5k_ATACCTTAGGATTTGA-1,CD14 Mono,1,CD14 Mono,0.003794848918914795,,0.0019842308558269406,0.0,0.12201961129903793,0.01265314650443163
totalvi,PBMC5k_ATACCTTAGTGCCTCG-1,CD16 Mono,1,CD16 Mono,0.010936915874481201,,0.0033252088106364153,0.0,0.01277829334139824,0.0009422929677205794
totalvi,PBMC5k_ATACCTTGTCGAGTGA-1,CD8 TEM,1,CD8 TEM,0.6175171136856079,,0.17761445009533117,0.6,1.7428117990493774,0.12780451943638949
totalvi,PBMC5k_ATACCTTTCACGAACT-1,Treg,0,CD4 TCM,0.14485067129135132,,0.04231329932562211,0.0,0.7941067218780518,0.08192708846970437
totalvi,PBMC5k_ATACCTTTCACTGATG-1,CD4 TCM,1,CD4 TCM,0.33308422565460205,,0.052149005381483704,0.4,1.1796883344650269,0.2335095255661498
totalvi,PBMC5k_ATACCTTTCGAACCTA-1,CD14 Mono,1,CD14 Mono,0.003426194190979004,,0.0009271153624503571,0.0,0.09532149881124496,0.009887146159752842
totalvi,PBMC5k_ATACTTCCAATAAGGT-1,ILC,1,ILC,0.7002073526382446,,0.29379504685235114,0.6,1.963157057762146,0.21643036520737705
totalvi,PBMC5k_ATACTTCTCGGTCTAA-1,cDC2,0,CD14 Mono,0.04250311851501465,,0.05535912253414932,0.4,0.7953011989593506,0.28037374685496336
totalvi,PBMC5k_ATAGACCAGGATTTGA-1,CD4 TEM,1,CD4 TEM,0.5025758147239685,,0.1184700454973655,0.0,1.135737419128418,0.16590456735505585
totalvi,PBMC5k_ATAGACCCATAATGCC-1,CD4 Naive,0,CD4 TCM,0.4472880959510803,,0.13996812454232188,0.19999999999999996,1.199518084526062,0.098953834669652
totalvi,PBMC5k_ATAGACCGTTTGCAGT-1,CD8 TEM,0,MAIT,0.6615092158317566,,0.17003311069025773,0.6,1.5405806303024292,0.2704828163862296
totalvi,PBMC5k_ATAGACCTCACTGAAC-1,CD4 TEM,1,CD4 TEM,0.31863731145858765,,0.03371170108090493,0.4,0.8636201620101929,0.1911485081224396
totalvi,PBMC5k_ATAGACCTCCTCGCAT-1,CD14 Mono,1,CD14 Mono,0.001501321792602539,,0.001023519027266169,0.0,0.034068863838911057,0.00119202742063005
totalvi,PBMC5k_ATAGAGACACTGAATC-1,CD14 Mono,1,CD14 Mono,0.0009790658950805664,,0.0006709836202532394,0.0,0.11287873983383179,0.0088347964110007
totalvi,PBMC5k_ATAGAGACAGACCATT-1,NK,1,NK,0.0011168122291564941,,0.0008625128451458589,0.0,0.03915965557098389,0.005655361661201089
totalvi,PBMC5k_ATAGAGAGTAGCGATG-1,ILC,0,CD4 TEM,0.4904977083206177,,0.054423300946425224,0.4,1.1007111072540283,0.09588186950463494
totalvi,PBMC5k_ATAGAGAGTGTCTTGA-1,ILC,0,CD4 TEM,0.5426850914955139,,0.09127441839225969,0.19999999999999996,1.071892499923706,0.08698797721028874
totalvi,PBMC5k_ATAGGCTTCGATTTCT-1,CD4 TCM,1,CD4 TCM,0.08454030752182007,,0.006976443733024695,0.0,0.4143742322921753,0.055400592017494164
totalvi,PBMC5k_ATAGGCTTCTTGTTAC-1,B naive,1,B naive,0.07110762596130371,,0.10228023425313526,0.0,0.683163046836853,0.1448027102504845
totalvi,PBMC5k_ATATCCTAGTTGAATG-1,NK,1,NK,0.043428242206573486,,0.006176271888681542,0.0,0.1632879078388214,0.01915907182882681
totalvi,PBMC5k_ATATCCTCAGTTCTAG-1,CD14 Mono,1,CD14 Mono,0.005137503147125244,,0.002212888622952977,0.0,0.226872980594635,0.024386644380518133
totalvi,PBMC5k_ATATCCTGTAGATCGG-1,cDC2,1,cDC2,0.0009011030197143555,,0.00015076373048772233,0.0,0.003258933313190937,0.00015403855471701828
totalvi,PBMC5k_ATCACAGCAGGCATGA-1,CD8 TEM,0,MAIT,0.5043591260910034,,0.21844758007184462,0.19999999999999996,1.3383769989013672,0.034070267198007924
totalvi,PBMC5k_ATCACAGGTCATGCAT-1,NK,1,NK,0.0034387707710266113,,0.0006296579345959324,0.0,0.0289091095328331,0.0027254567726816624
totalvi,PBMC5k_ATCACAGGTCTTCCGT-1,CD4 Naive,0,CD4 TCM,0.488247811794281,,0.06328455243329123,0.4,1.3457762002944946,0.27264845140361144
totalvi,PBMC5k_ATCACAGGTGAATTGA-1,CD4 Naive,1,CD4 Naive,0.3405382037162781,,0.04078672336612832,0.0,1.1044825315475464,0.16392385446007782
totalvi,PBMC5k_ATCACAGTCTTCACAT-1,CD4 Naive,1,CD4 Naive,0.24688786268234253,,0.039649696232843534,0.19999999999999996,1.0084846019744873,0.19078368496884685
totalvi,PBMC5k_ATCACGAAGTGTGTTC-1,Eryth,1,Eryth,0.15663641691207886,,0.011503677139316215,0.4,0.6905485987663269,0.31638361096629947
totalvi,PBMC5k_ATCACGACAGCGTGAA-1,CD4 TCM,1,CD4 TCM,0.13984334468841553,,0.008635496494799888,0.19999999999999996,0.8382662534713745,0.16467240626526194
totalvi,PBMC5k_ATCACGAGTCACTGAT-1,CD14 Mono,1,CD14 Mono,0.003610551357269287,,0.0008563673076452324,0.0,0.08217322826385498,0.003481232103329773
totalvi,PBMC5k_ATCACGATCATGGAGG-1,CD4 TEM,1,CD4 TEM,0.085720956325531,,0.035195697140268156,0.0,0.7013941407203674,0.05383346290108059
totalvi,PBMC5k_ATCACGATCTGCTTAT-1,B naive,1,B naive,0.09703022241592407,,0.03680541500221568,0.0,0.7288942337036133,0.16981711986282846
totalvi,PBMC5k_ATCACTTTCTCATTTG-1,CD14 Mono,1,CD14 Mono,0.2746392488479614,,0.04649701141589985,0.0,0.3910210430622101,0.08578746735793395
totalvi,PBMC5k_ATCAGGTCATTGCCTC-1,CD16 Mono,1,CD16 Mono,0.07222133874893188,,0.020461016836609003,0.0,0.22963416576385498,0.047948841011941586
totalvi,PBMC5k_ATCAGGTGTACACTCA-1,NK,1,NK,0.0005952119827270508,,0.0036289361711123597,0.0,0.05834919214248657,0.0037939344853606984
totalvi,PBMC5k_ATCAGGTGTCCAAAGG-1,B naive,1,B naive,0.023551583290100098,,0.05750806906842948,0.0,0.28872790932655334,0.04143549431966102
totalvi,PBMC5k_ATCATTCAGCAAGTCG-1,CD14 Mono,1,CD14 Mono,0.1250993013381958,,0.013436734192824262,0.0,0.6599274277687073,0.17727211831558368
totalvi,PBMC5k_ATCATTCAGCACGTCC-1,CD4 TCM,1,CD4 TCM,0.4166352152824402,,0.03987125056461971,0.4,0.9930955171585083,0.25468866238398036
totalvi,PBMC5k_ATCATTCAGTCTCCTC-1,CD4 TEM,0,MAIT,0.45825159549713135,,0.1729404995322732,0.4,1.354283332824707,0.23755575746143331
totalvi,PBMC5k_ATCATTCGTAGCACAG-1,B naive,1,B naive,0.04085451364517212,,0.0596787573858234,0.4,0.7658630013465881,0.26245440179232454
totalvi,PBMC5k_ATCCACCCAACCGATT-1,CD14 Mono,1,CD14 Mono,0.004258871078491211,,0.0036871071673969524,0.0,0.06315131485462189,0.0037469890912035426
totalvi,PBMC5k_ATCCACCCACCATATG-1,CD4 Naive,1,CD4 Naive,0.03702932596206665,,0.007453377040838205,0.0,0.18536344170570374,0.01699491762926587
totalvi,PBMC5k_ATCCACCCAGGACATG-1,CD4 Naive,0,CD4 TCM,0.48224759101867676,,0.06978651617751797,0.0,1.0353628396987915,0.1177166283352487
totalvi,PBMC5k_ATCCACCCAGTTGTTG-1,CD4 TCM,1,CD4 TCM,0.4604443907737732,,0.0900879297098498,0.0,1.5607460737228394,0.14377699989544684
totalvi,PBMC5k_ATCCACCGTTCGGCTG-1,B memory,1,B memory,0.3211585283279419,,0.02136054433557455,0.19999999999999996,0.841851532459259,0.1950905987618343
totalvi,PBMC5k_ATCCACCTCAGCTTGA-1,CD8 TEM,1,CD8 TEM,0.08501797914505005,,0.10365190691527626,0.19999999999999996,1.298166275024414,0.17625692894419223
totalvi,PBMC5k_ATCCACCTCCCTCTCC-1,CD4 TCM,1,CD4 TCM,0.09439796209335327,,0.012408113266464738,0.19999999999999996,0.8274781703948975,0.18206317722587229
totalvi,PBMC5k_ATCCATTCAGGACTTT-1,CD14 Mono,1,CD14 Mono,0.011439979076385498,,0.004046735015467762,0.0,0.11183236539363861,0.015739802399492662
totalvi,PBMC5k_ATCCATTGTCTACAGT-1,CD14 Mono,1,CD14 Mono,0.005421757698059082,,0.009161323122063345,0.0,0.21370750665664673,0.009381735170288355
totalvi,PBMC5k_ATCCATTGTGGGTATG-1,CD4 TCM,1,CD4 TCM,0.35916709899902344,,0.038419487474350755,0.19999999999999996,1.0076684951782227,0.12053042372531712
totalvi,PBMC5k_ATCCCTGAGAGACAAG-1,NK_CD56bright,1,NK_CD56bright,0.08805322647094727,,0.012176610440442215,0.0,0.8035165071487427,0.11080117072794557
totalvi,PBMC5k_ATCCCTGAGTCGAATA-1,CD4 TCM,1,CD4 TCM,0.23946619033813477,,0.01647641038483938,0.0,0.8714625239372253,0.13973866901078055
totalvi,PBMC5k_ATCCCTGGTACGGCAA-1,NK,1,NK,0.000517725944519043,,0.0012816131220831101,0.0,0.012420179322361946,0.0015310458884389645
totalvi,PBMC5k_ATCCCTGGTTCGGTCG-1,B naive,1,B naive,0.06739538908004761,,0.11709754332158762,0.0,0.8435643315315247,0.13078703056338328
totalvi,PBMC5k_ATCCCTGTCACTACGA-1,CD8 TEM,1,CD8 TEM,0.010432422161102295,,0.03373255429347655,0.0,0.48125335574150085,0.04995941300924173
totalvi,PBMC5k_ATCCGTCAGCTTCTAG-1,ILC,0,Eryth,0.24077749252319336,,0.15057567986205933,0.6,1.6370465755462646,0.17316812414496424
totalvi,PBMC5k_ATCCGTCAGGAGATAG-1,CD4 TCM,0,CD4 Naive,0.29788851737976074,,0.03790491298927001,0.0,0.6406313180923462,0.1291831464368814
totalvi,PBMC5k_ATCCGTCAGTAAACGT-1,NK_CD56bright,0,NK,0.35752785205841064,,0.08637727614921364,0.6,1.5076112747192383,0.3161938343088292
totalvi,PBMC5k_ATCCGTCCAGATTTCG-1,CD14 Mono,1,CD14 Mono,0.0015716552734375,,0.0008324420914377212,0.0,0.050235647708177567,0.0016543686498048413
totalvi,PBMC5k_ATCCGTCGTGCGGCTT-1,CD4 TEM,1,CD4 TEM,0.26350080966949463,,0.04159289441712133,0.4,0.8473235368728638,0.19455467751509892
totalvi,PBMC5k_ATCCGTCTCCGTATAG-1,CD4 TCM,0,CD4 Naive,0.19506192207336426,,0.042284872734839274,0.0,0.7777400016784668,0.06236415090753891
totalvi,PBMC5k_ATCCTATAGATGCTGG-1,NK,1,NK,0.004368185997009277,,0.0029088489560878533,0.0,0.15556102991104126,0.013788880124740978
totalvi,PBMC5k_ATCCTATAGGTAATCA-1,ILC,0,Eryth,0.22588735818862915,,0.061586448216557566,0.6,1.9537194967269897,0.055606282504398814
totalvi,PBMC5k_ATCGATGCATCCTTGC-1,B naive,1,B naive,0.035253167152404785,,0.0432879904696013,0.0,0.32831454277038574,0.07721277395838852
totalvi,PBMC5k_ATCGATGGTGTCTTCC-1,CD4 Naive,1,CD4 Naive,0.16743767261505127,,0.026159772911192536,0.0,0.7576192617416382,0.0869158507685796
totalvi,PBMC5k_ATCGATGTCCGTGGGT-1,CD4 Naive,1,CD4 Naive,0.21095490455627441,,0.046416614753880925,0.4,0.9819470643997192,0.21876325450355277
totalvi,PBMC5k_ATCGCCTGTGATTGGG-1,B intermediate,1,B intermediate,0.3406730890274048,,0.19986097977308448,0.4,1.2243834733963013,0.24490555009341397
totalvi,PBMC5k_ATCGCCTTCAACTGAC-1,CD4 TCM,1,CD4 TCM,0.2600638270378113,,0.03727204955875474,0.4,1.0986183881759644,0.23391427814780807
totalvi,PBMC5k_ATCGCCTTCCCTAGGG-1,CD4 TCM,0,CD4 Naive,0.5745996236801147,,0.06723973974351127,0.4,1.0054059028625488,0.3094021137905265
totalvi,PBMC5k_ATCGGATAGATGTTGA-1,CD4 TEM,1,CD4 TEM,0.10076558589935303,,0.031802657235362575,0.0,0.6429002285003662,0.07955408745335175
totalvi,PBMC5k_ATCGGATAGGCCCACT-1,CD4 TCM,1,CD4 TCM,0.5767496526241302,,0.12768767569425332,0.4,1.659101128578186,0.1920282422896324
totalvi,PBMC5k_ATCGGATAGTCATGAA-1,CD14 Mono,1,CD14 Mono,0.018510401248931885,,0.002359545892409727,0.0,0.057692136615514755,0.004755431612431273
totalvi,PBMC5k_ATCGGATCAAGTATCC-1,B memory,1,B memory,0.017894744873046875,,0.011947312666986842,0.0,0.4236491620540619,0.07212718256325192
totalvi,PBMC5k_ATCGGATCATCCGAGC-1,NK,1,NK,0.00018745660781860352,,0.00016797949637706658,0.0,0.031760331243276596,0.0073066849863342356
totalvi,PBMC5k_ATCGGATGTGTTGAGG-1,CD14 Mono,1,CD14 Mono,0.0009086132049560547,,0.00032303005307979943,0.0,0.06240732595324516,0.003671296808382509
totalvi,PBMC5k_ATCGGATTCAGCTTGA-1,CD4 TCM,1,CD4 TCM,0.24222588539123535,,0.04044877332935981,0.0,1.0368231534957886,0.13945342452153445
totalvi,PBMC5k_ATCGGATTCTTGCAGA-1,NK,1,NK,0.10079431533813477,,0.026598836756045408,0.0,0.39327308535575867,0.14546288240293395
totalvi,PBMC5k_ATCGGCGCAAGGCTTT-1,CD14 Mono,1,CD14 Mono,0.01181936264038086,,0.0019659728872454124,0.0,0.32987239956855774,0.08145723276705846
totalvi,PBMC5k_ATCGGCGTCGCGTTTC-1,CD14 Mono,1,CD14 Mono,0.007996141910552979,,0.012864384739708787,0.0,0.20780512690544128,0.020307372424486936
totalvi,PBMC5k_ATCGTAGAGCTCGAAG-1,CD4 TCM,1,CD4 TCM,0.48114627599716187,,0.0580947447403215,0.4,1.1434710025787354,0.1769674227999903
totalvi,PBMC5k_ATCGTAGAGCTTACGT-1,CD16 Mono,1,CD16 Mono,0.007953643798828125,,0.001339981196895379,0.0,0.008160877041518688,0.0006574298437767638
totalvi,PBMC5k_ATCGTAGCATGACGTT-1,CD8 Naive,1,CD8 Naive,0.059033751487731934,,0.03322881574730596,0.19999999999999996,0.860334575176239,0.2234975569469313
totalvi,PBMC5k_ATCGTAGGTACCCGCA-1,cDC2,1,cDC2,0.14266544580459595,,0.015226879196129084,0.0,0.37471523880958557,0.07886697125046398
totalvi,PBMC5k_ATCGTAGTCGAGCACC-1,CD8 TEM,1,CD8 TEM,0.17641502618789673,,0.21264641594853662,0.6,1.3560165166854858,0.20824667136907307
totalvi,PBMC5k_ATCGTCCCATACCACA-1,CD4 Naive,1,CD4 Naive,0.3251856565475464,,0.03681833686658542,0.0,0.6385976672172546,0.11802849114488088
totalvi,PBMC5k_ATCGTCCTCTGAGTCA-1,CD4 Naive,1,CD4 Naive,0.12138289213180542,,0.007553154238604198,0.0,0.5590846538543701,0.06713533533784491
totalvi,PBMC5k_ATCGTGAAGAACGCGT-1,B naive,1,B naive,0.010832905769348145,,0.023133341014661996,0.0,0.45036718249320984,0.06781374901807576
totalvi,PBMC5k_ATCGTGAAGACGACTG-1,CD4 Naive,1,CD4 Naive,0.2409929633140564,,0.02150782519182526,0.0,0.5976911187171936,0.09755177048419823
totalvi,PBMC5k_ATCGTGAAGGGCTTCC-1,cDC2,0,CD14 Mono,0.32225674390792847,,0.08006986973358321,0.0,0.7660311460494995,0.10266559496682595
totalvi,PBMC5k_ATCGTGACAGCACCCA-1,ILC,0,CD4 TEM,0.40472811460494995,,0.0715036197532406,0.4,1.0367021560668945,0.07357392385583714
totalvi,PBMC5k_ATCGTGAGTACGGCAA-1,CD14 Mono,1,CD14 Mono,0.13409972190856934,,0.031305546679169294,0.0,0.5782214999198914,0.11565102739219431
totalvi,PBMC5k_ATCGTGAGTGTGGACA-1,CD4 TEM,1,CD4 TEM,0.12139058113098145,,0.025887502100814253,0.0,0.7545812129974365,0.14907574866494588
totalvi,PBMC5k_ATCGTGAGTGTTACAC-1,B memory,1,B memory,0.28956878185272217,,0.045895758246486396,0.0,0.8354781866073608,0.16992742645680983
totalvi,PBMC5k_ATCTCTACAGCGTATT-1,cDC2,1,cDC2,0.06046700477600098,,0.010578247217490733,0.0,0.16355006396770477,0.019226953059335083
totalvi,PBMC5k_ATCTCTACATGAGGGT-1,ILC,0,CD4 TEM,0.5740984082221985,,0.12651382577412384,0.6,1.666472315788269,0.033308249218397874
totalvi,PBMC5k_ATCTCTATCACGATAC-1,CD4 TCM,0,CD4 Naive,0.25466859340667725,,0.12287242409739907,0.4,1.2264912128448486,0.17538870642075044
totalvi,PBMC5k_ATCTTCAAGTTGTAAG-1,CD14 Mono,1,CD14 Mono,0.009640336036682129,,0.0024146932626921136,0.0,0.09164100140333176,0.01763103502474372
totalvi,PBMC5k_ATCTTCACAAATGCGG-1,CD14 Mono,1,CD14 Mono,0.013505935668945312,,0.00782660142168326,0.0,0.22796958684921265,0.03017871242168292
totalvi,PBMC5k_ATCTTCACATGTGTCA-1,CD14 Mono,1,CD14 Mono,0.005338609218597412,,0.000984414890255851,0.0,0.04253451153635979,0.002504894090604906
totalvi,PBMC5k_ATCTTCATCACTCCGT-1,CD14 Mono,1,CD14 Mono,0.20337027311325073,,0.02276924576388073,0.0,0.3296222686767578,0.12246940401899904
totalvi,PBMC5k_ATCTTCATCCTAGAGT-1,MAIT,1,MAIT,0.33264297246932983,,0.16585798570591392,0.19999999999999996,1.1390821933746338,0.3056724151156929
totalvi,PBMC5k_ATCTTCATCGTCGCTT-1,NK,1,NK,0.0029361844062805176,,0.0006018332238784414,0.0,0.061869800090789795,0.006136410507143933
totalvi,PBMC5k_ATGAAAGGTCATACCA-1,CD4 TCM,0,CD4 Naive,0.517842710018158,,0.07646286098110155,0.19999999999999996,1.2254424095153809,0.11682062491624465
totalvi,PBMC5k_ATGAAAGGTGTGTACT-1,CD16 Mono,1,CD16 Mono,0.10715264081954956,,0.04783368840060165,0.0,0.1360953003168106,0.01947607009593514
totalvi,PBMC5k_ATGAAAGGTTGACTAC-1,CD4 TEM,1,CD4 TEM,0.10120975971221924,,0.026552263825937228,0.19999999999999996,0.7728201746940613,0.19336044492401488
totalvi,PBMC5k_ATGACCACAGACCGCT-1,CD4 TCM,1,CD4 TCM,0.31443530321121216,,0.06513394773597292,0.4,1.264051914215088,0.09139101975018553
totalvi,PBMC5k_ATGACCAGTGCGCTCA-1,CD14 Mono,1,CD14 Mono,0.03235816955566406,,0.007351487055696507,0.0,0.10325916111469269,0.008404902492474369
totalvi,PBMC5k_ATGAGGGGTTGGATCT-1,CD4 TCM,1,CD4 TCM,0.05636662244796753,,0.014747950697804685,0.0,0.3772270977497101,0.05685700535654049
totalvi,PBMC5k_ATGAGGGTCTCTCAAT-1,CD14 Mono,1,CD14 Mono,0.2491888403892517,,0.04911365757579722,0.0,0.4915633201599121,0.1338356005763292
totalvi,PBMC5k_ATGAGTCAGAACCGCA-1,CD4 TEM,1,CD4 TEM,0.41334325075149536,,0.01077939849847609,0.19999999999999996,0.9512917995452881,0.16297238720280355
totalvi,PBMC5k_ATGAGTCGTGTCCATA-1,CD4 TEM,1,CD4 TEM,0.10184192657470703,,0.028582152995735854,0.19999999999999996,0.856493353843689,0.18015640731715749
totalvi,PBMC5k_ATGATCGGTAGACGTG-1,CD14 Mono,1,CD14 Mono,0.03690105676651001,,0.007514460092548247,0.0,0.3541799783706665,0.0968906154515628
totalvi,PBMC5k_ATGATCGGTCACCGCA-1,CD4 TEM,0,CD4 TCM,0.35477155447006226,,0.04026067650018206,0.0,1.2246125936508179,0.10283118407838204
totalvi,PBMC5k_ATGATCGGTCAGCTTA-1,CD4 TCM,0,CD4 Naive,0.531768798828125,,0.09018276183752438,0.19999999999999996,1.22340989112854,0.15673544595924552
totalvi,PBMC5k_ATGATCGGTTAGAAGT-1,CD14 Mono,1,CD14 Mono,0.006235003471374512,,0.0028798511400796797,0.0,0.08871839195489883,0.0109279270490011
totalvi,PBMC5k_ATGATCGTCCATTGGA-1,CD14 Mono,1,CD14 Mono,0.0037671923637390137,,0.0011899697677290565,0.0,0.09713369607925415,0.002919555028477549
totalvi,PBMC5k_ATGCCTCAGAGTCGAC-1,CD4 Naive,1,CD4 Naive,0.414597749710083,,0.04682785673334955,0.4,1.1816598176956177,0.17167702250586594
totalvi,PBMC5k_ATGCCTCGTAGTATAG-1,B intermediate,1,B intermediate,0.3759196400642395,,0.10465366913898355,0.0,0.9545838832855225,0.036996218497990126
totalvi,PBMC5k_ATGCGATGTACGTGTT-1,CD4 TEM,1,CD4 TEM,0.25479400157928467,,0.09536225061402792,0.0,1.113067388534546,0.1313136904506858
totalvi,PBMC5k_ATGCGATGTCACTCAA-1,CD8 TEM,1,CD8 TEM,0.3358428478240967,,0.09112397393874705,0.6,1.5025662183761597,0.19033095632869199
totalvi,PBMC5k_ATGGAGGCACATTACG-1,ILC,0,CD4 TEM,0.6164569556713104,,0.14381393598229852,0.6,1.5827593803405762,0.1301393160207234
totalvi,PBMC5k_ATGGAGGGTCGTACTA-1,CD4 TCM,1,CD4 TCM,0.297319233417511,,0.09694814234515592,0.19999999999999996,1.0323609113693237,0.11420996317901275
totalvi,PBMC5k_ATGGAGGTCACACCGG-1,CD4 TEM,1,CD4 TEM,0.13002318143844604,,0.03081358860290595,0.0,0.8149909377098083,0.08862661756134241
totalvi,PBMC5k_ATGGAGGTCTTAGCTT-1,CD14 Mono,1,CD14 Mono,0.15514808893203735,,0.026873928811700698,0.0,0.5487560629844666,0.1641111981400822
totalvi,PBMC5k_ATGGATCAGAAGAGCA-1,cDC2,0,CD14 Mono,0.4544574022293091,,0.25602602619750714,0.4,1.4659390449523926,0.21475218834416265
totalvi,PBMC5k_ATGGATCAGCGAGAAA-1,B memory,1,B memory,0.08252841234207153,,0.027762561655899076,0.0,0.5726048946380615,0.10137253188504709
totalvi,PBMC5k_ATGGATCGTATGCTAC-1,CD14 Mono,1,CD14 Mono,0.0013011693954467773,,0.0006542530440162807,0.0,0.025360045954585075,0.0013864906836237808
totalvi,PBMC5k_ATGGATCGTCACTGAT-1,CD14 Mono,1,CD14 Mono,0.00142669677734375,,0.0006731721555648766,0.0,0.04028547555208206,0.0017383777641344828
totalvi,PBMC5k_ATGGGAGAGCGGATCA-1,CD14 Mono,1,CD14 Mono,0.0029160380363464355,,0.0006561564967843825,0.0,0.12521027028560638,0.012537824454005423
totalvi,PBMC5k_ATGGGAGAGGAAGTAG-1,CD14 Mono,1,CD14 Mono,0.01443326473236084,,0.02595653856608987,0.0,0.7078500390052795,0.13975470535981524
totalvi,PBMC5k_ATGGGAGCAAGGCCTC-1,CD14 Mono,1,CD14 Mono,0.0012382268905639648,,0.0012165841720250536,0.0,0.03483859449625015,0.0017238321747641565
totalvi,PBMC5k_ATGGGTTAGAGTCCGA-1,CD14 Mono,1,CD14 Mono,0.0055275559425354,,0.001429773695439493,0.0,0.09127774089574814,0.013565013583645208
totalvi,PBMC5k_ATGGGTTCATAGTCAC-1,CD4 TCM,0,CD4 Naive,0.14881324768066406,,0.05919555944755284,0.19999999999999996,1.216342806816101,0.11898214374339475
totalvi,PBMC5k_ATGGGTTCATCGATCA-1,CD14 Mono,1,CD14 Mono,0.0022434592247009277,,0.0003844500765612692,0.0,0.04619922116398811,0.0027025745241487844
totalvi,PBMC5k_ATGGGTTGTCTTGGTA-1,CD8 Naive,1,CD8 Naive,0.027364671230316162,,0.034053265827311274,0.0,0.5339653491973877,0.09505024480038582
totalvi,PBMC5k_ATGGGTTGTTCCAAAC-1,B naive,1,B naive,0.037943899631500244,,0.10626395683478246,0.19999999999999996,0.9391934871673584,0.2540319230374135
totalvi,PBMC5k_ATGGGTTTCATCGCCT-1,CD4 TCM,1,CD4 TCM,0.4807289242744446,,0.08627363013582667,0.0,1.5267269611358643,0.17255166588396953
totalvi,PBMC5k_ATGGTTGGTGTGTCCG-1,CD14 Mono,1,CD14 Mono,0.0021433234214782715,,0.000925267115520708,0.0,0.050610776990652084,0.0032024278266136862
totalvi,PBMC5k_ATGTCCCCATGGCTGC-1,CD4 Naive,1,CD4 Naive,0.27181124687194824,,0.039978649539329836,0.0,0.8200121521949768,0.10208805762558644
totalvi,PBMC5k_ATGTCCCGTTTAGACC-1,CD4 TCM,1,CD4 TCM,0.05949389934539795,,0.008115720773442081,0.0,0.47475019097328186,0.054784434776829996
totalvi,PBMC5k_ATGTCTTAGACAAGCC-1,B memory,1,B memory,0.04894298315048218,,0.01391605829787712,0.0,0.5773111581802368,0.15602092719196442
totalvi,PBMC5k_ATGTCTTAGCCTCCAG-1,NK,1,NK,0.0003967881202697754,,0.00022465494952329107,0.0,0.028904598206281662,0.002549923511141826
totalvi,PBMC5k_ATGTCTTAGCTGCGAA-1,CD4 TCM,0,CD4 Naive,0.3922938108444214,,0.05480968177967549,0.4,1.2791602611541748,0.2178184387459541
totalvi,PBMC5k_ATGTCTTCAAGTTTGC-1,CD14 Mono,1,CD14 Mono,0.0016118288040161133,,0.00020743441418810508,0.0,0.0859321728348732,0.0045253312899052305
totalvi,PBMC5k_ATGTCTTCACTTGAGT-1,CD4 TEM,1,CD4 TEM,0.09737378358840942,,0.016336507211322904,0.19999999999999996,0.676201581954956,0.2587339678908545
totalvi,PBMC5k_ATGTCTTCAGTAGGAC-1,CD4 TCM,1,CD4 TCM,0.2865201234817505,,0.03496688621977484,0.4,0.8577472567558289,0.23206563275766648
totalvi,PBMC5k_ATGTCTTGTAGAGCTG-1,CD4 Naive,1,CD4 Naive,0.30326706171035767,,0.061154195814248746,0.0,0.9230917096138,0.16511681086297464
totalvi,PBMC5k_ATTACCTTCTGATTCT-1,CD14 Mono,1,CD14 Mono,0.022511720657348633,,0.020937746419522646,0.0,0.681628942489624,0.17547384828834345
totalvi,PBMC5k_ATTACTCCACGTGTGC-1,CD14 Mono,1,CD14 Mono,0.021542489528656006,,0.002574925184532506,0.19999999999999996,0.5582263469696045,0.16065141694141252
totalvi,PBMC5k_ATTACTCGTGACGTCC-1,gdT,0,CD4 TEM,0.4376118779182434,,0.09799297525030926,0.19999999999999996,0.8764578104019165,0.022799476261158188
totalvi,PBMC5k_ATTATCCAGAACGCGT-1,CD14 Mono,1,CD14 Mono,0.04190385341644287,,0.00818977552610986,0.0,0.28190627694129944,0.03331748490083777
totalvi,PBMC5k_ATTATCCAGGTTATAG-1,CD8 Naive,1,CD8 Naive,0.19746249914169312,,0.07346302117303094,0.0,1.017120599746704,0.1569643560196524
totalvi,PBMC5k_ATTATCCCATCTAACG-1,CD4 TEM,1,CD4 TEM,0.3465855121612549,,0.0924110711479208,0.19999999999999996,0.7822475433349609,0.20155057301913037
totalvi,PBMC5k_ATTCACTAGACCTGGA-1,CD14 Mono,1,CD14 Mono,0.008779048919677734,,0.0030153477743544294,0.0,0.1971474587917328,0.03239189887108336
totalvi,PBMC5k_ATTCACTCAACCGCCA-1,CD14 Mono,1,CD14 Mono,0.0008608102798461914,,0.000659101789834516,0.0,0.06223602592945099,0.003335685112547509
totalvi,PBMC5k_ATTCACTTCCACAGCG-1,CD14 Mono,1,CD14 Mono,0.0031662583351135254,,0.005717285790519812,0.0,0.28193199634552,0.07771761776573619
totalvi,PBMC5k_ATTCAGGAGCTCCCTT-1,CD14 Mono,1,CD14 Mono,0.008044123649597168,,0.005351263419459379,0.0,0.391447514295578,0.044453656642264396
totalvi,PBMC5k_ATTCATCAGAGTCTGG-1,CD14 Mono,1,CD14 Mono,0.0024862289428710938,,0.0002506782934055714,0.0,0.0345340333878994,0.001119235831661751
totalvi,PBMC5k_ATTCATCAGCATGGGT-1,CD14 Mono,1,CD14 Mono,0.002978980541229248,,0.0016449405311121726,0.0,0.08234963566064835,0.006930071037383577
totalvi,PBMC5k_ATTCATCAGGCTCCCA-1,Eryth,1,Eryth,0.4804377555847168,,0.07168917959264631,0.0,0.47800689935684204,0.11425915409151768
totalvi,PBMC5k_ATTCATCAGTTAGAAC-1,CD4 TEM,1,CD4 TEM,0.04093903303146362,,0.01085944546306361,0.0,0.5373165011405945,0.12128872422401032
totalvi,PBMC5k_ATTCATCCATGCCATA-1,CD14 Mono,1,CD14 Mono,0.002169311046600342,,0.0010821732639077694,0.0,0.056560877710580826,0.003003821841928372
totalvi,PBMC5k_ATTCATCGTGCAGTGA-1,B memory,1,B memory,0.02897411584854126,,0.007334280379430402,0.0,0.483423113822937,0.0787905867415021
totalvi,PBMC5k_ATTCATCTCAATCCGA-1,CD14 Mono,1,CD14 Mono,0.0017129778861999512,,0.001793008443327658,0.0,0.08768448978662491,0.007448372536425585
totalvi,PBMC5k_ATTCATCTCATTTGCT-1,Treg,0,CD4 Naive,0.3959417939186096,,0.13971802721780957,0.4,1.306911826133728,0.16760273132064765
totalvi,PBMC5k_ATTCATCTCGCTTACC-1,CD4 TCM,0,CD4 Naive,0.22086089849472046,,0.021257835730937313,0.19999999999999996,1.181172251701355,0.09881168210278175
totalvi,PBMC5k_ATTCCATAGCATCAAA-1,NK_CD56bright,0,gdT,0.3475337624549866,,0.13609521220720833,0.0,0.5524924993515015,0.10457178212722983
totalvi,PBMC5k_ATTCCATGTTAGCTAC-1,CD14 Mono,1,CD14 Mono,0.0017763972282409668,,0.0012934077902657382,0.0,0.15241330862045288,0.014840102256030127
totalvi,PBMC5k_ATTCCCGCAAGCACAG-1,cDC2,0,CD14 Mono,0.11970484256744385,,0.021955892872907334,0.6,1.1082699298858643,0.13894182092125196
totalvi,PBMC5k_ATTCCCGCATTGGGAG-1,ILC,0,Eryth,0.17052966356277466,,0.09419526561634262,0.4,1.8154327869415283,0.11742646737455845
totalvi,PBMC5k_ATTCCCGGTCCGGCAT-1,CD4 TCM,1,CD4 TCM,0.2607106566429138,,0.05666633518995523,0.4,1.1691135168075562,0.23390789650524846
totalvi,PBMC5k_ATTCCTAAGTATTGCC-1,Eryth,1,Eryth,0.2099023461341858,,0.0363268223683062,0.19999999999999996,0.5117605924606323,0.17228383357303523
totalvi,PBMC5k_ATTCCTACATGCGGTC-1,ILC,0,CD4 TCM,0.5827361941337585,,0.12522396402860747,0.19999999999999996,1.1012144088745117,0.05371234722262149
totalvi,PBMC5k_ATTCCTATCATTACGG-1,B naive,1,B naive,0.01572287082672119,,0.008995727546425497,0.0,0.41411831974983215,0.08150745825666841
totalvi,PBMC5k_ATTCGTTAGCTCAGAG-1,ILC,0,CD4 TCM,0.43831753730773926,,0.031948225039725386,0.19999999999999996,0.9538416862487793,0.05296379232603712
totalvi,PBMC5k_ATTCTACAGTCCCAAT-1,Treg,0,CD4 TCM,0.5340089499950409,,0.029973405066598957,0.4,1.27912175655365,0.2552951943640042
totalvi,PBMC5k_ATTCTACAGTCTCGTA-1,CD14 Mono,1,CD14 Mono,0.4755484461784363,,0.03320424342395045,0.0,0.5483100414276123,0.12447132698809488
totalvi,PBMC5k_ATTCTACAGTGCAGGT-1,CD4 TCM,1,CD4 TCM,0.28550755977630615,,0.06596271953870991,0.0,1.2461581230163574,0.17822659753087872
totalvi,PBMC5k_ATTCTTGAGCGTTAGG-1,NK,1,NK,0.0003407001495361328,,0.0018518654270404424,0.0,0.0351138673722744,0.003228469317019418
totalvi,PBMC5k_ATTCTTGTCTTGTTAC-1,CD14 Mono,1,CD14 Mono,0.02348095178604126,,0.00576067703215713,0.0,0.5957401394844055,0.09062720808666755
totalvi,PBMC5k_ATTGGGTAGACTAGAT-1,NK,1,NK,0.03408217430114746,,0.007635551072155883,0.0,0.5071109533309937,0.158830596868232
totalvi,PBMC5k_ATTGGGTAGACTGTTC-1,CD14 Mono,1,CD14 Mono,0.003068208694458008,,0.0011288533087928168,0.0,0.1090230792760849,0.007231676222399302
totalvi,PBMC5k_ATTGGGTAGAGGATCC-1,CD14 Mono,1,CD14 Mono,0.0020432472229003906,,0.0006206894021069248,0.0,0.04388440400362015,0.002340875837268794
totalvi,PBMC5k_ATTGGGTCAGGTGGAT-1,CD4 Naive,1,CD4 Naive,0.07029151916503906,,0.028807554868527874,0.0,0.7357463240623474,0.10646756637949228
totalvi,PBMC5k_ATTGGGTGTGAGCGAT-1,CD14 Mono,1,CD14 Mono,0.021023273468017578,,0.007479942423540595,0.0,0.1351538747549057,0.012675617301263539
totalvi,PBMC5k_ATTGGGTGTGTACAGG-1,CD4 Naive,1,CD4 Naive,0.0423237681388855,,0.03292497459869104,0.0,0.39319655299186707,0.041257397224881955
totalvi,PBMC5k_ATTGGGTTCGCTGTTC-1,CD8 TEM,1,CD8 TEM,0.4716365933418274,,0.11727209824033169,0.19999999999999996,1.2297539710998535,0.12462498367500656
totalvi,PBMC5k_ATTGTTCCAGTGAGCA-1,CD14 Mono,1,CD14 Mono,0.004666388034820557,,0.0028960627422877083,0.0,0.10147000104188919,0.008970628398013243
totalvi,PBMC5k_ATTGTTCCATGGACAG-1,CD4 Naive,1,CD4 Naive,0.18608629703521729,,0.021878929247581613,0.19999999999999996,1.1287328004837036,0.2102678933127954
totalvi,PBMC5k_ATTGTTCGTGGCTTAT-1,NK,1,NK,0.0011816620826721191,,0.0004918830377286052,0.0,0.020189713686704636,0.001345018883420245
totalvi,PBMC5k_ATTGTTCGTTCTCTAT-1,B intermediate,1,B intermediate,0.15849298238754272,,0.015269794604483966,0.19999999999999996,0.8854445815086365,0.12384602757718455
totalvi,PBMC5k_ATTGTTCTCAAAGAAC-1,ILC,0,CD4 Naive,0.2843009829521179,,0.0889159869235312,0.19999999999999996,1.3566595315933228,0.02873059231762429
totalvi,PBMC5k_ATTTACCAGCATATGA-1,CD14 Mono,1,CD14 Mono,0.004818737506866455,,0.00150919466594137,0.0,0.07420998811721802,0.005867388037403967
totalvi,PBMC5k_ATTTACCCATTCGATG-1,CD14 Mono,1,CD14 Mono,0.20998835563659668,,0.08565815788855091,0.0,0.46303850412368774,0.09979953824831646
totalvi,PBMC5k_ATTTCACAGCGAGTAC-1,NK,1,NK,0.12560975551605225,,0.0335652876755792,0.0,0.11488833278417587,0.00835521286178785
totalvi,PBMC5k_ATTTCACCACAAGCCC-1,CD4 Naive,1,CD4 Naive,0.17127633094787598,,0.05179887977857256,0.19999999999999996,1.0888636112213135,0.16649039296413706
totalvi,PBMC5k_ATTTCACGTCCATACA-1,CD14 Mono,1,CD14 Mono,0.013308227062225342,,0.00161063923908919,0.0,0.16570022702217102,0.02479976263370557
totalvi,PBMC5k_ATTTCACTCATCGCTC-1,CD4 TEM,1,CD4 TEM,0.3953026533126831,,0.03976313237517226,0.4,0.8914726972579956,0.20680194997919749
totalvi,PBMC5k_ATTTCACTCGCTCTCA-1,B intermediate,1,B intermediate,0.4627648591995239,,0.15390317625600258,0.19999999999999996,0.8818072080612183,0.13141715205045365
totalvi,PBMC5k_ATTTCTGCAGAGGGTT-1,CD14 Mono,1,CD14 Mono,0.0251123309135437,,0.004707721604630316,0.0,0.09929720312356949,0.010221694765799937
totalvi,PBMC5k_CAAAGAAAGATGACCG-1,CD4 TEM,1,CD4 TEM,0.43776166439056396,,0.03402364065355756,0.19999999999999996,1.0038111209869385,0.1794357555243109
totalvi,PBMC5k_CAACAACAGAGGATGA-1,NK,1,NK,0.007146775722503662,,0.0011424121021378492,0.0,0.0407446026802063,0.0058697986347928085
totalvi,PBMC5k_CAACAACAGGGAGTGG-1,CD14 Mono,1,CD14 Mono,0.011237561702728271,,0.0018282187170277839,0.0,0.3460664451122284,0.030047892148562034
totalvi,PBMC5k_CAACAACCAAGCCCAC-1,CD4 TCM,1,CD4 TCM,0.08212935924530029,,0.0036417912452386125,0.19999999999999996,0.7954003810882568,0.20229131460570424
totalvi,PBMC5k_CAACAACGTGGGTCAA-1,CD16 Mono,1,CD16 Mono,0.0009725093841552734,,0.00022676211574912224,0.0,0.001643580850213766,2.9097871649604667e-05
totalvi,PBMC5k_CAACAACGTTTAGTCG-1,CD4 TEM,1,CD4 TEM,0.3921779990196228,,0.028013432680011885,0.4,0.9610270261764526,0.11278672843054677
totalvi,PBMC5k_CAACAGTAGCACGGAT-1,CD4 Naive,1,CD4 Naive,0.37234413623809814,,0.06837569086009454,0.0,1.3529261350631714,0.18415696891686673
totalvi,PBMC5k_CAACAGTAGGTCGTAG-1,CD14 Mono,1,CD14 Mono,0.0013759136199951172,,0.0011211709717541159,0.0,0.03713853284716606,0.0011123529505605563
totalvi,PBMC5k_CAACAGTCAGTAGAAT-1,CD14 Mono,1,CD14 Mono,0.005144357681274414,,0.0024924958359367616,0.0,0.091311015188694,0.005814646025316968
totalvi,PBMC5k_CAACAGTTCCACGTGG-1,CD16 Mono,1,CD16 Mono,0.036925315856933594,,0.0036805959511516245,0.0,0.021425602957606316,0.002621818740062781
totalvi,PBMC5k_CAACCAAAGGATGTTA-1,CD4 Naive,1,CD4 Naive,0.2551420331001282,,0.10008634521210025,0.0,0.9734974503517151,0.07612468790278759
totalvi,PBMC5k_CAACCAAAGGGTGAAA-1,CD14 Mono,1,CD14 Mono,0.004880547523498535,,0.0011645246017265923,0.0,0.12030798941850662,0.015332916739651287
totalvi,PBMC5k_CAACCAATCCATCACC-1,CD14 Mono,1,CD14 Mono,0.0033165812492370605,,0.0020904775294272385,0.0,0.0839669406414032,0.003979680756641565
totalvi,PBMC5k_CAACCTCAGCAGATAT-1,CD4 Naive,1,CD4 Naive,0.3579031229019165,,0.05141997849202151,0.19999999999999996,0.8444167375564575,0.1625600285415466
totalvi,PBMC5k_CAACCTCAGCGTGCCT-1,CD4 TEM,1,CD4 TEM,0.19073522090911865,,0.054294098084608944,0.0,0.9748689532279968,0.10129806535177373
totalvi,PBMC5k_CAACCTCCATTACGGT-1,ILC,0,CD4 TEM,0.3586878180503845,,0.058614303972562176,0.4,0.9539111256599426,0.03441784007452562
totalvi,PBMC5k_CAACCTCGTCAACCAT-1,ILC,0,CD4 TCM,0.1315276026725769,,0.02608428042483757,0.0,0.4850071668624878,0.020274810339109575
totalvi,PBMC5k_CAACGATGTATGGTTC-1,CD4 Naive,1,CD4 Naive,0.1460844874382019,,0.020158184626051123,0.0,0.8663345575332642,0.16443133415568972
totalvi,PBMC5k_CAACGATGTGCAATGG-1,CD8 Naive,1,CD8 Naive,0.041326701641082764,,0.05503454265679486,0.0,0.6732745170593262,0.11399589803678939
totalvi,PBMC5k_CAACGATGTTAAGACA-1,CD14 Mono,1,CD14 Mono,0.010556697845458984,,0.0030455342099606347,0.0,0.30524584650993347,0.037134875384911246
totalvi,PBMC5k_CAACGATTCAGGACGA-1,Eryth,0,CD14 Mono,0.2051340937614441,,0.025052936188473984,0.0,0.3167398273944855,0.06380544871819574
totalvi,PBMC5k_CAACGATTCTGTGCGG-1,CD4 TCM,1,CD4 TCM,0.06636041402816772,,0.01393839289387111,0.0,0.6001797318458557,0.062433920347368325
totalvi,PBMC5k_CAACGGCAGACAGTCG-1,CD16 Mono,1,CD16 Mono,0.006685197353363037,,0.0007281887260076128,0.0,0.01587686315178871,0.0021026501609523727
totalvi,PBMC5k_CAACGGCCATGGTGGA-1,CD4 Naive,1,CD4 Naive,0.17008566856384277,,0.0308810989805407,0.0,0.8153144717216492,0.16115544128608744
totalvi,PBMC5k_CAACGGCGTTAGAAAC-1,CD8 TCM,0,gdT,0.6679436564445496,,0.25747379298690465,0.4,1.7335851192474365,0.007142035611437005
totalvi,PBMC5k_CAACGGCTCCCGTTGT-1,CD8 TCM,0,gdT,0.6555849015712738,,0.09853752593055543,0.4,1.550590991973877,0.10737383072990317
totalvi,PBMC5k_CAAGACTAGCGAGGAG-1,Eryth,0,CD14 Mono,0.19267821311950684,,0.03456766660426103,0.0,0.4297689199447632,0.0934319365459872
totalvi,PBMC5k_CAAGACTAGGTTCATC-1,CD14 Mono,1,CD14 Mono,0.005964398384094238,,0.005458762943594722,0.0,0.4859369695186615,0.1020625686469628
totalvi,PBMC5k_CAAGACTAGTGCAGCA-1,CD4 Naive,1,CD4 Naive,0.21649318933486938,,0.14073600645741124,0.0,1.1098005771636963,0.08000171423461246
totalvi,PBMC5k_CAAGACTCAATTGCTG-1,MAIT,1,MAIT,0.289401650428772,,0.11722706477956923,0.0,0.8409107327461243,0.13109868341883846
totalvi,PBMC5k_CAAGACTCACTCCACT-1,CD4 TCM,1,CD4 TCM,0.11126631498336792,,0.013346921105042653,0.0,0.804020881652832,0.16790857352779393
totalvi,PBMC5k_CAAGCTAAGCACCTGC-1,CD14 Mono,1,CD14 Mono,0.0019369721412658691,,0.0006688226470003798,0.0,0.035920850932598114,0.0018156750083517586
totalvi,PBMC5k_CAAGCTACAAGAATGT-1,NK,1,NK,0.09869295358657837,,0.027287869144784205,0.0,0.32517606019973755,0.03811071343244029
totalvi,PBMC5k_CAAGCTACAATCAGCT-1,CD14 Mono,1,CD14 Mono,0.0009655952453613281,,0.0003162621857040297,0.0,0.04955345392227173,0.004206930174569815
totalvi,PBMC5k_CAAGCTAGTCAAGGCA-1,CD14 Mono,1,CD14 Mono,0.002254188060760498,,0.001001829453257476,0.0,0.080754853785038,0.00688984776461285
totalvi,PBMC5k_CAAGCTATCGGCTCTT-1,B naive,1,B naive,0.024953246116638184,,0.018935464699773308,0.0,0.36214426159858704,0.08341506936565204
totalvi,PBMC5k_CAAGGGAAGCCAGACA-1,CD14 Mono,1,CD14 Mono,0.06704938411712646,,0.013962982939438623,0.0,0.39851948618888855,0.0688551785226274
totalvi,PBMC5k_CAAGGGAGTAATGCTC-1,CD4 TCM,1,CD4 TCM,0.39263272285461426,,0.021873082094751917,0.0,0.9189424514770508,0.18650690781999113
totalvi,PBMC5k_CAAGGGAGTAGGGTAC-1,CD14 Mono,1,CD14 Mono,0.18098235130310059,,0.003975125391168011,0.19999999999999996,0.6923152804374695,0.16264134294475482
totalvi,PBMC5k_CAAGGGAGTAGTCACT-1,ILC,0,CD4 TEM,0.4969310760498047,,0.09609235234459945,0.4,0.9934471845626831,0.06171273075979111
totalvi,PBMC5k_CAAGGGAGTTCCGGTG-1,CD8 TEM,0,CD4 TEM,0.6063767373561859,,0.2379193926595693,0.6,1.713778018951416,0.09690889987134572
totalvi,PBMC5k_CAAGGGAGTTGCTGAT-1,B memory,1,B memory,0.04686182737350464,,0.04299832094211775,0.0,0.6334749460220337,0.1344783761861898
totalvi,PBMC5k_CAATACGAGCTCATAC-1,CD14 Mono,1,CD14 Mono,0.002395033836364746,,0.001238611209239588,0.0,0.07839293777942657,0.00879150854090212
totalvi,PBMC5k_CAATCGAAGACGACGT-1,CD4 TCM,0,CD4 Naive,0.5407242476940155,,0.05941479879226619,0.4,1.2381072044372559,0.2839356841355917
totalvi,PBMC5k_CAATGACAGGGTTGCA-1,ILC,0,CD4 TCM,0.18708926439285278,,0.040419412049384484,0.0,0.5957156419754028,0.036541770459981436
totalvi,PBMC5k_CAATGACAGTGCCGAA-1,CD14 Mono,1,CD14 Mono,0.005660593509674072,,0.0017227896938254578,0.0,0.0723358765244484,0.010128195660823147
totalvi,PBMC5k_CAATGACGTCGCTCGA-1,B naive,1,B naive,0.01835763454437256,,0.21613344951823493,0.0,0.38879019021987915,0.041382070751592885
totalvi,PBMC5k_CAATTTCCACGCGCAT-1,NK,1,NK,1.728534698486328e-05,,4.099220900476245e-06,0.0,0.0045790765434503555,0.00043254166613980645
totalvi,PBMC5k_CACAACAAGGCTCACC-1,CD4 Naive,1,CD4 Naive,0.30281490087509155,,0.04122087924422968,0.0,0.677170991897583,0.1174916161665857
totalvi,PBMC5k_CACAACAAGTAAGGGA-1,ILC,0,CD4 TCM,0.24622148275375366,,0.04597752784794229,0.19999999999999996,1.0815744400024414,0.04409233284290845
totalvi,PBMC5k_CACAACAGTCGCATGC-1,CD8 Naive,1,CD8 Naive,0.2043471336364746,,0.09789103268937338,0.19999999999999996,1.0007761716842651,0.3057879528537387
totalvi,PBMC5k_CACAACAGTCTACAGT-1,CD4 TEM,1,CD4 TEM,0.45448964834213257,,0.043221973986873885,0.4,1.0644781589508057,0.17200619208355564
totalvi,PBMC5k_CACAACAGTGCCTAAT-1,ILC,0,CD4 TCM,0.30324065685272217,,0.012822270884372267,0.0,0.8582900166511536,0.058213834486622804
totalvi,PBMC5k_CACAACATCATCGCCT-1,CD4 TCM,0,CD4 TEM,0.4460519552230835,,0.1150404231901826,0.4,0.8295415043830872,0.258547855851858
totalvi,PBMC5k_CACAACATCGACATCA-1,B memory,1,B memory,0.4506726861000061,,0.04889897997044512,0.19999999999999996,0.7844837307929993,0.23235211290267602
totalvi,PBMC5k_CACAACATCTAGAACC-1,CD14 Mono,1,CD14 Mono,0.01639378070831299,,0.010896793067249277,0.0,0.6301013827323914,0.12415028742588194
totalvi,PBMC5k_CACACAAAGGAAGTCC-1,CD8 TCM,1,CD8 TCM,0.5102730691432953,,0.05664914732346937,0.4,1.6139183044433594,0.22448012925963054
totalvi,PBMC5k_CACACAAAGGGACACT-1,CD14 Mono,1,CD14 Mono,0.0752677321434021,,0.05566319582296109,0.0,0.6938321590423584,0.08138654310541053
totalvi,PBMC5k_CACACAAAGTACCCTA-1,NK,1,NK,0.004274487495422363,,0.0009741650801111841,0.0,0.10796729475259781,0.015218742477169495
totalvi,PBMC5k_CACACAAAGTTGAAGT-1,NK,1,NK,0.0036849379539489746,,0.0021521251905320254,0.0,0.06914627552032471,0.007963547686844012
totalvi,PBMC5k_CACAGATAGACCAACG-1,CD4 TCM,1,CD4 TCM,0.11850887537002563,,0.02539016302003594,0.0,0.8575751185417175,0.13240600788800125
totalvi,PBMC5k_CACAGATGTAGCGAGT-1,NK,1,NK,0.0014216899871826172,,0.0012767302179153752,0.0,0.030181167647242546,0.005728734699683904
totalvi,PBMC5k_CACAGATGTGTCCCTT-1,NK,1,NK,0.0029439926147460938,,0.0004423282216623383,0.0,0.03655465319752693,0.0029876244376369327
totalvi,PBMC5k_CACAGGCAGCCACTCG-1,Treg,0,CD4 TCM,0.515074610710144,,0.05977386842611632,0.19999999999999996,0.8780539631843567,0.172713026665871
totalvi,PBMC5k_CACAGGCAGTATTAGG-1,CD14 Mono,1,CD14 Mono,0.0027816295623779297,,0.007049526475355394,0.0,0.15483592450618744,0.01685830827723961
totalvi,PBMC5k_CACAGGCCAACACAGG-1,NK,1,NK,0.10562014579772949,,0.02025457539440237,0.0,0.3308224081993103,0.06807873928074269
totalvi,PBMC5k_CACAGGCTCGATACTG-1,CD4 TCM,1,CD4 TCM,0.13232672214508057,,0.014213441895201795,0.0,0.615333080291748,0.14561824841466306
totalvi,PBMC5k_CACAGGCTCTATCCAT-1,CD4 TCM,1,CD4 TCM,0.4611636996269226,,0.10495953978302908,0.0,0.9718255996704102,0.07616985095817627
totalvi,PBMC5k_CACATGAAGCGTGAAC-1,CD8 TEM,1,CD8 TEM,0.013483166694641113,,0.02012170032797883,0.0,0.33201533555984497,0.09708787991651306
totalvi,PBMC5k_CACATGAAGTTCTACG-1,CD8 TEM,1,CD8 TEM,0.04183542728424072,,0.01834179525651375,0.19999999999999996,1.0959515571594238,0.27016133514120927
totalvi,PBMC5k_CACATGAGTGTGTGGA-1,B memory,1,B memory,0.18895822763442993,,0.02587426440257612,0.19999999999999996,0.8142654895782471,0.19572009695603712
totalvi,PBMC5k_CACATGATCCGATGTA-1,CD14 Mono,1,CD14 Mono,0.08407890796661377,,0.04293849295746194,0.0,0.41070008277893066,0.13004386553027708
totalvi,PBMC5k_CACCAAAAGGCTAAAT-1,CD4 Naive,1,CD4 Naive,0.28049546480178833,,0.021486184107893935,0.19999999999999996,0.8248057961463928,0.1791982848526419
totalvi,PBMC5k_CACCAAACATAGAAAC-1,CD4 Naive,1,CD4 Naive,0.1456478238105774,,0.04103746484544302,0.0,0.8040124773979187,0.10094720364468279
totalvi,PBMC5k_CACCAAACATAGTCGT-1,CD14 Mono,1,CD14 Mono,0.00937122106552124,,0.0017618281719210954,0.0,0.38138309121131897,0.09655956371729256
totalvi,PBMC5k_CACCAAACATGGAACG-1,CD4 TCM,1,CD4 TCM,0.47705912590026855,,0.08850420951718219,0.19999999999999996,1.3301465511322021,0.17946289405398513
totalvi,PBMC5k_CACCAAAGTCAGTCTA-1,CD4 Naive,1,CD4 Naive,0.22792869806289673,,0.05519403251358812,0.0,0.7592690587043762,0.09191812298643387
totalvi,PBMC5k_CACCAAAGTGCCTAAT-1,ILC,1,ILC,0.56398805975914,,0.10983752926611556,0.6,1.1482640504837036,0.18417590806965933
totalvi,PBMC5k_CACCAAATCAATCTTC-1,CD14 Mono,1,CD14 Mono,0.0015714764595031738,,0.0007152771112213935,0.0,0.06338850408792496,0.0023511618311993173
totalvi,PBMC5k_CACCGTTCACATACTG-1,CD4 TEM,1,CD4 TEM,0.2714281678199768,,0.028486437304900414,0.19999999999999996,0.9388387799263,0.2419598487248937
totalvi,PBMC5k_CACCGTTGTTAAACCC-1,CD4 TEM,1,CD4 TEM,0.23474693298339844,,0.10550625465518915,0.0,1.026513695716858,0.08124278177538964
totalvi,PBMC5k_CACCGTTTCCATTTAC-1,CD14 Mono,1,CD14 Mono,0.003942728042602539,,0.0008973850945315082,0.0,0.047994423657655716,0.0026450039306132704
totalvi,PBMC5k_CACGAATCATGGGTCC-1,Eryth,0,CD14 Mono,0.1938849687576294,,0.0713080503511192,0.4,0.7099612951278687,0.17677987526958397
totalvi,PBMC5k_CACGAATGTGGGATTG-1,CD8 TEM,1,CD8 TEM,0.23278313875198364,,0.08180501188926093,0.19999999999999996,1.138243556022644,0.04421522197422306
totalvi,PBMC5k_CACGAATGTTAGGCTT-1,CD14 Mono,1,CD14 Mono,0.01027911901473999,,0.00261386193470544,0.0,0.07461215555667877,0.014024228092918978
totalvi,PBMC5k_CACGAATTCATTGTGG-1,CD14 Mono,1,CD14 Mono,0.0031151175498962402,,0.0024743678542110334,0.0,0.036167096346616745,0.0032615642865232047
totalvi,PBMC5k_CACGGGTAGATGCTAA-1,CD4 Naive,0,CD4 TCM,0.4952991008758545,,0.029777027994168703,0.4,1.1835064888000488,0.11063383984501257
totalvi,PBMC5k_CACGGGTAGGCAGGGA-1,CD8 TCM,0,gdT,0.5965180397033691,,0.2611737678981514,0.6,1.6444097757339478,0.16475536942687657
totalvi,PBMC5k_CACGGGTTCAAGCGTT-1,CD14 Mono,1,CD14 Mono,0.035508155822753906,,0.009546192811924176,0.0,0.6470857858657837,0.05396879522411725
totalvi,PBMC5k_CACGTGGAGATTGATG-1,CD14 Mono,1,CD14 Mono,0.0035358667373657227,,0.001445839481859175,0.0,0.07576186954975128,0.0024101697574274127
totalvi,PBMC5k_CACGTGGAGCTTAGTC-1,CD4 TCM,1,CD4 TCM,0.3757057785987854,,0.11000371894132988,0.0,1.0422508716583252,0.08837512699442875
totalvi,PBMC5k_CACGTGGGTAGCTGTT-1,CD14 Mono,1,CD14 Mono,0.0033373236656188965,,0.001699863004757031,0.0,0.20687445998191833,0.018561633376982647
totalvi,PBMC5k_CACGTGGGTCTAGTGT-1,MAIT,1,MAIT,0.22230911254882812,,0.029779243094181007,0.0,0.6289569139480591,0.09656921833992012
totalvi,PBMC5k_CACGTGGTCAATCTTC-1,CD4 TCM,1,CD4 TCM,0.03050410747528076,,0.0029161480371602266,0.0,0.2150544375181198,0.03557818730489574
totalvi,PBMC5k_CACGTGGTCGAAGCCC-1,CD14 Mono,1,CD14 Mono,0.03135526180267334,,0.0020263181488529014,0.0,0.18756622076034546,0.032397788633174204
totalvi,PBMC5k_CACGTTCAGAGCCTGA-1,Treg,0,CD4 TCM,0.5258279144763947,,0.13989178505802136,0.4,1.1179596185684204,0.07254862728293228
totalvi,PBMC5k_CACTAAGAGACATACA-1,NK,1,NK,0.018114864826202393,,0.00294067231942112,0.0,0.33450961112976074,0.07057422289777335
totalvi,PBMC5k_CACTAAGAGTATTCCG-1,CD8 TEM,1,CD8 TEM,0.025150537490844727,,0.008989801656528185,0.0,0.4316853880882263,0.048131465065469704
totalvi,PBMC5k_CACTAAGCAGCGTAGA-1,CD14 Mono,1,CD14 Mono,0.005846083164215088,,0.0004015131061114764,0.0,0.05585528537631035,0.005115087094228602
totalvi,PBMC5k_CACTAAGGTGTCTTGA-1,B naive,1,B naive,0.21186184883117676,,0.04864960836959087,0.19999999999999996,1.1115509271621704,0.266798499237997
totalvi,PBMC5k_CACTGAAAGACGGTCA-1,CD14 Mono,1,CD14 Mono,0.00524449348449707,,0.0013636734161474179,0.0,0.12426792085170746,0.016395859536207306
totalvi,PBMC5k_CACTGAAAGCGTCAAG-1,CD14 Mono,1,CD14 Mono,0.002913177013397217,,0.004460262463079873,0.0,0.15043073892593384,0.012601648997212753
totalvi,PBMC5k_CACTGAAGTACAAGCG-1,CD8 TEM,1,CD8 TEM,0.06564974784851074,,0.0898959119402053,0.19999999999999996,1.4128483533859253,0.15961632210354185
totalvi,PBMC5k_CACTGAAGTGGTCTAT-1,CD8 Naive,1,CD8 Naive,0.08161252737045288,,0.06741646680885349,0.0,0.935027539730072,0.12305291572122248
totalvi,PBMC5k_CACTGAATCACTTCTA-1,CD4 Naive,0,CD4 TCM,0.444513201713562,,0.14661109297496122,0.4,1.219813346862793,0.1321815160206187
totalvi,PBMC5k_CACTGAATCAGGTAAA-1,CD14 Mono,1,CD14 Mono,0.021531641483306885,,0.01933391413581484,0.0,0.30580249428749084,0.03220810250928912
totalvi,PBMC5k_CACTGAATCCGAGCTG-1,CD4 TEM,1,CD4 TEM,0.18239045143127441,,0.025934648610666633,0.0,0.8803486824035645,0.12673917706810545
totalvi,PBMC5k_CACTGAATCCGTGTAA-1,CD4 Naive,0,CD4 TCM,0.41258686780929565,,0.09996360242784097,0.0,1.4346950054168701,0.0674054886701973
totalvi,PBMC5k_CACTGAATCCTCGATC-1,CD14 Mono,1,CD14 Mono,0.0010334253311157227,,0.00038022968594456086,0.0,0.05302560701966286,0.004030733409507361
totalvi,PBMC5k_CACTGGGCAAACCATC-1,CD14 Mono,1,CD14 Mono,0.17136448621749878,,0.02171285860239519,0.0,0.20128846168518066,0.033742005118978825
totalvi,PBMC5k_CACTGGGTCGTCGATA-1,Eryth,1,Eryth,0.05790776014328003,,0.04599707196179775,0.0,0.5820289254188538,0.19595447995368195
totalvi,PBMC5k_CACTGTCCAGCATGCC-1,CD4 Naive,1,CD4 Naive,0.49521440267562866,,0.11887298254673173,0.19999999999999996,1.0416724681854248,0.14175726218172938
totalvi,PBMC5k_CACTGTCCAGGACATG-1,CD14 Mono,1,CD14 Mono,0.019935786724090576,,0.002316713401234835,0.0,0.042621321976184845,0.004075159229123463
totalvi,PBMC5k_CACTGTCGTGCACGCT-1,CD14 Mono,1,CD14 Mono,0.018589437007904053,,0.031193599872309824,0.0,0.6324058175086975,0.1368203080925629
totalvi,PBMC5k_CACTTCGAGATGACCG-1,CD4 TCM,1,CD4 TCM,0.11811131238937378,,0.026720527930182203,0.0,1.0346980094909668,0.11095078161787947
totalvi,PBMC5k_CACTTCGCAACCCTCT-1,CD16 Mono,1,CD16 Mono,0.006824791431427002,,0.0015505873040336515,0.0,0.010060261934995651,0.000588551913080944
totalvi,PBMC5k_CACTTCGGTCGTTCAA-1,CD8 TEM,0,CD4 TEM,0.4087115526199341,,0.25761538353626645,0.4,1.6610811948776245,0.12696502385076847
totalvi,PBMC5k_CACTTCGTCAAGAAAC-1,CD8 Naive,1,CD8 Naive,0.025931358337402344,,0.016143696412368846,0.0,0.3238915205001831,0.03190253130881642
totalvi,PBMC5k_CACTTCGTCCTGCTAC-1,NK,1,NK,1.0728836059570312e-05,,2.859769635315916e-05,0.0,0.010443363338708878,0.001944351052086629
totalvi,PBMC5k_CACTTCGTCGTAGTGT-1,NK,1,NK,0.03641653060913086,,0.007646197408836361,0.0,0.14362061023712158,0.015552522252092825
totalvi,PBMC5k_CAGAGCCAGAGTCACG-1,CD4 Naive,1,CD4 Naive,0.578349769115448,,0.08091069759886249,0.4,1.3456608057022095,0.29251320435435146
totalvi,PBMC5k_CAGAGCCCATAGTCAC-1,ILC,0,CD4 TCM,0.14624077081680298,,0.019309398062918093,0.0,0.3617967963218689,0.012728223563744125
totalvi,PBMC5k_CAGAGCCGTGGACTGA-1,CD4 TCM,0,CD4 Naive,0.4913672208786011,,0.02717289746261531,0.4,1.3325954675674438,0.20342345120177804
totalvi,PBMC5k_CAGAGCCTCAAATAGG-1,CD14 Mono,1,CD14 Mono,0.006760954856872559,,0.003770807053200126,0.0,0.12643951177597046,0.011315504231116436
totalvi,PBMC5k_CAGATACGTGGTCTCG-1,gdT,0,MAIT,0.2758220434188843,,0.0363680177004857,0.0,0.4198758602142334,0.013472851847930315
totalvi,PBMC5k_CAGATCAAGATAGCTA-1,CD14 Mono,1,CD14 Mono,0.2641773223876953,,0.05688221797215909,0.4,0.7189151048660278,0.18590945727344227
totalvi,PBMC5k_CAGATCAAGTCCTGTA-1,CD4 TEM,1,CD4 TEM,0.30532020330429077,,0.08292719763578094,0.4,0.9881250858306885,0.152467901724227
totalvi,PBMC5k_CAGATCACACGACAGA-1,CD8 TEM,1,CD8 TEM,0.12359809875488281,,0.14217462958342142,0.0,1.1620885133743286,0.15812502125230643
totalvi,PBMC5k_CAGATCAGTTCAAGGG-1,CD4 Naive,1,CD4 Naive,0.04581010341644287,,0.03983249657676996,0.0,0.28441277146339417,0.026778875424076344
totalvi,PBMC5k_CAGATTGAGGTAGTCG-1,gdT,0,MAIT,0.4552610516548157,,0.06907415741502043,0.0,0.8461377620697021,0.020258873206629772
totalvi,PBMC5k_CAGATTGGTGCATGAG-1,CD4 Naive,1,CD4 Naive,0.12508296966552734,,0.05250700691307464,0.19999999999999996,0.962540328502655,0.18197386363957566
totalvi,PBMC5k_CAGATTGTCCAATGCA-1,Treg,1,Treg,0.4705703854560852,,0.13171153901619825,0.4,1.240516185760498,0.21581134939684896
totalvi,PBMC5k_CAGATTGTCGACCCAG-1,CD16 Mono,1,CD16 Mono,0.09022337198257446,,0.032883711670453064,0.0,0.2666495442390442,0.04042260146016036
totalvi,PBMC5k_CAGCAATAGCTGGCCT-1,CD8 TEM,1,CD8 TEM,0.16187304258346558,,0.10832173569372461,0.19999999999999996,1.0676275491714478,0.24074531541537683
totalvi,PBMC5k_CAGCAATAGGGTGAAA-1,B intermediate,1,B intermediate,0.30641359090805054,,0.05470105444802098,0.4,1.1640889644622803,0.1357149040783523
totalvi,PBMC5k_CAGCAATGTGATGGCA-1,cDC2,1,cDC2,0.0004636049270629883,,6.21826848329417e-05,0.0,0.0024617845192551613,0.00011755275491696664
totalvi,PBMC5k_CAGCACGAGCTAATCC-1,CD14 Mono,1,CD14 Mono,0.0161629319190979,,0.0031645320875386407,0.0,0.14052115380764008,0.020917215093715347
totalvi,PBMC5k_CAGCACGCACATTACG-1,CD4 TEM,1,CD4 TEM,0.04228240251541138,,0.011018897095242897,0.0,0.3439882695674896,0.05176601131784234
totalvi,PBMC5k_CAGCACGCATGTCGTA-1,CD14 Mono,1,CD14 Mono,0.0010329484939575195,,0.002506213508747711,0.0,0.03635188937187195,0.001759411463512901
totalvi,PBMC5k_CAGCACGGTGTCCAAT-1,CD14 Mono,1,CD14 Mono,0.011438131332397461,,0.005581411596216099,0.0,0.2471313774585724,0.010102714124323092
totalvi,PBMC5k_CAGCACGTCCCACAGG-1,CD8 TEM,0,NK,0.09313803911209106,,0.02478570508440492,0.0,0.5620213747024536,0.07487662572924872
totalvi,PBMC5k_CAGCACGTCGTACACA-1,CD14 Mono,1,CD14 Mono,0.05013769865036011,,0.036775176775948826,0.4,0.9697052240371704,0.17972754911933853
totalvi,PBMC5k_CAGCAGCAGGGTCAAC-1,B memory,1,B memory,0.05652672052383423,,0.045177229426156484,0.19999999999999996,0.859850287437439,0.2287555121042793
totalvi,PBMC5k_CAGCAGCTCTGCTTAT-1,CD4 Naive,1,CD4 Naive,0.03473407030105591,,0.003954414738652795,0.0,0.32980161905288696,0.08743660273728553
totalvi,PBMC5k_CAGCCAGAGAACCGCA-1,CD4 TCM,1,CD4 TCM,0.39024388790130615,,0.1012653831953636,0.19999999999999996,1.591206669807434,0.21744738098335267
totalvi,PBMC5k_CAGCCAGAGAATCGAT-1,CD4 TCM,0,CD4 TEM,0.5348669290542603,,0.16636204568560187,0.4,1.6191933155059814,0.15726745765903558
totalvi,PBMC5k_CAGCCAGAGATACCAA-1,CD4 TCM,1,CD4 TCM,0.42003703117370605,,0.0951470074177041,0.0,1.2464148998260498,0.1269448337507948
totalvi,PBMC5k_CAGCCAGTCCGTACGG-1,CD4 Naive,1,CD4 Naive,0.2814430594444275,,0.09372752284928043,0.0,1.095948338508606,0.1448402697424865
totalvi,PBMC5k_CAGCCAGTCCTTATGT-1,B naive,1,B naive,0.024716556072235107,,0.009700671746645156,0.0,0.3309393525123596,0.09280592389017936
totalvi,PBMC5k_CAGCGTGCATCCCGTT-1,CD14 Mono,1,CD14 Mono,0.0013678669929504395,,0.001028128475187167,0.0,0.10472460836172104,0.008712411448119906
totalvi,PBMC5k_CAGCGTGGTGAGGATC-1,NK,1,NK,0.20590442419052124,,0.04823474528407029,0.0,0.25586628913879395,0.040562646201770115
totalvi,PBMC5k_CAGCGTGGTGGACCAA-1,Eryth,1,Eryth,0.2619142532348633,,0.03330456272118543,0.4,1.0279675722122192,0.24017812427792798
totalvi,PBMC5k_CAGGCCAAGACATCCT-1,CD4 TEM,0,CD4 TCM,0.3736487627029419,,0.017616132800934547,0.4,0.9880862236022949,0.24731304151681635
totalvi,PBMC5k_CAGGCCAAGAGGCCAT-1,CD14 Mono,1,CD14 Mono,0.0034349560737609863,,0.0015635440870878994,0.0,0.10237618535757065,0.0028288710811988182
totalvi,PBMC5k_CAGGCCAAGTAAGACT-1,CD14 Mono,1,CD14 Mono,0.034901320934295654,,0.006653974665141449,0.0,0.1035909652709961,0.01200608842942244
totalvi,PBMC5k_CAGGCCAGTGGTATGG-1,CD14 Mono,1,CD14 Mono,0.002317667007446289,,0.0007526572608215452,0.0,0.1048646867275238,0.00956567778925991
totalvi,PBMC5k_CAGGCCATCGAGATAA-1,CD4 Naive,1,CD4 Naive,0.4135745167732239,,0.06910860322362922,0.4,0.980833113193512,0.19756530964253013
totalvi,PBMC5k_CAGGGCTAGCCACAAG-1,CD14 Mono,1,CD14 Mono,0.004264116287231445,,0.0007114354072069659,0.0,0.05770428106188774,0.002043179410398378
totalvi,PBMC5k_CAGGGCTCACTGATTG-1,CD14 Mono,1,CD14 Mono,0.0038333535194396973,,0.005350887178297542,0.0,0.25570330023765564,0.0432661918692015
totalvi,PBMC5k_CAGTGCGCAAGAGATT-1,cDC2,1,cDC2,0.017204225063323975,,0.0052709237033044115,0.0,0.03427712246775627,0.005233899420618531
totalvi,PBMC5k_CAGTGCGCACCTGTCT-1,CD4 Naive,1,CD4 Naive,0.03141593933105469,,0.0026396852045348917,0.0,0.13254544138908386,0.01581334879917905
totalvi,PBMC5k_CAGTGCGCAGTGCGCT-1,CD14 Mono,1,CD14 Mono,0.03212547302246094,,0.0009295059683434026,0.0,0.1400187760591507,0.018274167018217165
totalvi,PBMC5k_CAGTTAGAGTAAACGT-1,cDC2,0,CD14 Mono,0.1086001992225647,,0.08866543726001275,0.19999999999999996,0.6395752429962158,0.16903340022660623
totalvi,PBMC5k_CAGTTAGAGTATGATG-1,CD8 TEM,1,CD8 TEM,0.18019509315490723,,0.06638245638877349,0.0,1.1154991388320923,0.18689299338166637
totalvi,PBMC5k_CAGTTAGAGTTACGTC-1,CD4 TCM,1,CD4 TCM,0.14061284065246582,,0.05085205173404039,0.0,0.7677204012870789,0.08159407405957236
totalvi,PBMC5k_CAGTTAGCACACCTGG-1,gdT,0,MAIT,0.46339869499206543,,0.10010048658308945,0.4,0.9494930505752563,0.020330131854054075
totalvi,PBMC5k_CAGTTAGGTTACCTGA-1,CD14 Mono,1,CD14 Mono,0.008325755596160889,,0.0010476292921750424,0.0,0.05741383507847786,0.005908481182586528
totalvi,PBMC5k_CATAAGCCACCATTCC-1,CD14 Mono,1,CD14 Mono,0.004271090030670166,,0.0011315127013709625,0.0,0.07961657643318176,0.010581247859112557
totalvi,PBMC5k_CATAAGCCATTAGGAA-1,CD4 TEM,1,CD4 TEM,0.2228342890739441,,0.019925774294798915,0.19999999999999996,1.0570188760757446,0.18702870416413794
totalvi,PBMC5k_CATAAGCTCGAAGCCC-1,CD14 Mono,1,CD14 Mono,0.0022104978561401367,,0.001996566192652649,0.0,0.05410603806376457,0.005477919428821907
totalvi,PBMC5k_CATACAGAGTCGCGAA-1,ILC,0,CD4 Naive,0.42432504892349243,,0.06845513469310083,0.0,1.4490050077438354,0.011370079602003137
totalvi,PBMC5k_CATACAGTCGTGTGAT-1,CD4 TCM,1,CD4 TCM,0.0879940390586853,,0.010869662845107375,0.0,0.6164944767951965,0.10332700701732225
totalvi,PBMC5k_CATACCCAGAACGTGC-1,CD14 Mono,1,CD14 Mono,0.03099799156188965,,0.007881948712904221,0.0,0.08181709796190262,0.00824062775041035
totalvi,PBMC5k_CATACCCAGGTACAAT-1,cDC2,1,cDC2,0.07865464687347412,,0.009624714704104587,0.0,0.19284610450267792,0.024501907309873602
totalvi,PBMC5k_CATACCCCAGCTACAT-1,CD4 TEM,1,CD4 TEM,0.590527206659317,,0.13998326918645787,0.19999999999999996,1.3055133819580078,0.2595477012224843
totalvi,PBMC5k_CATACCCTCCCAAGCG-1,Eryth,0,CD14 Mono,0.13338452577590942,,0.06090976837569834,0.19999999999999996,0.8191776871681213,0.19218688366747383
totalvi,PBMC5k_CATACTTAGAGGGCGA-1,NK,1,NK,0.02119433879852295,,0.005488115751387385,0.0,0.17254315316677094,0.06083070013815627
totalvi,PBMC5k_CATACTTAGTCGGGAT-1,ILC,0,Eryth,0.4648134708404541,,0.1905336406075191,0.19999999999999996,1.5293996334075928,0.14753848817125914
totalvi,PBMC5k_CATAGACAGCTCCATA-1,CD4 Naive,1,CD4 Naive,0.10893774032592773,,0.03400585978126158,0.19999999999999996,1.167080283164978,0.20204071549473795
totalvi,PBMC5k_CATAGACAGGTCTTTG-1,ILC,0,CD4 TEM,0.11600303649902344,,0.042042196253312736,0.0,1.069874882698059,0.03658441402917523
totalvi,PBMC5k_CATAGACTCTTCCAGC-1,Eryth,1,Eryth,0.3868899345397949,,0.03543866665466544,0.4,0.6270926594734192,0.2312672981637309
totalvi,PBMC5k_CATCAAGAGCCTATTG-1,B intermediate,1,B intermediate,0.3271504044532776,,0.0430303092866966,0.4,0.9778573513031006,0.07430834223013259
totalvi,PBMC5k_CATCAAGAGGCTAACG-1,B memory,0,B intermediate,0.4800136089324951,,0.22916276001671743,0.4,1.0199536085128784,0.24248524537310745
totalvi,PBMC5k_CATCAAGGTTATCTGG-1,CD4 TCM,0,CD4 TEM,0.4953376054763794,,0.09585516978510722,0.19999999999999996,0.8068424463272095,0.21052618388515662
totalvi,PBMC5k_CATCAAGTCCTATTTG-1,cDC2,1,cDC2,0.015955567359924316,,0.0018092695841224887,0.0,0.07518135011196136,0.0092428334481748
totalvi,PBMC5k_CATCCACAGGTCGTAG-1,CD16 Mono,0,CD14 Mono,0.42483580112457275,,0.054579280224219984,0.0,0.48413124680519104,0.05444146862519479
totalvi,PBMC5k_CATCCACCACGGCTAC-1,CD14 Mono,1,CD14 Mono,0.004280149936676025,,0.006310081589356087,0.0,0.2318575531244278,0.029232215861270207
totalvi,PBMC5k_CATCCACTCGAGATGG-1,CD14 Mono,1,CD14 Mono,0.011616289615631104,,0.0037111397860046247,0.0,0.19725146889686584,0.01660174341831107
totalvi,PBMC5k_CATCCCAGTCCTGTCT-1,CD8 TEM,0,NK,0.3736225962638855,,0.2181449990156974,0.4,1.3303213119506836,0.23471324412233419
totalvi,PBMC5k_CATCCCAGTGTGAATA-1,CD8 TEM,1,CD8 TEM,0.069449782371521,,0.14041964835543363,0.19999999999999996,1.0617223978042603,0.24695946407625566
totalvi,PBMC5k_CATCCCATCGCTGCGA-1,CD4 TEM,1,CD4 TEM,0.1642075777053833,,0.10166505271783632,0.0,0.9546034932136536,0.049668720614720344
totalvi,PBMC5k_CATCCGTGTGAATAAC-1,CD14 Mono,1,CD14 Mono,0.0011145472526550293,,0.0003684596470030707,0.0,0.05650324374437332,0.0045316110824915766
totalvi,PBMC5k_CATCCGTTCTTGGCTC-1,CD4 Naive,1,CD4 Naive,0.06636619567871094,,0.028634835235344935,0.0,0.5690171122550964,0.11517387751270232
totalvi,PBMC5k_CATCGCTAGGTCCAGA-1,Treg,0,CD4 TCM,0.27247077226638794,,0.07591097782947487,0.19999999999999996,1.2355936765670776,0.11339781961955554
totalvi,PBMC5k_CATCGCTAGTCGTTAC-1,CD4 TCM,0,CD4 Naive,0.40134453773498535,,0.07206781640117432,0.4,1.7399892807006836,0.13338948801661754
totalvi,PBMC5k_CATCGCTGTCTACACA-1,CD14 Mono,1,CD14 Mono,0.010806262493133545,,0.0017778606718640982,0.0,0.17306073009967804,0.038993554281839614
totalvi,PBMC5k_CATCGCTTCCGAACGC-1,CD14 Mono,1,CD14 Mono,0.0006008148193359375,,0.0007700019671848472,0.0,0.074369877576828,0.006030444001067316
totalvi,PBMC5k_CATCGGGAGCATCAGG-1,CD4 Naive,1,CD4 Naive,0.17101246118545532,,0.027268119304281413,0.0,0.39887988567352295,0.03589294032643229
totalvi,PBMC5k_CATCGGGGTCAAGTTC-1,CD4 TEM,1,CD4 TEM,0.36930835247039795,,0.04188293513334285,0.4,1.0649398565292358,0.25765963254329705
totalvi,PBMC5k_CATCGGGGTGCAAGAC-1,B naive,1,B naive,0.05820572376251221,,0.05996739018632824,0.19999999999999996,0.7140856385231018,0.2631378114346055
totalvi,PBMC5k_CATCGGGGTGGGACAT-1,cDC2,1,cDC2,0.08915889263153076,,0.03131443080763996,0.0,0.41415318846702576,0.07788983272963464
totalvi,PBMC5k_CATCGGGGTTATTCCT-1,CD16 Mono,1,CD16 Mono,0.04261898994445801,,0.01071438966391175,0.0,0.03863269090652466,0.0024384873707558427
totalvi,PBMC5k_CATCGGGTCTTAATCC-1,CD8 TEM,1,CD8 TEM,0.0630652904510498,,0.016622750996002467,0.0,0.9464843273162842,0.14617921769700337
totalvi,PBMC5k_CATCGTCAGACGTCGA-1,Treg,1,Treg,0.3109026551246643,,0.05343389011111077,0.19999999999999996,0.974539041519165,0.23001079861228904
totalvi,PBMC5k_CATCGTCCACCATTCC-1,CD4 Naive,1,CD4 Naive,0.15416282415390015,,0.08363958845478547,0.19999999999999996,0.951237678527832,0.19832360160765036
totalvi,PBMC5k_CATGAGTAGGAACGAA-1,gdT,1,gdT,0.3200547695159912,,0.1860467231936347,0.6,1.4726941585540771,0.16499682364403934
totalvi,PBMC5k_CATGAGTAGTCTGCGC-1,gdT,0,CD4 TEM,0.5751872956752777,,0.13350651651506018,0.0,1.352867841720581,0.050181479785623935
totalvi,PBMC5k_CATGAGTGTAAGCAAT-1,CD4 Naive,1,CD4 Naive,0.28538089990615845,,0.02868226168600918,0.0,1.0069515705108643,0.1426439403002256
totalvi,PBMC5k_CATGAGTGTGCCGAAA-1,Treg,0,CD4 TCM,0.5961563885211945,,0.13200842521625922,0.6,1.1553153991699219,0.19093886523114306
totalvi,PBMC5k_CATGAGTTCTCGGTAA-1,CD14 Mono,1,CD14 Mono,0.008004069328308105,,0.007039034997300533,0.0,0.2627927362918854,0.022245728747481146
totalvi,PBMC5k_CATGCAAAGACAGCTG-1,CD4 TCM,1,CD4 TCM,0.6607345640659332,,0.13052596482001144,0.4,1.5730979442596436,0.1488097246513949
totalvi,PBMC5k_CATGCAAAGGTACAGC-1,Eryth,0,CD14 Mono,0.46645528078079224,,0.03692705318952616,0.4,0.7517876029014587,0.2621610940298072
totalvi,PBMC5k_CATGCAAGTAACCAGG-1,Eryth,1,Eryth,0.34959089756011963,,0.08899304279439346,0.19999999999999996,0.6193642020225525,0.20813067520453374
totalvi,PBMC5k_CATGCCTCAACCGCCA-1,CD4 TCM,1,CD4 TCM,0.013215899467468262,,0.0008105406331003692,0.0,0.26537394523620605,0.051259854473133436
totalvi,PBMC5k_CATGCCTTCCATTGTT-1,CD4 TEM,1,CD4 TEM,0.08962780237197876,,0.03914255268141775,0.0,0.5004337430000305,0.01584927885147078
totalvi,PBMC5k_CATGCCTTCGTGAGAG-1,B intermediate,1,B intermediate,0.3922349214553833,,0.04216468214754876,0.4,1.1530009508132935,0.16496204363961897
totalvi,PBMC5k_CATGCGGAGCGGATCA-1,CD4 Naive,1,CD4 Naive,0.3395463824272156,,0.07182148075183259,0.0,0.6966366171836853,0.12145687941775918
totalvi,PBMC5k_CATGCGGCACGAGAAC-1,CD8 TEM,1,CD8 TEM,0.06615430116653442,,0.10027239053972259,0.0,0.5987316370010376,0.11662678894081693
totalvi,PBMC5k_CATGCGGGTTGGGAAC-1,CD14 Mono,1,CD14 Mono,0.06420212984085083,,0.015710243974756788,0.0,0.845840573310852,0.17034961981726973
totalvi,PBMC5k_CATGCTCCAATGGCCC-1,Eryth,0,CD14 Mono,0.4296249747276306,,0.04807033066592481,0.19999999999999996,0.5928749442100525,0.1565584158217717
totalvi,PBMC5k_CATGCTCCAGCAAGAC-1,cDC2,1,cDC2,0.0008103251457214355,,0.0005981670175095911,0.0,0.01214637141674757,0.0010409532053803551
totalvi,PBMC5k_CATGCTCGTGGTCTCG-1,CD14 Mono,1,CD14 Mono,0.09207338094711304,,0.013842633946610783,0.0,0.488525927066803,0.13167293078932932
totalvi,PBMC5k_CATGCTCTCCGTTTCG-1,NK,1,NK,0.001784682273864746,,0.005482473895388307,0.0,0.16863980889320374,0.03403014273936931
totalvi,PBMC5k_CATGGATCAAACTCGT-1,B naive,1,B naive,0.003896355628967285,,0.008499153239273013,0.0,0.1831485778093338,0.022598121447316787
totalvi,PBMC5k_CATGGATGTCGGAAAC-1,cDC2,1,cDC2,0.0010047554969787598,,0.00014354979622778832,0.0,0.0065506864339113235,0.0001578546771126378
totalvi,PBMC5k_CATGGATGTGTTTCTT-1,B intermediate,1,B intermediate,0.29271042346954346,,0.09630011381762049,0.6,1.1334174871444702,0.08494835591587752
totalvi,PBMC5k_CATGGTAAGGATTCCT-1,CD8 TEM,1,CD8 TEM,0.06327903270721436,,0.023920197560876877,0.0,1.1276277303695679,0.16026739870690032
totalvi,PBMC5k_CATGGTAAGGCGTTGA-1,CD8 TEM,1,CD8 TEM,0.5645659565925598,,0.14457474988448293,0.8,1.7478618621826172,0.08307421527385235
totalvi,PBMC5k_CATGGTACAGTATTCG-1,CD4 Naive,0,CD4 TCM,0.43513333797454834,,0.08431223244858754,0.4,1.2790735960006714,0.2164401449306098
totalvi,PBMC5k_CATGGTACATTGACAC-1,CD14 Mono,1,CD14 Mono,0.05259627103805542,,0.008232319714143399,0.0,0.12843100726604462,0.018871021537136462
totalvi,PBMC5k_CATGGTATCTCTAAGG-1,CD4 Naive,1,CD4 Naive,0.054589033126831055,,0.06349693101719511,0.0,0.3509129285812378,0.06727317661281727
totalvi,PBMC5k_CATTCCGAGAAGGCTC-1,B intermediate,1,B intermediate,0.4549717903137207,,0.09936476299841523,0.19999999999999996,0.8128337264060974,0.22565768812339487
totalvi,PBMC5k_CATTCCGGTCATCCGG-1,ILC,0,CD4 TCM,0.303772509098053,,0.035517017051484134,0.0,0.6775019764900208,0.034831859045261516
totalvi,PBMC5k_CATTCCGGTTTCACAG-1,cDC2,1,cDC2,0.0012447834014892578,,0.00030710252461842516,0.0,0.012070458382368088,0.0015902581657125552
totalvi,PBMC5k_CATTCTAAGCAACTTC-1,CD8 TEM,1,CD8 TEM,0.16119331121444702,,0.06916814307118269,0.19999999999999996,1.2523152828216553,0.22765946545564705
totalvi,PBMC5k_CATTCTAAGGGAGATA-1,CD14 Mono,1,CD14 Mono,0.0015393495559692383,,0.002536014183213725,0.0,0.05139017477631569,0.003171260508563597
totalvi,PBMC5k_CATTCTAAGGTGGCTA-1,NK,1,NK,0.007759451866149902,,0.002109648971275982,0.0,0.15121982991695404,0.020180948507263877
totalvi,PBMC5k_CATTCTACAACCTAAC-1,CD14 Mono,1,CD14 Mono,0.011653006076812744,,0.026843162582785213,0.0,0.4099661707878113,0.05945585835990707
totalvi,PBMC5k_CATTCTACATCCGATA-1,CD14 Mono,1,CD14 Mono,0.003924071788787842,,0.0028438860772076607,0.0,0.07833268493413925,0.005743423366243952
totalvi,PBMC5k_CATTCTAGTGGCTACC-1,B memory,1,B memory,0.30329298973083496,,0.1259654634876719,0.19999999999999996,0.7461181879043579,0.12087028243399539
totalvi,PBMC5k_CATTGAGCAGGGTCTC-1,CD8 TEM,1,CD8 TEM,0.008590400218963623,,0.015251280129186973,0.0,0.36459678411483765,0.043656408674960595
totalvi,PBMC5k_CATTGAGCATACCACA-1,CD4 Naive,1,CD4 Naive,0.20722627639770508,,0.08495625289786246,0.0,0.7461441159248352,0.1521796152916741
totalvi,PBMC5k_CATTGAGGTCCTACGG-1,ILC,0,CD4 TCM,0.49440258741378784,,0.02853257204079418,0.4,1.1329896450042725,0.09320594224867705
totalvi,PBMC5k_CATTGAGTCCAAATGC-1,CD4 Naive,1,CD4 Naive,0.07856661081314087,,0.06581066669447888,0.0,0.8877742886543274,0.1409112417170791
totalvi,PBMC5k_CATTGAGTCCGCGAGT-1,CD14 Mono,1,CD14 Mono,0.10901051759719849,,0.00948672516472654,0.0,0.3398016095161438,0.03945684159392833
totalvi,PBMC5k_CATTGAGTCGAGCCTG-1,NK,1,NK,0.10436069965362549,,0.028808656429104212,0.0,0.31457215547561646,0.048704699135363266
totalvi,PBMC5k_CATTGCCCACTTGAGT-1,NK,1,NK,0.000540316104888916,,0.0001477416339452915,0.0,0.01206988375633955,0.0010621130863673835
totalvi,PBMC5k_CATTGCCCATCTAACG-1,CD4 TCM,1,CD4 TCM,0.18761461973190308,,0.013176245732043346,0.19999999999999996,0.8708104491233826,0.14990782091754037
totalvi,PBMC5k_CATTGCCTCGGCATCG-1,CD4 Naive,1,CD4 Naive,0.29744112491607666,,0.06595884243721217,0.0,0.9010729193687439,0.16318404056882788
totalvi,PBMC5k_CATTGCCTCTCCGAGG-1,CD4 TCM,1,CD4 TCM,0.09954404830932617,,0.13783954908321872,0.0,1.0452266931533813,0.18547939173200306
totalvi,PBMC5k_CATTTCAAGGGTCTTT-1,NK_CD56bright,0,MAIT,0.5116198360919952,,0.2714777977204973,0.4,1.0579493045806885,0.2065996165086092
totalvi,PBMC5k_CATTTCAGTACCTAGT-1,NK_CD56bright,1,NK_CD56bright,0.05547893047332764,,0.06648355090442365,0.0,0.32564255595207214,0.031213869749033334
totalvi,PBMC5k_CATTTCATCTATCGGA-1,gdT,0,CD8 TEM,0.438950777053833,,0.13610044800091037,0.4,1.1072407960891724,0.04321870392250492
totalvi,PBMC5k_CCAAGCGAGGATGCGT-1,Eryth,1,Eryth,0.14808982610702515,,0.060342426919268166,0.0,0.6635159850120544,0.17851509519007028
totalvi,PBMC5k_CCAAGCGCAGACACCC-1,CD14 Mono,1,CD14 Mono,0.026156365871429443,,0.01112058561089685,0.0,0.16437089443206787,0.026948898962680806
totalvi,PBMC5k_CCAAGCGCATGGCTGC-1,CD14 Mono,1,CD14 Mono,0.0028820037841796875,,0.001123710483114073,0.0,0.1528659462928772,0.017002533976690586
totalvi,PBMC5k_CCAAGCGGTCACCCTT-1,CD4 Naive,1,CD4 Naive,0.5133960247039795,,0.07932515501946513,0.4,1.070337176322937,0.16998604433963985
totalvi,PBMC5k_CCAATGAAGAATTCAG-1,CD14 Mono,1,CD14 Mono,0.0029341578483581543,,0.0006890906814318622,0.0,0.07651829719543457,0.007995691351639612
totalvi,PBMC5k_CCAATGAAGGTTCTTG-1,Eryth,1,Eryth,0.07580047845840454,,0.025367454376893972,0.0,0.49110540747642517,0.1312698166301817
totalvi,PBMC5k_CCAATGAAGTCAGCGA-1,Eryth,1,Eryth,0.03240382671356201,,0.01833306916283378,0.19999999999999996,0.5496194958686829,0.16529712598107985
totalvi,PBMC5k_CCAATGAGTTCGGCTG-1,B intermediate,1,B intermediate,0.3566989302635193,,0.022822881593924427,0.19999999999999996,0.8501625657081604,0.12663329737173057
totalvi,PBMC5k_CCAATTTCAATCGCGC-1,CD4 TCM,0,CD4 Naive,0.35753411054611206,,0.08560013870884386,0.4,1.0774052143096924,0.17543995005514237
totalvi,PBMC5k_CCAATTTCACTCTCGT-1,ILC,0,CD4 TEM,0.4996008276939392,,0.15963625678125437,0.19999999999999996,0.9924564361572266,0.17479556249833014
totalvi,PBMC5k_CCAATTTGTAACAAGT-1,B naive,1,B naive,0.002901792526245117,,0.0009398853611789042,0.0,0.06071801483631134,0.008053871278219162
totalvi,PBMC5k_CCAATTTGTAGTCTGT-1,CD8 TEM,1,CD8 TEM,0.09228867292404175,,0.03933767720540404,0.19999999999999996,1.0632784366607666,0.2676403154908951
totalvi,PBMC5k_CCAATTTGTGGCCCAT-1,CD14 Mono,1,CD14 Mono,0.00468069314956665,,0.001598828110756026,0.0,0.0682123452425003,0.004176781786499132
totalvi,PBMC5k_CCACAAAAGACGCTCC-1,CD14 Mono,1,CD14 Mono,0.037908315658569336,,0.00371836588484567,0.0,0.14800071716308594,0.016646953675038524
totalvi,PBMC5k_CCACAAAAGTACTGTC-1,ILC,0,CD4 TCM,0.1100691556930542,,0.01202571399144714,0.19999999999999996,0.6371769905090332,0.02150684426066941
totalvi,PBMC5k_CCACAAAGTGGTTTAC-1,CD14 Mono,1,CD14 Mono,0.03456294536590576,,0.024965424958284077,0.0,0.8862236738204956,0.09369694049438529
totalvi,PBMC5k_CCACAAAGTTGCCATA-1,CD4 TCM,1,CD4 TCM,0.3509524464607239,,0.12442419334776045,0.19999999999999996,0.8298033475875854,0.16688923726273358
totalvi,PBMC5k_CCACACTCAGCACCCA-1,CD14 Mono,1,CD14 Mono,0.003438413143157959,,0.0011251132902544425,0.0,0.09046526998281479,0.0024844724398622622
totalvi,PBMC5k_CCACACTTCGTGGCGT-1,CD14 Mono,1,CD14 Mono,0.0018388628959655762,,0.002038340519382481,0.0,0.07826429605484009,0.009372179264276357
totalvi,PBMC5k_CCACCATCAAGATGTA-1,CD14 Mono,1,CD14 Mono,0.0070784687995910645,,0.0008712431799079157,0.0,0.06657818704843521,0.003988162347442224
totalvi,PBMC5k_CCACCATGTGGGTTGA-1,CD14 Mono,1,CD14 Mono,0.003159046173095703,,0.001303799159071535,0.0,0.1112443059682846,0.008481162076220634
totalvi,PBMC5k_CCACGAGAGCGACATG-1,cDC2,1,cDC2,0.004226982593536377,,0.0005139637883496487,0.0,0.017652874812483788,0.0021198399323677066
totalvi,PBMC5k_CCACGAGCAAACGTGG-1,gdT,0,CD8 TEM,0.3090391159057617,,0.1365890986136662,0.19999999999999996,1.1544851064682007,0.025650926618909956
totalvi,PBMC5k_CCACGAGCAAGTATCC-1,CD14 Mono,1,CD14 Mono,0.010158956050872803,,0.0023594402735173936,0.0,0.1056574285030365,0.0035740546303316316
totalvi,PBMC5k_CCACGAGTCGTTCATT-1,CD4 TCM,0,Treg,0.6861002147197723,,0.1172632406671057,0.0,1.483080506324768,0.10458510832484927
totalvi,PBMC5k_CCACGTTAGGTTCCGC-1,cDC2,1,cDC2,0.05391174554824829,,0.006727045605433829,0.0,0.11122991144657135,0.024895654363335965
totalvi,PBMC5k_CCACGTTAGTTGGAGC-1,CD8 TEM,1,CD8 TEM,0.43177735805511475,,0.055513487301936726,0.19999999999999996,1.3592866659164429,0.2772414284433145
totalvi,PBMC5k_CCACGTTCAGGAACCA-1,CD8 TEM,1,CD8 TEM,0.25099700689315796,,0.15071987258403197,0.0,1.2487250566482544,0.1617654423651413
totalvi,PBMC5k_CCACGTTGTCGTATGT-1,CD14 Mono,1,CD14 Mono,0.041570961475372314,,0.01170834319029726,0.4,0.7702136039733887,0.22572861678073838
totalvi,PBMC5k_CCACTTGAGTAGCCAG-1,CD14 Mono,1,CD14 Mono,0.007236063480377197,,0.009805134706717983,0.0,0.10257289558649063,0.006414593363135126
totalvi,PBMC5k_CCACTTGCAGAGAAAG-1,B naive,1,B naive,0.006251335144042969,,0.008428770051702783,0.0,0.20896756649017334,0.022856689816793754
totalvi,PBMC5k_CCACTTGGTCCCGCAA-1,CD4 Naive,1,CD4 Naive,0.1952936053276062,,0.04386523009789367,0.0,0.8099592924118042,0.11957518316517844
totalvi,PBMC5k_CCACTTGTCTACGGGC-1,B naive,1,B naive,0.005516231060028076,,0.00319286681193362,0.0,0.16444052755832672,0.03301465443102749
totalvi,PBMC5k_CCATCACCATCATTGG-1,cDC2,1,cDC2,0.1539493203163147,,0.02005465735123535,0.0,0.26093706488609314,0.03594766185065602
totalvi,PBMC5k_CCCAACTAGCAGCACA-1,CD14 Mono,1,CD14 Mono,0.009981930255889893,,0.004864477871493356,0.0,0.30593764781951904,0.02769782779466889
totalvi,PBMC5k_CCCAACTGTAACCCTA-1,ILC,0,Eryth,0.5416056215763092,,0.37201939910461346,0.6,1.469132661819458,0.13593942422927335
totalvi,PBMC5k_CCCATTGGTTTCCATT-1,CD14 Mono,1,CD14 Mono,0.013806164264678955,,0.0015199345113360019,0.0,0.06709456443786621,0.007143224651559364
totalvi,PBMC5k_CCCATTGTCGGCATAT-1,gdT,0,MAIT,0.6201909184455872,,0.09956451996081972,0.19999999999999996,1.235598087310791,0.06779980372394273
totalvi,PBMC5k_CCCGAAGAGGACGGAG-1,CD14 Mono,1,CD14 Mono,0.0031874775886535645,,0.0033179548510895718,0.0,0.16459588706493378,0.028342174044245466
totalvi,PBMC5k_CCCGAAGAGGCTGAAC-1,CD4 Naive,1,CD4 Naive,0.2939023971557617,,0.08985218826903907,0.0,0.8112163543701172,0.10244433843892335
totalvi,PBMC5k_CCCGAAGCAAATGGTA-1,CD4 TCM,1,CD4 TCM,0.15470337867736816,,0.011343176754523565,0.19999999999999996,0.9380686283111572,0.2513927694129372
totalvi,PBMC5k_CCCGGAAAGACCTCAT-1,CD4 TEM,1,CD4 TEM,0.13027876615524292,,0.0982342357364413,0.4,0.9890272617340088,0.2595266556737182
totalvi,PBMC5k_CCCGGAAAGCGCCTCA-1,NK,1,NK,0.0071402788162231445,,0.0021600125224798955,0.0,0.04529281705617905,0.002842038949055217
totalvi,PBMC5k_CCCGGAAGTACTGTTG-1,CD4 TCM,0,CD4 TEM,0.6156333684921265,,0.1648684863804506,0.4,1.550437569618225,0.12304000827910014
totalvi,PBMC5k_CCCGGAATCCATGCAA-1,CD8 TEM,1,CD8 TEM,0.2359018325805664,,0.13498969534094285,0.19999999999999996,1.0337858200073242,0.2005543641238612
totalvi,PBMC5k_CCCTAACAGTCTCTGA-1,CD4 TCM,1,CD4 TCM,0.35895800590515137,,0.0739713784667595,0.0,1.1296926736831665,0.11857343808367489
totalvi,PBMC5k_CCCTAACCACGGCTAC-1,CD4 TEM,0,CD4 TCM,0.1896914839744568,,0.044132680191408924,0.0,0.9467394948005676,0.062209199487387394
totalvi,PBMC5k_CCCTAACCAGTGGCTC-1,gdT,0,CD8 TEM,0.2360304594039917,,0.199378871035767,0.0,0.3959832489490509,0.0026327316513897942
totalvi,PBMC5k_CCCTAACTCATGCCCT-1,CD4 TEM,0,CD8 TEM,0.09879904985427856,,0.27707803594732516,0.4,1.1034445762634277,0.26020266380182555
totalvi,PBMC5k_CCCTCAACAGAGGTAC-1,ILC,0,CD4 TCM,0.26762688159942627,,0.025695920079825463,0.19999999999999996,0.969709038734436,0.12753906068765186
totalvi,PBMC5k_CCCTCAAGTATCGTGT-1,CD8 TEM,1,CD8 TEM,0.1598566174507141,,0.05297173685512446,0.19999999999999996,1.2172170877456665,0.15724124778832538
totalvi,PBMC5k_CCCTCAATCGGTCTGG-1,cDC2,1,cDC2,0.004850566387176514,,0.0006259841187799438,0.0,0.010283287614583969,0.00036421960334131147
totalvi,PBMC5k_CCCTCTCCATCCTAAG-1,gdT,0,NK,0.4480936527252197,,0.12206498779349628,0.0,0.4013006389141083,0.004084270142287203
totalvi,PBMC5k_CCCTCTCTCAAGGCTT-1,CD14 Mono,1,CD14 Mono,0.0038650035858154297,,0.003662988219613021,0.0,0.2234458029270172,0.018024233893205094
totalvi,PBMC5k_CCCTCTCTCAGTGCGC-1,gdT,0,CD8 TEM,0.1829192042350769,,0.3387065355628114,0.6,1.4544963836669922,0.10387020583705914
totalvi,PBMC5k_CCCTCTCTCTGGGATT-1,CD14 Mono,1,CD14 Mono,0.006931781768798828,,0.010535578588528424,0.0,0.14064861834049225,0.016570998151981327
totalvi,PBMC5k_CCCTGATCATGCCGCA-1,CD4 TCM,1,CD4 TCM,0.48782408237457275,,0.08594707752059139,0.4,1.04456627368927,0.12651890390297785
totalvi,PBMC5k_CCCTGATTCCTTGAAG-1,B naive,1,B naive,0.03696972131729126,,0.036035229916275224,0.0,0.2352815717458725,0.022766331426831547
totalvi,PBMC5k_CCCTTAGCACGTGAGA-1,Treg,0,CD4 TCM,0.6904531717300415,,0.13273024837783787,0.19999999999999996,1.521985411643982,0.09089508670356602
totalvi,PBMC5k_CCCTTAGCATAAGCGG-1,CD14 Mono,1,CD14 Mono,0.00575333833694458,,0.0022174619317393077,0.0,0.12982618808746338,0.0056038263536858385
totalvi,PBMC5k_CCCTTAGTCGCCGAAC-1,CD4 Naive,1,CD4 Naive,0.23087984323501587,,0.05054005161044173,0.19999999999999996,0.9333031177520752,0.20892474758676485
totalvi,PBMC5k_CCGAACGAGTACAGCG-1,CD4 TCM,1,CD4 TCM,0.19622266292572021,,0.026301900288603186,0.0,0.5840141773223877,0.07915347756186591
totalvi,PBMC5k_CCGAACGTCCCGAAAT-1,CD16 Mono,1,CD16 Mono,0.05962264537811279,,0.013435705683553095,0.0,0.036089759320020676,0.00224771156462358
totalvi,PBMC5k_CCGAACGTCTCTATAC-1,CD14 Mono,1,CD14 Mono,0.03564256429672241,,0.02891615194455044,0.0,0.5040097236633301,0.09077673356039458
totalvi,PBMC5k_CCGATCTAGGATATGT-1,NK,1,NK,0.0012219548225402832,,0.0005486045075794484,0.0,0.032263804227113724,0.0020373847764438534
totalvi,PBMC5k_CCGATGGAGAAGCTGC-1,CD14 Mono,1,CD14 Mono,0.004244029521942139,,0.006321591640192248,0.0,0.1590798795223236,0.01692773567233317
totalvi,PBMC5k_CCGATGGAGCGTCTGC-1,CD4 TCM,0,CD4 Naive,0.2559930086135864,,0.046764480650512086,0.0,0.7913076281547546,0.061303545472102414
totalvi,PBMC5k_CCGATGGAGTCAGAGC-1,Treg,0,Eryth,0.3915901184082031,,0.15104545164411554,0.19999999999999996,1.7587641477584839,0.21248076691740217
totalvi,PBMC5k_CCGATGGGTATCTTCT-1,NK,1,NK,0.0720030665397644,,0.029025416325826003,0.0,0.5455489754676819,0.10309748695703626
totalvi,PBMC5k_CCGATGGGTGGTAACG-1,CD4 Naive,1,CD4 Naive,0.28422945737838745,,0.06668461500554013,0.0,0.8252389430999756,0.06851908715720618
totalvi,PBMC5k_CCGATGGGTTGGGTTT-1,CD14 Mono,1,CD14 Mono,0.16603964567184448,,0.013413443784483059,0.0,0.4902637302875519,0.10654456789496031
totalvi,PBMC5k_CCGATGGTCTCTATGT-1,NK,1,NK,0.008606791496276855,,0.009204627660537923,0.0,0.28079840540885925,0.02714646764150717
totalvi,PBMC5k_CCGGACACAATCGTCA-1,CD14 Mono,1,CD14 Mono,0.015051543712615967,,0.06708649941481923,0.0,0.44948554039001465,0.13543384362606145
totalvi,PBMC5k_CCGGACACATGAGTAA-1,CD8 TEM,1,CD8 TEM,0.35487765073776245,,0.07470982144326022,0.19999999999999996,1.2578734159469604,0.22905711758200786
totalvi,PBMC5k_CCGGACAGTTAGGACG-1,CD14 Mono,1,CD14 Mono,0.018838822841644287,,0.0018998965790772704,0.0,0.09696409106254578,0.011115589287512091
totalvi,PBMC5k_CCGGACAGTTTACGAC-1,CD14 Mono,1,CD14 Mono,0.005433559417724609,,0.0038266491615812914,0.0,0.06931974738836288,0.002951350364593176
totalvi,PBMC5k_CCGGACATCAGCAGAG-1,ILC,1,ILC,0.6441259980201721,,0.11822431994113503,0.4,1.198553204536438,0.0874347950324444
totalvi,PBMC5k_CCGGGTAAGGTTGGAC-1,CD16 Mono,1,CD16 Mono,0.013196766376495361,,0.0005974958203620595,0.0,0.04181491956114769,0.004188137076109114
totalvi,PBMC5k_CCGGGTAGTGTTAAAG-1,CD14 Mono,1,CD14 Mono,0.020088493824005127,,0.005201336047083754,0.0,0.30102619528770447,0.05839044248846421
totalvi,PBMC5k_CCGGGTAGTTCAAACC-1,CD4 Naive,1,CD4 Naive,0.17446184158325195,,0.02809177954413694,0.0,0.6010373830795288,0.08976424397934543
totalvi,PBMC5k_CCGGGTATCGAGATGG-1,CD4 TCM,0,CD4 Naive,0.45696914196014404,,0.09749036523307275,0.19999999999999996,1.3883484601974487,0.08222061221974522
totalvi,PBMC5k_CCGGTAGAGAAGTATC-1,CD14 Mono,1,CD14 Mono,0.0036509037017822266,,0.0015296965707404311,0.0,0.18050876259803772,0.03344687665691444
totalvi,PBMC5k_CCGGTAGCAAGATTGA-1,cDC2,1,cDC2,0.0003795623779296875,,9.9247521906147e-05,0.0,0.004556470550596714,0.0004889775830034026
totalvi,PBMC5k_CCGGTAGCACCGTCGA-1,CD14 Mono,1,CD14 Mono,0.004657268524169922,,0.0025453645737900862,0.0,0.04824984446167946,0.004806589320254128
totalvi,PBMC5k_CCGGTAGTCTACGCAA-1,CD4 Naive,1,CD4 Naive,0.3794059157371521,,0.034666196720799736,0.4,1.1538525819778442,0.14140953820328597
totalvi,PBMC5k_CCGGTAGTCTATCCAT-1,CD8 TEM,1,CD8 TEM,0.1023017168045044,,0.07847301283862729,0.19999999999999996,1.1817810535430908,0.19104794821024354
totalvi,PBMC5k_CCGGTGATCCTCGCAT-1,CD14 Mono,1,CD14 Mono,0.03137904405593872,,0.004580831346813738,0.0,0.18002332746982574,0.032192499456468585
totalvi,PBMC5k_CCGGTGATCGGTAGAG-1,CD4 TEM,1,CD4 TEM,0.11937546730041504,,0.03808439987409429,0.0,0.9753865599632263,0.058531026928187325
totalvi,PBMC5k_CCGTAGGAGCGACTGA-1,CD4 TCM,1,CD4 TCM,0.12303698062896729,,0.011832670413274293,0.0,0.48693448305130005,0.06208449957216941
totalvi,PBMC5k_CCGTAGGCAATCCTTT-1,CD14 Mono,1,CD14 Mono,0.0011246800422668457,,0.000740321301082255,0.0,0.10371984541416168,0.008467032450135909
totalvi,PBMC5k_CCGTGAGAGAGCAGTC-1,CD4 TCM,0,Eryth,0.5092700719833374,,0.1619060056999575,0.4,1.6703948974609375,0.030593620417558916
totalvi,PBMC5k_CCGTGAGCACGTACAT-1,CD8 Naive,1,CD8 Naive,0.012239575386047363,,0.048011081079225804,0.0,0.5807486176490784,0.06990659866725454
totalvi,PBMC5k_CCGTGAGCACTACTTT-1,CD4 TCM,1,CD4 TCM,0.07349812984466553,,0.04618606591471053,0.19999999999999996,0.8863096833229065,0.22458426898942271
totalvi,PBMC5k_CCGTGAGGTTGAGTCT-1,CD14 Mono,1,CD14 Mono,0.0026891231536865234,,0.0011301854271097943,0.0,0.05053362622857094,0.003100103678720057
totalvi,PBMC5k_CCGTTCAAGTGAATAC-1,CD14 Mono,1,CD14 Mono,0.0008490085601806641,,0.0003398011019458396,0.0,0.05514088273048401,0.004344370445761612
totalvi,PBMC5k_CCGTTCACAGGCATGA-1,CD8 Naive,1,CD8 Naive,0.38028615713119507,,0.10119540698134122,0.19999999999999996,1.5997424125671387,0.17689452559515592
totalvi,PBMC5k_CCGTTCACATCGGATT-1,Eryth,1,Eryth,0.013254106044769287,,0.02466051030118821,0.0,0.45868077874183655,0.16179645970531764
totalvi,PBMC5k_CCTAACCCACGATTCA-1,CD8 Naive,0,CD4 Naive,0.5609542727470398,,0.0840881465825547,0.4,1.0421552658081055,0.2494267177272275
totalvi,PBMC5k_CCTAACCTCCCGAATA-1,NK,1,NK,0.01737910509109497,,0.013082114999711236,0.0,0.20042602717876434,0.017335127169712267
totalvi,PBMC5k_CCTAACCTCGAATCCA-1,CD4 Naive,1,CD4 Naive,0.5316484570503235,,0.04465263765858363,0.4,1.1642295122146606,0.1875321042134323
totalvi,PBMC5k_CCTAACCTCTCGCTTG-1,NK,1,NK,6.318092346191406e-06,,2.0993543374724034e-06,0.0,0.0015668438281863928,0.0001430862423444925
totalvi,PBMC5k_CCTAAGAGTATTAAGG-1,CD14 Mono,1,CD14 Mono,0.003299534320831299,,0.0021857896124969703,0.0,0.0697249323129654,0.002951308921056913
totalvi,PBMC5k_CCTAAGAGTCTTTCAT-1,cDC2,1,cDC2,0.001759648323059082,,0.0009237892607928955,0.0,0.01248829998075962,0.0008969898615668793
totalvi,PBMC5k_CCTAAGATCCTCTTTC-1,cDC2,0,CD14 Mono,0.16747862100601196,,0.0505039978994255,0.4,0.7496179938316345,0.20311234236753675
totalvi,PBMC5k_CCTACGTCAAGCTGCC-1,B naive,1,B naive,0.1044800877571106,,0.02164656923424675,0.0,0.27924326062202454,0.09094212571155011
totalvi,PBMC5k_CCTACGTCACAACGCC-1,CD4 Naive,1,CD4 Naive,0.39680540561676025,,0.061135782413895834,0.0,0.9080452919006348,0.18889286142807174
totalvi,PBMC5k_CCTACGTGTGAACCGA-1,B naive,1,B naive,0.2961145043373108,,0.08282753530121567,0.0,0.7487413883209229,0.15305849318198367
totalvi,PBMC5k_CCTACGTTCACTGGGC-1,CD14 Mono,1,CD14 Mono,0.005434513092041016,,0.000821559831691427,0.0,0.13314957916736603,0.009205202236673864
totalvi,PBMC5k_CCTACGTTCCGATCTC-1,NK,1,NK,0.0005206465721130371,,0.0008821241163750049,0.0,0.033620685338974,0.0035463057800748676
totalvi,PBMC5k_CCTACGTTCTCTGCTG-1,CD14 Mono,1,CD14 Mono,0.0022954344749450684,,0.0021797910535487006,0.0,0.06486628949642181,0.00377697702505867
totalvi,PBMC5k_CCTATCGAGAAAGCGA-1,CD4 TCM,1,CD4 TCM,0.28038495779037476,,0.03215043984616561,0.0,0.8524572253227234,0.18976498777363432
totalvi,PBMC5k_CCTATCGAGACAACTA-1,B memory,1,B memory,0.18103104829788208,,0.03317113304826114,0.0,0.5785186290740967,0.05978632171771348
totalvi,PBMC5k_CCTATCGAGTCTCGTA-1,CD4 TEM,1,CD4 TEM,0.3736630082130432,,0.08035822890545974,0.0,1.3093353509902954,0.12292914416680768
totalvi,PBMC5k_CCTATCGGTCCGAAAG-1,CD14 Mono,1,CD14 Mono,0.1375991702079773,,0.002574092600432898,0.0,0.4340721368789673,0.11367736962208304
totalvi,PBMC5k_CCTATCGTCCGATGTA-1,CD14 Mono,1,CD14 Mono,0.011014580726623535,,0.004520954569923019,0.0,0.1971648782491684,0.020228143839527632
totalvi,PBMC5k_CCTATCGTCTTGGAAC-1,NK,1,NK,0.01075822114944458,,0.004842365775876267,0.0,0.07424109429121017,0.008857552326974823
totalvi,PBMC5k_CCTCAACAGACTCTTG-1,CD14 Mono,1,CD14 Mono,0.003037750720977783,,0.0021148429199685063,0.0,0.05429024249315262,0.001873203362591046
totalvi,PBMC5k_CCTCAACAGGTGAGCT-1,CD4 Naive,1,CD4 Naive,0.2791324853897095,,0.031132936162613145,0.4,1.2168551683425903,0.18131283930212977
totalvi,PBMC5k_CCTCAACTCGCCGATG-1,CD8 TEM,1,CD8 TEM,0.07237464189529419,,0.023552157216451652,0.0,0.5570816397666931,0.04798286617010464
totalvi,PBMC5k_CCTCACAGTAATGATG-1,CD4 Naive,1,CD4 Naive,0.270599901676178,,0.03259891890051081,0.0,0.4427652657032013,0.05693774191088383
totalvi,PBMC5k_CCTCACAGTTGATGTC-1,CD4 TCM,1,CD4 TCM,0.1266162395477295,,0.0157007513996128,0.0,0.7054739594459534,0.07278848065198311
totalvi,PBMC5k_CCTCAGTAGCAACAAT-1,CD14 Mono,1,CD14 Mono,0.029737532138824463,,0.01113928183941923,0.0,0.2713709771633148,0.05289619078640905
totalvi,PBMC5k_CCTCAGTAGCAACTCT-1,CD4 Naive,1,CD4 Naive,0.22739827632904053,,0.020856431154433697,0.0,0.592644214630127,0.03255318521233867
totalvi,PBMC5k_CCTCAGTCAACGGCTC-1,CD14 Mono,1,CD14 Mono,0.05457580089569092,,0.013773574037393321,0.0,0.1285928636789322,0.022500747868347753
totalvi,PBMC5k_CCTCAGTCAATCAAGA-1,CD14 Mono,1,CD14 Mono,0.004596829414367676,,0.002546106453848805,0.0,0.2179177701473236,0.011468804954502686
totalvi,PBMC5k_CCTCAGTCATACCACA-1,CD14 Mono,1,CD14 Mono,0.052782654762268066,,0.007884960184975365,0.0,0.13969793915748596,0.02360988273667788
totalvi,PBMC5k_CCTCAGTGTCATCCGG-1,CD4 TCM,1,CD4 TCM,0.09136372804641724,,0.021615081519009538,0.0,0.3921322524547577,0.044800968504291896
totalvi,PBMC5k_CCTCAGTGTGCCCTTT-1,NK,1,NK,0.0010060667991638184,,0.00035708256932571406,0.0,0.019540637731552124,0.0011812282230586348
totalvi,PBMC5k_CCTCATGAGATGAATC-1,CD14 Mono,1,CD14 Mono,0.005373179912567139,,0.0036798523348624546,0.0,0.16100963950157166,0.01039877944080508
totalvi,PBMC5k_CCTCATGCATGCGGTC-1,CD14 Mono,1,CD14 Mono,0.009910821914672852,,0.005378928265566213,0.0,0.32172179222106934,0.032472146846565
totalvi,PBMC5k_CCTCATGGTACGGATG-1,CD14 Mono,1,CD14 Mono,0.022183239459991455,,0.003099369985287412,0.0,0.10779402405023575,0.009978015848024019
totalvi,PBMC5k_CCTCATGGTTGTATGC-1,B naive,1,B naive,0.027525901794433594,,0.0048599000255055425,0.0,0.29672348499298096,0.050856720438626976
totalvi,PBMC5k_CCTCATGTCTAAACGC-1,CD4 TCM,1,CD4 TCM,0.22767114639282227,,0.11726687488288101,0.19999999999999996,0.9710050821304321,0.18076392655509138
totalvi,PBMC5k_CCTCATGTCTACGCAA-1,CD4 TCM,1,CD4 TCM,0.012110769748687744,,0.017839230412144524,0.0,0.5039288401603699,0.07431211858736443
totalvi,PBMC5k_CCTCCAAAGAGAAGGT-1,CD14 Mono,1,CD14 Mono,0.002241373062133789,,0.0007597229182545948,0.0,0.106749527156353,0.004228424177407228
totalvi,PBMC5k_CCTCCAACACATCATG-1,CD4 TEM,1,CD4 TEM,0.22575068473815918,,0.010061191255130608,0.19999999999999996,0.7849531769752502,0.1923811297146679
totalvi,PBMC5k_CCTCCAACAGACGATG-1,CD16 Mono,1,CD16 Mono,0.0007264018058776855,,7.341660516154216e-05,0.0,0.0020326594822108746,9.379549169324606e-05
totalvi,PBMC5k_CCTCCAAGTACTTGTG-1,CD14 Mono,1,CD14 Mono,0.02955043315887451,,0.0069661592294222585,0.0,0.11294276267290115,0.007475198662416936
totalvi,PBMC5k_CCTCCTCAGTAGGAAG-1,CD8 TEM,1,CD8 TEM,0.2582551836967468,,0.033482034732702726,0.19999999999999996,1.1046085357666016,0.1975959556338006
totalvi,PBMC5k_CCTCCTCCAACTCGAT-1,B naive,1,B naive,0.024919450283050537,,0.003434851059209418,0.0,0.4425126612186432,0.1584450433689767
totalvi,PBMC5k_CCTCCTCCACACCTGG-1,gdT,0,CD8 TEM,0.09162753820419312,,0.13998502044716155,0.19999999999999996,1.1519335508346558,0.059997976937739436
totalvi,PBMC5k_CCTCCTCCAGTTGTCA-1,CD14 Mono,1,CD14 Mono,0.04437488317489624,,0.02776192130092059,0.0,0.23463499546051025,0.030388172049159744
totalvi,PBMC5k_CCTCTAGGTGGGTTGA-1,CD14 Mono,1,CD14 Mono,0.012737095355987549,,0.004915511045108317,0.0,0.5476391911506653,0.14166366394963484
totalvi,PBMC5k_CCTCTAGTCAGGCGAA-1,CD4 TCM,1,CD4 TCM,0.3103677034378052,,0.056991846471585506,0.0,1.2420166730880737,0.19532266438949322
totalvi,PBMC5k_CCTCTAGTCGAACTCA-1,B naive,1,B naive,0.01577603816986084,,0.047006789233490304,0.0,0.1111157014966011,0.012574497362544835
totalvi,PBMC5k_CCTCTCCAGAAATTCG-1,CD14 Mono,1,CD14 Mono,0.0012974739074707031,,0.0008287632685826489,0.0,0.0612759031355381,0.0031302401744472243
totalvi,PBMC5k_CCTCTCCAGCTGTTAC-1,CD8 TEM,1,CD8 TEM,0.2146332859992981,,0.07304039008006469,0.0,1.1992963552474976,0.21968487513672494
totalvi,PBMC5k_CCTCTCCAGTGGTTAA-1,CD14 Mono,1,CD14 Mono,0.009935200214385986,,0.016649158853864282,0.0,0.39709851145744324,0.07903333776799822
totalvi,PBMC5k_CCTCTCCCAGACACAG-1,ILC,0,CD4 TEM,0.39101070165634155,,0.11201841659906198,0.19999999999999996,0.9796671867370605,0.0473475717304138
totalvi,PBMC5k_CCTCTCCCATGTTCGA-1,CD4 TCM,1,CD4 TCM,0.11299920082092285,,0.02126952247815983,0.0,0.733966588973999,0.09876048175541997
totalvi,PBMC5k_CCTCTCCTCCCGTTCA-1,CD4 TCM,1,CD4 TCM,0.29260075092315674,,0.15682376733297776,0.4,1.3616077899932861,0.24560384979219377
totalvi,PBMC5k_CCTCTCCTCTGCATAG-1,NK,1,NK,0.0014647245407104492,,0.00010796571245412327,0.0,0.22542357444763184,0.04964747730518955
totalvi,PBMC5k_CCTGCATAGGCATTTC-1,CD4 TEM,1,CD4 TEM,0.22586005926132202,,0.0727101644571776,0.0,0.7972220182418823,0.15374764877017982
totalvi,PBMC5k_CCTGTTGAGCCTCGTG-1,CD8 TCM,0,CD4 TEM,0.2873052954673767,,0.12945162051975934,0.0,1.2003121376037598,0.04194394747450631
totalvi,PBMC5k_CCTGTTGAGCCTGTGC-1,cDC2,1,cDC2,0.0018967390060424805,,0.0006704281618134453,0.0,0.07987285405397415,0.012316416688023671
totalvi,PBMC5k_CCTGTTGCAAGACCTT-1,Eryth,1,Eryth,0.07929307222366333,,0.018089551276813498,0.0,0.333852082490921,0.07586311347496114
totalvi,PBMC5k_CCTGTTGCATGTGCCG-1,CD14 Mono,1,CD14 Mono,0.0028567910194396973,,0.0003735029254828999,0.0,0.060514893382787704,0.004611539671950613
totalvi,PBMC5k_CCTGTTGGTACGTGAG-1,cDC2,1,cDC2,0.0011868476867675781,,0.00014464907286390345,0.0,0.007120488211512566,0.0002993508593304831
totalvi,PBMC5k_CCTGTTGTCTATTTCG-1,CD14 Mono,1,CD14 Mono,0.0062294602394104,,0.0006315314122793264,0.0,0.07129558175802231,0.007906441634273354
totalvi,PBMC5k_CCTTCAGCAGAGTTCT-1,CD14 Mono,1,CD14 Mono,0.002223789691925049,,0.0008235722430371267,0.0,0.09234932065010071,0.011171490446014941
totalvi,PBMC5k_CCTTCAGGTCAAGTTC-1,CD14 Mono,1,CD14 Mono,0.04413175582885742,,0.011815652237180091,0.19999999999999996,0.729030430316925,0.12123692252263632
totalvi,PBMC5k_CCTTGTGAGACCATTC-1,B naive,1,B naive,0.020766794681549072,,0.004730381648616194,0.0,0.2857198417186737,0.0458065183091922
totalvi,PBMC5k_CCTTGTGAGGGAGTTC-1,CD4 TEM,1,CD4 TEM,0.050073087215423584,,0.07103707541927884,0.4,0.9918408989906311,0.24794285372117608
totalvi,PBMC5k_CCTTGTGTCACAACCA-1,CD8 Naive,1,CD8 Naive,0.3072723150253296,,0.07578466677545825,0.19999999999999996,1.0081117153167725,0.1982840870790018
totalvi,PBMC5k_CCTTGTGTCTCAGAAC-1,CD4 TCM,1,CD4 TCM,0.15409767627716064,,0.03754640806043491,0.0,0.7829588055610657,0.10137204721602965
totalvi,PBMC5k_CCTTGTGTCTCGCTCA-1,NK,1,NK,0.09860396385192871,,0.019295637472584948,0.0,0.18765416741371155,0.022735998930671623
totalvi,PBMC5k_CCTTTGGCATGGCCCA-1,CD14 Mono,1,CD14 Mono,0.018130362033843994,,0.00958587759409163,0.0,0.17498432099819183,0.033121560226370333
totalvi,PBMC5k_CGAAGGAAGTCTCTGA-1,CD4 TEM,0,CD4 TCM,0.5455056726932526,,0.10039425287962733,0.4,1.6387789249420166,0.13707028436555013
totalvi,PBMC5k_CGAAGGAGTACGTTCA-1,CD4 Naive,1,CD4 Naive,0.14028573036193848,,0.0475695091875763,0.0,0.6893028616905212,0.12840328780268312
totalvi,PBMC5k_CGAAGGATCACCACAA-1,cDC2,0,CD14 Mono,0.009269535541534424,,0.009784052429305773,0.0,0.5544391870498657,0.10713603948158075
totalvi,PBMC5k_CGAAGGATCTGCACCT-1,CD4 TCM,1,CD4 TCM,0.12647682428359985,,0.05757310500420165,0.0,0.82453852891922,0.17075048246345859
totalvi,PBMC5k_CGAAGTTCACGCTGCA-1,CD4 Naive,1,CD4 Naive,0.148390531539917,,0.020172778975459993,0.0,0.6912761926651001,0.14329855772646896
totalvi,PBMC5k_CGAAGTTTCAAGCTGT-1,B naive,1,B naive,0.07396751642227173,,0.07508988988267029,0.0,0.599014163017273,0.156931537950828
totalvi,PBMC5k_CGACAGCCAGCTGTTA-1,B intermediate,1,B intermediate,0.39248138666152954,,0.05617326390273658,0.4,1.0575785636901855,0.10743338685753423
totalvi,PBMC5k_CGAGAAGGTCACTCAA-1,CD14 Mono,1,CD14 Mono,0.035106122493743896,,0.0017549843994456027,0.0,0.14526739716529846,0.031405282932557683
totalvi,PBMC5k_CGAGAAGTCGTGCTCT-1,CD4 TEM,0,CD4 TCM,0.26889193058013916,,0.03547207867516733,0.0,0.8003773093223572,0.13821118015183706
totalvi,PBMC5k_CGAGGAAGTGGTCTGC-1,CD14 Mono,1,CD14 Mono,0.003740549087524414,,0.003797075449094106,0.0,0.11788314580917358,0.009236145186301533
totalvi,PBMC5k_CGAGGAAGTTGCTCAA-1,CD8 Naive,1,CD8 Naive,0.02934861183166504,,0.008158811597090476,0.0,0.5845722556114197,0.12656368949901295
totalvi,PBMC5k_CGAGGAATCCAACTGA-1,CD4 TCM,1,CD4 TCM,0.2537885904312134,,0.057617315666960156,0.0,1.112547516822815,0.1254940266260461
totalvi,PBMC5k_CGAGGAATCCAAGCTA-1,cDC2,1,cDC2,0.42404115200042725,,0.10104964118472443,0.0,0.17229638993740082,0.016517044513082932
totalvi,PBMC5k_CGAGGAATCGAGTCCG-1,CD14 Mono,1,CD14 Mono,0.023341715335845947,,0.006694080384167023,0.0,0.2374211996793747,0.05084459188337628
totalvi,PBMC5k_CGAGGCTAGCGACTAG-1,CD14 Mono,1,CD14 Mono,0.005877673625946045,,0.001513728511734029,0.0,0.16427771747112274,0.024370845262710255
totalvi,PBMC5k_CGAGGCTAGCGGTATG-1,NK,1,NK,0.030790388584136963,,0.011742329785794509,0.0,0.3075101971626282,0.048157159083685674
totalvi,PBMC5k_CGAGGCTAGTCAGAGC-1,ILC,0,CD4 TEM,0.19793587923049927,,0.09329884859939774,0.4,1.348761796951294,0.13113490980398637
totalvi,PBMC5k_CGAGGCTAGTCATGGG-1,CD16 Mono,1,CD16 Mono,0.3621457815170288,,0.06979753531938604,0.0,0.22029511630535126,0.02323630364078711
totalvi,PBMC5k_CGAGTGCCAGGAATAT-1,CD8 TCM,0,CD4 TEM,0.35168784856796265,,0.046888586347445305,0.6,1.7043668031692505,0.11828945554944485
totalvi,PBMC5k_CGAGTGCCATATGAAG-1,Eryth,0,CD14 Mono,0.10490751266479492,,0.022989989376622,0.4,0.6999832391738892,0.1979666013092303
totalvi,PBMC5k_CGAGTTAAGACGCATG-1,CD8 TCM,0,CD8 TEM,0.5035364329814911,,0.1962669461874016,0.19999999999999996,1.7547968626022339,0.042820151647204555
totalvi,PBMC5k_CGATCGGAGTCAGCGA-1,CD4 Naive,1,CD4 Naive,0.03783857822418213,,0.003928012335126269,0.0,0.14248345792293549,0.010659873032898757
totalvi,PBMC5k_CGATGCGAGGATACCG-1,CD14 Mono,1,CD14 Mono,0.017592787742614746,,0.00929376275479167,0.0,0.2124485820531845,0.015242349650098803
totalvi,PBMC5k_CGATGCGCAGCTTTCC-1,NK,1,NK,0.001881420612335205,,0.00037743908710190927,0.0,0.015882665291428566,0.00108290779052621
totalvi,PBMC5k_CGATGCGCATGTGGCC-1,cDC2,1,cDC2,0.001992523670196533,,0.0010602265838699255,0.0,0.008673536591231823,0.0007145520388483483
totalvi,PBMC5k_CGATGCGGTACCGTCG-1,CD4 TEM,1,CD4 TEM,0.2145715355873108,,0.057568082105363017,0.0,0.7585635185241699,0.043397725936555824
totalvi,PBMC5k_CGATGCGTCAGCATTG-1,CD4 TCM,1,CD4 TCM,0.40501272678375244,,0.024102836205989964,0.19999999999999996,0.8734561800956726,0.1754945070389412
totalvi,PBMC5k_CGATGGCCAACACGTT-1,CD4 Naive,1,CD4 Naive,0.04180401563644409,,0.004319658722451797,0.0,0.21104146540164948,0.016697850705924094
totalvi,PBMC5k_CGATGGCGTACTAACC-1,CD14 Mono,1,CD14 Mono,0.0005054473876953125,,0.0003476708710055884,0.0,0.023507433012127876,0.0008332488320170771
totalvi,PBMC5k_CGATGGCGTCGCATCG-1,CD16 Mono,1,CD16 Mono,0.009267330169677734,,0.001751871967191159,0.0,0.009203615598380566,0.0009734628844605532
totalvi,PBMC5k_CGCAGGTAGGCGAAGG-1,CD14 Mono,1,CD14 Mono,0.12818503379821777,,0.013330329216225678,0.0,0.2778947949409485,0.04318214730262763
totalvi,PBMC5k_CGCAGGTCAAGAATGT-1,CD14 Mono,1,CD14 Mono,0.0012969970703125,,0.0006012411882614088,0.0,0.04329385980963707,0.002226626864751364
totalvi,PBMC5k_CGCAGGTCAGTTAAAG-1,CD4 TEM,1,CD4 TEM,0.12064415216445923,,0.03289968558936407,0.19999999999999996,0.7613316178321838,0.1767859121762602
totalvi,PBMC5k_CGCAGGTGTCGATTTG-1,CD14 Mono,1,CD14 Mono,0.0022169947624206543,,0.0005971303755015547,0.0,0.06381221115589142,0.003798767489800709
totalvi,PBMC5k_CGCAGGTGTGAATGTA-1,CD4 Naive,1,CD4 Naive,0.2261948585510254,,0.017036482988259438,0.19999999999999996,0.9740909337997437,0.20939088489781632
totalvi,PBMC5k_CGCATAAGTATACAGA-1,CD8 TCM,0,CD4 TEM,0.6960490643978119,,0.13904942540316334,0.4,1.5543831586837769,0.10843550220775683
totalvi,PBMC5k_CGCATAATCTCATGGA-1,NK_CD56bright,0,NK,0.01716071367263794,,0.019096326646611483,0.0,0.509617805480957,0.16634992006331556
totalvi,PBMC5k_CGCATGGAGAACCGCA-1,CD14 Mono,1,CD14 Mono,0.0034847259521484375,,0.004683442133514168,0.0,0.2649956941604614,0.023914310956752546
totalvi,PBMC5k_CGCATGGAGAGTCTTC-1,Eryth,0,CD14 Mono,0.49506545066833496,,0.039693138968882935,0.4,0.9015199542045593,0.316016923492542
totalvi,PBMC5k_CGCATGGAGGATGAGA-1,B naive,1,B naive,0.008578956127166748,,0.04509808877049376,0.0,0.2728270888328552,0.06208016870700846
totalvi,PBMC5k_CGCATGGGTAGCTGAG-1,CD4 Naive,1,CD4 Naive,0.34549403190612793,,0.0607185974069715,0.0,0.6671380996704102,0.08036830164197685
totalvi,PBMC5k_CGCATGGTCATGAAAG-1,cDC2,1,cDC2,0.11324220895767212,,0.006534882846461976,0.0,0.21964018046855927,0.0347873269177807
totalvi,PBMC5k_CGCATGGTCGCGTAGC-1,CD4 TCM,1,CD4 TCM,0.23063534498214722,,0.10449517916287632,0.19999999999999996,1.1508625745773315,0.22205763213997576
totalvi,PBMC5k_CGCCAGAAGAGAAGGT-1,cDC2,1,cDC2,0.030111193656921387,,0.004872339662686215,0.0,0.02339581958949566,0.0017233800498953037
totalvi,PBMC5k_CGCCAGAAGATTAGTG-1,CD4 Naive,1,CD4 Naive,0.3319271206855774,,0.10050501214775243,0.0,1.1362974643707275,0.16265409793670596
totalvi,PBMC5k_CGCCAGACAATCACGT-1,CD14 Mono,1,CD14 Mono,0.0041168928146362305,,0.005924416039551336,0.0,0.26440897583961487,0.03281426955600882
totalvi,PBMC5k_CGCCAGATCGTACACA-1,CD14 Mono,1,CD14 Mono,0.011691570281982422,,0.008056135035645506,0.0,0.18646135926246643,0.020752912567683083
totalvi,PBMC5k_CGCCATTAGCGGTAGT-1,cDC2,1,cDC2,0.007697343826293945,,0.0019400398680264608,0.0,0.04325958713889122,0.004235654875928091
totalvi,PBMC5k_CGCCATTAGGGACACT-1,CD4 TEM,1,CD4 TEM,0.16000384092330933,,0.04294441803394122,0.0,0.7117587327957153,0.08612706893739881
totalvi,PBMC5k_CGCCATTCACAAATCC-1,CD4 Naive,1,CD4 Naive,0.36021173000335693,,0.07718911744541479,0.0,0.6624255180358887,0.07641491515421542
totalvi,PBMC5k_CGCCATTCACTTTAGG-1,B naive,1,B naive,0.09713280200958252,,0.020917223453987194,0.0,0.24966636300086975,0.03458601497390798
totalvi,PBMC5k_CGCCATTCAGTCTGGC-1,CD14 Mono,1,CD14 Mono,0.001938164234161377,,0.0010735205629323064,0.0,0.040683094412088394,0.0015798669299558594
totalvi,PBMC5k_CGCCATTCATATCTGG-1,Treg,0,CD4 TCM,0.09123575687408447,,0.04777150476097647,0.0,0.5243176817893982,0.07894985320300739
totalvi,PBMC5k_CGCCATTGTGACAGGT-1,CD4 Naive,1,CD4 Naive,0.10843616724014282,,0.01644942549878392,0.0,0.5970584154129028,0.08493550907398363
totalvi,PBMC5k_CGCCATTGTGCAGTGA-1,CD16 Mono,1,CD16 Mono,0.3223433494567871,,0.12480494612626258,0.0,0.334918349981308,0.0559843407993497
totalvi,PBMC5k_CGCCATTGTGCTGATT-1,CD4 TEM,0,CD4 TCM,0.5330549478530884,,0.05855726829285124,0.19999999999999996,0.9544979333877563,0.18128170139863511
totalvi,PBMC5k_CGCCATTTCTACGGGC-1,CD4 Naive,1,CD4 Naive,0.267844021320343,,0.06783716263352246,0.0,0.4689294099807739,0.07787974292277991
totalvi,PBMC5k_CGCGTGACAACGACTT-1,CD4 Naive,1,CD4 Naive,0.019368648529052734,,0.0017246006089972898,0.0,0.20988930761814117,0.03581365824312604
totalvi,PBMC5k_CGCGTGACACAAATGA-1,CD14 Mono,1,CD14 Mono,0.008839309215545654,,0.0006480515517614041,0.0,0.06178956478834152,0.0042093162717030085
totalvi,PBMC5k_CGCGTGACACCGGCTA-1,CD4 TEM,1,CD4 TEM,0.06885933876037598,,0.03439243845771667,0.0,0.6270783543586731,0.1166293436018637
totalvi,PBMC5k_CGCGTGACAGAACCGA-1,CD4 Naive,1,CD4 Naive,0.4120889902114868,,0.06314003293948811,0.4,1.3292458057403564,0.13110199289307145
totalvi,PBMC5k_CGCGTGAGTTCCACAA-1,CD4 Naive,1,CD4 Naive,0.21187156438827515,,0.12525394389127142,0.4,1.652363896369934,0.17606965306322853
totalvi,PBMC5k_CGGAACCCATGACTAC-1,CD14 Mono,1,CD14 Mono,0.0026262998580932617,,0.002657776106204039,0.0,0.09320216625928879,0.011038734172198247
totalvi,PBMC5k_CGGAACCGTAGAATGT-1,CD14 Mono,1,CD14 Mono,0.0013940930366516113,,0.0011615258250352069,0.0,0.08378209918737411,0.009137354830086307
totalvi,PBMC5k_CGGAACCTCGATTCCC-1,CD4 Naive,1,CD4 Naive,0.49123913049697876,,0.06989324706200173,0.0,1.2878222465515137,0.08586225392680945
totalvi,PBMC5k_CGGAATTCACGAGGAT-1,CD4 TCM,1,CD4 TCM,0.3221133351325989,,0.017549989716914793,0.0,1.1157270669937134,0.1705077021170143
totalvi,PBMC5k_CGGAATTTCACTTTGT-1,CD14 Mono,1,CD14 Mono,0.001271069049835205,,0.000514300125180037,0.0,0.04421186074614525,0.0020354368919574964
totalvi,PBMC5k_CGGACACGTCTTTCTA-1,B naive,1,B naive,0.013337671756744385,,0.008304527335723108,0.0,0.1209305003285408,0.01042660735753953
totalvi,PBMC5k_CGGACACTCTGGCCAG-1,CD8 Naive,1,CD8 Naive,0.016561806201934814,,0.054600712959424036,0.0,0.6185461282730103,0.09359498299588173
totalvi,PBMC5k_CGGAGAACATCTTTCA-1,CD8 TEM,1,CD8 TEM,0.22150027751922607,,0.046157568624715095,0.19999999999999996,1.1935858726501465,0.2177082816000587
totalvi,PBMC5k_CGGAGAAGTGAATGTA-1,cDC2,1,cDC2,0.20123326778411865,,0.059512204479957975,0.0,0.38721349835395813,0.04086226276404528
totalvi,PBMC5k_CGGCAGTAGAGGGTCT-1,CD4 TEM,0,CD4 TCM,0.4873166084289551,,0.043852060999635345,0.4,1.2493340969085693,0.25068731403535915
totalvi,PBMC5k_CGGCAGTAGAGTCAAT-1,CD14 Mono,1,CD14 Mono,0.005668997764587402,,0.006658835001762176,0.0,0.07613023370504379,0.010543151317540151
totalvi,PBMC5k_CGGCAGTAGATAACGT-1,CD4 Naive,1,CD4 Naive,0.10520696640014648,,0.028459091729994446,0.0,0.46793749928474426,0.030162771847391308
totalvi,PBMC5k_CGGCAGTGTCGTACAT-1,gdT,0,MAIT,0.4260714650154114,,0.11835967682411508,0.0,0.6161631345748901,0.07768492139479877
totalvi,PBMC5k_CGGCAGTGTGATTGGG-1,CD4 TEM,1,CD4 TEM,0.18649530410766602,,0.036163796505015666,0.0,0.7681795954704285,0.07665784602118816
totalvi,PBMC5k_CGGCAGTTCCCTTGTG-1,cDC2,1,cDC2,0.0005785226821899414,,0.0002504992438225797,0.0,0.007609453983604908,0.0004077906623633267
totalvi,PBMC5k_CGGCAGTTCCGTGCGA-1,B naive,1,B naive,0.03020709753036499,,0.01450650678755272,0.0,0.6893526315689087,0.17028303358410468
totalvi,PBMC5k_CGGGACTAGGTCCCGT-1,CD4 TCM,1,CD4 TCM,0.1440577507019043,,0.09027807699028056,0.0,1.0196739435195923,0.1089285838262718
totalvi,PBMC5k_CGGGACTCATCGTGGC-1,CD14 Mono,1,CD14 Mono,0.0037668347358703613,,0.0012504302055256003,0.0,0.08880214393138885,0.007049254414396915
totalvi,PBMC5k_CGGGACTCATTGGATC-1,cDC2,1,cDC2,0.004531264305114746,,0.0006134109440691718,0.0,0.012977938167750835,0.000852189746041991
totalvi,PBMC5k_CGGGCATAGGTTGCCC-1,CD4 TEM,1,CD4 TEM,0.1332288384437561,,0.03093771773551446,0.0,0.6284480690956116,0.13797678264448515
totalvi,PBMC5k_CGGGCATGTTACTCAG-1,CD4 Naive,1,CD4 Naive,0.14089524745941162,,0.03452740716467284,0.0,0.7022860646247864,0.1168077535538638
totalvi,PBMC5k_CGGGCATTCGCAATTG-1,CD4 TCM,1,CD4 TCM,0.3135920763015747,,0.02044058341408539,0.19999999999999996,0.8888369798660278,0.22096016719397854
totalvi,PBMC5k_CGGGTCAAGAGAGGTA-1,CD4 Naive,0,CD4 TCM,0.20998108386993408,,0.019133305637971,0.19999999999999996,0.7134383916854858,0.20917418955240066
totalvi,PBMC5k_CGGGTCAAGCCGATCC-1,CD8 TEM,1,CD8 TEM,0.11590361595153809,,0.05440694817899849,0.19999999999999996,1.1453254222869873,0.21484759113681756
totalvi,PBMC5k_CGGGTCAAGGTCTTTG-1,Eryth,1,Eryth,0.22347360849380493,,0.037290931045308895,0.4,0.7934214472770691,0.19681428353041383
totalvi,PBMC5k_CGGGTCACATAGGAGC-1,B naive,1,B naive,0.06710362434387207,,0.03377543821758433,0.19999999999999996,0.8061738610267639,0.23552216371847115
totalvi,PBMC5k_CGGGTCATCCTGTACC-1,CD4 TCM,1,CD4 TCM,0.3525952100753784,,0.03936030082817621,0.0,1.1932004690170288,0.14537114322814837
totalvi,PBMC5k_CGGGTGTAGGTTAAAC-1,NK,1,NK,0.003714442253112793,,0.004534905374270121,0.0,0.06633244454860687,0.006354583768058006
totalvi,PBMC5k_CGGGTGTCAAAGGGTC-1,ILC,0,CD4 TCM,0.22317010164260864,,0.013489718968192066,0.19999999999999996,0.9536943435668945,0.03663083855950537
totalvi,PBMC5k_CGGGTGTGTTCGGACC-1,CD4 TCM,1,CD4 TCM,0.04068940877914429,,0.005912478500087359,0.0,0.26881468296051025,0.029222553901888874
totalvi,PBMC5k_CGGGTGTGTTGTCAGT-1,CD4 Naive,1,CD4 Naive,0.16287755966186523,,0.028103879226400785,0.0,1.062757134437561,0.13358305830110773
totalvi,PBMC5k_CGGGTGTTCACGGGAA-1,Eryth,0,CD14 Mono,0.15298128128051758,,0.02496756751351481,0.19999999999999996,0.6974519491195679,0.197728439012182
totalvi,PBMC5k_CGGGTGTTCAGTGATC-1,B memory,1,B memory,0.41455304622650146,,0.05091434528386929,0.4,0.7765002250671387,0.15658321992209318
totalvi,PBMC5k_CGGTCAGAGTTCTACG-1,CD14 Mono,1,CD14 Mono,0.0027202367782592773,,0.0044118724626226805,0.0,0.10623126477003098,0.008258168347039052
totalvi,PBMC5k_CGGTCAGCACAATGCT-1,CD14 Mono,1,CD14 Mono,0.0021039247512817383,,0.0008470744348957684,0.0,0.05266464874148369,0.0010397959683917447
totalvi,PBMC5k_CGGTCAGCACACCTAA-1,CD16 Mono,0,CD14 Mono,0.42117226123809814,,0.11142775295975726,0.0,0.4292917251586914,0.08414415967286595
totalvi,PBMC5k_CGGTCAGGTTGTGCAT-1,CD4 Naive,1,CD4 Naive,0.2524084448814392,,0.033580339296364725,0.0,1.081274390220642,0.07319256259314837
totalvi,PBMC5k_CGGTCAGTCACACGAT-1,B naive,1,B naive,0.05606931447982788,,0.12357829751566385,0.0,0.562501847743988,0.1173989911879409
totalvi,PBMC5k_CGGTCAGTCCTTCTAA-1,CD14 Mono,1,CD14 Mono,0.006903231143951416,,0.001641129780650126,0.0,0.23284821212291718,0.04595919761194451
totalvi,PBMC5k_CGGTCAGTCTCACGAA-1,CD4 Naive,1,CD4 Naive,0.3053780198097229,,0.06564070588586657,0.0,1.131914734840393,0.07501930648651908
totalvi,PBMC5k_CGTAAGTAGATCGACG-1,Eryth,1,Eryth,0.16924256086349487,,0.06823135633699728,0.19999999999999996,0.6837028861045837,0.28628329960192866
totalvi,PBMC5k_CGTAAGTAGTGGAAGA-1,CD4 Naive,1,CD4 Naive,0.07933920621871948,,0.01654003850047392,0.0,0.48102903366088867,0.06480987075030048
totalvi,PBMC5k_CGTAAGTCAAGTGACG-1,B intermediate,1,B intermediate,0.5331482887268066,,0.11491157258387186,0.19999999999999996,1.0480974912643433,0.09816407365911188
totalvi,PBMC5k_CGTAAGTGTTCGAAGG-1,CD4 TCM,1,CD4 TCM,0.24977469444274902,,0.011463443323117106,0.19999999999999996,0.8189877867698669,0.1639031760830776
totalvi,PBMC5k_CGTAAGTTCACTCGAA-1,CD4 Naive,1,CD4 Naive,0.4444260001182556,,0.0302395786676104,0.19999999999999996,0.9719504714012146,0.20544842008257022
totalvi,PBMC5k_CGTAAGTTCCCTCTAG-1,CD14 Mono,1,CD14 Mono,0.04015934467315674,,0.04165135184957158,0.0,0.22490233182907104,0.02371053257814453
totalvi,PBMC5k_CGTAAGTTCCGGTTCT-1,NK,1,NK,0.000291287899017334,,0.0002460016832477917,0.0,0.014403985813260078,0.0011333377849070164
totalvi,PBMC5k_CGTAATGAGCTAAGTA-1,Treg,0,CD4 Naive,0.44692254066467285,,0.24945225587260533,0.4,1.3556022644042969,0.04184868987415501
totalvi,PBMC5k_CGTAATGTCACTACTT-1,CD14 Mono,1,CD14 Mono,0.004706919193267822,,0.0004583269226196285,0.0,0.10241584479808807,0.011194107635660066
totalvi,PBMC5k_CGTAATGTCCTAGCTC-1,CD14 Mono,1,CD14 Mono,0.001017749309539795,,0.0004752109086005145,0.0,0.03723036125302315,0.0014503192211527355
totalvi,PBMC5k_CGTAGTAAGTCATACC-1,CD14 Mono,1,CD14 Mono,0.0025191903114318848,,0.0006241979231782144,0.0,0.07764896005392075,0.008097112979115039
totalvi,PBMC5k_CGTAGTACAGAGTAAT-1,Treg,0,CD4 TCM,0.31022942066192627,,0.07438470140593134,0.0,1.1271919012069702,0.1485413881379827
totalvi,PBMC5k_CGTAGTATCCTCAGGG-1,gdT,0,MAIT,0.15674149990081787,,0.05131053730554358,0.0,0.8405280709266663,0.03354363485431356
totalvi,PBMC5k_CGTAGTATCGGCATAT-1,CD16 Mono,1,CD16 Mono,0.3137512803077698,,0.06621446004871057,0.0,0.8250389695167542,0.1384930526898256
totalvi,PBMC5k_CGTCAAAGTAGTTAGA-1,CD14 Mono,0,Eryth,0.47523051500320435,,0.045436153846319605,0.0,0.4660924971103668,0.13879487895455625
totalvi,PBMC5k_CGTCAAATCATCACTT-1,CD16 Mono,1,CD16 Mono,0.2993026375770569,,0.10463950905245223,0.0,0.5664459466934204,0.12757629519240687
totalvi,PBMC5k_CGTCAAATCGACATAC-1,CD4 TCM,0,Eryth,0.13536041975021362,,0.08467028711542524,0.19999999999999996,1.8408429622650146,0.027698589295926737
totalvi,PBMC5k_CGTCAAATCGGCAGTC-1,CD4 TEM,1,CD4 TEM,0.1595281958580017,,0.06874610731454622,0.0,0.8601140975952148,0.11378763042191523
totalvi,PBMC5k_CGTCCATCAAACGGCA-1,CD14 Mono,1,CD14 Mono,0.021585464477539062,,0.003496278897330715,0.0,0.08206801861524582,0.011702509904011645
totalvi,PBMC5k_CGTCCATGTCCTGTCT-1,CD14 Mono,1,CD14 Mono,0.0020480751991271973,,0.0015532415646586847,0.0,0.06966788321733475,0.006394692184536113
totalvi,PBMC5k_CGTCCATTCCAAATGC-1,CD14 Mono,1,CD14 Mono,0.0825049877166748,,0.01610307702357419,0.0,0.5133168697357178,0.0632757974335914
totalvi,PBMC5k_CGTGAATAGAAACCCG-1,ILC,0,CD4 TEM,0.3753025531768799,,0.07288175694326782,0.6,1.1594655513763428,0.1110296575482821
totalvi,PBMC5k_CGTGAATAGATCACCT-1,CD14 Mono,1,CD14 Mono,0.008799374103546143,,0.001520225328052481,0.0,0.26307475566864014,0.026150234169863368
totalvi,PBMC5k_CGTGAATCATCCTAAG-1,CD14 Mono,1,CD14 Mono,0.0033319592475891113,,0.015557818247974253,0.0,0.17808295786380768,0.033163637556619226
totalvi,PBMC5k_CGTGCTTGTTTCTATC-1,CD4 Naive,1,CD4 Naive,0.19319850206375122,,0.10064977600153813,0.0,0.6312910914421082,0.08115698264055024
totalvi,PBMC5k_CGTGTCTCACTGGCCA-1,CD14 Mono,1,CD14 Mono,0.03301435708999634,,0.0018202596355544887,0.0,0.14185355603694916,0.018413173214337816
totalvi,PBMC5k_CGTGTCTCATTAGGCT-1,Eryth,0,CD14 Mono,0.15133273601531982,,0.008460592950932044,0.19999999999999996,0.5711507797241211,0.20165370453603174
totalvi,PBMC5k_CGTTAGAAGTCATACC-1,CD14 Mono,1,CD14 Mono,0.004872441291809082,,0.0010578274874662869,0.0,0.06109018623828888,0.004652555527551306
totalvi,PBMC5k_CGTTAGACAGCGTGCT-1,CD8 TEM,1,CD8 TEM,0.33551478385925293,,0.17625384235891262,0.19999999999999996,1.4361717700958252,0.16890833795753982
totalvi,PBMC5k_CGTTAGAGTCCTGGGT-1,CD14 Mono,0,Eryth,0.3198257088661194,,0.13438848877474885,0.19999999999999996,0.6872814893722534,0.18755085634360452
totalvi,PBMC5k_CGTTAGAGTTCTTGCC-1,CD14 Mono,1,CD14 Mono,0.0063855648040771484,,0.002262869823074526,0.0,0.07571258395910263,0.0036125821242454035
totalvi,PBMC5k_CGTTCTGAGCATCCTA-1,cDC2,1,cDC2,0.09680992364883423,,0.01477487457102078,0.0,0.09075543284416199,0.019550634928496326
totalvi,PBMC5k_CGTTCTGTCCGCATAA-1,CD8 TEM,1,CD8 TEM,0.12911736965179443,,0.13674717554678018,0.0,1.2449238300323486,0.17886062856261123
totalvi,PBMC5k_CGTTGGGGTTTGTTCT-1,CD4 TCM,1,CD4 TCM,0.04645425081253052,,0.003979368826362378,0.0,0.6571717262268066,0.13769818229661895
totalvi,PBMC5k_CGTTGGGTCCTGGTCT-1,CD14 Mono,1,CD14 Mono,0.017279207706451416,,0.0021293778400131233,0.0,0.15977852046489716,0.013697998081327096
totalvi,PBMC5k_CTAAGTGTCTGAGATC-1,CD14 Mono,1,CD14 Mono,0.009668588638305664,,0.004734572066652856,0.0,0.13423383235931396,0.01859924812461692
totalvi,PBMC5k_CTACAGAGTCAGCGTC-1,CD8 TEM,0,NK,0.2265496850013733,,0.09916159675968206,0.4,1.0263174772262573,0.2813611962244072
totalvi,PBMC5k_CTACCCAAGCCTCCAG-1,CD16 Mono,1,CD16 Mono,0.04824650287628174,,0.01185146764737846,0.0,0.032308757305145264,0.005710807911189162
totalvi,PBMC5k_CTACCCAAGGCAGTCA-1,CD16 Mono,0,CD14 Mono,0.43599075078964233,,0.08867600572454548,0.0,0.7047128677368164,0.16478342338337418
totalvi,PBMC5k_CTACCCACATCCTAAG-1,CD14 Mono,1,CD14 Mono,0.004333615303039551,,0.0014966459174894989,0.0,0.19659650325775146,0.02785099705521857
totalvi,PBMC5k_CTACCCATCCGGTAGC-1,NK,1,NK,0.0030874013900756836,,0.0005802350521126216,0.0,0.02907980978488922,0.002092362963742519
totalvi,PBMC5k_CTACCCATCGACATTG-1,CD4 TCM,1,CD4 TCM,0.49099212884902954,,0.06287146061440063,0.0,0.7277225852012634,0.19288193593282266
totalvi,PBMC5k_CTACCCATCTCGCTCA-1,NK,1,NK,0.006970345973968506,,0.00340647599144573,0.0,0.1358184814453125,0.042253454510467574
totalvi,PBMC5k_CTACCCATCTCGGTCT-1,CD14 Mono,1,CD14 Mono,0.0843927264213562,,0.007234841258795477,0.0,0.3394099473953247,0.053147711667795326
totalvi,PBMC5k_CTACCTGCAAACTAAG-1,CD14 Mono,1,CD14 Mono,0.01214301586151123,,0.0031949361422438233,0.0,0.057789240032434464,0.002762042533711298
totalvi,PBMC5k_CTACCTGGTCTCAGAT-1,CD8 TEM,1,CD8 TEM,0.04687625169754028,,0.02708474919929932,0.0,0.9154795408248901,0.15408557965760822
totalvi,PBMC5k_CTACCTGGTTGTCAGT-1,CD4 Naive,1,CD4 Naive,0.03808629512786865,,0.010998685538167324,0.0,0.16199076175689697,0.020409318489045168
totalvi,PBMC5k_CTACGGGAGCGAGAAA-1,CD4 Naive,1,CD4 Naive,0.04686462879180908,,0.02936626392657049,0.0,0.5828503966331482,0.04315866571136439
totalvi,PBMC5k_CTACGGGCACATTCGA-1,CD8 TEM,1,CD8 TEM,0.06693530082702637,,0.06891016813461392,0.19999999999999996,1.0020313262939453,0.31162858197692256
totalvi,PBMC5k_CTACGGGCACTGGCGT-1,CD4 Naive,1,CD4 Naive,0.08069467544555664,,0.04294667976040689,0.0,0.5544701814651489,0.06545931655528751
totalvi,PBMC5k_CTACGGGCATCCTTCG-1,B memory,1,B memory,0.2169780731201172,,0.03050827649805926,0.19999999999999996,0.5314598083496094,0.20752342780212066
totalvi,PBMC5k_CTACGGGTCCAGTGCG-1,CD16 Mono,1,CD16 Mono,0.03448718786239624,,0.0029928572517338298,0.0,0.023003900423645973,0.0021483082750402933
totalvi,PBMC5k_CTACGGGTCTCTGCTG-1,B naive,1,B naive,0.08309739828109741,,0.015495735341384098,0.0,0.2862513065338135,0.027938184541078746
totalvi,PBMC5k_CTACTATAGCCTCTGG-1,CD4 TCM,1,CD4 TCM,0.5998189151287079,,0.1813024376233343,0.19999999999999996,1.486849069595337,0.0815743695442666
totalvi,PBMC5k_CTACTATCAGCGGTTC-1,CD4 TEM,1,CD4 TEM,0.26764291524887085,,0.0686980579630665,0.4,0.8876515030860901,0.2985318872629761
totalvi,PBMC5k_CTACTATCATTGACTG-1,NK_CD56bright,0,gdT,0.2010841965675354,,0.16387079593029552,0.0,0.8165383338928223,0.13364598103289396
totalvi,PBMC5k_CTACTATGTAACTTCG-1,B naive,1,B naive,0.22792869806289673,,0.03573630086919166,0.19999999999999996,0.8001769185066223,0.2951007873543607
totalvi,PBMC5k_CTAGACAGTTAGAAAC-1,CD8 Naive,1,CD8 Naive,0.0217551589012146,,0.1020718125955411,0.0,0.9092475175857544,0.15091425307567521
totalvi,PBMC5k_CTAGACATCACTTATC-1,CD14 Mono,1,CD14 Mono,0.0027427077293395996,,0.0010635186308512387,0.0,0.06110124662518501,0.0020662242325628875
totalvi,PBMC5k_CTAGACATCGATCCAA-1,Treg,0,CD4 TEM,0.6385322213172913,,0.20407820650773134,0.6,1.5370405912399292,0.24070001498391602
totalvi,PBMC5k_CTAGGTAGTACGATCT-1,CD14 Mono,1,CD14 Mono,0.0018198490142822266,,0.0015372735772236495,0.0,0.09202847629785538,0.003335904935729629
totalvi,PBMC5k_CTAGGTATCTTTCGAT-1,CD4 TCM,0,CD4 Naive,0.18330955505371094,,0.03254106675069135,0.0,0.7370350956916809,0.09015332632397932
totalvi,PBMC5k_CTATAGGAGAGGATGA-1,CD14 Mono,1,CD14 Mono,0.055429279804229736,,0.004841895358837944,0.0,0.4860691726207733,0.09438081806546515
totalvi,PBMC5k_CTATAGGAGTCCTACA-1,CD14 Mono,1,CD14 Mono,0.00816279649734497,,0.000940844310615245,0.0,0.16191600263118744,0.016743440707466133
totalvi,PBMC5k_CTATAGGCAGGCTATT-1,MAIT,0,CD4 TEM,0.33275943994522095,,0.10563913402175451,0.0,0.532978355884552,0.10209065818866143
totalvi,PBMC5k_CTATAGGGTATGAAGT-1,CD8 Naive,1,CD8 Naive,0.03990435600280762,,0.01586599104078984,0.0,0.56056147813797,0.08257812385041156
totalvi,PBMC5k_CTATAGGGTGAATAAC-1,ILC,0,Eryth,0.31154996156692505,,0.20716218622341986,0.4,2.0068509578704834,0.08848021158872768
totalvi,PBMC5k_CTATCCGAGGTGCCTC-1,B naive,1,B naive,0.12696057558059692,,0.03520557785972961,0.0,0.4905739724636078,0.08916978788303048
totalvi,PBMC5k_CTATCCGCAAGACCTT-1,CD16 Mono,1,CD16 Mono,0.023944199085235596,,0.0022925796908787044,0.0,0.044392310082912445,0.0024032879079804942
totalvi,PBMC5k_CTATCCGCATGTCGTA-1,CD4 Naive,1,CD4 Naive,0.2443642020225525,,0.0432348096578965,0.0,0.8356415033340454,0.13852311223333105
totalvi,PBMC5k_CTATCTAAGGTCTACT-1,NK_CD56bright,0,NK,0.37967854738235474,,0.10814011727456097,0.0,0.6697392463684082,0.09494266152592247
totalvi,PBMC5k_CTATCTACATGGAACG-1,CD14 Mono,1,CD14 Mono,0.018608033657073975,,0.007756518273557,0.0,0.4495079815387726,0.06773339318996605
totalvi,PBMC5k_CTATCTAGTGCAGATG-1,CD14 Mono,1,CD14 Mono,0.010087549686431885,,0.002609484865125508,0.0,0.10291076451539993,0.0058858211065465375
totalvi,PBMC5k_CTCAACCGTATCGCTA-1,CD14 Mono,1,CD14 Mono,0.0027722716331481934,,0.0017368503812967492,0.0,0.13796371221542358,0.012905531211032502
totalvi,PBMC5k_CTCAACCTCTAAGAAG-1,CD14 Mono,1,CD14 Mono,0.046283066272735596,,0.004690565791610951,0.0,0.46026942133903503,0.1083917143287951
totalvi,PBMC5k_CTCAAGATCCGTAATG-1,CD4 TCM,0,Eryth,0.3304395079612732,,0.13983859596740977,0.19999999999999996,1.6006124019622803,0.12605062060995295
totalvi,PBMC5k_CTCAAGATCTTAATCC-1,CD14 Mono,1,CD14 Mono,0.04347449541091919,,0.007439373273700922,0.0,0.18220677971839905,0.016805610058846045
totalvi,PBMC5k_CTCAATTAGGTTACAA-1,CD4 Naive,1,CD4 Naive,0.13154250383377075,,0.02471343389653069,0.4,1.2734527587890625,0.2485908986938268
totalvi,PBMC5k_CTCAATTCACATACTG-1,CD14 Mono,1,CD14 Mono,0.025206923484802246,,0.006484232177277838,0.0,0.39716386795043945,0.04566502149296949
totalvi,PBMC5k_CTCAATTCAGCACAAG-1,CD4 TEM,1,CD4 TEM,0.10734647512435913,,0.039088822177885785,0.19999999999999996,0.9224048852920532,0.2015005261802277
totalvi,PBMC5k_CTCAATTCAGTCTCTC-1,CD4 TCM,1,CD4 TCM,0.0871349573135376,,0.013062629229358302,0.0,0.6139115691184998,0.14879464192659572
totalvi,PBMC5k_CTCAATTGTCACCACG-1,CD8 TEM,1,CD8 TEM,0.020144939422607422,,0.038662473250850926,0.0,0.30949628353118896,0.04036071767116806
totalvi,PBMC5k_CTCAATTTCTACTCAT-1,Treg,1,Treg,0.6117575466632843,,0.03773104707628305,0.6,1.0596743822097778,0.2659081116727166
totalvi,PBMC5k_CTCACTGTCAGAGCGA-1,NK,1,NK,0.011857569217681885,,0.0028040940059881198,0.0,0.03424743935465813,0.0033708341773456595
totalvi,PBMC5k_CTCAGAACAATGTGGG-1,CD14 Mono,1,CD14 Mono,0.007322907447814941,,0.0014378396600567556,0.0,0.16859501600265503,0.013993566185044066
totalvi,PBMC5k_CTCAGAATCACTTATC-1,CD14 Mono,1,CD14 Mono,0.003723442554473877,,0.003153975687880145,0.0,0.12819893658161163,0.01255732994381344
totalvi,PBMC5k_CTCAGGGCAAAGCGTG-1,CD14 Mono,1,CD14 Mono,0.0023365020751953125,,0.0008393211382802662,0.0,0.16066323220729828,0.0132266226513863
totalvi,PBMC5k_CTCAGGGCATACCACA-1,CD14 Mono,1,CD14 Mono,0.006163895130157471,,0.01214196017532268,0.0,0.25758928060531616,0.02362119972242892
totalvi,PBMC5k_CTCAGGGTCGTGGCGT-1,B memory,1,B memory,0.03161579370498657,,0.017099310505268278,0.0,0.40325337648391724,0.0875774701034267
totalvi,PBMC5k_CTCAGGGTCTAAGAAG-1,CD14 Mono,1,CD14 Mono,0.004129350185394287,,0.004707141955676772,0.0,0.2858797311782837,0.038094946775362494
totalvi,PBMC5k_CTCAGTCAGAGCACTG-1,CD8 TEM,1,CD8 TEM,0.5885217785835266,,0.1428509986198172,0.4,1.5913379192352295,0.138176914205532
totalvi,PBMC5k_CTCAGTCCACAAATAG-1,CD14 Mono,1,CD14 Mono,0.001201033592224121,,0.0020296308437825275,0.0,0.0665050745010376,0.0031651382076355677
totalvi,PBMC5k_CTCAGTCGTTTCCCAC-1,NK,1,NK,0.029384315013885498,,0.006169965850996974,0.0,0.05193132907152176,0.0052426415034592016
totalvi,PBMC5k_CTCATCGGTCTCGCGA-1,cDC2,1,cDC2,0.024204552173614502,,0.005323372676391713,0.0,0.06082259491086006,0.006763951559407247
totalvi,PBMC5k_CTCATCGGTTCATCGA-1,CD4 TCM,0,CD4 Naive,0.18794149160385132,,0.03927530280351954,0.4,1.2748603820800781,0.22928437756444364
totalvi,PBMC5k_CTCATCGTCTCAATCT-1,NK,1,NK,0.028696894645690918,,0.03703040216746539,0.0,0.3069779872894287,0.03939871054142677
totalvi,PBMC5k_CTCATGCAGATACGAT-1,CD14 Mono,1,CD14 Mono,0.0015496015548706055,,0.0006359446273436417,0.0,0.057762887328863144,0.002772624428496578
totalvi,PBMC5k_CTCATGCAGTTGCCCG-1,CD14 Mono,1,CD14 Mono,0.01807081699371338,,0.017259883979316132,0.0,0.17190684378147125,0.0321785269250433
totalvi,PBMC5k_CTCATGCTCCATTTAC-1,ILC,0,CD4 TCM,0.45663219690322876,,0.037500213854936626,0.19999999999999996,1.0198209285736084,0.06517824216777565
totalvi,PBMC5k_CTCATTAAGCGATCGA-1,NK,1,NK,0.06686586141586304,,0.012484435720518383,0.0,0.4173610508441925,0.08332682579429311
totalvi,PBMC5k_CTCATTAGTTGCTTGA-1,B intermediate,1,B intermediate,0.26011234521865845,,0.05153754958704737,0.19999999999999996,0.794991672039032,0.21063235031262595
totalvi,PBMC5k_CTCATTATCAACCTCC-1,CD4 Naive,1,CD4 Naive,0.24506288766860962,,0.05185094601397555,0.19999999999999996,1.4871984720230103,0.15978625738580615
totalvi,PBMC5k_CTCATTATCACCTGGG-1,CD14 Mono,1,CD14 Mono,0.001268923282623291,,0.002865471862795392,0.0,0.09212251007556915,0.006082186531311008
totalvi,PBMC5k_CTCATTATCAGGGTAG-1,CD4 TEM,1,CD4 TEM,0.10131502151489258,,0.029393912610364392,0.0,0.7129027843475342,0.12724137775770503
totalvi,PBMC5k_CTCATTATCCTTGGAA-1,CD14 Mono,1,CD14 Mono,0.0027722716331481934,,0.0033741344104172427,0.0,0.07701858878135681,0.003814893729656747
totalvi,PBMC5k_CTCATTATCTAGATCG-1,B memory,1,B memory,0.1458030343055725,,0.09239348953266646,0.0,0.7668691873550415,0.14233257020893406
totalvi,PBMC5k_CTCATTATCTTTGCAT-1,CD16 Mono,1,CD16 Mono,0.004700958728790283,,0.004764282584601626,0.0,0.06809055805206299,0.016263738836990466
totalvi,PBMC5k_CTCCAACTCGTACCTC-1,NK,1,NK,0.00036275386810302734,,8.893228135754654e-05,0.0,0.03333238512277603,0.0030973530989979693
totalvi,PBMC5k_CTCCAACTCTGGCCAG-1,NK,1,NK,8.07046890258789e-05,,5.0730763109542486e-05,0.0,0.014780689030885696,0.0009288041479350577
totalvi,PBMC5k_CTCCACAAGCGTGAGT-1,CD14 Mono,1,CD14 Mono,0.022335946559906006,,0.00453985340381774,0.0,0.21144644916057587,0.022964618234015532
totalvi,PBMC5k_CTCCACACAACTGCCG-1,CD4 TCM,0,Eryth,0.11821949481964111,,0.08867426327847794,0.4,1.829688310623169,0.0577664882266805
totalvi,PBMC5k_CTCCACATCACTGAAC-1,B naive,1,B naive,0.031502723693847656,,0.05542730568292148,0.0,0.6706828474998474,0.12961039347734613
totalvi,PBMC5k_CTCCACATCAGGTAAA-1,CD14 Mono,1,CD14 Mono,0.0015545487403869629,,0.002235173454045742,0.0,0.14518848061561584,0.01105073773902452
totalvi,PBMC5k_CTCCACATCTCTAGGA-1,NK,1,NK,0.0006516575813293457,,0.0004214085119587773,0.0,0.043070193380117416,0.004992231208629526
totalvi,PBMC5k_CTCCATGAGCCTATTG-1,CD8 TEM,1,CD8 TEM,0.6277675032615662,,0.11482397554977397,0.0,1.1308064460754395,0.03103548717375058
totalvi,PBMC5k_CTCCATGCAGAGCGTA-1,CD14 Mono,1,CD14 Mono,0.02256864309310913,,0.0065129556816228285,0.0,0.19735848903656006,0.0314523195931023
totalvi,PBMC5k_CTCCCAAAGACCTTTG-1,CD4 TCM,1,CD4 TCM,0.10975617170333862,,0.01447279976371485,0.0,0.8742138147354126,0.10405351066447262
totalvi,PBMC5k_CTCCCAAAGGCTATCT-1,CD14 Mono,1,CD14 Mono,0.015411317348480225,,0.0022794946284349915,0.0,0.0654819905757904,0.0058685940305483394
totalvi,PBMC5k_CTCCCAAAGTATGCAA-1,CD14 Mono,1,CD14 Mono,0.05723077058792114,,0.015918517621923867,0.0,0.3810136914253235,0.06537864847578168
totalvi,PBMC5k_CTCCCAAGTAACCCTA-1,NK,1,NK,0.00034439563751220703,,0.00013892886488050182,0.0,0.012181825004518032,0.0007187584618756078
totalvi,PBMC5k_CTCCCAATCTTGGTCC-1,CD4 TCM,1,CD4 TCM,0.029839634895324707,,0.029295146068093136,0.0,0.5933158993721008,0.09486180056015456
totalvi,PBMC5k_CTCCCTCAGGTGCTGA-1,CD4 Naive,1,CD4 Naive,0.1332647204399109,,0.02624087410420184,0.0,0.9581409096717834,0.06746611483285593
totalvi,PBMC5k_CTCCCTCCATGAATCC-1,ILC,0,CD4 TCM,0.31482309103012085,,0.05603741633040138,0.0,0.8576099276542664,0.11832353807465786
totalvi,PBMC5k_CTCCCTCTCGTCAAAC-1,CD14 Mono,1,CD14 Mono,0.0034273862838745117,,0.00200020629774722,0.0,0.1296500712633133,0.015699520903641944
totalvi,PBMC5k_CTCCGATTCATTCATC-1,NK,1,NK,0.0005314946174621582,,0.0002959160530342786,0.0,0.057073526084423065,0.008806611491633528
totalvi,PBMC5k_CTCCTCCCAATTTCTC-1,CD4 TCM,1,CD4 TCM,0.11562830209732056,,0.032468647583566934,0.0,0.7835730910301208,0.1501883614463457
totalvi,PBMC5k_CTCGAGGCAACACACT-1,CD14 Mono,1,CD14 Mono,0.005555450916290283,,0.002274527988790541,0.0,0.10667175054550171,0.009517857699983328
totalvi,PBMC5k_CTCGAGGGTAAGGCTG-1,CD4 Naive,1,CD4 Naive,0.14116674661636353,,0.07519270580009352,0.0,0.8673722743988037,0.13514417797794664
totalvi,PBMC5k_CTCTCAGAGACTTCAC-1,NK,1,NK,0.00015413761138916016,,4.9013502239499867e-05,0.0,0.007450254634022713,0.0006103333183165844
totalvi,PBMC5k_CTCTCAGAGCCAAGGT-1,CD14 Mono,1,CD14 Mono,0.17942661046981812,,0.0798007908890449,0.6,1.0383896827697754,0.2306565448079665
totalvi,PBMC5k_CTCTCGAAGTCTGGAG-1,CD4 Naive,1,CD4 Naive,0.13454890251159668,,0.05796765323410946,0.0,0.837809145450592,0.14211049031945974
totalvi,PBMC5k_CTCTCGATCCATTGTT-1,CD4 TEM,1,CD4 TEM,0.6841935217380524,,0.2667045559465844,0.4,1.648613691329956,0.21603684810409313
totalvi,PBMC5k_CTCTGGTTCCAAGGGA-1,Treg,1,Treg,0.5439663827419281,,0.0814590717823711,0.4,1.207680106163025,0.23798328811157926
totalvi,PBMC5k_CTGAGCGCAACCAGAG-1,CD14 Mono,1,CD14 Mono,0.01257103681564331,,0.0008219163297767396,0.0,0.0743032842874527,0.007479323920161522
totalvi,PBMC5k_CTGAGCGGTTAGGGAC-1,CD4 Naive,1,CD4 Naive,0.5191045105457306,,0.05808928248941947,0.19999999999999996,1.2933430671691895,0.15946447653823728
totalvi,PBMC5k_CTGAGGCAGAATCGTA-1,B naive,1,B naive,0.024654090404510498,,0.020478966085108546,0.0,0.6214791536331177,0.16820596420634026
totalvi,PBMC5k_CTGAGGCAGAATTCAG-1,NK,1,NK,0.024103760719299316,,0.004755826540835638,0.0,0.05936586856842041,0.005865886124223811
totalvi,PBMC5k_CTGAGGCAGCACACCC-1,CD8 TCM,0,CD8 Naive,0.22998106479644775,,0.046554560928786626,0.0,0.9046018123626709,0.10222003287691145
totalvi,PBMC5k_CTGAGGCGTCTCAGGC-1,B naive,1,B naive,0.011248648166656494,,0.011541080241574714,0.0,0.17919130623340607,0.029196513069274132
totalvi,PBMC5k_CTGAGGCGTGGACCAA-1,cDC2,1,cDC2,0.027043640613555908,,0.004798304161194686,0.0,0.052760664373636246,0.007789187055234306
totalvi,PBMC5k_CTGATCCAGACCAAAT-1,CD14 Mono,1,CD14 Mono,0.022402822971343994,,0.004792405020061022,0.0,0.11751046776771545,0.016564337413169247
totalvi,PBMC5k_CTGATCCCAGACGATG-1,CD4 Naive,1,CD4 Naive,0.3885025382041931,,0.057315547243367515,0.0,0.6705154180526733,0.07998681112001095
totalvi,PBMC5k_CTGATCCCAGACTCTA-1,cDC2,1,cDC2,0.00035834312438964844,,8.153870330479497e-05,0.0,0.0065849251113832,0.0003605436405388428
totalvi,PBMC5k_CTGATCCCATCAACCA-1,CD14 Mono,1,CD14 Mono,0.001381516456604004,,0.0022870059037088594,0.0,0.047725167125463486,0.002632576337356155
totalvi,PBMC5k_CTGATCCTCGGATTAC-1,CD14 Mono,1,CD14 Mono,0.0058555006980896,,0.0006733976022216849,0.0,0.05576896294951439,0.0013349196924594862
totalvi,PBMC5k_CTGCAGGAGCGTATGG-1,CD4 TEM,0,CD4 TCM,0.20165610313415527,,0.07861166788729124,0.0,1.0705013275146484,0.11082931903191864
totalvi,PBMC5k_CTGCAGGAGGGAGGCA-1,CD4 Naive,1,CD4 Naive,0.14350080490112305,,0.021634863332774423,0.0,0.6033921241760254,0.13493329218852868
totalvi,PBMC5k_CTGCAGGCAAGTTCGT-1,CD14 Mono,1,CD14 Mono,0.0022708773612976074,,0.003109413502978102,0.0,0.056252654641866684,0.0023418003220626185
totalvi,PBMC5k_CTGCAGGGTCTACTGA-1,cDC2,1,cDC2,0.005095124244689941,,0.0008246852068332089,0.0,0.006997790653258562,0.0006138431786983378
totalvi,PBMC5k_CTGCAGGTCACCGCTT-1,CD14 Mono,1,CD14 Mono,0.0030454397201538086,,0.005301298967573892,0.0,0.217366561293602,0.023686380353679495
totalvi,PBMC5k_CTGCATCAGACGGAAA-1,CD16 Mono,1,CD16 Mono,0.13048994541168213,,0.02007567665971796,0.0,0.06984638422727585,0.010572116820730258
totalvi,PBMC5k_CTGCATCAGACTACCT-1,CD14 Mono,1,CD14 Mono,0.0013382434844970703,,0.0002864226586459049,0.0,0.04016909748315811,0.0018884044741253577
totalvi,PBMC5k_CTGCATCGTCATAGTC-1,CD14 Mono,1,CD14 Mono,0.0019228458404541016,,0.00121820065336338,0.0,0.06172854080796242,0.002728837139038939
totalvi,PBMC5k_CTGCATCGTGGGAGAG-1,Eryth,1,Eryth,0.032781898975372314,,0.028776519944870738,0.4,0.8202105164527893,0.30032382069088825
totalvi,PBMC5k_CTGCATCTCTCTAGGA-1,CD4 TCM,1,CD4 TCM,0.1133420467376709,,0.024340165870754493,0.0,0.880577802658081,0.11403626782209321
totalvi,PBMC5k_CTGCCATAGAATAGTC-1,CD14 Mono,1,CD14 Mono,0.0267600417137146,,0.018169391149085112,0.0,0.5084987282752991,0.08203568046767108
totalvi,PBMC5k_CTGCCATAGCCGTTGC-1,CD4 TEM,1,CD4 TEM,0.24576658010482788,,0.09254991441756588,0.19999999999999996,1.2674206495285034,0.22372113727482468
totalvi,PBMC5k_CTGCCTACAATCCTAG-1,CD4 TEM,1,CD4 TEM,0.1118093729019165,,0.023677493121779247,0.0,0.840705931186676,0.14689907620560042
totalvi,PBMC5k_CTGCGAGCAATACCCA-1,NK,1,NK,0.02118593454360962,,0.004959493940303317,0.0,0.06057208403944969,0.004273701059598259
totalvi,PBMC5k_CTGCGAGCAGGCTATT-1,CD4 TCM,0,CD4 TEM,0.3368866443634033,,0.08609070694347021,0.19999999999999996,0.8588796854019165,0.24796850801628456
totalvi,PBMC5k_CTGCTCAAGAAATCCA-1,CD4 Naive,1,CD4 Naive,0.07981640100479126,,0.05026174956488805,0.0,0.9710028767585754,0.08325369589925806
totalvi,PBMC5k_CTGCTCAAGTTGCTGT-1,CD4 Naive,1,CD4 Naive,0.16187500953674316,,0.010079789627392532,0.0,0.5864291191101074,0.14806335326286732
totalvi,PBMC5k_CTGGCAGAGGGAGGGT-1,CD16 Mono,1,CD16 Mono,0.027794301509857178,,0.00297921771928758,0.0,0.11627382785081863,0.02172433052967059
totalvi,PBMC5k_CTGGCAGCAAACGGCA-1,NK,1,NK,0.01657205820083618,,0.003943691478295694,0.0,0.10650461912155151,0.009393203975131107
totalvi,PBMC5k_CTGGCAGGTACTCGAT-1,B intermediate,0,B memory,0.42077118158340454,,0.06041329471915602,0.19999999999999996,0.703249990940094,0.1820126025789907
totalvi,PBMC5k_CTGGCAGGTCTAACTG-1,CD4 Naive,1,CD4 Naive,0.34139949083328247,,0.06548736635310703,0.4,1.245844841003418,0.1744879349792433
totalvi,PBMC5k_CTGGCAGTCTGCGATA-1,CD14 Mono,1,CD14 Mono,0.022926926612854004,,0.004363861710514477,0.0,0.201551154255867,0.017760782495318008
totalvi,PBMC5k_CTGGTCTAGGCTTCCG-1,CD14 Mono,1,CD14 Mono,0.0010539889335632324,,0.0003230319087669832,0.0,0.03687092661857605,0.0020455195011749123
totalvi,PBMC5k_CTGGTCTGTGTTGACT-1,cDC2,1,cDC2,0.0021009445190429688,,0.00046027794526485276,0.0,0.0166520643979311,0.0012565805109891433
totalvi,PBMC5k_CTGGTCTTCCGGGACT-1,CD14 Mono,1,CD14 Mono,0.002351224422454834,,0.0009013926423235112,0.0,0.04741256684064865,0.003400417575926319
totalvi,PBMC5k_CTGTACCCAGTTCCAA-1,CD14 Mono,1,CD14 Mono,0.0015551447868347168,,0.0006541930363802087,0.0,0.050573673099279404,0.0031969543305790165
totalvi,PBMC5k_CTGTACCGTATCACGT-1,CD4 TCM,0,CD4 Naive,0.6730289459228516,,0.13317406273857046,0.4,1.616322636604309,0.15392785738551815
totalvi,PBMC5k_CTGTACCGTCAAACGG-1,ILC,0,CD4 TEM,0.15997493267059326,,0.15797230851119803,0.0,0.7991519570350647,0.07232646212304944
totalvi,PBMC5k_CTGTACCGTTCTAACG-1,CD14 Mono,1,CD14 Mono,0.10586094856262207,,0.011897199676146886,0.0,0.4564535319805145,0.09375935635929616
totalvi,PBMC5k_CTGTACCTCCACAAGT-1,CD4 TCM,1,CD4 TCM,0.3689952492713928,,0.02501395168072762,0.0,0.9107329845428467,0.062402181745915865
totalvi,PBMC5k_CTGTACCTCGATACTG-1,CD14 Mono,1,CD14 Mono,0.009416818618774414,,0.00341661071915203,0.0,0.0736548900604248,0.008862940328841763
totalvi,PBMC5k_CTGTAGACACACCTTC-1,B memory,1,B memory,0.31538641452789307,,0.013719926583276587,0.19999999999999996,0.7897136211395264,0.28434564774128535
totalvi,PBMC5k_CTGTAGAGTCCGGTCA-1,CD14 Mono,1,CD14 Mono,0.0017134547233581543,,0.0010598098173406172,0.0,0.06262347847223282,0.001982270598780472
totalvi,PBMC5k_CTGTAGAGTTGTCATG-1,CD14 Mono,1,CD14 Mono,0.009065330028533936,,0.00885121163779369,0.0,0.24924379587173462,0.017259052753956027
totalvi,PBMC5k_CTGTAGATCACCACAA-1,CD4 Naive,1,CD4 Naive,0.1679341197013855,,0.10550328174914536,0.0,0.7946492433547974,0.1778182606549269
totalvi,PBMC5k_CTGTAGATCTAGTGAC-1,cDC2,1,cDC2,0.0004911422729492188,,0.00011005654866789224,0.0,0.016267195343971252,0.0012929310577960331
totalvi,PBMC5k_CTGTATTAGGTGGCTA-1,CD14 Mono,1,CD14 Mono,0.0019211769104003906,,0.0006067601918211922,0.0,0.06529641151428223,0.0037960363822672604
totalvi,PBMC5k_CTGTATTAGTGGACTG-1,CD14 Mono,1,CD14 Mono,0.003847181797027588,,0.002265370813343083,0.0,0.18837688863277435,0.03573037530750746
totalvi,PBMC5k_CTGTCGTGTACCGGCT-1,CD14 Mono,1,CD14 Mono,0.01907426118850708,,0.004265163591022331,0.0,0.19673706591129303,0.008732877890122087
totalvi,PBMC5k_CTGTCGTTCGCTGACG-1,CD14 Mono,1,CD14 Mono,0.0037440061569213867,,0.0007273925637604518,0.0,0.04886765405535698,0.0019529132219175697
totalvi,PBMC5k_CTGTGGGAGTAGATCA-1,CD14 Mono,1,CD14 Mono,0.00874471664428711,,0.017759944533923294,0.0,0.34043288230895996,0.023484883879906344
totalvi,PBMC5k_CTGTGGGAGTGATCGG-1,CD4 Naive,1,CD4 Naive,0.07595986127853394,,0.020490031298392775,0.0,0.3688840866088867,0.07780393940763751
totalvi,PBMC5k_CTGTGGGAGTTGGCTT-1,CD14 Mono,1,CD14 Mono,0.0025030970573425293,,0.0005124330960722505,0.0,0.05986785516142845,0.003211742327465128
totalvi,PBMC5k_CTGTGGGGTCTAGATC-1,NK,1,NK,0.000749051570892334,,0.0005467198314767132,0.0,0.042179808020591736,0.003147053565803939
totalvi,PBMC5k_CTGTGGGTCAGTCATG-1,Eryth,0,CD14 Mono,0.2824856638908386,,0.014847651691475283,0.19999999999999996,0.6524593234062195,0.17478194503314357
totalvi,PBMC5k_CTTACCGCAGCAGTTT-1,CD14 Mono,1,CD14 Mono,0.001519620418548584,,0.0032893839290144278,0.0,0.10426849126815796,0.014111093274257873
totalvi,PBMC5k_CTTACCGGTTAAGTCC-1,NK,1,NK,0.0009788274765014648,,0.011567216518800147,0.0,0.05077878385782242,0.005643884200626276
totalvi,PBMC5k_CTTAGGAAGGACTGGT-1,CD16 Mono,1,CD16 Mono,0.0044754743576049805,,0.004129157345088716,0.0,0.036250632256269455,0.0050152827117071865
totalvi,PBMC5k_CTTAGGAGTAGACGGT-1,CD14 Mono,1,CD14 Mono,0.003072798252105713,,0.001272490067162152,0.0,0.05933038145303726,0.003716000911197589
totalvi,PBMC5k_CTTAGGAGTCAGGTGA-1,CD4 Naive,1,CD4 Naive,0.13813120126724243,,0.05769553145704409,0.0,0.8031969666481018,0.13539324938473504
totalvi,PBMC5k_CTTCAATCAGGAGGAG-1,CD4 Naive,1,CD4 Naive,0.1295422911643982,,0.04992363942344946,0.19999999999999996,1.1075103282928467,0.21474048672077234
totalvi,PBMC5k_CTTCAATGTCCAGAAG-1,CD4 TEM,1,CD4 TEM,0.0766344666481018,,0.03470601077949759,0.0,0.5903267860412598,0.1211544744375245
totalvi,PBMC5k_CTTCAATTCATACGGT-1,NK,1,NK,0.0395205020904541,,0.028207705807993366,0.0,0.2071675807237625,0.024377288146949935
totalvi,PBMC5k_CTTCAATTCCGTGGCA-1,CD4 TCM,1,CD4 TCM,0.01914113759994507,,0.0037258364494228424,0.0,0.1649504005908966,0.023530475305006272
totalvi,PBMC5k_CTTCAATTCTCACTCG-1,CD14 Mono,1,CD14 Mono,0.0035747885704040527,,0.002017949919780604,0.0,0.07938103377819061,0.004190280020253804
totalvi,PBMC5k_CTTCAATTCTGCATAG-1,CD4 TEM,1,CD4 TEM,0.07072234153747559,,0.036170142243227954,0.0,0.5072739720344543,0.06679948445048152
totalvi,PBMC5k_CTTCCTTAGACGTCGA-1,CD14 Mono,1,CD14 Mono,0.003342866897583008,,0.0011740380680536483,0.0,0.06864657998085022,0.004851973121243252
totalvi,PBMC5k_CTTCCTTCACGCTGCA-1,NK,1,NK,0.0009646415710449219,,0.0014742371709378053,0.0,0.02263806201517582,0.0017465924247214678
totalvi,PBMC5k_CTTCCTTGTTTCAGAC-1,B memory,1,B memory,0.04724681377410889,,0.07580654576696788,0.0,1.0467387437820435,0.12157587723141547
totalvi,PBMC5k_CTTCCTTTCAGTGTGT-1,CD4 Naive,1,CD4 Naive,0.3056698441505432,,0.03585144178643751,0.0,0.4772301912307739,0.07065376253223368
totalvi,PBMC5k_CTTCGGTCAATCGTCA-1,CD4 Naive,0,CD4 TCM,0.39422494173049927,,0.04688036159454867,0.4,1.1477694511413574,0.17688021878480664
totalvi,PBMC5k_CTTCGGTCACTAGGTT-1,NK,1,NK,0.010925114154815674,,0.004338132959613716,0.0,0.0927819311618805,0.0075711887341261075
totalvi,PBMC5k_CTTCGGTCAGTAGATA-1,CD4 TCM,0,CD4 Naive,0.33123135566711426,,0.022913227686568893,0.19999999999999996,1.1175583600997925,0.15849431420282217
totalvi,PBMC5k_CTTCGGTGTCACTTCC-1,CD14 Mono,1,CD14 Mono,0.006757080554962158,,0.0011612210465460418,0.0,0.05132310837507248,0.004892475841849671
totalvi,PBMC5k_CTTCGGTTCAAGAAAC-1,B memory,0,B intermediate,0.6593208014965057,,0.12122619402434198,0.4,1.4739165306091309,0.04851574427633455
totalvi,PBMC5k_CTTCTAAAGTTAACGA-1,CD14 Mono,1,CD14 Mono,0.0034360289573669434,,0.0005581977319368443,0.0,0.10202973335981369,0.016079247734264845
totalvi,PBMC5k_CTTCTAACAAAGCTAA-1,CD4 Naive,0,CD4 TCM,0.3686720132827759,,0.16092401254278366,0.4,1.305041790008545,0.16641611773541826
totalvi,PBMC5k_CTTCTAACAAAGGCAC-1,CD14 Mono,1,CD14 Mono,0.0016541481018066406,,0.001747304506999392,0.0,0.088246189057827,0.006831742384821367
totalvi,PBMC5k_CTTCTAACACAAGTTC-1,CD4 Naive,1,CD4 Naive,0.44952982664108276,,0.053923234302788,0.19999999999999996,1.028017520904541,0.07497913566062114
totalvi,PBMC5k_CTTCTAACAGCTGTGC-1,CD14 Mono,1,CD14 Mono,0.0028461217880249023,,0.0008231632831228082,0.0,0.06623943895101547,0.0024039110702919627
totalvi,PBMC5k_CTTCTAAGTCGGATTT-1,ILC,0,CD4 TEM,0.5409406125545502,,0.11009903483778394,0.19999999999999996,1.3698698282241821,0.06267312999636336
totalvi,PBMC5k_CTTCTAAGTGCGACAA-1,NK,1,NK,0.001182258129119873,,0.00032003962475166126,0.0,0.024061594158411026,0.001133030224914084
totalvi,PBMC5k_CTTCTAATCCAAAGGG-1,CD14 Mono,1,CD14 Mono,0.03948134183883667,,0.024581060625565088,0.0,0.8054922819137573,0.05945350245288512
totalvi,PBMC5k_CTTCTCTAGCGCCGTT-1,B naive,1,B naive,0.058002769947052,,0.014974525177236353,0.0,0.688433825969696,0.1733384441157756
totalvi,PBMC5k_CTTCTCTCACTCGATA-1,CD4 Naive,1,CD4 Naive,0.4829826354980469,,0.13747091917583587,0.4,1.4059977531433105,0.20446261710414718
totalvi,PBMC5k_CTTCTCTTCGACCACG-1,CD4 Naive,1,CD4 Naive,0.30358564853668213,,0.0868689233682447,0.4,1.4588991403579712,0.15954449496821155
totalvi,PBMC5k_CTTCTCTTCGCAGAGA-1,CD14 Mono,1,CD14 Mono,0.00865018367767334,,0.005313178670351748,0.0,0.39805734157562256,0.05828811850127256
totalvi,PBMC5k_CTTGAGAGTATTCTCT-1,NK,1,NK,7.236003875732422e-05,,7.055872550561964e-05,0.0,0.01751454919576645,0.0010076036864955303
totalvi,PBMC5k_CTTGATTCATCCGTGG-1,NK,1,NK,9.071826934814453e-05,,4.9304494651324256e-05,0.0,0.006762001197785139,0.0004973180002338277
totalvi,PBMC5k_CTTGATTGTCGCGTCA-1,CD4 TCM,0,CD4 TEM,0.35511934757232666,,0.048031128694392966,0.4,1.040948510169983,0.2068428592277478
totalvi,PBMC5k_CTTGATTTCAGCGTCG-1,NK_CD56bright,0,MAIT,0.6830552220344543,,0.09302160277824223,0.19999999999999996,1.1291643381118774,0.11181983144501233
totalvi,PBMC5k_CTTTCAAAGTAATCCC-1,CD14 Mono,1,CD14 Mono,0.01005333662033081,,0.0005078944216154319,0.0,0.09519682079553604,0.01210448021314885
totalvi,PBMC5k_CTTTCGGAGACGTCCC-1,NK_CD56bright,0,NK,0.010516941547393799,,0.0019256762625911791,0.0,0.2601774036884308,0.019506603674885662
totalvi,PBMC5k_CTTTCGGGTATCGAAA-1,CD8 TEM,1,CD8 TEM,0.09669458866119385,,0.06830810699132717,0.0,1.3009345531463623,0.11745249451183443
totalvi,PBMC5k_CTTTCGGTCCGCAACG-1,CD4 Naive,1,CD4 Naive,0.23545598983764648,,0.04892064945346297,0.0,1.1640280485153198,0.14710223500293707
totalvi,PBMC5k_CTTTCGGTCGTGCGAC-1,CD14 Mono,1,CD14 Mono,0.00572049617767334,,0.00165551395373624,0.0,0.06698577105998993,0.004486574590413073
totalvi,PBMC5k_CTTTCGGTCTCGCAGG-1,CD14 Mono,1,CD14 Mono,0.00127333402633667,,0.000407869317351461,0.0,0.039019934833049774,0.0021750125631254894
totalvi,PBMC5k_GAAACCTAGGCACTAG-1,B intermediate,1,B intermediate,0.3641069531440735,,0.06786583179527295,0.19999999999999996,0.8999674320220947,0.11229355426524538
totalvi,PBMC5k_GAAACCTCACAACGCC-1,CD4 TCM,0,CD4 TEM,0.22491341829299927,,0.1063095976343078,0.0,0.7906070947647095,0.055492599998121124
totalvi,PBMC5k_GAAACCTCAGCGTGAA-1,CD14 Mono,1,CD14 Mono,0.009064137935638428,,0.002432418634582295,0.0,0.3226601779460907,0.024679253443491776
totalvi,PBMC5k_GAAACCTCAGGCTATT-1,CD14 Mono,1,CD14 Mono,0.02318328619003296,,0.0047607902928814005,0.0,0.09257283061742783,0.0035825648046717523
totalvi,PBMC5k_GAAACCTCATACAGGG-1,CD4 TCM,0,CD4 Naive,0.4698699712753296,,0.03471707246050937,0.4,1.1446444988250732,0.10666690142153669
totalvi,PBMC5k_GAAACCTCATTGTCGA-1,CD4 TEM,1,CD4 TEM,0.09261345863342285,,0.021017341950146595,0.0,0.6233413219451904,0.094892219137855
totalvi,PBMC5k_GAAACCTGTACTGCCG-1,CD14 Mono,1,CD14 Mono,0.004765689373016357,,0.0008047964388324808,0.0,0.12934081256389618,0.01809500930843849
totalvi,PBMC5k_GAAACCTGTGCTCTCT-1,CD4 TCM,0,CD4 TEM,0.5264213681221008,,0.1324306774276629,0.4,1.0528836250305176,0.055783708042857864
totalvi,PBMC5k_GAAATGAAGATTGTGA-1,CD14 Mono,1,CD14 Mono,0.006954848766326904,,0.0023621267722606226,0.0,0.14528195559978485,0.023731666190275474
totalvi,PBMC5k_GAAATGAGTAAGTTGA-1,NK,1,NK,0.0033240318298339844,,0.0023985562253278844,0.0,0.12460550665855408,0.016651694068402324
totalvi,PBMC5k_GAAATGATCTCCGTGT-1,CD8 TEM,1,CD8 TEM,0.10310286283493042,,0.13538928130180394,0.19999999999999996,1.3082212209701538,0.14367964806261643
totalvi,PBMC5k_GAACACTAGCTAAACA-1,NK,1,NK,0.0025973916053771973,,0.0012480404921416666,0.0,0.036083515733480453,0.0041973546607943
totalvi,PBMC5k_GAACACTCAATCTGCA-1,B memory,0,B intermediate,0.29967832565307617,,0.07905481485165311,0.19999999999999996,0.9390828013420105,0.10183908635720451
totalvi,PBMC5k_GAACACTCAATGGCAG-1,B intermediate,1,B intermediate,0.3662654757499695,,0.04930635223580926,0.19999999999999996,0.7213715314865112,0.1637238793285385
totalvi,PBMC5k_GAACGTTAGCACTCGC-1,CD8 Naive,1,CD8 Naive,0.07785755395889282,,0.020983530454836696,0.0,0.6861299872398376,0.11342337288677122
totalvi,PBMC5k_GAACTGTAGACTACGG-1,CD14 Mono,1,CD14 Mono,0.009129226207733154,,0.005023471285304143,0.0,0.19757600128650665,0.0522562963724348
totalvi,PBMC5k_GAACTGTAGCGTGCCT-1,CD16 Mono,0,CD14 Mono,0.42339879274368286,,0.12556054764469748,0.19999999999999996,0.6873044371604919,0.17377476847068912
totalvi,PBMC5k_GAACTGTCAGCAGTCC-1,CD14 Mono,1,CD14 Mono,0.12486815452575684,,0.0326472478107207,0.0,0.42868801951408386,0.06957940162278525
totalvi,PBMC5k_GAACTGTTCTCTCGCA-1,Eryth,0,CD14 Mono,0.311798095703125,,0.06766144737819257,0.0,0.532135009765625,0.12794458875854517
totalvi,PBMC5k_GAAGAATAGGATTACA-1,CD14 Mono,1,CD14 Mono,0.019907474517822266,,0.00248464094212765,0.0,0.07479362934827805,0.010252079206903447
totalvi,PBMC5k_GAAGAATGTCCTTGTC-1,B memory,1,B memory,0.08513528108596802,,0.0810547419066352,0.19999999999999996,0.6326587200164795,0.20960837663776236
totalvi,PBMC5k_GAAGAATTCAGTCTTT-1,CD4 TEM,1,CD4 TEM,0.2503313422203064,,0.06603909182556456,0.19999999999999996,0.896603524684906,0.17520044349435726
totalvi,PBMC5k_GAAGCCCGTGTGAGCA-1,NK,1,NK,0.005532622337341309,,0.0009097035960353092,0.0,0.050828296691179276,0.005255469203431943
totalvi,PBMC5k_GAAGCGAAGGTGATAT-1,B intermediate,1,B intermediate,0.34910470247268677,,0.05587435121294759,0.4,1.0751618146896362,0.09580263437319354
totalvi,PBMC5k_GAAGCGACAATCGTCA-1,CD14 Mono,1,CD14 Mono,0.020929336547851562,,0.0009197302985621963,0.0,0.09975139796733856,0.009252177582700393
totalvi,PBMC5k_GAAGCGAGTACCTAAC-1,CD4 TEM,1,CD4 TEM,0.33520179986953735,,0.05195421689249202,0.19999999999999996,1.0602067708969116,0.18675387640974359
totalvi,PBMC5k_GAAGCGAGTTGTCTAG-1,CD14 Mono,1,CD14 Mono,0.010311901569366455,,0.00338099078845025,0.0,0.09022396057844162,0.008474393644411273
totalvi,PBMC5k_GAAGCGATCCACATAG-1,B memory,1,B memory,0.039506733417510986,,0.025762290028614132,0.19999999999999996,0.7928431630134583,0.2033885372494085
totalvi,PBMC5k_GAAGGACAGTGCACAG-1,Treg,0,CD4 Naive,0.1539376974105835,,0.055506328817257145,0.0,0.5053028464317322,0.0037732327189527416
totalvi,PBMC5k_GAAGGACCAACCCGCA-1,NK,1,NK,2.193450927734375e-05,,3.092202182159885e-05,0.0,0.008647853508591652,0.0009807829028141606
totalvi,PBMC5k_GAAGGACCACCGGCTA-1,Treg,0,CD4 TEM,0.56148961186409,,0.20236312998746442,0.4,1.1974273920059204,0.14750176797320125
totalvi,PBMC5k_GAAGGACTCGTAGTGT-1,B intermediate,0,B memory,0.3363568186759949,,0.06304000595710169,0.19999999999999996,0.8887497186660767,0.0379855570240862
totalvi,PBMC5k_GAAGGGTAGTCCCGAC-1,CD14 Mono,1,CD14 Mono,0.02709585428237915,,0.029237305767138677,0.0,0.4260444641113281,0.13243606288147328
totalvi,PBMC5k_GAAGGGTAGTGTAGTA-1,Eryth,0,pDC,0.18792784214019775,,0.1325991976087988,0.4,1.2581822872161865,0.010182158903073918
totalvi,PBMC5k_GAAGGGTCAAACTCTG-1,CD14 Mono,1,CD14 Mono,0.013486802577972412,,0.006187994826706844,0.0,0.13371628522872925,0.01923734791720796
totalvi,PBMC5k_GAAGGGTCAAGGCCTC-1,CD14 Mono,1,CD14 Mono,0.007472991943359375,,0.0016168629904059206,0.0,0.2521149814128876,0.04289258277169766
totalvi,PBMC5k_GAAGGGTGTACGTTCA-1,NK,1,NK,0.017819523811340332,,0.00405752532786359,0.0,0.16584406793117523,0.0373129147854237
totalvi,PBMC5k_GAAGGGTGTCCATCTC-1,B intermediate,1,B intermediate,0.4411616921424866,,0.09760513419661421,0.4,1.1375259160995483,0.06661108044326984
totalvi,PBMC5k_GAAGGGTTCATCCTGC-1,CD4 Naive,1,CD4 Naive,0.19542992115020752,,0.03563473683110718,0.0,0.5605252981185913,0.06070839380949103
totalvi,PBMC5k_GAAGGGTTCATTTGCT-1,CD4 Naive,1,CD4 Naive,0.1642783284187317,,0.02164189899584218,0.0,0.30047133564949036,0.03486265450869992
totalvi,PBMC5k_GAAGTAAGTGGTACAG-1,NK,1,NK,0.028041422367095947,,0.004026629177402652,0.0,0.15643255412578583,0.018644702614512527
totalvi,PBMC5k_GAATAGAAGCATATGA-1,CD4 Naive,1,CD4 Naive,0.22420865297317505,,0.020193130260507286,0.0,0.7185394763946533,0.16597202937243344
totalvi,PBMC5k_GAATAGAAGCTGTCCG-1,CD4 Naive,0,CD4 TCM,0.3652417063713074,,0.028737286732556155,0.19999999999999996,0.9855323433876038,0.09921535546873718
totalvi,PBMC5k_GAATAGATCTTTCTAG-1,MAIT,1,MAIT,0.22563964128494263,,0.11786377542619153,0.19999999999999996,0.789649248123169,0.17293023738642382
totalvi,PBMC5k_GAATCACAGGGATCTG-1,CD4 Naive,1,CD4 Naive,0.38814234733581543,,0.10932765129922495,0.0,0.761254608631134,0.0652728473513749
totalvi,PBMC5k_GAATCACCAACCTAAC-1,CD4 TEM,1,CD4 TEM,0.12426286935806274,,0.05027066911942801,0.0,0.8958322405815125,0.1132714098347496
totalvi,PBMC5k_GAATCACCATTGACCA-1,CD14 Mono,1,CD14 Mono,0.09830260276794434,,0.009594041459120961,0.0,0.11048993468284607,0.012358489660769731
totalvi,PBMC5k_GAATCACGTGTTGATC-1,CD14 Mono,1,CD14 Mono,0.007632791996002197,,0.00294759022514373,0.0,0.0810314267873764,0.0047226682071904785
totalvi,PBMC5k_GAATCGTAGCACGATG-1,CD14 Mono,1,CD14 Mono,0.002923130989074707,,0.0017521618701103851,0.0,0.06305798143148422,0.0030130133898625183
totalvi,PBMC5k_GAATCGTAGCGCCCAT-1,CD8 TEM,1,CD8 TEM,0.15279579162597656,,0.02586751105594909,0.0,0.8643556833267212,0.13494772110804673
totalvi,PBMC5k_GAATCGTAGGTACAAT-1,CD14 Mono,1,CD14 Mono,0.0011175274848937988,,0.0007013313357796848,0.0,0.034542016685009,0.0015563460814768026
totalvi,PBMC5k_GAATCGTAGGTCGTGA-1,CD8 TEM,1,CD8 TEM,0.15502387285232544,,0.15678904317265252,0.19999999999999996,1.1807726621627808,0.2712728943483788
totalvi,PBMC5k_GACACGCTCGGCTGTG-1,CD16 Mono,1,CD16 Mono,0.0006365180015563965,,0.00022667863132973774,0.0,0.0036825984716415405,0.0001496391082854169
totalvi,PBMC5k_GACACGCTCTCCTGAC-1,CD4 TEM,1,CD4 TEM,0.41840511560440063,,0.08587358801558453,0.4,0.9915981292724609,0.22027505473435874
totalvi,PBMC5k_GACAGCCAGTACAGAT-1,B memory,0,B intermediate,0.2558673024177551,,0.07728133444015695,0.19999999999999996,0.8399315476417542,0.08673641567903176
totalvi,PBMC5k_GACAGCCGTCGTCTCT-1,CD14 Mono,1,CD14 Mono,0.003873765468597412,,0.0008315378904866846,0.0,0.07340244948863983,0.004044689823444339
totalvi,PBMC5k_GACAGCCTCGGACCAC-1,B memory,1,B memory,0.24754124879837036,,0.11800180890991252,0.19999999999999996,0.8513820171356201,0.24441311982570418
totalvi,PBMC5k_GACATCAAGCAACCAG-1,CD8 TEM,1,CD8 TEM,0.06030780076980591,,0.06391181204215013,0.0,0.8846932053565979,0.1452246557234893
totalvi,PBMC5k_GACATCACACCCTTAC-1,CD4 Naive,0,CD4 TCM,0.07497131824493408,,0.09244256250329563,0.4,0.9977405071258545,0.2549641267224844
totalvi,PBMC5k_GACATCACACGGATCC-1,CD14 Mono,1,CD14 Mono,0.004595160484313965,,0.0007795957047027104,0.0,0.15333816409111023,0.015421496835276825
totalvi,PBMC5k_GACATCAGTGAAAGTT-1,Treg,0,CD4 TCM,0.21711349487304688,,0.05911598767291959,0.19999999999999996,1.1174336671829224,0.025364281235377397
totalvi,PBMC5k_GACCAATCAAATGAGT-1,CD8 TEM,1,CD8 TEM,0.09555453062057495,,0.014337585931053609,0.0,0.7924751043319702,0.13700796312319358
totalvi,PBMC5k_GACCAATCACCTCTAC-1,CD4 TEM,1,CD4 TEM,0.058390259742736816,,0.02030224838692357,0.0,0.4877634048461914,0.06911747285265833
totalvi,PBMC5k_GACCAATTCTAACGCA-1,CD14 Mono,1,CD14 Mono,0.0038115382194519043,,0.01052714494958075,0.0,0.1291332244873047,0.009768505748165044
totalvi,PBMC5k_GACCAATTCTTAATCC-1,CD14 Mono,1,CD14 Mono,0.00555419921875,,0.001655873258571014,0.0,0.07250470668077469,0.0028930375864374466
totalvi,PBMC5k_GACCCAGCAACGACTT-1,CD4 Naive,1,CD4 Naive,0.12691497802734375,,0.049214377979447166,0.0,0.3893781900405884,0.06948311404359167
totalvi,PBMC5k_GACCCTTAGGGCATGT-1,CD14 Mono,1,CD14 Mono,0.03638190031051636,,0.0022526179719359746,0.0,0.11319985240697861,0.01680860066027481
totalvi,PBMC5k_GACCCTTCAATAGGGC-1,CD14 Mono,1,CD14 Mono,0.004065513610839844,,0.001428474691632188,0.0,0.13122782111167908,0.011756395478380846
totalvi,PBMC5k_GACCCTTCAGCCGGTT-1,CD4 Naive,1,CD4 Naive,0.3055024743080139,,0.0905701138312327,0.0,0.8469773530960083,0.09011564425979068
totalvi,PBMC5k_GACCCTTGTCCTCAGG-1,CD4 TEM,1,CD4 TEM,0.06629765033721924,,0.02381718992391646,0.0,0.4432503879070282,0.026925005321608693
totalvi,PBMC5k_GACCCTTGTGGTCTTA-1,B memory,1,B memory,0.2925601005554199,,0.17217982579114255,0.19999999999999996,0.875042736530304,0.18697128164666488
totalvi,PBMC5k_GACCCTTGTGTCTAAC-1,CD4 Naive,0,CD4 TCM,0.4753289222717285,,0.10172911739378865,0.6,1.4483022689819336,0.2061683549510444
totalvi,PBMC5k_GACCCTTTCATTGTGG-1,NK_CD56bright,0,NK,0.12043893337249756,,0.1356135315706175,0.0,0.852678120136261,0.17110899708360727
totalvi,PBMC5k_GACCGTGCAATCTCGA-1,gdT,0,MAIT,0.43691688776016235,,0.03942722140523858,0.0,0.8189098834991455,0.056148299647912965
totalvi,PBMC5k_GACCGTGCACGGTCTG-1,CD4 Naive,1,CD4 Naive,0.11866891384124756,,0.05144151229906557,0.0,0.9921563863754272,0.10902742664113692
totalvi,PBMC5k_GACCGTGCATGTCTAG-1,CD14 Mono,1,CD14 Mono,0.4950419068336487,,0.060819971647052884,0.0,0.6778067350387573,0.13537023688419225
totalvi,PBMC5k_GACCTTCAGTATGAAC-1,cDC2,1,cDC2,0.00041610002517700195,,0.00017768414202510782,0.0,0.005385891534388065,0.0005344445658015104
totalvi,PBMC5k_GACGCTGAGTTAGAAC-1,CD4 TEM,1,CD4 TEM,0.22626030445098877,,0.05449217153404784,0.4,1.164144515991211,0.15610291466988258
totalvi,PBMC5k_GACGCTGCACCCGTAG-1,CD14 Mono,1,CD14 Mono,0.0026822686195373535,,0.002477353378326788,0.0,0.10858067870140076,0.012759068023747176
totalvi,PBMC5k_GACGCTGTCGCAATTG-1,CD4 TCM,1,CD4 TCM,0.2558874487876892,,0.0752440324832474,0.4,0.9079261422157288,0.2714327015404796
totalvi,PBMC5k_GACGTTACACAGTACT-1,B naive,1,B naive,0.013187587261199951,,0.005970408857257428,0.0,0.28337812423706055,0.07503430781065272
totalvi,PBMC5k_GACGTTACACTGGCGT-1,cDC2,1,cDC2,0.06421852111816406,,0.028019497692130774,0.0,0.41518428921699524,0.11829554033353977
totalvi,PBMC5k_GACGTTACAGTTCACA-1,CD4 TEM,1,CD4 TEM,0.06174987554550171,,0.023992730702684595,0.0,0.6511702537536621,0.07600107939841542
totalvi,PBMC5k_GACTATGAGCGCTTCG-1,gdT,0,CD8 Naive,0.3124300241470337,,0.2358483915056051,0.4,1.2833058834075928,0.047244508802266216
totalvi,PBMC5k_GACTATGAGGCCATAG-1,CD16 Mono,1,CD16 Mono,0.006421327590942383,,0.0020270180695900267,0.0,0.016154607757925987,0.0006646033407926573
totalvi,PBMC5k_GACTATGGTTATTCCT-1,CD4 TEM,1,CD4 TEM,0.4146645665168762,,0.07791568810048322,0.0,0.8138289451599121,0.07360691967601199
totalvi,PBMC5k_GACTATGTCCTTTAGT-1,CD4 TEM,1,CD4 TEM,0.3487628698348999,,0.09822372473553076,0.0,0.7135680913925171,0.0934248834157425
totalvi,PBMC5k_GACTCAACATTGTACG-1,CD4 Naive,1,CD4 Naive,0.37899231910705566,,0.013596699282637625,0.19999999999999996,1.0153855085372925,0.22327856660200335
totalvi,PBMC5k_GACTCAAGTCATCGGC-1,NK,1,NK,0.003946900367736816,,0.000855864845130918,0.0,0.03134584426879883,0.0028852823529154745
totalvi,PBMC5k_GACTCTCAGAGAGCAA-1,CD4 TCM,0,CD4 Naive,0.4607887268066406,,0.0861467702918961,0.4,1.5258228778839111,0.07149225402096572
totalvi,PBMC5k_GACTCTCCAATACGCT-1,CD14 Mono,1,CD14 Mono,0.006799161434173584,,0.0022811380580912005,0.0,0.1611863523721695,0.01964324676877904
totalvi,PBMC5k_GACTCTCGTCATGACT-1,NK_CD56bright,1,NK_CD56bright,0.271716833114624,,0.08736425589363161,0.19999999999999996,0.9948522448539734,0.2541370988371413
totalvi,PBMC5k_GACTGATAGTAATACG-1,MAIT,1,MAIT,0.01540285348892212,,0.002145101547847056,0.0,0.044102758169174194,0.0077711459571669465
totalvi,PBMC5k_GACTGATGTAGAATGT-1,CD14 Mono,1,CD14 Mono,0.04463249444961548,,0.005802034003120432,0.0,0.6410314440727234,0.14575253654185213
totalvi,PBMC5k_GACTTCCAGGTCTACT-1,NK,1,NK,0.0021289587020874023,,0.000342861495246519,0.0,0.03168943151831627,0.0035852092420128575
totalvi,PBMC5k_GACTTCCCAAATACAG-1,CD4 Naive,1,CD4 Naive,0.1800432801246643,,0.06025416815073059,0.19999999999999996,0.847743809223175,0.174676278862585
totalvi,PBMC5k_GACTTCCCACCATTCC-1,CD16 Mono,1,CD16 Mono,0.0033968687057495117,,0.006216570371234402,0.0,0.04494249448180199,0.004834782498771963
totalvi,PBMC5k_GAGAAATCAAAGGCAC-1,ILC,0,CD4 TCM,0.22832095623016357,,0.029736827371146024,0.19999999999999996,0.8174588084220886,0.025761157073865414
totalvi,PBMC5k_GAGAAATTCCATTCGC-1,CD14 Mono,1,CD14 Mono,0.28217554092407227,,0.02471942775793512,0.19999999999999996,0.5632767081260681,0.18853200105031465
totalvi,PBMC5k_GAGAAATTCTTTCAGT-1,CD4 Naive,1,CD4 Naive,0.08664608001708984,,0.04194777142624462,0.0,0.7733651995658875,0.09145578428461167
totalvi,PBMC5k_GAGACCCCAAGAATAC-1,CD16 Mono,1,CD16 Mono,0.0033245086669921875,,0.0008233274663059682,0.0,0.02115757204592228,0.0024508422849310214
totalvi,PBMC5k_GAGACCCGTAAGGTCG-1,CD14 Mono,1,CD14 Mono,0.002199709415435791,,0.0013713090336661612,0.0,0.10466022044420242,0.005299971286071691
totalvi,PBMC5k_GAGACCCGTCCTCCTA-1,CD14 Mono,1,CD14 Mono,0.02060455083847046,,0.0009233869936575295,0.0,0.13709767162799835,0.02654535383115834
totalvi,PBMC5k_GAGACCCGTTCAAACC-1,CD14 Mono,1,CD14 Mono,0.0033593177795410156,,0.00032695053595912724,0.0,0.06514135748147964,0.006687730947038603
totalvi,PBMC5k_GAGACCCTCTGAACGT-1,B naive,1,B naive,0.05035603046417236,,0.03597265895375645,0.0,0.7117571830749512,0.2280456855621323
totalvi,PBMC5k_GAGACTTCAGGACATG-1,CD14 Mono,1,CD14 Mono,0.005773961544036865,,0.008609326859662925,0.0,0.09276870638132095,0.004491698795302035
totalvi,PBMC5k_GAGACTTCATAGCACT-1,NK,1,NK,0.000886380672454834,,0.0008752289395950359,0.0,0.03739946335554123,0.0014674238686682728
totalvi,PBMC5k_GAGACTTGTGTTAAAG-1,CD16 Mono,1,CD16 Mono,0.30498695373535156,,0.049354924921098386,0.0,0.061459291726350784,0.004615629291181059
totalvi,PBMC5k_GAGACTTTCCTGTTAT-1,CD14 Mono,1,CD14 Mono,0.005331993103027344,,0.0016035067336692271,0.0,0.13328085839748383,0.009702500883311191
totalvi,PBMC5k_GAGAGGTAGCGTATAA-1,CD8 TEM,1,CD8 TEM,0.4309577941894531,,0.17258514545254577,0.6,1.7240703105926514,0.17702578579731765
totalvi,PBMC5k_GAGAGGTCAAGTGATA-1,CD16 Mono,1,CD16 Mono,0.02858036756515503,,0.0049388664862459256,0.0,0.026033222675323486,0.0014282666720059312
totalvi,PBMC5k_GAGAGGTTCACTGATG-1,B intermediate,1,B intermediate,0.49603092670440674,,0.030091115150720715,0.19999999999999996,0.9132792353630066,0.12594287730680617
totalvi,PBMC5k_GAGAGGTTCTGAATGC-1,gdT,0,CD8 TEM,0.11254715919494629,,0.1696416532290801,0.19999999999999996,1.092329740524292,0.022186813849860737
totalvi,PBMC5k_GAGATGGGTACAACGG-1,CD4 Naive,0,CD4 TCM,0.5074637234210968,,0.10190466313826119,0.4,0.9435274004936218,0.16953007788929297
totalvi,PBMC5k_GAGATGGGTGAGGAAA-1,CD14 Mono,1,CD14 Mono,0.3065534830093384,,0.018020924935572502,0.4,0.6842549443244934,0.20240206598901547
totalvi,PBMC5k_GAGCCTGAGGTTACCT-1,CD14 Mono,1,CD14 Mono,0.04575461149215698,,0.009871688944444484,0.0,0.3179495334625244,0.04142338344434826
totalvi,PBMC5k_GAGCCTGCAACATACC-1,CD14 Mono,1,CD14 Mono,0.0008513927459716797,,0.000703593846509391,0.0,0.035951610654592514,0.0012243750055718986
totalvi,PBMC5k_GAGCCTGCACCTCGTT-1,gdT,1,gdT,0.3816313147544861,,0.05681697384865758,0.19999999999999996,1.2846341133117676,0.27418174966969155
totalvi,PBMC5k_GAGCCTGCAGGTTCAT-1,CD14 Mono,1,CD14 Mono,0.014004766941070557,,0.0024839686869189553,0.0,0.1173209697008133,0.014951648612650229
totalvi,PBMC5k_GAGCCTGGTTCTTAGG-1,CD8 TEM,1,CD8 TEM,0.49007606506347656,,0.0795598103229509,0.19999999999999996,1.5536315441131592,0.1981998753542753
totalvi,PBMC5k_GAGCCTGGTTTCCCAC-1,B intermediate,0,B naive,0.12600934505462646,,0.019885906294987987,0.0,0.4907841384410858,0.05525680210033614
totalvi,PBMC5k_GAGCCTGTCTTAATCC-1,CD4 TCM,0,CD4 Naive,0.2219197154045105,,0.06165533677712942,0.19999999999999996,1.0006129741668701,0.16444448145724586
totalvi,PBMC5k_GAGCTGCAGAGATTCA-1,CD8 TEM,1,CD8 TEM,0.06147909164428711,,0.029084844097938323,0.0,0.9223987460136414,0.1326045681476952
totalvi,PBMC5k_GAGCTGCAGCACGGAT-1,NK,1,NK,0.022355973720550537,,0.01014994543024185,0.0,0.25234875082969666,0.026082151389195576
totalvi,PBMC5k_GAGCTGCAGGGAACAA-1,CD4 TCM,0,CD4 TEM,0.5254772305488586,,0.06206704889453318,0.19999999999999996,1.1379823684692383,0.14559866585132003
totalvi,PBMC5k_GAGCTGCCATAGTCAC-1,CD14 Mono,1,CD14 Mono,0.007559299468994141,,0.001934659349748312,0.0,0.13023050129413605,0.01994335461319956
totalvi,PBMC5k_GAGGCAAAGGTCTGGA-1,CD4 TCM,0,CD4 TEM,0.4136117100715637,,0.04443339036692895,0.4,1.132656455039978,0.24096118568594138
totalvi,PBMC5k_GAGGCAACACTTCAAG-1,cDC2,1,cDC2,0.0003660917282104492,,0.00019908711132498886,0.0,0.008209857158362865,0.0009179941985443695
totalvi,PBMC5k_GAGGCCTAGAAGGCTC-1,CD14 Mono,1,CD14 Mono,0.0008038878440856934,,0.0006057396632517271,0.0,0.05692557990550995,0.00807789346054444
totalvi,PBMC5k_GAGGCCTAGTGTTGTC-1,CD14 Mono,1,CD14 Mono,0.0216444730758667,,0.004094725037145669,0.0,0.3360224664211273,0.05208058964052076
totalvi,PBMC5k_GAGGCCTCAACTCCAA-1,CD4 TCM,1,CD4 TCM,0.27131587266921997,,0.010908515214304915,0.0,0.8173723816871643,0.1907832853519053
totalvi,PBMC5k_GAGGCCTTCTTCGTGC-1,CD4 TEM,1,CD4 TEM,0.20544099807739258,,0.1720422007205369,0.4,1.2960302829742432,0.23459163184930618
totalvi,PBMC5k_GAGGGATAGCTAAATG-1,CD14 Mono,1,CD14 Mono,0.035498082637786865,,0.004309925276267321,0.0,0.13600750267505646,0.018846415409845114
totalvi,PBMC5k_GAGGGATCAAAGGCTG-1,NK,1,NK,0.0012458562850952148,,0.00048647715960033547,0.0,0.03168250620365143,0.0027800903802245604
totalvi,PBMC5k_GAGGGTAAGCAGGCAT-1,CD14 Mono,1,CD14 Mono,0.0025392770767211914,,0.00298422907521851,0.0,0.19078578054904938,0.01897505331999074
totalvi,PBMC5k_GAGGGTAAGTCAGGGT-1,ILC,0,CD4 TEM,0.24745118618011475,,0.03168877695022254,0.0,1.046851396560669,0.090897186853811
totalvi,PBMC5k_GAGGGTACAGAGGTTG-1,CD4 Naive,1,CD4 Naive,0.2545408606529236,,0.07178839066753628,0.19999999999999996,0.989958643913269,0.21066010742829844
totalvi,PBMC5k_GAGGGTAGTATGTCAC-1,CD4 Naive,1,CD4 Naive,0.2911102771759033,,0.0447372428912125,0.0,0.9504717588424683,0.17927164758686412
totalvi,PBMC5k_GAGGGTAGTTGCCGCA-1,CD4 Naive,1,CD4 Naive,0.46808016300201416,,0.07777234053132331,0.4,1.2299317121505737,0.11815969438228331
totalvi,PBMC5k_GAGGGTAGTTTATGCG-1,cDC2,1,cDC2,0.2003382444381714,,0.0464210173656317,0.0,0.2632647752761841,0.04550309511738511
totalvi,PBMC5k_GAGGGTATCACTGATG-1,CD14 Mono,1,CD14 Mono,0.0052277445793151855,,0.0013957740360449264,0.0,0.09480001032352448,0.014295716095150684
totalvi,PBMC5k_GAGGGTATCTGTAAGC-1,CD16 Mono,1,CD16 Mono,0.006814002990722656,,0.001661388429377464,0.0,0.008506709709763527,0.00054685800634198
totalvi,PBMC5k_GAGTCATGTGAGAGGG-1,CD4 TCM,1,CD4 TCM,0.08663946390151978,,0.01476126152343632,0.0,0.5994161367416382,0.06004437070480159
totalvi,PBMC5k_GAGTCATTCCCGTGTT-1,CD4 Naive,1,CD4 Naive,0.08123886585235596,,0.026735008940774296,0.0,0.9223517775535583,0.1490650518110654
totalvi,PBMC5k_GAGTGTTAGACTCGAG-1,CD4 TCM,0,CD4 Naive,0.38270866870880127,,0.06879865365592819,0.19999999999999996,1.230797290802002,0.20393979199248846
totalvi,PBMC5k_GAGTGTTAGCTTAAGA-1,B intermediate,1,B intermediate,0.5333705544471741,,0.09468365508818422,0.19999999999999996,0.9209412932395935,0.10829413586816053
totalvi,PBMC5k_GAGTGTTGTCTCCTGT-1,MAIT,1,MAIT,0.026911377906799316,,0.030597391611685676,0.0,0.13475126028060913,0.012620572838844008
totalvi,PBMC5k_GAGTGTTTCGCTGACG-1,CD14 Mono,1,CD14 Mono,0.005109548568725586,,0.002720154726360745,0.0,0.1111898273229599,0.0116210997046055
totalvi,PBMC5k_GAGTTACAGAAATGGG-1,CD8 TCM,0,CD8 Naive,0.04270833730697632,,0.08975582299217943,0.0,1.0071642398834229,0.030476975579372487
totalvi,PBMC5k_GAGTTACCAAAGCTCT-1,CD4 TEM,1,CD4 TEM,0.04113328456878662,,0.0062701675685497005,0.0,0.5631739497184753,0.16774425487971847
totalvi,PBMC5k_GAGTTACTCGGTGCAC-1,CD4 Naive,1,CD4 Naive,0.08287274837493896,,0.030655845095138412,0.0,0.41772517561912537,0.05869058203284057
totalvi,PBMC5k_GAGTTGTAGAGCATAT-1,CD4 TEM,0,CD8 TEM,0.30872881412506104,,0.28039106853148676,0.0,0.7432272434234619,0.07877483664359784
totalvi,PBMC5k_GAGTTGTAGTCATGCT-1,CD4 Naive,1,CD4 Naive,0.2382768988609314,,0.06656263278929575,0.0,1.140232801437378,0.09640673650322568
totalvi,PBMC5k_GAGTTGTCAGGACTAG-1,Eryth,1,Eryth,0.13538259267807007,,0.08867324884478756,0.4,0.6888397336006165,0.20087571648300562
totalvi,PBMC5k_GAGTTGTCAGTCGCTG-1,CD14 Mono,1,CD14 Mono,0.002291560173034668,,0.0005763948028553872,0.0,0.03332494571805,0.0019040960170075194
totalvi,PBMC5k_GAGTTGTGTCCTGAAT-1,CD4 Naive,1,CD4 Naive,0.48617058992385864,,0.05417184625000293,0.0,1.236600637435913,0.07983467719836657
totalvi,PBMC5k_GAGTTTGCACGCGGTT-1,CD8 TEM,1,CD8 TEM,0.25644469261169434,,0.16234944862126577,0.19999999999999996,1.3354765176773071,0.21904738016277983
totalvi,PBMC5k_GAGTTTGGTGGCCTCA-1,ILC,0,CD4 TCM,0.32055532932281494,,0.04130131700297546,0.4,1.0540697574615479,0.06134357997089437
totalvi,PBMC5k_GAGTTTGGTTGGGATG-1,CD14 Mono,1,CD14 Mono,0.0031366348266601562,,0.001353835698096592,0.0,0.13296380639076233,0.01231721000171361
totalvi,PBMC5k_GAGTTTGTCTCTGGTC-1,CD14 Mono,1,CD14 Mono,0.003072798252105713,,0.0009298692186619287,0.0,0.1172967478632927,0.012204272420828784
totalvi,PBMC5k_GATAGAACATGCCGGT-1,CD4 Naive,1,CD4 Naive,0.14367908239364624,,0.017956548562103603,0.0,0.8060861825942993,0.1423906911108977
totalvi,PBMC5k_GATAGAAGTATGTCCA-1,gdT,0,NK,0.09126317501068115,,0.02391978551070109,0.0,0.08581274002790451,0.001016466582917992
totalvi,PBMC5k_GATAGCTTCCACTTTA-1,NK,1,NK,0.00013828277587890625,,0.0002926942673069791,0.0,0.007458586245775223,0.0003277691085958641
totalvi,PBMC5k_GATCACAAGATGCTTC-1,CD14 Mono,1,CD14 Mono,0.002199232578277588,,0.0009467633002964923,0.0,0.06138671189546585,0.002667121902675748
totalvi,PBMC5k_GATCACAAGTATGAGT-1,CD14 Mono,1,CD14 Mono,0.026014506816864014,,0.009910437173781234,0.0,0.3618110418319702,0.07318760881784397
totalvi,PBMC5k_GATCACAGTATTCTCT-1,B intermediate,1,B intermediate,0.07777351140975952,,0.052374484476159666,0.0,0.6763249039649963,0.1591088115573268
totalvi,PBMC5k_GATCACAGTCAGGAGT-1,CD14 Mono,1,CD14 Mono,0.006441652774810791,,0.0006113139379519336,0.0,0.10504574328660965,0.011654378686999855
totalvi,PBMC5k_GATCACAGTTGTCAGT-1,CD14 Mono,1,CD14 Mono,0.012266159057617188,,0.008104344072333958,0.0,0.10733902454376221,0.006023255472440891
totalvi,PBMC5k_GATCACATCATTGTGG-1,CD8 TEM,1,CD8 TEM,0.18255209922790527,,0.17101164881462105,0.0,0.9268289804458618,0.16751212617573427
totalvi,PBMC5k_GATCACATCCGCTTAC-1,CD14 Mono,1,CD14 Mono,0.002914726734161377,,0.000981879480365877,0.0,0.0586339570581913,0.0024748208772833787
totalvi,PBMC5k_GATCAGTAGAGTGAAG-1,NK,1,NK,0.029701709747314453,,0.00651039792713215,0.0,0.28220441937446594,0.06921569445726718
totalvi,PBMC5k_GATCAGTAGCGCTTCG-1,CD4 TEM,1,CD4 TEM,0.08916968107223511,,0.011852731883043088,0.0,0.7190478444099426,0.14092592663748854
totalvi,PBMC5k_GATCAGTCAACAAAGT-1,CD14 Mono,1,CD14 Mono,0.2552946209907532,,0.09428099929270539,0.0,0.5810748338699341,0.09650881873732949
totalvi,PBMC5k_GATCAGTTCTGGGCAC-1,CD14 Mono,1,CD14 Mono,0.0019333958625793457,,0.0005329097873700735,0.0,0.04586727172136307,0.0031075953636533647
totalvi,PBMC5k_GATCATGGTTCAACGT-1,cDC2,1,cDC2,0.4990352392196655,,0.09424311172546207,0.0,0.22570718824863434,0.022961435916250567
totalvi,PBMC5k_GATCATGGTTGACTGT-1,CD4 TCM,1,CD4 TCM,0.49627548456192017,,0.12377066606307285,0.19999999999999996,1.5498720407485962,0.16530137115904528
totalvi,PBMC5k_GATCCCTAGCTAGAGC-1,CD4 TCM,0,CD4 Naive,0.4095436930656433,,0.07424854681815762,0.0,0.8858137726783752,0.09840372538531661
totalvi,PBMC5k_GATCCCTCAGTTGCGC-1,CD14 Mono,1,CD14 Mono,0.04954707622528076,,0.02408761517117619,0.19999999999999996,0.8552611470222473,0.19628399493751716
totalvi,PBMC5k_GATCCCTCATGATGCT-1,CD4 TCM,1,CD4 TCM,0.37455159425735474,,0.03860772794506229,0.0,1.0938618183135986,0.16767521548066477
totalvi,PBMC5k_GATCCCTTCCTGTTAT-1,CD16 Mono,1,CD16 Mono,0.03721332550048828,,0.01156499076167225,0.0,0.053623199462890625,0.006608912903684677
totalvi,PBMC5k_GATCGTACAGCCCACA-1,CD14 Mono,1,CD14 Mono,0.03706604242324829,,0.041252965799644215,0.4,0.7810436487197876,0.23290777279208677
totalvi,PBMC5k_GATCGTAGTATTGACC-1,CD4 TCM,0,CD4 Naive,0.49678874015808105,,0.06760395420256127,0.19999999999999996,0.7428814768791199,0.15043100676693003
totalvi,PBMC5k_GATCGTATCATACAGC-1,cDC2,1,cDC2,0.004818737506866455,,0.0002790587500781719,0.0,0.014167023822665215,0.00078187997835416
totalvi,PBMC5k_GATGACTAGTGGTGGT-1,CD14 Mono,1,CD14 Mono,0.0449141263961792,,0.017507679617269567,0.4,0.8174153566360474,0.2198460637194535
totalvi,PBMC5k_GATGACTCAAATCGGG-1,CD14 Mono,1,CD14 Mono,0.32528698444366455,,0.0521442081881891,0.0,0.958820641040802,0.07894963554122092
totalvi,PBMC5k_GATGACTGTAGTTCCA-1,CD4 Naive,1,CD4 Naive,0.4116423726081848,,0.13555003399490073,0.19999999999999996,1.2373191118240356,0.16614376674039666
totalvi,PBMC5k_GATGACTGTCGCACAC-1,CD14 Mono,1,CD14 Mono,0.004297196865081787,,0.0016249147572622094,0.0,0.07776125520467758,0.004334897876818342
totalvi,PBMC5k_GATGACTGTCGCCACA-1,CD14 Mono,1,CD14 Mono,0.05262798070907593,,0.030590013116666204,0.0,0.43806353211402893,0.09284733918724494
totalvi,PBMC5k_GATGACTGTGACGCCT-1,CD4 Naive,0,CD4 TCM,0.4956517219543457,,0.07528077922153142,0.19999999999999996,0.977967381477356,0.14815229385536272
totalvi,PBMC5k_GATGACTGTGCTGATT-1,CD4 Naive,1,CD4 Naive,0.2163616418838501,,0.06173496684776214,0.19999999999999996,0.6958723068237305,0.20384828074861502
totalvi,PBMC5k_GATGACTGTTCGATTG-1,CD4 TCM,1,CD4 TCM,0.473937451839447,,0.0682152082706613,0.4,1.3152103424072266,0.13398616147504247
totalvi,PBMC5k_GATGACTTCTTACCGC-1,CD14 Mono,1,CD14 Mono,0.010443031787872314,,0.012489752598779894,0.0,0.35841670632362366,0.06271449705552368
totalvi,PBMC5k_GATGAGGGTCTTGCTC-1,B naive,1,B naive,0.08254575729370117,,0.10532918420548909,0.0,0.5870159268379211,0.0846674366518998
totalvi,PBMC5k_GATGAGGTCCCTCTAG-1,NK,1,NK,0.059261441230773926,,0.010482642371591216,0.0,0.28735479712486267,0.023650908593516113
totalvi,PBMC5k_GATGATCAGGCGTTGA-1,CD14 Mono,1,CD14 Mono,0.009162664413452148,,0.002133016434181942,0.0,0.16075725853443146,0.02123409298484266
totalvi,PBMC5k_GATGATCAGTCAGCCC-1,Treg,0,CD4 TCM,0.3277329206466675,,0.08402209621643142,0.4,1.0817160606384277,0.12422619814279566
totalvi,PBMC5k_GATGATCCATTGCCGG-1,CD4 TCM,1,CD4 TCM,0.26620322465896606,,0.05706192224981954,0.0,1.149897575378418,0.18298234903235466
totalvi,PBMC5k_GATGATCGTATACAGA-1,Eryth,0,CD14 Mono,0.12797057628631592,,0.022708195443578605,0.0,0.6271043419837952,0.17687686117941429
totalvi,PBMC5k_GATGATCGTCGTAATC-1,CD16 Mono,0,CD14 Mono,0.4266998767852783,,0.07565020615095774,0.0,0.4442942142486572,0.09099180441953833
totalvi,PBMC5k_GATGATCTCTCGACCT-1,CD14 Mono,1,CD14 Mono,0.0008657574653625488,,0.0009761666183404731,0.0,0.06722845137119293,0.0030244564257807943
totalvi,PBMC5k_GATGCTACAAATTGGA-1,gdT,0,CD8 TEM,0.22942578792572021,,0.17241354031975042,0.4,1.112969160079956,0.009029389940237215
totalvi,PBMC5k_GATGCTACAGACTCTA-1,CD4 TEM,0,CD4 TCM,0.5274377763271332,,0.0993561559887769,0.19999999999999996,0.8920170664787292,0.18940783407774564
totalvi,PBMC5k_GATGCTATCTATGCCC-1,CD14 Mono,1,CD14 Mono,0.046487629413604736,,0.007357340553472924,0.0,0.1321755349636078,0.014946742079996116
totalvi,PBMC5k_GATGGAGAGCTAATGA-1,CD14 Mono,1,CD14 Mono,0.06255590915679932,,0.031001301295655315,0.0,0.48833325505256653,0.15080200837398278
totalvi,PBMC5k_GATGGAGAGGACAAGA-1,CD14 Mono,1,CD14 Mono,0.0020711421966552734,,0.0014027920302276918,0.0,0.06261610239744186,0.00322575577897619
totalvi,PBMC5k_GATGGAGTCACTGATG-1,cDC2,1,cDC2,0.452117383480072,,0.07003206421896868,0.0,0.5410470962524414,0.10147024439517521
totalvi,PBMC5k_GATGTTGCAAAGGAGA-1,ILC,0,Eryth,0.20686662197113037,,0.181153264830462,0.19999999999999996,1.7537083625793457,0.22748965953008995
totalvi,PBMC5k_GATGTTGGTACTGCGC-1,CD8 TCM,0,CD8 Naive,0.25161659717559814,,0.07360745883354847,0.19999999999999996,1.4909335374832153,0.10131201775863821
totalvi,PBMC5k_GATTCGAAGGCCTTGC-1,CD14 Mono,1,CD14 Mono,0.194985032081604,,0.014718463357808742,0.0,0.5475731492042542,0.06472733811361607
totalvi,PBMC5k_GATTCGAAGTACTGGG-1,CD4 Naive,1,CD4 Naive,0.18684476613998413,,0.03779443577787933,0.0,0.6352902054786682,0.08900144081839939
totalvi,PBMC5k_GATTCGAAGTAGTGCG-1,CD14 Mono,1,CD14 Mono,0.005796849727630615,,0.0010115600653631263,0.0,0.08607040345668793,0.007708736876432841
totalvi,PBMC5k_GATTCGACAACCCTAA-1,cDC2,1,cDC2,0.0012103915214538574,,0.0004536130529700713,0.0,0.008332529105246067,0.0004728719142226672
totalvi,PBMC5k_GATTCGAGTTCTCGCT-1,CD16 Mono,1,CD16 Mono,0.0457758903503418,,0.028985341266569625,0.0,0.026395704597234726,0.0012221279855319177
totalvi,PBMC5k_GATTCGATCGTGCACG-1,CD14 Mono,1,CD14 Mono,0.0025188326835632324,,0.000831273088226378,0.0,0.1422896832227707,0.010924993803070372
totalvi,PBMC5k_GATTCGATCTGGACCG-1,CD16 Mono,1,CD16 Mono,0.0100821852684021,,0.0015939199446983847,0.0,0.003283145371824503,0.00020246469589848892
totalvi,PBMC5k_GATTCTTCAGAGAGGG-1,NK,1,NK,0.07706207036972046,,0.024116878194323732,0.0,0.19434711337089539,0.025148517984538977
totalvi,PBMC5k_GATTCTTCAGCACAGA-1,cDC2,1,cDC2,0.0006747245788574219,,0.0002095201510055487,0.0,0.008225680328905582,0.0003766513478912177
totalvi,PBMC5k_GATTCTTCATTCAGGT-1,CD4 Naive,1,CD4 Naive,0.4945591688156128,,0.07801096261988327,0.19999999999999996,1.2853491306304932,0.17812652993247252
totalvi,PBMC5k_GATTCTTTCGTGCTCT-1,cDC2,1,cDC2,0.004863321781158447,,0.0010507013563220355,0.0,0.01465377863496542,0.0007882803255707473
totalvi,PBMC5k_GATTGGTAGGCCGCTT-1,CD4 TCM,1,CD4 TCM,0.3360729217529297,,0.06583299075705806,0.19999999999999996,0.9369631409645081,0.22310837809885234
totalvi,PBMC5k_GATTGGTCAAGGTCTT-1,CD4 TEM,0,MAIT,0.5692474842071533,,0.12067348759093166,0.19999999999999996,1.2595337629318237,0.2489046657872307
totalvi,PBMC5k_GATTGGTCACAGCATT-1,gdT,0,Eryth,0.5413041710853577,,0.16807028969560056,0.8,2.182724952697754,0.11667998164614449
totalvi,PBMC5k_GATTGGTCATAAGATG-1,B memory,1,B memory,0.26513636112213135,,0.007622777654039958,0.0,0.5641478896141052,0.10490779485182301
totalvi,PBMC5k_GATTGGTGTATAATGG-1,CD4 TCM,1,CD4 TCM,0.1670745611190796,,0.01350484470271296,0.0,0.5750601887702942,0.09578028780166047
totalvi,PBMC5k_GATTGGTGTTACGCCG-1,NK,1,NK,6.008148193359375e-05,,1.5410021415588422e-05,0.0,0.004254071041941643,0.0003340766726847492
totalvi,PBMC5k_GATTGGTTCGAAATCC-1,CD14 Mono,1,CD14 Mono,0.002295076847076416,,0.00042262887077178235,0.0,0.08854247629642487,0.005779104409824746
totalvi,PBMC5k_GATTGGTTCTGGAAGG-1,CD14 Mono,1,CD14 Mono,0.027851998805999756,,0.005293067479628016,0.0,0.04451989382505417,0.0028465146064799666
totalvi,PBMC5k_GATTTCTCATCATCTT-1,CD16 Mono,1,CD16 Mono,0.047406136989593506,,0.003486630901097673,0.0,0.02414441667497158,0.0012624934317572143
totalvi,PBMC5k_GATTTCTGTTAGGAGC-1,B memory,1,B memory,0.021663188934326172,,0.017668348269973433,0.0,0.3697757422924042,0.07991860589067261
totalvi,PBMC5k_GCAACATAGCTGGTGA-1,CD14 Mono,1,CD14 Mono,0.007764995098114014,,0.0016074804724027988,0.0,0.06160907447338104,0.003820375511008933
totalvi,PBMC5k_GCAACATTCAAATAGG-1,CD14 Mono,1,CD14 Mono,0.03928947448730469,,0.004010559766388977,0.0,0.12338913232088089,0.018675947267941438
totalvi,PBMC5k_GCAACCGAGAGTGGCT-1,CD4 TCM,0,CD4 TEM,0.5483576059341431,,0.03853173526806597,0.4,1.0434725284576416,0.2510670083858873
totalvi,PBMC5k_GCAACCGAGCCTAGGA-1,CD16 Mono,0,CD14 Mono,0.03587096929550171,,0.04076330533928013,0.0,0.4533868432044983,0.035082969204251094
totalvi,PBMC5k_GCAACCGGTGATGTAA-1,CD4 TEM,1,CD4 TEM,0.08464831113815308,,0.01654119976556373,0.0,0.7378557920455933,0.09073238961423626
totalvi,PBMC5k_GCAACCGTCAGCATTG-1,Treg,0,CD4 TCM,0.2636205554008484,,0.03018810842991415,0.0,1.1119706630706787,0.1478736359956283
totalvi,PBMC5k_GCACATAAGAGTCGAC-1,CD4 Naive,1,CD4 Naive,0.3002280592918396,,0.05515327521503366,0.4,1.0318613052368164,0.20102584735100368
totalvi,PBMC5k_GCACATAAGCCTTTGA-1,CD4 TEM,1,CD4 TEM,0.23370510339736938,,0.03604595988700443,0.0,0.8445138335227966,0.11929646214490824
totalvi,PBMC5k_GCACATAAGCTATCTG-1,CD16 Mono,1,CD16 Mono,0.35133087635040283,,0.017922670111052197,0.0,0.249709814786911,0.016480784095803357
totalvi,PBMC5k_GCACGGTTCCAGTACA-1,NK,1,NK,0.011829018592834473,,0.00236785147005723,0.0,0.04215468838810921,0.0038693411600268057
totalvi,PBMC5k_GCACTAACAAGAATAC-1,CD4 TEM,1,CD4 TEM,0.1303148865699768,,0.07200873368517313,0.19999999999999996,1.0176368951797485,0.1433253904203767
totalvi,PBMC5k_GCACTAAGTGTTCCTC-1,B intermediate,1,B intermediate,0.3939897418022156,,0.07786450601528139,0.19999999999999996,0.9588951468467712,0.15963227893365306
totalvi,PBMC5k_GCAGCCAAGACATATG-1,MAIT,1,MAIT,0.16497230529785156,,0.020372914060708014,0.0,0.4151701033115387,0.08283427758330247
totalvi,PBMC5k_GCAGCCAAGCCAGACA-1,CD14 Mono,1,CD14 Mono,0.07359915971755981,,0.018518260257588515,0.19999999999999996,1.0023447275161743,0.06780050724884336
totalvi,PBMC5k_GCAGCTGAGAAGGCTC-1,NK_CD56bright,0,gdT,0.5606289505958557,,0.23241901746466165,0.0,1.1215507984161377,0.15582181916791926
totalvi,PBMC5k_GCAGCTGAGACATACA-1,CD14 Mono,1,CD14 Mono,0.015038013458251953,,0.0013774818901022279,0.0,0.14780913293361664,0.01809120703309808
totalvi,PBMC5k_GCAGCTGCAACTCCCT-1,CD4 TCM,0,CD4 Naive,0.3247678279876709,,0.029521913628312912,0.4,1.083452820777893,0.1665697819946989
totalvi,PBMC5k_GCAGCTGGTTTCCAAG-1,CD4 TEM,1,CD4 TEM,0.13312268257141113,,0.01808784734397495,0.19999999999999996,1.073836326599121,0.1728877430144763
totalvi,PBMC5k_GCAGGCTGTAATACCC-1,B memory,1,B memory,0.13467085361480713,,0.0476232572879558,0.0,0.6430424451828003,0.10118532538075665
totalvi,PBMC5k_GCAGGCTGTGGCCTCA-1,CD4 TEM,1,CD4 TEM,0.05014151334762573,,0.03142647432056073,0.0,0.7262260913848877,0.12742850916005422
totalvi,PBMC5k_GCAGGCTGTTTGGCTA-1,CD4 Naive,1,CD4 Naive,0.13592487573623657,,0.013616414459310278,0.0,0.5686727166175842,0.05722103389444967
totalvi,PBMC5k_GCAGTTAAGCACACCC-1,CD14 Mono,1,CD14 Mono,0.05887484550476074,,0.010361699060996349,0.0,0.20255424082279205,0.036047730213897206
totalvi,PBMC5k_GCAGTTAAGGTACAAT-1,CD14 Mono,1,CD14 Mono,0.14194458723068237,,0.014550592926471206,0.0,0.31270578503608704,0.05307801047213107
totalvi,PBMC5k_GCAGTTACATACTGTG-1,gdT,0,MAIT,0.3774188756942749,,0.06249076334739956,0.19999999999999996,0.6137458086013794,0.013743232646086772
totalvi,PBMC5k_GCAGTTAGTTATGACC-1,CD4 Naive,1,CD4 Naive,0.3349437117576599,,0.044199681426578374,0.0,0.9466457962989807,0.07600564044334226
totalvi,PBMC5k_GCAGTTAGTTGTCTAG-1,CD4 TCM,0,CD4 Naive,0.5517463982105255,,0.18248130929366568,0.19999999999999996,1.5117813348770142,0.17037321358520877
totalvi,PBMC5k_GCAGTTAGTTTAAGGA-1,CD4 TEM,1,CD4 TEM,0.14950883388519287,,0.029317261505569903,0.19999999999999996,0.7224156260490417,0.229146289292485
totalvi,PBMC5k_GCATCGGGTGATATAG-1,CD4 TCM,1,CD4 TCM,0.2842180132865906,,0.027374955723412087,0.0,0.9373639225959778,0.1864785114914
totalvi,PBMC5k_GCATCTCAGAACTGAT-1,B naive,1,B naive,0.010907411575317383,,0.002241574100414659,0.0,0.22553957998752594,0.04179812299293574
totalvi,PBMC5k_GCATGATTCAAACGTC-1,CD14 Mono,1,CD14 Mono,0.013924658298492432,,0.0010407256578463947,0.0,0.05602807551622391,0.0044054852807293675
totalvi,PBMC5k_GCATGATTCAGACCTA-1,CD16 Mono,0,CD14 Mono,0.127555251121521,,0.053209932505093704,0.19999999999999996,0.893183708190918,0.17892440196027878
totalvi,PBMC5k_GCATGATTCCCTTTGG-1,CD14 Mono,1,CD14 Mono,0.003494858741760254,,0.001336730506563688,0.0,0.06762011349201202,0.007841788892955476
totalvi,PBMC5k_GCATTAGAGGAACGTC-1,B naive,1,B naive,0.019045233726501465,,0.13429766837404933,0.19999999999999996,0.8488960862159729,0.284585529823139
totalvi,PBMC5k_GCATTAGAGGTCATAA-1,B intermediate,0,B memory,0.14450609683990479,,0.02192190395926541,0.19999999999999996,0.7562689781188965,0.23894755162778392
totalvi,PBMC5k_GCATTAGCAGGTCAGA-1,CD4 Naive,1,CD4 Naive,0.1489052176475525,,0.024944283360882502,0.19999999999999996,0.8310933709144592,0.19164586698470806
totalvi,PBMC5k_GCATTAGTCCACCTCA-1,NK,1,NK,7.62939453125e-06,,3.2158077421507044e-05,0.0,0.008942627348005772,0.0007712296976345719
totalvi,PBMC5k_GCCAACGAGAGGTTTA-1,gdT,0,CD8 TEM,0.12416762113571167,,0.04564398421841054,0.19999999999999996,1.1783264875411987,0.09999241216142457
totalvi,PBMC5k_GCCAACGTCGCACGAC-1,CD14 Mono,1,CD14 Mono,0.0049629807472229,,0.000976839059199562,0.0,0.09008890390396118,0.003709845001467657
totalvi,PBMC5k_GCCAGCAAGTACAGCG-1,CD4 TCM,0,CD4 Naive,0.5251042544841766,,0.022079048051060424,0.0,0.999142587184906,0.103656316092327
totalvi,PBMC5k_GCCAGCACATGACGAG-1,ILC,1,ILC,0.022505223751068115,,0.008323568778846463,0.0,0.5933581590652466,0.11581748168023162
totalvi,PBMC5k_GCCAGCAGTACCGGCT-1,CD14 Mono,1,CD14 Mono,0.006533682346343994,,0.0020850071671855985,0.0,0.23223242163658142,0.032647791182391944
totalvi,PBMC5k_GCCAGGTCATTGCTTT-1,ILC,0,Eryth,0.28645557165145874,,0.24586282467251386,0.4,1.913652777671814,0.05055289761087794
totalvi,PBMC5k_GCCAGGTTCCTACACC-1,CD14 Mono,1,CD14 Mono,0.04538148641586304,,0.012076812819331581,0.0,0.3236708343029022,0.046936802480671336
totalvi,PBMC5k_GCCAGTGTCTCGGGAC-1,B naive,1,B naive,0.06028485298156738,,0.10277136312743201,0.0,0.6547265648841858,0.11468043701706589
totalvi,PBMC5k_GCCATGGGTGCCTAAT-1,CD4 TCM,1,CD4 TCM,0.19471216201782227,,0.03364556500148613,0.0,0.8119531273841858,0.17240087629642803
totalvi,PBMC5k_GCCATGGTCTACGGGC-1,B naive,1,B naive,0.045937299728393555,,0.0918294577047809,0.4,0.9176658391952515,0.268886198240169
totalvi,PBMC5k_GCCATTCAGTCCCGGT-1,CD14 Mono,1,CD14 Mono,0.02973461151123047,,0.0012876461558738866,0.0,0.12635542452335358,0.02087150205307945
totalvi,PBMC5k_GCCATTCGTATTGGCT-1,CD4 TEM,1,CD4 TEM,0.094585120677948,,0.0409264685654982,0.0,0.5130481719970703,0.01613200197133446
totalvi,PBMC5k_GCCATTCTCAGACAAA-1,B naive,1,B naive,0.20156335830688477,,0.14035715161444734,0.19999999999999996,0.6871196627616882,0.19837853134833158
totalvi,PBMC5k_GCCATTCTCATTACTC-1,CD8 Naive,1,CD8 Naive,0.0819857120513916,,0.10586170816014207,0.19999999999999996,0.9119858145713806,0.22291473278831356
totalvi,PBMC5k_GCCATTCTCCTTACCG-1,CD14 Mono,1,CD14 Mono,0.00144881010055542,,0.0015409097800217555,0.0,0.056976042687892914,0.003057298375507026
totalvi,PBMC5k_GCCCAGACATACGCAT-1,CD4 Naive,1,CD4 Naive,0.13799452781677246,,0.024228902554256138,0.0,0.5185372829437256,0.08735381808549754
totalvi,PBMC5k_GCCCAGACATCTTTCA-1,B intermediate,1,B intermediate,0.07041549682617188,,0.017430054107501647,0.0,0.7080162763595581,0.10495741085444127
totalvi,PBMC5k_GCCCGAAAGAAACTCA-1,CD4 TEM,0,MAIT,0.5950104594230652,,0.177725567279448,0.4,1.12608003616333,0.19967074312021207
totalvi,PBMC5k_GCCCGAAAGCGCTTCG-1,NK,1,NK,0.027520060539245605,,0.005708345585277941,0.0,0.05871403589844704,0.003734250810582772
totalvi,PBMC5k_GCCCGAAAGCTGGTGA-1,CD8 TCM,0,CD8 TEM,0.5763010084629059,,0.19007439674579185,0.6,1.9716160297393799,0.006051372219433104
totalvi,PBMC5k_GCCCGAACACCCAATA-1,CD14 Mono,1,CD14 Mono,0.004322230815887451,,0.004355408261033797,0.0,0.09791847318410873,0.008909926535757983
totalvi,PBMC5k_GCCGATGGTCATGACT-1,CD14 Mono,1,CD14 Mono,0.19482344388961792,,0.049187115165082895,0.4,0.8812008500099182,0.2833629545386613
totalvi,PBMC5k_GCCTGTTAGAGGTTAT-1,CD14 Mono,1,CD14 Mono,0.0029345154762268066,,0.0033032198091832027,0.0,0.08011234551668167,0.007786075792278795
totalvi,PBMC5k_GCCTGTTTCAACACGT-1,gdT,0,MAIT,0.44279903173446655,,0.11772650576205779,0.0,0.9990750551223755,0.09139997083493351
totalvi,PBMC5k_GCGAGAACAGCTTTGA-1,CD14 Mono,1,CD14 Mono,0.0011753439903259277,,0.0008303837222494379,0.0,0.04692372679710388,0.003876397874182171
totalvi,PBMC5k_GCGAGAAGTGCAATAA-1,B memory,1,B memory,0.15302050113677979,,0.01643818539066949,0.0,0.5984523892402649,0.08926211331371285
totalvi,PBMC5k_GCGAGAAGTTGCGTAT-1,CD16 Mono,1,CD16 Mono,0.001646876335144043,,0.0007480448203297223,0.0,0.0023705593775957823,0.00012643741875981927
totalvi,PBMC5k_GCGATCGAGAATTGCA-1,CD4 Naive,1,CD4 Naive,0.13884687423706055,,0.01380430339671257,0.0,0.7047682404518127,0.13417504511786174
totalvi,PBMC5k_GCGATCGCAATCAAGA-1,Eryth,0,CD14 Mono,0.09847986698150635,,0.0639840014825313,0.4,0.7423837184906006,0.21139847836369557
totalvi,PBMC5k_GCGATCGTCTTTGCAT-1,NK,1,NK,0.020013034343719482,,0.003943044713573249,0.0,0.08101250231266022,0.013899047213162614
totalvi,PBMC5k_GCGGAAAGTTGTTTGG-1,CD14 Mono,1,CD14 Mono,0.002493560314178467,,0.00044947828569558493,0.0,0.04984991252422333,0.0016361408409823943
totalvi,PBMC5k_GCGGATCGTGCACAAG-1,CD14 Mono,1,CD14 Mono,0.001217663288116455,,0.00036283913059332804,0.0,0.0365913026034832,0.00034049068597942744
totalvi,PBMC5k_GCGGATCTCTCACGAA-1,CD14 Mono,1,CD14 Mono,0.2691419720649719,,0.007986514916241694,0.19999999999999996,0.6368666887283325,0.246431046981906
totalvi,PBMC5k_GCGTGCACAAGTACCT-1,CD14 Mono,1,CD14 Mono,0.00234377384185791,,0.0018247043177519184,0.0,0.09120254218578339,0.008498093086216409
totalvi,PBMC5k_GCGTGCACAGAACTCT-1,CD14 Mono,1,CD14 Mono,0.005789756774902344,,0.0021732377626181784,0.0,0.07709792256355286,0.0028300817981434115
totalvi,PBMC5k_GCGTGCAGTATCGCAT-1,CD4 TEM,1,CD4 TEM,0.17378437519073486,,0.023419115400218793,0.0,1.036505937576294,0.06255592273618475
totalvi,PBMC5k_GCTACAAAGGACAGCT-1,Eryth,1,Eryth,0.26443052291870117,,0.0904034385000696,0.4,0.7241494059562683,0.22744743990829216
totalvi,PBMC5k_GCTACAACACTAACGT-1,CD16 Mono,1,CD16 Mono,0.0023798346519470215,,0.0024595638352760546,0.0,0.029393114149570465,0.0047413751057302465
totalvi,PBMC5k_GCTACAATCCACTGGG-1,CD14 Mono,1,CD14 Mono,0.015129506587982178,,0.0050699854917766185,0.0,0.21934805810451508,0.025492624691629398
totalvi,PBMC5k_GCTACAATCGAAGTGG-1,CD4 TCM,1,CD4 TCM,0.1466246247291565,,0.01391368511316704,0.0,0.5920699834823608,0.07577301998589453
totalvi,PBMC5k_GCTACAATCGGTAACT-1,Treg,0,CD4 Naive,0.28494060039520264,,0.0852743793954176,0.4,1.231188178062439,0.08697328778135496
totalvi,PBMC5k_GCTACAATCTCAACGA-1,CD4 TCM,1,CD4 TCM,0.0821298360824585,,0.02129228098265673,0.0,0.7017815709114075,0.09468007848832373
totalvi,PBMC5k_GCTACCTAGACCTCCG-1,CD4 TCM,0,CD4 TEM,0.4818752408027649,,0.1040475837933017,0.4,0.9219987392425537,0.22666517641816505
totalvi,PBMC5k_GCTACCTAGCTCGACC-1,NK,1,NK,0.016603291034698486,,0.003766991485275324,0.0,0.05075237900018692,0.010614530648897516
totalvi,PBMC5k_GCTACCTCAACGCCCA-1,cDC2,1,cDC2,0.0008201003074645996,,0.00023620196031026199,0.0,0.006761865224689245,0.0003835876845509634
totalvi,PBMC5k_GCTACCTGTGCTGCAC-1,NK,1,NK,0.01641291379928589,,0.019035838163968255,0.0,0.05611775442957878,0.0029134956654132066
totalvi,PBMC5k_GCTACCTGTGGAAATT-1,CD8 TEM,1,CD8 TEM,0.44920021295547485,,0.13194093751835378,0.6,1.3102360963821411,0.21106563685607507
totalvi,PBMC5k_GCTACCTGTGGTAACG-1,B intermediate,1,B intermediate,0.26436030864715576,,0.018759951362470884,0.19999999999999996,0.9431553483009338,0.2568635252024703
totalvi,PBMC5k_GCTCAAAAGACCTCCG-1,CD4 TEM,0,CD4 TCM,0.3506365418434143,,0.07222991167683712,0.19999999999999996,1.0037761926651,0.1265656432987557
totalvi,PBMC5k_GCTCAAAAGTAGCCAG-1,CD14 Mono,1,CD14 Mono,0.0033979415893554688,,0.0011925724743560226,0.0,0.29446104168891907,0.04409493310771115
totalvi,PBMC5k_GCTCAAAGTGTCATTG-1,NK,1,NK,0.036119818687438965,,0.005516026761560183,0.0,0.106609046459198,0.023809967425708824
totalvi,PBMC5k_GCTGAATAGCCGTCGT-1,B naive,1,B naive,0.2822951078414917,,0.1438803325523682,0.0,0.9460136294364929,0.10305378327598955
totalvi,PBMC5k_GCTGAATAGGAAGTAG-1,CD4 Naive,1,CD4 Naive,0.08395600318908691,,0.009103365738293012,0.0,0.25889909267425537,0.030073712690233054
totalvi,PBMC5k_GCTGAATCAATCTAGC-1,CD4 TCM,1,CD4 TCM,0.4402785301208496,,0.06298146765538049,0.4,1.1090459823608398,0.15393797262565362
totalvi,PBMC5k_GCTGAATGTCGAGATG-1,B naive,1,B naive,0.010869979858398438,,0.025842045607855718,0.0,0.27882468700408936,0.032994938827036246
totalvi,PBMC5k_GCTGAATGTGGCTTAT-1,CD14 Mono,1,CD14 Mono,0.004226624965667725,,0.0017498923446630787,0.0,0.24258148670196533,0.026576542979138112
totalvi,PBMC5k_GCTGAATTCATATGGC-1,NK,1,NK,8.308887481689453e-05,,2.288756140669335e-05,0.0,0.006771056912839413,0.0005460915042600186
totalvi,PBMC5k_GCTGAATTCCATGCAA-1,CD4 TEM,0,CD4 TCM,0.45201122760772705,,0.04881602639786531,0.4,0.8518298864364624,0.2164328664370528
totalvi,PBMC5k_GCTGAATTCTTCCGTG-1,cDC2,1,cDC2,0.03816932439804077,,0.0021246022519700036,0.0,0.06740738451480865,0.00816963383390266
totalvi,PBMC5k_GCTGCAGAGAGAGGGC-1,CD4 Naive,1,CD4 Naive,0.22159820795059204,,0.07079985578025272,0.0,0.9750940799713135,0.10511421673020956
totalvi,PBMC5k_GCTGCAGGTCTACAGT-1,cDC2,1,cDC2,0.0003088712692260742,,8.646801720597072e-05,0.0,0.005987303331494331,0.0004625390494076565
totalvi,PBMC5k_GCTGCAGTCACCTCAC-1,CD16 Mono,1,CD16 Mono,0.018270671367645264,,0.004717133333783527,0.0,0.03117392584681511,0.006413872567439056
totalvi,PBMC5k_GCTGCAGTCATCTACT-1,CD16 Mono,1,CD16 Mono,0.002802133560180664,,0.0010124079531807426,0.0,0.007751552388072014,0.0005840234728154277
totalvi,PBMC5k_GCTGGGTAGGACTTCT-1,CD14 Mono,1,CD14 Mono,0.0015704035758972168,,0.0005090977028356005,0.0,0.04492129012942314,0.003976704168599592
totalvi,PBMC5k_GCTGGGTCATGACTCA-1,CD14 Mono,1,CD14 Mono,0.000674128532409668,,0.00036875489113200044,0.0,0.04606582596898079,0.001504210040806258
totalvi,PBMC5k_GCTGGGTGTACCGTGC-1,gdT,0,CD8 TEM,0.11390668153762817,,0.13247497665970864,0.19999999999999996,1.457618236541748,0.08487651417945369
totalvi,PBMC5k_GCTGGGTTCCGTGTGG-1,CD8 TCM,0,CD4 TEM,0.5743359625339508,,0.11145633522302023,0.19999999999999996,1.377669334411621,0.13638964768085024
totalvi,PBMC5k_GCTGGGTTCGCGCTGA-1,CD14 Mono,1,CD14 Mono,0.006321609020233154,,0.0030049537043676106,0.0,0.18841899931430817,0.03276902932055022
totalvi,PBMC5k_GCTTCACAGTCCCGGT-1,CD14 Mono,1,CD14 Mono,0.02232307195663452,,0.004457365993388994,0.0,0.07525190711021423,0.003296581418847518
totalvi,PBMC5k_GCTTGGGAGAGCTGAC-1,CD14 Mono,1,CD14 Mono,0.001017749309539795,,0.0006615165870719232,0.0,0.03752395510673523,0.0017392374789094946
totalvi,PBMC5k_GCTTGGGCAAATGGCG-1,B naive,1,B naive,0.09496688842773438,,0.1270441042925045,0.0,0.21394053101539612,0.041547235212054834
totalvi,PBMC5k_GCTTGGGGTCTCTCAC-1,B naive,1,B naive,0.017281711101531982,,0.026540029402132292,0.0,0.5516053438186646,0.17589570425866263
totalvi,PBMC5k_GCTTTCGAGGTGGCTA-1,CD16 Mono,1,CD16 Mono,0.0034596920013427734,,0.0012350172234098927,0.0,0.008335881866514683,0.0007057486663602142
totalvi,PBMC5k_GCTTTCGCACAAATCC-1,NK,1,NK,0.0007349848747253418,,0.00033231279436089084,0.0,0.2199912667274475,0.0947295806722806
totalvi,PBMC5k_GCTTTCGTCTTCGGTC-1,cDC2,1,cDC2,0.0007762908935546875,,0.00021666527860682294,0.0,0.008886139839887619,0.0005090401223021918
totalvi,PBMC5k_GGAACCCAGCGTGTTT-1,CD4 Naive,1,CD4 Naive,0.5017798840999603,,0.0653232397870831,0.19999999999999996,0.9589458703994751,0.16447800850218866
totalvi,PBMC5k_GGAACCCCACCGGCTA-1,CD4 Naive,1,CD4 Naive,0.3689999580383301,,0.044620678585025275,0.0,0.8095901012420654,0.10614438541064887
totalvi,PBMC5k_GGAACCCCACGTATAC-1,CD14 Mono,1,CD14 Mono,0.0028197765350341797,,0.001314699451404961,0.0,0.0794275775551796,0.006071322732040476
totalvi,PBMC5k_GGAACCCGTAAGTTAG-1,gdT,0,NK,0.11110186576843262,,0.020229574786558097,0.0,0.42269980907440186,0.009245543580450627
totalvi,PBMC5k_GGAACCCGTAGAGCTG-1,CD4 Naive,1,CD4 Naive,0.5495330989360809,,0.08809332614894849,0.4,1.5733109712600708,0.18181387355742157
totalvi,PBMC5k_GGAACCCGTCCACGCA-1,CD8 Naive,1,CD8 Naive,0.07275158166885376,,0.16071311453377812,0.19999999999999996,1.0850390195846558,0.23263667152119794
totalvi,PBMC5k_GGAACCCTCACTACTT-1,CD4 TEM,1,CD4 TEM,0.24180108308792114,,0.016925714514178014,0.4,0.8557657599449158,0.2899401123049808
totalvi,PBMC5k_GGAAGTGAGATGCTTC-1,CD14 Mono,1,CD14 Mono,0.050646424293518066,,0.004152261831468829,0.0,0.271862655878067,0.0659078934114828
totalvi,PBMC5k_GGAAGTGCAGATACCT-1,gdT,0,MAIT,0.6008969843387604,,0.131841845838357,0.4,1.6603686809539795,0.07032549547111301
totalvi,PBMC5k_GGAAGTGCAGTAGGAC-1,CD14 Mono,1,CD14 Mono,0.0831601619720459,,0.05511841559635966,0.4,0.9363757371902466,0.22339443839640233
totalvi,PBMC5k_GGAAGTGGTCCGGTCA-1,ILC,0,CD4 Naive,0.4739208221435547,,0.09143523683239851,0.0,1.206410527229309,0.010744115035514989
totalvi,PBMC5k_GGAAGTGTCTCATGGA-1,CD14 Mono,1,CD14 Mono,0.0084151029586792,,0.0018149204027908677,0.0,0.08714737743139267,0.008514095811663592
totalvi,PBMC5k_GGAATCTAGTCTAGCT-1,CD4 Naive,1,CD4 Naive,0.21077990531921387,,0.0459739232093791,0.0,0.997061550617218,0.0759398156757738
totalvi,PBMC5k_GGAATCTAGTGTAGTA-1,CD4 TEM,1,CD4 TEM,0.08986526727676392,,0.018637149203305725,0.0,0.6548768877983093,0.024219361853922292
totalvi,PBMC5k_GGAATCTCATCCGTGG-1,CD4 TEM,1,CD4 TEM,0.287028968334198,,0.01641027144245033,0.19999999999999996,0.8777096271514893,0.2846971826665226
totalvi,PBMC5k_GGAATCTTCACGACTA-1,CD4 Naive,1,CD4 Naive,0.5003595650196075,,0.06739990823300968,0.6,1.3982313871383667,0.19167210675385285
totalvi,PBMC5k_GGAATCTTCCTTTAGT-1,CD14 Mono,1,CD14 Mono,0.03828608989715576,,0.0015681096647005843,0.0,0.10086341202259064,0.009812880622723681
totalvi,PBMC5k_GGACGTCAGCCGATCC-1,B memory,1,B memory,0.43090909719467163,,0.2212922721852526,0.19999999999999996,1.1074471473693848,0.09261382419922828
totalvi,PBMC5k_GGACGTCAGGGCGAGA-1,CD14 Mono,1,CD14 Mono,0.00347059965133667,,0.005001180669872041,0.0,0.12313447147607803,0.019183992325777718
totalvi,PBMC5k_GGACGTCAGTTGGCGA-1,Eryth,0,CD14 Mono,0.1915568709373474,,0.11278947853253951,0.6,1.4206571578979492,0.3283428285117589
totalvi,PBMC5k_GGACGTCCAACGATCT-1,cDC2,1,cDC2,0.0016925334930419922,,0.00039279779071211933,0.0,0.011577063240110874,0.0007191488121853233
totalvi,PBMC5k_GGACGTCGTAGCGAGT-1,CD14 Mono,1,CD14 Mono,0.0031414031982421875,,0.001123906840885109,0.0,0.12436383217573166,0.008993723939060042
totalvi,PBMC5k_GGACGTCGTGTGACCC-1,CD16 Mono,1,CD16 Mono,0.2801330089569092,,0.045341954303106446,0.0,0.12568984925746918,0.017064708702896843
totalvi,PBMC5k_GGACGTCTCACTCACC-1,CD4 TEM,1,CD4 TEM,0.1354464888572693,,0.09603204893835815,0.0,0.9729430675506592,0.0988372292614431
totalvi,PBMC5k_GGAGAACAGAGAGGGC-1,CD4 TEM,1,CD4 TEM,0.28716379404067993,,0.12676398375664544,0.4,1.0719317197799683,0.3098505215132823
totalvi,PBMC5k_GGAGAACAGGAACTCG-1,CD14 Mono,1,CD14 Mono,0.00295943021774292,,0.0009515315391361752,0.0,0.07433363795280457,0.004877317905378731
totalvi,PBMC5k_GGAGATGTCAGTCAGT-1,B intermediate,0,B memory,0.34073561429977417,,0.04694181086320637,0.0,0.7742235660552979,0.10825792723804688
totalvi,PBMC5k_GGAGCAAGTCCTGTTC-1,CD4 TCM,1,CD4 TCM,0.5305567979812622,,0.10926516109763629,0.4,1.3090851306915283,0.2257571486836205
totalvi,PBMC5k_GGAGCAATCATCACTT-1,CD14 Mono,1,CD14 Mono,0.006143152713775635,,0.0013172646380682565,0.0,0.09840207546949387,0.01565585972175848
totalvi,PBMC5k_GGAGGATAGATCACCT-1,ILC,0,CD4 TEM,0.5280171930789948,,0.1845132800131566,0.19999999999999996,1.459503173828125,0.00853100966341418
totalvi,PBMC5k_GGAGGATAGCTAGATA-1,CD14 Mono,1,CD14 Mono,0.0034606456756591797,,0.0015222822340718797,0.0,0.10963104665279388,0.008498765734439737
totalvi,PBMC5k_GGAGGATAGTCACGCC-1,CD4 Naive,1,CD4 Naive,0.34036123752593994,,0.018897435103639282,0.19999999999999996,1.1381129026412964,0.21864689294476528
totalvi,PBMC5k_GGAGGATCAAGACCGA-1,ILC,0,CD4 TEM,0.21493542194366455,,0.07625497965476136,0.4,1.0973697900772095,0.05573936459698732
totalvi,PBMC5k_GGAGGATTCCGTCACT-1,CD16 Mono,1,CD16 Mono,0.011861741542816162,,0.0069978139081325955,0.0,0.018137119710445404,0.0015980306277131012
totalvi,PBMC5k_GGAGGTAAGAGAGCAA-1,cDC2,1,cDC2,0.0019887685775756836,,0.00028817981499260244,0.0,0.009849690832197666,0.0007128138476958147
totalvi,PBMC5k_GGAGGTACAACACACT-1,CD4 TEM,1,CD4 TEM,0.09935921430587769,,0.019279975741209654,0.0,0.6242381930351257,0.06306347101062235
totalvi,PBMC5k_GGAGGTACATGTGTCA-1,CD4 TEM,1,CD4 TEM,0.07180017232894897,,0.036614282645212604,0.0,0.6079368591308594,0.13440229138817036
totalvi,PBMC5k_GGAGGTAGTTAAGAAC-1,CD14 Mono,1,CD14 Mono,0.0018880367279052734,,0.0021769725291255412,0.0,0.1581398844718933,0.02221198465849767
totalvi,PBMC5k_GGATCTAAGCCGGATA-1,CD4 TCM,1,CD4 TCM,0.43455713987350464,,0.05353850615678046,0.19999999999999996,1.061650276184082,0.19627445139019808
totalvi,PBMC5k_GGATCTAAGCTCGAAG-1,CD14 Mono,1,CD14 Mono,0.010556578636169434,,0.006874448154942078,0.0,0.12084437906742096,0.017424349908401797
totalvi,PBMC5k_GGATCTAGTGCGACAA-1,CD14 Mono,1,CD14 Mono,0.007493317127227783,,0.0038075978562442797,0.0,0.14904054999351501,0.02942520871223283
totalvi,PBMC5k_GGATCTATCCGTGCGA-1,B naive,1,B naive,0.01334160566329956,,0.04888467448431394,0.0,0.3968171775341034,0.07332084297244267
totalvi,PBMC5k_GGATGTTAGACCTCAT-1,CD4 Naive,1,CD4 Naive,0.33392995595932007,,0.06988261487084291,0.19999999999999996,0.8115819096565247,0.2496122672260027
totalvi,PBMC5k_GGATGTTCAGAACTCT-1,CD4 TCM,1,CD4 TCM,0.1234247088432312,,0.01375573889982834,0.0,0.7163214683532715,0.06984867290539636
totalvi,PBMC5k_GGATGTTTCCCAGCGA-1,cDC2,1,cDC2,0.001315772533416748,,0.00034478989613382846,0.0,0.01306211668998003,0.0010539680104836946
totalvi,PBMC5k_GGCACGTAGTCATACC-1,CD14 Mono,1,CD14 Mono,0.03742867708206177,,0.007288707095097158,0.0,0.30904531478881836,0.07125257813718276
totalvi,PBMC5k_GGCACGTGTCGTCGGT-1,CD14 Mono,1,CD14 Mono,0.0030562281608581543,,0.0007139868089942186,0.0,0.05328042805194855,0.0048821354628372105
totalvi,PBMC5k_GGCACGTTCCGAAGGA-1,CD14 Mono,1,CD14 Mono,0.1447858214378357,,0.010947728042228155,0.0,0.2674369215965271,0.061213879197990005
totalvi,PBMC5k_GGCAGTCAGGAGAATG-1,ILC,0,Eryth,0.13706094026565552,,0.11058963662326415,0.19999999999999996,1.664005160331726,0.023262062258952776
totalvi,PBMC5k_GGCAGTCAGTCGAATA-1,CD4 TEM,1,CD4 TEM,0.10090643167495728,,0.0351649392986384,0.0,0.6651221513748169,0.06238224236297586
totalvi,PBMC5k_GGCAGTCAGTGATCGG-1,CD14 Mono,1,CD14 Mono,0.01853954792022705,,0.008873664309947266,0.0,0.38984644412994385,0.050645974317362424
totalvi,PBMC5k_GGCAGTCCAAGCGAGT-1,gdT,0,MAIT,0.3905930519104004,,0.06731282706844621,0.19999999999999996,1.3850071430206299,0.07227405067757682
totalvi,PBMC5k_GGCAGTCCAGCTGTGC-1,CD4 TCM,1,CD4 TCM,0.5045352876186371,,0.05262235669999027,0.4,0.9620527625083923,0.24759163152097438
totalvi,PBMC5k_GGCAGTCCAGTGTACT-1,CD4 Naive,1,CD4 Naive,0.01851797103881836,,0.0029251458853176565,0.0,0.09461987763643265,0.013980182050821396
totalvi,PBMC5k_GGCAGTCGTCGTGGTC-1,NK,1,NK,0.07396984100341797,,0.016650795149928538,0.0,0.24736939370632172,0.028970546708428736
totalvi,PBMC5k_GGCAGTCTCATTGGTG-1,CD14 Mono,1,CD14 Mono,0.0037013888359069824,,0.0016786640544715556,0.0,0.1034451350569725,0.017216384599777573
totalvi,PBMC5k_GGCGTCAAGCACACCC-1,CD14 Mono,1,CD14 Mono,0.14681100845336914,,0.02378428585985698,0.0,0.46820691227912903,0.1277160703191964
totalvi,PBMC5k_GGCGTCAAGGCTTAAA-1,CD4 TCM,0,CD4 Naive,0.40296417474746704,,0.11805667616852666,0.19999999999999996,1.1264466047286987,0.23836829406623838
totalvi,PBMC5k_GGCGTCATCAGACTGT-1,B intermediate,1,B intermediate,0.39393144845962524,,0.04269673530060503,0.19999999999999996,1.034628987312317,0.12269185149377307
totalvi,PBMC5k_GGCGTCATCATGCCGG-1,CD4 TCM,1,CD4 TCM,0.31884777545928955,,0.07031650101677689,0.19999999999999996,1.0109995603561401,0.13944828110950616
totalvi,PBMC5k_GGCTGTGCAGAATGTA-1,B memory,1,B memory,0.2892097234725952,,0.219240397944079,0.6,1.2006064653396606,0.15350582291966747
totalvi,PBMC5k_GGCTGTGGTACTCGAT-1,B naive,1,B naive,0.007103145122528076,,0.03459477731536631,0.0,0.10908756405115128,0.01464237444788774
totalvi,PBMC5k_GGCTGTGGTAGAATGT-1,CD4 TEM,1,CD4 TEM,0.2728669047355652,,0.0601795255745573,0.0,0.9477308392524719,0.08622668436766573
totalvi,PBMC5k_GGCTGTGGTCCGGATC-1,CD8 Naive,1,CD8 Naive,0.03779888153076172,,0.1464799073596479,0.19999999999999996,1.1277635097503662,0.23545587331878004
totalvi,PBMC5k_GGCTTGGAGCCATTCA-1,CD4 Naive,1,CD4 Naive,0.3595592975616455,,0.039440369034281275,0.0,0.6899158358573914,0.13015048607003024
totalvi,PBMC5k_GGCTTGGCATGTGCCG-1,CD8 TEM,1,CD8 TEM,0.07884341478347778,,0.027185524602131195,0.4,1.2791781425476074,0.2765483656100234
totalvi,PBMC5k_GGCTTGGGTACCCGAC-1,ILC,0,CD4 TCM,0.14873230457305908,,0.021728253362832184,0.0,0.6703686714172363,0.07467341451324613
totalvi,PBMC5k_GGCTTTCCAGAGGCTA-1,CD4 Naive,1,CD4 Naive,0.29417479038238525,,0.0649563992507537,0.19999999999999996,0.6450785994529724,0.20918252075575383
totalvi,PBMC5k_GGCTTTCCATCCTTCG-1,CD4 TEM,1,CD4 TEM,0.05782121419906616,,0.017192301099002327,0.0,0.4353592097759247,0.02429783825167769
totalvi,PBMC5k_GGCTTTCTCTCTTCAA-1,CD14 Mono,1,CD14 Mono,0.004287600517272949,,0.008232685108887458,0.0,0.12093827873468399,0.011094463238163198
totalvi,PBMC5k_GGGAAGTCACAGTGTT-1,CD4 TEM,1,CD4 TEM,0.04062753915786743,,0.026430515140215827,0.0,0.6793184876441956,0.08916406232502548
totalvi,PBMC5k_GGGACAAAGGGCCTCT-1,CD4 TEM,0,CD4 TCM,0.4006616473197937,,0.06813885038062245,0.19999999999999996,0.8464910387992859,0.18212722883214127
totalvi,PBMC5k_GGGACAAAGGTATAGT-1,CD14 Mono,1,CD14 Mono,0.0027934908866882324,,0.001045243132586228,0.0,0.059504371136426926,0.002485416464596512
totalvi,PBMC5k_GGGACAAGTGCCTATA-1,CD8 Naive,1,CD8 Naive,0.2702364921569824,,0.018395858694257416,0.4,1.001618504524231,0.30291311769099244
totalvi,PBMC5k_GGGACAATCACTGATG-1,B naive,1,B naive,0.0148162841796875,,0.1049112011141875,0.0,0.3399886190891266,0.066822727514469
totalvi,PBMC5k_GGGACCTCAATAAGGT-1,Eryth,1,Eryth,0.2613863945007324,,0.07394175092303101,0.4,0.709204375743866,0.27572192411966245
totalvi,PBMC5k_GGGACCTCAGGGATAC-1,CD14 Mono,1,CD14 Mono,0.04033154249191284,,0.01444940871724612,0.0,0.41181662678718567,0.06568076257723592
totalvi,PBMC5k_GGGACTCCAAATCGGG-1,CD14 Mono,1,CD14 Mono,0.0045629143714904785,,0.0013031463328537288,0.0,0.18290694057941437,0.01041131439256498
totalvi,PBMC5k_GGGACTCCAACTGAAA-1,CD4 TEM,1,CD4 TEM,0.14063632488250732,,0.009114402121501164,0.0,1.080228567123413,0.08928207337314173
totalvi,PBMC5k_GGGACTCCACATAGCT-1,ILC,0,CD8 TEM,0.7033977210521698,,0.22824518697603757,0.19999999999999996,1.848134160041809,0.00446509028521795
totalvi,PBMC5k_GGGACTCCACCGCTGA-1,CD8 Naive,1,CD8 Naive,0.09145408868789673,,0.07847320909532451,0.0,0.783735454082489,0.0972524760844324
totalvi,PBMC5k_GGGACTCCACGCGTGT-1,CD8 TEM,0,CD4 TEM,0.5259658992290497,,0.1000469321942461,0.4,1.6949187517166138,0.04011133329073495
totalvi,PBMC5k_GGGACTCCAGGTCCGT-1,CD14 Mono,1,CD14 Mono,0.037166476249694824,,0.010011978433641489,0.19999999999999996,0.8349480628967285,0.16645965760423337
totalvi,PBMC5k_GGGACTCCATGACGAG-1,CD14 Mono,1,CD14 Mono,0.014311671257019043,,0.05536900126583916,0.0,0.769483208656311,0.06067426885699094
totalvi,PBMC5k_GGGACTCGTCGTGGAA-1,NK_CD56bright,1,NK_CD56bright,0.5251075923442841,,0.08782967497619332,0.19999999999999996,1.1301825046539307,0.24214974305526862
totalvi,PBMC5k_GGGACTCTCCCATTCG-1,B naive,1,B naive,0.08169519901275635,,0.09747122196284264,0.0,0.6805394291877747,0.141551896018504
totalvi,PBMC5k_GGGACTCTCTAATTCC-1,CD14 Mono,1,CD14 Mono,0.0019562244415283203,,0.010998034680315127,0.0,0.1362583190202713,0.0158200705060329
totalvi,PBMC5k_GGGAGATAGGTTACAA-1,B memory,1,B memory,0.06011855602264404,,0.013924918551186216,0.0,0.6014720797538757,0.10413359622198805
totalvi,PBMC5k_GGGAGATCATTCCTAT-1,CD14 Mono,1,CD14 Mono,0.04139089584350586,,0.012610196330733597,0.0,0.17322492599487305,0.021281394674732206
totalvi,PBMC5k_GGGAGATGTGCAACGA-1,gdT,0,MAIT,0.4927830100059509,,0.15131365539793595,0.0,1.1794345378875732,0.04810296008801478
totalvi,PBMC5k_GGGAGATTCAACACGT-1,CD14 Mono,1,CD14 Mono,0.008665144443511963,,0.007756690831409674,0.0,0.12203021347522736,0.008659123587264974
totalvi,PBMC5k_GGGAGATTCCTACACC-1,CD4 TCM,1,CD4 TCM,0.1848810911178589,,0.042059248818389516,0.0,0.9873639941215515,0.16533424433188781
totalvi,PBMC5k_GGGAGTAGTCTCCTGT-1,B naive,1,B naive,0.005893588066101074,,0.058417798697124323,0.0,0.5326789021492004,0.17107423081007195
totalvi,PBMC5k_GGGATCCCAGCCTTCT-1,CD4 TCM,1,CD4 TCM,0.04051339626312256,,0.014890591738358883,0.0,0.7279863953590393,0.18369276498915066
totalvi,PBMC5k_GGGATCCCATACTGTG-1,Treg,0,CD4 Naive,0.40279650688171387,,0.05556158575065395,0.4,1.2733556032180786,0.16405426149801264
totalvi,PBMC5k_GGGATCCTCCGGACTG-1,CD4 Naive,1,CD4 Naive,0.4478772282600403,,0.0826606687827085,0.0,0.6467584371566772,0.10807327303759033
totalvi,PBMC5k_GGGATCCTCTAAGAAG-1,NK,1,NK,0.08154487609863281,,0.05528609875688473,0.0,0.5780556201934814,0.07107908479524305
totalvi,PBMC5k_GGGATGAAGCCTCGTG-1,Treg,0,CD4 TEM,0.47596943378448486,,0.1692399728298244,0.19999999999999996,1.144093632698059,0.028600638339388654
totalvi,PBMC5k_GGGATGACAGAATTCC-1,CD14 Mono,1,CD14 Mono,0.001089930534362793,,0.0005449969753487695,0.0,0.05553499609231949,0.004556676517609162
totalvi,PBMC5k_GGGATGACATACACCA-1,CD8 TEM,1,CD8 TEM,0.5739110112190247,,0.17589759811085992,0.4,1.144232988357544,0.29185946015466185
totalvi,PBMC5k_GGGATGAGTTGTCCCT-1,CD4 TCM,1,CD4 TCM,0.13269060850143433,,0.02044885781222061,0.0,0.2675514221191406,0.029557925570277435
totalvi,PBMC5k_GGGATGATCACTAGCA-1,CD4 Naive,1,CD4 Naive,0.12759244441986084,,0.023310877619946213,0.0,0.5203496217727661,0.06357340472290235
totalvi,PBMC5k_GGGCCATAGTGCAAAT-1,CD8 TEM,1,CD8 TEM,0.20401650667190552,,0.1942983022403315,0.0,1.331701636314392,0.21075765029890955
totalvi,PBMC5k_GGGCCATGTAATCAGA-1,gdT,1,gdT,0.4082532525062561,,0.17639053926087933,0.19999999999999996,1.7227602005004883,0.061960992698396646
totalvi,PBMC5k_GGGCCATGTATTCCTT-1,CD4 TCM,1,CD4 TCM,0.13213908672332764,,0.015075462205491497,0.0,0.4968910217285156,0.08535198849940881
totalvi,PBMC5k_GGGCGTTAGGCCTGAA-1,CD4 TEM,1,CD4 TEM,0.3724598288536072,,0.044608784585741024,0.4,1.0432296991348267,0.16157446203800044
totalvi,PBMC5k_GGGCGTTCATCTCAAG-1,CD4 Naive,1,CD4 Naive,0.06013292074203491,,0.0368020444441004,0.0,0.5025969743728638,0.057554920867309574
totalvi,PBMC5k_GGGCGTTTCCACGGGT-1,CD4 TEM,1,CD4 TEM,0.3107619285583496,,0.03440935788082333,0.19999999999999996,1.1666730642318726,0.20579600067451503
totalvi,PBMC5k_GGGCTACAGCGTCGAA-1,CD4 TCM,1,CD4 TCM,0.12654680013656616,,0.015423281761552221,0.0,0.6337873935699463,0.10647127311727393
totalvi,PBMC5k_GGGCTACGTTAAACCC-1,NK,1,NK,0.04505854845046997,,0.010337025379427794,0.0,0.2026161253452301,0.032152250840918044
totalvi,PBMC5k_GGGCTCAAGTCAGCCC-1,CD8 TEM,1,CD8 TEM,0.11952918767929077,,0.10349283091313088,0.6,1.3915283679962158,0.2250746165388965
totalvi,PBMC5k_GGGCTCAGTGTGTCCG-1,CD8 TCM,0,CD8 Naive,0.47726476192474365,,0.2450094135168046,0.4,2.116605758666992,0.1027397685015406
totalvi,PBMC5k_GGGCTCATCGCCTTGT-1,CD4 Naive,1,CD4 Naive,0.19790297746658325,,0.018356183034988316,0.0,0.723260760307312,0.1114284446662889
totalvi,PBMC5k_GGGTAGAAGCGTATGG-1,CD14 Mono,1,CD14 Mono,0.0023311972618103027,,0.002678890018118385,0.0,0.15360769629478455,0.022286693502328283
totalvi,PBMC5k_GGGTAGACAACGCCCA-1,cDC2,1,cDC2,0.3330680727958679,,0.051874795759141445,0.0,0.16119590401649475,0.01676446294136155
totalvi,PBMC5k_GGGTAGACACAATGTC-1,CD14 Mono,1,CD14 Mono,0.0012322664260864258,,0.0012392211026687541,0.0,0.10364393144845963,0.014061598634325595
totalvi,PBMC5k_GGGTAGACATTGAGGG-1,CD14 Mono,1,CD14 Mono,0.003328084945678711,,0.000651318036176702,0.0,0.06345417350530624,0.007103191882603365
totalvi,PBMC5k_GGGTAGATCCAAACCA-1,CD4 Naive,1,CD4 Naive,0.15707480907440186,,0.019688765217326654,0.0,0.7587098479270935,0.08711707215365667
totalvi,PBMC5k_GGGTAGATCTGTCAGA-1,NK,1,NK,0.028110146522521973,,0.006093634390837849,0.0,0.13095512986183167,0.02087010113525652
totalvi,PBMC5k_GGGTATTAGATTGGGC-1,CD14 Mono,1,CD14 Mono,0.07873702049255371,,0.005264793573688531,0.0,0.355344295501709,0.11104579012237484
totalvi,PBMC5k_GGGTATTCATCCTTGC-1,CD16 Mono,1,CD16 Mono,0.007618367671966553,,0.004842367811404305,0.0,0.05285092815756798,0.009294504876815384
totalvi,PBMC5k_GGGTCACAGCACTAAA-1,CD4 Naive,1,CD4 Naive,0.271480917930603,,0.03211051825071021,0.4,1.0791529417037964,0.16285130506284848
totalvi,PBMC5k_GGGTCACAGCGGTATG-1,CD8 TEM,1,CD8 TEM,0.22650539875030518,,0.18042788414411448,0.6,1.6666691303253174,0.09559054030935767
totalvi,PBMC5k_GGGTCACCAACTCGTA-1,ILC,0,CD4 TEM,0.1173517107963562,,0.06659101675290802,0.0,1.0266085863113403,0.03236887676948247
totalvi,PBMC5k_GGGTCACGTTATGGTC-1,CD4 TCM,1,CD4 TCM,0.21196424961090088,,0.029131263008045583,0.0,0.5956747531890869,0.10953368902599711
totalvi,PBMC5k_GGGTCACTCCCTGGTT-1,cDC2,0,CD14 Mono,0.23110806941986084,,0.11275105928452811,0.4,0.7629632949829102,0.1097831600099227
totalvi,PBMC5k_GGGTCTGAGCTTTGTG-1,CD4 TCM,1,CD4 TCM,0.21428799629211426,,0.045833947484423154,0.19999999999999996,0.9712975025177002,0.16391834637500088
totalvi,PBMC5k_GGGTCTGCAAACTCGT-1,CD14 Mono,1,CD14 Mono,0.00856393575668335,,0.0022444242714204504,0.0,0.15607090294361115,0.024010260329054994
totalvi,PBMC5k_GGGTCTGGTTGAGGAC-1,CD4 Naive,1,CD4 Naive,0.47450530529022217,,0.03442161655568765,0.19999999999999996,1.0365854501724243,0.18329953707372781
totalvi,PBMC5k_GGGTGAACAAACCATC-1,CD14 Mono,1,CD14 Mono,0.09188574552536011,,0.015145363878721063,0.0,0.3947649896144867,0.09285306143091192
totalvi,PBMC5k_GGGTGAACAAATAGCA-1,CD4 TCM,1,CD4 TCM,0.15277940034866333,,0.023883025386434165,0.0,0.8371762633323669,0.18982942000688455
totalvi,PBMC5k_GGGTGAACATAAGATG-1,CD14 Mono,1,CD14 Mono,0.005103647708892822,,0.00477117630238319,0.0,0.2635098099708557,0.033781807876617304
totalvi,PBMC5k_GGGTGAACATCTTCGC-1,CD4 TCM,1,CD4 TCM,0.2326473593711853,,0.06032533492361636,0.4,0.8812636733055115,0.23546734632215752
totalvi,PBMC5k_GGGTGAAGTTACCCAA-1,CD14 Mono,1,CD14 Mono,0.003537595272064209,,0.003510553880388914,0.0,0.1225586086511612,0.007222126692970018
totalvi,PBMC5k_GGGTGAATCCCATTTA-1,CD4 TCM,1,CD4 TCM,0.11557435989379883,,0.01871590759534364,0.19999999999999996,0.6208381056785583,0.17660241578382638
totalvi,PBMC5k_GGGTGTCAGGCGATAC-1,B naive,1,B naive,0.05770730972290039,,0.033785800089148,0.0,0.2223132997751236,0.03588332338982281
totalvi,PBMC5k_GGGTGTCCATGACTGT-1,gdT,0,MAIT,0.5721211731433868,,0.13208027506250697,0.6,1.435806393623352,0.11106802016143945
totalvi,PBMC5k_GGGTTATCATGACAGG-1,CD14 Mono,1,CD14 Mono,0.02114945650100708,,0.0046945952659844525,0.0,0.3117486238479614,0.04432871637901396
totalvi,PBMC5k_GGGTTATTCATCGCAA-1,CD14 Mono,1,CD14 Mono,0.06767046451568604,,0.013879962313450872,0.0,0.5255101323127747,0.05409944972840321
totalvi,PBMC5k_GGGTTTAAGGTACTGG-1,CD4 TCM,1,CD4 TCM,0.049657464027404785,,0.00862087138046927,0.0,0.37098515033721924,0.060614333024393105
totalvi,PBMC5k_GGGTTTAGTAGTGATA-1,Eryth,1,Eryth,0.22591859102249146,,0.06391311588077053,0.19999999999999996,0.6295661926269531,0.17355608647510964
totalvi,PBMC5k_GGGTTTAGTCCGACGT-1,ILC,0,CD8 Naive,0.7359289228916168,,0.1481408998306315,0.6,2.0901899337768555,0.05088686001904662
totalvi,PBMC5k_GGGTTTAGTGATAGTA-1,CD4 TEM,0,CD4 TCM,0.5106843709945679,,0.03262007736801387,0.4,0.9513609409332275,0.20330942224810178
totalvi,PBMC5k_GGGTTTAGTTGTGCAT-1,CD4 Naive,1,CD4 Naive,0.09097117185592651,,0.029418445367729862,0.0,0.48110756278038025,0.07328414225768234
totalvi,PBMC5k_GGTAACTAGACCATAA-1,CD14 Mono,1,CD14 Mono,0.027845442295074463,,0.01569665503157766,0.0,0.32111915946006775,0.059103736491004366
totalvi,PBMC5k_GGTAACTCAATTGAAG-1,B naive,1,B naive,0.01386493444442749,,0.06125857965346232,0.0,0.5468053221702576,0.07409873843923623
totalvi,PBMC5k_GGTAACTCAGTTAGAA-1,NK,1,NK,0.00048720836639404297,,0.00010002239754903965,0.0,0.04302921146154404,0.006547063960412622
totalvi,PBMC5k_GGTAACTGTGTATACC-1,CD4 TCM,1,CD4 TCM,0.03357917070388794,,0.00822362074005023,0.0,0.39334437251091003,0.06908823137713514
totalvi,PBMC5k_GGTAATCAGCATTGTC-1,CD8 TEM,1,CD8 TEM,0.22458964586257935,,0.04878553986901757,0.19999999999999996,1.1048530340194702,0.24793892156436365
totalvi,PBMC5k_GGTAATCAGGACGCAT-1,NK,1,NK,0.3685428500175476,,0.08876119291191253,0.0,0.5210371017456055,0.0749327663655825
totalvi,PBMC5k_GGTAATCCACACTTAG-1,NK,1,NK,0.00010251998901367188,,6.0877220108947324e-05,0.0,0.004867390729486942,0.00042154979033856414
totalvi,PBMC5k_GGTAATCGTTTCGTGA-1,CD14 Mono,1,CD14 Mono,0.058130860328674316,,0.018251676229183944,0.0,0.3706949055194855,0.047843609783820414
totalvi,PBMC5k_GGTAATCTCCTATGGA-1,NK,1,NK,0.0498313307762146,,0.009302133611864327,0.0,0.4733628034591675,0.03489940893342491
totalvi,PBMC5k_GGTAGAGTCAGAGCGA-1,cDC2,1,cDC2,0.00023931264877319336,,8.039536706402504e-05,0.0,0.00436266977339983,0.00021297954357326875
totalvi,PBMC5k_GGTCACGCATATTCGG-1,CD4 TEM,1,CD4 TEM,0.23968082666397095,,0.05847935376359503,0.0,0.44446155428886414,0.05951423697423551
totalvi,PBMC5k_GGTCACGCATCCGGCA-1,CD14 Mono,1,CD14 Mono,0.0015618205070495605,,0.001728146696721028,0.0,0.08294336497783661,0.003282622349801753
totalvi,PBMC5k_GGTCACGCATTGTGCA-1,cDC2,1,cDC2,0.0011496543884277344,,0.0005474360305553656,0.0,0.010712364688515663,0.0013982331305946668
totalvi,PBMC5k_GGTCACGGTGTGTCCG-1,CD14 Mono,1,CD14 Mono,0.004624724388122559,,0.001511903427707538,0.0,0.08376749604940414,0.005685500217695395
totalvi,PBMC5k_GGTCACGTCTGCATGA-1,CD14 Mono,1,CD14 Mono,0.03049468994140625,,0.010714612987761912,0.0,0.21223604679107666,0.03098184015833082
totalvi,PBMC5k_GGTCTGGGTAGCGCCT-1,CD14 Mono,1,CD14 Mono,0.28317636251449585,,0.07651360689544617,0.0,0.45415979623794556,0.1351675152713058
totalvi,PBMC5k_GGTCTGGGTATGTCAC-1,CD4 TEM,1,CD4 TEM,0.39795124530792236,,0.08079523417606471,0.6,1.6688027381896973,0.05938396718726845
totalvi,PBMC5k_GGTCTGGGTGAACTAA-1,NK,1,NK,0.2583044767379761,,0.1475662632223117,0.0,0.808647096157074,0.09766937938793255
totalvi,PBMC5k_GGTGAAGCACCGTCTT-1,CD4 TEM,0,CD8 TEM,0.3066103458404541,,0.30177021395355386,0.4,1.233262300491333,0.12799575402033095
totalvi,PBMC5k_GGTGAAGCACTAGTAC-1,CD14 Mono,1,CD14 Mono,0.0023264288902282715,,0.0011133525816793,0.0,0.06911451369524002,0.0033450728916237242
totalvi,PBMC5k_GGTGATTAGGCTTAAA-1,CD4 TCM,1,CD4 TCM,0.03355938196182251,,0.01138167087884806,0.0,0.31721144914627075,0.03304644352651126
totalvi,PBMC5k_GGTGATTCACCGCTAG-1,CD14 Mono,1,CD14 Mono,0.0009346604347229004,,0.00024363681461415758,0.0,0.029107248410582542,0.001216785776242038
totalvi,PBMC5k_GGTGATTGTTGCAAGG-1,CD16 Mono,1,CD16 Mono,0.09566313028335571,,0.029864431416587234,0.0,0.29810118675231934,0.04046909238012338
totalvi,PBMC5k_GGTGGCTAGCACCCAC-1,CD4 TCM,0,CD4 TEM,0.42083024978637695,,0.08585629496986646,0.19999999999999996,1.1754940748214722,0.1252159241251357
totalvi,PBMC5k_GGTGGCTAGCCACTCG-1,CD16 Mono,1,CD16 Mono,0.16566985845565796,,0.030758648859097876,0.0,0.09478746354579926,0.015265331830023038
totalvi,PBMC5k_GGTGGCTGTCGCGTTG-1,CD14 Mono,1,CD14 Mono,0.04346764087677002,,0.022887122359648293,0.0,0.9417035579681396,0.22161895581360722
totalvi,PBMC5k_GGTGGCTTCTTGTTAC-1,CD4 TCM,1,CD4 TCM,0.08132922649383545,,0.012155419200833295,0.0,0.7242729663848877,0.13865229309441893
totalvi,PBMC5k_GGTGTCGAGGTTAGTA-1,NK,1,NK,0.00013124942779541016,,7.042294016316748e-05,0.0,0.007273349445313215,0.0011682693478793985
totalvi,PBMC5k_GGTGTCGAGTAGATCA-1,NK,1,NK,0.011627614498138428,,0.00377379494611315,0.0,0.11422048509120941,0.00842375981914229
totalvi,PBMC5k_GGTGTTACACTTGAAC-1,CD14 Mono,1,CD14 Mono,0.003385603427886963,,0.0021407254754874927,0.0,0.13617928326129913,0.00937765309949922
totalvi,PBMC5k_GGTGTTATCCTCTGCA-1,CD4 TCM,1,CD4 TCM,0.22661298513412476,,0.028544730335401503,0.0,0.7696242332458496,0.1293378312951793
totalvi,PBMC5k_GGTTAACAGGCTCCCA-1,ILC,0,CD4 TCM,0.2801936864852905,,0.024289108863134845,0.0,0.6804381608963013,0.015850031735068097
totalvi,PBMC5k_GGTTAACCATAGTCGT-1,CD4 Naive,1,CD4 Naive,0.08623099327087402,,0.023563722807638854,0.0,0.49616146087646484,0.08372117905440889
totalvi,PBMC5k_GGTTAACCATCTGCGG-1,B naive,1,B naive,0.033536672592163086,,0.13493566437123572,0.0,0.5732709169387817,0.10472074748806616
totalvi,PBMC5k_GGTTAACGTCCAATCA-1,CD8 TEM,1,CD8 TEM,0.2767532467842102,,0.12377073689570861,0.19999999999999996,1.0864427089691162,0.20936857287010305
totalvi,PBMC5k_GGTTAACTCGCCAGAC-1,CD14 Mono,1,CD14 Mono,0.0028331875801086426,,0.0070306665193881485,0.0,0.21112698316574097,0.008748769100931567
totalvi,PBMC5k_GGTTAACTCTGCTTTA-1,B intermediate,0,B memory,0.05460512638092041,,0.06466360527763348,0.0,1.0499906539916992,0.11717969485332774
totalvi,PBMC5k_GGTTCTCAGATCGCCC-1,B intermediate,0,B memory,0.5892758965492249,,0.1197905452425807,0.6,1.1320658922195435,0.08653486367375934
totalvi,PBMC5k_GGTTCTCGTCGGAAAC-1,CD14 Mono,1,CD14 Mono,0.020600318908691406,,0.0018111184142968334,0.0,0.16651107370853424,0.031628110434211175
totalvi,PBMC5k_GGTTGTAAGCGACCCT-1,CD4 Naive,0,CD4 TCM,0.39968395233154297,,0.10868211632961278,0.19999999999999996,1.071300745010376,0.14806226607861264
totalvi,PBMC5k_GGTTGTAGTAGACAGC-1,CD8 Naive,0,CD4 Naive,0.393929660320282,,0.1657418247745217,0.4,0.9808135032653809,0.23420791679399178
totalvi,PBMC5k_GGTTGTAGTCAACGCC-1,CD16 Mono,1,CD16 Mono,0.001973450183868408,,0.0006113930301767916,0.0,0.003622454358264804,0.00024341705774638713
totalvi,PBMC5k_GGTTGTAGTTTACTTC-1,MAIT,1,MAIT,0.3318883180618286,,0.09832147338268393,0.19999999999999996,1.2196842432022095,0.19487784061359412
totalvi,PBMC5k_GGTTGTATCATGAGGG-1,NK,1,NK,0.00029653310775756836,,6.833578067775366e-05,0.0,0.02324378862977028,0.0023550510291240876
totalvi,PBMC5k_GGTTGTATCTTCCACG-1,NK,1,NK,0.04928642511367798,,0.04435920771755486,0.0,0.4350586533546448,0.05955544992514845
totalvi,PBMC5k_GTAACCATCATTTGTC-1,ILC,0,CD4 TCM,0.4711354374885559,,0.10384484120349924,0.0,0.6825178265571594,0.02036503699095816
totalvi,PBMC5k_GTAAGTCAGAGGATCC-1,CD14 Mono,1,CD14 Mono,0.005698561668395996,,0.001071422524087276,0.0,0.07502833008766174,0.008697765110070296
totalvi,PBMC5k_GTAAGTCAGTAGTGCG-1,CD14 Mono,1,CD14 Mono,0.04356426000595093,,0.009918612702733448,0.0,0.2240218222141266,0.032967946529415926
totalvi,PBMC5k_GTAAGTCGTTAAGGAT-1,NK,1,NK,0.0005688071250915527,,9.52341874358542e-05,0.0,0.014688109047710896,0.0017337066536853103
totalvi,PBMC5k_GTAATCGAGATGAATC-1,B memory,1,B memory,0.10507321357727051,,0.04395129019293742,0.19999999999999996,0.6978124380111694,0.2185197794613323
totalvi,PBMC5k_GTAATCGGTTGGCCTG-1,ILC,1,ILC,0.6354416012763977,,0.11876113998280036,0.6,1.959207534790039,0.059207864221001376
totalvi,PBMC5k_GTAATCGGTTTGATCG-1,B intermediate,0,B memory,0.16399085521697998,,0.033148936570084775,0.19999999999999996,0.8903645277023315,0.2169810517480223
totalvi,PBMC5k_GTAATCGTCACACGAT-1,CD4 Naive,1,CD4 Naive,0.10352277755737305,,0.06662803051021049,0.0,0.8724889159202576,0.10970047683293348
totalvi,PBMC5k_GTAATGCCAATTAGGA-1,CD14 Mono,1,CD14 Mono,0.010163724422454834,,0.00384279770323738,0.0,0.2585098445415497,0.023726425525857256
totalvi,PBMC5k_GTAATGCCATGGCTGC-1,CD14 Mono,1,CD14 Mono,0.007890045642852783,,0.0012329505261891027,0.0,0.14686934649944305,0.035155926342338224
totalvi,PBMC5k_GTAATGCGTCCGGACT-1,CD14 Mono,1,CD14 Mono,0.06166708469390869,,0.04131810911519995,0.4,0.9511765241622925,0.1270728560956962
totalvi,PBMC5k_GTAATGCTCTGGGCGT-1,CD14 Mono,1,CD14 Mono,0.0035016536712646484,,0.0015791846453913037,0.0,0.14295439422130585,0.019475609865458935
totalvi,PBMC5k_GTACAACTCATGGAGG-1,B naive,1,B naive,0.038170576095581055,,0.006386352793038591,0.0,0.3641843795776367,0.05995675651919838
totalvi,PBMC5k_GTACAGTAGCCGATCC-1,CD14 Mono,1,CD14 Mono,0.03346604108810425,,0.003691680822308252,0.0,0.07680049538612366,0.004395591467038964
totalvi,PBMC5k_GTACAGTGTATGGGAC-1,CD4 TEM,0,CD4 TCM,0.38431257009506226,,0.05416575914657096,0.4,1.1357388496398926,0.18636733281550003
totalvi,PBMC5k_GTACAGTGTGGATCAG-1,CD16 Mono,1,CD16 Mono,0.12196236848831177,,0.023740864961671854,0.0,0.10570941120386124,0.010652161924382644
totalvi,PBMC5k_GTACAGTGTTCCCACT-1,NK,1,NK,0.015118956565856934,,0.0035683753798634865,0.0,0.09182658791542053,0.0087639461756227
totalvi,PBMC5k_GTACAGTTCATGGAGG-1,CD14 Mono,1,CD14 Mono,0.014463603496551514,,0.0016449526560245245,0.0,0.1915520429611206,0.020375425024264614
totalvi,PBMC5k_GTACAGTTCCATTGGA-1,CD4 TCM,0,CD4 TEM,0.39893269538879395,,0.022349618104691937,0.19999999999999996,1.0640934705734253,0.21905948892384725
totalvi,PBMC5k_GTACAGTTCCTCGATC-1,cDC2,1,cDC2,0.0017666816711425781,,0.004552541588230423,0.0,0.051864273846149445,0.004306177148588165
totalvi,PBMC5k_GTACAGTTCTAACACG-1,NK,1,NK,0.0011010169982910156,,0.0005758827016771832,0.0,0.02598639577627182,0.002861827501927703
totalvi,PBMC5k_GTAGAAACAATTTCTC-1,CD4 TCM,1,CD4 TCM,0.4977210760116577,,0.05918186254005131,0.0,0.9519543051719666,0.18199481612703192
totalvi,PBMC5k_GTAGATCAGTCTCTGA-1,Eryth,1,Eryth,0.37149399518966675,,0.05410681896498848,0.19999999999999996,0.5722135305404663,0.18863882058030076
totalvi,PBMC5k_GTAGATCCACTGTGAT-1,CD8 TEM,1,CD8 TEM,0.047627031803131104,,0.03813125379918292,0.0,0.9685271978378296,0.15685523082564037
totalvi,PBMC5k_GTAGATCGTGAGATAT-1,CD14 Mono,1,CD14 Mono,0.0011878013610839844,,0.0006042723591771389,0.0,0.07957868278026581,0.0054149806636439955
totalvi,PBMC5k_GTAGATCTCCATCGTC-1,CD4 Naive,1,CD4 Naive,0.0231168270111084,,0.004454130943427559,0.0,0.16837556660175323,0.018183933253383022
totalvi,PBMC5k_GTAGCTACACTAACCA-1,CD14 Mono,1,CD14 Mono,0.039316773414611816,,0.005570032376384301,0.0,0.2174450308084488,0.04142414543923956
totalvi,PBMC5k_GTAGCTACACTATCGA-1,CD14 Mono,1,CD14 Mono,0.019051432609558105,,0.0032286440887120404,0.0,0.17632102966308594,0.0267408552448596
totalvi,PBMC5k_GTAGCTACAGGTTCCG-1,B naive,1,B naive,0.05357581377029419,,0.05633609899947761,0.0,0.6067003607749939,0.14491613573786277
totalvi,PBMC5k_GTAGCTAGTCGCTGCA-1,CD4 TEM,1,CD4 TEM,0.3708311915397644,,0.0625152050071569,0.6,1.1500002145767212,0.1605545504869619
totalvi,PBMC5k_GTAGCTAGTTGGACTT-1,CD14 Mono,1,CD14 Mono,0.003777623176574707,,0.0007981436337632791,0.0,0.11952363699674606,0.00915529033100847
totalvi,PBMC5k_GTAGGAGCACTGTGTA-1,CD4 TEM,1,CD4 TEM,0.21987169981002808,,0.056552225137338485,0.0,0.9522285461425781,0.0296029766106975
totalvi,PBMC5k_GTAGGAGCAGCCCAGT-1,CD14 Mono,1,CD14 Mono,0.01220625638961792,,0.002092525878184856,0.0,0.1628025472164154,0.022805834071354742
totalvi,PBMC5k_GTAGGAGGTAAGTAGT-1,NK,1,NK,0.018513262271881104,,0.0022582688654324556,0.0,0.2004319727420807,0.02647613078215061
totalvi,PBMC5k_GTAGGAGGTATGATCC-1,CD8 TEM,1,CD8 TEM,0.17033809423446655,,0.1557837059706586,0.19999999999999996,1.3501255512237549,0.21754977704846307
totalvi,PBMC5k_GTAGGTTAGCACACCC-1,CD8 TEM,1,CD8 TEM,0.10087776184082031,,0.03050587726016618,0.0,0.6172065734863281,0.09685363308557818
totalvi,PBMC5k_GTAGGTTCATACACCA-1,CD4 Naive,1,CD4 Naive,0.4432799816131592,,0.10506510774991829,0.0,0.9584307670593262,0.08180977157081351
totalvi,PBMC5k_GTAGTACAGACCCTTA-1,CD4 TCM,1,CD4 TCM,0.31974536180496216,,0.04258642746061636,0.19999999999999996,1.008527398109436,0.2571878195735862
totalvi,PBMC5k_GTAGTACCAAGACAAT-1,B memory,1,B memory,0.26506590843200684,,0.0989273938803571,0.19999999999999996,0.8380782008171082,0.22518958917363363
totalvi,PBMC5k_GTATTGGAGCGCATCC-1,CD4 TEM,1,CD4 TEM,0.23635685443878174,,0.09274524845156096,0.19999999999999996,0.7428953647613525,0.16473787468276746
totalvi,PBMC5k_GTATTGGCATGGAGAC-1,CD4 TCM,1,CD4 TCM,0.41884827613830566,,0.031446682132199366,0.0,0.7327346205711365,0.10699795212055055
totalvi,PBMC5k_GTATTGGCATTCGGGC-1,CD14 Mono,1,CD14 Mono,0.006193876266479492,,0.0014096780887496302,0.0,0.11668611317873001,0.013546860985743214
totalvi,PBMC5k_GTATTGGGTCACCGCA-1,CD4 Naive,1,CD4 Naive,0.1833333969116211,,0.06712416993147985,0.0,0.9641619920730591,0.074969304841166
totalvi,PBMC5k_GTATTGGTCCGTCACT-1,CD4 Naive,1,CD4 Naive,0.27354586124420166,,0.025935644542239844,0.0,0.6927210092544556,0.08748531037358523
totalvi,PBMC5k_GTATTGGTCGAGGCAA-1,cDC2,0,CD14 Mono,0.2559560537338257,,0.11265408833709367,0.4,0.7277798652648926,0.226057060882883
totalvi,PBMC5k_GTATTTCAGTATGAAC-1,CD14 Mono,1,CD14 Mono,0.020639538764953613,,0.0033341057818832287,0.0,0.12036799639463425,0.013695156386459559
totalvi,PBMC5k_GTATTTCCACGTCATA-1,CD14 Mono,1,CD14 Mono,0.0009732246398925781,,0.0001715311541869071,0.0,0.05002368241548538,0.004739833902109824
totalvi,PBMC5k_GTATTTCGTCGAAGCA-1,CD14 Mono,1,CD14 Mono,0.011052370071411133,,0.004850414088322763,0.0,0.2678689956665039,0.016593347409813206
totalvi,PBMC5k_GTCAAACAGAGAGCCT-1,CD4 TCM,1,CD4 TCM,0.09273600578308105,,0.010819826289818424,0.0,0.8216694593429565,0.09870273860827158
totalvi,PBMC5k_GTCAAACGTAGCACAG-1,gdT,0,MAIT,0.48093581199645996,,0.13794552374163682,0.19999999999999996,0.8010498881340027,0.04708163301921192
totalvi,PBMC5k_GTCAAGTAGCCTAGGA-1,MAIT,1,MAIT,0.06347888708114624,,0.06501577728175756,0.0,0.2021379917860031,0.039362654781032694
totalvi,PBMC5k_GTCAAGTAGTGCAACG-1,CD4 TEM,1,CD4 TEM,0.11175554990768433,,0.04369608039126349,0.0,1.1074237823486328,0.07927595675314313
totalvi,PBMC5k_GTCACGGTCACCCTCA-1,CD4 Naive,1,CD4 Naive,0.2883756160736084,,0.08579159917441526,0.0,0.9651659727096558,0.21339102240349797
totalvi,PBMC5k_GTCACTCCAAACCGGA-1,CD14 Mono,1,CD14 Mono,0.0029999613761901855,,0.0008866857410549586,0.0,0.056379783898591995,0.0031220375682636924
totalvi,PBMC5k_GTCACTCCATGAGAAT-1,gdT,0,CD8 TEM,0.49566519260406494,,0.12579119494715907,0.0,1.5098687410354614,0.06687114089138817
totalvi,PBMC5k_GTCACTCCATGTTCAG-1,CD4 TCM,0,CD4 Naive,0.5484296083450317,,0.11371724310430098,0.19999999999999996,1.6379854679107666,0.18739834899317326
totalvi,PBMC5k_GTCACTCGTTCTCCTG-1,CD14 Mono,1,CD14 Mono,0.050450921058654785,,0.031890214846693354,0.0,0.2776590585708618,0.06167233495932131
totalvi,PBMC5k_GTCACTCTCCGACATA-1,CD4 Naive,0,CD4 TCM,0.5471903383731842,,0.11573450345163994,0.4,1.2153350114822388,0.23766402658974448
totalvi,PBMC5k_GTCACTCTCGTAATGC-1,cDC2,0,CD14 Mono,0.4890057444572449,,0.0661824962163976,0.0,0.7674853801727295,0.07170647108190331
totalvi,PBMC5k_GTCAGCGCAAATGCGG-1,CD4 Naive,1,CD4 Naive,0.06334376335144043,,0.040452409799283495,0.0,0.5096938610076904,0.12144294888395302
totalvi,PBMC5k_GTCAGCGTCTCTGCTG-1,NK,1,NK,0.00018805265426635742,,6.235497634894216e-05,0.0,0.007420237176120281,0.0004960898367325637
totalvi,PBMC5k_GTCATCCAGCGCTTCG-1,CD4 Naive,1,CD4 Naive,0.16458046436309814,,0.04107469818081566,0.19999999999999996,0.8935419917106628,0.24032023080795484
totalvi,PBMC5k_GTCATCCAGCGTGTCC-1,CD14 Mono,1,CD14 Mono,0.023082852363586426,,0.002324709247921816,0.0,0.0873677209019661,0.008235854720973997
totalvi,PBMC5k_GTCATCCAGTGCCCGT-1,Eryth,1,Eryth,0.1966691017150879,,0.04745971939257021,0.19999999999999996,0.5772823095321655,0.21335445252928611
totalvi,PBMC5k_GTCATCCCAGCTTCCT-1,CD16 Mono,1,CD16 Mono,0.003468811511993408,,0.000507038320361931,0.0,0.0068625216372311115,0.0005198294149042789
totalvi,PBMC5k_GTCATCCTCCGAGTGC-1,CD14 Mono,1,CD14 Mono,0.013500452041625977,,0.005661315213567122,0.0,0.12149905413389206,0.015338099065826706
totalvi,PBMC5k_GTCATCCTCTGGTCAA-1,CD4 TEM,1,CD4 TEM,0.05157691240310669,,0.01225389292418455,0.0,0.5142119526863098,0.07837196466565155
totalvi,PBMC5k_GTCATGATCCTACCAC-1,NK,1,NK,0.00017154216766357422,,7.199187359699442e-05,0.0,0.00628223130479455,0.0004842700736418634
totalvi,PBMC5k_GTCATTTCACATGTTG-1,CD16 Mono,1,CD16 Mono,0.049242258071899414,,0.007244211283999852,0.0,0.02751474268734455,0.002425793910867881
totalvi,PBMC5k_GTCATTTTCATCGGGC-1,CD14 Mono,1,CD14 Mono,0.001077890396118164,,0.0005705049468965086,0.0,0.03731267526745796,0.0008669328834678109
totalvi,PBMC5k_GTCATTTTCGCTCATC-1,CD8 TEM,1,CD8 TEM,0.08950024843215942,,0.1525473472036607,0.0,0.7952446937561035,0.09217504561700045
totalvi,PBMC5k_GTCCACTAGCTCTGTA-1,CD14 Mono,1,CD14 Mono,0.008064985275268555,,0.0016112427063123477,0.0,0.08433843404054642,0.0043680040790905796
totalvi,PBMC5k_GTCCACTGTCACGTGC-1,gdT,0,CD8 TEM,0.18802571296691895,,0.23369673561470905,0.4,1.3005874156951904,0.11098190556747912
totalvi,PBMC5k_GTCCACTTCTCTCGAC-1,CD4 TEM,1,CD4 TEM,0.035462379455566406,,0.023310361012676917,0.0,0.7151468992233276,0.11031926434548545
totalvi,PBMC5k_GTCCCATAGTCTACCA-1,CD14 Mono,1,CD14 Mono,0.003242790699005127,,0.0013103615751046752,0.0,0.09108090400695801,0.011349241391756753
totalvi,PBMC5k_GTCCCATGTCACATTG-1,B memory,1,B memory,0.04867982864379883,,0.006116590917276343,0.0,0.3912658393383026,0.08574588600942669
totalvi,PBMC5k_GTCCTCAAGATGACAT-1,CD14 Mono,1,CD14 Mono,0.01142042875289917,,0.0026055566879493175,0.0,0.14726269245147705,0.018677869636640573
totalvi,PBMC5k_GTCCTCATCCATCTCG-1,CD4 TEM,0,CD4 TCM,0.48819100856781006,,0.02890751539036962,0.4,0.9295986294746399,0.2436010796297299
totalvi,PBMC5k_GTCGAATAGATTACCC-1,CD4 TEM,1,CD4 TEM,0.22924107313156128,,0.08100366939468806,0.4,1.1943860054016113,0.13622446760131726
totalvi,PBMC5k_GTCGAATAGTAAACTG-1,cDC2,1,cDC2,0.0012704730033874512,,9.526914140822913e-05,0.0,0.011259234510362148,0.0008241187565326162
totalvi,PBMC5k_GTCGAATCACATACGT-1,CD4 TCM,1,CD4 TCM,0.26767945289611816,,0.09393066329063637,0.4,1.1050251722335815,0.25285815742735746
totalvi,PBMC5k_GTCGAATTCGCACGGT-1,B memory,0,B intermediate,0.49301522970199585,,0.029714142198500992,0.19999999999999996,0.8324934244155884,0.21363139086490382
totalvi,PBMC5k_GTCGCGAAGCACTCTA-1,CD16 Mono,1,CD16 Mono,0.02353280782699585,,0.0031871588468481565,0.0,0.02583923004567623,0.0015488291186305841
totalvi,PBMC5k_GTCGCGAAGCATGGGT-1,CD14 Mono,1,CD14 Mono,0.013035833835601807,,0.0014927836345388634,0.0,0.11225840449333191,0.013765952066832489
totalvi,PBMC5k_GTCGCGACAAGACGGT-1,CD14 Mono,1,CD14 Mono,0.01886075735092163,,0.0017508509927702393,0.0,0.32841941714286804,0.024975754348907163
totalvi,PBMC5k_GTCGCGACACAGAAGC-1,CD4 TCM,1,CD4 TCM,0.37742918729782104,,0.04186383908969149,0.19999999999999996,1.267755150794983,0.1303455632315888
totalvi,PBMC5k_GTCGCGAGTCGCAACC-1,CD14 Mono,1,CD14 Mono,0.0006417632102966309,,0.0013160080233213106,0.0,0.052858345210552216,0.006511892594952606
totalvi,PBMC5k_GTCGCGATCAAAGGAT-1,CD14 Mono,1,CD14 Mono,0.0020389556884765625,,0.0010681446868625148,0.0,0.04676160216331482,0.0012368329016337071
totalvi,PBMC5k_GTCGTAACAAAGCTCT-1,CD4 Naive,1,CD4 Naive,0.09255743026733398,,0.017529967711146066,0.0,0.465652734041214,0.044912025223595976
totalvi,PBMC5k_GTCGTAACATCTCAAG-1,B memory,1,B memory,0.06816518306732178,,0.018734939638256898,0.0,0.6511783599853516,0.12531913683840518
totalvi,PBMC5k_GTCGTAAGTATCGTGT-1,CD8 TEM,1,CD8 TEM,0.3271719813346863,,0.1163970344096581,0.4,1.2267558574676514,0.2893812377439711
totalvi,PBMC5k_GTCGTTCAGCAGCGAT-1,gdT,0,NK,0.2164732813835144,,0.10896606217342675,0.0,1.2070060968399048,0.026976859538150957
totalvi,PBMC5k_GTCGTTCAGGAACGCT-1,CD4 Naive,1,CD4 Naive,0.19662952423095703,,0.029372455876636505,0.0,0.6750689148902893,0.08098177713252129
totalvi,PBMC5k_GTCGTTCAGTAGCCAG-1,CD4 TEM,1,CD4 TEM,0.07804244756698608,,0.016148071849291956,0.0,0.5109459757804871,0.06874666262448662
totalvi,PBMC5k_GTCGTTCCACTCCACT-1,CD14 Mono,1,CD14 Mono,0.000888526439666748,,0.002015689641826926,0.0,0.07391159981489182,0.004677176373284743
totalvi,PBMC5k_GTCGTTCGTAGCTTAC-1,CD4 TCM,1,CD4 TCM,0.502448558807373,,0.0756222297879543,0.4,1.2420178651809692,0.24446815388743467
totalvi,PBMC5k_GTCGTTCTCAGTCAGT-1,CD14 Mono,1,CD14 Mono,0.02179020643234253,,0.00761627373903212,0.0,0.1178283765912056,0.004294644376746609
totalvi,PBMC5k_GTCTACCCAGCAGTCC-1,Eryth,1,Eryth,0.4137767553329468,,0.0557133066797284,0.4,0.6956378221511841,0.27475307723788434
totalvi,PBMC5k_GTCTACCTCAGACCCG-1,CD4 Naive,1,CD4 Naive,0.3407195806503296,,0.0732505293039919,0.19999999999999996,1.1832979917526245,0.18467774106613633
totalvi,PBMC5k_GTCTAGATCACTCTTA-1,CD4 TEM,1,CD4 TEM,0.5237913429737091,,0.03681630922481571,0.19999999999999996,1.0058294534683228,0.12118751114903416
totalvi,PBMC5k_GTCTAGATCCGTATGA-1,CD4 TCM,1,CD4 TCM,0.5074182450771332,,0.06843694374848475,0.19999999999999996,0.9214771389961243,0.10578197520149668
totalvi,PBMC5k_GTCTAGATCTTCCCAG-1,CD14 Mono,1,CD14 Mono,0.0024384260177612305,,0.0007368711988316526,0.0,0.04889993742108345,0.004277186101642855
totalvi,PBMC5k_GTCTCACCAACCCGCA-1,CD14 Mono,1,CD14 Mono,0.012559771537780762,,0.002600758681113813,0.0,0.09280912578105927,0.007551229980339731
totalvi,PBMC5k_GTCTCACCAGTCGCTG-1,CD14 Mono,1,CD14 Mono,0.004777371883392334,,0.004984582885986591,0.0,0.15508973598480225,0.01594791494680322
totalvi,PBMC5k_GTCTCACGTCTGTCCT-1,CD4 TEM,1,CD4 TEM,0.1866135597229004,,0.05985224677904055,0.0,0.883286714553833,0.11201292744045073
totalvi,PBMC5k_GTCTGTCAGAACTCCT-1,CD4 Naive,1,CD4 Naive,0.3046828508377075,,0.17452130776485597,0.4,1.194580316543579,0.27275370023428314
totalvi,PBMC5k_GTCTTTACACAAAGTA-1,CD4 TEM,0,CD4 TCM,0.48291945457458496,,0.041305623833341465,0.4,1.0385078191757202,0.1472654712518377
totalvi,PBMC5k_GTCTTTATCGCTCTAC-1,CD14 Mono,1,CD14 Mono,0.002030670642852783,,0.0014465071593354403,0.0,0.07057889550924301,0.007052452343385311
totalvi,PBMC5k_GTCTTTATCGGAGTAG-1,B naive,1,B naive,0.01983177661895752,,0.029011028665631766,0.0,0.612087070941925,0.13563262128860826
totalvi,PBMC5k_GTGACGCAGGATGCGT-1,CD8 Naive,1,CD8 Naive,0.08278548717498779,,0.0626883915869283,0.0,0.4496324360370636,0.06045254263884058
totalvi,PBMC5k_GTGACGCGTCTCTCCA-1,CD16 Mono,1,CD16 Mono,0.05509591102600098,,0.008221604678757877,0.0,0.01979447342455387,0.0019518193641250205
totalvi,PBMC5k_GTGACGCTCAACCTTT-1,CD14 Mono,1,CD14 Mono,0.005612850189208984,,0.009611118024586598,0.0,0.15770195424556732,0.03229609225694749
totalvi,PBMC5k_GTGACGCTCTTTCCGG-1,CD14 Mono,1,CD14 Mono,0.15227240324020386,,0.02543046127417098,0.0,0.17397597432136536,0.03480816060218331
totalvi,PBMC5k_GTGAGCCTCCGTACGG-1,CD8 TEM,1,CD8 TEM,0.17125707864761353,,0.07102388471318266,0.4,1.365187644958496,0.2327768125725678
totalvi,PBMC5k_GTGAGGAAGCACCGTC-1,CD4 TCM,0,CD4 Naive,0.3643134832382202,,0.0738734977668678,0.0,1.2339861392974854,0.09755508098895196
totalvi,PBMC5k_GTGAGGACACGCAAAG-1,CD4 Naive,1,CD4 Naive,0.20227468013763428,,0.02837166319506812,0.0,0.805496335029602,0.11929758144266236
totalvi,PBMC5k_GTGAGGACATTGTCGA-1,cDC2,1,cDC2,0.001347184181213379,,0.0004282713865636084,0.0,0.021530885249376297,0.001064586978327904
totalvi,PBMC5k_GTGAGGATCACGACTA-1,CD4 Naive,1,CD4 Naive,0.15817397832870483,,0.03251777588113114,0.0,0.973203182220459,0.026382756692811423
totalvi,PBMC5k_GTGAGTTAGTGTCATC-1,CD14 Mono,1,CD14 Mono,0.0016065239906311035,,0.0006042926742915299,0.0,0.0660286694765091,0.003355382860043427
totalvi,PBMC5k_GTGAGTTCACCCTAGG-1,CD4 TEM,0,CD4 Naive,0.3315519690513611,,0.07042495282453731,0.4,1.2996573448181152,0.03566812901021088
totalvi,PBMC5k_GTGAGTTCAGGTACGA-1,CD4 TCM,1,CD4 TCM,0.625861644744873,,0.13605924867078234,0.6,1.6589345932006836,0.15631235862056192
totalvi,PBMC5k_GTGAGTTGTCGACGCT-1,CD4 TCM,1,CD4 TCM,0.2694476246833801,,0.06512002694695262,0.0,0.9861626625061035,0.12093053482075304
totalvi,PBMC5k_GTGAGTTGTCGCTTGG-1,Eryth,1,Eryth,0.26341938972473145,,0.05933368075934664,0.4,0.9137165546417236,0.25139361629550955
totalvi,PBMC5k_GTGAGTTTCGAGAATA-1,NK,1,NK,0.012507796287536621,,0.0026131522386332456,0.0,0.11653780937194824,0.013220360042473378
totalvi,PBMC5k_GTGAGTTTCGGCTCTT-1,CD14 Mono,1,CD14 Mono,0.05098837614059448,,0.03569603052117232,0.0,0.6768984198570251,0.12771644129306273
totalvi,PBMC5k_GTGATGTAGGTTCACT-1,CD8 TEM,1,CD8 TEM,0.032256901264190674,,0.009999021686978277,0.0,0.36992910504341125,0.042054891837855574
totalvi,PBMC5k_GTGATGTGTAGATTAG-1,CD16 Mono,1,CD16 Mono,0.009385347366333008,,0.002589225290530933,0.0,0.028905821964144707,0.004669746940946252
totalvi,PBMC5k_GTGCACGCAGGCGATA-1,CD4 Naive,0,CD4 TCM,0.32817208766937256,,0.05850842097365905,0.0,1.392439603805542,0.08136370746844789
totalvi,PBMC5k_GTGCACGTCCGAGTGC-1,gdT,0,MAIT,0.3833334445953369,,0.06261418605716862,0.0,0.7548400163650513,0.03546031820622743
totalvi,PBMC5k_GTGCACGTCGTCAGAT-1,CD14 Mono,0,Eryth,0.24087494611740112,,0.04577448740747836,0.4,0.7008039951324463,0.22085820087446079
totalvi,PBMC5k_GTGCAGCAGTAATTGG-1,CD4 TEM,1,CD4 TEM,0.07783234119415283,,0.04842704096285444,0.0,0.7945786714553833,0.08104513430211717
totalvi,PBMC5k_GTGCAGCGTTTATGCG-1,CD14 Mono,1,CD14 Mono,0.0055045485496521,,0.0011888362722616147,0.0,0.09998800605535507,0.015518896951602655
totalvi,PBMC5k_GTGCGTGAGCGCATCC-1,gdT,0,NK,0.3119010329246521,,0.07419489534607993,0.0,0.8147825002670288,0.0325593741657578
totalvi,PBMC5k_GTGCGTGAGTCGAATA-1,CD14 Mono,1,CD14 Mono,0.006844818592071533,,0.0033846492958955546,0.0,0.2222360074520111,0.01526859883784161
totalvi,PBMC5k_GTGCGTGAGTCGCGAA-1,CD16 Mono,1,CD16 Mono,0.23702186346054077,,0.07774601154383931,0.0,0.36877134442329407,0.05933797930145707
totalvi,PBMC5k_GTGCGTGGTGTATACC-1,CD14 Mono,1,CD14 Mono,0.0030167698860168457,,0.0007611801677145646,0.0,0.09187131375074387,0.012400026832931127
totalvi,PBMC5k_GTGCTGGTCAAAGGAT-1,NK,1,NK,8.487701416015625e-05,,4.0654719110869695e-05,0.0,0.0035867865663021803,0.0002804797381842729
totalvi,PBMC5k_GTGCTTCCATACCATG-1,B naive,1,B naive,0.0018640756607055664,,0.08066634669136868,0.0,0.2080487608909607,0.04015918706935625
totalvi,PBMC5k_GTGCTTCGTACGATGG-1,cDC2,1,cDC2,0.006513357162475586,,0.0009377145590351577,0.0,0.009252871386706829,0.0004870171369406399
totalvi,PBMC5k_GTGCTTCTCTCTGCTG-1,NK,1,NK,0.002655208110809326,,0.00047920611272646296,0.0,0.039514921605587006,0.002448605274005153
totalvi,PBMC5k_GTGGAAGGTAATCAAG-1,Treg,1,Treg,0.3164915442466736,,0.09792333040639423,0.4,1.3665210008621216,0.18707286271646106
totalvi,PBMC5k_GTGGAAGGTACACGCC-1,B naive,1,B naive,0.0013779401779174805,,0.0007985646381477064,0.0,0.11209991574287415,0.012789117338749063
totalvi,PBMC5k_GTGGAAGGTCGTCTCT-1,CD14 Mono,1,CD14 Mono,0.001471400260925293,,0.0013874970810540607,0.0,0.054322369396686554,0.005038557971857539
totalvi,PBMC5k_GTGGAAGTCCTTCAGC-1,CD8 TEM,1,CD8 TEM,0.43071508407592773,,0.10495563864964752,0.19999999999999996,1.533837914466858,0.1532093952117955
totalvi,PBMC5k_GTGGAGAAGCCATGCC-1,CD4 TCM,1,CD4 TCM,0.09678202867507935,,0.01521691641884998,0.0,0.7342900037765503,0.16216212874306662
totalvi,PBMC5k_GTGGAGACACCGTACG-1,CD4 TEM,1,CD4 TEM,0.349153995513916,,0.05861090054948481,0.4,1.2246626615524292,0.19412303469846065
totalvi,PBMC5k_GTGGAGACAGGTCCGT-1,CD14 Mono,1,CD14 Mono,0.006811380386352539,,0.007408144087126603,0.0,0.1547112613916397,0.01919541355113608
totalvi,PBMC5k_GTGGAGAGTACGACAG-1,CD4 Naive,1,CD4 Naive,0.26763761043548584,,0.010992871393512016,0.0,0.6338952779769897,0.0945314221302002
totalvi,PBMC5k_GTGGAGATCTGGGCCA-1,CD4 Naive,1,CD4 Naive,0.2486053705215454,,0.04696817799394437,0.0,1.306252121925354,0.05472153133797007
totalvi,PBMC5k_GTGGCGTCACGACCTG-1,CD14 Mono,1,CD14 Mono,0.0015747547149658203,,0.0004591862967245654,0.0,0.08559375256299973,0.0053345693475690785
totalvi,PBMC5k_GTGGCGTGTAGGTTTC-1,NK,1,NK,0.003367125988006592,,0.012311434787398795,0.0,0.07303757220506668,0.01518588014741896
totalvi,PBMC5k_GTGGCGTTCTCGCTTG-1,CD14 Mono,1,CD14 Mono,0.14460265636444092,,0.05913695877088465,0.0,0.680763304233551,0.12623073404603977
totalvi,PBMC5k_GTGGGAACAAGTACCT-1,CD16 Mono,1,CD16 Mono,0.001758575439453125,,0.0005673166819409881,0.0,0.01896749623119831,0.0015329601387492674
totalvi,PBMC5k_GTGGGAAGTAGGAGGG-1,CD4 TEM,1,CD4 TEM,0.4691809415817261,,0.04125323801000169,0.19999999999999996,0.9293511509895325,0.1873553745512964
totalvi,PBMC5k_GTGGGAATCACGACTA-1,CD14 Mono,1,CD14 Mono,0.017739832401275635,,0.004631178503575986,0.0,0.4036267399787903,0.06941457288115307
totalvi,PBMC5k_GTGGGAATCGCCAACG-1,CD4 Naive,1,CD4 Naive,0.403783917427063,,0.0568270522553731,0.0,1.2752670049667358,0.08828457519629818
totalvi,PBMC5k_GTGGTTAAGGTGGGTT-1,CD14 Mono,1,CD14 Mono,0.018159210681915283,,0.017914053926607665,0.0,0.34290093183517456,0.060949537549240464
totalvi,PBMC5k_GTGGTTACAACACAAA-1,CD14 Mono,1,CD14 Mono,0.27660828828811646,,0.032310751421339656,0.0,0.32525038719177246,0.06172062021559556
totalvi,PBMC5k_GTGGTTACAGCCTACG-1,CD4 Naive,1,CD4 Naive,0.33587294816970825,,0.052052082340705685,0.0,1.0318597555160522,0.054161901709566425
totalvi,PBMC5k_GTGGTTACATAGATGA-1,CD4 Naive,1,CD4 Naive,0.13993465900421143,,0.029259660909626506,0.0,0.8883212208747864,0.14944677095650347
totalvi,PBMC5k_GTGGTTAGTCACTACA-1,CD4 TCM,1,CD4 TCM,0.43971580266952515,,0.09118401320210512,0.0,1.4954731464385986,0.20893394161433562
totalvi,PBMC5k_GTGGTTAGTGTATTGC-1,CD4 Naive,0,CD4 TCM,0.44470763206481934,,0.041724475883572754,0.19999999999999996,0.9499190449714661,0.16614471714197396
totalvi,PBMC5k_GTGGTTATCTTCGTGC-1,B naive,1,B naive,0.0029877424240112305,,0.00039044719447982323,0.0,0.04491187259554863,0.00474992149938488
totalvi,PBMC5k_GTGTAACAGCTGCGAA-1,CD4 Naive,1,CD4 Naive,0.11383950710296631,,0.017952495229973553,0.0,0.8385509848594666,0.11879375376116119
totalvi,PBMC5k_GTGTAACCACATTACG-1,CD14 Mono,1,CD14 Mono,0.010542333126068115,,0.005960046393289772,0.0,0.1801183521747589,0.02261445920991618
totalvi,PBMC5k_GTGTCCTAGGTTATAG-1,NK,1,NK,0.08490359783172607,,0.01663240842333752,0.0,0.21250414848327637,0.03172937926931471
totalvi,PBMC5k_GTGTCCTCAGCTTTGA-1,CD4 TEM,1,CD4 TEM,0.08005648851394653,,0.03164455310521436,0.19999999999999996,0.9169715642929077,0.12613163004191064
totalvi,PBMC5k_GTGTCCTGTAGATCCT-1,CD14 Mono,1,CD14 Mono,0.16474473476409912,,0.023906585257458812,0.0,0.30476006865501404,0.060274195310346175
totalvi,PBMC5k_GTGTGGCAGCTAAGTA-1,gdT,0,MAIT,0.6134608685970306,,0.10904445712418842,0.0,1.520698070526123,0.10259615028433869
totalvi,PBMC5k_GTGTGGCCACCGAATT-1,NK,1,NK,0.0014469027519226074,,0.000414832940951378,0.0,0.03039620630443096,0.0023111143820260635
totalvi,PBMC5k_GTGTGGCGTATGTGTC-1,CD14 Mono,1,CD14 Mono,0.017236709594726562,,0.022216917617236154,0.19999999999999996,0.810175359249115,0.1963318110620379
totalvi,PBMC5k_GTGTGGCTCAACTGGT-1,CD4 TCM,0,CD4 Naive,0.4172808527946472,,0.03387724381659574,0.4,1.5677648782730103,0.11500071414591312
totalvi,PBMC5k_GTGTTAGCACACTTAG-1,cDC2,1,cDC2,0.00034868717193603516,,0.00010164644010901905,0.0,0.0038699836004525423,0.0004940776393317426
totalvi,PBMC5k_GTGTTAGGTGCATGAG-1,Eryth,0,CD14 Mono,0.3872430920600891,,0.04588621477791033,0.19999999999999996,0.6852965950965881,0.18826693681273435
totalvi,PBMC5k_GTGTTAGTCCCGAGTG-1,cDC2,1,cDC2,0.0007882118225097656,,0.00026289741969287746,0.0,0.00722226407378912,0.0003924861439870634
totalvi,PBMC5k_GTGTTCCAGGTGCCTC-1,MAIT,1,MAIT,0.027753353118896484,,0.030719549566748383,0.0,0.3626515865325928,0.030756149193497527
totalvi,PBMC5k_GTGTTCCCACCTGCAG-1,CD14 Mono,1,CD14 Mono,0.011145174503326416,,0.006606309930310583,0.0,0.1922113001346588,0.02903559645654485
totalvi,PBMC5k_GTGTTCCGTGCAAGAC-1,cDC2,1,cDC2,0.4859797954559326,,0.052654563572959834,0.0,0.7088377475738525,0.16882776156425489
totalvi,PBMC5k_GTGTTCCTCTACTGCC-1,CD14 Mono,1,CD14 Mono,0.005208373069763184,,0.0012537145907952976,0.0,0.06812664121389389,0.00960979380899964
totalvi,PBMC5k_GTTACAGAGCTTCATG-1,B intermediate,0,B memory,0.4103119373321533,,0.03758480030017741,0.19999999999999996,0.7604931592941284,0.17372106613121016
totalvi,PBMC5k_GTTACAGGTCATGACT-1,ILC,0,CD4 TCM,0.059027910232543945,,0.006591035132914591,0.0,0.6528265476226807,0.0373368782093657
totalvi,PBMC5k_GTTACAGTCCGGCTTT-1,CD16 Mono,1,CD16 Mono,0.015095710754394531,,0.0013133064865266317,0.0,0.04303707927465439,0.006522361743471311
totalvi,PBMC5k_GTTACAGTCTGCGGAC-1,CD4 Naive,1,CD4 Naive,0.16008645296096802,,0.11681678175138743,0.0,1.1934077739715576,0.15386234170234886
totalvi,PBMC5k_GTTACCCCAAACCACT-1,CD14 Mono,1,CD14 Mono,0.0009537339210510254,,0.0030452916151423384,0.0,0.11440929770469666,0.018007838696770247
totalvi,PBMC5k_GTTACCCCAAAGTATG-1,CD4 TCM,1,CD4 TCM,0.3332839012145996,,0.09154165763367628,0.4,0.7069559693336487,0.28756858150610043
totalvi,PBMC5k_GTTACCCCAGCTGGTC-1,CD14 Mono,1,CD14 Mono,0.002572357654571533,,0.003230547341789451,0.0,0.12899325788021088,0.01653868668560997
totalvi,PBMC5k_GTTACCCGTATCGATC-1,CD14 Mono,1,CD14 Mono,0.0015069246292114258,,0.000785247696518037,0.0,0.06362603604793549,0.0023702674766296057
totalvi,PBMC5k_GTTACCCGTCTGTGCG-1,CD4 TEM,1,CD4 TEM,0.19060426950454712,,0.04103584060383775,0.0,0.834457278251648,0.11690466797067574
totalvi,PBMC5k_GTTACCCTCACCACAA-1,CD4 Naive,1,CD4 Naive,0.4935868978500366,,0.03691896692399421,0.0,0.9214479327201843,0.08874985396930961
totalvi,PBMC5k_GTTACCCTCATCGACA-1,CD14 Mono,1,CD14 Mono,0.002858579158782959,,0.000645967338361815,0.0,0.06295885890722275,0.009529099382309074
totalvi,PBMC5k_GTTACCCTCGCCTTGT-1,CD4 TCM,1,CD4 TCM,0.4039205312728882,,0.13374804038888255,0.0,0.9076157212257385,0.11221331499967423
totalvi,PBMC5k_GTTACGAAGGCACAAC-1,NK,1,NK,0.0773271918296814,,0.021156733667198196,0.0,0.07643991708755493,0.01000612339777259
totalvi,PBMC5k_GTTACGAAGTCAAGCG-1,CD4 TEM,1,CD4 TEM,0.25954586267471313,,0.018306417635738037,0.4,1.1260467767715454,0.2512347715746591
totalvi,PBMC5k_GTTACGAGTAGTCTTG-1,gdT,0,MAIT,0.4593477249145508,,0.14873965921539822,0.0,1.3000457286834717,0.10851351145244631
totalvi,PBMC5k_GTTACGAGTATGAAAC-1,CD14 Mono,1,CD14 Mono,0.0018149018287658691,,0.0009851123932680776,0.0,0.054383132606744766,0.00546530609906608
totalvi,PBMC5k_GTTACGAGTGAGTTGG-1,NK,1,NK,0.24825191497802734,,0.06675488365860671,0.0,0.13950926065444946,0.0254980787843221
totalvi,PBMC5k_GTTACGAGTGGGAGAG-1,B naive,1,B naive,0.02762746810913086,,0.04545833051274967,0.0,0.6113834977149963,0.1431492641674347
totalvi,PBMC5k_GTTACGAGTGGTTTGT-1,CD8 TEM,1,CD8 TEM,0.10435312986373901,,0.04427554262684297,0.4,1.50294029712677,0.15866149080290198
totalvi,PBMC5k_GTTACGATCACAGTGT-1,ILC,0,CD4 TCM,0.21983462572097778,,0.03722723967052699,0.0,1.0347282886505127,0.02942439264331195
totalvi,PBMC5k_GTTACGATCTCGCTTG-1,B naive,1,B naive,0.009286642074584961,,0.044119398744609684,0.0,0.20092584192752838,0.041883493764689535
totalvi,PBMC5k_GTTAGACAGACAGCGT-1,ILC,0,CD4 TEM,0.6121534705162048,,0.0813904617800345,0.4,1.1857777833938599,0.16355409963029618
totalvi,PBMC5k_GTTAGACAGCAGCACA-1,CD14 Mono,1,CD14 Mono,0.0035538077354431152,,0.0124129176529153,0.0,0.14537422358989716,0.008117609332915464
totalvi,PBMC5k_GTTAGACCATCTGCGG-1,ILC,0,Eryth,0.5581234097480774,,0.16063605501340228,0.19999999999999996,1.5452326536178589,0.10176952880085578
totalvi,PBMC5k_GTTAGTGAGATCGCTT-1,CD8 TEM,1,CD8 TEM,0.25568854808807373,,0.21657236831877236,0.4,1.6028400659561157,0.15086689574465562
totalvi,PBMC5k_GTTAGTGGTACGGCAA-1,CD14 Mono,1,CD14 Mono,0.11737734079360962,,0.09474225907439637,0.0,0.5358687043190002,0.05282956202081453
totalvi,PBMC5k_GTTAGTGGTGTTCCAA-1,CD4 Naive,1,CD4 Naive,0.20923757553100586,,0.037008812177989125,0.0,0.5085800886154175,0.08680183957256982
totalvi,PBMC5k_GTTAGTGGTTACACAC-1,CD4 TEM,0,CD8 TEM,0.3244526982307434,,0.2204617396624724,0.19999999999999996,1.3474746942520142,0.26024236689488367
totalvi,PBMC5k_GTTAGTGTCAAACGTC-1,CD4 TCM,1,CD4 TCM,0.497802197933197,,0.04638668302639115,0.0,0.864694356918335,0.07604757118185294
totalvi,PBMC5k_GTTATGGGTTCGGCGT-1,NK,1,NK,0.002130866050720215,,0.000751047036960063,0.0,0.033679671585559845,0.003718722498195318
totalvi,PBMC5k_GTTCATTAGCTGTACT-1,CD4 Naive,1,CD4 Naive,0.36186403036117554,,0.07707513616063943,0.19999999999999996,1.1213229894638062,0.16030753715411136
totalvi,PBMC5k_GTTCATTCAGTTCACA-1,CD4 TEM,1,CD4 TEM,0.17177385091781616,,0.015396359268034288,0.4,0.8336436748504639,0.24641146282089804
totalvi,PBMC5k_GTTCATTCATGGCTGC-1,CD14 Mono,1,CD14 Mono,0.4327908754348755,,0.06009304343498689,0.0,0.5035977959632874,0.10767001359951851
totalvi,PBMC5k_GTTCATTGTATTGGCT-1,CD8 TEM,1,CD8 TEM,0.054797470569610596,,0.013557448676552841,0.0,0.5128552317619324,0.07785494192434711
totalvi,PBMC5k_GTTCATTTCAACGAGG-1,B naive,1,B naive,0.024975240230560303,,0.035613602876452266,0.0,0.4944406747817993,0.08236570359932517
totalvi,PBMC5k_GTTCCGTAGGTAAGTT-1,CD4 TEM,1,CD4 TEM,0.05268585681915283,,0.06467125622729708,0.0,0.6986352801322937,0.12704386957015604
totalvi,PBMC5k_GTTCCGTAGTGTAGTA-1,CD14 Mono,1,CD14 Mono,0.0046988725662231445,,0.004513681759225528,0.0,0.09841106086969376,0.011926608166292863
totalvi,PBMC5k_GTTCGCTAGGTAGATT-1,CD4 TEM,0,MAIT,0.6073002815246582,,0.12550536387650668,0.19999999999999996,1.057517647743225,0.25924490263718547
totalvi,PBMC5k_GTTCTATAGAAGCTCG-1,NK,1,NK,0.042074501514434814,,0.014343031152521446,0.0,0.4093681275844574,0.05748884337324861
totalvi,PBMC5k_GTTCTATAGACCTGGA-1,CD8 Naive,1,CD8 Naive,0.18457722663879395,,0.048630167246092704,0.19999999999999996,1.2546862363815308,0.2537445142259011
totalvi,PBMC5k_GTTGAACTCGATACTG-1,CD4 TCM,1,CD4 TCM,0.06531304121017456,,0.00703239102089423,0.0,0.6007900238037109,0.07514639256809079
totalvi,PBMC5k_GTTGAACTCGGATTAC-1,CD14 Mono,1,CD14 Mono,0.0048236846923828125,,0.0054408587475030246,0.0,0.15466085076332092,0.015367569020175153
totalvi,PBMC5k_GTTGCGGAGGGCCCTT-1,CD4 TEM,1,CD4 TEM,0.1237417459487915,,0.06675493108296238,0.0,0.727884829044342,0.13001012377304483
totalvi,PBMC5k_GTTGCGGAGTGGTTAA-1,CD4 TCM,1,CD4 TCM,0.10556840896606445,,0.008880994778523,0.19999999999999996,0.6618474125862122,0.18561941219886624
totalvi,PBMC5k_GTTGCGGCAAAGAACT-1,CD4 Naive,1,CD4 Naive,0.4949089288711548,,0.11664733607945466,0.0,1.1722050905227661,0.10328857505607865
totalvi,PBMC5k_GTTGCGGGTATGCAAA-1,CD4 TCM,1,CD4 TCM,0.13689929246902466,,0.012784419402297631,0.0,0.6130070090293884,0.10926893276330076
totalvi,PBMC5k_GTTGCGGGTCACGACC-1,CD14 Mono,1,CD14 Mono,0.004871845245361328,,0.00427189412664436,0.0,0.10011734068393707,0.007392372994902941
totalvi,PBMC5k_GTTGCTCTCCACTAGA-1,CD4 TCM,1,CD4 TCM,0.13434940576553345,,0.019540282180805668,0.0,0.5968752503395081,0.10870775635596959
totalvi,PBMC5k_GTTGCTCTCCATTCGC-1,CD14 Mono,1,CD14 Mono,0.0031543374061584473,,0.0022453222446956606,0.0,0.08945554494857788,0.006005955799025785
totalvi,PBMC5k_GTTGCTCTCCGGCAAC-1,CD14 Mono,1,CD14 Mono,0.009171485900878906,,0.002067624871809247,0.0,0.1081036850810051,0.019056987805545354
totalvi,PBMC5k_GTTGTAGCAATAGTAG-1,CD8 TEM,0,CD4 TEM,0.54747074842453,,0.1256769105171116,0.19999999999999996,1.1775764226913452,0.22244286466918686
totalvi,PBMC5k_GTTGTAGCAGTAACCT-1,cDC2,1,cDC2,0.0010183453559875488,,8.560392104142982e-05,0.0,0.0049581630155444145,0.00015424246054201502
totalvi,PBMC5k_GTTGTAGCATCCCACT-1,CD4 TCM,1,CD4 TCM,0.06176638603210449,,0.04505006012785817,0.0,0.8171325922012329,0.19200957292780216
totalvi,PBMC5k_GTTGTCCAGAGTGGCT-1,CD4 TCM,1,CD4 TCM,0.10237491130828857,,0.03557255136551973,0.0,0.6543444991111755,0.1046322362759969
totalvi,PBMC5k_GTTGTCCAGCGGGTAT-1,CD14 Mono,1,CD14 Mono,0.09823727607727051,,0.034500741327518514,0.0,0.4021417796611786,0.13520341425910148
totalvi,PBMC5k_GTTGTCCAGCTTAAGA-1,CD4 TCM,1,CD4 TCM,0.11690729856491089,,0.0232968271501528,0.0,0.8506724834442139,0.09712203328927732
totalvi,PBMC5k_GTTGTCCAGGTTGGAC-1,CD14 Mono,1,CD14 Mono,0.007173299789428711,,0.02120915408315016,0.0,0.48381751775741577,0.07641672144379738
totalvi,PBMC5k_GTTGTCCCAGTCGCAC-1,NK,1,NK,0.041910529136657715,,0.009144274593342716,0.0,0.3201204538345337,0.04525699719167176
totalvi,PBMC5k_GTTGTCCGTACTAGCT-1,CD8 Naive,1,CD8 Naive,0.120699942111969,,0.04455669716924526,0.19999999999999996,1.0816459655761719,0.2557183934924211
totalvi,PBMC5k_GTTGTCCGTGGTCAAG-1,CD4 TEM,1,CD4 TEM,0.10565018653869629,,0.01599113978815303,0.19999999999999996,0.9567407369613647,0.16044282182205533
totalvi,PBMC5k_GTTGTGAAGATAGTGT-1,CD14 Mono,1,CD14 Mono,0.021131455898284912,,0.008895153315048004,0.0,0.580194890499115,0.15926921829604887
totalvi,PBMC5k_GTTGTGATCAACCTTT-1,CD14 Mono,1,CD14 Mono,0.006798684597015381,,0.0012514166455605477,0.0,0.18121269345283508,0.012119553618813289
totalvi,PBMC5k_GTTGTGATCACGAGGA-1,CD4 TEM,1,CD4 TEM,0.24367129802703857,,0.1796305830148035,0.4,1.083787202835083,0.1885288031604796
totalvi,PBMC5k_GTTTACTCAATCTGCA-1,CD4 Naive,1,CD4 Naive,0.2653815746307373,,0.042078023848767465,0.0,0.9481799602508545,0.11896190290493441
totalvi,PBMC5k_GTTTACTCACATTCGA-1,CD14 Mono,1,CD14 Mono,0.08702749013900757,,0.010133825158179344,0.0,0.224333256483078,0.056896642028529704
totalvi,PBMC5k_GTTTACTCAGGACTTT-1,CD8 TEM,1,CD8 TEM,0.3926612138748169,,0.061238459330285266,0.4,1.0053733587265015,0.29341237596186037
totalvi,PBMC5k_GTTTACTCAGTAACGG-1,CD4 TCM,1,CD4 TCM,0.047115862369537354,,0.009229121991431749,0.0,0.3040926456451416,0.05772660366721687
totalvi,PBMC5k_GTTTACTTCGGCCCAA-1,CD16 Mono,1,CD16 Mono,0.032915711402893066,,0.002786086060437662,0.0,0.026950683444738388,0.0017577708139276617
totalvi,PBMC5k_GTTTGGAAGTGGCGAT-1,CD14 Mono,1,CD14 Mono,0.01883608102798462,,0.0015625855605934241,0.0,0.07889779657125473,0.009423701205175687
totalvi,PBMC5k_GTTTGGACAATGGGTG-1,cDC2,1,cDC2,0.3202587962150574,,0.06868657641715142,0.0,0.1544496715068817,0.019733117150929767
totalvi,PBMC5k_GTTTGGAGTAACTAAG-1,CD14 Mono,1,CD14 Mono,0.005113542079925537,,0.0007518448097178221,0.0,0.07204986363649368,0.005926242383341106
totalvi,PBMC5k_GTTTGGAGTCAGCGTC-1,CD4 Naive,1,CD4 Naive,0.040937840938568115,,0.013477203986862807,0.0,0.45674148201942444,0.10115872674913956
totalvi,PBMC5k_TAACACGAGAAGGTAG-1,CD4 Naive,1,CD4 Naive,0.2842928171157837,,0.08227376603614789,0.0,1.0588284730911255,0.10543787022650317
totalvi,PBMC5k_TAACACGGTTCAAGTC-1,CD14 Mono,1,CD14 Mono,0.011451363563537598,,0.0027138601674791124,0.0,0.11480111628770828,0.01048021760403652
totalvi,PBMC5k_TAACACGTCATCGACA-1,CD4 Naive,1,CD4 Naive,0.3409577012062073,,0.12434773876403105,0.6,1.5704954862594604,0.11532824373088126
totalvi,PBMC5k_TAACACGTCCTAAGTG-1,CD4 TCM,0,CD4 Naive,0.22105813026428223,,0.013152099764509595,0.0,0.8103431463241577,0.0768875146037389
totalvi,PBMC5k_TAACACGTCTTTCCGG-1,CD4 TEM,1,CD4 TEM,0.16549938917160034,,0.02450630305063528,0.0,0.7937443256378174,0.09927766313781757
totalvi,PBMC5k_TAACCAGTCAACTACG-1,ILC,0,CD4 TCM,0.2785511612892151,,0.02522292739749543,0.0,0.7776786088943481,0.0533258590788689
totalvi,PBMC5k_TAACCAGTCGAGTGAG-1,B intermediate,0,B memory,0.3834097385406494,,0.0944001521202934,0.4,1.0537878274917603,0.08730004356955576
totalvi,PBMC5k_TAACCAGTCGGAAGGT-1,Treg,0,CD4 TCM,0.3837502598762512,,0.051900201978373195,0.19999999999999996,1.0285695791244507,0.13606406529382092
totalvi,PBMC5k_TAACGACCAGGAATAT-1,CD4 TEM,1,CD4 TEM,0.1038772463798523,,0.01971799954152814,0.0,0.7282409071922302,0.10198359261023761
totalvi,PBMC5k_TAACGACTCAATCAGC-1,CD4 TCM,0,CD4 Naive,0.4857940077781677,,0.03564321213382582,0.19999999999999996,1.2965625524520874,0.18986658460182937
totalvi,PBMC5k_TAACGACTCCTCAGAA-1,B memory,1,B memory,0.10474729537963867,,0.22149626079119167,0.19999999999999996,0.8060034513473511,0.2223123908524419
totalvi,PBMC5k_TAACGACTCGCGGACT-1,gdT,0,MAIT,0.30792349576950073,,0.1716338549677595,0.0,0.7545546889305115,0.02241993290268992
totalvi,PBMC5k_TAACTTCAGGATTCAA-1,CD4 TEM,0,CD8 TEM,0.18220072984695435,,0.263364821793739,0.4,1.2956875562667847,0.27866815045508
totalvi,PBMC5k_TAACTTCAGTGGTTGG-1,B naive,1,B naive,0.012852132320404053,,0.009062925851187953,0.0,0.30409979820251465,0.08227088045347715
totalvi,PBMC5k_TAACTTCGTAGACACG-1,CD4 TEM,1,CD4 TEM,0.1701698899269104,,0.022798088489426993,0.0,0.9655924439430237,0.13022721718810637
totalvi,PBMC5k_TAACTTCGTCTGCATA-1,CD14 Mono,1,CD14 Mono,0.008799970149993896,,0.003974412685928741,0.0,0.1025208830833435,0.009341812910533888
totalvi,PBMC5k_TAACTTCGTGGCTTGC-1,CD4 Naive,1,CD4 Naive,0.21641916036605835,,0.04142978336796843,0.0,0.7544823884963989,0.12063716685335868
totalvi,PBMC5k_TAACTTCGTTAGCTAC-1,NK,1,NK,0.0007532835006713867,,0.00032476538774975534,0.0,0.03509492799639702,0.003904886957030405
totalvi,PBMC5k_TAACTTCTCAAGCCGC-1,CD4 Naive,1,CD4 Naive,0.47319483757019043,,0.05129093340628477,0.0,0.9037875533103943,0.1340464633561795
totalvi,PBMC5k_TAAGCCAAGGGACAGG-1,ILC,0,CD4 TEM,0.3944110870361328,,0.036544785106419675,0.4,1.0859272480010986,0.04302615434948745
totalvi,PBMC5k_TAAGCCAGTTCCGTTC-1,CD14 Mono,1,CD14 Mono,0.0053768157958984375,,0.003362196436578077,0.0,0.14825910329818726,0.016497453846628693
totalvi,PBMC5k_TAAGCGTCAGCGCTTG-1,B naive,1,B naive,0.13643503189086914,,0.06915420917298143,0.19999999999999996,0.8897345066070557,0.22432860526818346
totalvi,PBMC5k_TAAGCGTGTATGGTTC-1,B naive,1,B naive,0.03253072500228882,,0.013690391660454826,0.0,0.36167705059051514,0.04772679361449453
totalvi,PBMC5k_TAAGCGTGTCATGGCC-1,CD4 Naive,1,CD4 Naive,0.36727219820022583,,0.05996184867505083,0.4,1.1761999130249023,0.16765773428739125
totalvi,PBMC5k_TAAGCGTGTGGACCAA-1,NK_CD56bright,0,MAIT,0.5673415958881378,,0.06450241942718549,0.4,1.0161834955215454,0.2955921380106507
totalvi,PBMC5k_TAAGCGTTCCGCTTAC-1,ILC,0,CD4 TCM,0.5757492482662201,,0.10701975645993134,0.4,1.4470012187957764,0.10261808782006582
totalvi,PBMC5k_TAAGTCGAGCCTCTGG-1,CD4 TCM,1,CD4 TCM,0.19831782579421997,,0.012347640662273895,0.0,0.8128755688667297,0.145160724447941
totalvi,PBMC5k_TAAGTCGCAAATCAGA-1,CD14 Mono,1,CD14 Mono,0.0024320483207702637,,0.00212983958608964,0.0,0.20589056611061096,0.020955761083411014
totalvi,PBMC5k_TAAGTCGGTCCAACGC-1,CD4 TEM,1,CD4 TEM,0.41057872772216797,,0.047333121066972184,0.4,0.8660179972648621,0.2411937944012909
totalvi,PBMC5k_TAAGTCGGTCGTCATA-1,CD8 TEM,1,CD8 TEM,0.45277291536331177,,0.09221470194737935,0.4,1.3700507879257202,0.22074252634768315
totalvi,PBMC5k_TAAGTCGGTTGCGGCT-1,CD4 TCM,1,CD4 TCM,0.15400034189224243,,0.030838909377765122,0.0,0.84029620885849,0.14316186935105396
totalvi,PBMC5k_TAAGTCGTCTTCTGTA-1,CD4 TEM,1,CD4 TEM,0.0813557505607605,,0.014765166210912284,0.0,0.7075573205947876,0.04695731165098995
totalvi,PBMC5k_TAATCTCAGCTTGTTG-1,B memory,1,B memory,0.11099004745483398,,0.04119916243203636,0.19999999999999996,0.8832371830940247,0.16732316925618468
totalvi,PBMC5k_TAATCTCGTAGTATAG-1,CD4 Naive,1,CD4 Naive,0.040800511837005615,,0.007409616814401138,0.0,0.3391443192958832,0.04733362549243608
totalvi,PBMC5k_TAATCTCTCCGTATGA-1,CD16 Mono,0,CD14 Mono,0.08161532878875732,,0.0453989988171114,0.4,0.8612942695617676,0.20303374725395396
totalvi,PBMC5k_TAATTCCGTAGGGTAC-1,CD4 TCM,1,CD4 TCM,0.1416715383529663,,0.04970531551909518,0.0,0.5697893500328064,0.10517729051004816
totalvi,PBMC5k_TAATTCCGTCGAAGCA-1,B memory,1,B memory,0.025107264518737793,,0.06558151617384722,0.19999999999999996,0.691033124923706,0.2600569241427683
totalvi,PBMC5k_TAATTCCGTGAGGATC-1,CD14 Mono,1,CD14 Mono,0.0022116899490356445,,0.0016317577805149974,0.0,0.10572511702775955,0.010355241124825734
totalvi,PBMC5k_TACAACGTCCTCACGT-1,CD4 TCM,1,CD4 TCM,0.5902530550956726,,0.07786490392476664,0.19999999999999996,0.946517288684845,0.11446538912504872
totalvi,PBMC5k_TACAACGTCGATGCAT-1,CD4 Naive,1,CD4 Naive,0.22397488355636597,,0.03535298633655293,0.0,0.42280951142311096,0.08451659580311006
totalvi,PBMC5k_TACAACGTCGGAGTGA-1,CD14 Mono,1,CD14 Mono,0.12975144386291504,,0.014266841104333572,0.0,0.16464482247829437,0.03837174790125126
totalvi,PBMC5k_TACACCCAGGTCGCCT-1,NK,1,NK,0.005988776683807373,,0.003033354503930455,0.0,0.1664057970046997,0.03276833024131851
totalvi,PBMC5k_TACACCCGTTGCTCCT-1,NK,1,NK,0.007447481155395508,,0.001964507026921046,0.0,0.10016978532075882,0.01326612427065313
totalvi,PBMC5k_TACAGGTAGCTCCCTT-1,CD14 Mono,1,CD14 Mono,0.006223201751708984,,0.0037210756669429773,0.0,0.25376662611961365,0.03098985461611297
totalvi,PBMC5k_TACAGGTAGGCCATAG-1,B naive,1,B naive,0.021192431449890137,,0.018068728940908496,0.0,0.27226486802101135,0.041988745057630096
totalvi,PBMC5k_TACAGGTAGGGAGAAT-1,CD14 Mono,1,CD14 Mono,0.0023203492164611816,,0.0025038532065954633,0.0,0.07379801571369171,0.006018232736439473
totalvi,PBMC5k_TACAGGTCAATTGCGT-1,CD4 Naive,1,CD4 Naive,0.26380300521850586,,0.03790888793053904,0.0,0.8525702953338623,0.14384213103033724
totalvi,PBMC5k_TACAGGTGTCAACACT-1,CD14 Mono,1,CD14 Mono,0.003248929977416992,,0.0037055124001239698,0.0,0.06637002527713776,0.002132065145525314
totalvi,PBMC5k_TACAGGTTCTGTCAGA-1,B intermediate,0,B memory,0.48099756240844727,,0.07740043321142087,0.4,1.0619863271713257,0.13212771557305356
totalvi,PBMC5k_TACATTCAGTTGCGAG-1,ILC,0,CD4 TEM,0.3957488536834717,,0.03138865471041086,0.19999999999999996,0.9850021004676819,0.049397823187069534
totalvi,PBMC5k_TACATTCCAAATCAGA-1,NK,1,NK,0.08144670724868774,,0.01336746152408097,0.0,0.27230021357536316,0.026429955236427893
totalvi,PBMC5k_TACATTCCACGCGTGT-1,CD14 Mono,1,CD14 Mono,0.004541873931884766,,0.0011246287321208387,0.0,0.07416105270385742,0.005423569218654711
totalvi,PBMC5k_TACATTCGTCTGATAC-1,CD14 Mono,1,CD14 Mono,0.0008611679077148438,,0.00038149561083268557,0.0,0.047517869621515274,0.0021248623493124036
totalvi,PBMC5k_TACATTCTCCAAGCCG-1,CD4 Naive,1,CD4 Naive,0.2693491578102112,,0.03950606993864081,0.0,0.7912399172782898,0.13092236149929093
totalvi,PBMC5k_TACATTCTCGTACCTC-1,ILC,0,CD4 TCM,0.35744577646255493,,0.07175710561661552,0.4,0.9755172729492188,0.09315457315919741
totalvi,PBMC5k_TACCCACAGTGGTTGG-1,CD4 TEM,1,CD4 TEM,0.04553627967834473,,0.010404038791862746,0.0,0.5920456051826477,0.09324138697293971
totalvi,PBMC5k_TACCCACGTCCATCTC-1,B intermediate,1,B intermediate,0.20955371856689453,,0.04516417411752416,0.4,0.8685010671615601,0.21754189594138001
totalvi,PBMC5k_TACCCGTCAAACGGCA-1,cDC2,1,cDC2,0.06086385250091553,,0.01964712674374519,0.0,0.18991421163082123,0.03488287785930431
totalvi,PBMC5k_TACCCGTCAGACCGCT-1,CD4 TCM,1,CD4 TCM,0.42148369550704956,,0.15030847458918206,0.0,1.1028567552566528,0.1352044553925179
totalvi,PBMC5k_TACCGAAAGCGCTGAA-1,CD4 TCM,1,CD4 TCM,0.2362847924232483,,0.07895656144821672,0.19999999999999996,1.0928146839141846,0.158003190104416
totalvi,PBMC5k_TACCGAACAGCTGTCG-1,CD8 Naive,1,CD8 Naive,0.053277790546417236,,0.09663235939393366,0.19999999999999996,0.8976285457611084,0.32575926681957923
totalvi,PBMC5k_TACCGAAGTCATTCCC-1,CD14 Mono,1,CD14 Mono,0.003573000431060791,,0.0024922796180407436,0.0,0.04980988800525665,0.0028499565552334177
totalvi,PBMC5k_TACCGAAGTCCAAATC-1,CD16 Mono,1,CD16 Mono,0.014468908309936523,,0.005349418130278491,0.0,0.012959523126482964,0.0011271912447692427
totalvi,PBMC5k_TACCGGGAGGGTTAAT-1,cDC2,1,cDC2,0.00020426511764526367,,5.678150165842671e-05,0.0,0.005609673913568258,0.0002526095617314242
totalvi,PBMC5k_TACCGGGCAACCGACC-1,CD14 Mono,1,CD14 Mono,0.0015951991081237793,,0.0014479557659376335,0.0,0.0651647076010704,0.006475848075074858
totalvi,PBMC5k_TACCTCGAGACCGTTT-1,CD16 Mono,0,CD14 Mono,0.1511012315750122,,0.1547605940877702,0.19999999999999996,0.7089211940765381,0.19905883139939848
totalvi,PBMC5k_TACCTCGAGGTAGTAT-1,NK,1,NK,0.004455506801605225,,0.0008517630751146265,0.0,0.022573435679078102,0.001602237289628681
totalvi,PBMC5k_TACCTCGCAATATCCG-1,CD4 TEM,1,CD4 TEM,0.17111432552337646,,0.038837716270192724,0.19999999999999996,1.0161449909210205,0.27219734444093885
totalvi,PBMC5k_TACCTCGCAATCCTAG-1,CD14 Mono,1,CD14 Mono,0.06196153163909912,,0.012363941896896269,0.0,0.3748987019062042,0.07838603266371533
totalvi,PBMC5k_TACCTCGCACGCGTGT-1,B intermediate,1,B intermediate,0.5208323299884796,,0.05989498650802627,0.0,1.0533441305160522,0.09026625832452187
totalvi,PBMC5k_TACCTCGGTCCGACGT-1,CD14 Mono,1,CD14 Mono,0.0017774701118469238,,0.0020229196193700394,0.0,0.1631520688533783,0.023652890632620847
totalvi,PBMC5k_TACCTCGGTTGGGAAC-1,B memory,1,B memory,0.10414248704910278,,0.03410058911129654,0.19999999999999996,0.7906525135040283,0.2586597694079957
totalvi,PBMC5k_TACCTGCAGGATTTGA-1,CD4 TEM,0,MAIT,0.4484999179840088,,0.14121771048158105,0.6,1.8147317171096802,0.1641040141842089
totalvi,PBMC5k_TACCTGCCACATTCTT-1,CD8 TEM,1,CD8 TEM,0.08773446083068848,,0.2020652940729617,0.0,0.9770916104316711,0.13758281402105976
totalvi,PBMC5k_TACCTGCGTTGAGGAC-1,ILC,1,ILC,0.5314788818359375,,0.06184432295204623,0.4,1.6860816478729248,0.22655063446163404
totalvi,PBMC5k_TACCTGCTCCGTAATG-1,CD14 Mono,1,CD14 Mono,0.0363042950630188,,0.008069344847383503,0.0,0.3438771367073059,0.08247885629964043
totalvi,PBMC5k_TACGCTCAGTCATTGC-1,CD4 TCM,1,CD4 TCM,0.13991707563400269,,0.07164464665313142,0.4,0.9306789636611938,0.2262912591463369
totalvi,PBMC5k_TACGGGCAGAGTTGCG-1,CD4 Naive,1,CD4 Naive,0.21369504928588867,,0.05050726233982239,0.0,0.37135225534439087,0.025369326362485036
totalvi,PBMC5k_TACGGGCCACCTCTGT-1,CD16 Mono,1,CD16 Mono,0.004768550395965576,,0.0008584703589417011,0.0,0.008195902220904827,0.0008389314081392962
totalvi,PBMC5k_TACGGGCCAGACACCC-1,CD14 Mono,1,CD14 Mono,0.0019008517265319824,,0.0014190301588693673,0.0,0.0722881630063057,0.005199287418969519
totalvi,PBMC5k_TACGGGCTCGTGGACC-1,CD8 TCM,0,MAIT,0.5577919483184814,,0.2566319044235996,0.6,1.6176674365997314,0.15436226927682623
totalvi,PBMC5k_TACGGTAAGGGAGGTG-1,B naive,1,B naive,0.038277626037597656,,0.03404414797307298,0.0,0.5837926864624023,0.11248424972865298
totalvi,PBMC5k_TACGGTAAGGTAAAGG-1,CD8 TEM,0,CD4 TEM,0.6128052175045013,,0.22771246183085214,0.6,1.7870479822158813,0.13217213878522496
totalvi,PBMC5k_TACGGTACAAAGAGTT-1,CD14 Mono,1,CD14 Mono,0.0017769932746887207,,0.0006343539936107569,0.0,0.038684550672769547,0.0011154709303514887
totalvi,PBMC5k_TACGGTACACATAACC-1,CD4 Naive,1,CD4 Naive,0.4321855306625366,,0.04964285371208277,0.19999999999999996,1.241633653640747,0.2205536476745251
totalvi,PBMC5k_TACGGTACATGACGGA-1,Treg,0,CD4 Naive,0.29499733448028564,,0.08607853161433932,0.0,1.092732310295105,0.07303711430037377
totalvi,PBMC5k_TACGGTATCTACGCAA-1,cDC2,1,cDC2,0.017364859580993652,,0.0029527909841696037,0.0,0.05913188308477402,0.008680727912790683
totalvi,PBMC5k_TACGTCCAGATCCGAG-1,CD4 TCM,1,CD4 TCM,0.3858332633972168,,0.07337167216500595,0.4,0.9430932402610779,0.255080212928016
totalvi,PBMC5k_TACGTCCAGCATGATA-1,CD4 TEM,1,CD4 TEM,0.05019289255142212,,0.0529795740817825,0.0,0.5082005262374878,0.10207823234827024
totalvi,PBMC5k_TACGTCCGTAGTCTTG-1,NK,1,NK,0.0003217458724975586,,0.00014148784939113992,0.0,0.02721964754164219,0.002088064131431469
totalvi,PBMC5k_TACGTCCTCAGTGATC-1,CD4 TEM,1,CD4 TEM,0.24091285467147827,,0.03402024203521281,0.0,0.6215338110923767,0.07255186292050216
totalvi,PBMC5k_TACTGCCAGTATAGAC-1,Treg,1,Treg,0.547674685716629,,0.1241242311224462,0.6,1.1607210636138916,0.17303739673242563
totalvi,PBMC5k_TACTGCCAGTATTAGG-1,CD14 Mono,1,CD14 Mono,0.02205747365951538,,0.018210805357708443,0.0,0.15912427008152008,0.010650102073310753
totalvi,PBMC5k_TACTGCCGTTGCCAAT-1,CD8 TEM,1,CD8 TEM,0.20177358388900757,,0.1281425758460505,0.0,0.6825602054595947,0.06896417799484313
totalvi,PBMC5k_TACTTACAGTATTAGG-1,CD14 Mono,1,CD14 Mono,0.002725541591644287,,0.0011860862713665224,0.0,0.08311556279659271,0.006247308079625154
totalvi,PBMC5k_TACTTACCAATAGGAT-1,CD8 TEM,1,CD8 TEM,0.07644850015640259,,0.14793855485294638,0.0,1.0964750051498413,0.10991528702961618
totalvi,PBMC5k_TACTTACCACAGCCAC-1,cDC2,0,CD14 Mono,0.41166985034942627,,0.008827257475070405,0.4,0.7136328816413879,0.2683201542738419
totalvi,PBMC5k_TACTTACCACTTTAGG-1,CD14 Mono,1,CD14 Mono,0.016749083995819092,,0.006202197502687246,0.0,0.20020979642868042,0.028078913446169987
totalvi,PBMC5k_TACTTACGTCCAGCGT-1,CD4 Naive,1,CD4 Naive,0.3151658773422241,,0.026727708519095672,0.0,0.8295561075210571,0.11738526098704302
totalvi,PBMC5k_TACTTACTCGTGTCAA-1,gdT,0,MAIT,0.3077787160873413,,0.12379385707272772,0.0,1.0676491260528564,0.08594295744840122
totalvi,PBMC5k_TACTTGTAGACTCGAG-1,CD4 TCM,0,CD4 Naive,0.5417300760746002,,0.048700005444247685,0.19999999999999996,1.15113365650177,0.12016117525150098
totalvi,PBMC5k_TACTTGTAGTATTAGG-1,cDC2,1,cDC2,0.0053972601890563965,,0.0013428597587814561,0.0,0.026706071570515633,0.0007232635796698585
totalvi,PBMC5k_TACTTGTGTTGCTAGT-1,gdT,0,CD4 TEM,0.6263165175914764,,0.1376461653068477,0.19999999999999996,1.7498574256896973,0.1334096872996029
totalvi,PBMC5k_TACTTGTTCCATTGCC-1,CD14 Mono,1,CD14 Mono,0.0006718635559082031,,0.0007082058249387544,0.0,0.07224173098802567,0.006258989398352533
totalvi,PBMC5k_TACTTGTTCTATCGGA-1,CD4 Naive,1,CD4 Naive,0.1941843032836914,,0.043957300901075747,0.0,0.6004976034164429,0.09026902951218385
totalvi,PBMC5k_TAGACCAAGGCACAAC-1,CD4 TCM,1,CD4 TCM,0.06208914518356323,,0.020158955142772494,0.0,0.49955064058303833,0.05673891674285804
totalvi,PBMC5k_TAGACCACACAACCGC-1,Eryth,1,Eryth,0.41732168197631836,,0.027035181002567188,0.19999999999999996,0.758717954158783,0.18771268182472903
totalvi,PBMC5k_TAGACCAGTCATTCCC-1,CD4 TEM,0,CD4 TCM,0.10530352592468262,,0.03267184265153378,0.19999999999999996,0.9453203082084656,0.22209912908466029
totalvi,PBMC5k_TAGACTGCAAATAAGC-1,CD14 Mono,1,CD14 Mono,0.002021968364715576,,0.0012708372726181714,0.0,0.05941905826330185,0.003123282786088988
totalvi,PBMC5k_TAGACTGTCTAGCCAA-1,CD4 Naive,1,CD4 Naive,0.08599328994750977,,0.019627914807568758,0.0,0.768705427646637,0.14473974253428493
totalvi,PBMC5k_TAGAGTCAGATGCTGG-1,Eryth,1,Eryth,0.1976935863494873,,0.08411098067136114,0.0,0.6150937080383301,0.14179379944899137
totalvi,PBMC5k_TAGAGTCAGCAGCACA-1,CD14 Mono,1,CD14 Mono,0.0007391571998596191,,0.000660148635091156,0.0,0.04635552316904068,0.002830747256258395
totalvi,PBMC5k_TAGAGTCAGCTCCGAC-1,CD14 Mono,1,CD14 Mono,0.019909679889678955,,0.007392547226780184,0.0,0.12036111950874329,0.017588915868248275
totalvi,PBMC5k_TAGAGTCTCTAGGAAA-1,CD4 Naive,1,CD4 Naive,0.13627409934997559,,0.04221156117826563,0.0,0.9415717124938965,0.09032768488001161
totalvi,PBMC5k_TAGATCGCAACCACAT-1,CD14 Mono,1,CD14 Mono,0.00437474250793457,,0.0004796177866244339,0.0,0.05507943779230118,0.0044982972074942345
totalvi,PBMC5k_TAGATCGTCGCAAGAG-1,CD14 Mono,1,CD14 Mono,0.004053175449371338,,0.001781207211827819,0.0,0.07054238766431808,0.005774335615484294
totalvi,PBMC5k_TAGCACACAGCGACCT-1,CD14 Mono,1,CD14 Mono,0.3252136707305908,,0.06215927779878261,0.19999999999999996,0.7005115747451782,0.14384815170926663
totalvi,PBMC5k_TAGCACATCCGTAGGC-1,CD14 Mono,1,CD14 Mono,0.004052102565765381,,0.001716017377772272,0.0,0.130018949508667,0.006387222993115653
totalvi,PBMC5k_TAGGAGGCACTGAGTT-1,CD4 TEM,1,CD4 TEM,0.11708295345306396,,0.04384276920243524,0.0,0.872202455997467,0.15287039677146702
totalvi,PBMC5k_TAGGAGGGTGTTATCG-1,CD14 Mono,1,CD14 Mono,0.05607891082763672,,0.005433143803998092,0.0,0.09248857200145721,0.004960818394682371
totalvi,PBMC5k_TAGGGTTAGGACAGTC-1,NK,1,NK,0.002188384532928467,,0.000647423373597451,0.0,0.03265353664755821,0.003174713002698425
totalvi,PBMC5k_TAGGGTTAGTCGCCCA-1,NK,1,NK,0.019786417484283447,,0.0030600415914766796,0.0,0.07814023643732071,0.005701638355507615
totalvi,PBMC5k_TAGGGTTCAACGTTAC-1,ILC,1,ILC,0.1715489625930786,,0.12605092822682584,0.19999999999999996,1.0308642387390137,0.1935634025080918
totalvi,PBMC5k_TAGGGTTGTCTCAGGC-1,CD4 Naive,1,CD4 Naive,0.1543567180633545,,0.046250911368777015,0.0,0.8389812707901001,0.101635371091049
totalvi,PBMC5k_TAGGTACAGACTTAAG-1,NK,1,NK,0.002880096435546875,,0.0006940166077726469,0.0,0.04404869303107262,0.011237120995290738
totalvi,PBMC5k_TAGGTACCACCACATA-1,CD4 TCM,0,Eryth,0.1762545108795166,,0.05739725966342257,0.6,1.8928691148757935,0.025371443474576153
totalvi,PBMC5k_TAGGTACCACGACGTC-1,CD14 Mono,1,CD14 Mono,0.048461079597473145,,0.01874973142886724,0.0,0.6488219499588013,0.1222277330872144
totalvi,PBMC5k_TAGGTACCACTACTTT-1,CD14 Mono,1,CD14 Mono,0.25352466106414795,,0.0985750908743872,0.4,0.6991661787033081,0.24262526109776264
totalvi,PBMC5k_TAGGTACCAGTAACGG-1,CD16 Mono,1,CD16 Mono,0.14420294761657715,,0.09428857308148686,0.0,0.14924269914627075,0.018976112419358947
totalvi,PBMC5k_TAGGTACGTATTAAGG-1,gdT,0,MAIT,0.49336379766464233,,0.0931473943207608,0.0,0.9922493100166321,0.12789787266199268
totalvi,PBMC5k_TAGGTTGAGTACAGCG-1,CD4 Naive,1,CD4 Naive,0.2245742678642273,,0.10343776045253605,0.0,0.4989158511161804,0.11115514466710168
totalvi,PBMC5k_TAGGTTGAGTCTGGAG-1,CD14 Mono,1,CD14 Mono,0.002793252468109131,,0.0010204249735478385,0.0,0.19379229843616486,0.03009660356667337
totalvi,PBMC5k_TAGTGCAAGACCAAAT-1,gdT,0,CD8 TEM,0.1269870400428772,,0.20416731180764003,0.19999999999999996,1.3389489650726318,0.11440453890971153
totalvi,PBMC5k_TAGTGCACAATGTTGC-1,CD8 TEM,1,CD8 TEM,0.08639156818389893,,0.1344525285275444,0.0,1.1357452869415283,0.15394704488550126
totalvi,PBMC5k_TAGTGCATCCGATAAC-1,cDC2,0,CD14 Mono,0.37498050928115845,,0.10571944279179946,0.0,0.6596307754516602,0.12896463335043806
totalvi,PBMC5k_TAGTGCATCTGACGCG-1,CD8 TEM,1,CD8 TEM,0.2900594472885132,,0.030504089990919137,0.19999999999999996,1.3586212396621704,0.14453747213956292
totalvi,PBMC5k_TATACCTAGTCCCAGC-1,CD4 TEM,1,CD4 TEM,0.06595027446746826,,0.03529024223606969,0.0,0.498277485370636,0.12556225226239157
totalvi,PBMC5k_TATACCTGTAGCGTCC-1,CD8 TEM,1,CD8 TEM,0.23043322563171387,,0.1001211795531679,0.0,1.1095541715621948,0.13583805472903027
totalvi,PBMC5k_TATATCCAGGTCACTT-1,cDC2,1,cDC2,0.003147423267364502,,0.0008443042215333929,0.0,0.02116362750530243,0.0017686280717161115
totalvi,PBMC5k_TATATCCCAATCGTCA-1,CD14 Mono,1,CD14 Mono,0.007969021797180176,,0.005684295112233187,0.0,0.10751184076070786,0.009144884176837403
totalvi,PBMC5k_TATCAGGAGAGAAGGT-1,CD4 TEM,1,CD4 TEM,0.11578500270843506,,0.09085816949737002,0.0,1.1230310201644897,0.08285791825670877
totalvi,PBMC5k_TATCAGGAGCCTATCA-1,B memory,1,B memory,0.03475773334503174,,0.011247223360433017,0.0,0.49371257424354553,0.11198115106189199
totalvi,PBMC5k_TATCAGGCAACTCGTA-1,CD4 TEM,1,CD4 TEM,0.3754892945289612,,0.06148238008404705,0.4,1.052722692489624,0.24315101116692703
totalvi,PBMC5k_TATCAGGTCCTCAGGG-1,B naive,1,B naive,0.11326998472213745,,0.07558948950965688,0.0,0.43496090173721313,0.09041223294437513
totalvi,PBMC5k_TATCCTACAAGATGTA-1,CD4 TEM,1,CD4 TEM,0.19339591264724731,,0.043805027334598456,0.0,0.49581262469291687,0.027260824336197753
totalvi,PBMC5k_TATCCTAGTTATGACC-1,CD4 TEM,1,CD4 TEM,0.08447456359863281,,0.0466379200543825,0.0,0.8386103510856628,0.0972680323025388
totalvi,PBMC5k_TATCCTATCCGGCAGT-1,B intermediate,1,B intermediate,0.21050071716308594,,0.053027499312585324,0.19999999999999996,0.9503517746925354,0.173611911196485
totalvi,PBMC5k_TATCGCCCAAACCATC-1,gdT,0,CD8 TEM,0.2587820887565613,,0.21363394969167648,0.4,1.04977548122406,0.012893727344698031
totalvi,PBMC5k_TATCGCCCATGACGGA-1,Eryth,0,CD14 Mono,0.08997607231140137,,0.01410751613073552,0.19999999999999996,0.6246822476387024,0.1539850708356054
totalvi,PBMC5k_TATCGCCTCTCGCTTG-1,B memory,0,B intermediate,0.5223353505134583,,0.07455366573802846,0.4,0.9808722734451294,0.2939955022083432
totalvi,PBMC5k_TATCTGTAGCTTCTAG-1,CD14 Mono,1,CD14 Mono,0.001475989818572998,,0.000974797135365451,0.0,0.08849042654037476,0.005103149356526792
totalvi,PBMC5k_TATCTGTCACAAACGG-1,CD4 Naive,1,CD4 Naive,0.2127934694290161,,0.020111613718160504,0.0,0.7378007769584656,0.11899285525165024
totalvi,PBMC5k_TATCTGTTCGTCAGAT-1,CD4 TCM,0,CD4 Naive,0.1925426721572876,,0.13878947928046226,0.19999999999999996,1.0923351049423218,0.1758612649894916
totalvi,PBMC5k_TATCTTGAGTATTGCC-1,CD4 TEM,1,CD4 TEM,0.1748422384262085,,0.04426967262411541,0.0,0.7317103147506714,0.05430317959921434
totalvi,PBMC5k_TATCTTGCATGACAAA-1,CD4 TEM,0,CD4 TCM,0.2790946960449219,,0.02221560285278079,0.4,0.9073218107223511,0.2896151480578563
totalvi,PBMC5k_TATCTTGGTAATGTGA-1,CD14 Mono,1,CD14 Mono,0.0016650557518005371,,0.003382938723132216,0.0,0.06787346303462982,0.0024163626583369995
totalvi,PBMC5k_TATCTTGGTATCGCAT-1,CD8 TEM,1,CD8 TEM,0.5697736144065857,,0.07315398230953973,0.4,1.129664421081543,0.17930118374750084
totalvi,PBMC5k_TATCTTGTCTGGAGAG-1,CD14 Mono,1,CD14 Mono,0.008402347564697266,,0.002985857060580889,0.0,0.16949081420898438,0.019259043004481526
totalvi,PBMC5k_TATGTTCAGGCTATCT-1,CD14 Mono,1,CD14 Mono,0.0022879838943481445,,0.008590080705791786,0.0,0.19638153910636902,0.016670369381223342
totalvi,PBMC5k_TATTCCAAGCGCCCAT-1,Treg,0,CD4 Naive,0.4658699631690979,,0.04439548408370375,0.0,1.1510649919509888,0.07660871375765152
totalvi,PBMC5k_TATTCCAAGTGCACCC-1,CD4 TCM,1,CD4 TCM,0.263691782951355,,0.03339603328596241,0.19999999999999996,1.2761733531951904,0.16040246399535363
totalvi,PBMC5k_TATTCCACAGACATCT-1,B naive,1,B naive,0.2009885311126709,,0.0492395519844111,0.4,0.9893819689750671,0.3546845876821491
totalvi,PBMC5k_TATTCCACATCCTTCG-1,CD14 Mono,1,CD14 Mono,0.0017070174217224121,,0.0004420607560300521,0.0,0.04857691749930382,0.003022220558423749
totalvi,PBMC5k_TATTCCAGTATCCCTC-1,MAIT,1,MAIT,0.15141040086746216,,0.15004049597357416,0.0,0.5944867134094238,0.11154027966306179
totalvi,PBMC5k_TATTCCATCCAATCCC-1,CD14 Mono,1,CD14 Mono,0.0019388794898986816,,0.0010475202972260941,0.0,0.11366061121225357,0.010757516642960898
totalvi,PBMC5k_TATTGCTAGCATCTTG-1,CD14 Mono,1,CD14 Mono,0.0016542673110961914,,0.001348312289418431,0.0,0.052321698516607285,0.0039835373544455
totalvi,PBMC5k_TATTGCTCACACGGTC-1,CD14 Mono,1,CD14 Mono,0.002553701400756836,,0.003158494810642294,0.0,0.2322968691587448,0.019780697115971958
totalvi,PBMC5k_TATTGCTGTGTGCCTG-1,NK,1,NK,0.0065653324127197266,,0.0022520087333285817,0.0,0.07356086373329163,0.007099674040508797
totalvi,PBMC5k_TATTGCTTCTTACCGC-1,CD8 TCM,1,CD8 TCM,0.6198506653308868,,0.08964116991566162,0.0,1.4732134342193604,0.1417634301915326
totalvi,PBMC5k_TATTGGGAGCTTCTAG-1,ILC,0,CD4 TCM,0.17376041412353516,,0.021725760016259643,0.0,0.6142552495002747,0.05158245312072902
totalvi,PBMC5k_TATTGGGCAACCGACC-1,cDC2,1,cDC2,0.01317298412322998,,0.003300385877823206,0.0,0.1171412318944931,0.018108439618371306
totalvi,PBMC5k_TATTGGGGTTTGCCGG-1,CD16 Mono,1,CD16 Mono,0.0016420483589172363,,0.0014740562659473905,0.0,0.0033483209554105997,0.0002312697995260731
totalvi,PBMC5k_TATTGGGTCTGAATGC-1,CD4 TEM,1,CD4 TEM,0.13010042905807495,,0.03577714069211124,0.0,0.9704493880271912,0.08543296754654905
totalvi,PBMC5k_TATTTCGAGCACACAG-1,CD14 Mono,1,CD14 Mono,0.06045377254486084,,0.008373715690052325,0.0,0.37980416417121887,0.0272090140596964
totalvi,PBMC5k_TATTTCGGTACGCTTA-1,CD4 TEM,1,CD4 TEM,0.20019984245300293,,0.11762485295321268,0.4,1.1336686611175537,0.2405572205993069
totalvi,PBMC5k_TCAAGACAGAGTAACT-1,cDC2,1,cDC2,0.007200360298156738,,0.004013348928881472,0.0,0.030016697943210602,0.0020815677559535097
totalvi,PBMC5k_TCAAGACCAAATGGCG-1,CD4 Naive,1,CD4 Naive,0.2110159993171692,,0.05567629280601549,0.0,1.021589994430542,0.13645001808361215
totalvi,PBMC5k_TCAAGACCAATGGCAG-1,CD4 TCM,1,CD4 TCM,0.2384355068206787,,0.027296144901830077,0.4,0.7938401699066162,0.27519023106320123
totalvi,PBMC5k_TCAAGACCACCTCGTT-1,MAIT,0,CD8 TEM,0.4734259843826294,,0.4763352179300273,0.6,1.9635751247406006,0.04540458601913104
totalvi,PBMC5k_TCAAGACGTACGGATG-1,CD14 Mono,1,CD14 Mono,0.009851217269897461,,0.002186238114807358,0.0,0.100147545337677,0.004737057875684195
totalvi,PBMC5k_TCAAGACGTACTGCGC-1,CD4 TCM,1,CD4 TCM,0.20948123931884766,,0.02802135603257694,0.0,1.0798413753509521,0.12488257254401167
totalvi,PBMC5k_TCAAGCACAAGATCCT-1,CD14 Mono,1,CD14 Mono,0.003229975700378418,,0.006508922042086349,0.0,0.16957789659500122,0.025689011000201215
totalvi,PBMC5k_TCAAGCACATGCTGCG-1,CD16 Mono,0,CD14 Mono,0.4596986770629883,,0.06404528170920554,0.0,0.6547827124595642,0.09776742869303985
totalvi,PBMC5k_TCAAGCATCAAAGAAC-1,CD16 Mono,1,CD16 Mono,0.13455647230148315,,0.011856224665995008,0.0,0.10186044871807098,0.012343494027433413
totalvi,PBMC5k_TCAAGTGAGGCTCAAG-1,cDC2,1,cDC2,0.00047588348388671875,,0.00018532994694539593,0.0,0.009953835047781467,0.0014849200691156902
totalvi,PBMC5k_TCAAGTGCAGGTCAAG-1,CD4 TEM,1,CD4 TEM,0.2179294228553772,,0.026205550552884538,0.0,0.7178642749786377,0.0967484838866396
totalvi,PBMC5k_TCAAGTGGTACTAAGA-1,CD14 Mono,1,CD14 Mono,0.13466191291809082,,0.03682319204643569,0.19999999999999996,1.0323173999786377,0.15348776907482123
totalvi,PBMC5k_TCAATCTAGACTAAGT-1,B memory,1,B memory,0.1405901312828064,,0.09180739851618047,0.19999999999999996,1.067428708076477,0.2408783289113116
totalvi,PBMC5k_TCAATCTAGCAATAGT-1,NK,1,NK,0.05158793926239014,,0.022537865996244688,0.0,0.3289857506752014,0.019225813445832768
totalvi,PBMC5k_TCAATCTAGTGGTGGT-1,NK,1,NK,0.03541862964630127,,0.010561151579339845,0.0,0.2936347424983978,0.040535916790587545
totalvi,PBMC5k_TCAATCTCATTCGGGC-1,CD14 Mono,1,CD14 Mono,0.009552717208862305,,0.00658825245832842,0.0,0.2825363278388977,0.04089198160513567
totalvi,PBMC5k_TCAATTCCAAAGGATT-1,CD4 TCM,1,CD4 TCM,0.3306403160095215,,0.06940110992963688,0.4,1.0683820247650146,0.1691183220799468
totalvi,PBMC5k_TCACAAGCAGAAATTG-1,Eryth,0,CD14 Mono,0.30217820405960083,,0.040333634277779695,0.0,0.5002856254577637,0.12209470373247137
totalvi,PBMC5k_TCACAAGCAGCTTTCC-1,CD14 Mono,1,CD14 Mono,0.020142853260040283,,0.009854740045962596,0.0,0.2340313196182251,0.016266273796953865
totalvi,PBMC5k_TCACAAGGTCTACGTA-1,CD14 Mono,1,CD14 Mono,0.006117701530456543,,0.002080326262655134,0.0,0.0764426738023758,0.0059933349454256366
totalvi,PBMC5k_TCACAAGTCAGCGTCG-1,CD14 Mono,1,CD14 Mono,0.007683277130126953,,0.004668044796359613,0.0,0.26852884888648987,0.0879029619138339
totalvi,PBMC5k_TCACAAGTCTCCACTG-1,CD14 Mono,1,CD14 Mono,0.0019016861915588379,,0.0014948419089213516,0.0,0.1298757940530777,0.017894563997241722
totalvi,PBMC5k_TCACACCAGTCACAGG-1,CD14 Mono,1,CD14 Mono,0.001824498176574707,,0.0016857738736751962,0.0,0.06268902122974396,0.002744605789873646
totalvi,PBMC5k_TCACACCAGTCGGCAA-1,ILC,0,Eryth,0.5973479449748993,,0.14445668860528293,0.4,1.7571085691452026,0.1394434652233349
totalvi,PBMC5k_TCACACCCAACGGTAG-1,cDC2,1,cDC2,0.00023299455642700195,,7.88999991493131e-05,0.0,0.013484497554600239,0.0012884759923336056
totalvi,PBMC5k_TCACACCGTATCCCTC-1,ILC,0,Eryth,0.5367625951766968,,0.17756210212607781,0.6,2.0847811698913574,0.10876090967734185
totalvi,PBMC5k_TCACACCTCACAATGC-1,CD4 TEM,1,CD4 TEM,0.18438464403152466,,0.05111905712147646,0.0,0.7584837675094604,0.061650246420484646
totalvi,PBMC5k_TCACACCTCTGGTCAA-1,CD14 Mono,1,CD14 Mono,0.019354403018951416,,0.022202173072612214,0.0,0.4696960151195526,0.0846526678414011
totalvi,PBMC5k_TCACATTAGTAGCAAT-1,CD4 Naive,0,CD4 TCM,0.519900381565094,,0.07312636693335006,0.4,1.2005693912506104,0.18464836821806288
totalvi,PBMC5k_TCACATTGTCCTTAAG-1,CD14 Mono,1,CD14 Mono,0.0038747191429138184,,0.0004726229612775634,0.0,0.06542176008224487,0.0039019215497459086
totalvi,PBMC5k_TCACATTGTTTGGAGG-1,CD4 TEM,1,CD4 TEM,0.4724085330963135,,0.06113323643059165,0.4,1.1124564409255981,0.3021899723442096
totalvi,PBMC5k_TCACATTTCCGGACGT-1,MAIT,1,MAIT,0.12893378734588623,,0.024905615189395935,0.0,0.2624298334121704,0.051021378659812315
totalvi,PBMC5k_TCACATTTCGCTGTCT-1,B memory,0,B intermediate,0.09358596801757812,,0.047818374459672186,0.19999999999999996,0.8035387992858887,0.013311126120344175
totalvi,PBMC5k_TCACGCTCACAGTCAT-1,CD4 TEM,1,CD4 TEM,0.4549226760864258,,0.04492292957023003,0.19999999999999996,1.044877529144287,0.17484000373636072
totalvi,PBMC5k_TCACGCTCACCCAACG-1,CD4 TCM,1,CD4 TCM,0.16428834199905396,,0.03811577018822743,0.0,0.9414471387863159,0.06691771364435282
totalvi,PBMC5k_TCACGCTGTACGATGG-1,ILC,0,CD4 TEM,0.34490305185317993,,0.055743095012360855,0.4,0.9407863020896912,0.024266583567126552
totalvi,PBMC5k_TCACGCTGTCGCTTAA-1,CD14 Mono,1,CD14 Mono,0.002630949020385742,,0.0016737490476968417,0.0,0.06005007401108742,0.0041931190406289875
totalvi,PBMC5k_TCACGCTTCTTTGATC-1,Eryth,1,Eryth,0.24049460887908936,,0.017104969789957236,0.4,0.7004603743553162,0.17464231916389447
totalvi,PBMC5k_TCACGGGAGGCTTAGG-1,CD14 Mono,1,CD14 Mono,0.0024976134300231934,,0.0005765558811637213,0.0,0.06596735864877701,0.006045068394354232
totalvi,PBMC5k_TCACGGGCACGCGTGT-1,CD4 Naive,1,CD4 Naive,0.05349928140640259,,0.02072002328287542,0.0,0.4075309634208679,0.06659757417454175
totalvi,PBMC5k_TCACGGGCATGTAACC-1,CD4 TEM,1,CD4 TEM,0.13623565435409546,,0.03444029278260052,0.0,0.9836442470550537,0.1243422721943376
totalvi,PBMC5k_TCACGGGGTACCTGTA-1,CD14 Mono,1,CD14 Mono,0.0028120875358581543,,0.0005738920676515678,0.0,0.041202761232852936,0.0015678154574530442
totalvi,PBMC5k_TCACGGGGTGGATCAG-1,CD16 Mono,1,CD16 Mono,0.002585768699645996,,0.0003851309388096481,0.0,0.0023767699021846056,6.229038433856026e-05
totalvi,PBMC5k_TCACGGGTCCTGGGAC-1,Eryth,0,CD14 Mono,0.46915358304977417,,0.055542840879600375,0.0,0.6741983890533447,0.09454483065615327
totalvi,PBMC5k_TCACTATGTTCGGACC-1,CD4 Naive,1,CD4 Naive,0.37467247247695923,,0.05728174242794104,0.0,1.2357001304626465,0.11276970237261426
totalvi,PBMC5k_TCACTATTCGCAGATT-1,CD16 Mono,0,CD14 Mono,0.15522807836532593,,0.13032773539687326,0.4,1.289317011833191,0.2557840787870258
totalvi,PBMC5k_TCACTATTCGGACGTC-1,NK,1,NK,0.033716797828674316,,0.01112922551122758,0.0,0.1541946679353714,0.023479164855120613
totalvi,PBMC5k_TCACTCGGTAGCTGAG-1,CD14 Mono,1,CD14 Mono,0.016309022903442383,,0.002440516486042682,0.0,0.08827321231365204,0.018185915963577208
totalvi,PBMC5k_TCACTCGGTTCGGCGT-1,CD4 TCM,1,CD4 TCM,0.45917344093322754,,0.08868955167652937,0.4,1.0980415344238281,0.14027126366654416
totalvi,PBMC5k_TCACTCGTCTTGTTAC-1,NK,1,NK,0.09446758031845093,,0.02052898313217849,0.0,0.0813843384385109,0.006355523857019637
totalvi,PBMC5k_TCAGCAAAGAGGTCAC-1,CD16 Mono,1,CD16 Mono,0.3618629574775696,,0.07090806833818564,0.0,0.5618153214454651,0.09905345579901217
totalvi,PBMC5k_TCAGCAAAGATAACGT-1,CD4 Naive,1,CD4 Naive,0.12307173013687134,,0.02954477955681667,0.0,0.7266119122505188,0.10851676055287722
totalvi,PBMC5k_TCAGCAACAAGCCATT-1,ILC,0,CD4 TCM,0.2886468768119812,,0.02950855662036711,0.19999999999999996,0.7731671333312988,0.045633169466720455
totalvi,PBMC5k_TCAGCAATCATCTCTA-1,CD4 TEM,1,CD4 TEM,0.17607885599136353,,0.0246294839808614,0.0,0.8073951005935669,0.0772781019707899
totalvi,PBMC5k_TCAGCAATCGTGACTA-1,CD14 Mono,1,CD14 Mono,0.0024667978286743164,,0.0009569531392677987,0.0,0.10900186747312546,0.00984700846657797
totalvi,PBMC5k_TCAGCAATCTCTGCCA-1,CD14 Mono,1,CD14 Mono,0.41426926851272583,,0.12705008677986673,0.0,0.581511378288269,0.07802086346700118
totalvi,PBMC5k_TCAGCCTAGAGCCGTA-1,CD4 TEM,1,CD4 TEM,0.5034309923648834,,0.043594239191794615,0.19999999999999996,1.066737174987793,0.15740522238960478
totalvi,PBMC5k_TCAGCCTAGTTTCAGC-1,CD4 TEM,1,CD4 TEM,0.060507118701934814,,0.009612768464978938,0.0,0.7015242576599121,0.07587701782158698
totalvi,PBMC5k_TCAGCCTCAATTCTTC-1,B intermediate,1,B intermediate,0.14228010177612305,,0.03961694527635207,0.19999999999999996,0.8868874311447144,0.16429873188372046
totalvi,PBMC5k_TCAGCCTCAGCTGTCG-1,NK,1,NK,0.021599292755126953,,0.002880470516156447,0.0,0.1666131168603897,0.025671574576886232
totalvi,PBMC5k_TCAGCCTCAGTTTCGA-1,CD14 Mono,1,CD14 Mono,0.007582426071166992,,0.0011733024224952829,0.0,0.060374777764081955,0.0038558305537824042
totalvi,PBMC5k_TCAGCCTGTAGGTTTC-1,B naive,1,B naive,0.03910714387893677,,0.00819911374059637,0.0,0.4351007640361786,0.18128172252298402
totalvi,PBMC5k_TCAGCCTGTGGTCAAG-1,CD14 Mono,1,CD14 Mono,0.00451284646987915,,0.0005257639856177075,0.0,0.0537223294377327,0.005392398277354926
totalvi,PBMC5k_TCAGGGCCACTACCCT-1,CD8 TEM,1,CD8 TEM,0.0964733362197876,,0.004474424781951369,0.0,0.8833164572715759,0.20346728655881724
totalvi,PBMC5k_TCAGGGCCAGAATTCC-1,CD4 TCM,1,CD4 TCM,0.13069617748260498,,0.018430862951160032,0.0,0.7860490083694458,0.1804622450430013
totalvi,PBMC5k_TCAGGGCTCGAACTCA-1,B memory,1,B memory,0.010261595249176025,,0.01136081925885371,0.0,0.6668933629989624,0.15615152236879418
totalvi,PBMC5k_TCAGGTACACAAACGG-1,CD4 TCM,1,CD4 TCM,0.2684217691421509,,0.006470189024772699,0.4,0.9012119770050049,0.1956700001786598
totalvi,PBMC5k_TCAGGTACACCAGCTG-1,CD4 TCM,1,CD4 TCM,0.45887142419815063,,0.06151948107030558,0.4,1.1143206357955933,0.19436412312567608
totalvi,PBMC5k_TCAGTCCAGATCCGAG-1,CD14 Mono,1,CD14 Mono,0.0573880672454834,,0.009184709043490419,0.0,0.34709155559539795,0.069600194153262
totalvi,PBMC5k_TCAGTCCTCCATACAG-1,B intermediate,1,B intermediate,0.46060842275619507,,0.21414959205874673,0.19999999999999996,1.195170521736145,0.17870427964400956
totalvi,PBMC5k_TCAGTGAAGCGACAGT-1,CD14 Mono,1,CD14 Mono,0.008147895336151123,,0.0008279430516882,0.0,0.1545371264219284,0.02747471826795499
totalvi,PBMC5k_TCAGTGAAGGCACTCC-1,NK,1,NK,0.0007420182228088379,,0.00024839996528989473,0.0,0.060671232640743256,0.005020544845975482
totalvi,PBMC5k_TCAGTGACACCGGAAA-1,CD8 TCM,0,CD4 TEM,0.44325315952301025,,0.16213693472076307,0.6,1.8874163627624512,0.2024648744398975
totalvi,PBMC5k_TCAGTGACACGCGCAT-1,CD8 TEM,1,CD8 TEM,0.4307209849357605,,0.09516306004139308,0.4,1.5466794967651367,0.1910952927827837
totalvi,PBMC5k_TCAGTGAGTGGTGATG-1,CD16 Mono,1,CD16 Mono,0.0014341473579406738,,0.00021254760813434713,0.0,0.002204306423664093,0.00015515549332689195
totalvi,PBMC5k_TCAGTGATCATTACGG-1,NK,1,NK,0.01603645086288452,,0.01688278460983747,0.0,0.4304297864437103,0.13022052647012466
totalvi,PBMC5k_TCATACTAGATTGGGC-1,CD4 Naive,1,CD4 Naive,0.44933146238327026,,0.030586850487845263,0.4,1.3573057651519775,0.0499162174588215
totalvi,PBMC5k_TCATACTTCGCCTAGG-1,cDC2,0,CD14 Mono,0.15806901454925537,,0.08190639440862868,0.0,0.6681415438652039,0.11492861274176758
totalvi,PBMC5k_TCATATCGTATCGCAT-1,CD4 TCM,1,CD4 TCM,0.2451695203781128,,0.03019573324951552,0.0,0.7807435989379883,0.10404897437100824
totalvi,PBMC5k_TCATATCGTCTCAGGC-1,CD4 TEM,1,CD4 TEM,0.060683608055114746,,0.028083814466340562,0.0,0.695408046245575,0.1002864003993889
totalvi,PBMC5k_TCATCATAGTAGATCA-1,CD14 Mono,1,CD14 Mono,0.05600881576538086,,0.00455039618234826,0.0,0.5485051870346069,0.051006448109170814
totalvi,PBMC5k_TCATCCGAGGCTCTAT-1,B memory,0,B intermediate,0.4084049463272095,,0.16523608898911468,0.4,0.8331069946289062,0.2141466822765432
totalvi,PBMC5k_TCATGAGCAGAAATCA-1,CD4 Naive,1,CD4 Naive,0.43098169565200806,,0.09955667345320451,0.19999999999999996,1.5051552057266235,0.14140286607603414
totalvi,PBMC5k_TCATGAGCATTGCCTC-1,CD14 Mono,1,CD14 Mono,0.019819319248199463,,0.007290652386266638,0.0,0.26830965280532837,0.029701847984454414
totalvi,PBMC5k_TCATGAGGTACTGGGA-1,CD4 TCM,1,CD4 TCM,0.11760109663009644,,0.015710908012675717,0.0,0.9664997458457947,0.09620599876644075
totalvi,PBMC5k_TCATGAGTCACCATGA-1,NK,1,NK,0.017462313175201416,,0.004665932941126702,0.0,0.11657366901636124,0.008173672437825403
totalvi,PBMC5k_TCATGCCAGCACCGAA-1,Eryth,1,Eryth,0.23113083839416504,,0.014608783977562823,0.4,0.6572164297103882,0.22909556715101537
totalvi,PBMC5k_TCATGCCAGGGTCAAC-1,CD14 Mono,1,CD14 Mono,0.017590641975402832,,0.021186275298864327,0.0,0.6153262853622437,0.12597959727746535
totalvi,PBMC5k_TCATGCCCACGGAAGT-1,gdT,0,MAIT,0.39627206325531006,,0.22432416132046462,0.19999999999999996,0.6494554281234741,0.005688786252987991
totalvi,PBMC5k_TCATGCCGTCACTTAG-1,CD8 TEM,1,CD8 TEM,0.03244870901107788,,0.009798215743838212,0.0,0.5111463069915771,0.161849006736156
totalvi,PBMC5k_TCATGCCGTGTGATGG-1,NK,1,NK,0.0004481673240661621,,6.405673248180074e-05,0.0,0.0824211984872818,0.016020579232680545
totalvi,PBMC5k_TCATGGAGTCGAGCAA-1,CD4 TEM,1,CD4 TEM,0.08737528324127197,,0.03041725553619512,0.0,0.8205968737602234,0.12153464444426308
totalvi,PBMC5k_TCATGGATCCCATTCG-1,CD14 Mono,1,CD14 Mono,0.3210773468017578,,0.07706289326274895,0.4,1.0934182405471802,0.17904093724860873
totalvi,PBMC5k_TCATGTTAGTGGTGAC-1,NK,1,NK,0.00016057491302490234,,5.664046479643414e-05,0.0,0.018945632502436638,0.001221653405313408
totalvi,PBMC5k_TCATGTTCACCGGCTA-1,CD14 Mono,1,CD14 Mono,0.002043604850769043,,0.0008389418828464758,0.0,0.0994352251291275,0.011640432187901078
totalvi,PBMC5k_TCATGTTCACGGCTAC-1,CD14 Mono,1,CD14 Mono,0.055108070373535156,,0.012951170845103055,0.0,0.232001394033432,0.034407036012876466
totalvi,PBMC5k_TCATGTTCACTCTGCT-1,CD4 Naive,1,CD4 Naive,0.09583127498626709,,0.0590445751881406,0.0,0.4765376150608063,0.034116458058389386
totalvi,PBMC5k_TCATGTTCATACTGTG-1,CD8 TEM,1,CD8 TEM,0.11645311117172241,,0.14674234023461452,0.19999999999999996,0.9689807295799255,0.18393637858386025
totalvi,PBMC5k_TCATGTTGTCACAGTT-1,CD14 Mono,1,CD14 Mono,0.03239065408706665,,0.0024088808721940552,0.0,0.11448697000741959,0.012566439026801523
totalvi,PBMC5k_TCATGTTGTCCAGCGT-1,CD8 TEM,1,CD8 TEM,0.609977513551712,,0.1529312649580412,0.6,1.6047625541687012,0.17861575989307676
totalvi,PBMC5k_TCATTACCACATCATG-1,CD8 TEM,1,CD8 TEM,0.22007745504379272,,0.19379016597867182,0.0,1.0423040390014648,0.10652898947129884
totalvi,PBMC5k_TCATTACGTCGTCTCT-1,Eryth,0,CD14 Mono,0.08188456296920776,,0.02704306721304084,0.19999999999999996,0.5957834720611572,0.20171854597197836
totalvi,PBMC5k_TCATTACGTTAAGAAC-1,CD14 Mono,1,CD14 Mono,0.00489354133605957,,0.0032930293911953845,0.0,0.15428338944911957,0.007968989667956939
totalvi,PBMC5k_TCATTCAAGCTCTGTA-1,cDC2,1,cDC2,0.0373653769493103,,0.008569635641324153,0.0,0.085726797580719,0.017049595070819188
totalvi,PBMC5k_TCATTCACATACGCAT-1,CD4 Naive,1,CD4 Naive,0.26271599531173706,,0.06027140132222031,0.19999999999999996,1.5250012874603271,0.1547554692391427
totalvi,PBMC5k_TCATTCAGTCCTTGTC-1,CD4 TEM,0,CD4 TCM,0.3750598430633545,,0.03421652166481781,0.4,1.0795267820358276,0.2558975713541332
totalvi,PBMC5k_TCATTGTAGAGGTCAC-1,CD4 Naive,0,CD4 TCM,0.5445355176925659,,0.08627325880127357,0.4,1.274638056755066,0.09221709310031777
totalvi,PBMC5k_TCATTGTAGGGATCAC-1,NK,1,NK,0.0007096529006958008,,0.00023875161621323554,0.0,0.011245175264775753,0.0008128586226488188
totalvi,PBMC5k_TCATTGTCAAGTTGGG-1,CD14 Mono,1,CD14 Mono,0.003331601619720459,,0.0011809997494762053,0.0,0.08530206233263016,0.0024899320154389134
totalvi,PBMC5k_TCATTGTCAGAGTTGG-1,CD14 Mono,1,CD14 Mono,0.00839376449584961,,0.004347573522939449,0.0,0.10148665308952332,0.005028389263928078
totalvi,PBMC5k_TCATTGTCAGGCTATT-1,NK,1,NK,0.0072820186614990234,,0.0021681155853905884,0.0,0.05872098729014397,0.0024996604608355983
totalvi,PBMC5k_TCATTGTGTGGAATGC-1,NK,1,NK,0.002392411231994629,,0.0005254138071484511,0.0,0.0672035664319992,0.0014214087512889801
totalvi,PBMC5k_TCATTTGGTTTGAACC-1,B naive,1,B naive,0.06308162212371826,,0.2856184468184618,0.19999999999999996,0.9723001718521118,0.2078090874315357
totalvi,PBMC5k_TCCACCACACCGTCGA-1,CD14 Mono,1,CD14 Mono,0.0026967525482177734,,0.007677695386112224,0.0,0.15974324941635132,0.013627883024443928
totalvi,PBMC5k_TCCACCAGTATTAAGG-1,CD14 Mono,1,CD14 Mono,0.021515071392059326,,0.0037308069113798636,0.0,0.14610138535499573,0.01423399096896083
totalvi,PBMC5k_TCCACCAGTGTTCCTC-1,CD14 Mono,1,CD14 Mono,0.0032347440719604492,,0.0009202901249535968,0.0,0.042300786823034286,0.0024389558661474372
totalvi,PBMC5k_TCCACGTCAACCCGCA-1,ILC,0,CD4 TCM,0.29498445987701416,,0.08531879110345997,0.4,1.3122406005859375,0.011118181315331542
totalvi,PBMC5k_TCCAGAACATAGAGGC-1,CD4 TCM,1,CD4 TCM,0.6058035790920258,,0.05644979189360999,0.19999999999999996,1.4345965385437012,0.09008009655080915
totalvi,PBMC5k_TCCAGAATCGACCATA-1,ILC,0,CD4 TEM,0.4858352541923523,,0.1506932739049276,0.19999999999999996,1.1670613288879395,0.11808523686574889
totalvi,PBMC5k_TCCATCGAGGATTTCC-1,ILC,0,CD4 TCM,0.6758678257465363,,0.22031866882432216,0.4,1.4310894012451172,0.043993306879014524
totalvi,PBMC5k_TCCATCGAGGCTGTAG-1,CD4 TEM,1,CD4 TEM,0.24704492092132568,,0.037114387987980946,0.19999999999999996,1.1876829862594604,0.15177122750825808
totalvi,PBMC5k_TCCATCGCACTCCGAG-1,Treg,0,CD4 TCM,0.5930187404155731,,0.125751105375832,0.6,1.4185329675674438,0.15448680968765902
totalvi,PBMC5k_TCCATCGCAGACGATG-1,CD8 TCM,0,CD8 Naive,0.2872021794319153,,0.12288023537766057,0.19999999999999996,1.5792019367218018,0.10258898478470638
totalvi,PBMC5k_TCCATCGGTAGCACAG-1,CD14 Mono,1,CD14 Mono,0.018036484718322754,,0.019661262697156956,0.0,0.4326881170272827,0.06293379087300939
totalvi,PBMC5k_TCCATCGGTCGTGGAA-1,CD14 Mono,1,CD14 Mono,0.014657020568847656,,0.012198712995117489,0.0,0.3321780860424042,0.03986833478469421
totalvi,PBMC5k_TCCATCGTCCTGCTAC-1,CD14 Mono,1,CD14 Mono,0.002095818519592285,,0.004967153761828276,0.0,0.1972520500421524,0.03721413646033418
totalvi,PBMC5k_TCCATGCAGATAGCTA-1,CD14 Mono,1,CD14 Mono,0.02065134048461914,,0.007019195715537205,0.0,0.1743641495704651,0.022973763561472873
totalvi,PBMC5k_TCCATGCCATAACCCA-1,CD4 TEM,1,CD4 TEM,0.08147174119949341,,0.03123223625121052,0.0,0.7219594717025757,0.14880651585984392
totalvi,PBMC5k_TCCATGCCATAGTCAC-1,CD4 TEM,1,CD4 TEM,0.13297182321548462,,0.029737605060470962,0.0,0.5494803786277771,0.03864013790404994
totalvi,PBMC5k_TCCATGCGTTACCCTC-1,CD4 Naive,1,CD4 Naive,0.13641220331192017,,0.10972043411194843,0.0,1.1589540243148804,0.0853264429040852
totalvi,PBMC5k_TCCATGCGTTCCGCAG-1,CD14 Mono,1,CD14 Mono,0.00519174337387085,,0.012076674354991143,0.0,0.5388028025627136,0.07992361228118175
totalvi,PBMC5k_TCCATGCTCAGCACCG-1,cDC2,1,cDC2,0.0007791519165039062,,0.00016837545558981773,0.0,0.005688813049346209,0.00017172148847455494
totalvi,PBMC5k_TCCATGCTCGTACCTC-1,CD14 Mono,1,CD14 Mono,0.05080336332321167,,0.01083243314957466,0.0,0.19510968029499054,0.03101453113472572
totalvi,PBMC5k_TCCATGCTCGTAGTCA-1,CD14 Mono,1,CD14 Mono,0.028748810291290283,,0.0020800825062153305,0.0,0.4099762439727783,0.07802013119774442
totalvi,PBMC5k_TCCCACAAGGTCGAGT-1,CD4 Naive,1,CD4 Naive,0.20464569330215454,,0.06166802548683481,0.0,1.1139131784439087,0.16783857171646852
totalvi,PBMC5k_TCCCACACAGGTAGTG-1,CD14 Mono,1,CD14 Mono,0.011479437351226807,,0.00162981795295436,0.0,0.12717363238334656,0.008121120678253851
totalvi,PBMC5k_TCCCAGTAGCTTAGTC-1,CD14 Mono,1,CD14 Mono,0.01621609926223755,,0.0034654866707602705,0.0,0.30024826526641846,0.0758007034477852
totalvi,PBMC5k_TCCCAGTCAATAGGAT-1,CD4 Naive,0,CD4 TCM,0.40874552726745605,,0.05181293713028157,0.0,1.2724149227142334,0.1460145872184215
totalvi,PBMC5k_TCCCAGTCAATAGTGA-1,NK,1,NK,0.00029653310775756836,,0.0003275428511538723,0.0,0.010771941393613815,0.0008230513017871556
totalvi,PBMC5k_TCCCAGTCACTCGATA-1,CD4 Naive,1,CD4 Naive,0.14169621467590332,,0.03736672376780359,0.4,0.9945114254951477,0.22170223402320402
totalvi,PBMC5k_TCCCAGTCAGCAGTCC-1,CD14 Mono,1,CD14 Mono,0.04724764823913574,,0.024393059065182188,0.0,0.6455643177032471,0.07341882619688421
totalvi,PBMC5k_TCCCAGTGTTACACAC-1,CD14 Mono,1,CD14 Mono,0.0047019124031066895,,0.0019359383851550935,0.0,0.10508433729410172,0.01333405905962852
totalvi,PBMC5k_TCCCATGAGAATAGTC-1,CD4 TEM,1,CD4 TEM,0.08230143785476685,,0.07091929865674795,0.0,0.6806796789169312,0.09704170349210293
totalvi,PBMC5k_TCCCATGAGATAGTGT-1,CD14 Mono,1,CD14 Mono,0.016369223594665527,,0.054919270932276554,0.0,0.70369553565979,0.09374529354272607
totalvi,PBMC5k_TCCCATGAGTGTTGAA-1,CD4 TCM,1,CD4 TCM,0.4943399429321289,,0.06229158815130953,0.0,1.1499813795089722,0.10554956194758462
totalvi,PBMC5k_TCCCATGCAGAGACTG-1,CD4 TCM,1,CD4 TCM,0.19065207242965698,,0.005116379144177063,0.0,0.6108945608139038,0.12174103074881443
totalvi,PBMC5k_TCCCATGGTACATACC-1,B memory,1,B memory,0.029317498207092285,,0.0112372960937355,0.0,0.3776220977306366,0.07795211776904684
totalvi,PBMC5k_TCCCATGTCATTGCCC-1,CD14 Mono,1,CD14 Mono,0.0028628110885620117,,0.0007277459469562896,0.0,0.10092868655920029,0.0073257059124965905
totalvi,PBMC5k_TCCCATGTCCTTCACG-1,CD14 Mono,1,CD14 Mono,0.004622817039489746,,0.0018059576784974912,0.0,0.08688447624444962,0.007797391282831198
totalvi,PBMC5k_TCCCATGTCGACCACG-1,CD14 Mono,1,CD14 Mono,0.02385425567626953,,0.0021854679316992975,0.0,0.07124652713537216,0.007471390909776508
totalvi,PBMC5k_TCCCATGTCTCATTGT-1,ILC,0,CD4 TCM,0.632960319519043,,0.0715479258627747,0.19999999999999996,0.9928903579711914,0.0653951571629923
totalvi,PBMC5k_TCCGAAAAGTGCTCGC-1,CD4 Naive,1,CD4 Naive,0.08360791206359863,,0.03142462929991219,0.0,0.6423707008361816,0.11255646772365467
totalvi,PBMC5k_TCCGAAACAGATTTCG-1,B naive,1,B naive,0.03688502311706543,,0.1215942341190106,0.0,0.4065694808959961,0.11249580809474054
totalvi,PBMC5k_TCCGAAAGTAAGATTG-1,CD8 TEM,1,CD8 TEM,0.05115807056427002,,0.03226884937533553,0.0,0.6069642305374146,0.09099396507374446
totalvi,PBMC5k_TCCGAAAGTAAGCGGT-1,CD8 TEM,1,CD8 TEM,0.3842359185218811,,0.10243249274128052,0.19999999999999996,1.3192251920700073,0.20391406753895155
totalvi,PBMC5k_TCCGAAAGTAGATCGG-1,CD16 Mono,1,CD16 Mono,0.004271566867828369,,0.0020072764366725476,0.0,0.02998184971511364,0.001544218676315237
totalvi,PBMC5k_TCCGAAAGTATGATCC-1,CD4 Naive,1,CD4 Naive,0.19576197862625122,,0.055894703910081,0.19999999999999996,1.1575522422790527,0.13790752967503725
totalvi,PBMC5k_TCCGAAAGTTACGCCG-1,cDC2,1,cDC2,0.0018894672393798828,,0.0002701361093344519,0.0,0.009475983679294586,0.0010614195302162109
totalvi,PBMC5k_TCCGAAATCACATCAG-1,CD14 Mono,1,CD14 Mono,0.1488267183303833,,0.06635568311523199,0.4,0.6918520331382751,0.18418054901736097
totalvi,PBMC5k_TCCGAAATCCCTCAAC-1,NK,1,NK,0.00020629167556762695,,3.980369782371736e-05,0.0,0.0133165642619133,0.0008024265969580037
totalvi,PBMC5k_TCCGAAATCCCTTGGT-1,CD14 Mono,1,CD14 Mono,0.006591677665710449,,0.006599559939818672,0.0,0.32250773906707764,0.04863378919069114
totalvi,PBMC5k_TCCGATCAGACCATTC-1,NK,1,NK,0.008813679218292236,,0.007040164725443346,0.0,0.12435612827539444,0.01683803968085057
totalvi,PBMC5k_TCCGATCCACTTACAG-1,CD4 Naive,1,CD4 Naive,0.39087313413619995,,0.08535442669498927,0.0,0.7489891052246094,0.08939266515930513
totalvi,PBMC5k_TCCGATCCATCCTATT-1,CD4 TCM,1,CD4 TCM,0.18613946437835693,,0.058278931018104996,0.0,0.8012273907661438,0.12974865495699653
totalvi,PBMC5k_TCCGATCGTTGCCGCA-1,NK,1,NK,0.01608651876449585,,0.04784662402553386,0.0,0.36299124360084534,0.12563487127904616
totalvi,PBMC5k_TCCGATCTCAAGCCTA-1,CD4 Naive,1,CD4 Naive,0.07594066858291626,,0.017398219235226164,0.0,0.3488059341907501,0.031923853091600715
totalvi,PBMC5k_TCCGATCTCATTGTGG-1,CD14 Mono,1,CD14 Mono,0.0642276406288147,,0.007077243615816686,0.0,0.10351774096488953,0.01864946339056784
totalvi,PBMC5k_TCCGGGAAGTTCATCG-1,CD16 Mono,1,CD16 Mono,0.12474954128265381,,0.01382686342253231,0.0,0.3070736527442932,0.06750504864809688
totalvi,PBMC5k_TCCGGGACACGCAAAG-1,CD14 Mono,1,CD14 Mono,0.0035061240196228027,,0.0017949255050553822,0.0,0.08198191225528717,0.010330686107518052
totalvi,PBMC5k_TCCGGGAGTTCTAACG-1,CD14 Mono,1,CD14 Mono,0.00944209098815918,,0.003381030224983858,0.0,0.1231067106127739,0.010292593181933813
totalvi,PBMC5k_TCCGTGTTCCATCTGC-1,CD4 Naive,1,CD4 Naive,0.14873743057250977,,0.020076993279314115,0.0,0.5012738704681396,0.14068832338627257
totalvi,PBMC5k_TCCGTGTTCGTTGCCT-1,NK,1,NK,0.015197694301605225,,0.0021202583900863867,0.0,0.11107936501502991,0.013530713509371234
totalvi,PBMC5k_TCCTAATCAGTATGAA-1,CD4 TEM,1,CD4 TEM,0.15072137117385864,,0.03568597687684982,0.19999999999999996,0.8420156836509705,0.1556713953231463
totalvi,PBMC5k_TCCTAATCAGTATTCG-1,Eryth,1,Eryth,0.09237498044967651,,0.07407330399518552,0.0,0.5950414538383484,0.12246226552616243
totalvi,PBMC5k_TCCTCCCAGCTAATCC-1,B naive,1,B naive,0.05122256278991699,,0.07715822757074642,0.0,0.43077948689460754,0.06927113115367843
totalvi,PBMC5k_TCCTCCCCATGTGCTA-1,CD14 Mono,1,CD14 Mono,0.2907005548477173,,0.07743229142487928,0.19999999999999996,0.6631055474281311,0.20707496646797574
totalvi,PBMC5k_TCCTCCCCATTGCCTC-1,CD4 Naive,0,CD4 TCM,0.489534854888916,,0.051587967734084916,0.19999999999999996,1.0343384742736816,0.18875045476519914
totalvi,PBMC5k_TCCTCCCGTCAAGCCC-1,CD4 TCM,0,ILC,0.6342809498310089,,0.1934922755794084,0.6,1.463342547416687,0.2724591081558386
totalvi,PBMC5k_TCCTCGAGTAATGCTC-1,B intermediate,1,B intermediate,0.38067764043807983,,0.1321274758292651,0.19999999999999996,1.0973244905471802,0.14610232354927327
totalvi,PBMC5k_TCCTCGAGTGACTAAA-1,CD14 Mono,1,CD14 Mono,0.002052009105682373,,0.0018186359454551437,0.0,0.22749322652816772,0.02414514868822495
totalvi,PBMC5k_TCCTCTTCACGACAAG-1,NK,1,NK,0.012430131435394287,,0.008057544098996866,0.0,0.06576422601938248,0.00744367902494181
totalvi,PBMC5k_TCCTCTTCATCGGCCA-1,CD4 Naive,1,CD4 Naive,0.2150915265083313,,0.0420930890142624,0.0,0.22196675837039948,0.03212534085545824
totalvi,PBMC5k_TCCTCTTGTCTTTCAT-1,gdT,0,CD8 TEM,0.5011367499828339,,0.15196727988086967,0.0,1.0687754154205322,0.051589485165509055
totalvi,PBMC5k_TCCTCTTTCTGAGAAA-1,CD14 Mono,1,CD14 Mono,0.0030466318130493164,,0.0005825142211232683,0.0,0.11864106357097626,0.007609643224906677
totalvi,PBMC5k_TCCTGCATCAGACCCG-1,CD4 TCM,1,CD4 TCM,0.3521217107772827,,0.11493678794040818,0.0,0.9555686712265015,0.10124084783140037
totalvi,PBMC5k_TCCTTCTCAAGTAGTA-1,CD4 TEM,1,CD4 TEM,0.06990927457809448,,0.01500275037048232,0.0,0.6911450624465942,0.07951920798879805
totalvi,PBMC5k_TCCTTCTTCTGCATAG-1,CD14 Mono,1,CD14 Mono,0.00426030158996582,,0.0016571849374068942,0.0,0.14091898500919342,0.016174330576167403
totalvi,PBMC5k_TCCTTCTTCTTTCGAT-1,B naive,1,B naive,0.20758402347564697,,0.007020995488882575,0.19999999999999996,0.5867571830749512,0.24538448154281994
totalvi,PBMC5k_TCCTTTCCACCGTCTT-1,CD4 TEM,0,CD4 TCM,0.4406975507736206,,0.09876210444043199,0.4,0.8957991003990173,0.13468529419929057
totalvi,PBMC5k_TCCTTTCTCCACGGGT-1,NK,1,NK,0.010425388813018799,,0.001295148505481493,0.0,0.07506779581308365,0.006317787617923636
totalvi,PBMC5k_TCGAACACAGCGACCT-1,CD14 Mono,1,CD14 Mono,0.007898390293121338,,0.004647865751015348,0.0,0.08405447006225586,0.009807272834622328
totalvi,PBMC5k_TCGAACACAGTGGTGA-1,CD4 TEM,1,CD4 TEM,0.06942665576934814,,0.031950580581499244,0.0,0.6584605574607849,0.0735282141182477
totalvi,PBMC5k_TCGAACATCCGGCAGT-1,B naive,1,B naive,0.048682212829589844,,0.04072557153269346,0.0,0.6867000460624695,0.16245643746453448
totalvi,PBMC5k_TCGAAGTAGCAAGGAA-1,CD14 Mono,1,CD14 Mono,0.044809162616729736,,0.00562421500523877,0.0,0.2677096128463745,0.04393810275965494
totalvi,PBMC5k_TCGAAGTGTACTCGTA-1,CD14 Mono,1,CD14 Mono,0.056608498096466064,,0.05391784156549001,0.0,0.3587804436683655,0.06436725245353339
totalvi,PBMC5k_TCGACCTAGAGCAACC-1,NK,1,NK,0.020680248737335205,,0.012431600911550517,0.0,0.1664411574602127,0.013128970090544341
totalvi,PBMC5k_TCGACCTAGCGGCTCT-1,B naive,1,B naive,0.05587756633758545,,0.07279411241296146,0.0,0.5901053547859192,0.16286703201640435
totalvi,PBMC5k_TCGACCTCACAACGCC-1,NK,1,NK,0.017167866230010986,,0.03937823050861036,0.0,0.18801365792751312,0.023658908270362884
totalvi,PBMC5k_TCGACCTCAGAGTGTG-1,CD14 Mono,1,CD14 Mono,0.0020116567611694336,,0.0015793011691963982,0.0,0.05785151571035385,0.005643398599798267
totalvi,PBMC5k_TCGACCTCAGCTCGGT-1,NK,1,NK,0.054271399974823,,0.01149673609067732,0.0,0.17359521985054016,0.016207289222336555
totalvi,PBMC5k_TCGACCTGTATGACAA-1,CD14 Mono,1,CD14 Mono,0.0022190213203430176,,0.00046908057348979057,0.0,0.1106179729104042,0.013181005484717475
totalvi,PBMC5k_TCGACCTGTTTACTTC-1,NK,1,NK,0.0035157203674316406,,0.0009287883039474087,0.0,0.031280241906642914,0.0019207914973110014
totalvi,PBMC5k_TCGACGGCACGCGCTA-1,CD14 Mono,1,CD14 Mono,0.06728273630142212,,0.024313974120819537,0.0,0.6760971546173096,0.05301018001757689
totalvi,PBMC5k_TCGACGGCATGGCTGC-1,CD14 Mono,1,CD14 Mono,0.016836822032928467,,0.0014024213906534133,0.0,0.08168480545282364,0.00951044454959901
totalvi,PBMC5k_TCGACGGGTAAGGCCA-1,CD14 Mono,1,CD14 Mono,0.27241063117980957,,0.05838143237090665,0.4,0.8420082926750183,0.28006986832069836
totalvi,PBMC5k_TCGACGGGTATCGCTA-1,gdT,0,CD8 TEM,0.20306074619293213,,0.24252136739018604,0.19999999999999996,1.1341708898544312,0.03615134312309075
totalvi,PBMC5k_TCGACGGGTATGGTAA-1,CD14 Mono,1,CD14 Mono,0.004301667213439941,,0.0008840365351691637,0.0,0.042992427945137024,0.002888930396929236
totalvi,PBMC5k_TCGACGGGTCTGGTTA-1,CD8 TEM,1,CD8 TEM,0.1712111234664917,,0.07604788559069275,0.19999999999999996,1.1427923440933228,0.24166771554116406
totalvi,PBMC5k_TCGACGGTCAATGCAC-1,CD4 Naive,1,CD4 Naive,0.21087050437927246,,0.06886356818801487,0.0,0.8504567742347717,0.08521017748891904
totalvi,PBMC5k_TCGATTTAGAGCAAGA-1,CD14 Mono,1,CD14 Mono,0.009415984153747559,,0.0017435514155195037,0.0,0.06606171280145645,0.002742873836722746
totalvi,PBMC5k_TCGATTTCACAAATAG-1,CD16 Mono,1,CD16 Mono,0.42272889614105225,,0.08589497623928388,0.0,0.12983135879039764,0.016842475317318265
totalvi,PBMC5k_TCGATTTGTTATTCCT-1,CD14 Mono,1,CD14 Mono,0.03383129835128784,,0.006320803522895976,0.0,0.24520660936832428,0.08280364228283703
totalvi,PBMC5k_TCGCACTAGAATTCAG-1,CD14 Mono,1,CD14 Mono,0.08843696117401123,,0.004457850014062237,0.0,0.2696644365787506,0.043364638086227
totalvi,PBMC5k_TCGCACTCACTGAATC-1,CD16 Mono,1,CD16 Mono,0.30513572692871094,,0.14055396325024905,0.19999999999999996,0.8403592109680176,0.12443634162414516
totalvi,PBMC5k_TCGCACTCATGCTGCG-1,CD4 Naive,1,CD4 Naive,0.3022812008857727,,0.05570191221858489,0.0,0.8578993082046509,0.08755997957667004
totalvi,PBMC5k_TCGCAGGAGTAGCCAG-1,CD4 TCM,1,CD4 TCM,0.059599220752716064,,0.023349386393902494,0.0,0.5662996768951416,0.11323591483657017
totalvi,PBMC5k_TCGCAGGGTACTGCCG-1,CD8 TCM,0,CD8 Naive,0.5231682658195496,,0.16813437751142923,0.6,2.0191903114318848,0.11002154438441275
totalvi,PBMC5k_TCGCAGGGTGCATGTT-1,NK,1,NK,0.0012719035148620605,,0.00025512332941573547,0.0,0.01618591882288456,0.0008170069232624843
totalvi,PBMC5k_TCGCTCAAGAACTGAT-1,CD4 Naive,1,CD4 Naive,0.16176116466522217,,0.00794821895328146,0.0,0.7319113612174988,0.19283588103496777
totalvi,PBMC5k_TCGCTCAAGGTCACTT-1,B memory,1,B memory,0.09420090913772583,,0.028490921581650896,0.0,0.906394898891449,0.0921651278654104
totalvi,PBMC5k_TCGCTCACAGACAAGC-1,CD14 Mono,1,CD14 Mono,0.122128427028656,,0.03464383190568554,0.0,0.3352719247341156,0.1067568639423864
totalvi,PBMC5k_TCGCTCATCATTTCCA-1,CD16 Mono,1,CD16 Mono,0.020981431007385254,,0.0030891861372660118,0.0,0.030503084883093834,0.0008317669483743005
totalvi,PBMC5k_TCGCTTGAGGTGCTGA-1,cDC2,1,cDC2,0.01190251111984253,,0.003255600772023276,0.0,0.03922487795352936,0.0021510839852056053
totalvi,PBMC5k_TCGCTTGCAGCCATTA-1,CD4 Naive,1,CD4 Naive,0.09612119197845459,,0.023310097651342176,0.0,0.49836716055870056,0.07262176760396893
totalvi,PBMC5k_TCGCTTGTCTCCAAGA-1,CD8 TCM,0,CD8 Naive,0.4966297745704651,,0.1670225079347536,0.19999999999999996,1.9100689888000488,0.07308644001488936
totalvi,PBMC5k_TCGGATAGTAGACGGT-1,cDC2,1,cDC2,0.004912912845611572,,0.0007301778251139358,0.0,0.01260764803737402,0.0006337778596049691
totalvi,PBMC5k_TCGGGACTCACTGGTA-1,CD4 Naive,1,CD4 Naive,0.1455788016319275,,0.053610258005035716,0.4,0.8633512854576111,0.2549281655316166
totalvi,PBMC5k_TCGGGCAAGGTCCTGC-1,CD14 Mono,1,CD14 Mono,0.3772989511489868,,0.0396542128623848,0.4,1.042741298675537,0.16932549392237783
totalvi,PBMC5k_TCGGGCACACATTGTG-1,CD4 Naive,1,CD4 Naive,0.28734534978866577,,0.03070752584476133,0.0,0.9148248434066772,0.15626899452762585
totalvi,PBMC5k_TCGGGCAGTACAGAGC-1,CD4 TCM,0,CD4 Naive,0.41907328367233276,,0.06815148501085067,0.4,1.4247913360595703,0.10533979492930577
totalvi,PBMC5k_TCGGGCAGTTGTTTGG-1,NK,1,NK,0.0018515586853027344,,0.001469384316434133,0.0,0.07261964678764343,0.01083565856405115
totalvi,PBMC5k_TCGGGCATCCTGCCAT-1,B intermediate,1,B intermediate,0.46471649408340454,,0.03273517660390324,0.19999999999999996,0.7987368106842041,0.18998346043750589
totalvi,PBMC5k_TCGGGTGAGCGTCAGA-1,Eryth,0,CD14 Mono,0.1763274073600769,,0.023941270306353735,0.4,0.7282543182373047,0.2518315615914977
totalvi,PBMC5k_TCGGGTGCACAGAGAC-1,B naive,1,B naive,0.0250701904296875,,0.028171250934873826,0.0,0.5437141060829163,0.1969479059602001
totalvi,PBMC5k_TCGGGTGCATTCGATG-1,Eryth,1,Eryth,0.27419084310531616,,0.07939751148980567,0.0,0.37275832891464233,0.1134878047981584
totalvi,PBMC5k_TCGGGTGGTGAGTAAT-1,NK,1,NK,0.0013469457626342773,,0.000644242932679711,0.0,0.028492772951722145,0.0012783980581863958
totalvi,PBMC5k_TCGGGTGTCTGGTGCG-1,CD4 TCM,0,Eryth,0.7934135943651199,,0.2706861360574906,0.4,1.9072052240371704,0.1645696379482833
totalvi,PBMC5k_TCGGTCTAGCGATGAC-1,CD14 Mono,1,CD14 Mono,0.004274606704711914,,0.005304078072020504,0.0,0.09856127202510834,0.005449160934008813
totalvi,PBMC5k_TCGGTCTCAAGACCTT-1,CD4 TCM,1,CD4 TCM,0.44004756212234497,,0.07847807941620033,0.19999999999999996,1.0072474479675293,0.11758236073983544
totalvi,PBMC5k_TCGGTCTCAAGATTGA-1,B naive,1,B naive,0.1749292016029358,,0.03396040790504695,0.0,0.572844922542572,0.09088279323682333
totalvi,PBMC5k_TCGTAGATCACACCGG-1,NK_CD56bright,1,NK_CD56bright,0.14199936389923096,,0.038319252636390244,0.0,0.2878130078315735,0.03221570763307065
totalvi,PBMC5k_TCGTAGATCATTTGTC-1,CD14 Mono,1,CD14 Mono,0.002597808837890625,,0.0029264415064779448,0.0,0.23695994913578033,0.01687892733268493
totalvi,PBMC5k_TCGTCCAAGCACCGTC-1,CD4 TEM,1,CD4 TEM,0.23579365015029907,,0.06275213879676911,0.19999999999999996,1.0016264915466309,0.2749826147072447
totalvi,PBMC5k_TCGTCCACACGGCGTT-1,CD16 Mono,1,CD16 Mono,0.058261752128601074,,0.008205038121994912,0.0,0.08812563121318817,0.015241147692802113
totalvi,PBMC5k_TCGTCCACATCCGGCA-1,B memory,1,B memory,0.2782008647918701,,0.02650797247990566,0.19999999999999996,0.7420555949211121,0.1979353934326091
totalvi,PBMC5k_TCGTGCTAGATGACCG-1,CD16 Mono,1,CD16 Mono,0.05147939920425415,,0.004550540344629955,0.0,0.0561150386929512,0.006510689950179622
totalvi,PBMC5k_TCGTGCTCAACCAATC-1,CD14 Mono,1,CD14 Mono,0.006264746189117432,,0.0023283132730434336,0.0,0.09959959983825684,0.00603288339967869
totalvi,PBMC5k_TCGTGCTCACCTTCGT-1,NK,1,NK,0.0005444884300231934,,0.0005957664592504235,0.0,0.01714462973177433,0.0018376707083785056
totalvi,PBMC5k_TCGTGCTCACGATAGG-1,CD4 TEM,1,CD4 TEM,0.3730059862136841,,0.12385047429082485,0.19999999999999996,1.2952319383621216,0.08865723786579714
totalvi,PBMC5k_TCGTGCTTCCGTCACT-1,CD16 Mono,1,CD16 Mono,0.011391282081604004,,0.00842889087942783,0.0,0.05258798226714134,0.0031871372771072274
totalvi,PBMC5k_TCGTGGGAGAAATTGC-1,CD14 Mono,1,CD14 Mono,0.020134150981903076,,0.0040711679967639774,0.0,0.12385300546884537,0.011389907178491506
totalvi,PBMC5k_TCGTGGGTCTGAATGC-1,CD4 TCM,1,CD4 TCM,0.5774580836296082,,0.1668545276914355,0.4,1.7598915100097656,0.17978562098152345
totalvi,PBMC5k_TCTAACTAGAGAGGGC-1,CD14 Mono,1,CD14 Mono,0.010659277439117432,,0.0027146340872965663,0.0,0.10772649198770523,0.02014180888031507
totalvi,PBMC5k_TCTAACTCACGTCATA-1,CD14 Mono,1,CD14 Mono,0.08577001094818115,,0.010261284525552361,0.0,0.1468878835439682,0.02255671459250013
totalvi,PBMC5k_TCTAACTTCCACATAG-1,CD14 Mono,1,CD14 Mono,0.011046051979064941,,0.0032154040998074174,0.0,0.22400209307670593,0.031474273558682105
totalvi,PBMC5k_TCTAACTTCCCTCGAT-1,CD8 TCM,0,CD4 TEM,0.3400998115539551,,0.08828081948828626,0.4,1.4426816701889038,0.20799247942849275
totalvi,PBMC5k_TCTAACTTCGGATACT-1,CD4 TEM,1,CD4 TEM,0.2921797037124634,,0.05202978997156771,0.19999999999999996,0.9940612316131592,0.1963812697499873
totalvi,PBMC5k_TCTACATAGTCGAAGC-1,NK,1,NK,0.01689082384109497,,0.011256137231281854,0.0,0.1698211431503296,0.02489454867132987
totalvi,PBMC5k_TCTACATCAGACACCC-1,B naive,1,B naive,0.005036115646362305,,0.0017759930103143154,0.0,0.13185296952724457,0.01765233447059863
totalvi,PBMC5k_TCTACATCATCAGTCA-1,CD14 Mono,1,CD14 Mono,0.0024451613426208496,,0.001062516489188755,0.0,0.06985311955213547,0.005147182867927818
totalvi,PBMC5k_TCTACATGTGCCTTCT-1,NK,1,NK,0.023231029510498047,,0.005892380054176,0.0,0.136933371424675,0.01407369291442688
totalvi,PBMC5k_TCTACATGTTCGGCTG-1,cDC2,1,cDC2,0.00047016143798828125,,0.0002042359656709864,0.0,0.005237594246864319,0.00022369015186330204
totalvi,PBMC5k_TCTACATGTTGATCGT-1,NK,1,NK,0.0022267699241638184,,0.001710370022349507,0.0,0.1330331265926361,0.04112763502948192
totalvi,PBMC5k_TCTACCGAGACCGCCT-1,CD4 TCM,1,CD4 TCM,0.502383679151535,,0.16313555365004184,0.4,1.4830405712127686,0.28537105745305036
totalvi,PBMC5k_TCTACCGAGCTACTGT-1,CD14 Mono,1,CD14 Mono,0.021974682807922363,,0.004190183308651771,0.0,0.30548298358917236,0.056795096804558534
totalvi,PBMC5k_TCTACCGCACGATTCA-1,Treg,0,CD4 TCM,0.41600167751312256,,0.09125186559196463,0.0,0.6413171887397766,0.04730142596244425
totalvi,PBMC5k_TCTACCGCACTGGCCA-1,ILC,0,CD4 TEM,0.1904127597808838,,0.07345138345942348,0.0,0.816077709197998,0.04519116213583789
totalvi,PBMC5k_TCTATACAGGGTATAT-1,CD4 TCM,1,CD4 TCM,0.4341652989387512,,0.078219500414352,0.4,1.2647310495376587,0.1420828614180287
totalvi,PBMC5k_TCTATACTCTTCTTCC-1,CD4 TCM,1,CD4 TCM,0.3982565999031067,,0.04581236366616359,0.0,0.8699215054512024,0.21666588886448682
totalvi,PBMC5k_TCTATCATCATGTCTT-1,CD14 Mono,1,CD14 Mono,0.0024033188819885254,,0.0018124982464137324,0.0,0.058901507407426834,0.0029176430518553934
totalvi,PBMC5k_TCTATCATCCGTGGCA-1,CD8 Naive,1,CD8 Naive,0.24385839700698853,,0.20239809052598945,0.19999999999999996,1.0686149597167969,0.16162313103413348
totalvi,PBMC5k_TCTATCATCTGTGCTC-1,B memory,1,B memory,0.3142734169960022,,0.05396555833173522,0.19999999999999996,0.7322017550468445,0.19880205817559338
totalvi,PBMC5k_TCTCACGAGAAGGGAT-1,CD4 Naive,1,CD4 Naive,0.09448564052581787,,0.024351510720544145,0.0,0.6849010586738586,0.08991764921784562
totalvi,PBMC5k_TCTCACGCAGCAGACA-1,NK,1,NK,0.000441133975982666,,0.0003915828987878659,0.0,0.017596641555428505,0.0009051987467353985
totalvi,PBMC5k_TCTCACGGTGATAGTA-1,CD14 Mono,1,CD14 Mono,0.075583815574646,,0.004739227781330568,0.0,0.27237290143966675,0.0588046566762246
totalvi,PBMC5k_TCTCACGTCCCGAGAC-1,CD4 Naive,1,CD4 Naive,0.09539073705673218,,0.01716212904653197,0.0,0.43673792481422424,0.07559092067302338
totalvi,PBMC5k_TCTCAGCCACAACATC-1,NK,1,NK,0.032806336879730225,,0.006668056320343244,0.0,0.28535979986190796,0.03882734816634896
totalvi,PBMC5k_TCTCAGCTCAGAATAG-1,CD4 TEM,1,CD4 TEM,0.21892660856246948,,0.08524074285939287,0.19999999999999996,1.1681756973266602,0.19221462364169326
totalvi,PBMC5k_TCTCCGAAGCAAGGAA-1,CD4 TCM,1,CD4 TCM,0.02645474672317505,,0.007504576555548273,0.0,0.3227546811103821,0.06302423922295806
totalvi,PBMC5k_TCTCCGACAAATGAAC-1,CD4 Naive,1,CD4 Naive,0.44054436683654785,,0.08905810071526377,0.0,1.1685559749603271,0.19589818486391022
totalvi,PBMC5k_TCTCCGACAATCCAGT-1,NK,1,NK,0.009611427783966064,,0.0028219036624296118,0.0,0.03321618586778641,0.002314946647982986
totalvi,PBMC5k_TCTCCGACATGACACT-1,CD4 Naive,1,CD4 Naive,0.08699464797973633,,0.006563886317929257,0.0,0.29929280281066895,0.01902207611248878
totalvi,PBMC5k_TCTCCGAGTAACTGCT-1,CD14 Mono,1,CD14 Mono,0.029251694679260254,,0.01898099633295111,0.0,0.19350029528141022,0.04669684975033846
totalvi,PBMC5k_TCTCCGAGTATGGAAT-1,CD4 Naive,1,CD4 Naive,0.36681586503982544,,0.12722318686317435,0.19999999999999996,1.4379613399505615,0.15247129441964535
totalvi,PBMC5k_TCTCCGATCCATACTT-1,CD14 Mono,1,CD14 Mono,0.04359924793243408,,0.003068808857161931,0.0,0.2043185830116272,0.028464830142030665
totalvi,PBMC5k_TCTCCGATCTACTATC-1,CD14 Mono,1,CD14 Mono,0.0038384199142456055,,0.003751252688414468,0.0,0.24719800055027008,0.021380249407844353
totalvi,PBMC5k_TCTCCGATCTCAACGA-1,NK,1,NK,0.07091087102890015,,0.017721128069869196,0.0,0.08067313581705093,0.004791838363777309
totalvi,PBMC5k_TCTCTGGCACGCTGCA-1,B memory,1,B memory,0.0848698616027832,,0.023697466046514126,0.19999999999999996,0.549964964389801,0.19236927772598847
totalvi,PBMC5k_TCTCTGGCAGAGACTG-1,ILC,0,CD4 TEM,0.2732306122779846,,0.04594221819512878,0.19999999999999996,1.0980732440948486,0.0796636906429041
totalvi,PBMC5k_TCTCTGGGTCAGGCAA-1,CD4 TCM,0,CD4 Naive,0.4688441753387451,,0.061903755803540905,0.19999999999999996,1.3559257984161377,0.16766236247990648
totalvi,PBMC5k_TCTCTGGGTCGCTCGA-1,CD14 Mono,1,CD14 Mono,0.01531308889389038,,0.012744651274143592,0.0,0.13196010887622833,0.021044877363473595
totalvi,PBMC5k_TCTCTGGGTGAGGATC-1,CD4 TEM,1,CD4 TEM,0.2833744287490845,,0.03588375313681735,0.19999999999999996,1.0737122297286987,0.2098993904104999
totalvi,PBMC5k_TCTCTGGTCATGACAC-1,CD14 Mono,1,CD14 Mono,0.030358970165252686,,0.0040594405343805096,0.0,0.11975214630365372,0.012500249244310738
totalvi,PBMC5k_TCTGCCACAAGTTTGC-1,Eryth,1,Eryth,0.06511479616165161,,0.03356028849750953,0.0,0.31637945771217346,0.06672483052342039
totalvi,PBMC5k_TCTGCCAGTTAAGAAC-1,CD4 TEM,1,CD4 TEM,0.19034343957901,,0.024781057030187403,0.0,0.7179358601570129,0.06301359283448071
totalvi,PBMC5k_TCTGGCTAGCGCCGTT-1,CD4 TEM,0,CD4 TCM,0.1534135341644287,,0.07177822061940697,0.19999999999999996,0.7084512114524841,0.16999125568966322
totalvi,PBMC5k_TCTGGCTCACTCCCTA-1,CD4 TEM,1,CD4 TEM,0.09732657670974731,,0.01976839586009349,0.0,0.6853851079940796,0.09796271031949665
totalvi,PBMC5k_TCTGGCTTCGCCGTGA-1,Eryth,1,Eryth,0.3884499669075012,,0.03206431882153471,0.4,0.7216560244560242,0.18227313277715335
totalvi,PBMC5k_TCTGGCTTCTCGTGAA-1,B naive,1,B naive,0.21472656726837158,,0.032525221778238356,0.0,0.7824753522872925,0.1808899290655958
totalvi,PBMC5k_TCTGTCGGTCAAACGG-1,CD4 Naive,0,CD8 Naive,0.6128655672073364,,0.13768964575424536,0.0,1.3663238286972046,0.03545555354888795
totalvi,PBMC5k_TCTGTCGGTTTCGGCG-1,CD4 TEM,1,CD4 TEM,0.0456199049949646,,0.019800833910526283,0.0,0.5512480139732361,0.04108511170631701
totalvi,PBMC5k_TCTTAGTAGAGGACTC-1,CD14 Mono,1,CD14 Mono,0.09749430418014526,,0.01329238614746081,0.0,0.366984486579895,0.05581983194658296
totalvi,PBMC5k_TCTTAGTAGATACAGT-1,cDC2,1,cDC2,0.004887521266937256,,0.0006664274466356666,0.0,0.02109459601342678,0.002014798893362541
totalvi,PBMC5k_TCTTAGTAGCCACCGT-1,CD14 Mono,1,CD14 Mono,0.003920495510101318,,0.001809139966838711,0.0,0.07125500589609146,0.006068139577796181
totalvi,PBMC5k_TCTTAGTCAAACTCTG-1,CD4 TCM,1,CD4 TCM,0.01390296220779419,,0.013444107471534267,0.0,0.27914753556251526,0.04593860481892602
totalvi,PBMC5k_TCTTAGTGTTCCCAAA-1,cDC2,1,cDC2,0.020175814628601074,,0.0028363121162500726,0.0,0.0439935103058815,0.004374424093622709
totalvi,PBMC5k_TCTTAGTTCACCTCGT-1,CD8 Naive,1,CD8 Naive,0.14819955825805664,,0.10642730464534411,0.0,0.819568395614624,0.1254502842198681
totalvi,PBMC5k_TCTTAGTTCAGCACCG-1,CD14 Mono,1,CD14 Mono,0.0020784735679626465,,0.0005300757980184895,0.0,0.07510626316070557,0.006413269937042791
totalvi,PBMC5k_TCTTAGTTCATTCCTA-1,CD4 TCM,0,Eryth,0.34189993143081665,,0.1317569276531152,0.4,1.8409538269042969,0.05634215755543092
totalvi,PBMC5k_TCTTCCTTCGCGAAGA-1,B naive,1,B naive,0.09919345378875732,,0.05976464558949035,0.19999999999999996,0.7991778254508972,0.20299213253061216
totalvi,PBMC5k_TCTTGCGAGACTCATC-1,B memory,1,B memory,0.4919673204421997,,0.11048729993668505,0.4,0.8253378868103027,0.2627736224895058
totalvi,PBMC5k_TCTTGCGAGATTCGAA-1,CD4 TCM,1,CD4 TCM,0.2959505319595337,,0.05230883301757827,0.19999999999999996,1.0820024013519287,0.14568591586234372
totalvi,PBMC5k_TCTTGCGCATACCAGT-1,CD4 TCM,0,CD4 Naive,0.19053107500076294,,0.049779606475429894,0.4,1.0938442945480347,0.24170991131025074
totalvi,PBMC5k_TCTTGCGGTCGAGCAA-1,Eryth,0,CD14 Mono,0.36264848709106445,,0.05481161547895286,0.19999999999999996,0.7110239863395691,0.2652838082997824
totalvi,PBMC5k_TCTTTGACATCTAGAC-1,CD4 TCM,1,CD4 TCM,0.38800424337387085,,0.117821303156599,0.4,0.9954723119735718,0.1915999895736803
totalvi,PBMC5k_TGAACGTAGTAGCTCT-1,CD8 TEM,1,CD8 TEM,0.25485801696777344,,0.0764460616708158,0.19999999999999996,1.1385371685028076,0.24263914894016345
totalvi,PBMC5k_TGAACGTCACGTGTGC-1,CD4 TEM,1,CD4 TEM,0.08377736806869507,,0.03316294600240899,0.0,0.7045161724090576,0.08881687973937318
totalvi,PBMC5k_TGAACGTCATATCTCT-1,CD4 TEM,1,CD4 TEM,0.2480224370956421,,0.11419077700168923,0.0,0.9778167605400085,0.09237171909856712
totalvi,PBMC5k_TGAACGTCATGCAGGA-1,B intermediate,0,B memory,0.043968260288238525,,0.026765993761539375,0.19999999999999996,0.6713268756866455,0.2744138208358657
totalvi,PBMC5k_TGAACGTTCCTCTAAT-1,CD4 TEM,1,CD4 TEM,0.10492759943008423,,0.027061907962258047,0.0,0.630992591381073,0.09129974081837865
totalvi,PBMC5k_TGAACGTTCTCGGTCT-1,CD8 TCM,0,CD4 TCM,0.5638426244258881,,0.14352605984999145,0.4,1.2764687538146973,0.20900096612835845
totalvi,PBMC5k_TGAATCGGTCGCTTAA-1,CD14 Mono,1,CD14 Mono,0.0020862221717834473,,0.0015091068873596923,0.0,0.2390921413898468,0.030093160683613243
totalvi,PBMC5k_TGAATCGTCATTTCCA-1,CD4 Naive,0,CD4 TCM,0.4001004695892334,,0.07357060311709795,0.19999999999999996,1.0565049648284912,0.12787340258347366
totalvi,PBMC5k_TGAATGCAGAGTGAAG-1,NK,1,NK,0.0023345947265625,,0.0005375479910110633,0.0,0.046244338154792786,0.005163670731461453
totalvi,PBMC5k_TGACAGTAGGCCTGAA-1,CD14 Mono,1,CD14 Mono,0.0021465420722961426,,0.0005794789283607091,0.0,0.09588925540447235,0.003903893390342097
totalvi,PBMC5k_TGACAGTCACAACGCC-1,Eryth,1,Eryth,0.46755027770996094,,0.03386827789313018,0.4,0.6630945205688477,0.2490549522890895
totalvi,PBMC5k_TGACAGTCATCAGCTA-1,CD14 Mono,1,CD14 Mono,0.00520932674407959,,0.008948945567524763,0.0,0.11253036558628082,0.013887604959609697
totalvi,PBMC5k_TGACAGTGTAATCAGA-1,CD14 Mono,1,CD14 Mono,0.05030786991119385,,0.004841767302306288,0.0,0.2104635238647461,0.04329100129459294
totalvi,PBMC5k_TGACCCTAGCTGCGAA-1,CD4 TCM,1,CD4 TCM,0.07040774822235107,,0.011609761677837505,0.4,0.6361978650093079,0.22747670296530573
totalvi,PBMC5k_TGACCCTAGGACATCG-1,Eryth,0,CD14 Mono,0.2662675976753235,,0.1085470796249498,0.4,0.7320907711982727,0.2108530750365599
totalvi,PBMC5k_TGACCCTCACCATTCC-1,CD14 Mono,1,CD14 Mono,0.11561542749404907,,0.022113247692521598,0.0,0.6446269154548645,0.09882125320709816
totalvi,PBMC5k_TGACGCGGTACATTGC-1,CD4 Naive,1,CD4 Naive,0.13404124975204468,,0.05753191578091699,0.0,0.5876480937004089,0.10484774650659916
totalvi,PBMC5k_TGACTCCCAAGCTACT-1,NK,1,NK,0.004344344139099121,,0.0007948379694872817,0.0,0.06464806944131851,0.007434187347354883
totalvi,PBMC5k_TGAGACTAGATAACAC-1,CD14 Mono,1,CD14 Mono,0.007876455783843994,,0.0044500045774695796,0.0,0.10893440991640091,0.00675669197493457
totalvi,PBMC5k_TGAGACTCAACAGATA-1,CD4 TCM,0,CD4 Naive,0.24655121564865112,,0.04972741493844035,0.19999999999999996,1.4051897525787354,0.10128159470194935
totalvi,PBMC5k_TGAGCATAGCGAGTAC-1,B intermediate,1,B intermediate,0.16677767038345337,,0.05699370295150896,0.4,0.7801570296287537,0.2285529476669151
totalvi,PBMC5k_TGAGCATAGTCACTAC-1,CD8 TCM,0,CD8 Naive,0.43201982975006104,,0.10853085380872085,0.4,1.8356865644454956,0.06894645997575098
totalvi,PBMC5k_TGAGCATGTCATCACA-1,ILC,0,CD4 TEM,0.43518030643463135,,0.06267475848813153,0.4,1.0480546951293945,0.06190567663429955
totalvi,PBMC5k_TGAGCGCAGATGCTAA-1,CD14 Mono,1,CD14 Mono,0.0071395039558410645,,0.002971435536630672,0.0,0.10214637219905853,0.011593559694234682
totalvi,PBMC5k_TGAGCGCAGGTAAACT-1,CD14 Mono,1,CD14 Mono,0.011255741119384766,,0.003032170374897822,0.0,0.282001256942749,0.02250756451310157
totalvi,PBMC5k_TGAGCGCAGGTGCCTC-1,CD4 TEM,1,CD4 TEM,0.4913520812988281,,0.044461330548969724,0.4,0.807949423789978,0.30440353523530805
totalvi,PBMC5k_TGAGCGCAGTGGTTAA-1,CD16 Mono,1,CD16 Mono,0.004582762718200684,,0.0016049009144743845,0.0,0.028222955763339996,0.004850307113775489
totalvi,PBMC5k_TGAGCGCCAACCACGC-1,CD4 Naive,1,CD4 Naive,0.34688836336135864,,0.05355473510729536,0.19999999999999996,0.7879067063331604,0.19594718924257387
totalvi,PBMC5k_TGAGCGCCACAGCCTG-1,CD14 Mono,1,CD14 Mono,0.030240356922149658,,0.035929538391701654,0.19999999999999996,0.6876553297042847,0.21699091012019447
totalvi,PBMC5k_TGAGCGCGTATGCGGA-1,cDC2,0,CD14 Mono,0.3965415358543396,,0.11486169296331739,0.0,0.19200147688388824,0.04380538335070822
totalvi,PBMC5k_TGAGCGCTCTCTCTTC-1,CD4 TEM,0,MAIT,0.20344477891921997,,0.117956187327102,0.4,1.2125422954559326,0.23777467297013696
totalvi,PBMC5k_TGAGGAGCATGTCGTA-1,CD14 Mono,1,CD14 Mono,0.0716812014579773,,0.007336630659795396,0.0,0.1327330470085144,0.015146088774570438
totalvi,PBMC5k_TGAGGAGGTCACCCTT-1,CD4 Naive,0,CD8 Naive,0.36219966411590576,,0.238895282549634,0.0,0.9313419461250305,0.1307769125766595
totalvi,PBMC5k_TGAGGAGTCTCTCTAA-1,ILC,0,CD4 TCM,0.2565348744392395,,0.0479715152967255,0.0,1.0724083185195923,0.08197179998809437
totalvi,PBMC5k_TGAGGGAAGCCGATCC-1,CD4 TEM,0,CD4 TCM,0.4917988181114197,,0.02995300001290635,0.4,1.0200762748718262,0.2280565423336684
totalvi,PBMC5k_TGAGGTTCACGGCGTT-1,NK,1,NK,0.06280308961868286,,0.011285592987409138,0.0,0.17043764889240265,0.024377070112236617
totalvi,PBMC5k_TGAGGTTCAGCAGTTT-1,CD8 TEM,1,CD8 TEM,0.19024032354354858,,0.1671786984514636,0.0,1.5132439136505127,0.09146992015414547
totalvi,PBMC5k_TGAGGTTGTTGCATTG-1,CD14 Mono,0,Eryth,0.474184513092041,,0.06225106344144815,0.19999999999999996,0.7226386666297913,0.24164035086960622
totalvi,PBMC5k_TGAGGTTTCTCTCGAC-1,CD14 Mono,1,CD14 Mono,0.007656753063201904,,0.004802073555797752,0.0,0.30666384100914,0.0819620614756812
totalvi,PBMC5k_TGATCAGAGCGTTACT-1,CD14 Mono,1,CD14 Mono,0.007189750671386719,,0.0006030234707686474,0.0,0.05682441592216492,0.0038591909188409566
totalvi,PBMC5k_TGATCAGAGTCTCTGA-1,CD4 TCM,0,CD4 Naive,0.41652560234069824,,0.09477985870253025,0.19999999999999996,1.1636762619018555,0.15203710404996162
totalvi,PBMC5k_TGATCTTAGGCATTTC-1,CD4 Naive,1,CD4 Naive,0.18937551975250244,,0.030935004355545637,0.19999999999999996,1.0164166688919067,0.25351712222104733
totalvi,PBMC5k_TGATCTTCATGCCGCA-1,CD14 Mono,1,CD14 Mono,0.023630917072296143,,0.0037340840593024505,0.0,0.2173968404531479,0.04969066173766697
totalvi,PBMC5k_TGATCTTTCGATTTCT-1,CD8 TEM,1,CD8 TEM,0.45046353340148926,,0.15529146482773593,0.19999999999999996,1.25656259059906,0.10717976872549041
totalvi,PBMC5k_TGATGCACACCCTTGT-1,CD14 Mono,1,CD14 Mono,0.0028401613235473633,,0.000569104209062931,0.0,0.046187080442905426,0.00206166208967124
totalvi,PBMC5k_TGATGCACAGGACGAT-1,Treg,0,CD4 TCM,0.32463204860687256,,0.1323765637396095,0.0,1.209897756576538,0.0823802251652303
totalvi,PBMC5k_TGATGCAGTTCGTGCG-1,CD14 Mono,1,CD14 Mono,0.0024611949920654297,,0.0017275829487542332,0.0,0.0917184054851532,0.0071035035479026995
totalvi,PBMC5k_TGATGGTAGGACAACC-1,CD8 Naive,1,CD8 Naive,0.09935468435287476,,0.02560074939838186,0.19999999999999996,0.5919700264930725,0.19658640112494688
totalvi,PBMC5k_TGATGGTAGTATGAGT-1,CD8 TEM,1,CD8 TEM,0.3112751245498657,,0.1633774431089401,0.19999999999999996,1.2304039001464844,0.20265929695752424
totalvi,PBMC5k_TGATGGTTCCTCAGGG-1,B naive,1,B naive,0.03003716468811035,,0.06714736966513457,0.0,0.3826693594455719,0.06841501127030758
totalvi,PBMC5k_TGATGGTTCGTCAGAT-1,cDC2,0,CD14 Mono,0.46679502725601196,,0.028931771823714758,0.0,0.5955898761749268,0.1620743506167456
totalvi,PBMC5k_TGATTCTAGAACAGGA-1,CD4 TEM,1,CD4 TEM,0.329498827457428,,0.04980824096290959,0.4,0.9778202772140503,0.20253829321866632
totalvi,PBMC5k_TGATTCTAGTCTAGAA-1,B memory,1,B memory,0.0880313515663147,,0.056436273291225636,0.0,0.5543423295021057,0.08151922744658681
totalvi,PBMC5k_TGATTCTGTACCAATC-1,Treg,0,CD4 TCM,0.4719799757003784,,0.18377119994950186,0.4,1.1860193014144897,0.08894905346855655
totalvi,PBMC5k_TGATTCTTCGAGAAGC-1,CD4 TCM,0,ILC,0.48578155040740967,,0.09636611777223014,0.4,1.1288799047470093,0.26942536946770057
totalvi,PBMC5k_TGATTTCCATGTTCAG-1,NK,1,NK,0.0009353756904602051,,0.00020187685456836153,0.0,0.014114313758909702,0.0010031960863670223
totalvi,PBMC5k_TGATTTCCATTGTAGC-1,cDC2,1,cDC2,0.006958723068237305,,0.0006864738621186577,0.0,0.030544335022568703,0.0017519637357121993
totalvi,PBMC5k_TGATTTCGTGACAACG-1,CD14 Mono,1,CD14 Mono,0.00397038459777832,,0.0009489665970934535,0.0,0.04481596127152443,0.0021428107084597216
totalvi,PBMC5k_TGCACGGCAATGGCAG-1,CD14 Mono,1,CD14 Mono,0.0010306835174560547,,0.0005979137899784232,0.0,0.03051815554499626,0.0013262150166030197
totalvi,PBMC5k_TGCAGATAGTACGTCT-1,CD14 Mono,1,CD14 Mono,0.004555463790893555,,0.0014365380652530436,0.0,0.10630427300930023,0.016866959655755104
totalvi,PBMC5k_TGCAGATAGTCTAGAA-1,CD14 Mono,1,CD14 Mono,0.0063977837562561035,,0.015596104950350867,0.0,0.16359516978263855,0.03634498881419222
totalvi,PBMC5k_TGCAGATCATTCCTCG-1,CD4 Naive,1,CD4 Naive,0.1908373236656189,,0.048361817719086875,0.19999999999999996,0.8599482178688049,0.17183457954929024
totalvi,PBMC5k_TGCAGATTCGCGCCAA-1,NK,1,NK,0.009941399097442627,,0.0034236457376836255,0.0,0.1497504860162735,0.03698262803460515
totalvi,PBMC5k_TGCAGATTCTATACTC-1,CD8 TEM,1,CD8 TEM,0.38648420572280884,,0.12071153950578561,0.4,1.6396822929382324,0.18046028590162752
totalvi,PBMC5k_TGCAGATTCTGCGGAC-1,CD14 Mono,1,CD14 Mono,0.002806365489959717,,0.0013614149116526683,0.0,0.050800882279872894,0.0016796035443596526
totalvi,PBMC5k_TGCAGGCAGCCGATAG-1,CD14 Mono,1,CD14 Mono,0.00521397590637207,,0.0007261876138305277,0.0,0.04317981004714966,0.003653760754340412
totalvi,PBMC5k_TGCAGGCAGGCGATAC-1,B naive,1,B naive,0.06223917007446289,,0.012690198310070011,0.0,0.1798425167798996,0.028906427181118712
totalvi,PBMC5k_TGCAGGCGTACCTGTA-1,CD4 Naive,1,CD4 Naive,0.14422088861465454,,0.025638021457493387,0.0,0.5123203992843628,0.04842813854113876
totalvi,PBMC5k_TGCAGGCTCCGTCACT-1,CD16 Mono,1,CD16 Mono,0.03496748208999634,,0.050637234528776554,0.0,0.2682139277458191,0.061377746074565094
totalvi,PBMC5k_TGCAGTAAGGCTTAGG-1,B memory,1,B memory,0.015357673168182373,,0.0060284411649702,0.0,0.4150353670120239,0.06621552803426785
totalvi,PBMC5k_TGCAGTAAGTCAACAA-1,CD14 Mono,1,CD14 Mono,0.0009487271308898926,,0.0009409499482506446,0.0,0.04412241652607918,0.0034769938543630047
totalvi,PBMC5k_TGCATCCAGTGCCCGT-1,B naive,1,B naive,0.02710932493209839,,0.03269042083500817,0.19999999999999996,0.692979097366333,0.21766984431699501
totalvi,PBMC5k_TGCATCCGTTCCCACT-1,CD4 TCM,0,CD4 TEM,0.40318000316619873,,0.18849376690497666,0.0,1.2136436700820923,0.03987824410754215
totalvi,PBMC5k_TGCATGAAGAAGTGTT-1,CD14 Mono,1,CD14 Mono,0.013745903968811035,,0.008772390983308953,0.0,0.14606362581253052,0.021060514891503155
totalvi,PBMC5k_TGCATGAAGTGTAGTA-1,CD4 Naive,1,CD4 Naive,0.08053535223007202,,0.013721835053588705,0.0,0.6698030233383179,0.053992446055730926
totalvi,PBMC5k_TGCATGACATCGGAAG-1,CD4 Naive,1,CD4 Naive,0.047232091426849365,,0.06400537619431695,0.0,0.5867328643798828,0.12723904028522262
totalvi,PBMC5k_TGCATGAGTGACCGAA-1,CD14 Mono,1,CD14 Mono,0.013860583305358887,,0.0034047894721564095,0.0,0.06963465362787247,0.005981100119991306
totalvi,PBMC5k_TGCCGAGAGAACAGGA-1,Treg,0,CD4 Naive,0.7053951621055603,,0.09437346382975553,0.4,1.6365385055541992,0.17263163665476358
totalvi,PBMC5k_TGCCGAGAGAGGACTC-1,B naive,1,B naive,0.013535022735595703,,0.10849373678031604,0.0,0.4829908013343811,0.1321447357150745
totalvi,PBMC5k_TGCGACGAGCTACTAC-1,CD4 Naive,1,CD4 Naive,0.046192944049835205,,0.01699292749830361,0.0,0.7828142642974854,0.16313240901229986
totalvi,PBMC5k_TGCGACGTCCAAGGGA-1,MAIT,1,MAIT,0.18680548667907715,,0.02132607250258528,0.19999999999999996,0.8360685110092163,0.2681432605040954
totalvi,PBMC5k_TGCGACGTCTGCCCTA-1,NK,1,NK,0.008617937564849854,,0.007811792104906429,0.0,0.2916525602340698,0.07278112930486492
totalvi,PBMC5k_TGCGATAAGCATGCAG-1,CD14 Mono,1,CD14 Mono,0.0027850866317749023,,0.002894612163143656,0.0,0.09341161698102951,0.01038141450123845
totalvi,PBMC5k_TGCGATACAGGAATCG-1,CD4 Naive,1,CD4 Naive,0.09909254312515259,,0.02685457138653452,0.0,0.8980357050895691,0.05957822992778762
totalvi,PBMC5k_TGCGATACAGGTTACT-1,CD14 Mono,1,CD14 Mono,0.010684490203857422,,0.007035555899014806,0.0,0.14452923834323883,0.007803890002724548
totalvi,PBMC5k_TGCGATATCAGACCCG-1,CD8 TCM,1,CD8 TCM,0.5215021967887878,,0.08169609160927993,0.4,1.5459983348846436,0.20120925211993548
totalvi,PBMC5k_TGCGGCACACACACTA-1,CD4 TEM,0,CD4 TCM,0.21562236547470093,,0.07378746716366869,0.19999999999999996,1.0364214181900024,0.1448586847036788
totalvi,PBMC5k_TGCGGCACATCTGTTT-1,NK,1,NK,0.0004017949104309082,,0.00025947263806835007,0.0,0.018116217106580734,0.0008189885932947307
totalvi,PBMC5k_TGCGGGTAGAGGTTTA-1,CD4 TEM,1,CD4 TEM,0.24765413999557495,,0.05469766829096856,0.19999999999999996,1.3061323165893555,0.23308234158166727
totalvi,PBMC5k_TGCGGGTAGGTTCACT-1,CD14 Mono,1,CD14 Mono,0.0013332366943359375,,0.0013102422159600342,0.0,0.030477052554488182,0.0012404077769884523
totalvi,PBMC5k_TGCGGGTCAGGTTCGC-1,B naive,1,B naive,0.039594292640686035,,0.018131740760675086,0.0,0.528580367565155,0.10174298683193718
totalvi,PBMC5k_TGCGGGTCATATGAAG-1,CD4 TCM,1,CD4 TCM,0.4130464792251587,,0.060211562242625805,0.4,1.3054137229919434,0.24307116900654113
totalvi,PBMC5k_TGCGGGTCATGGAGAC-1,ILC,0,CD4 TEM,0.561231404542923,,0.07117489599771476,0.4,1.0930533409118652,0.12070377668067561
totalvi,PBMC5k_TGCGGGTTCCTATTGT-1,NK_CD56bright,0,NK,0.1276046633720398,,0.10879040262514839,0.19999999999999996,0.8784548044204712,0.17143795606590304
totalvi,PBMC5k_TGCTCCAAGAGCAACC-1,CD14 Mono,1,CD14 Mono,0.0026429295539855957,,0.0011030759507127362,0.0,0.08003345131874084,0.006038136308674445
totalvi,PBMC5k_TGCTCCAGTACGGTTT-1,gdT,0,CD8 TEM,0.10933804512023926,,0.13624839675402867,0.4,1.3707640171051025,0.03972425524032479
totalvi,PBMC5k_TGCTCCAGTACTGGGA-1,CD4 TCM,1,CD4 TCM,0.17766869068145752,,0.021279863645016772,0.0,0.7016193270683289,0.15864751458447163
totalvi,PBMC5k_TGCTCCATCATTATCC-1,CD4 TCM,0,CD4 Naive,0.16031289100646973,,0.022136870151641785,0.0,0.988459587097168,0.08882988500318792
totalvi,PBMC5k_TGCTCGTAGAAGAACG-1,CD14 Mono,1,CD14 Mono,0.0071485042572021484,,0.0022816922593225514,0.0,0.12138006091117859,0.00972855015783748
totalvi,PBMC5k_TGCTCGTCAACTCGAT-1,CD8 TEM,1,CD8 TEM,0.4380781054496765,,0.10489839766491516,0.6,1.4830418825149536,0.12734804728953986
totalvi,PBMC5k_TGCTCGTCATCAGTCA-1,CD4 TEM,1,CD4 TEM,0.07225728034973145,,0.03540045189969754,0.0,0.615891695022583,0.14889213623631972
totalvi,PBMC5k_TGCTCGTTCCAACTGA-1,Treg,0,CD8 TEM,0.6181652545928955,,0.3906909433919319,0.19999999999999996,1.5513684749603271,0.04696917966478772
totalvi,PBMC5k_TGCTGAACACGCCACA-1,CD16 Mono,1,CD16 Mono,0.21096229553222656,,0.07134964616527517,0.0,0.6841549277305603,0.11723267081147538
totalvi,PBMC5k_TGCTGAAGTACGAGCA-1,Treg,1,Treg,0.4120206832885742,,0.09276159545573581,0.4,1.0168309211730957,0.21997409334895082
totalvi,PBMC5k_TGCTGAAGTGGTTCTA-1,CD16 Mono,1,CD16 Mono,0.002617061138153076,,0.00044700967384835207,0.0,0.005334422457963228,0.0005747435272828698
totalvi,PBMC5k_TGCTTCGAGAAGTCAT-1,CD14 Mono,1,CD14 Mono,0.0027652382850646973,,0.00042704583547067965,0.0,0.05748091638088226,0.003426028570552348
totalvi,PBMC5k_TGCTTCGAGAATAACC-1,CD4 Naive,1,CD4 Naive,0.12903976440429688,,0.02977364541563543,0.0,0.40832817554473877,0.04808326235623358
totalvi,PBMC5k_TGCTTCGTCGCCTTTG-1,CD14 Mono,1,CD14 Mono,0.028187811374664307,,0.00779818833483073,0.0,0.32099753618240356,0.041905430267563146
totalvi,PBMC5k_TGCTTGCGTCTGCCTT-1,CD4 TCM,1,CD4 TCM,0.16272300481796265,,0.053266684740453374,0.0,0.9137811064720154,0.126342637776096
totalvi,PBMC5k_TGCTTGCGTGTTGCCG-1,CD14 Mono,1,CD14 Mono,0.005888879299163818,,0.0012185448914217994,0.0,0.07076309621334076,0.007447162904118681
totalvi,PBMC5k_TGGAACTCAAATGGAT-1,CD16 Mono,1,CD16 Mono,0.03386133909225464,,0.005296743781062679,0.0,0.0812898725271225,0.01839360386678781
totalvi,PBMC5k_TGGAACTTCACTCACC-1,CD4 TCM,1,CD4 TCM,0.005941152572631836,,0.00792385310295729,0.0,0.39622533321380615,0.07494357708006052
totalvi,PBMC5k_TGGAGAGAGCTTGTGT-1,CD4 TEM,1,CD4 TEM,0.05604034662246704,,0.04117059752692315,0.0,0.7686196565628052,0.07676112462878894
totalvi,PBMC5k_TGGAGAGCACATGACT-1,CD14 Mono,1,CD14 Mono,0.0005372166633605957,,0.0002631051837346573,0.0,0.030708352103829384,0.0006149757693614788
totalvi,PBMC5k_TGGAGAGTCTATCGTT-1,B memory,1,B memory,0.0560760498046875,,0.04335606693221128,0.0,0.579564094543457,0.1488124055909204
totalvi,PBMC5k_TGGAGGAAGCTTGTTG-1,cDC2,1,cDC2,0.0030354857444763184,,0.0003367111907617189,0.0,0.019971298053860664,0.0022282289591714823
totalvi,PBMC5k_TGGAGGATCACTGATG-1,CD4 TCM,1,CD4 TCM,0.18572509288787842,,0.015229756242628956,0.0,0.5151978731155396,0.136818328184476
totalvi,PBMC5k_TGGATCAAGTAGGATT-1,CD14 Mono,1,CD14 Mono,0.0019398331642150879,,0.0013371288079530586,0.0,0.11790330708026886,0.012492793735210264
totalvi,PBMC5k_TGGATCACACTATCGA-1,CD4 TCM,1,CD4 TCM,0.07466888427734375,,0.026220543287726494,0.0,0.9449660778045654,0.12451637786697689
totalvi,PBMC5k_TGGATCAGTAACATGA-1,CD8 TEM,0,CD4 TEM,0.4933265447616577,,0.11183081717741405,0.6,1.4638224840164185,0.18206730905997182
totalvi,PBMC5k_TGGATCAGTAGTGGCA-1,CD4 TCM,1,CD4 TCM,0.4635571241378784,,0.04522887128731368,0.19999999999999996,1.3372955322265625,0.08218366549846189
totalvi,PBMC5k_TGGATCATCATGCCCT-1,CD4 TEM,1,CD4 TEM,0.05409008264541626,,0.03689725743353778,0.0,0.4129890501499176,0.041105168060994825
totalvi,PBMC5k_TGGATGTAGAGACAAG-1,CD14 Mono,1,CD14 Mono,0.0017145276069641113,,0.0015720819626293472,0.0,0.053274065256118774,0.0046786031806049806
totalvi,PBMC5k_TGGATGTAGGTTCATC-1,NK,1,NK,0.06587040424346924,,0.015568451811183742,0.0,0.3002718389034271,0.06788238647200893
totalvi,PBMC5k_TGGATGTAGTTTGCTG-1,CD4 TEM,1,CD4 TEM,0.1005590558052063,,0.01995366881752475,0.0,0.6680344939231873,0.08573846880802335
totalvi,PBMC5k_TGGATGTCAACATCGT-1,CD14 Mono,1,CD14 Mono,0.06345003843307495,,0.03105661908729651,0.0,0.29547885060310364,0.018838353705154545
totalvi,PBMC5k_TGGATGTCAGAGGACT-1,CD4 Naive,1,CD4 Naive,0.29577523469924927,,0.04086714013365811,0.0,0.7888295650482178,0.09048317455710603
totalvi,PBMC5k_TGGATGTCAGTCAGCC-1,B naive,1,B naive,0.24831128120422363,,0.04246323896781623,0.19999999999999996,0.7148727178573608,0.22649302510783184
totalvi,PBMC5k_TGGATGTGTGACGTCC-1,CD16 Mono,0,CD14 Mono,0.3839910626411438,,0.06303076793242812,0.0,0.33063405752182007,0.0545831333080685
totalvi,PBMC5k_TGGATGTTCCACGGAC-1,CD4 TCM,1,CD4 TCM,0.19187873601913452,,0.03198629042735435,0.19999999999999996,0.8787806034088135,0.19311538474772372
totalvi,PBMC5k_TGGCGTGGTAGATGTA-1,CD4 TCM,1,CD4 TCM,0.352439820766449,,0.08328892641586894,0.0,1.2235263586044312,0.15613779300287595
totalvi,PBMC5k_TGGCGTGGTGTATTGC-1,CD8 Naive,1,CD8 Naive,0.08082813024520874,,0.19119712824886448,0.19999999999999996,0.936997652053833,0.28739460591166144
totalvi,PBMC5k_TGGCGTGTCACGACTA-1,CD4 TEM,1,CD4 TEM,0.1686631441116333,,0.03263656983614227,0.19999999999999996,1.226802945137024,0.13282667082745142
totalvi,PBMC5k_TGGGAAGCAAAGCTCT-1,cDC2,1,cDC2,0.32957011461257935,,0.06330560126509732,0.0,0.4416761100292206,0.06510519671444745
totalvi,PBMC5k_TGGGAAGTCCGGACTG-1,CD8 Naive,1,CD8 Naive,0.0711027979850769,,0.05349005632641546,0.19999999999999996,0.6666726469993591,0.276002028352412
totalvi,PBMC5k_TGGGAAGTCGCAATTG-1,Treg,1,Treg,0.568302571773529,,0.14102344178954485,0.4,1.4995675086975098,0.2256488732370829
totalvi,PBMC5k_TGGGAGAGTGTGCTTA-1,CD14 Mono,1,CD14 Mono,0.3297021985054016,,0.034759222559507585,0.0,0.29684707522392273,0.06649459361622194
totalvi,PBMC5k_TGGGAGATCAGAGTTC-1,CD4 TEM,1,CD4 TEM,0.3118342161178589,,0.14313267417721143,0.19999999999999996,0.9575245380401611,0.2175428298822946
totalvi,PBMC5k_TGGGATTAGGCCTGAA-1,CD4 TEM,1,CD4 TEM,0.04588073492050171,,0.0424862562159814,0.0,0.6621736884117126,0.059077911308225574
totalvi,PBMC5k_TGGGATTGTTAACCTG-1,CD4 TEM,0,CD4 TCM,0.45375657081604004,,0.08282377142485498,0.4,0.8987456560134888,0.1796225009026624
totalvi,PBMC5k_TGGGATTGTTAATCGC-1,NK,1,NK,0.018542885780334473,,0.021952435743236354,0.0,0.4729456901550293,0.11300994965203036
totalvi,PBMC5k_TGGGATTTCGGCTCTT-1,CD4 TEM,0,NK,0.6549662053585052,,0.43723396127641445,0.6,1.6643258333206177,0.2788495804269386
totalvi,PBMC5k_TGGGCGTAGATTGACA-1,CD4 Naive,1,CD4 Naive,0.3508145809173584,,0.08034436426178515,0.4,0.9119282364845276,0.24611090502866853
totalvi,PBMC5k_TGGGCGTAGCTAAGTA-1,cDC2,1,cDC2,0.18714052438735962,,0.03238984558572461,0.0,0.1914273351430893,0.010555864398171848
totalvi,PBMC5k_TGGGCGTCAATTGAGA-1,NK,1,NK,0.00018781423568725586,,3.472744088714344e-05,0.0,0.006320225074887276,0.0007232056771393874
totalvi,PBMC5k_TGGGCGTCACGCAGTC-1,CD14 Mono,1,CD14 Mono,0.0026968717575073242,,0.0005308426117476388,0.0,0.1093313992023468,0.009471266037203429
totalvi,PBMC5k_TGGGCGTGTCCCACGA-1,B naive,1,B naive,0.07640528678894043,,0.018329736114551465,0.19999999999999996,0.8383645415306091,0.24785310738986233
totalvi,PBMC5k_TGGGCTGAGACGACTG-1,B memory,1,B memory,0.18646371364593506,,0.09601176647697685,0.0,0.6128578186035156,0.1191676402025173
totalvi,PBMC5k_TGGGCTGAGGCTGTAG-1,CD4 TEM,1,CD4 TEM,0.17995750904083252,,0.021592227316076906,0.0,0.8578479290008545,0.09978393818389837
totalvi,PBMC5k_TGGGCTGCATGTTTGG-1,CD14 Mono,1,CD14 Mono,0.0012891292572021484,,0.00032146813921347765,0.0,0.04295431450009346,0.00257979896176966
totalvi,PBMC5k_TGGGCTGGTGACACAG-1,B intermediate,1,B intermediate,0.35955101251602173,,0.05489764673102315,0.4,0.9766047596931458,0.09056732035026957
totalvi,PBMC5k_TGGGTTAGTGAATTAG-1,CD4 TCM,1,CD4 TCM,0.06231331825256348,,0.02782727546492092,0.0,0.5773769617080688,0.07991769114249249
totalvi,PBMC5k_TGGGTTATCGAGAGCA-1,CD8 TEM,1,CD8 TEM,0.2598152160644531,,0.10816804340453012,0.0,0.7438160181045532,0.14167306470794647
totalvi,PBMC5k_TGGGTTATCTTCTAAC-1,CD4 Naive,1,CD4 Naive,0.2285643219947815,,0.03301102869038086,0.0,0.7335343360900879,0.0808236501331373
totalvi,PBMC5k_TGGTACAAGCCGCTTG-1,CD14 Mono,1,CD14 Mono,0.08684539794921875,,0.010247831185729639,0.4,0.8291396498680115,0.126918556472651
totalvi,PBMC5k_TGGTACAGTGGCGTAA-1,CD4 TEM,0,CD4 TCM,0.4664573669433594,,0.04548709454522504,0.4,0.9465838670730591,0.2267658730373491
totalvi,PBMC5k_TGGTAGTAGCTCAGAG-1,CD8 TEM,0,CD4 TEM,0.48272818326950073,,0.1290910303724715,0.19999999999999996,1.2255632877349854,0.2409076493841036
totalvi,PBMC5k_TGGTAGTAGGCCCAAA-1,CD16 Mono,1,CD16 Mono,0.0018333196640014648,,0.0002586335403786232,0.0,0.0067672948352992535,0.0006013622885764968
totalvi,PBMC5k_TGGTAGTTCTGGTCAA-1,CD14 Mono,1,CD14 Mono,0.00859743356704712,,0.002316784116804124,0.0,0.04375235363841057,0.003081256563140326
totalvi,PBMC5k_TGGTGATCAATCGTCA-1,CD4 TCM,1,CD4 TCM,0.1239854097366333,,0.013862046215220691,0.0,0.7166502475738525,0.1561069892144277
totalvi,PBMC5k_TGGTGATCACTAGAGG-1,B naive,1,B naive,0.014515578746795654,,0.03434447554950404,0.0,0.3926045000553131,0.10714996764980583
totalvi,PBMC5k_TGGTGATCACTCATAG-1,NK_CD56bright,1,NK_CD56bright,0.266345739364624,,0.080629071086602,0.0,1.146619439125061,0.10719024992862732
totalvi,PBMC5k_TGGTGATTCTATCGCC-1,NK,1,NK,0.0002428889274597168,,0.00011922689446421759,0.0,0.013644114136695862,0.0009432530245217566
totalvi,PBMC5k_TGGTTAGCAATAAGGT-1,B intermediate,1,B intermediate,0.0448225736618042,,0.010294771474104819,0.0,0.6980352401733398,0.0678293131646621
totalvi,PBMC5k_TGGTTAGCAATTCACG-1,CD14 Mono,1,CD14 Mono,0.03940349817276001,,0.009416105285504767,0.0,0.5046490430831909,0.03769176992899776
totalvi,PBMC5k_TGGTTAGCAGAACGCA-1,CD8 TEM,1,CD8 TEM,0.20691269636154175,,0.1524063557201778,0.19999999999999996,1.4340795278549194,0.21094255065654502
totalvi,PBMC5k_TGGTTAGGTCGAACGA-1,CD14 Mono,1,CD14 Mono,0.08246719837188721,,0.03589334016161899,0.0,0.41815778613090515,0.10128475988112327
totalvi,PBMC5k_TGGTTAGTCCTCGCAT-1,B memory,0,B intermediate,0.18896466493606567,,0.14317760751524056,0.19999999999999996,0.8842383027076721,0.21106785150398558
totalvi,PBMC5k_TGTAACGAGACATCCT-1,CD4 Naive,1,CD4 Naive,0.2538619041442871,,0.017362262887522184,0.0,0.8476599454879761,0.1314415357485956
totalvi,PBMC5k_TGTAACGGTATCAGCT-1,CD4 TCM,0,CD4 Naive,0.20980221033096313,,0.021702957521228528,0.19999999999999996,1.1829323768615723,0.09265578474516191
totalvi,PBMC5k_TGTAAGCAGGTAAACT-1,CD14 Mono,1,CD14 Mono,0.004890620708465576,,0.0005670019262831727,0.0,0.07573455572128296,0.002915562597115743
totalvi,PBMC5k_TGTAAGCGTATAGGGC-1,cDC2,1,cDC2,0.0005298256874084473,,0.00018391227683246456,0.0,0.0072575947269797325,0.0004349704793448766
totalvi,PBMC5k_TGTAAGCGTTGTAAAG-1,CD4 TCM,1,CD4 TCM,0.26664847135543823,,0.04769062112751721,0.0,1.3267779350280762,0.18199673851242082
totalvi,PBMC5k_TGTACAGAGGAAGTGA-1,NK,1,NK,0.005825340747833252,,0.0014001012892109477,0.0,0.05306985601782799,0.004954467304036306
totalvi,PBMC5k_TGTACAGCACCCTATC-1,cDC2,1,cDC2,0.17853683233261108,,0.015353046562097461,0.0,0.2557704448699951,0.04056263656399767
totalvi,PBMC5k_TGTAGACCAGTGCCTG-1,CD14 Mono,1,CD14 Mono,0.00687253475189209,,0.003817083155692999,0.0,0.1451360434293747,0.01499538976939201
totalvi,PBMC5k_TGTAGACGTATGGAAT-1,NK,1,NK,0.0014653205871582031,,0.00037146638657500463,0.0,0.023985018953680992,0.003655453502354891
totalvi,PBMC5k_TGTCAGAAGTAGTCCT-1,CD14 Mono,1,CD14 Mono,0.0013127923011779785,,0.0010382255495958274,0.0,0.07301399111747742,0.0014889489702276332
totalvi,PBMC5k_TGTCAGAAGTATGAAC-1,CD14 Mono,1,CD14 Mono,0.05801194906234741,,0.006572660898634286,0.0,0.7015658020973206,0.07707702454738657
totalvi,PBMC5k_TGTCAGACATCCGGTG-1,CD14 Mono,1,CD14 Mono,0.03424197435379028,,0.09026035852007219,0.0,0.7005878686904907,0.08424375537482767
totalvi,PBMC5k_TGTCAGAGTCGTTCAA-1,NK,1,NK,0.01021730899810791,,0.010917732679920772,0.0,0.1811216175556183,0.03442781042752653
totalvi,PBMC5k_TGTCAGAGTTATTCTC-1,CD14 Mono,1,CD14 Mono,0.014901041984558105,,0.005264332253738499,0.0,0.16510820388793945,0.012602239695231634
totalvi,PBMC5k_TGTCAGAGTTCTCCCA-1,CD14 Mono,1,CD14 Mono,0.025683045387268066,,0.012586442171847095,0.0,0.4108334183692932,0.06523750493775834
totalvi,PBMC5k_TGTCAGATCATCCTGC-1,CD14 Mono,1,CD14 Mono,0.003201425075531006,,0.0007638274084891608,0.0,0.09640175104141235,0.01010440058439902
totalvi,PBMC5k_TGTCCACGTTGCATCA-1,CD14 Mono,1,CD14 Mono,0.0032902956008911133,,0.0018148859480786803,0.0,0.13232874870300293,0.015894976314394706
totalvi,PBMC5k_TGTCCACTCAGTCAGT-1,NK,1,NK,0.0036984682083129883,,0.0017546074296752798,0.0,0.07283194363117218,0.011257012186232403
totalvi,PBMC5k_TGTCCCAAGGTCTGGA-1,CD4 TEM,1,CD4 TEM,0.15439897775650024,,0.04463097603113009,0.19999999999999996,0.8455150127410889,0.20975566675476476
totalvi,PBMC5k_TGTCCTGAGAATAACC-1,CD4 TEM,0,CD4 TCM,0.4405864477157593,,0.027192190892347257,0.4,0.7849242687225342,0.2819025842821131
totalvi,PBMC5k_TGTCCTGAGGACTATA-1,CD14 Mono,1,CD14 Mono,0.15103745460510254,,0.02698655253519694,0.0,0.28103581070899963,0.05824724112626992
totalvi,PBMC5k_TGTCCTGCATAGAGGC-1,CD4 Naive,1,CD4 Naive,0.1299647092819214,,0.023102727671283407,0.0,0.563202977180481,0.10118729603265175
totalvi,PBMC5k_TGTCCTGGTGACATCT-1,CD8 TEM,0,CD4 TEM,0.26701492071151733,,0.05533729282844546,0.4,1.520624041557312,0.2232440441317097
totalvi,PBMC5k_TGTCCTGTCACGATCA-1,NK,1,NK,0.00416797399520874,,0.0011140664132797615,0.0,0.17024745047092438,0.015619733732784644
totalvi,PBMC5k_TGTGAGTCAAGCTGTT-1,CD4 Naive,1,CD4 Naive,0.140400230884552,,0.07274036795718997,0.6,1.285434603691101,0.16435284101636446
totalvi,PBMC5k_TGTGAGTCAGGACGAT-1,CD14 Mono,1,CD14 Mono,0.03783297538757324,,0.012381608564210445,0.0,0.5695375800132751,0.052839351109911024
totalvi,PBMC5k_TGTGAGTCAGGAGACT-1,CD14 Mono,1,CD14 Mono,0.027025699615478516,,0.0040707662187247085,0.0,0.08876927196979523,0.007513616787377283
totalvi,PBMC5k_TGTGCGGAGTACAACA-1,CD4 TCM,0,CD4 Naive,0.3195341229438782,,0.09471518154654657,0.0,1.002799391746521,0.0809357242064647
totalvi,PBMC5k_TGTGCGGAGTGTAGTA-1,cDC2,1,cDC2,0.0031599998474121094,,0.002072186704662235,0.0,0.014307175762951374,0.000876179783968072
totalvi,PBMC5k_TGTGCGGGTCCGAAAG-1,Treg,1,Treg,0.4372589588165283,,0.08496026762814413,0.4,1.0238094329833984,0.27174572786630136
totalvi,PBMC5k_TGTGCGGTCCTCTAAT-1,CD4 TCM,1,CD4 TCM,0.1291944980621338,,0.018060157467608112,0.0,0.48688769340515137,0.07528281675314195
totalvi,PBMC5k_TGTGCGGTCGGTAACT-1,CD4 TCM,1,CD4 TCM,0.22493839263916016,,0.024588206771557486,0.19999999999999996,0.9683552980422974,0.1730468736370407
totalvi,PBMC5k_TGTGCGGTCTTCCACG-1,Eryth,1,Eryth,0.373516321182251,,0.02989893060808202,0.19999999999999996,0.6320518851280212,0.16003007772850636
totalvi,PBMC5k_TGTGGCGCAGGACATG-1,B naive,1,B naive,0.09526753425598145,,0.14314996691343485,0.0,0.821860671043396,0.18731556389607773
totalvi,PBMC5k_TGTGGCGCATGAGTAA-1,CD14 Mono,1,CD14 Mono,0.001836240291595459,,0.0009801152170784283,0.0,0.12570101022720337,0.007336839268278604
totalvi,PBMC5k_TGTGGCGGTGGCACTC-1,CD4 TCM,0,CD4 Naive,0.37608587741851807,,0.023535113589858936,0.0,0.9762513637542725,0.08355056373544248
totalvi,PBMC5k_TGTGGCGTCTCGTTTA-1,CD8 Naive,1,CD8 Naive,0.08095037937164307,,0.04105362549708924,0.0,0.8198647499084473,0.22194478466551623
totalvi,PBMC5k_TGTGTGACACATACGT-1,CD4 TEM,1,CD4 TEM,0.1329084038734436,,0.12678924623896615,0.0,0.766934871673584,0.1934632905790691
totalvi,PBMC5k_TGTGTGACAGGATTCT-1,CD4 TEM,1,CD4 TEM,0.12770682573318481,,0.02053185411791425,0.0,0.9479418992996216,0.061806421196850696
totalvi,PBMC5k_TGTGTGACAGTTTCGA-1,CD8 TCM,1,CD8 TCM,0.40424972772598267,,0.1300228507505683,0.19999999999999996,1.6662412881851196,0.2038928464995122
totalvi,PBMC5k_TGTGTGAGTACAGTAA-1,CD4 TCM,1,CD4 TCM,0.2770766019821167,,0.06947544099915715,0.19999999999999996,1.0779443979263306,0.10361665276835501
totalvi,PBMC5k_TGTGTGATCACCTTAT-1,CD4 TCM,0,CD4 Naive,0.16643929481506348,,0.09690093951357226,0.19999999999999996,0.9559327363967896,0.15744793172562171
totalvi,PBMC5k_TGTTACTAGACTTCGT-1,CD14 Mono,1,CD14 Mono,0.008809328079223633,,0.0012934145433552424,0.0,0.057955626398324966,0.00212082473145916
totalvi,PBMC5k_TGTTACTAGCGTCTGC-1,NK,1,NK,0.00023430585861206055,,6.015708187526755e-05,0.0,0.003712044097483158,0.00019929946167592959
totalvi,PBMC5k_TGTTACTGTCGCGTCA-1,CD8 TEM,0,NK,0.1980016827583313,,0.09262741873605884,0.0,0.639761209487915,0.06899047804252799
totalvi,PBMC5k_TGTTCATAGGGTGGGA-1,B memory,0,B intermediate,0.39233189821243286,,0.02221948791477113,0.4,1.0251332521438599,0.2796183655489502
totalvi,PBMC5k_TGTTCATAGTAGACCG-1,CD14 Mono,1,CD14 Mono,0.004498660564422607,,0.0010703327085721977,0.0,0.09955079108476639,0.015301098389104246
totalvi,PBMC5k_TGTTCATCAACTGCCG-1,CD8 TEM,1,CD8 TEM,0.1861400008201599,,0.08322527053832551,0.0,0.9892011880874634,0.15730397779034858
totalvi,PBMC5k_TGTTCATCAGGAGACT-1,NK,1,NK,0.10444414615631104,,0.021116907051272282,0.0,0.11417632550001144,0.015993398011341146
totalvi,PBMC5k_TGTTCATGTAGGTACG-1,CD14 Mono,1,CD14 Mono,0.0027414560317993164,,0.0013264936886589265,0.0,0.2212265431880951,0.034858703556513174
totalvi,PBMC5k_TGTTCATTCATTCATC-1,CD14 Mono,0,Eryth,0.4901965856552124,,0.04700128647542412,0.0,0.48601630330085754,0.12730932515439805
totalvi,PBMC5k_TGTTCCGAGATAACAC-1,Eryth,0,CD14 Mono,0.08205199241638184,,0.02550344012516892,0.19999999999999996,0.6603510975837708,0.18932520361311841
totalvi,PBMC5k_TGTTCCGCACGGTCTG-1,CD16 Mono,1,CD16 Mono,0.002007126808166504,,0.00035860539935368436,0.0,0.002381991595029831,9.537031944194191e-05
totalvi,PBMC5k_TGTTCCGGTACGATTC-1,NK,1,NK,0.024569571018218994,,0.004448440648256488,0.0,0.06416618824005127,0.0066276543265433585
totalvi,PBMC5k_TGTTCCGGTTCAAGGG-1,CD4 Naive,1,CD4 Naive,0.1238260269165039,,0.014786136132219851,0.0,0.337110698223114,0.07006200524986336
totalvi,PBMC5k_TGTTCTACAATCACGT-1,CD4 Naive,1,CD4 Naive,0.19893234968185425,,0.042248305195191405,0.0,0.5279577970504761,0.08233746454386774
totalvi,PBMC5k_TGTTCTACATTCACAG-1,CD14 Mono,1,CD14 Mono,0.4985532760620117,,0.07812259179548386,0.4,0.7046666741371155,0.2527666563129285
totalvi,PBMC5k_TGTTCTAGTACATACC-1,B naive,1,B naive,0.03661149740219116,,0.009707594758846638,0.0,0.24597112834453583,0.048142156698728955
totalvi,PBMC5k_TGTTCTAGTCTTCCGT-1,CD4 TCM,1,CD4 TCM,0.19336140155792236,,0.0660654119930505,0.0,0.9080922603607178,0.14063923236971088
totalvi,PBMC5k_TGTTCTAGTGACTCGC-1,CD4 TEM,0,CD4 TCM,0.24782252311706543,,0.08120334166159204,0.19999999999999996,1.2139537334442139,0.2147359789621718
totalvi,PBMC5k_TGTTCTAGTGTGTACT-1,CD4 Naive,1,CD4 Naive,0.05069547891616821,,0.008234891074931666,0.0,0.34205102920532227,0.04261251195261308
totalvi,PBMC5k_TGTTCTATCATCGCTC-1,NK,1,NK,0.00023871660232543945,,0.00011602117100846044,0.0,0.01666124165058136,0.0011628678970208195
totalvi,PBMC5k_TGTTGAGCAAGAGAGA-1,B intermediate,0,B memory,0.49227750301361084,,0.027958554766495558,0.0,0.6373729705810547,0.13653251548496934
totalvi,PBMC5k_TGTTGAGCACCAGTTA-1,CD14 Mono,1,CD14 Mono,0.001067817211151123,,0.0007125320148777866,0.0,0.03744630515575409,0.0011187385790259615
totalvi,PBMC5k_TGTTGAGGTGCGTGCT-1,CD14 Mono,1,CD14 Mono,0.0038889050483703613,,0.0011946605652843785,0.0,0.08270418643951416,0.006153723971356901
totalvi,PBMC5k_TGTTGAGTCGAAGCAG-1,CD4 TEM,1,CD4 TEM,0.13248687982559204,,0.018314321815533663,0.0,0.691662609577179,0.09964633853854697
totalvi,PBMC5k_TGTTGGAAGGTCACAG-1,CD14 Mono,1,CD14 Mono,0.004202485084533691,,0.0013639363984865038,0.0,0.048781946301460266,0.0024279099246987306
totalvi,PBMC5k_TGTTGGAGTCGAACAG-1,CD14 Mono,1,CD14 Mono,0.0019096732139587402,,0.0008208411452868443,0.0,0.08652812242507935,0.003797141756866906
totalvi,PBMC5k_TGTTTGTCAGAGTTCT-1,CD16 Mono,1,CD16 Mono,0.11200183629989624,,0.018974799916264107,0.0,0.05283283069729805,0.001145813713114602
totalvi,PBMC5k_TGTTTGTGTACTCCCT-1,Treg,1,Treg,0.3994889259338379,,0.05026096333602936,0.19999999999999996,0.8935797214508057,0.1489681676118399
totalvi,PBMC5k_TGTTTGTGTAGAATAC-1,CD14 Mono,1,CD14 Mono,0.005674421787261963,,0.0016143524359410188,0.0,0.0918475091457367,0.006417412738291852
totalvi,PBMC5k_TGTTTGTTCAGAACCT-1,NK,1,NK,0.047406911849975586,,0.010404824827707132,0.0,0.1219371035695076,0.012397032711397098
totalvi,PBMC5k_TTAATCCAGTGGTTAA-1,CD4 TCM,1,CD4 TCM,0.282387375831604,,0.0312588398814192,0.0,0.6265920996665955,0.09967388933902939
totalvi,PBMC5k_TTAATCCCAGTAGTGG-1,CD14 Mono,1,CD14 Mono,0.004022419452667236,,0.0011437603463661933,0.0,0.0745379775762558,0.0050405026876619765
totalvi,PBMC5k_TTAATCCTCAAGAAAC-1,CD14 Mono,1,CD14 Mono,0.03310656547546387,,0.006444688656208508,0.0,0.2899993062019348,0.04272534395340043
totalvi,PBMC5k_TTAATCCTCAGACTGT-1,B memory,0,B intermediate,0.33765774965286255,,0.07236636372318928,0.19999999999999996,0.8854860067367554,0.14824466054441446
totalvi,PBMC5k_TTACAGGGTCGTCGGT-1,B naive,1,B naive,0.35747087001800537,,0.11670317565659083,0.4,1.0823689699172974,0.2673027209080565
totalvi,PBMC5k_TTACAGGGTTGGGAAC-1,CD4 Naive,1,CD4 Naive,0.2311856746673584,,0.14185624307747036,0.0,1.234959602355957,0.16223167475892028
totalvi,PBMC5k_TTACCATAGCGTGTCC-1,Treg,0,CD4 TCM,0.4956309199333191,,0.04595797696196713,0.0,0.8591216802597046,0.05383347571674248
totalvi,PBMC5k_TTACCATAGTCCGTCG-1,CD14 Mono,1,CD14 Mono,0.03672057390213013,,0.030761440381139177,0.0,0.37823960185050964,0.07388951057841979
totalvi,PBMC5k_TTACCATTCGAACCAT-1,CD4 Naive,0,CD4 TCM,0.5212677419185638,,0.12305961255919884,0.4,0.9470986127853394,0.09703710102109865
totalvi,PBMC5k_TTACCATTCTACTGCC-1,CD14 Mono,1,CD14 Mono,0.0009883642196655273,,0.0013730059155098139,0.0,0.04304080083966255,0.0019995997887881016
totalvi,PBMC5k_TTACCGCAGCGCAATG-1,CD14 Mono,1,CD14 Mono,0.0793149471282959,,0.029871143500938002,0.0,0.2755495607852936,0.04218172593080165
totalvi,PBMC5k_TTACCGCAGGGCAAGG-1,gdT,1,gdT,0.6078338027000427,,0.11026102310235197,0.0,1.334528923034668,0.06223229778770506
totalvi,PBMC5k_TTACCGCTCTCTCAAT-1,CD4 Naive,0,CD4 TCM,0.35900819301605225,,0.09912741502042088,0.19999999999999996,0.9337217807769775,0.19626236720350468
totalvi,PBMC5k_TTACGCCCATCGTGCG-1,CD4 TEM,1,CD4 TEM,0.5757148861885071,,0.16718726760457714,0.19999999999999996,1.4771455526351929,0.2506742930530683
totalvi,PBMC5k_TTACGCCGTAGGCTCC-1,B naive,1,B naive,0.006651580333709717,,0.014194038363468303,0.0,0.39646708965301514,0.10985346867681516
totalvi,PBMC5k_TTACGTTAGGTTAGTA-1,CD8 TEM,1,CD8 TEM,0.25368499755859375,,0.07997165608561108,0.4,1.4394958019256592,0.21802614772882417
totalvi,PBMC5k_TTACGTTGTAGTCACT-1,B naive,1,B naive,0.03774368762969971,,0.03788065398971874,0.0,0.5252801179885864,0.10531983038169568
totalvi,PBMC5k_TTACGTTGTCTTGAAC-1,NK,1,NK,0.019674837589263916,,0.017077415819066008,0.0,0.0631789043545723,0.008325515934196347
totalvi,PBMC5k_TTACGTTGTTGCTGAT-1,ILC,0,CD4 TCM,0.318051278591156,,0.03707425824450217,0.0,0.9407827258110046,0.054838997034643094
totalvi,PBMC5k_TTACTGTAGAGTCAAT-1,CD8 TEM,1,CD8 TEM,0.17908185720443726,,0.11927897207997551,0.19999999999999996,1.033769130706787,0.2184598703369495
totalvi,PBMC5k_TTACTGTAGCTGGCCT-1,B memory,1,B memory,0.11860352754592896,,0.04687940360345377,0.0,0.5305725932121277,0.13247435932725815
totalvi,PBMC5k_TTACTGTCAATCAGCT-1,NK,1,NK,0.0035858154296875,,0.026967853624267873,0.0,0.2772572636604309,0.02930552863955939
totalvi,PBMC5k_TTACTGTCACCAATTG-1,CD14 Mono,1,CD14 Mono,0.005226790904998779,,0.004434840081056345,0.0,0.11975700408220291,0.007976504800530332
totalvi,PBMC5k_TTACTGTTCTAGACCA-1,NK_CD56bright,1,NK_CD56bright,0.502765417098999,,0.05465315056597009,0.0,0.6552874445915222,0.10792089980393257
totalvi,PBMC5k_TTAGGCACAGCGCTTG-1,cDC2,1,cDC2,0.2766542434692383,,0.05736830519743036,0.0,0.3025418817996979,0.02450729771608379
totalvi,PBMC5k_TTAGGGTAGGAGCAAA-1,CD4 Naive,1,CD4 Naive,0.35088402032852173,,0.09663980879160794,0.19999999999999996,1.1095393896102905,0.15565712022153183
totalvi,PBMC5k_TTAGGGTCAAAGACGC-1,CD14 Mono,1,CD14 Mono,0.004245758056640625,,0.0009165898400422118,0.0,0.07593836635351181,0.0028337739944906113
totalvi,PBMC5k_TTAGTCTGTTGCTAGT-1,ILC,0,CD4 TCM,0.25203895568847656,,0.02002603924854962,0.0,0.9480851292610168,0.04649651592375494
totalvi,PBMC5k_TTAGTCTGTTTGCAGT-1,CD4 Naive,0,CD4 TCM,0.5243271291255951,,0.09906572255087442,0.4,1.007696509361267,0.2096296141129099
totalvi,PBMC5k_TTATTGCAGTTCGCAT-1,cDC2,1,cDC2,0.0010766386985778809,,0.00028500194333660675,0.0,0.006313899531960487,0.0008474858498088827
totalvi,PBMC5k_TTATTGCGTGAGCAGT-1,CD16 Mono,0,CD14 Mono,0.4331931471824646,,0.11204869329206091,0.0,0.6124708652496338,0.07380753376261649
totalvi,PBMC5k_TTATTGCTCTGCTCTG-1,Eryth,1,Eryth,0.14171749353408813,,0.03759946994462915,0.19999999999999996,0.6212980151176453,0.16789106160880568
totalvi,PBMC5k_TTCAATCAGATACTGA-1,Eryth,0,CD14 Mono,0.3174842596054077,,0.06718100200181254,0.19999999999999996,0.6116790175437927,0.13927755024301158
totalvi,PBMC5k_TTCAATCTCAGCGCAC-1,CD14 Mono,1,CD14 Mono,0.0028108954429626465,,0.0025802225406173496,0.0,0.08778247982263565,0.006606926901805098
totalvi,PBMC5k_TTCAATCTCGACGATT-1,MAIT,1,MAIT,0.1792600154876709,,0.024103366634113277,0.0,0.31572413444519043,0.07640506697980237
totalvi,PBMC5k_TTCAATCTCTGACAGT-1,CD4 Naive,1,CD4 Naive,0.41252899169921875,,0.013721573768404882,0.19999999999999996,1.0085612535476685,0.15960740694377665
totalvi,PBMC5k_TTCACCGCATGTGACT-1,ILC,0,CD4 TEM,0.3552878499031067,,0.06291866787148548,0.4,1.010124921798706,0.05544347484654056
totalvi,PBMC5k_TTCACCGTCCGAAGGA-1,CD8 TEM,1,CD8 TEM,0.03247934579849243,,0.014872831187517893,0.0,1.2430874109268188,0.18214413495488382
totalvi,PBMC5k_TTCACCGTCGGCATCG-1,CD4 Naive,1,CD4 Naive,0.04939514398574829,,0.05926106132281972,0.0,0.5913676023483276,0.14453462411693258
totalvi,PBMC5k_TTCACGCCAAGCTGCC-1,CD14 Mono,1,CD14 Mono,0.008520126342773438,,0.0009032671832310199,0.0,0.08226971328258514,0.006569613339606443
totalvi,PBMC5k_TTCACGCCACAAGTGG-1,CD4 Naive,1,CD4 Naive,0.11044073104858398,,0.05890552080998579,0.0,0.8659967184066772,0.052431660070023554
totalvi,PBMC5k_TTCAGGAGTATGAGAT-1,CD4 Naive,1,CD4 Naive,0.24762749671936035,,0.029007674023087793,0.0,0.5317835211753845,0.06915908556283507
totalvi,PBMC5k_TTCAGGAGTGGGACAT-1,CD14 Mono,1,CD14 Mono,0.043876469135284424,,0.004948246738178647,0.0,0.19671234488487244,0.02713361987457179
totalvi,PBMC5k_TTCAGGAGTTAATCGC-1,CD14 Mono,1,CD14 Mono,0.0041495561599731445,,0.0011420907227756016,0.0,0.17556437849998474,0.024766022823979342
totalvi,PBMC5k_TTCAGGATCGCATTGA-1,NK,1,NK,0.006533682346343994,,0.010265986955174833,0.0,0.26681971549987793,0.04611004702145377
totalvi,PBMC5k_TTCATGTTCGATGCAT-1,CD14 Mono,1,CD14 Mono,0.04590308666229248,,0.006841756285948047,0.0,0.27245014905929565,0.06031617460815749
totalvi,PBMC5k_TTCATTGAGACCTGGA-1,NK,1,NK,0.006322801113128662,,0.007625150032301756,0.0,0.1260812133550644,0.013320926872176394
totalvi,PBMC5k_TTCATTGGTTGCTAGT-1,CD4 Naive,1,CD4 Naive,0.20911931991577148,,0.05832053711637819,0.0,0.820310652256012,0.13636361007369363
totalvi,PBMC5k_TTCATTGTCGACATCA-1,CD14 Mono,1,CD14 Mono,0.018923521041870117,,0.003233940981546987,0.0,0.07435575872659683,0.007547293936160431
totalvi,PBMC5k_TTCATTGTCTAGTGAC-1,CD4 Naive,1,CD4 Naive,0.16605281829833984,,0.04368585096242239,0.0,0.7720553278923035,0.10254532553096783
totalvi,PBMC5k_TTCCAATCAGCATTGT-1,CD8 Naive,1,CD8 Naive,0.2557862401008606,,0.08473080687495327,0.19999999999999996,1.0571553707122803,0.31231045686971926
totalvi,PBMC5k_TTCCAATGTCCTTGTC-1,CD14 Mono,1,CD14 Mono,0.004615485668182373,,0.005512238485419985,0.0,0.1083308532834053,0.004116401191750436
totalvi,PBMC5k_TTCCACGGTAGTTCCA-1,B intermediate,1,B intermediate,0.423603892326355,,0.036432075402000885,0.19999999999999996,0.8114420175552368,0.20615559430346128
totalvi,PBMC5k_TTCCACGGTCTGATAC-1,CD4 TEM,1,CD4 TEM,0.15031790733337402,,0.04317800403922967,0.0,0.5832792520523071,0.056711605126256275
totalvi,PBMC5k_TTCCACGGTGCCTGAC-1,CD4 TCM,1,CD4 TCM,0.4635038375854492,,0.07764468142459813,0.19999999999999996,1.0748319625854492,0.17135475628436048
totalvi,PBMC5k_TTCCGGTAGTATAACG-1,CD8 TEM,1,CD8 TEM,0.239734947681427,,0.1352319349636073,0.19999999999999996,1.2381083965301514,0.2572585071308978
totalvi,PBMC5k_TTCCGGTCAGGTTACT-1,Eryth,1,Eryth,0.12615615129470825,,0.05549434485827032,0.19999999999999996,0.7032579183578491,0.2653634388227351
totalvi,PBMC5k_TTCCGGTTCCACCCTA-1,Eryth,0,CD14 Mono,0.030316472053527832,,0.010206187576531273,0.0,0.21864505112171173,0.04215669102774031
totalvi,PBMC5k_TTCCGTGCAATGGGTG-1,CD4 Naive,1,CD4 Naive,0.34080982208251953,,0.08418722917515087,0.4,1.0274991989135742,0.19505299800755865
totalvi,PBMC5k_TTCCTCTAGGCCCGTT-1,CD14 Mono,1,CD14 Mono,0.022206246852874756,,0.01632848426376246,0.0,0.3624834418296814,0.040392592402133685
totalvi,PBMC5k_TTCCTCTCAGGCCCTA-1,CD4 TCM,1,CD4 TCM,0.07469475269317627,,0.00623929717067212,0.0,0.4358724355697632,0.11853877390658582
totalvi,PBMC5k_TTCCTCTCAGGCGATA-1,NK,1,NK,6.961822509765625e-05,,0.0001071206403582283,0.0,0.0055902451276779175,0.0002801535015515759
totalvi,PBMC5k_TTCCTCTCAGTAGTGG-1,CD14 Mono,1,CD14 Mono,0.05419272184371948,,0.0070800471459307734,0.0,0.4540354907512665,0.07621541483476442
totalvi,PBMC5k_TTCCTCTCATGGCTGC-1,CD8 TEM,1,CD8 TEM,0.018292725086212158,,0.028559973794123616,0.0,0.7284446954727173,0.13742542218990145
totalvi,PBMC5k_TTCCTCTGTCAGACTT-1,cDC2,1,cDC2,0.07222330570220947,,0.007793956532878288,0.0,0.15012194216251373,0.022993294841216323
totalvi,PBMC5k_TTCCTCTGTGACGTCC-1,MAIT,1,MAIT,0.027242064476013184,,0.08859286368626912,0.0,0.22605760395526886,0.04411176794424403
totalvi,PBMC5k_TTCCTCTTCAGTGTTG-1,CD14 Mono,1,CD14 Mono,0.010715782642364502,,0.024742227808487283,0.0,0.595678985118866,0.053039654011175566
totalvi,PBMC5k_TTCCTTCCACGGCTAC-1,CD4 TCM,1,CD4 TCM,0.528706431388855,,0.09843037278503941,0.4,1.0847604274749756,0.18567085410116788
totalvi,PBMC5k_TTCCTTCCATACCAGT-1,CD16 Mono,1,CD16 Mono,0.08964866399765015,,0.02270117838072594,0.0,0.08311408013105392,0.009359763768168614
totalvi,PBMC5k_TTCCTTCGTACCAGAG-1,CD4 TEM,1,CD4 TEM,0.07361036539077759,,0.011959062621184402,0.0,0.5437766313552856,0.03873927964634081
totalvi,PBMC5k_TTCCTTCTCTGCACCT-1,CD14 Mono,1,CD14 Mono,0.01502138376235962,,0.002024357909742633,0.0,0.05439040809869766,0.0051248922579464
totalvi,PBMC5k_TTCGATTAGCCTATCA-1,CD14 Mono,1,CD14 Mono,0.00542837381362915,,0.0018240477029537877,0.0,0.19142864644527435,0.01949395999163756
totalvi,PBMC5k_TTCGATTAGCTAGAGC-1,CD16 Mono,1,CD16 Mono,0.004109382629394531,,0.0006380846949088134,0.0,0.003927437122911215,0.0002648124275585074
totalvi,PBMC5k_TTCGATTAGGGTCACA-1,CD4 TCM,0,CD4 TEM,0.44778603315353394,,0.06786891879282653,0.4,1.162262201309204,0.14480061681668738
totalvi,PBMC5k_TTCGATTCATCTGCGG-1,CD14 Mono,1,CD14 Mono,0.001512765884399414,,0.0002919259299781658,0.0,0.036887023597955704,0.0014228116241055825
totalvi,PBMC5k_TTCGATTGTTAATGAG-1,B intermediate,1,B intermediate,0.394364595413208,,0.14531563788958868,0.6,1.147316813468933,0.15200205081187151
totalvi,PBMC5k_TTCGCTGAGAATCTAG-1,NK_CD56bright,0,NK,0.2567269206047058,,0.21787627190004732,0.6,1.418526291847229,0.2772944756692818
totalvi,PBMC5k_TTCGCTGTCCTTGGAA-1,CD14 Mono,1,CD14 Mono,0.0011855363845825195,,0.0005849180655822482,0.0,0.032669197767972946,0.0024348673433486866
totalvi,PBMC5k_TTCGGTCCAGCGTGAA-1,CD16 Mono,0,CD14 Mono,0.4987040162086487,,0.06386647987485017,0.0,0.6793498992919922,0.06541322380304537
totalvi,PBMC5k_TTCGGTCCATATGCGT-1,CD14 Mono,1,CD14 Mono,0.004157125949859619,,0.0018970767089847435,0.0,0.07293158024549484,0.0059429650675836745
totalvi,PBMC5k_TTCGGTCTCCTACGAA-1,NK,1,NK,0.0011073946952819824,,0.00036607362783795845,0.0,0.038571543991565704,0.0028540015968280025
totalvi,PBMC5k_TTCTAACTCTTGGATG-1,NK,1,NK,0.00021785497665405273,,5.4404863032433796e-05,0.0,0.04094941169023514,0.005506892867403391
totalvi,PBMC5k_TTCTAGTAGCCTGGAA-1,CD4 Naive,1,CD4 Naive,0.3371315598487854,,0.03062149743673581,0.19999999999999996,1.2662667036056519,0.18601551998229382
totalvi,PBMC5k_TTCTAGTAGTGACACG-1,CD14 Mono,1,CD14 Mono,0.19045764207839966,,0.03523666079629967,0.19999999999999996,0.5563690662384033,0.18603521556992728
totalvi,PBMC5k_TTCTAGTCACCATTCC-1,CD4 TEM,0,CD8 TEM,0.3038429617881775,,0.32380189049963204,0.4,1.7771077156066895,0.2609413190395065
totalvi,PBMC5k_TTCTAGTGTATTGAGA-1,B memory,1,B memory,0.1105194091796875,,0.12483003010939941,0.19999999999999996,0.9590815305709839,0.21879738674861268
totalvi,PBMC5k_TTCTAGTTCGGCATAT-1,CD14 Mono,1,CD14 Mono,0.0064147114753723145,,0.0015940247537403578,0.0,0.05942442640662193,0.00541609597939206
totalvi,PBMC5k_TTCTCTCGTAAGGCTG-1,CD4 TEM,1,CD4 TEM,0.3164204955101013,,0.04536107345454832,0.19999999999999996,1.024630069732666,0.14687665378321363
totalvi,PBMC5k_TTCTCTCTCAGGTGTT-1,Treg,1,Treg,0.4756982922554016,,0.04044488866819518,0.4,1.3795826435089111,0.17428630005967907
totalvi,PBMC5k_TTCTCTCTCCTAGCCT-1,B intermediate,1,B intermediate,0.1787407398223877,,0.11834726260967676,0.19999999999999996,0.8921303749084473,0.24410175056720906
totalvi,PBMC5k_TTCTCTCTCTGGCCTT-1,CD4 TEM,1,CD4 TEM,0.4917077422142029,,0.04706760309392899,0.4,0.9345101118087769,0.20589777452835836
totalvi,PBMC5k_TTCTGTACAATAACGA-1,CD14 Mono,1,CD14 Mono,0.0015131235122680664,,0.001557123171349515,0.0,0.04586592689156532,0.0023754265222936362
totalvi,PBMC5k_TTCTGTACAGGTATGG-1,B memory,1,B memory,0.05455845594406128,,0.05170424613534058,0.0,0.44808802008628845,0.13315890419618043
totalvi,PBMC5k_TTCTGTATCCTCATAT-1,NK,1,NK,0.0013908743858337402,,0.001296421245001584,0.0,0.023359067738056183,0.002532476013912746
totalvi,PBMC5k_TTCTTCCCATAGGAGC-1,CD16 Mono,1,CD16 Mono,0.01703113317489624,,0.0022954133187821704,0.0,0.005825561936944723,0.0004663609749234529
totalvi,PBMC5k_TTCTTCCTCATCGCAA-1,CD14 Mono,1,CD14 Mono,0.0012346506118774414,,0.0007498597589162305,0.0,0.05621103197336197,0.001964571181213439
totalvi,PBMC5k_TTCTTGAAGAGCCTGA-1,CD14 Mono,1,CD14 Mono,0.008249938488006592,,0.0017330227460030032,0.0,0.06564784795045853,0.003736458937090286
totalvi,PBMC5k_TTCTTGAAGCTAAACA-1,CD4 Naive,1,CD4 Naive,0.2952879071235657,,0.15965910008828155,0.19999999999999996,1.0321736335754395,0.1921573256358181
totalvi,PBMC5k_TTCTTGAGTACAGAGC-1,Eryth,1,Eryth,0.26995062828063965,,0.05302166661240304,0.4,0.6864210963249207,0.1605871236282026
totalvi,PBMC5k_TTCTTGATCGATCCCT-1,gdT,0,MAIT,0.223796546459198,,0.10815154106724867,0.19999999999999996,1.2884048223495483,0.10579957134508089
totalvi,PBMC5k_TTGAACGAGCCATTCA-1,CD4 Naive,0,CD4 TCM,0.3700024485588074,,0.1310475553479291,0.19999999999999996,1.1712652444839478,0.2285244509016112
totalvi,PBMC5k_TTGACCCAGACTACGG-1,NK,1,NK,0.11737096309661865,,0.028701440646041465,0.0,0.3572006821632385,0.09208297324787129
totalvi,PBMC5k_TTGACCCAGGCAGCTA-1,CD4 TEM,1,CD4 TEM,0.06148695945739746,,0.008658157490776697,0.0,0.7114619016647339,0.06192049762561615
totalvi,PBMC5k_TTGACCCTCCGTGTGG-1,CD14 Mono,1,CD14 Mono,0.005447089672088623,,0.0014514409221564814,0.0,0.12301942706108093,0.0080141720303204
totalvi,PBMC5k_TTGACCCTCGTACACA-1,CD14 Mono,1,CD14 Mono,0.0433882474899292,,0.039111433026361164,0.19999999999999996,0.7328088283538818,0.0946288001278213
totalvi,PBMC5k_TTGAGTGCAGGACAGT-1,CD14 Mono,1,CD14 Mono,0.017863810062408447,,0.005564778186853227,0.0,0.06810662895441055,0.00564096443867015
totalvi,PBMC5k_TTGAGTGTCCGTAGTA-1,CD4 Naive,1,CD4 Naive,0.17097485065460205,,0.08552856965525124,0.0,0.7184330224990845,0.16086104533498458
totalvi,PBMC5k_TTGATGGCAGACAATA-1,B naive,1,B naive,0.12226778268814087,,0.13302251895751083,0.19999999999999996,0.9673898220062256,0.2136985736938171
totalvi,PBMC5k_TTGATGGTCGCTGTCT-1,CD14 Mono,1,CD14 Mono,0.006714463233947754,,0.00043131451528780756,0.0,0.08408824354410172,0.008791694428632932
totalvi,PBMC5k_TTGCATTTCAAGGACG-1,NK,1,NK,0.0378267765045166,,0.017613868776895525,0.0,0.36628565192222595,0.0742587420238513
totalvi,PBMC5k_TTGCCTGAGTTAACGA-1,CD16 Mono,1,CD16 Mono,0.24902033805847168,,0.0647196373640444,0.0,0.1424984186887741,0.022198784358848395
totalvi,PBMC5k_TTGCCTGCAGACCATT-1,ILC,0,CD4 TCM,0.4648361802101135,,0.05025471835064177,0.19999999999999996,0.7820713520050049,0.01603202560284435
totalvi,PBMC5k_TTGCCTGTCCATTGGA-1,ILC,0,CD4 TCM,0.5242548286914825,,0.10808572071537248,0.4,1.5541110038757324,0.06780254162844272
totalvi,PBMC5k_TTGCGTCCACGACAGA-1,CD14 Mono,1,CD14 Mono,0.008447885513305664,,0.005668809535434888,0.0,0.3702903389930725,0.06389258943844435
totalvi,PBMC5k_TTGCGTCTCAGCGCAC-1,CD14 Mono,1,CD14 Mono,0.0019785165786743164,,0.0005926160978237428,0.0,0.04132785275578499,0.002160208218804664
totalvi,PBMC5k_TTGCTGCAGTCTGCGC-1,NK,1,NK,0.01579761505126953,,0.006225805061653253,0.0,0.10448577255010605,0.008991158498201972
totalvi,PBMC5k_TTGCTGCGTAGGCAAC-1,CD14 Mono,1,CD14 Mono,0.15373879671096802,,0.01742372542702364,0.0,0.2323427051305771,0.03736286376056283
totalvi,PBMC5k_TTGCTGCTCATACGGT-1,NK,1,NK,0.0007928013801574707,,0.00011408067081637892,0.0,0.01927849091589451,0.0023645963891440356
totalvi,PBMC5k_TTGGATGAGGGTGAAA-1,B memory,0,B intermediate,0.39050477743148804,,0.03088860809743965,0.4,0.744384765625,0.13166407637733762
totalvi,PBMC5k_TTGGATGCACCCTGAG-1,CD4 Naive,1,CD4 Naive,0.42386841773986816,,0.06452620335408499,0.4,1.131929636001587,0.1761554778994997
totalvi,PBMC5k_TTGGATGCATTCACCC-1,CD14 Mono,1,CD14 Mono,0.004805147647857666,,0.018972827058978944,0.0,0.14178895950317383,0.01164261227675177
totalvi,PBMC5k_TTGGATGTCGGAGCAA-1,cDC2,1,cDC2,0.0018252134323120117,,0.0006263527722449227,0.0,0.007101922295987606,0.00036288555303336787
totalvi,PBMC5k_TTGGGATAGTTGTACC-1,Eryth,0,CD14 Mono,0.19347405433654785,,0.033139965631406754,0.19999999999999996,0.646109402179718,0.16491193817633315
totalvi,PBMC5k_TTGGGATCACAGAAGC-1,CD8 TCM,0,CD4 TEM,0.26499342918395996,,0.10687028726047143,0.19999999999999996,1.2665414810180664,0.06243754800780076
totalvi,PBMC5k_TTGGGATCAGAACCGA-1,Eryth,1,Eryth,0.03962749242782593,,0.01974870132952411,0.0,0.4291950464248657,0.14840704763704218
totalvi,PBMC5k_TTGGGATCATCATTTC-1,CD8 Naive,1,CD8 Naive,0.1719077229499817,,0.060523464172417274,0.19999999999999996,1.1963045597076416,0.20216959047372385
totalvi,PBMC5k_TTGGGATGTTTCCAAG-1,gdT,0,CD8 TCM,0.7073335945606232,,0.1565398750365481,0.4,2.250584840774536,0.08660448168282664
totalvi,PBMC5k_TTGGGATTCATCTCTA-1,CD8 TCM,1,CD8 TCM,0.5687882602214813,,0.1559553007753669,0.19999999999999996,1.4105565547943115,0.1833869702357715
totalvi,PBMC5k_TTGGGATTCTTGCAGA-1,CD8 TEM,1,CD8 TEM,0.12035542726516724,,0.06574055922934818,0.19999999999999996,1.1427199840545654,0.28931985605011856
totalvi,PBMC5k_TTGGGCGAGTTTCTTC-1,CD8 TEM,1,CD8 TEM,0.0970999002456665,,0.09993073426882626,0.19999999999999996,1.4680290222167969,0.1910104552610314
totalvi,PBMC5k_TTGGGCGCAAAGTATG-1,CD14 Mono,1,CD14 Mono,0.005143284797668457,,0.00175800731722979,0.0,0.1049022302031517,0.013873703389841577
totalvi,PBMC5k_TTGGGTACAATCGTCA-1,NK,1,NK,0.0044890642166137695,,0.005256174597021768,0.0,0.3801725506782532,0.1312992309943174
totalvi,PBMC5k_TTGGGTAGTAACGTTC-1,CD14 Mono,1,CD14 Mono,0.44469523429870605,,0.06408789266172843,0.0,0.33295294642448425,0.09270135551287534
totalvi,PBMC5k_TTGGGTAGTTGTTTGG-1,CD4 TCM,1,CD4 TCM,0.6563058495521545,,0.12072569370680952,0.0,1.7299822568893433,0.09018061137334168
totalvi,PBMC5k_TTGGGTATCTCCCTAG-1,CD4 Naive,1,CD4 Naive,0.30640488862991333,,0.028224039517411148,0.0,0.6479047536849976,0.11204797292951309
totalvi,PBMC5k_TTGGTTTCAGACAAGC-1,CD4 Naive,1,CD4 Naive,0.43479305505752563,,0.048754094941374504,0.0,0.7300443649291992,0.10443226610648462
totalvi,PBMC5k_TTGGTTTGTACCCAGC-1,NK,1,NK,0.0010014176368713379,,0.00022066232326074624,0.0,0.011245832778513432,0.000823776525505009
totalvi,PBMC5k_TTGGTTTTCCTACACC-1,CD8 TCM,0,CD8 Naive,0.19115275144577026,,0.15060117788488658,0.19999999999999996,1.4344453811645508,0.1300552079126204
totalvi,PBMC5k_TTGGTTTTCCTTCTAA-1,CD16 Mono,1,CD16 Mono,0.027148902416229248,,0.010570427227281604,0.0,0.01431427150964737,0.000522134008738205
totalvi,PBMC5k_TTGGTTTTCTCGTCGT-1,CD14 Mono,1,CD14 Mono,0.002566516399383545,,0.00410298111708441,0.0,0.12811748683452606,0.008082489796582229
totalvi,PBMC5k_TTGGTTTTCTTCCCGA-1,CD14 Mono,1,CD14 Mono,0.005362093448638916,,0.003911178789148345,0.0,0.07747999578714371,0.010274022962553721
totalvi,PBMC5k_TTGTGGAAGTCTTGGT-1,NK,1,NK,0.004738450050354004,,0.015585044062657136,0.0,0.07749904692173004,0.007674992404465288
totalvi,PBMC5k_TTGTGGAGTATCAGGG-1,B intermediate,1,B intermediate,0.4640682339668274,,0.12918783674226753,0.19999999999999996,1.0747778415679932,0.15128145821015318
totalvi,PBMC5k_TTGTGGAGTGACCTGC-1,CD14 Mono,1,CD14 Mono,0.006110548973083496,,0.0006676125184065691,0.0,0.0544176921248436,0.004745940257248097
totalvi,PBMC5k_TTGTGGATCATGAGAA-1,CD16 Mono,1,CD16 Mono,0.018499374389648438,,0.00464174055731649,0.0,0.024060288444161415,0.0013467030273149503
totalvi,PBMC5k_TTGTGTTCACAGCGCT-1,CD14 Mono,1,CD14 Mono,0.006267368793487549,,0.004088628915332411,0.0,0.12783929705619812,0.019659043203595114
totalvi,PBMC5k_TTGTGTTCAGACTCTA-1,CD4 TEM,1,CD4 TEM,0.10770654678344727,,0.01524699863474055,0.0,0.6993958950042725,0.052750381015168116
totalvi,PBMC5k_TTGTGTTGTTTGGCTA-1,cDC2,1,cDC2,0.0004680156707763672,,0.00010177461793695313,0.0,0.009221458807587624,0.0006561527799354136
totalvi,PBMC5k_TTGTTCACAACACTAC-1,CD4 Naive,1,CD4 Naive,0.26955628395080566,,0.03035157695783608,0.0,1.2575113773345947,0.03414151384779485
totalvi,PBMC5k_TTGTTCACAGAGGGTT-1,CD14 Mono,1,CD14 Mono,0.004119277000427246,,0.0014218357318557043,0.0,0.07090318202972412,0.004276987821887655
totalvi,PBMC5k_TTGTTGTCATAGATGA-1,CD14 Mono,1,CD14 Mono,0.004986107349395752,,0.0008815831098047677,0.0,0.07611649483442307,0.0012314734681576171
totalvi,PBMC5k_TTGTTGTGTACCACGC-1,CD14 Mono,1,CD14 Mono,0.0280112624168396,,0.022262937786899695,0.0,0.3062169551849365,0.04385408694796684
totalvi,PBMC5k_TTGTTGTGTCATGGCC-1,CD4 Naive,1,CD4 Naive,0.1728392243385315,,0.035809931418569696,0.0,0.6257167458534241,0.07320109607800902
totalvi,PBMC5k_TTGTTGTTCATCCCGT-1,CD4 Naive,1,CD4 Naive,0.5406062602996826,,0.07717825282652657,0.19999999999999996,1.4058481454849243,0.16026851456041344
totalvi,PBMC5k_TTGTTTGAGGTGCATG-1,NK,1,NK,0.0135880708694458,,0.12139502887544745,0.0,0.2361888289451599,0.038431216644766654
totalvi,PBMC5k_TTTACCAGTGAGTTGG-1,NK,1,NK,1.0371208190917969e-05,,5.370867983466363e-06,0.0,0.006232456769794226,0.0007841135819865907
totalvi,PBMC5k_TTTACCATCAGCTTGA-1,CD14 Mono,1,CD14 Mono,0.005128085613250732,,0.0023028157061534063,0.0,0.16820137202739716,0.011429801421114685
totalvi,PBMC5k_TTTACCATCTTTCCAA-1,Eryth,1,Eryth,0.35523897409439087,,0.04267140576133055,0.4,0.7158935070037842,0.31393626531548785
totalvi,PBMC5k_TTTACGTTCATTTCCA-1,CD4 Naive,1,CD4 Naive,0.21300119161605835,,0.07909353999500102,0.0,0.5536311268806458,0.05671943061613241
totalvi,PBMC5k_TTTACTGAGACTCTAC-1,CD14 Mono,1,CD14 Mono,0.0014214515686035156,,0.0006989156080327609,0.0,0.09015701711177826,0.0076695662297478
totalvi,PBMC5k_TTTACTGAGGTTGAGC-1,Eryth,1,Eryth,0.07466965913772583,,0.0073223436473855985,0.19999999999999996,0.8981138467788696,0.249620329523899
totalvi,PBMC5k_TTTACTGGTAGTTCCA-1,CD14 Mono,1,CD14 Mono,0.004630148410797119,,0.0006358648221308841,0.0,0.07029467821121216,0.007689206363655154
totalvi,PBMC5k_TTTACTGTCGAGTACT-1,CD14 Mono,1,CD14 Mono,0.008822143077850342,,0.0021533247029080216,0.0,0.14173264801502228,0.009185817927481832
totalvi,PBMC5k_TTTAGTCCAACGTATC-1,B naive,1,B naive,0.17099148035049438,,0.06320859031470727,0.19999999999999996,0.8271875381469727,0.18669692483747308
totalvi,PBMC5k_TTTAGTCCACTGGATT-1,CD14 Mono,1,CD14 Mono,0.002459883689880371,,0.0030457983538691447,0.0,0.17111770808696747,0.014711379225175137
totalvi,PBMC5k_TTTAGTCGTATGCTAC-1,CD14 Mono,1,CD14 Mono,0.006130814552307129,,0.0011887138287082696,0.0,0.06281407177448273,0.0014745458220128895
totalvi,PBMC5k_TTTAGTCGTATTTCGG-1,CD14 Mono,1,CD14 Mono,0.0007399916648864746,,0.00061267476279072,0.0,0.0556967630982399,0.002089241155643626
totalvi,PBMC5k_TTTAGTCGTGTGCTTA-1,CD4 Naive,1,CD4 Naive,0.18422317504882812,,0.031949398607416635,0.0,0.6964441537857056,0.10674303955355054
totalvi,PBMC5k_TTTATGCGTACCATAC-1,CD4 TCM,0,CD4 TEM,0.37049180269241333,,0.07517603053983324,0.0,1.3346248865127563,0.14335244763278063
totalvi,PBMC5k_TTTATGCGTTAGGGTG-1,CD14 Mono,1,CD14 Mono,0.007451832294464111,,0.0010373526011481574,0.0,0.06133975833654404,0.004316359447906798
totalvi,PBMC5k_TTTCACACATTGAGGG-1,CD14 Mono,1,CD14 Mono,0.012547314167022705,,0.017175903192044206,0.0,0.47279825806617737,0.10234389484042095
totalvi,PBMC5k_TTTCACATCGACGACC-1,CD14 Mono,1,CD14 Mono,0.019473493099212646,,0.044678488763157775,0.0,0.19270509481430054,0.03131893871870952
totalvi,PBMC5k_TTTCAGTTCATGAGTC-1,CD14 Mono,1,CD14 Mono,0.001154184341430664,,0.0005814478756912666,0.0,0.06596540659666061,0.006996290443049725
totalvi,PBMC5k_TTTCATGGTAATCAGA-1,CD4 Naive,1,CD4 Naive,0.21669161319732666,,0.06374272094478939,0.0,0.3948073983192444,0.04417579929665047
totalvi,PBMC5k_TTTCATGGTACTCAAC-1,CD4 TCM,1,CD4 TCM,0.1074594259262085,,0.00903468846020239,0.0,0.48428040742874146,0.07666835247071711
totalvi,PBMC5k_TTTCATGGTGCATCTA-1,CD8 TEM,1,CD8 TEM,0.2226771116256714,,0.10515571606168983,0.19999999999999996,1.2855291366577148,0.26387033986128333
totalvi,PBMC5k_TTTCCTCAGCGGCTCT-1,CD4 Naive,1,CD4 Naive,0.26880699396133423,,0.13715676197937887,0.0,1.188645839691162,0.11727281009542169
totalvi,PBMC5k_TTTCCTCCACGCTATA-1,Eryth,1,Eryth,0.20116013288497925,,0.05221495854329289,0.4,1.298797845840454,0.2758547845653768
totalvi,PBMC5k_TTTCCTCGTTGCGTAT-1,cDC2,1,cDC2,0.0013816356658935547,,0.0006435251071241575,0.0,0.009501053020358086,0.0007519134340232423
totalvi,PBMC5k_TTTCGATAGGCCTAGA-1,CD4 TEM,1,CD4 TEM,0.07945913076400757,,0.019969738286889582,0.0,0.5966818928718567,0.00832214022359495
totalvi,PBMC5k_TTTCGATAGTTCCATG-1,ILC,0,CD4 TEM,0.16199904680252075,,0.12748197117568183,0.19999999999999996,1.2320280075073242,0.04979383913861467
totalvi,PBMC5k_TTTCGATCACAAATAG-1,CD4 TCM,1,CD4 TCM,0.21777242422103882,,0.03757066945338572,0.19999999999999996,1.0640389919281006,0.23656090981817549
totalvi,PBMC5k_TTTCGATCACAATGTC-1,CD8 TEM,1,CD8 TEM,0.29271942377090454,,0.15926682270829184,0.4,1.535778522491455,0.24166015694644544
totalvi,PBMC5k_TTTCGATGTGTTATCG-1,CD14 Mono,1,CD14 Mono,0.014715909957885742,,0.005448997680746789,0.0,0.09223005920648575,0.005358178230638469
totalvi,PBMC5k_TTTGACTCAGAGATTA-1,MAIT,1,MAIT,0.0457194447517395,,0.006416566024501413,0.0,0.14529937505722046,0.015597638745797577
totalvi,PBMC5k_TTTGACTCAGCGCGTT-1,CD4 TEM,1,CD4 TEM,0.12844836711883545,,0.02669642034610542,0.0,1.0026829242706299,0.04421694374360905
totalvi,PBMC5k_TTTGACTGTGACTAAA-1,CD4 TEM,1,CD4 TEM,0.32433849573135376,,0.05829304920334244,0.19999999999999996,0.7503767013549805,0.2166526630508824
totalvi,PBMC5k_TTTGATCAGTTCATCG-1,ILC,0,CD4 TEM,0.4264683127403259,,0.06614948235579876,0.19999999999999996,0.9339489936828613,0.11210669931324355
totalvi,PBMC5k_TTTGATCCATAGGTTC-1,B memory,1,B memory,0.009646832942962646,,0.020046607794179494,0.19999999999999996,0.8230109810829163,0.26954659615590243
totalvi,PBMC5k_TTTGATCTCAACACGT-1,NK,1,NK,0.0038265585899353027,,0.0007236186801305514,0.0,0.01793758198618889,0.0012268195396065188
totalvi,PBMC5k_TTTGGAGAGTAAAGCT-1,Eryth,0,CD14 Mono,0.030861496925354004,,0.024071157180584446,0.0,0.502228856086731,0.08450527045386237
totalvi,PBMC5k_TTTGGAGAGTACCCTA-1,Eryth,1,Eryth,0.44622325897216797,,0.03604340990877919,0.4,0.7135912179946899,0.10358842490120207
totalvi,PBMC5k_TTTGGAGCAAACTCTG-1,CD8 TEM,0,NK,0.17573696374893188,,0.03982053381121198,0.0,0.8577864766120911,0.12896387987987515
totalvi,PBMC5k_TTTGGAGCACTCATAG-1,CD4 TEM,1,CD4 TEM,0.22197061777114868,,0.11504091410666939,0.4,0.9033672213554382,0.21520521088745548
totalvi,PBMC5k_TTTGGAGCAGCGGTTC-1,CD4 TCM,0,CD4 Naive,0.407037615776062,,0.03393799383627705,0.4,1.0609393119812012,0.2065338781245722
totalvi,PBMC5k_TTTGGTTCAAAGCGTG-1,CD14 Mono,1,CD14 Mono,0.12449568510055542,,0.032731923450113276,0.4,0.6521573066711426,0.22805132056234537
totalvi,PBMC5k_TTTGGTTGTACCTGTA-1,CD4 Naive,1,CD4 Naive,0.042265355587005615,,0.046192333003056696,0.0,0.769670844078064,0.15091795417983145
totalvi,PBMC5k_TTTGGTTGTACGAGTG-1,CD4 Naive,1,CD4 Naive,0.1797359585762024,,0.024858218809062138,0.0,0.5572606325149536,0.06847028876999818
totalvi,PBMC5k_TTTGTTGAGTTAACAG-1,CD14 Mono,1,CD14 Mono,0.020951151847839355,,0.003202479066504657,0.0,0.36397820711135864,0.04823616723715839
totalvi,PBMC5k_TTTGTTGCAGCACAAG-1,CD8 TEM,1,CD8 TEM,0.055062830448150635,,0.03500890795115241,0.0,0.5530934929847717,0.029564100025558357
totalvi,PBMC5k_TTTGTTGCAGTCTTCC-1,CD4 TEM,1,CD4 TEM,0.07217252254486084,,0.062479472828161964,0.0,0.5875446200370789,0.11397075454322159
totalvi,PBMC5k_TTTGTTGCATTGCCGG-1,CD14 Mono,1,CD14 Mono,0.0028131604194641113,,0.0005082053206605618,0.0,0.05022669956088066,0.0007874026099551431
